number,value,datetime_start,datetime_complete,duration,params_hidden,params_lambda_bc,params_lambda_ic,params_lambda_phys,params_lr,params_n_layers,params_scheduler_gamma,params_scheduler_step,state
0,0.0021465809550136328,2026-05-21 11:40:55.255174,2026-05-21 11:42:03.837064,0 days 00:01:08.581890,48,20.513382630874496,157.51320499779712,15.702970884055382,0.00020511104188433984,10,0.33485016730091965,5000,COMPLETE
1,0.05456101521849632,2026-05-21 11:42:03.861849,2026-05-21 11:42:26.173958,0 days 00:00:22.312109,80,462.25890010208275,870.6020878304851,0.115279871282324,0.00026587543983272726,8,0.4090949803242604,1000,COMPLETE
2,0.016639288514852524,2026-05-21 11:42:26.185762,2026-05-21 11:42:55.020039,0 days 00:00:28.834277,48,167.38085788752124,38.23475224675185,1.976218934028007,0.00019010245319870352,6,0.47528678912113087,2000,COMPLETE
3,0.02464325726032257,2026-05-21 11:42:55.035014,2026-05-21 11:43:27.908060,0 days 00:00:32.873046,64,153.04852121831465,106.77482709481349,0.3972110727381912,0.0001238513729886094,9,0.664526911140863,1000,COMPLETE
4,0.002660436788573861,2026-05-21 11:43:27.921954,2026-05-21 11:46:50.508266,0 days 00:03:22.586312,16,40.66563313514794,413.8040112561011,78.86714129990483,0.0001567993391672301,10,0.7105398159072942,3000,COMPLETE
5,0.053233128041028976,2026-05-21 11:46:50.528476,2026-05-21 11:46:50.928716,0 days 00:00:00.400240,16,32.927591344236156,658.6289317583107,0.12681352169084595,0.0021137059440645744,6,0.4870266456536466,3000,PRUNED
6,0.05063100531697273,2026-05-21 11:46:50.937536,2026-05-21 11:46:51.399526,0 days 00:00:00.461990,80,756.8292060167613,355.03048581283053,81.05016126411583,0.006161049539380964,3,0.6587399872866511,5000,PRUNED
7,0.054302483797073364,2026-05-21 11:46:51.411096,2026-05-21 11:46:51.750000,0 days 00:00:00.338904,16,59.89003672254301,44.73636174621264,0.13667272915456222,0.00034889766548903674,3,0.7972425054911576,2000,PRUNED
8,3.6790126614505425e-05,2026-05-21 11:46:51.758586,2026-05-21 11:48:16.137867,0 days 00:01:24.379281,48,14.096175149815862,402.15545266902836,0.2647114182821816,0.009413993046829943,6,0.7633468615779946,1000,COMPLETE
9,0.04396582767367363,2026-05-21 11:48:16.162283,2026-05-21 11:48:18.148733,0 days 00:00:01.986450,16,348.7712624545931,287.08753481954665,13.199942261535016,0.00014063366777718192,9,0.5150794371265636,1000,PRUNED
10,1.0044309419754427e-05,2026-05-21 11:48:18.156426,2026-05-21 11:49:28.775381,0 days 00:01:10.618955,128,10.693848217322548,10.862348973937136,0.8376886561830927,0.006536264082965736,5,0.8794799491387799,4000,COMPLETE
11,0.042677734047174454,2026-05-21 11:49:28.795825,2026-05-21 11:49:30.659412,0 days 00:00:01.863587,128,11.143703573863464,10.82361411997916,0.9351043878935157,0.009799148997591331,5,0.8954088537173488,4000,PRUNED
12,7.697361070313491e-06,2026-05-21 11:49:30.665631,2026-05-21 11:50:27.445360,0 days 00:00:56.779729,128,13.241669967698948,10.307046699326312,0.6323728543271067,0.003816555624863523,5,0.8981434764965095,4000,COMPLETE
13,0.04643021896481514,2026-05-21 11:50:27.466419,2026-05-21 11:50:27.904761,0 days 00:00:00.438342,128,21.99924604277401,10.46192231200569,1.1131196980422622,0.0024920099734550907,4,0.899617463184931,4000,PRUNED
14,2.9739339879597537e-05,2026-05-21 11:50:27.913637,2026-05-21 11:51:28.211164,0 days 00:01:00.297527,112,10.623818229569274,20.847875104970978,3.833125412072728,0.003415962026347907,2,0.8196248311799663,4000,COMPLETE
15,0.0011595783289521933,2026-05-21 11:51:28.224609,2026-05-21 11:52:03.051082,0 days 00:00:34.826473,112,80.28836717487805,23.381243173685355,4.74674333352544,0.0007098701732564443,7,0.8388221878150853,4000,PRUNED
16,0.0006639359635300934,2026-05-21 11:52:03.059686,2026-05-21 11:52:25.335638,0 days 00:00:22.275952,96,27.057474299173993,18.054044508234703,0.5615737515371337,0.0011620886290676312,4,0.7337549054131404,5000,PRUNED
17,0.04480143263936043,2026-05-21 11:52:25.344443,2026-05-21 11:52:25.832517,0 days 00:00:00.488074,112,46.405688474924084,59.05378544436719,1.8612126049170625,0.004317189896000737,5,0.6070769340052233,3000,PRUNED
18,1.1999456546618603e-05,2026-05-21 11:52:25.840650,2026-05-21 11:54:02.919223,0 days 00:01:37.078573,128,17.202040946024173,16.06467226235805,6.80068534410898,0.0010316978220772084,7,0.8514517294418006,4000,COMPLETE
19,0.042153190821409225,2026-05-21 11:54:02.936660,2026-05-21 11:54:03.417402,0 days 00:00:00.480742,96,119.03377837121609,38.461548018410234,0.7369890086999303,0.0016872643600218905,5,0.7750147626834551,2000,PRUNED
20,0.04658462479710579,2026-05-21 11:54:03.426309,2026-05-21 11:54:03.849321,0 days 00:00:00.423012,96,16.482245700541593,71.52748127366256,0.3530038107237249,0.005469421230895381,4,0.5677932050700218,5000,PRUNED
21,0.016846654936671257,2026-05-21 11:54:03.858584,2026-05-21 11:54:10.119406,0 days 00:00:06.260822,128,16.416898288769165,14.78401181672076,8.777596619093174,0.0005250080181414081,7,0.8498651408907194,4000,PRUNED
22,1.2812475688406266e-05,2026-05-21 11:54:10.126577,2026-05-21 11:55:46.816258,0 days 00:01:36.689681,128,10.541131396136858,24.54976370143815,1.7207068494009488,0.0012721545299008668,7,0.8676482694280258,4000,COMPLETE
23,3.074248752454878e-06,2026-05-21 11:55:46.831423,2026-05-21 11:56:36.374568,0 days 00:00:49.543145,112,24.69820953175382,12.750504934092145,7.619668230055787,0.003085459945127017,8,0.8200597683922285,3000,COMPLETE
24,0.041646864265203476,2026-05-21 11:56:36.393535,2026-05-21 11:56:36.900779,0 days 00:00:00.507244,112,28.368855194650692,10.601605312671255,30.230480168189775,0.0033799984843105907,5,0.7993769418449495,3000,PRUNED
25,0.04461320489645004,2026-05-21 11:56:36.908252,2026-05-21 11:56:37.596833,0 days 00:00:00.688581,112,48.12186267230618,26.032453602009653,3.0062170141071194,0.0064646304204095855,8,0.8947494367894527,3000,PRUNED
26,4.699705641542096e-06,2026-05-21 11:56:37.603997,2026-05-21 11:57:14.560491,0 days 00:00:36.956494,96,26.669363725876075,14.14780261549302,31.976631751334157,0.0028314431532339202,8,0.7108164612664329,3000,COMPLETE
27,0.03869883716106415,2026-05-21 11:57:14.582072,2026-05-21 11:57:15.242002,0 days 00:00:00.659930,96,90.37621751411423,32.632571017433996,25.08044371838739,0.0029037769332119715,8,0.7387384523013908,2000,PRUNED
28,0.050880566239356995,2026-05-21 11:57:15.249148,2026-05-21 11:57:15.914283,0 days 00:00:00.665135,80,63.130806867937366,14.54880537166124,46.43229555342906,0.001830233868153063,9,0.6832908907981781,3000,PRUNED
29,0.04260663688182831,2026-05-21 11:57:15.922272,2026-05-21 11:57:16.686872,0 days 00:00:00.764600,96,22.627591534039265,146.61672597942706,15.519214532488812,0.004317544486323959,10,0.6095291941274159,3000,PRUNED
30,0.04367309436202049,2026-05-21 11:57:16.693989,2026-05-21 11:57:17.252866,0 days 00:00:00.558877,64,32.16983634381946,53.24086776404977,8.645160840205424,0.0015431830978904263,8,0.32564710804778496,2000,PRUNED
31,0.04676761105656624,2026-05-21 11:57:17.260540,2026-05-21 11:57:17.828873,0 days 00:00:00.568333,112,14.422851584410502,12.545253442641274,0.2418596326175694,0.004453760105765133,6,0.81055265119662,3000,PRUNED
32,0.03863116353750229,2026-05-21 11:57:17.835631,2026-05-21 11:57:18.629161,0 days 00:00:00.793530,128,20.990952956431478,18.634601265694354,33.07618166469948,0.0064830391538865766,9,0.764659167603971,5000,PRUNED
33,0.039596203714609146,2026-05-21 11:57:18.636567,2026-05-21 11:57:19.208811,0 days 00:00:00.572244,112,12.239912546090427,13.35442909796781,1.4715194330353785,0.008148263847917704,6,0.8524029189064192,4000,PRUNED
34,0.039506979286670685,2026-05-21 11:57:19.215407,2026-05-21 11:57:19.876332,0 days 00:00:00.660925,128,19.353101151637976,28.467430890669032,2.491400555870559,0.0022482050260039968,7,0.39181078618058823,4000,PRUNED
35,0.048220884054899216,2026-05-21 11:57:19.882921,2026-05-21 11:57:20.338661,0 days 00:00:00.455740,80,278.3486681688596,10.20061500697335,0.6298229756731607,0.00327053176545004,5,0.6917606852800026,3000,PRUNED
36,0.020256584510207176,2026-05-21 11:57:20.346771,2026-05-21 11:57:24.264314,0 days 00:00:03.917543,112,34.88450223847446,18.569438660080483,54.711359973847095,0.0008063936010229794,8,0.7275523831633177,4000,PRUNED
37,0.04953388869762421,2026-05-21 11:57:24.271493,2026-05-21 11:57:24.700966,0 days 00:00:00.429473,96,25.308070695191496,98.65161300691507,18.858634545473446,0.0047900524313294595,4,0.6451494426085733,3000,PRUNED
38,0.04017619043588638,2026-05-21 11:57:24.707851,2026-05-21 11:57:25.573128,0 days 00:00:00.865277,128,13.649445282940047,13.834452285571047,5.56763317021332,0.00010123622038071508,10,0.8768397654569147,5000,PRUNED
39,0.04972399026155472,2026-05-21 11:57:25.580213,2026-05-21 11:57:25.967084,0 days 00:00:00.386871,112,911.3612161016358,35.77896291846128,0.1819715953657623,0.007378961664600424,3,0.8274662291980616,3000,PRUNED
40,0.004781913477927446,2026-05-21 11:57:25.974493,2026-05-21 11:57:29.625301,0 days 00:00:03.650808,64,39.94425366289906,699.0117399255654,99.46361135502175,0.0027113092998277996,6,0.7928132981873686,2000,PRUNED
41,0.018408330157399178,2026-05-21 11:57:29.633049,2026-05-21 11:57:33.206505,0 days 00:00:03.573456,128,16.81282174963641,16.651666062999567,6.813875423637894,0.00025217292117284774,7,0.8411109456945528,4000,PRUNED
42,0.0049589029513299465,2026-05-21 11:57:33.213041,2026-05-21 11:57:40.072788,0 days 00:00:06.859747,128,10.046596044477521,12.660203868753966,0.4631353951245436,0.002097500190495109,8,0.8763246198983996,4000,PRUNED
43,0.04015360772609711,2026-05-21 11:57:40.080526,2026-05-21 11:57:40.885315,0 days 00:00:00.804789,128,18.5981686870277,16.105274561023005,10.55080853488878,0.00035127703082863635,9,0.7619897595976355,3000,PRUNED
44,0.06975027918815613,2026-05-21 11:57:40.892294,2026-05-21 11:57:41.313125,0 days 00:00:00.420831,32,13.053249889868898,236.5306199367889,0.9294986785225791,0.003870457191044356,7,0.8635618277305557,4000,PRUNED
45,0.04761762171983719,2026-05-21 11:57:41.320322,2026-05-21 11:57:42.009590,0 days 00:00:00.689268,112,24.329853926508147,12.177731964617294,3.3589061644615983,0.0053339703959817495,8,0.7868178484548406,5000,PRUNED
46,0.045252226293087006,2026-05-21 11:57:42.016171,2026-05-21 11:57:42.615989,0 days 00:00:00.599818,128,175.43889177439934,21.66690334916463,1.1621372888313328,0.0013199964280210868,6,0.8219161672517836,4000,PRUNED
47,0.039852842688560486,2026-05-21 11:57:42.623131,2026-05-21 11:57:43.133900,0 days 00:00:00.510769,112,58.721997420028735,20.567446201600927,19.124189432649768,0.0005500202369916557,5,0.8968688170494244,4000,PRUNED
48,0.019791699945926666,2026-05-21 11:57:43.142806,2026-05-21 11:57:46.700127,0 days 00:00:03.557321,128,14.924173874770018,10.192926223235613,4.420308933412833,0.0008268993902694749,7,0.8355498096593084,3000,PRUNED
49,0.049364302307367325,2026-05-21 11:57:46.706438,2026-05-21 11:57:47.188401,0 days 00:00:00.481963,96,31.41070758187414,16.264555116261295,0.315794973037767,0.007629079805032543,5,0.5428546957330155,4000,PRUNED
50,8.040332431846764e-06,2026-05-21 11:57:47.195168,2026-05-21 11:58:49.577654,0 days 00:01:02.382486,112,19.205441206668695,31.837850053652627,6.395254133055183,0.0025772355832470724,9,0.7101445331755786,3000,COMPLETE
51,0.0493471585214138,2026-05-21 11:58:49.593149,2026-05-21 11:58:50.349987,0 days 00:00:00.756838,112,18.744773801875766,31.081902807027912,7.224755121292757,0.0027611873644717857,9,0.6384798080500407,2000,PRUNED
52,3.889889285346726e-06,2026-05-21 11:58:50.358721,2026-05-21 11:59:55.696463,0 days 00:01:05.337742,128,11.40891817232461,12.176310348029947,11.028910410388159,0.0020310062795988537,9,0.7514664068467158,3000,COMPLETE
53,0.04580940678715706,2026-05-21 11:59:55.710800,2026-05-21 11:59:56.529521,0 days 00:00:00.818721,112,11.700758639360037,12.033409891337396,2.456634920944426,0.0019420222042292289,10,0.7123241468945181,3000,PRUNED
54,3.134926828352036e-06,2026-05-21 11:59:56.537162,2026-05-21 12:00:45.866304,0 days 00:00:49.329142,128,12.322345148681556,22.076012623546447,12.18074616268207,0.00235140706748695,9,0.6681120501484472,3000,COMPLETE
55,5.150113793206401e-06,2026-05-21 12:00:45.881134,2026-05-21 12:01:52.961721,0 days 00:01:07.080587,128,13.03748922829486,44.64632055604506,11.538323536233266,0.0024026152463569833,9,0.6823230266940956,3000,COMPLETE
56,0.05030492693185806,2026-05-21 12:01:52.977373,2026-05-21 12:01:53.796655,0 days 00:00:00.819282,128,12.842012996890022,41.59769610221548,11.008917363743938,0.003598409572118583,9,0.7449316617198171,2000,PRUNED
57,0.048388537019491196,2026-05-21 12:01:53.803592,2026-05-21 12:01:54.672460,0 days 00:00:00.868868,128,14.334695148127889,83.47209618289908,20.709654624403417,0.0015736465993360647,10,0.6783833067230413,3000,PRUNED
58,0.04066970571875572,2026-05-21 12:01:54.678895,2026-05-21 12:01:55.477504,0 days 00:00:00.798609,128,22.130859800966785,23.165398738043752,12.170476546904007,0.0031639529406081537,9,0.6561497955118741,3000,PRUNED
59,3.148247060380527e-06,2026-05-21 12:01:55.485343,2026-05-21 12:02:36.166760,0 days 00:00:40.681417,112,10.04328070412732,50.2481566183604,40.68330419068474,0.002362903869558022,8,0.5879407291712627,2000,COMPLETE
60,0.03560725226998329,2026-05-21 12:02:36.176268,2026-05-21 12:02:36.839316,0 days 00:00:00.663048,96,10.080398193237858,46.103917765828236,49.06985596816082,0.002219165749486726,8,0.575380657276028,1000,PRUNED
61,3.5972886962554185e-06,2026-05-21 12:02:36.847208,2026-05-21 12:03:18.612820,0 days 00:00:41.765612,112,11.649975430762565,52.04720690660635,34.16417742371072,0.0024532898397275444,9,0.6277274966455269,1000,COMPLETE
62,0.03918357938528061,2026-05-21 12:03:18.627711,2026-05-21 12:03:19.395507,0 days 00:00:00.767796,112,11.957245045462784,61.39181466165362,32.63645630685336,0.0013767981975423508,9,0.6226700047857102,1000,PRUNED
63,0.04293094202876091,2026-05-21 12:03:19.403899,2026-05-21 12:03:20.058315,0 days 00:00:00.654416,96,15.413639149295408,50.01918705410777,60.372205561755614,0.002365755189510347,8,0.5718841536639327,1000,PRUNED
64,0.05112382397055626,2026-05-21 12:03:20.067589,2026-05-21 12:03:20.886912,0 days 00:00:00.819323,112,15.802526951635345,131.66252256647905,39.285050236352006,0.0018347943368431277,10,0.49515996130331663,2000,PRUNED
65,0.04518313333392143,2026-05-21 12:03:20.896378,2026-05-21 12:03:21.651399,0 days 00:00:00.755021,112,27.518412592856112,77.27156973961554,25.451035524576728,0.0029332704528401677,9,0.5904110680083577,1000,PRUNED
66,0.04114329442381859,2026-05-21 12:03:21.661194,2026-05-21 12:03:22.292380,0 days 00:00:00.631186,80,11.464396710639948,69.9255514171682,15.19168482140275,0.001062386380883051,8,0.6261090822102178,2000,PRUNED
67,0.050109125673770905,2026-05-21 12:03:22.300432,2026-05-21 12:03:23.104123,0 days 00:00:00.803691,128,10.17562839900701,26.87741064815447,23.742183723954586,0.001663765594040424,9,0.6649362301004776,2000,PRUNED
68,0.05278725177049637,2026-05-21 12:03:23.111023,2026-05-21 12:03:23.572483,0 days 00:00:00.461460,32,12.763913750223868,38.339370056241535,9.045405718778488,0.0037707901756176645,8,0.6959679854349865,3000,PRUNED
69,0.05061482638120651,2026-05-21 12:03:23.579983,2026-05-21 12:03:24.340457,0 days 00:00:00.760474,96,37.865399878845665,93.1858958352119,40.244683012249396,0.002440310647127309,10,0.5515414046994731,3000,PRUNED
70,0.04564590007066727,2026-05-21 12:03:24.347535,2026-05-21 12:03:25.037424,0 days 00:00:00.689889,112,540.0704927893922,62.59068734509802,13.906388650580451,0.0020351530931684517,8,0.4468071152095112,2000,PRUNED
71,0.03799763321876526,2026-05-21 12:03:25.044695,2026-05-21 12:03:25.846675,0 days 00:00:00.801980,128,16.69491104258221,54.18646840095137,28.333660349297396,0.003973738630621691,9,0.7176541388313347,3000,PRUNED
72,0.03741055354475975,2026-05-21 12:03:25.853743,2026-05-21 12:03:26.719015,0 days 00:00:00.865272,128,11.55759792950369,14.171305804051707,67.51804954690977,0.0051926041014346055,10,0.6746538172530384,3000,PRUNED
73,0.034955840557813644,2026-05-21 12:03:26.725990,2026-05-21 12:03:27.528334,0 days 00:00:00.802344,128,13.362903764872508,20.318702611129773,18.052750641055066,0.0030684172185300924,9,0.6482911486226657,3000,PRUNED
74,0.036017585545778275,2026-05-21 12:03:27.535735,2026-05-21 12:03:28.268801,0 days 00:00:00.733066,128,21.31819593768393,11.481973403403718,5.220383669796194,0.0025112903369307288,8,0.598741964071557,3000,PRUNED
75,5.3314211072574835e-06,2026-05-21 12:03:28.275708,2026-05-21 12:04:09.767196,0 days 00:00:41.491488,96,14.559368392428707,116.45759852662701,39.30392035497126,0.0034362313148278874,8,0.7545655159083631,1000,COMPLETE
76,0.05886809900403023,2026-05-21 12:04:09.779148,2026-05-21 12:04:10.432114,0 days 00:00:00.652966,96,14.573877173796154,258.2784918729364,78.44329077411645,0.0014557166651505654,8,0.7660803310952469,1000,PRUNED
77,0.0343189500272274,2026-05-21 12:04:10.439016,2026-05-21 12:04:11.004225,0 days 00:00:00.565209,80,17.966121858264778,123.31609263303497,42.243659797337116,0.0033597260928862403,7,0.739169184885977,1000,PRUNED
78,0.0436190664768219,2026-05-21 12:04:11.012485,2026-05-21 12:04:11.684558,0 days 00:00:00.672073,80,23.736730952307834,207.45702889140557,22.224161183298047,0.0017538691798191816,9,0.7513159123852733,1000,PRUNED
79,0.0480891615152359,2026-05-21 12:04:11.692134,2026-05-21 12:04:12.350159,0 days 00:00:00.658025,96,11.336949450114634,173.36087198986814,32.60037405455043,0.004367267047216592,8,0.7859233496504988,1000,PRUNED
80,0.05821893364191055,2026-05-21 12:04:12.358451,2026-05-21 12:04:13.109951,0 days 00:00:00.751500,112,117.81075087312088,123.50903137086354,10.042241176005984,0.0011966151621595,9,0.6941939854021932,2000,PRUNED
81,1.469245262342156e-06,2026-05-21 12:04:13.117631,2026-05-21 12:04:59.445495,0 days 00:00:46.327864,112,13.544108523492783,15.018548173544536,12.656602904470503,0.002767755054848155,7,0.6213139655526541,3000,COMPLETE
82,1.618483679521887e-06,2026-05-21 12:04:59.462723,2026-05-21 12:05:43.580005,0 days 00:00:44.117282,112,15.744953630246982,18.864337370730695,16.99922191300319,0.00282364861662522,7,0.6248812205677994,3000,COMPLETE
83,0.036735210567712784,2026-05-21 12:05:43.596004,2026-05-21 12:05:44.236273,0 days 00:00:00.640269,112,46.32574805412912,17.50786655362714,15.82956362483566,0.0021375379385515274,7,0.633621447681936,3000,PRUNED
84,0.05435933172702789,2026-05-21 12:05:44.243274,2026-05-21 12:05:44.878278,0 days 00:00:00.635004,112,17.41949740650644,14.97217538395604,12.621377893224173,0.0028205578640284595,7,0.6174306181116491,3000,PRUNED
85,0.007681617513298988,2026-05-21 12:05:44.885434,2026-05-21 12:05:47.865254,0 days 00:00:02.979820,112,20.175964589858093,18.905547305942044,7.785185866517533,0.002358408029555796,7,0.5921472950816719,3000,PRUNED
86,0.04369315877556801,2026-05-21 12:05:47.875236,2026-05-21 12:05:48.567939,0 days 00:00:00.692703,112,13.161013206513198,23.453825811502224,17.177788604800693,0.0020174566912744955,8,0.6659555566969092,3000,PRUNED
87,0.039345212280750275,2026-05-21 12:05:48.577522,2026-05-21 12:05:49.347169,0 days 00:00:00.769647,112,10.059695898065401,28.86818072508222,27.60998155684612,0.002540284186658361,9,0.5518574488574675,3000,PRUNED
88,0.043231356889009476,2026-05-21 12:05:49.356157,2026-05-21 12:05:50.025414,0 days 00:00:00.669257,128,28.728802010956606,13.407252099728012,11.564278727231205,0.0029866280665408517,7,0.6063470903702846,3000,PRUNED
89,0.043507736176252365,2026-05-21 12:05:50.034206,2026-05-21 12:05:50.610197,0 days 00:00:00.575991,112,15.437401815020658,35.12222422077612,9.169550091653903,0.00484920685056418,6,0.516730529589345,3000,PRUNED
90,0.04077060520648956,2026-05-21 12:05:50.618208,2026-05-21 12:05:51.357345,0 days 00:00:00.739137,128,11.671852022791485,15.44345532532296,0.10005072453856699,0.004021999413213813,8,0.7251330978284007,3000,PRUNED
91,0.03206536918878555,2026-05-21 12:05:51.365974,2026-05-21 12:05:52.614031,0 days 00:00:01.248057,96,14.010360027740024,11.757082209311061,13.755053656212679,0.0034263585634534536,8,0.7008594445770776,2000,PRUNED
92,0.04024503007531166,2026-05-21 12:05:52.622056,2026-05-21 12:05:53.233352,0 days 00:00:00.611296,64,16.656442840968047,44.83735986672685,36.35867720275671,0.0027985591859021057,9,0.8075255615418055,3000,PRUNED
93,0.040983203798532486,2026-05-21 12:05:53.240508,2026-05-21 12:05:53.904557,0 days 00:00:00.664049,96,12.35973002155364,112.0744397115286,50.55627169215739,0.0018873412846729957,8,0.6542328031016781,1000,PRUNED
94,0.03673550486564636,2026-05-21 12:05:53.911703,2026-05-21 12:05:54.676529,0 days 00:00:00.764826,112,14.68373460130092,89.28260574264758,21.36479464465103,0.003226230291057761,9,0.6852606191508372,3000,PRUNED
95,0.03603391721844673,2026-05-21 12:05:54.683589,2026-05-21 12:05:55.338707,0 days 00:00:00.655118,96,10.894291327197905,19.530652514285432,6.099091761799372,0.00226155621160144,8,0.6400095756373899,3000,PRUNED
96,0.04595855623483658,2026-05-21 12:05:55.345565,2026-05-21 12:05:55.919656,0 days 00:00:00.574091,112,195.2123490753495,17.159660108047774,8.098294818903238,0.005890623724385287,6,0.5837800467889339,1000,PRUNED
97,0.04000401496887207,2026-05-21 12:05:55.926112,2026-05-21 12:05:56.591970,0 days 00:00:00.665858,128,20.690361417700835,25.353823942172195,59.37125204948722,0.0036085178125796072,7,0.6105780668160244,2000,PRUNED
98,0.04731571301817894,2026-05-21 12:05:56.598565,2026-05-21 12:05:57.413533,0 days 00:00:00.814968,112,12.811534716291813,11.192881734291921,4.435990584258848,0.0026264241241274397,10,0.34993752249920496,3000,PRUNED
99,0.043908338993787766,2026-05-21 12:05:57.421509,2026-05-21 12:05:58.153658,0 days 00:00:00.732149,128,25.32122407754495,71.76006450748795,45.22410386415182,0.0015926295043868553,8,0.7792970902272705,3000,PRUNED
100,0.04198509827256203,2026-05-21 12:05:58.160791,2026-05-21 12:05:58.871925,0 days 00:00:00.711134,96,18.28236926301667,21.38572746680448,25.297440779601917,0.003022371007741439,9,0.6728655500672585,3000,PRUNED
101,0.03898477554321289,2026-05-21 12:05:58.879672,2026-05-21 12:05:59.210596,0 days 00:00:00.330924,128,11.043817083279192,14.284849791067268,15.549607919580941,0.004138359044794405,2,0.7552979588537561,3000,PRUNED
102,0.03823515772819519,2026-05-21 12:05:59.217478,2026-05-21 12:05:59.685045,0 days 00:00:00.467567,128,13.762893421054104,13.205832318079795,35.481717588977425,0.0035198696737702225,4,0.6256651280017602,3000,PRUNED
103,0.03564953804016113,2026-05-21 12:05:59.692551,2026-05-21 12:06:00.475967,0 days 00:00:00.783416,128,16.19178166494653,10.044251220790883,13.486441540260943,0.002188121207899643,9,0.704894882792545,5000,PRUNED
104,0.042461100965738297,2026-05-21 12:06:00.484867,2026-05-21 12:06:01.185871,0 days 00:00:00.701004,112,10.840353315576197,12.802783012194602,10.083767209272015,0.0026693114826553117,8,0.729816729513755,4000,PRUNED
105,0.04420022666454315,2026-05-21 12:06:01.195390,2026-05-21 12:06:01.825821,0 days 00:00:00.630431,128,12.114349366765113,16.355299271962107,19.277998531005778,0.002418898028587265,7,0.6595121472195988,1000,PRUNED
106,0.04531893879175186,2026-05-21 12:06:01.835957,2026-05-21 12:06:02.401866,0 days 00:00:00.565909,112,14.605899741941034,11.464094460573943,30.046670399875598,0.004771417830021608,6,0.8070987505091308,3000,PRUNED
107,0.03901896998286247,2026-05-21 12:06:02.411256,2026-05-21 12:06:02.945918,0 days 00:00:00.534662,128,19.316169077448226,15.225458961592993,0.21131166975379467,0.00371757205341824,5,0.7204091646869217,4000,PRUNED
108,0.03895611688494682,2026-05-21 12:06:02.955320,2026-05-21 12:06:03.652342,0 days 00:00:00.697022,112,15.447482139268013,40.594828063068555,11.69225815903827,0.0032041636370827675,8,0.8650715548394999,2000,PRUNED
109,0.04841373860836029,2026-05-21 12:06:03.661176,2026-05-21 12:06:04.325783,0 days 00:00:00.664607,80,68.631065753939,163.71397438561547,3.8424429023364373,0.001918183190072076,9,0.8876657230129807,3000,PRUNED
110,0.041745465248823166,2026-05-21 12:06:04.335162,2026-05-21 12:06:05.129651,0 days 00:00:00.794489,128,13.593036011114375,51.235959704051254,74.3371131821932,0.0017550124203738653,9,0.683330960689339,3000,PRUNED
111,0.040950942784547806,2026-05-21 12:06:05.138533,2026-05-21 12:06:05.899649,0 days 00:00:00.761116,112,22.86714582530435,31.86829356552465,6.526066455551757,0.002721975695969717,9,0.7116808743102612,3000,PRUNED
112,0.038868699222803116,2026-05-21 12:06:05.907613,2026-05-21 12:06:06.622820,0 days 00:00:00.715207,112,18.03256959893674,35.31529010262307,5.419855391168108,0.0024887897628042177,9,0.6333897585501781,3000,PRUNED
113,7.462773737643147e-06,2026-05-21 12:06:06.630007,2026-05-21 12:06:49.763040,0 days 00:00:43.133033,112,12.418190870864379,28.4834710045335,7.616564629582752,0.0029688823507398473,9,0.7450271349401153,1000,COMPLETE
114,0.03766084462404251,2026-05-21 12:06:49.783178,2026-05-21 12:06:50.570593,0 days 00:00:00.787415,96,12.315685409395181,27.974108159981434,9.63706307756704,0.0029144198100721124,10,0.7656824695698023,1000,PRUNED
115,0.04131195321679115,2026-05-21 12:06:50.577224,2026-05-21 12:06:51.256005,0 days 00:00:00.678781,112,10.566750833247646,18.137621753054677,16.82477284856649,0.002098293118884521,8,0.7458285160049151,1000,PRUNED
116,0.037377260625362396,2026-05-21 12:06:51.262898,2026-05-21 12:06:51.814642,0 days 00:00:00.551744,48,13.283032284398868,23.180456980277864,7.547856953363019,0.004563916284200276,9,0.5606099680830171,1000,PRUNED
117,0.04483974725008011,2026-05-21 12:06:51.821697,2026-05-21 12:06:52.521837,0 days 00:00:00.700140,112,16.059738624098866,477.9318824562086,1.4486954862395909,0.003238444742626622,8,0.7967126225250064,1000,PRUNED
118,0.03684055060148239,2026-05-21 12:06:52.528601,2026-05-21 12:06:53.210724,0 days 00:00:00.682123,128,12.101094878345137,65.61153307033993,96.18302101672741,0.0038524443683694677,7,0.7743423316464563,2000,PRUNED
119,0.03423537313938141,2026-05-21 12:06:53.218260,2026-05-21 12:06:53.981866,0 days 00:00:00.763606,112,10.172602166003019,56.598283747439496,23.15793808242502,0.0022239967024781436,9,0.8287989860643165,1000,PRUNED
120,0.04144461825489998,2026-05-21 12:06:53.988895,2026-05-21 12:06:54.865320,0 days 00:00:00.876425,128,14.948501330831558,10.665812050513452,14.75469345481304,0.0001909415671845903,10,0.6473761712553548,1000,PRUNED
121,0.048859260976314545,2026-05-21 12:06:54.872480,2026-05-21 12:06:55.602385,0 days 00:00:00.729905,112,19.516391017229562,46.92463015035652,6.0122893175294605,0.00259630771459458,9,0.73791226202749,3000,PRUNED
122,0.05071394518017769,2026-05-21 12:06:55.609481,2026-05-21 12:06:56.366682,0 days 00:00:00.757201,112,30.87233190267765,29.660850569827456,8.40097193031649,0.0029642355693377228,9,0.7035411479334736,3000,PRUNED
123,0.04247371852397919,2026-05-21 12:06:56.373630,2026-05-21 12:06:57.126053,0 days 00:00:00.752423,112,17.428768148789015,40.66818985924381,10.94389010193421,0.002359134986440021,9,0.6747407815324323,3000,PRUNED
124,0.06085565313696861,2026-05-21 12:06:57.133328,2026-05-21 12:06:57.776351,0 days 00:00:00.643023,96,11.570791180059178,103.66246004305799,2.582276690188765,0.0034582468174861056,8,0.8531923856832336,3000,PRUNED
125,5.723117737943539e-06,2026-05-21 12:06:57.784021,2026-05-21 12:07:53.652591,0 days 00:00:55.868570,112,13.389152154380689,32.88953520530233,12.760220525969926,0.002769950608546626,9,0.7160341628801141,3000,COMPLETE
126,0.07175081223249435,2026-05-21 12:07:53.666701,2026-05-21 12:07:54.427398,0 days 00:00:00.760697,112,13.711305266031355,21.574579970996254,20.021243998493254,0.0041878022583388035,9,0.6918833049614596,3000,PRUNED
127,0.05152027681469917,2026-05-21 12:07:54.434309,2026-05-21 12:07:55.169706,0 days 00:00:00.735397,128,11.086227713416857,25.1962484666597,0.4912693965227646,0.0031014395854286276,8,0.6145967213658994,3000,PRUNED
128,0.019535869359970093,2026-05-21 12:07:55.176395,2026-05-21 12:07:59.058408,0 days 00:00:03.882013,112,12.646401529542679,13.885394382433063,42.718639384598184,0.0014559037435001498,10,0.6009088948015089,3000,PRUNED
129,0.03595449775457382,2026-05-21 12:07:59.068237,2026-05-21 12:07:59.872314,0 days 00:00:00.804077,128,14.47483771311761,34.23865970037246,12.94234317247555,0.0019733394236948684,9,0.7278794865999507,3000,PRUNED
130,3.120334895356791e-06,2026-05-21 12:07:59.881934,2026-05-21 12:08:41.564811,0 days 00:00:41.682877,112,10.078298742043929,12.502138586988554,16.972696403560636,0.0028009497404777478,8,0.6643374004158876,1000,COMPLETE
131,0.030974367633461952,2026-05-21 12:08:41.578936,2026-05-21 12:08:42.930051,0 days 00:00:01.351115,112,11.089505353373399,12.171117291190585,28.9906496847152,0.0028770211940445955,8,0.66287435990931,1000,PRUNED
132,0.03682035580277443,2026-05-21 12:08:42.937335,2026-05-21 12:08:43.635285,0 days 00:00:00.697950,112,10.053323315212019,15.846914589424992,11.670104600887292,0.002667515874568126,8,0.6482630657225793,1000,PRUNED
133,0.03759744390845299,2026-05-21 12:08:43.643216,2026-05-21 12:08:44.348008,0 days 00:00:00.704792,112,12.572540060209853,12.500034652761194,16.652932456677743,0.0033706610944588124,8,0.6355675836293505,1000,PRUNED
134,0.036172885447740555,2026-05-21 12:08:44.354685,2026-05-21 12:08:44.956486,0 days 00:00:00.601801,96,16.052289342766763,10.924293813342954,37.46405850954649,0.0022300370496416274,7,0.6869926648312211,1000,PRUNED
135,0.05099446699023247,2026-05-21 12:08:44.963200,2026-05-21 12:08:45.723311,0 days 00:00:00.760111,112,11.689808802323858,14.358298923490057,8.995703120355829,0.00377877008829867,9,0.5842066813032142,2000,PRUNED
136,0.03494524955749512,2026-05-21 12:08:45.730871,2026-05-21 12:08:46.474418,0 days 00:00:00.743547,128,13.861104409054677,17.823597977380697,54.47958524447852,0.002409640660161387,8,0.7531979481269889,1000,PRUNED
137,0.03627879172563553,2026-05-21 12:08:46.481270,2026-05-21 12:08:47.059099,0 days 00:00:00.577829,112,10.031765897402694,19.730112381646542,14.173460372786591,0.0028204760103676574,6,0.6226099885126111,4000,PRUNED
138,3.4909808164229617e-06,2026-05-21 12:08:47.067105,2026-05-21 12:09:20.935593,0 days 00:00:33.868488,96,13.133280838367964,47.52196871655578,25.236343523444102,0.0031458785464373424,7,0.7176459806904834,1000,COMPLETE
139,0.03437799587845802,2026-05-21 12:09:20.949790,2026-05-21 12:09:21.547733,0 days 00:00:00.597943,96,12.96864559949267,38.270726758107166,25.828329593046536,0.0020774965376875107,7,0.7181023038920235,1000,PRUNED
140,0.049683377146720886,2026-05-21 12:09:21.554824,2026-05-21 12:09:22.157013,0 days 00:00:00.602189,96,11.081831152175024,144.08448280214841,21.085695569818277,0.0030852925176115503,7,0.7341675800116877,1000,PRUNED
141,0.050275348126888275,2026-05-21 12:09:22.164746,2026-05-21 12:09:22.761824,0 days 00:00:00.597078,96,15.1626731198823,49.26464599965433,17.806067113971277,0.0035970590535184047,7,0.6987265809108236,1000,PRUNED
142,0.050063878297805786,2026-05-21 12:09:22.769001,2026-05-21 12:09:23.395182,0 days 00:00:00.626181,80,35.06956544655277,60.60849919804061,10.881032696751566,0.002547101495153034,8,0.7449014076436877,1000,PRUNED
143,0.05787346139550209,2026-05-21 12:09:23.401902,2026-05-21 12:09:23.998441,0 days 00:00:00.596539,96,12.08773410081498,42.767020733333375,0.1490835722440591,0.0032079647291733734,7,0.6676881732689834,3000,PRUNED
144,0.10209725797176361,2026-05-21 12:09:24.005363,2026-05-21 12:09:24.767070,0 days 00:00:00.761707,112,17.12448614007466,927.9059801210814,32.8702699755103,0.00267556291077558,9,0.7114084926397393,3000,PRUNED
145,0.008501463569700718,2026-05-21 12:09:24.774282,2026-05-21 12:09:28.568401,0 days 00:00:03.794119,128,13.581667980595611,10.0212607132916,26.555552148729618,0.0023241644291371495,9,0.6549393576199849,1000,PRUNED
146,0.05078399181365967,2026-05-21 12:09:28.577504,2026-05-21 12:09:29.158350,0 days 00:00:00.580846,112,349.30198209591686,13.244171573531572,12.725975171159092,0.004100520581179755,6,0.7701932222421604,1000,PRUNED
147,0.0289614200592041,2026-05-21 12:09:29.168621,2026-05-21 12:09:30.418271,0 days 00:00:01.249650,96,11.06120311614294,27.25258691583715,23.0366085545338,0.0017406369598996453,8,0.7572864974670218,3000,PRUNED
148,0.03570612519979477,2026-05-21 12:09:30.427088,2026-05-21 12:09:31.092202,0 days 00:00:00.665114,128,50.18792317487235,54.672204222945595,15.140651670086177,0.0033795131384881725,7,0.6779391614581365,3000,PRUNED
149,0.04155159369111061,2026-05-21 12:09:31.101131,2026-05-21 12:09:31.880703,0 days 00:00:00.779572,112,14.709263747841364,16.593770953317218,7.275491630460076,0.0001500722791556621,9,0.7282273065751143,3000,PRUNED
150,0.041951049119234085,2026-05-21 12:09:31.889413,2026-05-21 12:09:32.304896,0 days 00:00:00.415483,128,12.398535089192366,11.579085549573868,47.05893512106091,0.002893308569697853,3,0.6928767409000438,1000,PRUNED
151,0.046896085143089294,2026-05-21 12:09:32.312452,2026-05-21 12:09:33.774497,0 days 00:00:01.462045,112,20.4512204756944,31.14458758749229,9.948529141262483,0.0025589855578593773,9,0.7127011305266805,3000,PRUNED
152,0.04232620447874069,2026-05-21 12:09:33.782271,2026-05-21 12:09:34.294121,0 days 00:00:00.511850,112,24.667442361826073,32.57421581012035,6.7610278693575365,0.0030543266340177814,5,0.7826412512584268,3000,PRUNED
153,0.003900977550074458,2026-05-21 12:09:34.300934,2026-05-21 12:09:38.583453,0 days 00:00:04.282519,112,16.79197056970212,23.188946138836705,9.000556649364098,0.0024084871942282957,9,0.7061589715263468,3000,PRUNED
154,0.04744316637516022,2026-05-21 12:09:38.592560,2026-05-21 12:09:39.292210,0 days 00:00:00.699650,112,18.946338896593428,44.285348685707376,32.109821589528835,0.0027691189300438537,8,0.7192109557789357,3000,PRUNED
155,0.03402966633439064,2026-05-21 12:09:39.300455,2026-05-21 12:09:40.055237,0 days 00:00:00.754782,112,15.568159940728036,37.87338529886063,5.00024290849738,0.0020425527148198014,9,0.7392246265366389,3000,PRUNED
156,0.040416281670331955,2026-05-21 12:09:40.061744,2026-05-21 12:09:40.884732,0 days 00:00:00.822988,112,13.914623307692622,81.85141494404982,7.972121909695374,0.00366189316178009,10,0.6076126680115508,5000,PRUNED
157,0.03637370094656944,2026-05-21 12:09:40.893060,2026-05-21 12:09:41.705556,0 days 00:00:00.812496,128,12.931957634039229,113.65862662439211,18.71032906184071,0.0032532425794101426,9,0.680354163229366,3000,PRUNED
158,0.04025410860776901,2026-05-21 12:09:41.712279,2026-05-21 12:09:42.404089,0 days 00:00:00.691810,112,22.733176689916327,25.49823723732873,11.91400238471158,0.002227375217631842,8,0.6362611484467046,3000,PRUNED
159,0.03300788253545761,2026-05-21 12:09:42.411101,2026-05-21 12:09:43.119511,0 days 00:00:00.708410,96,11.691281607129735,29.30552975485118,38.848240250105036,0.0018602532120772545,9,0.7015315424555776,3000,PRUNED
160,0.04199855402112007,2026-05-21 12:09:43.126264,2026-05-21 12:09:45.233020,0 days 00:00:02.106756,128,27.11658131051942,15.269576631495772,10.158325205888973,0.0025596363131155575,8,0.5940830319105393,1000,PRUNED
161,0.04496639966964722,2026-05-21 12:09:45.241711,2026-05-21 12:09:45.776196,0 days 00:00:00.534485,128,10.7550241015253,12.345489150777482,0.8819249022096314,0.0067778452089652585,5,0.8958354874629815,4000,PRUNED
162,0.039572689682245255,2026-05-21 12:09:45.783540,2026-05-21 12:09:46.323558,0 days 00:00:00.540018,128,10.164393169324928,13.599544487328735,0.6124144964262052,0.005378274186761792,5,0.8761079094681118,4000,PRUNED
163,0.039640866219997406,2026-05-21 12:09:46.329882,2026-05-21 12:09:46.868330,0 days 00:00:00.538448,128,12.464242532305153,11.601991120114835,0.40812658031005866,0.0028223028266399263,5,0.8785810190300118,4000,PRUNED
164,0.029664061963558197,2026-05-21 12:09:46.874949,2026-05-21 12:09:48.342247,0 days 00:00:01.467298,112,14.122615624577744,10.596012205684406,0.32771687891988105,0.002422345832737504,9,0.6273247894539257,4000,PRUNED
165,0.04075925424695015,2026-05-21 12:09:48.348986,2026-05-21 12:09:48.703716,0 days 00:00:00.354730,48,11.51104671675259,47.19897889973694,0.7466869501478359,0.008045140257258276,4,0.8361251208538333,4000,PRUNED
166,0.05161818116903305,2026-05-21 12:09:48.710670,2026-05-21 12:09:49.312195,0 days 00:00:00.601525,128,17.812443927583164,14.561786737006422,15.03654152570888,0.009666706583970371,6,0.8861532327230004,2000,PRUNED
167,0.0501166470348835,2026-05-21 12:09:49.319800,2026-05-21 12:09:50.073291,0 days 00:00:00.753491,112,15.960471755859913,34.58545003037305,12.984208039732756,0.0003269114208829872,9,0.8586687721627895,1000,PRUNED
168,0.041604183614254,2026-05-21 12:09:50.081100,2026-05-21 12:09:50.687669,0 days 00:00:00.606569,128,13.16955029443407,20.576510639876414,0.5123086843396402,0.0030437128457284886,6,0.5692999160314719,4000,PRUNED
169,0.04061182588338852,2026-05-21 12:09:50.695437,2026-05-21 12:09:51.389815,0 days 00:00:00.694378,112,10.83512758258121,12.943320738407747,20.313887171279003,0.0044084204112445026,8,0.842108166455642,5000,PRUNED
170,0.03738630563020706,2026-05-21 12:09:51.397792,2026-05-21 12:09:51.877758,0 days 00:00:00.479966,96,11.866854219598764,10.989951763401688,5.948361608707733,0.0022250839756084197,5,0.8113878259759231,1000,PRUNED
171,0.022069208323955536,2026-05-21 12:09:51.885891,2026-05-21 12:09:53.796771,0 days 00:00:01.910880,128,14.984091012322418,18.344781138180423,8.78421021254329,0.0005727329125021364,7,0.8500171056755269,4000,PRUNED
172,0.04859793186187744,2026-05-21 12:09:53.805182,2026-05-21 12:09:54.473697,0 days 00:00:00.668515,128,13.648753001425314,17.110602669325093,3.908546037913501,0.002676542786303989,7,0.8635595161959956,4000,PRUNED
173,0.02523501217365265,2026-05-21 12:09:54.480513,2026-05-21 12:09:56.378151,0 days 00:00:01.897638,128,16.557270906120372,15.245722527866496,0.7237864617578622,0.0008037788734154364,7,0.8804872828685706,4000,PRUNED
174,0.021895410493016243,2026-05-21 12:09:56.385071,2026-05-21 12:09:58.489530,0 days 00:00:02.104459,128,18.95883381886376,12.68691270648134,6.988628836545102,0.00108758891786047,8,0.8741603378841653,4000,PRUNED
175,0.040844064205884933,2026-05-21 12:09:58.498882,2026-05-21 12:09:59.258258,0 days 00:00:00.759376,112,12.418985762492433,14.14977171392894,11.002092311047669,0.006065903717103998,9,0.8197855012415086,4000,PRUNED
176,0.03555154800415039,2026-05-21 12:09:59.267412,2026-05-21 12:09:59.828511,0 days 00:00:00.561099,80,10.058497227716447,37.522489522423214,28.65986377658902,0.0009641069201999847,7,0.8916248348794065,3000,PRUNED
177,0.04541239142417908,2026-05-21 12:09:59.838725,2026-05-21 12:10:00.504296,0 days 00:00:00.665571,128,21.83080293970354,19.208625918940808,1.137030085791561,0.0032890395645475885,7,0.6446989854839557,1000,PRUNED
178,0.04965611919760704,2026-05-21 12:10:00.514158,2026-05-21 12:10:01.287192,0 days 00:00:00.773034,112,14.798464824783299,52.9917017990174,7.959391567447217,0.00045082173658151384,9,0.663990049132459,3000,PRUNED
179,0.04775463417172432,2026-05-21 12:10:01.295794,2026-05-21 12:10:01.995348,0 days 00:00:00.699554,112,94.03773958536738,22.27821472960156,16.853945146883127,0.0028769327137163772,8,0.723787326527667,2000,PRUNED
180,0.03976930305361748,2026-05-21 12:10:02.004876,2026-05-21 12:10:02.808087,0 days 00:00:00.803211,128,11.147094951500897,16.235882048423644,3.0566579209051636,0.003838913712636344,9,0.7514681843528144,3000,PRUNED
181,0.022472739219665527,2026-05-21 12:10:02.816145,2026-05-21 12:10:04.721819,0 days 00:00:01.905674,128,12.098473414294054,25.129632845024133,1.6362564403164588,0.0013100578616743242,7,0.8592713725526748,4000,PRUNED
182,0.02220061421394348,2026-05-21 12:10:04.729054,2026-05-21 12:10:07.273455,0 days 00:00:02.544401,128,13.161898854686038,28.053902254074327,42.539693604891156,0.0010034398323657133,7,0.8690273230958112,4000,PRUNED
183,0.035061564296483994,2026-05-21 12:10:07.280302,2026-05-21 12:10:07.885895,0 days 00:00:00.605593,128,10.830821110218222,31.437835946748216,1.2877939495929633,0.0011323104835507269,6,0.898630480062563,4000,PRUNED
184,0.036904994398355484,2026-05-21 12:10:07.892347,2026-05-21 12:10:08.559541,0 days 00:00:00.667194,128,10.085290688380356,11.642790910807495,1.8945251102800027,0.0024707629494952815,7,0.6887870634476808,4000,PRUNED
185,0.007695917971432209,2026-05-21 12:10:08.565871,2026-05-21 12:10:11.543942,0 days 00:00:02.978071,112,14.178812522114178,21.592208619133963,2.3102658382546593,0.002132315207712516,7,0.8456143392167369,4000,PRUNED
186,0.0382196418941021,2026-05-21 12:10:11.553330,2026-05-21 12:10:12.288074,0 days 00:00:00.734744,128,11.536966495484842,24.137303305283158,4.801838966808347,0.001577022688596789,8,0.7109830753047215,1000,PRUNED
187,0.01683943159878254,2026-05-21 12:10:12.296707,2026-05-21 12:10:15.175035,0 days 00:00:02.878328,112,12.945430303562157,10.04667961754998,0.9665525397870942,0.0009380758128563935,9,0.6748976295418527,3000,PRUNED
188,0.03801773861050606,2026-05-21 12:10:15.183289,2026-05-21 12:10:15.666827,0 days 00:00:00.483538,96,15.582222902578362,42.1220663243561,32.8495807117002,0.0026610774167395044,5,0.6128721377836159,3000,PRUNED
189,0.048749424517154694,2026-05-21 12:10:15.673765,2026-05-21 12:10:16.344337,0 days 00:00:00.670572,128,590.2822689773325,58.09287197594213,13.541733140485121,0.0012803117551225473,7,0.7376184434801105,4000,PRUNED
190,0.038022786378860474,2026-05-21 12:10:16.351312,2026-05-21 12:10:16.971027,0 days 00:00:00.619715,80,17.348838173098063,69.87543210282212,37.22764875955977,0.003484024064551112,8,0.6953998826623335,1000,PRUNED
191,0.037533387541770935,2026-05-21 12:10:16.977514,2026-05-21 12:10:17.304096,0 days 00:00:00.326582,112,11.041391990767652,20.033702074083095,5.913325729857461,0.003078522885322221,2,0.885368569667136,4000,PRUNED
192,0.05136966332793236,2026-05-21 12:10:17.311888,2026-05-21 12:10:17.640780,0 days 00:00:00.328892,112,10.035308722620682,17.365384405937885,3.7785948110173915,0.002401178070027011,2,0.8208157888969947,4000,PRUNED
193,0.04028935357928276,2026-05-21 12:10:17.648308,2026-05-21 12:10:18.030894,0 days 00:00:00.382586,112,12.011579916325017,13.649741003067254,9.720776128241665,0.0029113693485203723,3,0.8363147781553865,4000,PRUNED
194,0.029436681419610977,2026-05-21 12:10:18.041447,2026-05-21 12:10:19.506745,0 days 00:00:01.465298,112,12.90178933064685,12.271604614256375,0.704880092048625,0.00342875302946613,9,0.7288159526937503,4000,PRUNED
195,0.0379488468170166,2026-05-21 12:10:19.515951,2026-05-21 12:10:19.974116,0 days 00:00:00.458165,112,11.189413667143125,25.991183548955195,48.5741426121774,0.0027176966844865242,4,0.8703182954479255,3000,PRUNED
196,0.04326305165886879,2026-05-21 12:10:19.983123,2026-05-21 12:10:20.616870,0 days 00:00:00.633747,112,14.160699513889973,49.96598038310166,6.812987931749762,0.0020077221125408746,7,0.760193358464196,4000,PRUNED
197,0.042838264256715775,2026-05-21 12:10:20.624937,2026-05-21 12:10:21.096724,0 days 00:00:00.471787,128,12.077944352991226,23.018690521643936,11.743591314890006,0.0008436423319362017,4,0.7943073662466777,1000,PRUNED
198,0.03707975149154663,2026-05-21 12:10:21.105031,2026-05-21 12:10:21.676647,0 days 00:00:00.571616,112,13.711452877747913,15.330432642403164,5.212106530229863,0.0031780508826961444,6,0.5992479676923909,3000,PRUNED
199,0.044383320957422256,2026-05-21 12:10:21.683190,2026-05-21 12:10:22.471985,0 days 00:00:00.788795,128,11.073211340434183,19.247226971579728,2.106039149129145,0.002267693270266613,9,0.7137325245027003,3000,PRUNED
200,0.060637131333351135,2026-05-21 12:10:22.479580,2026-05-21 12:10:23.174392,0 days 00:00:00.694812,112,16.08662829749426,28.334286812465802,8.215927292795824,0.0037705515228292057,8,0.6581112222344839,3000,PRUNED
201,0.052660416811704636,2026-05-21 12:10:23.181542,2026-05-21 12:10:23.655785,0 days 00:00:00.474243,64,12.839834117099103,291.43391723935963,0.18981343966493558,0.008101933994785007,6,0.7715476138128309,1000,PRUNED
202,0.07283227145671844,2026-05-21 12:10:23.662863,2026-05-21 12:10:24.140179,0 days 00:00:00.477316,48,14.974783218103166,11.192613337965502,1.5838038993126906,0.006739105982339808,7,0.7460987750754979,1000,PRUNED
203,0.06077863648533821,2026-05-21 12:10:24.148104,2026-05-21 12:10:24.852956,0 days 00:00:00.704852,96,11.90967647454193,510.6576307188153,0.3533559695777259,0.005082527142081322,9,0.8043865711922089,1000,PRUNED
204,0.04941330477595329,2026-05-21 12:10:24.859521,2026-05-21 12:10:25.384095,0 days 00:00:00.524574,64,146.23103696020414,212.2686761774118,0.23437625698320055,0.0025964129428779482,7,0.6195918146381563,1000,PRUNED
205,0.038383763283491135,2026-05-21 12:10:25.390835,2026-05-21 12:10:25.961764,0 days 00:00:00.570929,112,10.687639014435485,45.58240403549675,14.312226867044611,0.007122706212658504,6,0.5838771499156248,3000,PRUNED
206,0.04417990893125534,2026-05-21 12:10:25.968279,2026-05-21 12:10:26.698299,0 days 00:00:00.730020,128,13.756587145387604,33.14038684810336,0.26530475818116694,0.0029559039268737763,8,0.783448265455808,3000,PRUNED
207,0.052344515919685364,2026-05-21 12:10:26.706335,2026-05-21 12:10:27.198157,0 days 00:00:00.491822,32,17.52637797762159,437.95712064850164,23.500438964399144,0.008637459572160971,9,0.7618362848965213,1000,PRUNED
208,0.04778754338622093,2026-05-21 12:10:27.205813,2026-05-21 12:10:27.615504,0 days 00:00:00.409691,16,12.30850824678509,684.961173649824,0.14806754974609732,0.009551162931613042,7,0.8499975821077451,3000,PRUNED
209,0.04081185907125473,2026-05-21 12:10:27.621976,2026-05-21 12:10:28.207347,0 days 00:00:00.585371,48,10.040747548983239,13.258071701532197,3.4809329042619215,0.002787968542031796,10,0.7313760068173256,1000,PRUNED
210,0.039060138165950775,2026-05-21 12:10:28.214217,2026-05-21 12:10:28.970342,0 days 00:00:00.756125,112,14.945277556893382,311.62485942770064,56.61405499752918,0.005866976897120805,9,0.6973253802883509,3000,PRUNED
211,0.0369272455573082,2026-05-21 12:10:28.977747,2026-05-21 12:10:29.809721,0 days 00:00:00.831974,112,25.076209864159125,159.8068172983124,16.543806790307844,0.00011155118905960048,10,0.4692290101473031,5000,PRUNED
212,0.04522229731082916,2026-05-21 12:10:29.816959,2026-05-21 12:10:30.259559,0 days 00:00:00.442600,16,21.534896811364316,21.576556692574833,13.134682702373693,0.0024960131273143392,8,0.7453552235413158,5000,PRUNED
213,0.04241872951388359,2026-05-21 12:10:30.265981,2026-05-21 12:10:30.773262,0 days 00:00:00.507281,48,20.464474880601305,16.27891024349825,10.366213968133934,0.00021419783783203932,8,0.41003050841008987,5000,PRUNED
214,0.047825004905462265,2026-05-21 12:10:30.779536,2026-05-21 12:10:31.364791,0 days 00:00:00.585255,48,19.049231466401586,26.442920906685888,29.122081149161744,0.0030178106259869286,10,0.3939160317949296,3000,PRUNED
215,0.1388551890850067,2026-05-21 12:10:31.374153,2026-05-21 12:10:31.905626,0 days 00:00:00.531473,32,11.517331678134763,600.11744001351,11.780951780101518,0.0006175572901918109,10,0.8264510180947623,3000,PRUNED
216,0.035118281841278076,2026-05-21 12:10:31.915082,2026-05-21 12:10:32.387099,0 days 00:00:00.472017,48,13.168827559115716,88.0522983478876,15.858636568375617,0.003183710216847659,7,0.7207600351800086,3000,PRUNED
217,0.054636843502521515,2026-05-21 12:10:32.396086,2026-05-21 12:10:32.945421,0 days 00:00:00.549335,48,27.909168214712615,756.6831593178013,4.375169459217189,0.0012161582353615032,9,0.5365022527233564,1000,PRUNED
218,0.05699585750699043,2026-05-21 12:10:32.954459,2026-05-21 12:10:33.694488,0 days 00:00:00.740029,128,16.89319992184713,198.77029393177847,18.190931640216277,0.0007234512766837311,8,0.6461506930790557,5000,PRUNED
219,0.09046612679958344,2026-05-21 12:10:33.702900,2026-05-21 12:10:34.406260,0 days 00:00:00.703360,96,14.220915474432287,140.9451853514141,33.95022889173102,0.0023217633835039384,9,0.6694707380809893,3000,PRUNED
220,0.03673826530575752,2026-05-21 12:10:34.412940,2026-05-21 12:10:35.146685,0 days 00:00:00.733745,128,10.892083026728326,103.19643925416491,0.43258942499657543,0.008958589656413815,8,0.7076487300815982,3000,PRUNED
221,0.05760444328188896,2026-05-21 12:10:35.154494,2026-05-21 12:10:35.681227,0 days 00:00:00.526733,32,22.703407608213016,409.74242104373354,65.86271796053903,0.00349437592065633,10,0.6872820611756367,3000,PRUNED
222,0.06728102266788483,2026-05-21 12:10:35.688727,2026-05-21 12:10:36.193892,0 days 00:00:00.505165,16,82.99422705858066,328.6085981203751,92.5921669846118,0.00012624657458924475,10,0.44311821418570546,3000,PRUNED
223,0.03521748259663582,2026-05-21 12:10:36.202085,2026-05-21 12:10:36.922351,0 days 00:00:00.720266,80,19.350500965762567,353.12861462648215,2.7821086628855403,0.00021628496385441763,10,0.7342366761300514,3000,PRUNED
224,0.03530632704496384,2026-05-21 12:10:36.931282,2026-05-21 12:10:37.461300,0 days 00:00:00.530018,32,30.798191068840232,389.46136844206393,9.24993731510871,0.0001503953045471329,10,0.8627391183052702,3000,PRUNED
225,0.041049376130104065,2026-05-21 12:10:37.470629,2026-05-21 12:10:38.234358,0 days 00:00:00.763729,112,12.513993576217462,12.397434148737043,21.994799551391093,0.0001785753889960316,9,0.8997438797951437,3000,PRUNED
226,0.037162408232688904,2026-05-21 12:10:38.243117,2026-05-21 12:10:38.580568,0 days 00:00:00.337451,64,25.46069601948969,452.7794350579826,41.57440475684222,0.0026892758436098726,3,0.7038391336774139,1000,PRUNED
227,0.03651128336787224,2026-05-21 12:10:38.590166,2026-05-21 12:10:39.113297,0 days 00:00:00.523131,64,39.03919447098459,256.21828865130664,14.295117242629997,0.00016152577044309898,7,0.30082201833253663,3000,PRUNED
228,0.04171271622180939,2026-05-21 12:10:39.122278,2026-05-21 12:10:39.569269,0 days 00:00:00.446991,112,47.42523316583908,574.6717290388777,7.2797517526464945,0.0025348615534192976,4,0.6292632885788778,4000,PRUNED
229,0.04229569807648659,2026-05-21 12:10:39.578681,2026-05-21 12:10:39.922208,0 days 00:00:00.343527,16,15.834913556759732,14.453253064872834,6.2491297091165885,0.0029071965079388927,6,0.7194538273211092,1000,PRUNED
230,0.046710167080163956,2026-05-21 12:10:39.931115,2026-05-21 12:10:40.727845,0 days 00:00:00.796730,128,59.16321856264684,11.06926094607047,0.9520352686493263,0.002201817372943392,9,0.7561414296186906,2000,PRUNED
231,0.04665428772568703,2026-05-21 12:10:40.736067,2026-05-21 12:10:41.167196,0 days 00:00:00.431129,48,127.49017192886103,34.700050888609006,2.100752076396655,0.0001675415336945586,6,0.4829410235648079,2000,PRUNED
232,0.037178944796323776,2026-05-21 12:10:41.174088,2026-05-21 12:10:41.605667,0 days 00:00:00.431579,48,11.631417357344464,40.509074090805115,1.3104554748403763,0.00020495044391063356,6,0.5204295728869586,2000,PRUNED
233,0.04513513669371605,2026-05-21 12:10:41.612573,2026-05-21 12:10:42.184921,0 days 00:00:00.572348,112,189.28145843594334,37.84839187923573,12.510973777440054,0.0032096111194723984,6,0.6782838609430959,4000,PRUNED
234,0.039756037294864655,2026-05-21 12:10:42.191475,2026-05-21 12:10:42.831693,0 days 00:00:00.640218,112,10.045593791193893,42.762492278952564,18.80726419499888,0.00024117853974759724,7,0.8864903662401593,1000,PRUNED
235,0.03294205293059349,2026-05-21 12:10:42.838085,2026-05-21 12:10:43.572344,0 days 00:00:00.734259,128,13.182717733336224,31.368211727802063,25.446091363372222,0.00044971822748089636,8,0.3426913355402324,2000,PRUNED
236,0.05370577424764633,2026-05-21 12:10:43.578687,2026-05-21 12:10:44.081684,0 days 00:00:00.502997,96,11.00224425365389,47.502893636079094,0.5741176663685996,0.00013352830399318485,6,0.7425968874567782,4000,PRUNED
237,0.04772297292947769,2026-05-21 12:10:44.088432,2026-05-21 12:10:44.845175,0 days 00:00:00.756743,112,237.70986435399837,125.7950532119503,1.8201086256036063,0.0001911394282458963,9,0.36973698840791075,1000,PRUNED
238,0.04999762028455734,2026-05-21 12:10:44.851704,2026-05-21 12:10:45.522050,0 days 00:00:00.670346,128,290.0310339569855,30.361871875500906,0.11448718864442853,0.0027503601984265676,7,0.4384745380545911,4000,PRUNED
239,0.042531635612249374,2026-05-21 12:10:45.528539,2026-05-21 12:10:46.352786,0 days 00:00:00.824247,112,14.40620198798454,18.554133321591873,11.11321678040823,0.0014161972345205127,10,0.7788976744905508,3000,PRUNED
240,0.0500459261238575,2026-05-21 12:10:46.360600,2026-05-21 12:10:46.976521,0 days 00:00:00.615921,80,12.11578084063743,55.51680850120326,15.715496635216397,0.001885355959134179,8,0.6411646908057345,1000,PRUNED
241,0.04224662110209465,2026-05-21 12:10:46.983158,2026-05-21 12:10:47.606482,0 days 00:00:00.623324,64,121.43486832127905,98.31168716404152,0.2897670457734212,0.00010815780977869308,9,0.656780704522615,1000,PRUNED
242,0.04903530701994896,2026-05-21 12:10:47.612889,2026-05-21 12:10:48.178618,0 days 00:00:00.565729,48,176.1261557562644,10.133672906931942,0.34886632164744175,0.0001297429350997219,9,0.6849752629475336,1000,PRUNED
243,0.04758988320827484,2026-05-21 12:10:48.186416,2026-05-21 12:10:48.894931,0 days 00:00:00.708515,96,162.82814056295612,24.26839873921167,0.80548144971089,0.0008816330044903642,9,0.6685368194653064,1000,PRUNED
244,0.04380933940410614,2026-05-21 12:10:48.901898,2026-05-21 12:10:49.455585,0 days 00:00:00.553687,48,168.41536360788896,76.87316714094236,0.6486381423582175,0.00016415388599681587,9,0.7016021847931548,1000,PRUNED
245,0.04317784309387207,2026-05-21 12:10:49.462074,2026-05-21 12:10:50.071822,0 days 00:00:00.609748,64,134.01398500093484,36.5086999484421,36.97692651276286,0.0025561080697721794,9,0.7284585798300359,1000,PRUNED
246,0.04887143522500992,2026-05-21 12:10:50.081133,2026-05-21 12:10:50.834298,0 days 00:00:00.753165,128,228.7952833867413,12.152549717538905,0.3878526718934314,0.003504662225593165,8,0.6152648867023939,3000,PRUNED
247,0.06596285849809647,2026-05-21 12:10:50.843746,2026-05-21 12:10:51.587295,0 days 00:00:00.743549,112,110.08098038663181,13.65873034216927,0.5133640975844476,0.004124694818554198,9,0.8723341735386358,4000,PRUNED
248,0.04724818468093872,2026-05-21 12:10:51.595348,2026-05-21 12:10:52.172392,0 days 00:00:00.577044,112,13.171496893534533,50.29223677246131,8.294506449562272,0.002347037843237636,6,0.7140189857896294,3000,PRUNED
249,0.03412012755870819,2026-05-21 12:10:52.181310,2026-05-21 12:10:52.861276,0 days 00:00:00.679966,128,10.753684655244697,108.45807111693388,13.34989829511526,0.0030418515892008838,7,0.6879929021417934,1000,PRUNED
250,0.03663254901766777,2026-05-21 12:10:52.869593,2026-05-21 12:10:53.641108,0 days 00:00:00.771515,112,17.93961951582844,115.22249708901163,83.67720602839796,0.00012131694389478507,9,0.6540924709128981,3000,PRUNED
251,0.047794096171855927,2026-05-21 12:10:53.651921,2026-05-21 12:10:54.380297,0 days 00:00:00.728376,128,148.04693235988063,20.625487088956,10.34755454679245,0.002798939528281446,8,0.7687083717565819,5000,PRUNED
252,0.047778982669115067,2026-05-21 12:10:54.389458,2026-05-21 12:10:54.903770,0 days 00:00:00.514312,112,991.9467862654626,41.528690179801906,30.203644817705587,0.00013758335979982664,5,0.6341237645876051,1000,PRUNED
253,0.04227157309651375,2026-05-21 12:10:54.912944,2026-05-21 12:10:55.507170,0 days 00:00:00.594226,48,15.79254212006768,11.728236408586824,5.417144277375301,0.00010164431726957417,10,0.8532854060859361,3000,PRUNED
254,0.03517140448093414,2026-05-21 12:10:55.514165,2026-05-21 12:10:56.079622,0 days 00:00:00.565457,80,12.034652644227219,96.84178055482279,50.69700480662084,0.00031202719858326137,7,0.8128846095480621,4000,PRUNED
255,0.03892332315444946,2026-05-21 12:10:56.086505,2026-05-21 12:10:56.701493,0 days 00:00:00.614988,64,14.065576499785747,17.54540289948635,0.2296077901498587,0.00014806141588895552,9,0.42607857465176313,3000,PRUNED
256,0.035669635981321335,2026-05-21 12:10:56.708394,2026-05-21 12:10:57.442224,0 days 00:00:00.733830,128,11.480495409346558,15.365031451937678,1.067308548129561,0.0021159343374288746,8,0.7500883040031446,1000,PRUNED
257,0.07268805056810379,2026-05-21 12:10:57.449314,2026-05-21 12:10:58.212091,0 days 00:00:00.762777,112,12.6333839929344,510.761479905106,19.864352836332536,0.003351526011178228,9,0.7955451233649515,2000,PRUNED
258,0.05979093909263611,2026-05-21 12:10:58.219398,2026-05-21 12:10:58.583679,0 days 00:00:00.364281,32,35.142580735398845,385.4106515040238,0.2871057115543792,0.0024667060673131632,5,0.8814946490641832,3000,PRUNED
259,0.038077328354120255,2026-05-21 12:10:58.590115,2026-05-21 12:10:58.904440,0 days 00:00:00.314325,96,195.27892250741058,63.214637841596954,8.901208488369008,0.002943826256646083,2,0.7202767037635044,4000,PRUNED
260,0.03684592247009277,2026-05-21 12:10:58.912015,2026-05-21 12:10:59.312927,0 days 00:00:00.400912,128,19.986182071233628,180.57190014130455,2.6115906527203903,0.00018042449671504395,3,0.671608277352492,3000,PRUNED
261,0.04297017306089401,2026-05-21 12:10:59.320732,2026-05-21 12:10:59.952684,0 days 00:00:00.631952,112,23.857817163874067,30.003629860907186,7.3339824781078224,0.0036756893104681024,7,0.37776027012333835,1000,PRUNED
262,0.058734118938446045,2026-05-21 12:10:59.959782,2026-05-21 12:11:00.718919,0 days 00:00:00.759137,112,15.298911368616713,138.35559363074145,3.2707267740494395,0.0010227110421782096,9,0.6985222338180263,5000,PRUNED
263,0.047229014337062836,2026-05-21 12:11:00.726165,2026-05-21 12:11:01.455685,0 days 00:00:00.729520,128,10.058763248896527,33.82297511290098,12.128931482247244,0.0026517638783605645,8,0.8324704518376,3000,PRUNED
264,4.477369657251984e-06,2026-05-21 12:11:01.462482,2026-05-21 12:11:39.976298,0 days 00:00:38.513816,112,10.967951440590255,45.26822612849371,68.16900913391781,0.0032047432369594875,9,0.3084998199700687,1000,COMPLETE
265,0.04793432727456093,2026-05-21 12:11:39.991207,2026-05-21 12:11:40.807547,0 days 00:00:00.816340,112,53.055597906906726,45.136048826646544,59.94669432516009,0.003223435619390326,10,0.6061033538496159,2000,PRUNED
266,0.03885338082909584,2026-05-21 12:11:40.815176,2026-05-21 12:11:41.436164,0 days 00:00:00.620988,112,11.10773381631902,39.25749680941355,4.5503089011649775,0.0028850897121566114,7,0.7357627448854396,1000,PRUNED
267,2.9311242997209774e-06,2026-05-21 12:11:41.444992,2026-05-21 12:12:18.684190,0 days 00:00:37.239198,112,13.079078377812,53.614230659689035,66.23718478860293,0.004051671531956411,9,0.3057629706800573,3000,COMPLETE
268,1.8575082094685058e-06,2026-05-21 12:12:18.698141,2026-05-21 12:12:58.335262,0 days 00:00:39.637121,112,13.604869807065874,56.62196622169912,52.43975745029413,0.004009996271406973,9,0.308369844190366,3000,COMPLETE
269,0.045054659247398376,2026-05-21 12:12:58.350793,2026-05-21 12:12:59.110302,0 days 00:00:00.759509,112,13.499876774961882,55.26665084278423,70.03426730164195,0.004834934998621262,9,0.32033874368355886,3000,PRUNED
270,1.3079992413622676e-06,2026-05-21 12:12:59.117562,2026-05-21 12:13:45.888632,0 days 00:00:46.771070,112,12.57663005592867,51.3819540620736,40.4403706652445,0.0036958895171623307,9,0.3118246327563615,3000,COMPLETE
271,0.03738495707511902,2026-05-21 12:13:45.907484,2026-05-21 12:13:46.671429,0 days 00:00:00.763945,112,12.25032261198197,52.93354398419114,46.08801244347673,0.004459198035521999,9,0.3010565966935893,3000,PRUNED
272,0.04790271446108818,2026-05-21 12:13:46.680947,2026-05-21 12:13:47.441372,0 days 00:00:00.760425,112,13.699444960963499,61.378592073237,59.523896187782164,0.00399270721003373,9,0.31843893020877934,3000,PRUNED
273,4.959320449415827e-06,2026-05-21 12:13:47.449778,2026-05-21 12:14:26.138455,0 days 00:00:38.688677,112,12.19323689558748,48.009559460335176,41.39083382508051,0.0040053375418544505,9,0.3142517618033881,3000,COMPLETE
274,3.3397163861081935e-06,2026-05-21 12:14:26.152282,2026-05-21 12:15:10.898519,0 days 00:00:44.746237,112,11.629358717948836,50.47427546003688,42.789292360426224,0.0043456266137806634,9,0.3109230972940541,3000,COMPLETE
275,0.034287549555301666,2026-05-21 12:15:10.914603,2026-05-21 12:15:11.673646,0 days 00:00:00.759043,112,11.853270147450056,46.76420101362567,41.98523973443691,0.003955542449474215,9,0.3112553995383212,3000,PRUNED
276,0.03293047845363617,2026-05-21 12:15:11.682870,2026-05-21 12:15:12.424872,0 days 00:00:00.742002,112,12.75422370062766,51.80937166729164,41.57663991827725,0.0037179520611672775,9,0.3099658547334229,3000,PRUNED
277,0.03996993973851204,2026-05-21 12:15:12.432559,2026-05-21 12:15:13.186752,0 days 00:00:00.754193,112,10.878814685176257,52.42990668269913,52.5776620037082,0.003913598390868414,9,0.33205936115723533,3000,PRUNED
278,0.04394752159714699,2026-05-21 12:15:13.194305,2026-05-21 12:15:14.586548,0 days 00:00:01.392243,112,14.386646301398708,59.48250331151128,48.630426785464344,0.00464488270900832,9,0.3270889986164569,3000,PRUNED
279,0.03952304273843765,2026-05-21 12:15:14.592925,2026-05-21 12:15:15.356028,0 days 00:00:00.763103,112,11.525871922153227,57.11394087122962,78.90198645509756,0.0042551727816987645,9,0.34244719198556556,3000,PRUNED
280,0.0417572446167469,2026-05-21 12:15:15.362779,2026-05-21 12:15:16.088487,0 days 00:00:00.725708,112,12.955713905349695,49.36037561814972,38.391469348879866,0.004498428774136095,9,0.3086970198867022,3000,PRUNED
281,0.03229958191514015,2026-05-21 12:15:16.095008,2026-05-21 12:15:16.819194,0 days 00:00:00.724186,112,10.798096150916939,45.458875408078875,33.62232513925198,0.003490525507152031,9,0.3200270896216228,3000,PRUNED
282,0.03208271786570549,2026-05-21 12:15:16.827448,2026-05-21 12:15:17.563748,0 days 00:00:00.736300,112,12.346773124992842,48.015722319100206,47.01418064456763,0.004072823966567712,9,0.3005814862894344,3000,PRUNED
283,0.031600598245859146,2026-05-21 12:15:17.572032,2026-05-21 12:15:18.304737,0 days 00:00:00.732705,112,14.926000485408677,63.53259729004527,66.58702280627912,0.0036762859538360363,9,0.3289513117005163,3000,PRUNED
284,0.04729432612657547,2026-05-21 12:15:18.311621,2026-05-21 12:15:19.032014,0 days 00:00:00.720393,112,13.584541932288301,42.811180021857005,35.03523629427239,0.003602009784459954,9,0.3153421092711511,3000,PRUNED
285,0.03766586259007454,2026-05-21 12:15:19.039047,2026-05-21 12:15:19.765889,0 days 00:00:00.726842,112,11.606252323056236,52.5953392973358,42.86053260515218,0.0032325598750131976,9,0.33458199032605895,3000,PRUNED
286,7.6071069088357035e-06,2026-05-21 12:15:19.772890,2026-05-21 12:15:59.370246,0 days 00:00:39.597356,112,10.130702009788779,49.20715220507847,63.313430483810855,0.0043104700140980945,9,0.30915898600754543,3000,COMPLETE
287,0.15721789002418518,2026-05-21 12:15:59.384781,2026-05-21 12:16:00.149838,0 days 00:00:00.765057,112,10.001959548978652,48.52368635022201,65.62392895804442,0.005720974681184112,9,0.31308992224816934,3000,PRUNED
288,6.448155090765795e-06,2026-05-21 12:16:00.156992,2026-05-21 12:16:43.620168,0 days 00:00:43.463176,112,16.395343902352284,56.52882025969304,57.38823457656712,0.005233031868291003,9,0.352408857642089,3000,COMPLETE
289,0.03517894446849823,2026-05-21 12:16:43.632945,2026-05-21 12:16:44.395106,0 days 00:00:00.762161,112,16.036602695607215,57.32896906943125,60.3014651523932,0.004760230614900107,9,0.34375744558570875,3000,PRUNED
290,1.4110465826888685e-06,2026-05-21 12:16:44.404412,2026-05-21 12:17:29.295714,0 days 00:00:44.891302,112,12.972672158860018,56.64584093402124,52.186552581275336,0.0039437096026847165,9,0.30066534264270917,3000,COMPLETE
291,0.045675527304410934,2026-05-21 12:17:29.312845,2026-05-21 12:17:30.103746,0 days 00:00:00.790901,112,14.396827840510518,72.8630030242575,53.85693262491781,0.005126111219394354,9,0.35403370363438263,3000,PRUNED
292,2.6594766495691147e-06,2026-05-21 12:17:30.110089,2026-05-21 12:18:12.243080,0 days 00:00:42.132991,112,12.931392393882842,59.96074042101642,78.28079955965268,0.004271909075248717,9,0.30161853339320316,3000,COMPLETE
293,0.0349113866686821,2026-05-21 12:18:12.264944,2026-05-21 12:18:13.010922,0 days 00:00:00.745978,112,13.234143770416724,68.98074418181288,78.7536915492242,0.004265560346488022,9,0.3004576907977649,3000,PRUNED
294,0.034634921699762344,2026-05-21 12:18:13.017947,2026-05-21 12:18:13.767277,0 days 00:00:00.749330,112,12.580877264934932,65.65994898939641,54.032154211337996,0.004561548693460404,9,0.3232552027972138,3000,PRUNED
295,0.04761166125535965,2026-05-21 12:18:13.774269,2026-05-21 12:18:14.515977,0 days 00:00:00.741708,112,12.056279386644949,59.871418256894444,72.59738542833213,0.005065659568790832,9,0.31359763848498057,3000,PRUNED
296,0.030169852077960968,2026-05-21 12:18:14.523002,2026-05-21 12:18:15.263840,0 days 00:00:00.740838,112,13.976844183706529,55.00355134103573,65.27763629039676,0.004192333357844007,9,0.30563293607779907,3000,PRUNED
297,1.8809100765793119e-06,2026-05-21 12:18:15.270706,2026-05-21 12:18:54.865448,0 days 00:00:39.594742,112,11.067928173123699,52.30984841076467,92.85578300958348,0.003882946041757524,9,0.3298032230624631,3000,COMPLETE
298,0.038360510021448135,2026-05-21 12:18:54.885039,2026-05-21 12:18:55.648044,0 days 00:00:00.763005,112,10.877073057497762,50.8769869744265,82.39330513211556,0.003916979330812022,9,0.3164854411257702,3000,PRUNED
299,0.03525589406490326,2026-05-21 12:18:55.657810,2026-05-21 12:18:56.424156,0 days 00:00:00.766346,112,11.57271576546394,55.233049855205245,96.9345194251861,0.0043331379618058085,9,0.3298148830742335,3000,PRUNED
300,0.03290693461894989,2026-05-21 12:18:56.434045,2026-05-21 12:18:57.195872,0 days 00:00:00.761827,112,10.758932420405719,44.41742401029135,73.88264437649228,0.0038041191417981374,9,0.32729374777618836,3000,PRUNED
301,0.044712189584970474,2026-05-21 12:18:57.203986,2026-05-21 12:18:57.960373,0 days 00:00:00.756387,112,12.58867391538628,48.14504078546745,87.64736939114414,0.005309010323906931,9,0.30087677186968576,3000,PRUNED
302,0.05396820977330208,2026-05-21 12:18:57.967192,2026-05-21 12:18:58.728259,0 days 00:00:00.761067,112,11.65839883405892,63.88376963662127,55.98657578856368,0.004778695315526678,9,0.35459550364669495,3000,PRUNED
303,8.324836926476564e-06,2026-05-21 12:18:58.734973,2026-05-21 12:19:38.078584,0 days 00:00:39.343611,112,10.003212365204705,58.16273151490012,50.43814766088993,0.0035645251543478065,9,0.3153146314077151,3000,COMPLETE
304,0.04065485671162605,2026-05-21 12:19:38.093280,2026-05-21 12:19:38.858458,0 days 00:00:00.765178,112,42.701940784745254,45.87254731858411,45.22363691827692,0.004172708505277369,9,0.33715328879828343,3000,PRUNED
305,5.6969747674884275e-06,2026-05-21 12:19:38.865345,2026-05-21 12:20:20.720892,0 days 00:00:41.855547,112,13.339817210687695,49.98953076968006,59.530690654429435,0.0034229629605088616,9,0.32331583578341344,3000,COMPLETE
306,0.03121192753314972,2026-05-21 12:20:20.737604,2026-05-21 12:20:21.500982,0 days 00:00:00.763378,112,14.772837690170242,57.07024715329954,37.99470680235279,0.003313109143665548,9,0.3345493455652341,3000,PRUNED
307,0.03248131647706032,2026-05-21 12:20:21.508319,2026-05-21 12:20:22.273406,0 days 00:00:00.765087,112,13.680062307020235,52.60563425767661,46.10760792839799,0.003321805226438974,9,0.3207346675062602,3000,PRUNED
308,0.036807987838983536,2026-05-21 12:20:22.281169,2026-05-21 12:20:23.047926,0 days 00:00:00.766757,112,12.923149188258783,51.34266773374938,56.67356477977056,0.003087774747871832,9,0.3240041563192068,3000,PRUNED
309,0.032999202609062195,2026-05-21 12:20:23.055982,2026-05-21 12:20:23.774566,0 days 00:00:00.718584,96,15.19114118096463,42.06844499674664,97.80186381495207,0.0038184387671725177,9,0.3078652544499723,3000,PRUNED
310,0.030628027394413948,2026-05-21 12:20:23.781658,2026-05-21 12:20:24.546418,0 days 00:00:00.764760,112,13.33776704746027,65.68120196338982,74.83020971933112,0.0034593556191251395,9,0.3251627830463989,3000,PRUNED
311,0.02972993813455105,2026-05-21 12:20:24.553450,2026-05-21 12:20:25.316997,0 days 00:00:00.763547,112,16.441844664101783,59.81809615773247,40.258581465037686,0.0030612474724171206,9,0.3561939951483562,3000,PRUNED
312,0.041217584162950516,2026-05-21 12:20:25.324349,2026-05-21 12:20:26.036818,0 days 00:00:00.712469,96,11.863783216574694,42.65912043091493,26.796921563111496,0.0038206978271472744,9,0.30060506527378056,3000,PRUNED
313,0.038402263075113297,2026-05-21 12:20:26.045491,2026-05-21 12:20:26.803901,0 days 00:00:00.758410,112,14.263380912576013,53.00495629180623,31.033539856236064,0.002828842070971216,9,0.3124816639231624,3000,PRUNED
314,0.038711562752723694,2026-05-21 12:20:26.810950,2026-05-21 12:20:27.570392,0 days 00:00:00.759442,112,12.647963427164306,47.068195112612486,35.144305052543864,0.0033936746774669646,9,0.3422649647879495,3000,PRUNED
315,0.02961089462041855,2026-05-21 12:20:27.577667,2026-05-21 12:20:28.919574,0 days 00:00:01.341907,112,11.645883704974612,56.13446922689688,69.55166711578161,0.003064129181052152,8,0.3202912241724914,3000,PRUNED
316,0.03513139858841896,2026-05-21 12:20:28.925980,2026-05-21 12:20:29.617829,0 days 00:00:00.691849,112,15.410925574004434,39.580437101969096,56.83410906208405,0.0026399314483323824,8,0.33321548981316723,3000,PRUNED
317,0.03712489828467369,2026-05-21 12:20:29.625798,2026-05-21 12:20:30.384280,0 days 00:00:00.758482,112,13.56929958381026,49.37698810351986,50.25872339442091,0.003987817532376959,9,0.3038386438770595,3000,PRUNED
318,0.02863737754523754,2026-05-21 12:20:30.391902,2026-05-21 12:20:31.860543,0 days 00:00:01.468641,112,11.116106887558644,44.056779643267504,42.28777167602398,0.0023782916784684375,9,0.30032936389425763,3000,PRUNED
319,0.03843069076538086,2026-05-21 12:20:31.867584,2026-05-21 12:20:32.580854,0 days 00:00:00.713270,96,12.362822377453593,60.27837999267733,30.218754971630847,0.004658731292601485,9,0.3177383086043127,3000,PRUNED
320,0.031997162848711014,2026-05-21 12:20:32.588496,2026-05-21 12:20:33.359114,0 days 00:00:00.770618,112,14.461783497997798,68.58884529164504,86.41709428676668,0.0034194086570560425,9,0.3133608205168149,3000,PRUNED
321,0.038587093353271484,2026-05-21 12:20:33.366096,2026-05-21 12:20:34.065408,0 days 00:00:00.699312,112,16.987067776175184,52.295363442888075,35.736780147024085,0.003709184552904711,8,0.329205022318784,3000,PRUNED
322,0.04167551174759865,2026-05-21 12:20:34.072919,2026-05-21 12:20:34.836581,0 days 00:00:00.763662,112,12.806982579301156,47.18429478376491,63.03679942500987,0.0027978982829183125,9,0.3662250205684147,3000,PRUNED
323,1.2257570460860734e-06,2026-05-21 12:20:34.844524,2026-05-21 12:21:32.339077,0 days 00:00:57.494553,112,11.034505425443983,54.34638122867989,44.0902555071218,0.0031269331651170057,9,0.6257704652960424,3000,COMPLETE
324,0.037465307861566544,2026-05-21 12:21:32.356824,2026-05-21 12:21:33.026325,0 days 00:00:00.669501,112,10.911994110073026,55.93649220818128,49.14456164282324,0.005434984778608768,8,0.6184468700824304,3000,PRUNED
325,1.8003777313424507e-06,2026-05-21 12:21:33.033780,2026-05-21 12:22:19.306060,0 days 00:00:46.272280,112,11.281878393063616,78.58553045241355,41.147113691087185,0.00323536873189424,9,0.6335773065165846,3000,COMPLETE
326,0.03144143521785736,2026-05-21 12:22:19.317756,2026-05-21 12:22:20.787170,0 days 00:00:01.469414,112,10.829788371886407,72.29139379075224,39.389590612463344,0.0032247715767433857,9,0.6364690640903485,3000,PRUNED
327,0.03836747631430626,2026-05-21 12:22:20.794140,2026-05-21 12:22:21.514564,0 days 00:00:00.720424,96,11.644539778593696,77.85789874675368,45.4111869833275,0.0035799707080008568,9,0.6199598427250497,3000,PRUNED
328,2.0360698727017734e-06,2026-05-21 12:22:21.523412,2026-05-21 12:23:09.608999,0 days 00:00:48.085587,112,10.01044851954062,64.45484534617151,32.66533894226336,0.003040523833419359,9,0.6325327672483404,3000,COMPLETE
329,0.04612908512353897,2026-05-21 12:23:09.624986,2026-05-21 12:23:10.329596,0 days 00:00:00.704610,112,10.680453175547244,87.4087233955194,32.91266734511785,0.0031491014575365465,8,0.6284857244532823,3000,PRUNED
330,0.023552967235445976,2026-05-21 12:23:10.336544,2026-05-21 12:23:11.803285,0 days 00:00:01.466741,112,10.020325729572473,67.05120371150845,35.91624755341831,0.003946784328570329,9,0.6473115762890603,3000,PRUNED
331,0.04854954406619072,2026-05-21 12:23:11.810005,2026-05-21 12:23:12.573826,0 days 00:00:00.763821,112,11.523199036261683,63.07468384367766,28.377177311721333,0.0035601510169050456,9,0.5982262812430992,3000,PRUNED
332,0.03898091986775398,2026-05-21 12:23:12.581784,2026-05-21 12:23:13.282777,0 days 00:00:00.700993,112,74.44418453857821,60.71498897424952,39.70424293285687,0.003070060021506005,8,0.6317572429031166,3000,PRUNED
333,0.05770845338702202,2026-05-21 12:23:13.290019,2026-05-21 12:23:14.045843,0 days 00:00:00.755824,112,10.959270270411276,82.32898431036082,44.54725866688197,0.00256957309208702,9,0.6517980698104416,3000,PRUNED
334,0.05695582926273346,2026-05-21 12:23:14.053894,2026-05-21 12:23:14.746789,0 days 00:00:00.692895,96,12.073455877744273,50.962371582322476,24.417107387921085,0.004303769530215435,9,0.6249146548899699,3000,PRUNED
335,0.049412935972213745,2026-05-21 12:23:14.755642,2026-05-21 12:23:15.518462,0 days 00:00:00.762820,112,10.672976359790269,71.23844072158272,31.031385702671663,0.0033306569958103573,9,0.6069436558158294,3000,PRUNED
336,0.031844038516283035,2026-05-21 12:23:15.527196,2026-05-21 12:23:16.256707,0 days 00:00:00.729511,112,11.935180995850942,54.51789342328234,36.45383712881245,0.0029447924588498786,9,0.6375444934890703,3000,PRUNED
337,0.03277265280485153,2026-05-21 12:23:16.265960,2026-05-21 12:23:16.959238,0 days 00:00:00.693278,112,10.135599429740308,62.99300231016841,50.976179254529114,0.002243418811782032,8,0.6428577146073253,3000,PRUNED
338,2.484481456122012e-06,2026-05-21 12:23:16.969386,2026-05-21 12:24:00.506672,0 days 00:00:43.537286,112,12.812371135987217,46.917377875940424,44.96098690309924,0.003711556747505729,9,0.6177206751238046,3000,COMPLETE
339,0.03362234681844711,2026-05-21 12:24:00.520958,2026-05-21 12:24:01.240417,0 days 00:00:00.719459,112,11.436298012289425,44.10273817843956,42.00056300854004,0.0038372173908421277,8,0.6057039593296304,3000,PRUNED
340,0.05133385583758354,2026-05-21 12:24:01.248783,2026-05-21 12:24:02.009284,0 days 00:00:00.760501,112,12.278389271491648,76.20042834790324,27.01385887065909,0.0042032661928111635,9,0.5905525892666944,3000,PRUNED
341,0.03007844090461731,2026-05-21 12:24:02.017625,2026-05-21 12:24:02.733909,0 days 00:00:00.716284,96,10.040093032086016,13.057976601372411,33.681755141976694,0.0027353597776991053,9,0.6204906479265239,3000,PRUNED
342,0.02329379878938198,2026-05-21 12:24:02.743102,2026-05-21 12:24:04.213145,0 days 00:00:01.470043,112,11.166179648843048,46.939722797485736,44.70052614399778,0.002486729737490129,9,0.6619394441271096,3000,PRUNED
343,0.05176673084497452,2026-05-21 12:24:04.222527,2026-05-21 12:24:04.994850,0 days 00:00:00.772323,112,13.017375868992707,57.8415630830818,39.861878441839536,0.0037403456658639733,9,0.6159925514629185,3000,PRUNED
344,0.032864395529031754,2026-05-21 12:24:05.003228,2026-05-21 12:24:05.767869,0 days 00:00:00.764641,112,12.405266215230652,14.316645960715926,49.176817751827805,0.0020486002561466952,9,0.5008235362954784,3000,PRUNED
345,0.04692281782627106,2026-05-21 12:24:05.775254,2026-05-21 12:24:06.470176,0 days 00:00:00.694922,112,11.030690036396132,51.77775801896652,22.393216926433738,0.004546957546802871,8,0.6265499512970658,3000,PRUNED
346,0.03163167089223862,2026-05-21 12:24:06.477587,2026-05-21 12:24:07.247392,0 days 00:00:00.769805,112,13.917868766464718,64.62529471932287,32.48407470827957,0.003026739495914583,9,0.642094800581185,3000,PRUNED
347,0.04506738856434822,2026-05-21 12:24:07.254519,2026-05-21 12:24:07.959221,0 days 00:00:00.704702,112,12.035876615502342,40.23471528200559,38.05857694394589,0.0040588587785766825,8,0.655465392967261,3000,PRUNED
348,0.03815142810344696,2026-05-21 12:24:07.966596,2026-05-21 12:24:08.726125,0 days 00:00:00.759529,112,10.018337605221106,45.02071433308026,70.00357937791246,0.003284473923586103,9,0.6305455637194797,3000,PRUNED
349,0.029247187077999115,2026-05-21 12:24:08.734323,2026-05-21 12:24:09.491671,0 days 00:00:00.757348,112,12.778164504236052,60.32046523115613,80.43612667761857,0.002808356083172964,9,0.6129436241953782,3000,PRUNED
350,0.038897011429071426,2026-05-21 12:24:09.499815,2026-05-21 12:24:10.219063,0 days 00:00:00.719248,96,14.499981351848994,54.35337246583023,28.41418683199905,0.00362821646655358,9,0.31001600597872675,3000,PRUNED
351,0.030392760410904884,2026-05-21 12:24:10.227101,2026-05-21 12:24:10.981179,0 days 00:00:00.754078,112,11.272764097018543,49.05811147851981,51.967003743760976,0.002390375608805705,9,0.6449801962192963,3000,PRUNED
352,0.048885878175497055,2026-05-21 12:24:10.988426,2026-05-21 12:24:11.755763,0 days 00:00:00.767337,112,13.246390461039601,124.5640407410195,43.03087748182044,0.0031119030255648762,9,0.30264827986378295,3000,PRUNED
353,2.7904645776288817e-06,2026-05-21 12:24:11.763211,2026-05-21 12:24:47.311935,0 days 00:00:35.548724,96,11.71478031872683,12.959746965469273,35.99131420509845,0.004068405137164411,9,0.599172957915333,3000,COMPLETE
354,0.04128783196210861,2026-05-21 12:24:47.327801,2026-05-21 12:24:48.104434,0 days 00:00:00.776633,112,10.928491849303969,13.057483656404411,35.07387814600497,0.004472809095079235,9,0.6200494273391431,3000,PRUNED
355,0.035303667187690735,2026-05-21 12:24:48.112345,2026-05-21 12:24:48.874889,0 days 00:00:00.762544,112,11.613184377712452,14.96168120443549,24.60414084313131,0.004085070012455647,9,0.5841091788728644,3000,PRUNED
356,0.03422151878476143,2026-05-21 12:24:48.882433,2026-05-21 12:24:49.641744,0 days 00:00:00.759311,112,10.792596818270423,12.036559327451274,15.276953984640835,0.004635666017564914,9,0.6032177909737357,3000,PRUNED
357,5.131959369464312e-06,2026-05-21 12:24:49.651229,2026-05-21 12:25:28.898757,0 days 00:00:39.247528,96,12.165785942415281,12.911843679790094,31.045278039327336,0.0037314416639462568,9,0.561261754970408,3000,COMPLETE
358,0.030008766800165176,2026-05-21 12:25:28.913335,2026-05-21 12:25:29.623181,0 days 00:00:00.709846,96,12.277168187408737,13.135827173612173,29.434901752893346,0.00375141353621922,9,0.5591527707255736,3000,PRUNED
359,0.0354267954826355,2026-05-21 12:25:29.629661,2026-05-21 12:25:30.311305,0 days 00:00:00.681644,96,10.826811094505496,14.79657839348226,32.067624680932,0.003996232580360641,9,0.5817625684569271,3000,PRUNED
360,0.025415999814867973,2026-05-21 12:25:30.318094,2026-05-21 12:25:31.627484,0 days 00:00:01.309390,96,10.02865642858356,13.757202718043182,26.19886120978538,0.0035499013951777333,9,0.5888788838501673,3000,PRUNED
361,0.0033796955831348896,2026-05-21 12:25:31.634803,2026-05-21 12:25:34.818273,0 days 00:00:03.183470,96,11.929417618925138,11.723391870450317,37.671207495218006,0.004365112364132612,9,0.5989700604441228,3000,PRUNED
362,0.03489750251173973,2026-05-21 12:25:34.824944,2026-05-21 12:25:35.536424,0 days 00:00:00.711480,96,13.108586728298718,15.492500021065746,21.18754855411755,0.003398434042209393,9,0.6096526354971462,3000,PRUNED
363,0.040520910173654556,2026-05-21 12:25:35.543140,2026-05-21 12:25:36.229048,0 days 00:00:00.685908,96,10.018952476838116,16.69007358919507,49.26849202955,0.0038410483172009622,9,0.5691338318753457,3000,PRUNED
364,0.03620919585227966,2026-05-21 12:25:36.235980,2026-05-21 12:25:36.980989,0 days 00:00:00.745009,112,11.753834583992862,13.013642909470066,42.24943618845761,0.004920703907079943,9,0.46424160317042995,3000,PRUNED
365,0.013469531200826168,2026-05-21 12:25:36.988762,2026-05-21 12:25:38.956891,0 days 00:00:01.968129,96,13.776661045027012,11.652407102515632,32.85244470969937,0.0032377904722493277,9,0.577203071542318,3000,PRUNED
366,0.03685809671878815,2026-05-21 12:25:38.965728,2026-05-21 12:25:39.725549,0 days 00:00:00.759821,112,11.11568241570385,66.58603271577994,91.16423168955063,0.004145484029594539,9,0.5949655935039895,3000,PRUNED
367,0.029731260612607002,2026-05-21 12:25:39.734585,2026-05-21 12:25:40.505653,0 days 00:00:00.771068,112,12.650451653671654,59.3322582669063,56.4889362866898,0.002880481565743582,9,0.632415187321464,3000,PRUNED
368,0.03332870081067085,2026-05-21 12:25:40.515399,2026-05-21 12:25:41.287564,0 days 00:00:00.772165,112,11.87174215903734,10.682208005487269,38.454427787772154,0.0035212783912763283,9,0.6097634102429014,3000,PRUNED
369,0.045999668538570404,2026-05-21 12:25:41.296668,2026-05-21 12:25:42.063236,0 days 00:00:00.766568,112,15.084149500807909,14.434391880237404,45.34100889533831,0.0026766156203750662,9,0.3003670032237685,3000,PRUNED
370,0.05045812949538231,2026-05-21 12:25:42.072442,2026-05-21 12:25:42.742800,0 days 00:00:00.670358,80,790.578217485133,12.476360310656249,69.82567776333998,0.0037230848529698508,9,0.6227079270526166,3000,PRUNED
371,0.05986090004444122,2026-05-21 12:25:42.750857,2026-05-21 12:25:43.529571,0 days 00:00:00.778714,112,13.484570761289824,54.17778751808037,29.575101372140438,0.0048509514210998035,9,0.3110594009927825,3000,PRUNED
372,1.155527002083545e-06,2026-05-21 12:25:43.539362,2026-05-21 12:26:33.455918,0 days 00:00:49.916556,112,10.969503158731328,49.63564535328863,63.0515038231751,0.003147302148553494,9,0.6350966272728124,3000,COMPLETE
373,0.045057933777570724,2026-05-21 12:26:33.474116,2026-05-21 12:26:34.243201,0 days 00:00:00.769085,112,10.860896556609159,50.649556085833176,67.15261536728984,0.0029597541474923497,9,0.6380767571453042,3000,PRUNED
374,0.05590378865599632,2026-05-21 12:26:34.251787,2026-05-21 12:26:35.023606,0 days 00:00:00.771819,112,10.782165872543294,55.333302962927434,81.18764141312539,0.002541206160977271,8,0.6537891373565863,3000,PRUNED
375,0.031422294676303864,2026-05-21 12:26:35.031761,2026-05-21 12:26:35.793945,0 days 00:00:00.762184,112,10.01338815745642,46.4359817023409,61.616209508183545,0.00320152620729168,9,0.63019195363391,3000,PRUNED
376,0.044711872935295105,2026-05-21 12:26:35.801299,2026-05-21 12:26:36.572722,0 days 00:00:00.771423,112,11.596325451291674,42.313594156417864,53.341545849948666,0.00283425301960975,9,0.32140279411972583,3000,PRUNED
377,0.04511404037475586,2026-05-21 12:26:36.580572,2026-05-21 12:26:37.342087,0 days 00:00:00.761515,112,12.799448928112028,49.19965045426489,74.48174558483913,0.003219188824532643,9,0.6146157868923612,3000,PRUNED
378,0.03895638510584831,2026-05-21 12:26:37.348656,2026-05-21 12:26:38.148100,0 days 00:00:00.799444,112,11.317887828724789,60.28171325670491,46.268268887156154,0.0026501042875524657,10,0.645931877057413,3000,PRUNED
379,0.04689709097146988,2026-05-21 12:26:38.155737,2026-05-21 12:26:38.869634,0 days 00:00:00.713897,112,10.00435809786917,72.10419016298383,17.44411301517321,0.0022054591408651393,8,0.3378542670438735,3000,PRUNED
380,0.03354131430387497,2026-05-21 12:26:38.877513,2026-05-21 12:26:39.644780,0 days 00:00:00.767267,112,14.092912599740044,51.87183565114841,61.32684958050998,0.004188408629016767,9,0.31241736646363943,3000,PRUNED
381,0.035064175724983215,2026-05-21 12:26:39.652725,2026-05-21 12:26:40.413603,0 days 00:00:00.760878,112,33.03933247209652,58.20720442514516,52.10045266874419,0.0029978812249123,9,0.6270621871279272,3000,PRUNED
382,7.60072362027131e-06,2026-05-21 12:26:40.420140,2026-05-21 12:27:21.994802,0 days 00:00:41.574662,112,12.584682782398264,45.864952729287786,39.458291634442006,0.003398988991707728,9,0.3245853579224784,3000,COMPLETE
383,0.03134192153811455,2026-05-21 12:27:22.010687,2026-05-21 12:27:22.778928,0 days 00:00:00.768241,112,11.028367287951108,63.84193274904006,85.69943402276952,0.0030235790805929114,9,0.6597654725034143,3000,PRUNED
384,0.04239767789840698,2026-05-21 12:27:22.788449,2026-05-21 12:27:23.555591,0 days 00:00:00.767142,112,14.985946147145604,54.44962601176225,45.6665818111644,0.0024655252205965433,9,0.6342595334907205,3000,PRUNED
385,0.038847532123327255,2026-05-21 12:27:23.563223,2026-05-21 12:27:24.273657,0 days 00:00:00.710434,112,11.882987159778855,49.701972113737305,55.088073683937424,0.0044710027692035186,8,0.6162703549146713,3000,PRUNED
386,0.035254593938589096,2026-05-21 12:27:24.281455,2026-05-21 12:27:25.041102,0 days 00:00:00.759647,112,13.554043056996717,37.602047347687375,35.896387643338535,0.003869892359268579,9,0.6000246909274503,3000,PRUNED
387,0.028902333229780197,2026-05-21 12:27:25.048092,2026-05-21 12:27:25.809866,0 days 00:00:00.761774,112,10.822025059032166,42.628278343364265,98.30285708020438,0.0033187299822258804,9,0.31121547483627227,3000,PRUNED
388,0.0553668849170208,2026-05-21 12:27:25.816296,2026-05-21 12:27:26.623877,0 days 00:00:00.807581,112,12.49713960744899,68.16261687355839,65.45689338833682,0.002791480773585902,10,0.3329107514997125,3000,PRUNED
389,0.048734452575445175,2026-05-21 12:27:26.631336,2026-05-21 12:27:27.395749,0 days 00:00:00.764413,112,11.606116045251571,57.61634452985599,42.52419645526404,0.0040435222926327,9,0.31808146180681646,3000,PRUNED
390,0.0290369875729084,2026-05-21 12:27:27.402982,2026-05-21 12:27:28.165012,0 days 00:00:00.762030,112,13.942371222886983,83.30614088543388,50.32826207967661,0.003584350147925298,9,0.6460768525057403,1000,PRUNED
391,0.0300260279327631,2026-05-21 12:27:28.171770,2026-05-21 12:27:28.871889,0 days 00:00:00.700119,112,10.027471549053008,46.03354020497673,74.6436396355509,0.002284549362328975,8,0.3016390203191588,2000,PRUNED
392,0.04516836255788803,2026-05-21 12:27:28.878329,2026-05-21 12:27:29.637891,0 days 00:00:00.759562,112,12.494574413081507,52.44066576556308,19.29886938169231,0.003136043735771206,9,0.6651466636850587,2000,PRUNED
393,0.03499000146985054,2026-05-21 12:27:29.645755,2026-05-21 12:27:30.409682,0 days 00:00:00.763927,112,15.335476509710698,16.414189535292916,35.666077568301475,0.002669977078097284,9,0.30030216342038235,3000,PRUNED
394,0.03405604511499405,2026-05-21 12:27:30.416022,2026-05-21 12:27:31.097220,0 days 00:00:00.681198,112,11.092427901175348,63.62468608226943,24.63001883102624,0.0019699413392766296,8,0.6254120766328188,3000,PRUNED
395,0.047027502208948135,2026-05-21 12:27:31.105185,2026-05-21 12:27:31.871880,0 days 00:00:00.766695,112,13.453845504955774,39.9172176347307,59.75452897556088,0.0034844939697846614,9,0.6393949716664016,3000,PRUNED
396,0.06204983964562416,2026-05-21 12:27:31.879532,2026-05-21 12:27:32.638853,0 days 00:00:00.759321,112,10.786636034241393,49.43238046563544,13.572531423106335,0.004324701089738688,9,0.613026032717735,3000,PRUNED
397,0.036437831819057465,2026-05-21 12:27:32.646789,2026-05-21 12:27:33.310534,0 days 00:00:00.663745,112,12.021377732898422,55.510281424513195,43.02037705859796,0.0029196477868711924,7,0.32435249254347437,3000,PRUNED
398,0.046133074909448624,2026-05-21 12:27:33.318810,2026-05-21 12:27:34.079045,0 days 00:00:00.760235,112,12.846009624527897,75.26245050842834,48.87110535811467,0.0049293838568349214,9,0.5343292940469002,1000,PRUNED
399,0.02208651229739189,2026-05-21 12:27:34.086661,2026-05-21 12:27:35.509246,0 days 00:00:01.422585,112,14.48005808870611,45.002269523894775,36.526177692361856,0.003936688425374762,9,0.34257440948665535,3000,PRUNED
400,0.03359377756714821,2026-05-21 12:27:35.517748,2026-05-21 12:27:36.343435,0 days 00:00:00.825687,112,11.598992321057153,59.54377920478716,27.266618299656738,0.002489680967699145,10,0.6760586089980929,3000,PRUNED
401,0.05005577206611633,2026-05-21 12:27:36.352735,2026-05-21 12:27:36.990678,0 days 00:00:00.637943,112,10.033544220173855,14.287726815921385,81.15997705940741,0.0032772885806849126,7,0.3111827676993911,3000,PRUNED
402,0.03680817037820816,2026-05-21 12:27:36.999485,2026-05-21 12:27:37.709936,0 days 00:00:00.710451,112,13.278007896466365,11.202222163652106,66.51375759009703,0.0036774996610107586,8,0.6015672525798421,3000,PRUNED
403,0.044019658118486404,2026-05-21 12:27:37.719556,2026-05-21 12:27:38.485255,0 days 00:00:00.765699,112,16.227660616423233,54.900027421765266,17.498664373928655,0.001746079540026455,9,0.6388630626385725,3000,PRUNED
404,0.03972819447517395,2026-05-21 12:27:38.493685,2026-05-21 12:27:39.261052,0 days 00:00:00.767367,112,10.993870597964758,47.85652449227121,40.471164123942515,0.0045762354335076375,9,0.6218943168357419,1000,PRUNED
405,0.0391470342874527,2026-05-21 12:27:39.268296,2026-05-21 12:27:39.885932,0 days 00:00:00.617636,80,11.937802448526481,65.60719648590398,32.808721831988215,0.00276400489384075,8,0.3148256533605209,3000,PRUNED
406,0.04387771338224411,2026-05-21 12:27:39.893371,2026-05-21 12:27:40.650912,0 days 00:00:00.757541,112,14.112138215004503,51.56464259640804,54.23506771793387,0.003081216128480058,9,0.6522257878877529,3000,PRUNED
407,0.037358205765485764,2026-05-21 12:27:40.658633,2026-05-21 12:27:41.417826,0 days 00:00:00.759193,112,10.90788802331218,43.10013707855004,45.79843633243955,0.004092253338508861,9,0.3303051045469358,3000,PRUNED
408,0.026930080726742744,2026-05-21 12:27:41.425641,2026-05-21 12:27:42.894537,0 days 00:00:01.468896,112,12.455463651698247,60.46560976095323,11.135498630733657,0.0035899068793446677,9,0.3004087284804055,1000,PRUNED
409,0.036612022668123245,2026-05-21 12:27:42.901271,2026-05-21 12:27:43.642262,0 days 00:00:00.740991,112,11.675803178012837,13.557093396856919,20.927068758078626,0.0021654607768016865,9,0.6290579375619064,3000,PRUNED
410,0.03286821395158768,2026-05-21 12:27:43.649467,2026-05-21 12:27:44.353047,0 days 00:00:00.703580,112,15.40978005394066,49.19503935732397,38.53578173249599,0.00236058466907397,8,0.6071381444678161,3000,PRUNED
411,0.038332026451826096,2026-05-21 12:27:44.359853,2026-05-21 12:27:45.122381,0 days 00:00:00.762528,112,44.12474453267394,17.77314685824628,60.36666625325888,0.003256966981197341,9,0.320292403775337,3000,PRUNED
412,0.04019005969166756,2026-05-21 12:27:45.128693,2026-05-21 12:27:45.863448,0 days 00:00:00.734755,112,65.73281579763147,54.34085624482348,29.54382550881984,0.0026990737185138658,9,0.6668958778121867,3000,PRUNED
413,0.05040030553936958,2026-05-21 12:27:45.869968,2026-05-21 12:27:46.686500,0 days 00:00:00.816532,112,451.1432506534413,15.863996415593432,15.16241091816785,0.002931701744503473,10,0.6242582681520799,3000,PRUNED
414,0.034621912986040115,2026-05-21 12:27:46.692943,2026-05-21 12:27:47.403445,0 days 00:00:00.710502,96,13.06547085470475,12.142086384294421,73.88614686038437,0.003459367262219992,9,0.6476246427267899,3000,PRUNED
415,0.03565476834774017,2026-05-21 12:27:47.411833,2026-05-21 12:27:48.177906,0 days 00:00:00.766073,112,10.042485152353692,67.49440787136324,48.68494732622962,0.0039083565900542286,9,0.594515765144986,1000,PRUNED
416,0.04357640817761421,2026-05-21 12:27:48.186653,2026-05-21 12:27:48.943635,0 days 00:00:00.756982,112,10.973484741065109,40.203621745339134,33.90677406363434,0.0042858971772309065,9,0.31560799262145744,3000,PRUNED
417,0.03141242265701294,2026-05-21 12:27:48.952123,2026-05-21 12:27:49.589139,0 days 00:00:00.637016,112,14.25811530172877,47.36881753983911,55.26598516565256,0.002559483865111852,7,0.33409031469245315,3000,PRUNED
418,0.028997724875807762,2026-05-21 12:27:49.598187,2026-05-21 12:27:50.360845,0 days 00:00:00.762658,112,12.444034748295994,10.974612005452343,24.439448868664986,0.003058585112106967,9,0.6115737686161247,3000,PRUNED
419,0.052334852516651154,2026-05-21 12:27:50.369568,2026-05-21 12:27:51.087042,0 days 00:00:00.717474,96,36.909235227558035,90.94203716244613,42.178563779244,0.0049486730658219215,9,0.415548688590075,3000,PRUNED
420,0.03747329115867615,2026-05-21 12:27:51.096600,2026-05-21 12:27:51.803761,0 days 00:00:00.707161,112,11.643503631491614,58.866988247846514,93.3984500809029,0.0035337112479066307,8,0.6337973202910249,1000,PRUNED
421,0.030420204624533653,2026-05-21 12:27:51.812780,2026-05-21 12:27:52.455417,0 days 00:00:00.642637,112,17.624392067123946,52.24158711464142,68.1481913029643,0.0038649006696956554,7,0.30926891690175057,3000,PRUNED
422,0.044698964804410934,2026-05-21 12:27:52.464788,2026-05-21 12:27:53.223573,0 days 00:00:00.758785,112,13.176240520162464,44.08959092385326,38.443413014648534,0.004498367594217896,9,0.3247731161897934,2000,PRUNED
423,0.029686566442251205,2026-05-21 12:27:53.232603,2026-05-21 12:27:53.992676,0 days 00:00:00.760073,112,10.779365887296395,76.11995077008018,12.621381850979562,0.0028030218642756282,9,0.6570680175003207,3000,PRUNED
424,0.029899943619966507,2026-05-21 12:27:54.001403,2026-05-21 12:27:54.664159,0 days 00:00:00.662756,96,10.014913134337448,14.398737680506764,46.46940438430949,0.003240644619363497,8,0.30136684419566534,3000,PRUNED
425,0.04636422172188759,2026-05-21 12:27:54.671742,2026-05-21 12:27:55.367527,0 days 00:00:00.695785,112,15.07331728103875,56.1430574852254,30.983468620692534,0.00254259896777085,8,0.6380140687760864,3000,PRUNED
426,0.03879231959581375,2026-05-21 12:27:55.376141,2026-05-21 12:27:56.134674,0 days 00:00:00.758533,112,11.865581872859385,49.541579510100085,56.725130934797136,0.0054650439477831325,9,0.6850546378576392,3000,PRUNED
427,0.0534641332924366,2026-05-21 12:27:56.142691,2026-05-21 12:27:56.899787,0 days 00:00:00.757096,112,13.77088529293745,62.0593876340142,9.889633170261293,0.003643147604611569,9,0.6111507931433432,1000,PRUNED
428,2.216821258116397e-06,2026-05-21 12:27:56.906961,2026-05-21 12:28:32.064463,0 days 00:00:35.157502,112,12.687329075953755,12.438213982489664,83.6152466878544,0.0030039894193863415,9,0.34490874828710893,3000,COMPLETE
429,0.032340943813323975,2026-05-21 12:28:32.078790,2026-05-21 12:28:32.845886,0 days 00:00:00.767096,112,30.33781130388567,12.266460257596346,77.59010258581574,0.0029593315533951725,9,0.35095780491113104,3000,PRUNED
430,0.03454384207725525,2026-05-21 12:28:32.852879,2026-05-21 12:28:33.683299,0 days 00:00:00.830420,128,16.320004484349916,13.116276567528153,85.50919261148196,0.0027132428397642085,9,0.6214205067357841,3000,PRUNED
431,0.029135065153241158,2026-05-21 12:28:33.690581,2026-05-21 12:28:34.452672,0 days 00:00:00.762091,112,13.241692088431348,10.255476822768157,94.48248433406894,0.002339508319528393,9,0.3629114516878627,3000,PRUNED
432,0.038240909576416016,2026-05-21 12:28:34.459448,2026-05-21 12:28:35.221310,0 days 00:00:00.761862,112,11.004759976525913,11.147072619275418,82.7589149882284,0.003199869648359604,9,0.33604346534082163,3000,PRUNED
433,0.03214613348245621,2026-05-21 12:28:35.228138,2026-05-21 12:28:35.910321,0 days 00:00:00.682183,112,12.53244203621631,15.55796355651098,74.09057012339886,0.0029647884689942483,8,0.6750467350444849,3000,PRUNED
434,0.031386539340019226,2026-05-21 12:28:35.917767,2026-05-21 12:28:36.634044,0 days 00:00:00.716277,96,14.596365757544548,13.289360292276962,99.98628831080038,0.0021268042228509165,9,0.5869976136391324,3000,PRUNED
435,0.030078690499067307,2026-05-21 12:28:36.641747,2026-05-21 12:28:37.413362,0 days 00:00:00.771615,112,10.9192418911497,11.504416177643813,64.7631566129222,0.002565037338405076,9,0.6437166511582678,1000,PRUNED
436,0.04574580118060112,2026-05-21 12:28:37.421410,2026-05-21 12:28:38.244136,0 days 00:00:00.822726,112,55.08295024649446,14.000086753516022,15.867139991650715,0.003369057706471243,10,0.6299276550011254,3000,PRUNED
437,0.044030193239450455,2026-05-21 12:28:38.251387,2026-05-21 12:28:39.062944,0 days 00:00:00.811557,128,11.770486963666412,18.227588694585005,22.7072702227573,0.002814702809685475,9,0.3844811106320229,2000,PRUNED
438,0.038708895444869995,2026-05-21 12:28:39.069393,2026-05-21 12:28:39.767273,0 days 00:00:00.697880,112,10.02772111139751,12.473888931705885,69.40919123035144,0.002367322692534786,8,0.5966336968472686,3000,PRUNED
439,0.05904928967356682,2026-05-21 12:28:39.774716,2026-05-21 12:28:40.413496,0 days 00:00:00.638780,112,13.212644246448543,16.469914551982203,13.71933354356489,0.0031164758031633445,7,0.32392038919905053,3000,PRUNED
440,0.048710454255342484,2026-05-21 12:28:40.421549,2026-05-21 12:28:41.137439,0 days 00:00:00.715890,96,11.323245079104334,71.03871555562755,60.52582095343445,0.0034115239542542183,9,0.3454263670547048,1000,PRUNED
441,0.03344561904668808,2026-05-21 12:28:41.145241,2026-05-21 12:28:41.907027,0 days 00:00:00.761786,112,14.475745878785307,14.187765835583617,18.165479791140584,0.0019920777829366032,9,0.31239466229597823,3000,PRUNED
442,0.028576167300343513,2026-05-21 12:28:41.913927,2026-05-21 12:28:42.678286,0 days 00:00:00.764359,112,12.145947532066955,12.398343335139561,28.017286520757832,0.002671139478290319,9,0.6193032647829738,3000,PRUNED
443,0.03713361173868179,2026-05-21 12:28:42.685553,2026-05-21 12:28:43.363028,0 days 00:00:00.677475,80,15.726517279411688,56.28612364403012,87.95376600126404,0.0030299643964519177,9,0.6532195113440452,3000,PRUNED
444,0.08618173748254776,2026-05-21 12:28:43.370470,2026-05-21 12:28:44.067951,0 days 00:00:00.697481,112,10.820033860179834,66.95794422180914,50.47903668772556,0.0035878967728401666,8,0.30002110181065483,3000,PRUNED
445,0.028601936995983124,2026-05-21 12:28:44.077980,2026-05-21 12:28:44.852408,0 days 00:00:00.774428,112,12.93798806986052,81.05539126558577,34.846220838639745,0.003248436537970432,9,0.3322678539369129,3000,PRUNED
446,0.035251520574092865,2026-05-21 12:28:44.860861,2026-05-21 12:28:45.664576,0 days 00:00:00.803715,128,11.917799854346093,61.04194451604474,11.135254509573764,0.004163755361711798,9,0.6063309520118575,3000,PRUNED
447,0.033787745982408524,2026-05-21 12:28:45.671622,2026-05-21 12:28:46.383288,0 days 00:00:00.711666,96,13.3669752897522,15.21141623757683,73.91307255991505,0.0023804587534680347,9,0.6254229355864009,1000,PRUNED
448,0.04221482202410698,2026-05-21 12:28:46.389765,2026-05-21 12:28:47.215765,0 days 00:00:00.826000,112,11.148444342638907,54.55580904584046,60.55843773216212,0.002932489593514785,10,0.6615699763060982,2000,PRUNED
449,0.03347354009747505,2026-05-21 12:28:47.222723,2026-05-21 12:28:47.903024,0 days 00:00:00.680301,112,17.59837872708198,37.03589018856761,54.19233820122081,0.0037287682484487064,8,0.7893248457555015,3000,PRUNED
450,0.034091100096702576,2026-05-21 12:28:47.909491,2026-05-21 12:28:48.678041,0 days 00:00:00.768550,112,14.262198781824967,10.98865485672696,45.92537039552351,0.0026429428004492014,9,0.6372568499410088,3000,PRUNED
451,0.04387577250599861,2026-05-21 12:28:48.685166,2026-05-21 12:28:49.328082,0 days 00:00:00.642916,112,10.716482928224432,19.888563270527975,81.80375870934125,0.004545624095297471,7,0.3132328651087796,3000,PRUNED
452,0.057170648127794266,2026-05-21 12:28:49.335670,2026-05-21 12:28:50.039042,0 days 00:00:00.703372,112,12.250470279160515,50.875647917976856,26.41117525097966,0.0033959843552793913,8,0.6147934252079104,3000,PRUNED
453,1.6001648646124522e-06,2026-05-21 12:28:50.046447,2026-05-21 12:29:38.878839,0 days 00:00:48.832392,112,10.053243486067487,41.31731496569835,37.7727966917964,0.0027834745013654,9,0.3224734335329815,3000,COMPLETE
454,0.033612921833992004,2026-05-21 12:29:38.893378,2026-05-21 12:29:39.643104,0 days 00:00:00.749726,112,10.18683264000729,40.3462005465709,40.24689929130908,0.002852773664707289,9,0.3388127850933528,3000,PRUNED
455,0.03528980165719986,2026-05-21 12:29:39.651405,2026-05-21 12:29:40.422253,0 days 00:00:00.770848,112,10.083929306846482,41.42507925000402,50.96322311880422,0.003820662502827284,9,0.32058076476790237,3000,PRUNED
456,0.030343463644385338,2026-05-21 12:29:40.429636,2026-05-21 12:29:41.195470,0 days 00:00:00.765834,112,11.457609663298992,45.004155771295025,34.683264841858986,0.002510787307206626,9,0.3280435823952418,1000,PRUNED
457,0.0284490454941988,2026-05-21 12:29:41.204110,2026-05-21 12:29:42.679929,0 days 00:00:01.475819,112,10.035238196006851,44.61195945427983,66.02386695070945,0.0021441944184508233,9,0.3490374430469921,3000,PRUNED
458,0.03796369582414627,2026-05-21 12:29:42.687804,2026-05-21 12:29:43.452485,0 days 00:00:00.764681,112,11.500517137677479,50.87419352853459,44.425571723048215,0.0032714604428300776,9,0.31190376924356406,3000,PRUNED
459,0.05240827053785324,2026-05-21 12:29:43.460084,2026-05-21 12:29:44.262689,0 days 00:00:00.802605,128,12.72603456276019,46.25559328779904,14.869289792240265,0.0041747367652427494,9,0.4579119478427575,3000,PRUNED
460,0.028755012899637222,2026-05-21 12:29:44.269645,2026-05-21 12:29:45.030092,0 days 00:00:00.760447,112,11.052816902791005,61.30812522023027,40.72358176604089,0.00308523315155982,9,0.31896836479345575,3000,PRUNED
461,0.03680479899048805,2026-05-21 12:29:45.038065,2026-05-21 12:29:45.796428,0 days 00:00:00.758363,112,12.400814998446485,53.60461718070787,56.26586738826864,0.006267242296073324,9,0.33862024970825866,1000,PRUNED
462,0.06695358455181122,2026-05-21 12:29:45.803058,2026-05-21 12:29:46.622173,0 days 00:00:00.819115,112,13.668364293369772,48.229815155845586,19.460084361183526,0.003600939803012424,10,0.3000967155940018,3000,PRUNED
463,0.03333614021539688,2026-05-21 12:29:46.629050,2026-05-21 12:29:47.396024,0 days 00:00:00.766974,112,10.748255598191166,36.34143055704022,36.10001071148133,0.0028533088368380274,9,0.5771026592397624,3000,PRUNED
464,0.029743731021881104,2026-05-21 12:29:47.403289,2026-05-21 12:29:48.167081,0 days 00:00:00.763792,112,11.745589166298407,57.17549722668388,12.06036938076263,0.002544461714506229,9,0.3283319100925804,3000,PRUNED
465,0.04678135737776756,2026-05-21 12:29:48.174330,2026-05-21 12:29:48.898728,0 days 00:00:00.724398,112,10.000054416911269,42.71959522513451,78.8715439846388,0.004831821688406457,9,0.31290820887071163,3000,PRUNED
466,0.03171434625983238,2026-05-21 12:29:48.906748,2026-05-21 12:29:50.384890,0 days 00:00:01.478142,128,12.531892024725504,63.724012408751726,47.684561569034216,0.002305297483717838,9,0.6033721579885294,3000,PRUNED
467,0.03154223412275314,2026-05-21 12:29:50.391394,2026-05-21 12:29:51.157443,0 days 00:00:00.766049,112,13.923339135681466,53.82330240424849,65.19221681427253,0.0018645377917135097,9,0.6452550981329658,1000,PRUNED
468,0.03573227673768997,2026-05-21 12:29:51.164063,2026-05-21 12:29:51.908063,0 days 00:00:00.744000,112,15.160723216466558,69.03052564546243,29.783850533947394,0.003918223454684033,9,0.3223698379485807,3000,PRUNED
469,5.378973946790211e-05,2026-05-21 12:29:51.915489,2026-05-21 12:30:09.506210,0 days 00:00:17.590721,112,11.070436555316506,50.02967445837913,16.47243416568869,0.0031020957697483046,9,0.63032837949084,3000,PRUNED
470,0.03614627197384834,2026-05-21 12:30:09.513971,2026-05-21 12:30:10.247371,0 days 00:00:00.733400,112,11.593225386771465,58.797062405126105,98.90458333696081,0.0034735625222298908,9,0.3085434043164152,3000,PRUNED
471,0.04298566281795502,2026-05-21 12:30:10.253784,2026-05-21 12:30:10.997200,0 days 00:00:00.743416,112,12.845392400050175,39.18052984356298,9.285073402736883,0.004389196373614476,9,0.34647737581259075,3000,PRUNED
472,0.03551596403121948,2026-05-21 12:30:11.004767,2026-05-21 12:30:11.789394,0 days 00:00:00.784627,128,10.72696164671086,45.51113215270586,42.75789563519435,0.0027167440739561672,9,0.3003317662932181,1000,PRUNED
473,0.030319515615701675,2026-05-21 12:30:11.796217,2026-05-21 12:30:12.440555,0 days 00:00:00.644338,112,12.050123639679414,52.575992384759694,55.78886700102959,0.003907543721680747,7,0.5912612907728333,3000,PRUNED
474,0.02406352385878563,2026-05-21 12:30:12.449042,2026-05-21 12:30:13.924717,0 days 00:00:01.475675,112,13.521312977598269,47.1528933059774,31.917641346728434,0.0032242017269138567,9,0.617979587894795,3000,PRUNED
475,0.03100677952170372,2026-05-21 12:30:13.931402,2026-05-21 12:30:14.659207,0 days 00:00:00.727805,112,15.954289401820464,11.783911526270657,36.188870877933915,0.0028697295090299208,9,0.48163816051866887,3000,PRUNED
476,0.038872990757226944,2026-05-21 12:30:14.666251,2026-05-21 12:30:15.387593,0 days 00:00:00.721342,112,10.786878297881206,56.742631675103816,72.22789680273317,0.003537300059615332,9,0.33270394468981984,3000,PRUNED
477,0.03743492066860199,2026-05-21 12:30:15.394152,2026-05-21 12:30:16.194110,0 days 00:00:00.799958,112,11.89572690282701,10.050540992600546,48.04159479999319,0.0022408357757628073,10,0.6378989678074373,1000,PRUNED
478,0.06405473500490189,2026-05-21 12:30:16.200744,2026-05-21 12:30:16.805859,0 days 00:00:00.605115,112,14.589727435445043,65.62542235947575,13.237781499435407,0.002492288392507337,7,0.3172179141949469,3000,PRUNED
479,0.049178723245859146,2026-05-21 12:30:16.813677,2026-05-21 12:30:17.576274,0 days 00:00:00.762597,112,12.771716849635489,73.98431018908926,83.38716939166873,0.004248416988289773,9,0.36121296855502305,3000,PRUNED
480,0.03362532705068588,2026-05-21 12:30:17.584597,2026-05-21 12:30:18.388075,0 days 00:00:00.803478,128,10.800006789453247,42.320125051860586,39.82702154047761,0.0030875537719789966,9,0.6223710055496463,3000,PRUNED
481,0.036169204860925674,2026-05-21 12:30:18.395395,2026-05-21 12:30:19.174266,0 days 00:00:00.778871,112,13.663568793702714,49.627056916180386,10.48585427552923,0.0037585955240982323,9,0.6600725087100633,3000,PRUNED
482,0.030027862638235092,2026-05-21 12:30:19.183102,2026-05-21 12:30:19.951746,0 days 00:00:00.768644,112,11.539006675867913,57.04923101639216,63.58136475098771,0.002709897715665961,9,0.6440847086268575,3000,PRUNED
483,0.036038242280483246,2026-05-21 12:30:19.960793,2026-05-21 12:30:20.724727,0 days 00:00:00.763934,112,10.016109454434961,62.2979940922344,52.86642266464878,0.0055182692688058,9,0.31079985701050256,1000,PRUNED
484,0.03612959012389183,2026-05-21 12:30:20.733745,2026-05-21 12:30:21.497959,0 days 00:00:00.764214,112,12.561836246871549,13.350076151092408,20.746699881487785,0.004928322718053332,9,0.6037875401438888,2000,PRUNED
485,0.03567034378647804,2026-05-21 12:30:21.507095,2026-05-21 12:30:22.333801,0 days 00:00:00.826706,112,10.032073026546596,52.28560086848254,33.06816020040539,0.00322814320617005,10,0.5025735797968396,3000,PRUNED
486,0.046864818781614304,2026-05-21 12:30:22.342226,2026-05-21 12:30:23.103732,0 days 00:00:00.761506,112,15.119889445625592,47.76274350118102,44.188375743635255,0.002890665499493393,9,0.3219824745771431,3000,PRUNED
487,0.04221152514219284,2026-05-21 12:30:23.111889,2026-05-21 12:30:23.871477,0 days 00:00:00.759588,112,11.613328694915705,11.996957569538514,36.74987347696707,0.0034590067685063538,9,0.3002047883608574,3000,PRUNED
488,0.03281264752149582,2026-05-21 12:30:23.878688,2026-05-21 12:30:24.558443,0 days 00:00:00.679755,80,13.383967330187371,42.79317078380975,24.219468954368082,0.004024018756361622,9,0.3965971344791807,3000,PRUNED
489,0.031719010323286057,2026-05-21 12:30:24.566522,2026-05-21 12:30:25.244897,0 days 00:00:00.678375,128,10.832991724505332,53.763095179449884,52.093949460954875,0.0024811881103810217,7,0.8119065931673745,3000,PRUNED
490,0.04290066286921501,2026-05-21 12:30:25.252621,2026-05-21 12:30:26.020798,0 days 00:00:00.768177,112,12.370246392507292,59.94267050718018,74.40166000727869,0.004601584633899536,9,0.6109623865980719,2000,PRUNED
491,0.053634122014045715,2026-05-21 12:30:26.027458,2026-05-21 12:30:26.802182,0 days 00:00:00.774724,112,97.30445621432155,22.370490434148053,61.81643921563089,0.0033834136265913244,9,0.6316363298081644,3000,PRUNED
492,0.03883032128214836,2026-05-21 12:30:26.809244,2026-05-21 12:30:27.573781,0 days 00:00:00.764537,112,14.27628812043866,47.67899336027575,14.11109536840841,0.0020365902159142097,9,0.32966326714986866,3000,PRUNED
493,0.05463436618447304,2026-05-21 12:30:27.580388,2026-05-21 12:30:28.223092,0 days 00:00:00.642704,112,11.499866908102844,91.86202901672155,39.441399496675686,0.0037040560962889554,7,0.6510574444974973,1000,PRUNED
494,0.031656522303819656,2026-05-21 12:30:28.232012,2026-05-21 12:30:28.995233,0 days 00:00:00.763221,112,16.1139259464722,38.035537714563915,89.6584880363268,0.0016460882733839717,9,0.7981337695001789,3000,PRUNED
495,0.06453143805265427,2026-05-21 12:30:29.002127,2026-05-21 12:30:29.763354,0 days 00:00:00.761227,112,13.202109568220832,69.89618919228569,46.445624820342104,0.002979633741419742,9,0.31112669744868954,3000,PRUNED
496,0.032425038516521454,2026-05-21 12:30:29.769977,2026-05-21 12:30:30.578316,0 days 00:00:00.808339,128,10.024260047650175,17.344744999608412,16.958545680843745,0.002688921511476979,9,0.34068283080214007,3000,PRUNED
497,0.03915531933307648,2026-05-21 12:30:30.585803,2026-05-21 12:30:31.359683,0 days 00:00:00.773880,112,12.031526758551141,13.076036818468737,29.85728216780431,0.0022589476029975927,9,0.6747179497456673,3000,PRUNED
498,0.0410318449139595,2026-05-21 12:30:31.366970,2026-05-21 12:30:31.945566,0 days 00:00:00.578596,112,11.513419672029197,10.890015741033428,60.70054163757196,0.0042804468092617325,6,0.5468889812105768,1000,PRUNED
499,0.04347703233361244,2026-05-21 12:30:31.952057,2026-05-21 12:30:32.712737,0 days 00:00:00.760680,112,10.810799793765343,51.52013167737567,26.566466124807413,0.0004787328886233459,9,0.597364906857137,3000,PRUNED
