number,value,datetime_start,datetime_complete,duration,params_hidden,params_lambda_ic,params_lambda_phys,params_lr,params_n_layers,params_scheduler_gamma,params_scheduler_step,state
0,2.015528480114881e-05,2026-05-19 00:37:53.273073,2026-05-19 00:37:58.926874,0 days 00:00:05.653801,48,15.75132049977973,0.8471801418819978,0.0002051338263087451,6,0.3935967122017216,1000,COMPLETE
1,6.806608780607348e-06,2026-05-19 00:37:58.938237,2026-05-19 00:38:03.284160,0 days 00:00:04.345923,112,1.0994335574766196,0.679657809075816,0.008706020878304856,5,0.7994655844802532,2000,COMPLETE
2,6.614869926124811e-05,2026-05-19 00:38:03.297650,2026-05-19 00:38:13.202976,0 days 00:00:09.905326,32,11.207606211860567,0.016480446427978974,0.0007309539835912913,2,0.47473748411882516,4000,COMPLETE
3,6.863522230560193e-06,2026-05-19 00:38:13.214252,2026-05-19 00:38:18.045664,0 days 00:00:04.831412,32,8.168455894760163,0.029204338471814112,0.0037183641805732083,3,0.41980426929501585,3000,COMPLETE
4,0.00012157449236838147,2026-05-19 00:38:18.055029,2026-05-19 00:38:20.705943,0 days 00:00:02.650914,80,2.1930485556643684,0.26926469100861794,0.00013492834268013249,2,0.8693313223520001,5000,COMPLETE
5,0.028529083356261253,2026-05-19 00:38:20.714630,2026-05-19 00:38:20.886459,0 days 00:00:00.171829,112,23.359635026261596,0.002458603276328005,0.0007591104805282694,3,0.3732229409068673,3000,PRUNED
6,0.10897613316774368,2026-05-19 00:38:20.893675,2026-05-19 00:38:21.139850,0 days 00:00:00.246175,16,21.137059440645725,0.010842262717330166,0.0004201672054372534,6,0.6120408127066865,3000,PRUNED
7,5.754719313699752e-05,2026-05-19 00:38:21.147064,2026-05-19 00:38:24.081597,0 days 00:00:02.934533,32,75.68292060167619,1.2604664585649468,0.006161049539380964,6,0.6587399872866511,5000,PRUNED
8,0.08684894442558289,2026-05-19 00:38:24.088509,2026-05-19 00:38:24.246161,0 days 00:00:00.157652,16,4.473636174621264,0.0015167330688076208,0.0005989003672254305,2,0.4628094190643376,5000,PRUNED
9,1.4329803889268078e-05,2026-05-19 00:38:24.253522,2026-05-19 00:38:27.431130,0 days 00:00:03.177608,48,1.9135880487692298,0.14817820606039092,0.0040215545266902904,3,0.3447303862078625,5000,COMPLETE
10,0.07114741951227188,2026-05-19 00:38:27.441513,2026-05-19 00:38:27.663274,0 days 00:00:00.221761,128,1.0862348973937128,7.553503645583189,0.0020124870829750945,5,0.8445988771695108,1000,PRUNED
11,0.00011906277359230444,2026-05-19 00:38:27.669818,2026-05-19 00:38:30.006692,0 days 00:00:02.336874,96,5.614406187645643,0.03299263281612611,0.007791470666172783,4,0.7165828206726954,2000,PRUNED
12,0.0019881650805473328,2026-05-19 00:38:30.014077,2026-05-19 00:38:30.372993,0 days 00:00:00.358916,80,50.45980465205415,0.06323499520723179,0.0025997524114633797,4,0.7584476214151429,2000,PRUNED
13,1.2874442290922161e-05,2026-05-19 00:38:30.380871,2026-05-19 00:38:34.424167,0 days 00:00:04.043296,128,4.957547237088645,0.6719370370554077,0.009481614884546465,5,0.5014692429438355,2000,COMPLETE
14,0.08708644658327103,2026-05-19 00:38:34.435608,2026-05-19 00:38:34.629430,0 days 00:00:00.193822,64,1.0497049531791511,7.967004230244099,0.0017311542042698074,3,0.5689023635135214,4000,PRUNED
15,0.00017759496404323727,2026-05-19 00:38:34.636316,2026-05-19 00:38:36.080573,0 days 00:00:01.444257,96,2.398016259789459,0.0058427702892325075,0.0039443310923374785,4,0.7684014107661562,3000,PRUNED
16,4.247328979545273e-05,2026-05-19 00:38:36.088276,2026-05-19 00:38:38.995057,0 days 00:00:02.906781,64,32.84333378375951,1.9137667848854465,0.004894057592170794,5,0.30318989941462504,2000,PRUNED
17,3.5927128919865936e-05,2026-05-19 00:38:39.002032,2026-05-19 00:38:41.397446,0 days 00:00:02.395414,112,9.1743040013787,0.24868362348057765,0.0014622504526962926,4,0.5658843807284422,4000,PRUNED
18,8.62219458213076e-05,2026-05-19 00:38:41.404111,2026-05-19 00:38:43.995600,0 days 00:00:02.591489,48,3.590730683942248,0.08152728131129283,0.002941856699291304,3,0.8028443402811506,1000,PRUNED
19,2.065005355689209e-05,2026-05-19 00:38:44.004896,2026-05-19 00:38:48.982639,0 days 00:00:04.977743,96,7.21912832410066,2.691351544793156,0.0011982448134112169,5,0.6857084583543333,2000,COMPLETE
20,1.5340925529017113e-05,2026-05-19 00:38:48.994271,2026-05-19 00:38:53.172992,0 days 00:00:04.178721,64,1.4551434647715578,0.3819990699050781,0.006535836560620915,4,0.5140223818248426,3000,COMPLETE
21,0.04581228271126747,2026-05-19 00:38:53.183483,2026-05-19 00:38:53.442447,0 days 00:00:00.258964,128,2.862413825283484,0.5044743292836573,0.009682092116003072,5,0.45226010583943466,2000,PRUNED
22,0.0822182148694992,2026-05-19 00:38:53.448980,2026-05-19 00:38:53.699664,0 days 00:00:00.250684,112,5.822462252146259,3.4379379740051537,0.009924546987960532,5,0.4197975682924892,2000,PRUNED
23,0.0006940856692381203,2026-05-19 00:38:53.706855,2026-05-19 00:38:54.200230,0 days 00:00:00.493375,128,12.581945256896484,0.033485624158980654,0.005122950469508641,5,0.5400455071735671,3000,PRUNED
24,1.6534628230147064e-05,2026-05-19 00:38:54.207335,2026-05-19 00:38:59.857395,0 days 00:00:05.650060,112,4.039010153449999,0.7040697178115143,0.002968835783743788,6,0.6239113708782622,1000,COMPLETE
25,0.00020571037020999938,2026-05-19 00:38:59.866124,2026-05-19 00:39:00.199292,0 days 00:00:00.333168,128,7.826137228572346,0.12886130394222522,0.007435641936722313,3,0.8995296906256215,3000,PRUNED
26,0.0002959863340947777,2026-05-19 00:39:00.206380,2026-05-19 00:39:00.695303,0 days 00:00:00.488923,96,1.6907547666443021,0.034249207666032205,0.003976618424663234,5,0.513584368473617,2000,PRUNED
27,4.820772574021248e-06,2026-05-19 00:39:00.702935,2026-05-19 00:39:05.127030,0 days 00:00:04.424095,32,3.0049108705012264,0.20658845360482753,0.009844740666241506,4,0.4400959692133456,4000,COMPLETE
28,0.001531265676021576,2026-05-19 00:39:05.140265,2026-05-19 00:39:05.568383,0 days 00:00:00.428118,32,1.4210945699545467,0.21030217578695268,0.005479067416962432,4,0.31473960321418987,4000,PRUNED
29,0.02676774002611637,2026-05-19 00:39:05.574932,2026-05-19 00:39:05.757959,0 days 00:00:00.183027,16,3.3841200446772457,0.07405285131293232,0.0024481958627542827,3,0.4011510095556791,4000,PRUNED
30,0.1627734750509262,2026-05-19 00:39:05.764553,2026-05-19 00:39:05.967145,0 days 00:00:00.202592,32,14.269518120202557,0.004996815458620041,0.00036843835523768704,4,0.4278877085809434,4000,PRUNED
31,1.0395410754426848e-05,2026-05-19 00:39:05.973292,2026-05-19 00:39:10.738412,0 days 00:00:04.765120,48,4.525253727455095,0.9299352290403025,0.00897415672460068,6,0.5004176597664287,1000,COMPLETE
32,0.00023208845232147723,2026-05-19 00:39:10.747860,2026-05-19 00:39:11.204473,0 days 00:00:00.456613,48,2.7979280616310676,1.306565929370561,0.007351677769373115,6,0.36902146168717814,1000,PRUNED
33,0.004233377519994974,2026-05-19 00:39:11.211722,2026-05-19 00:39:11.463996,0 days 00:00:00.252274,32,6.743143235518523,0.01737526938752251,0.004589406399406064,6,0.4499039998576778,1000,PRUNED
34,8.122553117573261e-05,2026-05-19 00:39:11.470866,2026-05-19 00:39:11.758594,0 days 00:00:00.287728,48,9.735606201950779,0.39557509187673356,0.008113875689556146,2,0.4998978292296817,3000,PRUNED
35,0.08770312368869781,2026-05-19 00:39:11.765572,2026-05-19 00:39:12.003852,0 days 00:00:00.238280,16,2.1736222321579737,1.2408417934874263,0.00016123356366734302,6,0.39121922716351737,1000,PRUNED
36,0.00017640393343754113,2026-05-19 00:39:12.010275,2026-05-19 00:39:12.261506,0 days 00:00:00.251231,32,19.560334434287714,4.433718150745411,0.006336103391471955,2,0.5627438366695938,4000,PRUNED
37,0.00016075778694357723,2026-05-19 00:39:12.268086,2026-05-19 00:39:12.706743,0 days 00:00:00.438657,48,2.9986976362010718,0.29741025111774305,0.003273009733365835,6,0.47896104837588543,3000,PRUNED
38,8.143422019202262e-05,2026-05-19 00:39:12.713069,2026-05-19 00:39:13.021294,0 days 00:00:00.308225,80,4.723236278300535,0.16287933697802037,0.005936259298083645,3,0.6391765604716769,1000,PRUNED
39,0.004842572845518589,2026-05-19 00:39:13.028191,2026-05-19 00:39:13.228283,0 days 00:00:00.200092,32,1.3124804937175762,0.048856141353005776,0.0009328131472969015,4,0.3523655093022309,5000,PRUNED
40,0.08278366923332214,2026-05-19 00:39:13.235208,2026-05-19 00:39:13.460163,0 days 00:00:00.224955,16,11.00246465101185,0.01932664668364179,0.0003069227699097745,5,0.5931420611602221,2000,PRUNED
41,0.004265798255801201,2026-05-19 00:39:13.466695,2026-05-19 00:39:13.690937,0 days 00:00:00.224242,112,4.530031870999897,0.6548854161310279,0.009636358102984244,5,0.4893104240013889,2000,PRUNED
42,5.638882066705264e-05,2026-05-19 00:39:13.697658,2026-05-19 00:39:15.144216,0 days 00:00:01.446558,64,6.010154185076379,1.008073501573151,0.008190157462094411,6,0.5371060032786577,2000,PRUNED
43,0.003396562533453107,2026-05-19 00:39:15.150877,2026-05-19 00:39:15.371491,0 days 00:00:00.220614,32,2.174738834039442,1.7537707785756609,0.009554887391014451,5,0.4379399178350144,3000,PRUNED
44,2.0582219804055057e-05,2026-05-19 00:39:15.379659,2026-05-19 00:39:19.840601,0 days 00:00:04.460942,128,5.1741505292779335,0.7050595029215977,0.006828711713095137,6,0.40223654849889995,3000,COMPLETE
45,0.03475533053278923,2026-05-19 00:39:19.850552,2026-05-19 00:39:20.060809,0 days 00:00:00.210257,48,8.864116945155494,0.12385263164734742,0.00010189161943391766,4,0.4667425418562925,1000,PRUNED
46,0.02933923900127411,2026-05-19 00:39:20.070273,2026-05-19 00:39:20.239042,0 days 00:00:00.168769,16,3.813421650035918,0.00964951524546767,0.004300436256254248,3,0.5970629692934489,5000,PRUNED
47,0.0005296628805808723,2026-05-19 00:39:20.247194,2026-05-19 00:39:20.649383,0 days 00:00:00.402189,80,16.942348407267403,0.4512962942072673,0.0005649712586725708,5,0.8398467272174812,2000,PRUNED
48,0.0003473916440270841,2026-05-19 00:39:20.658010,2026-05-19 00:39:20.920604,0 days 00:00:00.262594,112,30.777427470757498,2.0033010970145178,0.005597660674367608,2,0.6836137577552831,4000,PRUNED
49,0.07261019200086594,2026-05-19 00:39:20.928957,2026-05-19 00:39:21.122532,0 days 00:00:00.193575,48,1.0066998956294553,5.373386598938263,0.0020443653430309563,4,0.5327921682934983,2000,PRUNED
50,5.662355033564381e-05,2026-05-19 00:39:21.130585,2026-05-19 00:39:21.878150,0 days 00:00:00.747565,64,1.8091938857958225,0.2092750561026444,0.003755651208220431,5,0.3710601558422602,1000,PRUNED
51,0.00013750266225542873,2026-05-19 00:39:21.884236,2026-05-19 00:39:22.191857,0 days 00:00:00.307621,48,1.1895953979898508,0.10833359676781988,0.008289765410700981,3,0.3333753753787062,5000,PRUNED
52,7.070475021464517e-06,2026-05-19 00:39:22.200166,2026-05-19 00:39:25.346632,0 days 00:00:03.146466,32,1.8304246357687528,0.5434294276144988,0.006267048333923201,3,0.3407313068939389,5000,COMPLETE
53,7.288649157999316e-06,2026-05-19 00:39:25.358906,2026-05-19 00:39:28.460807,0 days 00:00:03.101901,32,2.5021852995498834,0.5305780435311711,0.006652087917358626,3,0.38482917078445356,5000,COMPLETE
54,0.00022407381038647145,2026-05-19 00:39:28.472984,2026-05-19 00:39:28.789013,0 days 00:00:00.316029,32,2.4105567333674642,0.9209875451789987,0.004889558673942479,3,0.3332916941941444,5000,PRUNED
55,0.0002215633139712736,2026-05-19 00:39:28.795888,2026-05-19 00:39:29.059119,0 days 00:00:00.263231,16,1.7337590367048707,0.32024933307488523,0.006028174707615324,2,0.4181315635435865,5000,PRUNED
56,0.0008819095091894269,2026-05-19 00:39:29.066925,2026-05-19 00:39:29.244612,0 days 00:00:00.177687,32,1.5338713362641736,0.5319513689805232,0.007592082205341611,3,0.38086614382008455,5000,PRUNED
57,0.0002414493210380897,2026-05-19 00:39:29.252330,2026-05-19 00:39:29.572699,0 days 00:00:00.320369,32,2.6459263154744366,0.25424136746779596,0.003573380304963209,3,0.3523142129549689,4000,PRUNED
58,0.0040532974526286125,2026-05-19 00:39:29.580452,2026-05-19 00:39:29.755807,0 days 00:00:00.175355,16,1.9509734936509189,0.05004046856597069,0.0066311601336383865,3,0.44405306931262994,5000,PRUNED
59,0.0009828906040638685,2026-05-19 00:39:29.763638,2026-05-19 00:39:29.959651,0 days 00:00:00.196013,32,3.888755618059652,0.17189246289858606,0.008125125924624195,4,0.734446135390153,4000,PRUNED
60,0.000909619964659214,2026-05-19 00:39:29.967868,2026-05-19 00:39:30.110357,0 days 00:00:00.142489,48,79.6930450353803,2.446363422760305,0.005110603192729681,2,0.41681534229482714,5000,PRUNED
61,0.01774849370121956,2026-05-19 00:39:30.118285,2026-05-19 00:39:30.285642,0 days 00:00:00.167357,128,3.3764042768478206,1.310371191220407,0.009950288039300656,3,0.4694950088344302,3000,PRUNED
62,5.582417088589864e-06,2026-05-19 00:39:30.293787,2026-05-19 00:39:33.831636,0 days 00:00:03.537849,32,3.1524523409950573,0.5795435396108322,0.008543929974390319,4,0.3164728566481389,4000,COMPLETE
63,7.503339293180034e-05,2026-05-19 00:39:33.842928,2026-05-19 00:39:34.267876,0 days 00:00:00.424948,32,2.9882050826115942,0.5141557234960827,0.00831401740948543,4,0.31124996965150564,4000,PRUNED
64,0.001006099279038608,2026-05-19 00:39:34.274471,2026-05-19 00:39:34.476252,0 days 00:00:00.201781,32,1.191629041134954,0.9452725302057121,0.006744414261720115,4,0.36245144851944994,4000,PRUNED
65,8.457033982267603e-05,2026-05-19 00:39:34.482614,2026-05-19 00:39:34.841516,0 days 00:00:00.358902,48,1.9875875961951446,0.34149655784579475,0.00560884075867985,4,0.32961005950787187,5000,PRUNED
66,0.026936177164316177,2026-05-19 00:39:34.847812,2026-05-19 00:39:35.020991,0 days 00:00:00.173179,16,2.6268619057524614,0.715810322339094,0.004710370924776941,3,0.3943112272931888,4000,PRUNED
67,0.004747720435261726,2026-05-19 00:39:35.027210,2026-05-19 00:39:35.215495,0 days 00:00:00.188285,32,1.5708852680962784,0.001543803292670395,0.008465761839895124,4,0.30118622896847264,3000,PRUNED
68,0.00010289665078744292,2026-05-19 00:39:35.222065,2026-05-19 00:39:35.517680,0 days 00:00:00.295615,96,3.3063861286538314,0.2159107816251227,0.007002876759893316,3,0.3834996797694037,5000,PRUNED
69,1.6932728613028303e-05,2026-05-19 00:39:35.523955,2026-05-19 00:39:39.453613,0 days 00:00:03.929658,48,6.616420710972737,1.7253543211042226,0.004167784873697936,4,0.7763832537462778,4000,COMPLETE
70,0.07604479789733887,2026-05-19 00:39:39.465510,2026-05-19 00:39:39.660117,0 days 00:00:00.194607,16,4.32699394182673,0.5509122929312911,0.0013929447849940887,3,0.41036962019013656,3000,PRUNED
71,1.285453254240565e-05,2026-05-19 00:39:39.666470,2026-05-19 00:39:43.823048,0 days 00:00:04.156578,32,7.769068938651751,0.3818970946647355,0.009050432045382702,5,0.5123888577673947,3000,COMPLETE
72,0.0001036450412357226,2026-05-19 00:39:43.833029,2026-05-19 00:39:44.244456,0 days 00:00:00.411427,32,8.332867278516169,0.3928499214895647,0.008782622511084104,5,0.5132176775003346,3000,PRUNED
73,0.0024752281606197357,2026-05-19 00:39:44.251816,2026-05-19 00:39:44.497309,0 days 00:00:00.245493,32,99.03907648466542,0.0900380294884834,0.007208457495008902,6,0.45748098487519584,3000,PRUNED
74,1.1442708455433603e-05,2026-05-19 00:39:44.505081,2026-05-19 00:39:48.223359,0 days 00:00:03.718278,32,5.360100786476893,1.128678821190687,0.006082882864111241,3,0.4332010769926459,3000,COMPLETE
75,0.006993988063186407,2026-05-19 00:39:48.234365,2026-05-19 00:39:48.437951,0 days 00:00:00.203586,16,5.2745029684626195,1.0513612476846246,0.005605435702496541,3,0.4312937176138216,3000,PRUNED
76,0.004881219007074833,2026-05-19 00:39:48.444392,2026-05-19 00:39:48.661302,0 days 00:00:00.216910,32,2.3700508457367997,0.024003234346472124,0.0027496745783063097,3,0.3463622405257285,4000,PRUNED
77,0.0008544587180949748,2026-05-19 00:39:48.668184,2026-05-19 00:39:48.869871,0 days 00:00:00.201687,48,4.223719119271548,1.2792568597774645,0.006284577569818477,3,0.48269204473106436,5000,PRUNED
78,0.011826817877590656,2026-05-19 00:39:48.876817,2026-05-19 00:39:49.053179,0 days 00:00:00.176362,64,5.843208573967385,3.421592825487376,0.003266743034290841,3,0.322943479375856,2000,PRUNED
79,0.0010016270680353045,2026-05-19 00:39:49.059504,2026-05-19 00:39:49.206762,0 days 00:00:00.147258,16,3.261061451145559,0.756290735305071,0.007284766864179215,2,0.37053688114575317,5000,PRUNED
80,0.00012360313849058002,2026-05-19 00:39:49.212891,2026-05-19 00:39:49.572079,0 days 00:00:00.359188,80,11.011062708144452,0.5608161879554823,0.0050329621610831045,4,0.39784616740897016,1000,PRUNED
81,1.8466758774593472e-05,2026-05-19 00:39:49.578600,2026-05-19 00:39:53.822605,0 days 00:00:04.244005,32,7.561148703986047,0.2825361477902313,0.00986944896623608,5,0.572439197113401,3000,COMPLETE
82,7.678855581616517e-06,2026-05-19 00:39:53.831094,2026-05-19 00:39:57.951979,0 days 00:00:04.120885,32,4.717860527140207,0.45410973877778055,0.008457486602921737,4,0.4914824696997887,3000,COMPLETE
83,0.012562453746795654,2026-05-19 00:39:57.960710,2026-05-19 00:39:58.146815,0 days 00:00:00.186105,32,6.401499328376349,0.009482440834109943,0.007587505355709718,4,0.4347772823539062,2000,PRUNED
84,0.0006695726187899709,2026-05-19 00:39:58.154119,2026-05-19 00:39:58.342576,0 days 00:00:00.188457,48,4.853395993480733,0.44456964296375273,0.006233841781364383,4,0.4944941192106057,4000,PRUNED
85,0.00063450908055529,2026-05-19 00:39:58.349966,2026-05-19 00:39:58.517779,0 days 00:00:00.167813,32,3.7217277469813643,0.8541698043333648,0.008494440001761534,3,0.45195557556634824,2000,PRUNED
86,0.004664433188736439,2026-05-19 00:39:58.525727,2026-05-19 00:39:58.697855,0 days 00:00:00.172128,32,2.4548343700892,1.4388392968449093,0.0044829908123682205,3,0.8980143964008138,3000,PRUNED
87,0.00018364116840530187,2026-05-19 00:39:58.705625,2026-05-19 00:39:59.063979,0 days 00:00:00.358354,48,1.3482350789727842,0.17737479498167433,0.0021946053632731295,4,0.35786136140244507,4000,PRUNED
88,0.0006226683035492897,2026-05-19 00:39:59.070260,2026-05-19 00:39:59.313652,0 days 00:00:00.243392,16,2.073855186267683,0.6279195455400828,0.005590528316873038,6,0.5518466516898118,5000,PRUNED
89,0.002197562949731946,2026-05-19 00:39:59.320725,2026-05-19 00:39:59.472011,0 days 00:00:00.151286,32,3.006281493029118,1.1119686547860292,0.009180234707683789,2,0.4091014340712123,1000,PRUNED
90,0.008724094368517399,2026-05-19 00:39:59.479789,2026-05-19 00:39:59.655849,0 days 00:00:00.176060,48,5.2585273754210515,2.304163733986684,0.007528766888435467,3,0.38423101147472527,2000,PRUNED
91,0.00012515678827185184,2026-05-19 00:39:59.663555,2026-05-19 00:40:00.067989,0 days 00:00:00.404434,32,13.260382029604994,0.3393662507395212,0.009036678711483068,5,0.519524106240293,3000,PRUNED
92,0.00010040379856945947,2026-05-19 00:40:00.075716,2026-05-19 00:40:00.480442,0 days 00:00:00.404726,32,6.873559867752033,0.4156529142830162,0.006845327179333571,5,0.4767931286439901,3000,PRUNED
93,0.0007950591389089823,2026-05-19 00:40:00.488699,2026-05-19 00:40:00.676862,0 days 00:00:00.188163,32,7.927652738745436,0.22396185874724955,0.006270578173489264,4,0.46429637684211655,3000,PRUNED
94,1.6175801647477783e-05,2026-05-19 00:40:00.684666,2026-05-19 00:40:06.179868,0 days 00:00:05.495202,32,9.52469909427349,1.4871940398826027,0.008940940141186791,5,0.5004138578574965,3000,COMPLETE
95,0.002583686960861087,2026-05-19 00:40:06.191335,2026-05-19 00:40:06.435817,0 days 00:00:00.244482,16,4.6309938577277645,0.1457011935033685,0.007844443460991408,6,0.4261225633287911,3000,PRUNED
96,4.828059172723442e-05,2026-05-19 00:40:06.443474,2026-05-19 00:40:06.816175,0 days 00:00:00.372701,32,5.930257589350708,0.8344386085615363,0.009101986932081477,4,0.8345307005179634,4000,PRUNED
97,0.0007796129211783409,2026-05-19 00:40:06.822957,2026-05-19 00:40:06.994741,0 days 00:00:00.171784,32,3.6452160186760607,0.27952870435944616,0.0053754067057484945,3,0.34175840278252734,3000,PRUNED
98,0.00214810180477798,2026-05-19 00:40:07.000949,2026-05-19 00:40:07.170913,0 days 00:00:00.169964,32,1.136077094438879,0.4703928393327457,0.008000216515124666,3,0.5767932726850958,4000,PRUNED
99,0.007705961354076862,2026-05-19 00:40:07.177745,2026-05-19 00:40:07.587520,0 days 00:00:00.409775,48,4.133471622736242,0.6350535027560238,0.005945048757956584,5,0.6665091535895218,5000,PRUNED
100,0.1851523220539093,2026-05-19 00:40:07.594221,2026-05-19 00:40:07.831938,0 days 00:00:00.237717,16,3.0927738943679537,0.003444035601905766,0.0010070752527500289,6,0.5285836647697325,3000,PRUNED
101,0.03088836930692196,2026-05-19 00:40:07.838494,2026-05-19 00:40:08.046296,0 days 00:00:00.207802,128,4.989796498120096,0.34607454191313514,0.009978824405104064,5,0.505488671793512,2000,PRUNED
102,8.07850210549077e-06,2026-05-19 00:40:08.052631,2026-05-19 00:40:12.136886,0 days 00:00:04.084255,112,2.7727823846165975,0.6084388032828759,0.006850976135964567,5,0.5484541485984633,1000,COMPLETE
103,6.719576049363241e-06,2026-05-19 00:40:12.147839,2026-05-19 00:40:16.617156,0 days 00:00:04.469317,112,2.720106175371937,0.5935198261900334,0.006810668321803473,5,0.5430692072250368,1000,COMPLETE
104,0.0011224752524867654,2026-05-19 00:40:16.630356,2026-05-19 00:40:16.895744,0 days 00:00:00.265388,112,2.6584790461227232,0.8059669222266929,0.00644705748837408,5,0.6147517808140904,1000,PRUNED
105,0.013874075375497341,2026-05-19 00:40:16.902990,2026-05-19 00:40:17.165029,0 days 00:00:00.262039,112,2.276167275954025,1.0506084004365024,0.007298342044088899,5,0.5567320402454758,1000,PRUNED
106,0.0022055471781641245,2026-05-19 00:40:17.171844,2026-05-19 00:40:17.413854,0 days 00:00:00.242010,112,2.7468541821511416,0.5499614280938012,0.006818936447057226,4,0.5798869354048547,1000,PRUNED
107,0.011459244415163994,2026-05-19 00:40:17.420891,2026-05-19 00:40:17.611852,0 days 00:00:00.190961,96,1.7347270154899757,0.6577685283655574,0.0002124768869749892,3,0.4870697666691079,1000,PRUNED
108,0.0009928495856001973,2026-05-19 00:40:17.618881,2026-05-19 00:40:17.903379,0 days 00:00:00.284498,112,2.5428765196478946,1.5258320252254103,0.004533992732017873,6,0.5385614647237764,1000,PRUNED
109,0.002128790132701397,2026-05-19 00:40:17.909624,2026-05-19 00:40:18.070723,0 days 00:00:00.161099,112,2.1131578464843304,0.47542061602259067,0.003583885255028772,3,0.3185233222772997,1000,PRUNED
110,0.0005384337273426354,2026-05-19 00:40:18.077093,2026-05-19 00:40:18.302671,0 days 00:00:00.225578,96,3.458292489908965,0.06493584997637615,0.004994588017402643,4,0.44220728485644023,1000,PRUNED
111,0.02399303950369358,2026-05-19 00:40:18.309658,2026-05-19 00:40:18.563800,0 days 00:00:00.254142,112,1.8861882308490203,0.9157886734891487,0.008130485217921979,5,0.5174838609509217,1000,PRUNED
112,0.0005710786208510399,2026-05-19 00:40:18.570505,2026-05-19 00:40:18.798124,0 days 00:00:00.227619,32,4.0054964590322415,0.39629153308350423,0.008827451890772496,5,0.5451946812094847,3000,PRUNED
113,0.0005263687926344573,2026-05-19 00:40:18.805687,2026-05-19 00:40:19.026736,0 days 00:00:00.221049,32,1.5817770102790942,0.26174929889097187,0.0058921149070581885,5,0.4688097796824635,3000,PRUNED
114,0.0007283319137059152,2026-05-19 00:40:19.034158,2026-05-19 00:40:19.257240,0 days 00:00:00.223082,32,2.933930248234586,0.6252034013866506,0.0074667227827785836,5,0.5275055711945603,1000,PRUNED
115,0.0007527832640334964,2026-05-19 00:40:19.264031,2026-05-19 00:40:19.510193,0 days 00:00:00.246162,112,5.492076293024875,0.012413677541920957,0.009947019028881935,5,0.5095364927251234,3000,PRUNED
116,5.070882252766751e-05,2026-05-19 00:40:19.517263,2026-05-19 00:40:20.008169,0 days 00:00:00.490906,32,8.407721304866184,1.1211360168076332,0.0068898667700808035,5,0.45759240613427266,3000,PRUNED
117,0.0019124805694445968,2026-05-19 00:40:20.015353,2026-05-19 00:40:20.223249,0 days 00:00:00.207896,96,7.048313392156801,0.19023857115066023,0.008645707988552288,3,0.5946553584097559,5000,PRUNED
118,0.0032845926471054554,2026-05-19 00:40:20.231016,2026-05-19 00:40:20.494870,0 days 00:00:00.263854,48,10.523490447001507,0.3681090894587183,0.0006962895121206486,5,0.4070643062363033,1000,PRUNED
119,0.0005242988700047135,2026-05-19 00:40:20.503979,2026-05-19 00:40:20.687698,0 days 00:00:00.183719,32,4.469004414588374,0.453337421259009,0.005314457976054989,3,0.6419658317738997,3000,PRUNED
120,0.0009216496837325394,2026-05-19 00:40:20.696670,2026-05-19 00:40:20.887950,0 days 00:00:00.191280,64,2.282961373733413,0.744368607836889,0.0017111296440131076,4,0.4912847922344663,2000,PRUNED
121,0.0028162519447505474,2026-05-19 00:40:20.895755,2026-05-19 00:40:21.102516,0 days 00:00:00.206761,128,3.713645978406587,0.5347191695015918,0.007794119032120667,5,0.5490727693670654,2000,PRUNED
122,0.010910716839134693,2026-05-19 00:40:21.110089,2026-05-19 00:40:21.324161,0 days 00:00:00.214072,128,3.2193108198703717,0.8384170210798709,0.009118777645993182,5,0.42415485904753014,1000,PRUNED
123,0.004301710054278374,2026-05-19 00:40:21.330879,2026-05-19 00:40:21.543313,0 days 00:00:00.212434,128,6.110495888907646,0.3333543875455503,0.008471975915379801,5,0.47640193198831104,3000,PRUNED
124,0.0005757583421654999,2026-05-19 00:40:21.549733,2026-05-19 00:40:21.767978,0 days 00:00:00.218245,32,50.65520577199631,0.6723045782788055,0.006573364341592028,5,0.5218065599831911,3000,PRUNED
125,9.884034079732373e-05,2026-05-19 00:40:21.774224,2026-05-19 00:40:22.118434,0 days 00:00:00.344210,112,2.800239063881411,0.10843246218991867,0.007772532638190449,4,0.7118580313276798,2000,PRUNED
126,0.0011803553206846118,2026-05-19 00:40:22.125781,2026-05-19 00:40:22.370911,0 days 00:00:00.245130,80,4.931026792537532,1.8470603565174284,0.007151515481933723,6,0.4977169307260261,5000,PRUNED
127,0.0026419099885970354,2026-05-19 00:40:22.378591,2026-05-19 00:40:22.546079,0 days 00:00:00.167488,128,4.115901058986993,1.2011164174001867,0.005970496059116945,3,0.44759526770416747,1000,PRUNED
128,1.0141545317310374e-05,2026-05-19 00:40:22.553914,2026-05-19 00:40:26.964104,0 days 00:00:04.410190,32,5.5343969550386705,0.3004666192422653,0.009388696943749974,5,0.38096887903081633,3000,COMPLETE
129,0.002927572000771761,2026-05-19 00:40:26.976102,2026-05-19 00:40:27.223883,0 days 00:00:00.247781,32,7.2976110515508426,0.22589937091190337,0.009962696406217221,5,0.3737370581327829,3000,PRUNED
130,0.0007864629151299596,2026-05-19 00:40:27.231142,2026-05-19 00:40:27.423532,0 days 00:00:00.192390,32,5.478387822340643,0.28430682376786937,0.008998741246661491,4,0.3864678810168011,3000,PRUNED
131,0.0009562682826071978,2026-05-19 00:40:27.430119,2026-05-19 00:40:27.642559,0 days 00:00:00.212440,32,3.441878593792746,0.5766813816256906,0.00784072902579589,5,0.3361955803847395,3000,PRUNED
132,0.001257915748283267,2026-05-19 00:40:27.648868,2026-05-19 00:40:28.046161,0 days 00:00:00.397293,32,6.329239310793561,0.48578429089544184,0.009211742744019402,5,0.39688991494676296,3000,PRUNED
133,0.0015169637044891715,2026-05-19 00:40:28.053315,2026-05-19 00:40:28.272055,0 days 00:00:00.218740,32,1.266907946675256,0.3882788585789736,0.008339396706078164,5,0.36025406361557083,3000,PRUNED
134,0.00042042596032842994,2026-05-19 00:40:28.278486,2026-05-19 00:40:28.688000,0 days 00:00:00.409514,16,4.507896030993095,0.7436940912538067,0.0070152261758819594,5,0.8064979768513153,5000,PRUNED
135,0.0022193107288330793,2026-05-19 00:40:28.694285,2026-05-19 00:40:28.920435,0 days 00:00:00.226150,32,9.076498262046822,0.9679051877710387,0.0065929781285023565,5,0.5613989820633776,4000,PRUNED
136,0.003663222072646022,2026-05-19 00:40:28.926657,2026-05-19 00:40:29.092993,0 days 00:00:00.166336,32,5.482726665082321,0.02450166139054706,0.009230378316886936,3,0.4195762303213332,3000,PRUNED
137,0.0010029163677245378,2026-05-19 00:40:29.099778,2026-05-19 00:40:29.313135,0 days 00:00:00.213357,32,2.5263825941037825,0.32867404626025476,0.008193371311293683,5,0.31372616536434605,2000,PRUNED
138,0.002854109974578023,2026-05-19 00:40:29.319396,2026-05-19 00:40:29.487562,0 days 00:00:00.168166,112,3.8171767056974195,0.44815372320135444,0.005771613355804716,3,0.5354976380365927,3000,PRUNED
139,0.0030425083823502064,2026-05-19 00:40:29.493933,2026-05-19 00:40:29.696099,0 days 00:00:00.202166,48,1.0045968931751497,0.5830851197313327,0.007285367937875712,4,0.4352844948604524,1000,PRUNED
140,0.0006498668226413429,2026-05-19 00:40:29.702512,2026-05-19 00:40:29.946166,0 days 00:00:00.243654,32,3.1212028205131648,0.1531991049849731,0.0040379254984813035,6,0.48313780478190427,5000,PRUNED
141,0.0009294796036556363,2026-05-19 00:40:29.952771,2026-05-19 00:40:30.123304,0 days 00:00:00.170533,64,1.87787915578354,0.14096763105174334,0.006142629217344855,3,0.3473920701162372,5000,PRUNED
142,0.0018415478989481926,2026-05-19 00:40:30.130507,2026-05-19 00:40:30.327691,0 days 00:00:00.197184,80,2.05841828089839,0.1187866166324313,0.00991528460154018,4,0.32410427398853114,5000,PRUNED
143,0.0007225406006909907,2026-05-19 00:40:30.335243,2026-05-19 00:40:30.508789,0 days 00:00:00.173546,48,1.5085881315374583,0.04328791427230054,0.00772047013462684,3,0.30012483258136774,5000,PRUNED
144,0.0027060031425207853,2026-05-19 00:40:30.516352,2026-05-19 00:40:30.691884,0 days 00:00:00.175532,32,2.258595006743824,0.09204005985048418,0.0024919688550220243,3,0.3723626683581387,5000,PRUNED
145,0.0012731021270155907,2026-05-19 00:40:30.699709,2026-05-19 00:40:30.888992,0 days 00:00:00.189283,96,1.6347310053974038,0.2413579484421174,0.0048121399740006015,4,0.40838254940066115,4000,PRUNED
146,0.002316307043656707,2026-05-19 00:40:30.896307,2026-05-19 00:40:31.066481,0 days 00:00:00.170174,48,4.834992157222083,0.18386323237300883,0.006458590856431117,3,0.3545362603656612,3000,PRUNED
147,6.619960913667455e-05,2026-05-19 00:40:31.073597,2026-05-19 00:40:31.381053,0 days 00:00:00.307456,32,1.4203761901344587,0.2923206054959218,0.008635417210455104,3,0.5145356113086886,1000,PRUNED
148,0.00031716100056655705,2026-05-19 00:40:31.388864,2026-05-19 00:40:31.755377,0 days 00:00:00.366513,32,7.938208240679433,0.8586449527424612,0.0032678568786121873,4,0.33705183119477233,5000,PRUNED
149,0.00022470229305326939,2026-05-19 00:40:31.763410,2026-05-19 00:40:32.104993,0 days 00:00:00.341583,16,2.8241547278981542,0.39552491113174093,0.007023505161562722,3,0.39048358346210255,3000,PRUNED
150,0.0013108032289892435,2026-05-19 00:40:32.114605,2026-05-19 00:40:32.352249,0 days 00:00:00.237644,112,5.875551387266503,0.6823218581724545,0.005390901553607029,5,0.5055486943487331,1000,PRUNED
151,0.0012206555111333728,2026-05-19 00:40:32.360754,2026-05-19 00:40:32.592135,0 days 00:00:00.231381,64,12.077386219431844,0.46113172043847755,0.008373034252313272,4,0.5253936670729149,3000,PRUNED
152,0.001016749651171267,2026-05-19 00:40:32.599210,2026-05-19 00:40:32.829361,0 days 00:00:00.230151,80,1.3987832926816168,0.5133043045628675,0.0004321043906592604,4,0.46621309865997984,3000,PRUNED
153,0.000582792388740927,2026-05-19 00:40:32.835794,2026-05-19 00:40:33.087735,0 days 00:00:00.251941,48,1.1298973012086992,0.32011233632392944,0.002877233247656516,4,0.49713292869348225,3000,PRUNED
154,0.0015525307971984148,2026-05-19 00:40:33.094435,2026-05-19 00:40:33.334846,0 days 00:00:00.240411,64,1.802375857619816,0.6050493600010519,0.009164022915313446,4,0.5425712749365685,3000,PRUNED
155,0.0008316684979945421,2026-05-19 00:40:33.341945,2026-05-19 00:40:33.564904,0 days 00:00:00.222959,32,6.5151926538223,0.2525470604334337,0.007556798348843234,4,0.3626704834732188,3000,PRUNED
156,0.0005808185669593513,2026-05-19 00:40:33.571338,2026-05-19 00:40:33.780508,0 days 00:00:00.209170,32,1.219287145116813,0.3829983584763123,0.006179347801609055,3,0.37824183069440787,5000,PRUNED
157,6.548825331265107e-05,2026-05-19 00:40:33.787107,2026-05-19 00:40:34.150094,0 days 00:00:00.362987,48,2.0117174534962494,1.0268266012428522,0.006786410155721298,4,0.45750127335406426,3000,PRUNED
158,0.0016206143191084266,2026-05-19 00:40:34.157101,2026-05-19 00:40:34.383179,0 days 00:00:00.226078,32,1.685791799609044,0.7721900306301577,0.004429292215753728,5,0.4837911973738533,4000,PRUNED
159,0.007683150470256805,2026-05-19 00:40:34.390088,2026-05-19 00:40:34.544663,0 days 00:00:00.154575,128,3.528274523687582,0.525003364732422,0.00988246924925132,2,0.5797771598562899,1000,PRUNED
160,0.0018529194639995694,2026-05-19 00:40:34.550859,2026-05-19 00:40:34.793161,0 days 00:00:00.242302,64,2.358038265629847,1.3239475317357685,0.008388842393880097,6,0.53102068843672,3000,PRUNED
161,1.803611303330399e-05,2026-05-19 00:40:34.799552,2026-05-19 00:40:39.012782,0 days 00:00:04.213230,32,9.75520944255928,1.5743626674508087,0.008825741017851295,5,0.5059142232833682,3000,COMPLETE
162,0.002755610039457679,2026-05-19 00:40:39.021699,2026-05-19 00:40:39.272861,0 days 00:00:00.251162,32,8.97793293716267,0.0058867544694458694,0.007527941382506548,5,0.4983394436149529,3000,PRUNED
163,0.0017125471495091915,2026-05-19 00:40:39.279883,2026-05-19 00:40:39.518162,0 days 00:00:00.238279,32,11.820506859644215,0.20461852798789165,0.009279059801210812,5,0.563526369410653,3000,PRUNED
164,0.000801914487965405,2026-05-19 00:40:39.526977,2026-05-19 00:40:39.770248,0 days 00:00:00.243271,32,7.069188678098036,0.9118336548665028,0.008028926687955991,5,0.5174234084719141,3000,PRUNED
165,0.0013407454825937748,2026-05-19 00:40:39.777934,2026-05-19 00:40:39.990246,0 days 00:00:00.212312,96,9.61461680281399,3.0766478829537953,0.0052490589694409555,5,0.476531410627221,3000,PRUNED
166,0.0006647257250733674,2026-05-19 00:40:39.997828,2026-05-19 00:40:40.255040,0 days 00:00:00.257212,32,14.144380655892101,2.0125067399308803,0.007125893120523615,5,0.44275518671142766,2000,PRUNED
167,0.00012985685316380113,2026-05-19 00:40:40.261542,2026-05-19 00:40:40.640775,0 days 00:00:00.379233,32,4.153776279694755,0.70486407263461,0.008823763688888663,3,0.33079618260733057,3000,PRUNED
168,1.1249927410972305e-05,2026-05-19 00:40:40.648084,2026-05-19 00:40:44.964569,0 days 00:00:04.316485,32,5.122885402141504,1.1350585287656356,0.009918336123098396,5,0.4915630983810589,3000,COMPLETE
169,0.002685907995328307,2026-05-19 00:40:44.975731,2026-05-19 00:40:45.224748,0 days 00:00:00.249017,112,5.169336243882788,0.43041309998133875,0.009926531575528395,5,0.3437248456485787,5000,PRUNED
170,6.686844426440075e-05,2026-05-19 00:40:45.233651,2026-05-19 00:40:45.587007,0 days 00:00:00.353356,48,4.311885969914723,0.6103199102346422,0.007922595072000037,4,0.42812069634163996,1000,PRUNED
171,0.0017508878372609615,2026-05-19 00:40:45.593427,2026-05-19 00:40:45.810908,0 days 00:00:00.217481,32,2.6024819005659205,1.3206324642437042,0.008674671518319526,5,0.496898587543492,3000,PRUNED
172,0.0003753738128580153,2026-05-19 00:40:45.818693,2026-05-19 00:40:46.213326,0 days 00:00:00.394633,32,10.48588269248809,1.1190515956956038,0.009973767977824434,5,0.5130856896489466,3000,PRUNED
173,0.00021853498765267432,2026-05-19 00:40:46.220444,2026-05-19 00:40:46.620116,0 days 00:00:00.399672,32,4.63520224631839,0.8288103252315923,0.00664236110000937,5,0.5483764245034345,3000,PRUNED
174,7.2122707024391275e-06,2026-05-19 00:40:46.627196,2026-05-19 00:40:51.437475,0 days 00:00:04.810279,32,8.226886608644003,0.9557603997758368,0.007667440682836305,5,0.4812958287855502,3000,COMPLETE
175,0.00036557859857566655,2026-05-19 00:40:51.448601,2026-05-19 00:40:51.887398,0 days 00:00:00.438797,32,8.003997582028774,0.9893856227847112,0.0056366414309878595,5,0.48546007502290933,3000,PRUNED
176,4.129986791667761e-06,2026-05-19 00:40:51.896047,2026-05-19 00:40:56.649805,0 days 00:00:04.753758,32,5.600947044460307,0.7063976626444443,0.007416793559142938,5,0.4618352180615017,3000,COMPLETE
177,0.0024908846244215965,2026-05-19 00:40:56.663491,2026-05-19 00:40:56.913295,0 days 00:00:00.249804,32,5.833391213340202,0.7093808017718427,0.007582100233181223,5,0.4685944468397081,3000,PRUNED
178,2.558545929787215e-05,2026-05-19 00:40:56.920540,2026-05-19 00:40:59.204487,0 days 00:00:02.283947,32,6.48355107448927,0.5591916353412786,0.008385507615474155,5,0.4504261155574697,3000,PRUNED
179,0.0004617350932676345,2026-05-19 00:40:59.211450,2026-05-19 00:40:59.440164,0 days 00:00:00.228714,16,5.102970828537141,1.1920769136599008,0.007183201745916869,5,0.4581013394384636,2000,PRUNED
180,0.0006262223469093442,2026-05-19 00:40:59.446829,2026-05-19 00:40:59.690237,0 days 00:00:00.243408,32,3.0649015902886316,0.7700793027161915,0.009200253651882064,5,0.4400848729536036,4000,PRUNED
181,8.729175533517264e-06,2026-05-19 00:40:59.696893,2026-05-19 00:41:04.129264,0 days 00:00:04.432371,32,5.614302827182063,0.4386776329964605,0.0061931097565503515,5,0.48749052492961653,4000,COMPLETE
182,0.0005493526696227491,2026-05-19 00:41:04.137387,2026-05-19 00:41:04.403866,0 days 00:00:00.266479,32,5.5523024935911245,0.49315141881327695,0.0064959394876496135,5,0.4891645612500993,4000,PRUNED
183,0.004223600961267948,2026-05-19 00:41:04.410858,2026-05-19 00:41:04.629250,0 days 00:00:00.218392,32,7.452385482513718,0.3510954550674593,0.005880403018545033,5,0.4738546636945038,4000,PRUNED
184,0.000577135244384408,2026-05-19 00:41:04.636063,2026-05-19 00:41:04.871272,0 days 00:00:00.235209,32,4.75368373902213,0.6464188887275409,0.007986490933403598,5,0.4596630650611131,4000,PRUNED
185,1.3868630048818886e-05,2026-05-19 00:41:04.877892,2026-05-19 00:41:09.167757,0 days 00:00:04.289865,32,6.0658416431252835,0.9381429504093974,0.007294368444219867,5,0.8648378448989754,4000,COMPLETE
186,0.0004129580338485539,2026-05-19 00:41:09.178363,2026-05-19 00:41:09.420761,0 days 00:00:00.242398,32,5.811389336331043,0.8550510625128505,0.007103246861974511,5,0.7880754200137817,4000,PRUNED
187,0.0010047443211078644,2026-05-19 00:41:09.428120,2026-05-19 00:41:09.687857,0 days 00:00:00.259737,32,6.716166725987836,1.0487582647648155,0.00782854352177304,5,0.864619530766753,4000,PRUNED
188,0.0005268616368994117,2026-05-19 00:41:09.696336,2026-05-19 00:41:09.932036,0 days 00:00:00.235700,32,6.225196490744614,0.5503250160734035,0.006241403446220201,5,0.4140500580294499,4000,PRUNED
189,1.3398444025369827e-05,2026-05-19 00:41:09.941983,2026-05-19 00:41:14.280047,0 days 00:00:04.338064,32,5.401566455497043,0.9042074641560504,0.00900976518491025,5,0.8591786155819794,4000,COMPLETE
190,0.0008829709840938449,2026-05-19 00:41:14.291102,2026-05-19 00:41:14.558808,0 days 00:00:00.267706,32,5.061007340470254,0.4360178521997086,0.009269557018829411,5,0.8954986260669602,4000,PRUNED
191,1.276635430258466e-05,2026-05-19 00:41:14.567825,2026-05-19 00:41:19.470478,0 days 00:00:04.902653,32,5.531645805307975,0.7334056207429066,0.008471729537559073,5,0.8833159378045781,4000,COMPLETE
192,1.0056820428872015e-05,2026-05-19 00:41:19.481884,2026-05-19 00:41:24.393357,0 days 00:00:04.911473,32,4.420707760606308,0.6483485884042093,0.008560494908061609,5,0.8271757064435696,4000,COMPLETE
193,0.0008465959108434618,2026-05-19 00:41:24.404200,2026-05-19 00:41:24.629974,0 days 00:00:00.225774,32,4.421251386158972,0.6857515456421541,0.008274075562501723,5,0.8271215741253246,4000,PRUNED
194,0.0005315766320563853,2026-05-19 00:41:24.637646,2026-05-19 00:41:24.867494,0 days 00:00:00.229848,32,3.8244091534237916,0.6089280431542143,0.008473737038694999,5,0.8083965329407754,4000,PRUNED
195,0.000534038816113025,2026-05-19 00:41:24.876314,2026-05-19 00:41:25.095512,0 days 00:00:00.219198,32,4.70986512026891,0.4624680685205639,0.009887295454247299,5,0.7561624761411989,4000,PRUNED
196,0.0007513001328334212,2026-05-19 00:41:25.103175,2026-05-19 00:41:25.326550,0 days 00:00:00.223375,32,3.4177916226600398,0.7880823153481095,0.007987314758280047,5,0.8278458806152582,4000,PRUNED
197,0.005663661286234856,2026-05-19 00:41:25.334269,2026-05-19 00:41:25.553691,0 days 00:00:00.219422,32,8.573555996131091,9.261796460991961,0.006751768482139791,5,0.8829536176284574,1000,PRUNED
198,0.0015434082597494125,2026-05-19 00:41:25.561618,2026-05-19 00:41:25.772101,0 days 00:00:00.210483,32,5.074730773563253,0.39098723387639267,0.008963679984197106,5,0.4813635706513722,4000,PRUNED
199,6.567713717231527e-05,2026-05-19 00:41:25.778889,2026-05-19 00:41:26.166183,0 days 00:00:00.387294,112,4.048911760136448,0.5447170015926078,0.007568689929270135,5,0.501818156597817,4000,PRUNED
200,0.0011704936623573303,2026-05-19 00:41:26.174045,2026-05-19 00:41:26.391213,0 days 00:00:00.217168,32,7.269957086728651,0.6746230493728798,0.009104455915282604,5,0.8166333391290099,1000,PRUNED
201,5.554564268095419e-05,2026-05-19 00:41:26.397937,2026-05-19 00:41:26.795483,0 days 00:00:00.397546,32,5.491432062588528,0.9117312084424656,0.00906032039095419,5,0.8660536026253881,4000,PRUNED
202,0.0003959990863222629,2026-05-19 00:41:26.803073,2026-05-19 00:41:27.195374,0 days 00:00:00.392301,32,5.208253848546194,1.1771368802304423,0.00832839175624278,5,0.8806643859657174,4000,PRUNED
203,6.471903179772198e-05,2026-05-19 00:41:27.203068,2026-05-19 00:41:27.677633,0 days 00:00:00.474565,32,5.470652566832862,0.8367218472530291,0.009345069455494211,5,0.8605999393982318,4000,PRUNED
204,0.0009373629000037909,2026-05-19 00:41:27.686138,2026-05-19 00:41:27.956796,0 days 00:00:00.270658,32,4.572543207667823,1.524263883554053,0.009869941068851954,5,0.8485026252229362,4000,PRUNED
205,3.7702893678215332e-06,2026-05-19 00:41:27.963736,2026-05-19 00:41:32.827488,0 days 00:00:04.863752,32,6.739312316959003,0.5162891547191366,0.007450899901845942,5,0.8903335786902021,4000,COMPLETE
206,0.0006815277156420052,2026-05-19 00:41:32.840455,2026-05-19 00:41:33.074305,0 days 00:00:00.233850,32,6.554433019177324,0.4697962377962931,0.006883644299099555,5,0.8460847271880741,3000,PRUNED
207,1.3369863154366612e-05,2026-05-19 00:41:33.080698,2026-05-19 00:41:37.555622,0 days 00:00:04.474924,32,7.740576458558362,0.5763809768661485,0.0061545557793562375,5,0.8893626137127394,2000,COMPLETE
208,0.0013501056237146258,2026-05-19 00:41:37.568283,2026-05-19 00:41:37.789517,0 days 00:00:00.221234,32,2.86085999031652,0.3349866682229812,0.007530947226178529,5,0.4679946861503794,3000,PRUNED
209,0.0021516296546906233,2026-05-19 00:41:37.795732,2026-05-19 00:41:38.032064,0 days 00:00:00.236332,128,6.6826688085695825,0.6973431749975502,0.008101521619561465,6,0.48851542119496166,2000,PRUNED
210,0.0006355569930747151,2026-05-19 00:41:38.038265,2026-05-19 00:41:38.253423,0 days 00:00:00.215158,16,6.01182155617685,0.5054329640545399,0.007250157399792124,5,0.8783024261744554,4000,PRUNED
211,0.00020393662271089852,2026-05-19 00:41:38.259720,2026-05-19 00:41:38.655397,0 days 00:00:00.395677,32,7.269526083187719,0.6215006453307962,0.006027640458954658,5,0.883167080227476,2000,PRUNED
212,5.3291485528461635e-05,2026-05-19 00:41:38.661770,2026-05-19 00:41:39.052806,0 days 00:00:00.391036,32,8.428404272344876,0.5698803777135206,0.006170165742704861,5,0.8881642804227026,2000,PRUNED
213,0.00217806757427752,2026-05-19 00:41:39.058942,2026-05-19 00:41:39.273411,0 days 00:00:00.214469,32,7.638070725982982,0.3985503127031908,0.00665023635717743,5,0.897408156249355,1000,PRUNED
214,0.0013697263784706593,2026-05-19 00:41:39.279867,2026-05-19 00:41:39.493650,0 days 00:00:00.213783,32,8.017673146127631,0.5050596318163988,0.0055999790420652494,5,0.8719968098689082,2000,PRUNED
215,0.0013099132338538766,2026-05-19 00:41:39.499820,2026-05-19 00:41:39.715397,0 days 00:00:00.215577,32,6.936166077862259,0.7608480733520023,0.008386035985059105,5,0.7907334244805018,2000,PRUNED
216,0.0009596119052730501,2026-05-19 00:41:39.721767,2026-05-19 00:41:39.938744,0 days 00:00:00.216977,112,5.9208744400221995,0.42601929765196533,0.005008992033996103,5,0.7475080128714584,2000,PRUNED
217,0.000399585347622633,2026-05-19 00:41:39.944933,2026-05-19 00:41:40.157465,0 days 00:00:00.212532,32,4.319345412902486,0.624533745899545,0.007518486393712635,5,0.8991626207946907,3000,PRUNED
218,5.344563032849692e-05,2026-05-19 00:41:40.163801,2026-05-19 00:41:40.557104,0 days 00:00:00.393303,32,3.158069943654729,0.31659516866117826,0.006558477776883758,5,0.31267193461512044,4000,PRUNED
219,0.0004328716022428125,2026-05-19 00:41:40.563539,2026-05-19 00:41:40.733910,0 days 00:00:00.170371,32,2.5630904114023476,0.5574177364302506,0.008476341886341672,3,0.422489370749901,3000,PRUNED
220,9.32717648538528e-06,2026-05-19 00:41:40.740337,2026-05-19 00:41:44.866906,0 days 00:00:04.126569,32,4.745929302805891,0.7534922021836947,0.009943525339792342,5,0.4330729550901498,1000,COMPLETE
221,7.878181349951774e-05,2026-05-19 00:41:44.875971,2026-05-19 00:41:46.183322,0 days 00:00:01.307351,32,4.710070692052184,0.7665846834624394,0.009926165534909449,5,0.4346471603329294,1000,PRUNED
222,0.00019344972679391503,2026-05-19 00:41:46.189716,2026-05-19 00:41:46.595402,0 days 00:00:00.405686,32,5.674162333177823,1.0467874354113833,0.008927094731035473,5,0.3976372603885413,1000,PRUNED
223,0.00029901444213464856,2026-05-19 00:41:46.601791,2026-05-19 00:41:46.835012,0 days 00:00:00.233221,32,4.98471884520631,0.7114291087126906,0.007879823962980825,5,0.45387495037488573,1000,PRUNED
224,1.4451970855589025e-05,2026-05-19 00:41:46.842489,2026-05-19 00:41:51.153453,0 days 00:00:04.310964,32,4.020623163384386,0.522517560451865,0.009908672335049665,5,0.44111667719144715,1000,COMPLETE
225,0.0003500462626107037,2026-05-19 00:41:51.164414,2026-05-19 00:41:51.389293,0 days 00:00:00.224879,32,6.112337793899967,0.41692680701393664,0.00873075643926667,5,0.4917723364705475,1000,PRUNED
226,0.0015780481044203043,2026-05-19 00:41:51.396429,2026-05-19 00:41:51.630932,0 days 00:00:00.234503,32,5.001878035428716,0.9204320505181217,0.0011865545897405446,5,0.5062613251370323,3000,PRUNED
227,0.0009783910354599357,2026-05-19 00:41:51.637720,2026-05-19 00:41:51.861942,0 days 00:00:00.224222,32,8.888654723817977,0.6170583094339026,0.007229233072498593,5,0.4709989764037283,4000,PRUNED
228,0.010300561785697937,2026-05-19 00:41:51.868852,2026-05-19 00:41:52.050759,0 days 00:00:00.181907,112,3.647451159244275,1.253612304332869,0.00798622444565808,3,0.4112572077604672,2000,PRUNED
229,0.0008017456857487559,2026-05-19 00:41:52.061134,2026-05-19 00:41:52.278232,0 days 00:00:00.217098,32,2.7344613234085293,0.7458389832750157,0.009179084501154379,5,0.43064120779606796,3000,PRUNED
230,0.0036596423014998436,2026-05-19 00:41:52.284772,2026-05-19 00:41:52.498980,0 days 00:00:00.214208,32,4.328709295774356,0.48843390761661204,0.006368506812273474,5,0.7202712867723133,1000,PRUNED
231,3.9584188925800845e-05,2026-05-19 00:41:52.505693,2026-05-19 00:41:52.909795,0 days 00:00:00.404102,32,5.38830520048785,0.8983848913642983,0.008909450054103011,5,0.8751214104986593,4000,PRUNED
232,1.8103430193150416e-05,2026-05-19 00:41:52.916166,2026-05-19 00:41:57.343804,0 days 00:00:04.427638,32,5.477711683542209,0.9914466104505102,0.008688608338522499,5,0.4810209388821938,4000,COMPLETE
233,0.00030516221886500716,2026-05-19 00:41:57.352985,2026-05-19 00:41:57.763489,0 days 00:00:00.410504,32,6.541452972569087,0.6431805317519966,0.009240178147409834,5,0.5195744917160288,4000,PRUNED
234,8.729808178031817e-05,2026-05-19 00:41:57.770100,2026-05-19 00:41:58.958053,0 days 00:00:01.187953,32,4.899748186092253,0.809991469543512,0.009963541185936304,5,0.8922914519245082,4000,PRUNED
235,0.0019139600917696953,2026-05-19 00:41:58.964902,2026-05-19 00:41:59.187129,0 days 00:00:00.222227,32,5.400490780151277,0.01354884639043666,0.007724366762519784,5,0.8416119315894628,4000,PRUNED
236,0.00040895843994803727,2026-05-19 00:41:59.194085,2026-05-19 00:41:59.421433,0 days 00:00:00.227348,32,4.547695061386406,0.5945401735727739,0.007040754058529402,5,0.8572943357516671,4000,PRUNED
237,0.0008854118059389293,2026-05-19 00:41:59.429123,2026-05-19 00:41:59.611488,0 days 00:00:00.182365,32,7.694530228844467,1.1227137921650507,0.00821765266294147,3,0.4531454161157156,3000,PRUNED
238,0.0003844133170787245,2026-05-19 00:41:59.618681,2026-05-19 00:41:59.855781,0 days 00:00:00.237100,32,6.1436748271165404,0.36333666598871633,0.009202705353096332,5,0.850288212829114,4000,PRUNED
239,0.0013444594806060195,2026-05-19 00:41:59.862609,2026-05-19 00:42:00.084090,0 days 00:00:00.221481,32,2.4530115458619166,0.7811481227988504,0.005746129499992753,5,0.5109005282408463,3000,PRUNED
240,0.005679335445165634,2026-05-19 00:42:00.091323,2026-05-19 00:42:00.328858,0 days 00:00:00.237535,32,5.634948042757576,0.4569495062716727,0.007607205616997485,6,0.8756628168541318,1000,PRUNED
241,0.0006867256015539169,2026-05-19 00:42:00.335907,2026-05-19 00:42:00.560204,0 days 00:00:00.224297,32,6.404126615784099,0.9324945244920512,0.007084732144374508,5,0.8664595594645614,4000,PRUNED
242,0.0002208473888458684,2026-05-19 00:42:00.566860,2026-05-19 00:42:00.974248,0 days 00:00:00.407388,32,7.084928062733403,1.3247063734911892,0.008370762577577085,5,0.8776151003138123,4000,PRUNED
243,0.00029553682543337345,2026-05-19 00:42:00.980785,2026-05-19 00:42:01.202829,0 days 00:00:00.222044,32,6.045531287923498,0.9285034132108754,0.006823182624345654,5,0.8586853248147557,4000,PRUNED
244,0.0002977091644424945,2026-05-19 00:42:01.209739,2026-05-19 00:42:01.424756,0 days 00:00:00.215017,32,4.772630430325518,0.6551693925620939,0.007686828321366478,5,0.8883797180858294,4000,PRUNED
245,0.0004942388623021543,2026-05-19 00:42:01.432529,2026-05-19 00:42:01.649913,0 days 00:00:00.217384,32,5.709413981995072,0.5449561968196542,0.008755957044928502,5,0.4991549908120822,4000,PRUNED
246,0.0012618731707334518,2026-05-19 00:42:01.657691,2026-05-19 00:42:02.059573,0 days 00:00:00.401882,32,5.305065058597365,1.0507789587951042,0.009955912951794012,5,0.47747215144285066,4000,PRUNED
247,0.0010401131585240364,2026-05-19 00:42:02.067380,2026-05-19 00:42:02.268290,0 days 00:00:00.200910,32,2.857726344747704,0.7902241231774807,0.006181840118610698,4,0.4451330876393226,3000,PRUNED
248,0.0003368928446434438,2026-05-19 00:42:02.276727,2026-05-19 00:42:02.499430,0 days 00:00:00.222703,32,5.072246281676364,0.6689694372624578,0.00726732015928083,5,0.4225856097689701,4000,PRUNED
249,0.005111871752887964,2026-05-19 00:42:02.508741,2026-05-19 00:42:02.701680,0 days 00:00:00.192939,128,8.079106494197926,0.5395736965559349,0.008235815941428196,3,0.49154629319032733,2000,PRUNED
250,0.0007750640506856143,2026-05-19 00:42:02.709983,2026-05-19 00:42:02.976219,0 days 00:00:00.266236,32,7.132721584191174,0.29200953733234486,0.009311813946084092,5,0.8339609752656943,3000,PRUNED
251,0.000591435469686985,2026-05-19 00:42:02.985192,2026-05-19 00:42:03.223058,0 days 00:00:00.237866,32,6.173866450210491,0.8872664203046391,0.006589857135595911,5,0.6313713389546572,4000,PRUNED
252,0.05237191170454025,2026-05-19 00:42:03.231019,2026-05-19 00:42:03.453136,0 days 00:00:00.222117,32,3.3161381137888846,0.025841231159258685,0.0001299194439524281,5,0.4628882291176281,1000,PRUNED
253,0.002380611142143607,2026-05-19 00:42:03.460794,2026-05-19 00:42:03.651002,0 days 00:00:00.190208,112,4.209942189587693,0.07462951365198965,0.007817624286783363,4,0.32367559668606616,4000,PRUNED
254,0.0003285967104602605,2026-05-19 00:42:03.658882,2026-05-19 00:42:03.873504,0 days 00:00:00.214622,32,2.1915665159654516,0.4281963895500784,0.005314465351997944,5,0.8553757980170189,5000,PRUNED
255,0.000543655885849148,2026-05-19 00:42:03.880390,2026-05-19 00:42:04.094040,0 days 00:00:00.213650,32,4.630105026305817,0.7111562242454013,0.008565228988347277,5,0.8640884798101961,3000,PRUNED
256,0.0009130194084718823,2026-05-19 00:42:04.100281,2026-05-19 00:42:04.271173,0 days 00:00:00.170892,32,6.7419217485606096,1.1425982426324832,0.009991500462600599,3,0.8866586939304185,2000,PRUNED
257,0.0027822053525596857,2026-05-19 00:42:04.277320,2026-05-19 00:42:04.469708,0 days 00:00:00.192388,96,3.8348280891636986,0.5923781778017422,0.007157848812467109,4,0.6115533536826806,3000,PRUNED
258,0.0020308031234890223,2026-05-19 00:42:04.477363,2026-05-19 00:42:04.693815,0 days 00:00:00.216452,32,5.2362932990277065,1.4882609140486665,0.002237673224707616,5,0.5062939395139746,1000,PRUNED
259,0.0014188536442816257,2026-05-19 00:42:04.700695,2026-05-19 00:42:04.981065,0 days 00:00:00.280370,32,5.7734731538655115,0.48246829345215453,0.00914281300509767,5,0.5257260358452545,4000,PRUNED
260,0.0005286405794322491,2026-05-19 00:42:04.987929,2026-05-19 00:42:05.137099,0 days 00:00:00.149170,112,3.018560658598414,0.37537665550467103,0.006033464251690691,2,0.49022956368285964,3000,PRUNED
261,0.00048161213635466993,2026-05-19 00:42:05.143587,2026-05-19 00:42:05.364740,0 days 00:00:00.221153,16,9.457365799537685,0.8174123083135759,0.008218379158694116,5,0.899520008439183,4000,PRUNED
262,0.0004998149815946817,2026-05-19 00:42:05.371395,2026-05-19 00:42:05.595134,0 days 00:00:00.223739,32,4.881656039066835,0.9968264912608451,0.007293573070769314,5,0.46803506140057,3000,PRUNED
263,0.00045238120947033167,2026-05-19 00:42:05.601625,2026-05-19 00:42:05.797974,0 days 00:00:00.196349,32,8.568936328716592,0.6721991969299763,0.006512847096383733,4,0.43408445421427394,5000,PRUNED
264,0.023170262575149536,2026-05-19 00:42:05.804376,2026-05-19 00:42:05.978392,0 days 00:00:00.174016,32,7.663094602947328,0.001081053629765386,0.00902614523922974,3,0.8208816955762116,1000,PRUNED
265,0.002205251483246684,2026-05-19 00:42:05.984917,2026-05-19 00:42:06.208317,0 days 00:00:00.223400,32,43.658722461712,0.057459924758211565,0.007849790298848618,5,0.4011271225667197,2000,PRUNED
266,0.0006821212009526789,2026-05-19 00:42:06.216389,2026-05-19 00:42:06.438190,0 days 00:00:00.221801,32,6.141516286062493,0.5141509186213757,0.0017931363119734354,5,0.5374101208640627,4000,PRUNED
267,0.00220690481364727,2026-05-19 00:42:06.445523,2026-05-19 00:42:06.666505,0 days 00:00:00.220982,112,4.283356267590877,0.6127715924998212,0.008478997951633689,5,0.6644451967023223,3000,PRUNED
268,0.0042478106915950775,2026-05-19 00:42:06.674194,2026-05-19 00:42:06.918650,0 days 00:00:00.244456,32,5.269149275731809,0.006540226373899672,0.00693141866921661,6,0.8708530403867814,4000,PRUNED
269,0.051546838134527206,2026-05-19 00:42:06.926725,2026-05-19 00:42:07.144808,0 days 00:00:00.218083,128,2.621915247908598,0.8269596132297904,0.009228597678342125,5,0.30682454109171164,1000,PRUNED
270,0.0017465626588091254,2026-05-19 00:42:07.151954,2026-05-19 00:42:07.324908,0 days 00:00:00.172954,32,5.7233807566506245,0.2700623457476702,0.005800514620339839,3,0.3791090347031332,3000,PRUNED
271,0.0008241023169830441,2026-05-19 00:42:07.331339,2026-05-19 00:42:07.545676,0 days 00:00:00.214337,32,6.614888026938583,0.42371922928853833,0.007630952856462171,5,0.44970026152182035,3000,PRUNED
272,0.0010443248320370913,2026-05-19 00:42:07.552100,2026-05-19 00:42:07.751173,0 days 00:00:00.199073,32,2.372146626063728,1.0709588262303429,0.00841183242377555,4,0.48027910429544757,2000,PRUNED
273,1.1402594282117207e-05,2026-05-19 00:42:07.757515,2026-05-19 00:42:11.725356,0 days 00:00:03.967841,32,4.703652405264269,0.7320027824441339,0.009931916060791048,5,0.366160799600371,4000,COMPLETE
274,1.214257372339489e-05,2026-05-19 00:42:11.735018,2026-05-19 00:42:15.783479,0 days 00:00:04.048461,32,4.564604283000439,0.7123739833207953,0.009880570324568936,5,0.38136773581503636,5000,COMPLETE
275,0.001508052577264607,2026-05-19 00:42:15.793821,2026-05-19 00:42:16.021002,0 days 00:00:00.227181,80,3.941425541067359,0.5598049427181653,0.00985360676912314,5,0.35189895571970486,5000,PRUNED
276,0.00045228941598907113,2026-05-19 00:42:16.028465,2026-05-19 00:42:16.221013,0 days 00:00:00.192548,32,4.730308370705689,0.6795964471416466,0.009866438829852222,3,0.3662593181381835,5000,PRUNED
277,0.0009302164544351399,2026-05-19 00:42:16.228149,2026-05-19 00:42:16.443021,0 days 00:00:00.214872,48,3.4401806382727798,0.3432428579649072,0.009965419827074527,5,0.3700507691736445,5000,PRUNED
278,0.0041017308831214905,2026-05-19 00:42:16.449686,2026-05-19 00:42:16.668362,0 days 00:00:00.218676,16,4.255291574094672,0.49802604181467897,0.0008265101538164636,5,0.3689540752926872,5000,PRUNED
279,0.02831156924366951,2026-05-19 00:42:16.674796,2026-05-19 00:42:16.893394,0 days 00:00:00.218598,32,4.527216293121473,0.6808411388746917,0.0002173134887195952,5,0.3788210266596642,5000,PRUNED
280,0.000988641520962119,2026-05-19 00:42:16.899663,2026-05-19 00:42:17.090087,0 days 00:00:00.190424,32,3.9099378496602397,0.4452042411948123,0.009235218124001594,4,0.3895004043301963,5000,PRUNED
281,0.001391272759065032,2026-05-19 00:42:17.096547,2026-05-19 00:42:17.267470,0 days 00:00:00.170923,48,3.625379558755661,0.5827479126578925,0.008215611868696454,3,0.33974773834225747,2000,PRUNED
282,0.006196377333253622,2026-05-19 00:42:17.274259,2026-05-19 00:42:17.497022,0 days 00:00:00.222763,96,4.830695477758547,0.36424004243281743,0.008904091989725603,5,0.39480137583159336,3000,PRUNED
283,0.0011999501148238778,2026-05-19 00:42:17.503396,2026-05-19 00:42:17.701784,0 days 00:00:00.198388,32,2.921012774768152,0.7658761835613916,0.008588952317407516,4,0.3545643562447591,5000,PRUNED
284,0.00017731380648911,2026-05-19 00:42:17.708349,2026-05-19 00:42:18.104543,0 days 00:00:00.396194,32,3.1940304584343986,0.5119001241967324,0.009277747330819432,5,0.4027835893737175,3000,PRUNED
285,0.0010827884543687105,2026-05-19 00:42:18.111284,2026-05-19 00:42:18.361093,0 days 00:00:00.249809,32,4.219680115735735,0.734683788624285,0.006356300194079449,6,0.3841372939181581,1000,PRUNED
286,0.0007180527900345623,2026-05-19 00:42:18.367890,2026-05-19 00:42:18.598270,0 days 00:00:00.230380,32,23.337800369077318,0.6187264261631739,0.005334897476246311,5,0.41396294203789036,3000,PRUNED
287,0.00032194145023822784,2026-05-19 00:42:18.604933,2026-05-19 00:42:18.830472,0 days 00:00:00.225539,32,5.025063369057683,0.43274011080773844,0.007788907189851428,5,0.514878058300234,1000,PRUNED
288,0.00219585164450109,2026-05-19 00:42:18.836967,2026-05-19 00:42:19.008368,0 days 00:00:00.171401,112,4.4412400820856694,0.24559384195298212,0.009900539729804175,3,0.5023788696669,3000,PRUNED
289,0.0005221422179602087,2026-05-19 00:42:19.015009,2026-05-19 00:42:19.230196,0 days 00:00:00.215187,32,8.132468781271742,1.2861086375552564,0.008500304505078368,5,0.47455500971670794,3000,PRUNED
290,0.0003201710351277143,2026-05-19 00:42:19.237230,2026-05-19 00:42:19.436102,0 days 00:00:00.198872,32,5.353190292972905,0.7886612107969745,0.004819679038874383,4,0.6856159237400508,5000,PRUNED
291,0.0005208231159485877,2026-05-19 00:42:19.444660,2026-05-19 00:42:19.669422,0 days 00:00:00.224762,32,9.090830244268162,0.5701552194524822,0.006891892043931972,5,0.4925168542366474,1000,PRUNED
292,9.855825192062184e-05,2026-05-19 00:42:19.677416,2026-05-19 00:42:20.073135,0 days 00:00:00.395719,32,10.283125120445565,0.29848197057905784,0.007788258029565276,5,0.7823843598434579,3000,PRUNED
293,0.0008802178199402988,2026-05-19 00:42:20.081578,2026-05-19 00:42:20.304937,0 days 00:00:00.223359,32,1.0931737358764289,0.39843023121119786,0.009209999266807253,5,0.3618756052123639,1000,PRUNED
294,0.0006449800566770136,2026-05-19 00:42:20.313090,2026-05-19 00:42:20.525985,0 days 00:00:00.212895,16,7.15094989196952,0.9140149081183897,0.0058644467915381256,5,0.3454747319197674,3000,PRUNED
295,0.0028578387573361397,2026-05-19 00:42:20.533956,2026-05-19 00:42:20.710396,0 days 00:00:00.176440,128,2.6701768262239045,0.037063028364385825,0.0006194658433591328,3,0.567312533562366,2000,PRUNED
296,0.0015590832335874438,2026-05-19 00:42:20.718114,2026-05-19 00:42:20.933491,0 days 00:00:00.215377,32,1.976247816592786,0.5032579795844463,0.007479959169474339,5,0.5866734226687618,5000,PRUNED
297,0.0018969548400491476,2026-05-19 00:42:20.939938,2026-05-19 00:42:21.155563,0 days 00:00:00.215625,32,4.751067171548279,1.7658171950099135,0.008553947353128559,5,0.45984627986440446,4000,PRUNED
298,0.0005467389710247517,2026-05-19 00:42:21.162219,2026-05-19 00:42:21.336945,0 days 00:00:00.174726,32,3.712989403676035,0.6720885160168757,0.006487541051295069,3,0.4259434560298628,2000,PRUNED
299,0.006915220990777016,2026-05-19 00:42:21.343516,2026-05-19 00:42:21.571613,0 days 00:00:00.228097,32,2.223281798825113,0.7779652400022152,0.00046189125626913685,5,0.3327735358869071,3000,PRUNED
300,0.0003009894280694425,2026-05-19 00:42:21.578104,2026-05-19 00:42:21.809145,0 days 00:00:00.231041,32,5.195074486489657,0.583096376867102,0.009201865936771398,5,0.4397700764063121,1000,PRUNED
301,0.004803667310625315,2026-05-19 00:42:21.816789,2026-05-19 00:42:22.112897,0 days 00:00:00.296108,32,7.552113316007553,0.0023999735448496373,0.009935429149038296,6,0.5285469783143916,3000,PRUNED
302,0.005212110001593828,2026-05-19 00:42:22.119617,2026-05-19 00:42:22.346911,0 days 00:00:00.227294,112,5.872228416018162,0.47062479137224084,0.008103834957154247,5,0.4846242783552342,4000,PRUNED
303,0.0005757134640589356,2026-05-19 00:42:22.353515,2026-05-19 00:42:22.556096,0 days 00:00:00.202581,32,4.361738421274397,1.000781761318328,0.00706776946360894,4,0.5522837995676431,3000,PRUNED
304,0.00028812672826461494,2026-05-19 00:42:22.562818,2026-05-19 00:42:22.786717,0 days 00:00:00.223899,32,3.3350239297712783,0.3609049476234907,0.008495227350836977,5,0.7635755825502999,4000,PRUNED
305,0.001306962687522173,2026-05-19 00:42:22.793163,2026-05-19 00:42:22.972346,0 days 00:00:00.179183,48,4.917899710653172,1.243672059543042,0.007532793590266677,3,0.5036963347051968,5000,PRUNED
306,0.0010218812385573983,2026-05-19 00:42:22.978912,2026-05-19 00:42:23.202718,0 days 00:00:00.223806,32,2.484151340963646,0.6657002218540198,0.009090625855485578,5,0.3805797974429148,1000,PRUNED
307,0.025711676105856895,2026-05-19 00:42:23.209482,2026-05-19 00:42:23.434125,0 days 00:00:00.224643,96,1.360149057597673,0.8680540830593341,0.0062955416329266356,5,0.4149547242064179,3000,PRUNED
308,0.0003192260046489537,2026-05-19 00:42:23.441288,2026-05-19 00:42:23.664118,0 days 00:00:00.222830,32,6.558659167476003,0.5516517489386815,0.009967229121781064,5,0.4681052628480738,4000,PRUNED
309,0.012126877903938293,2026-05-19 00:42:23.672172,2026-05-19 00:42:23.893734,0 days 00:00:00.221562,32,5.385352912656898,0.45354527166361436,0.00027003819098633195,5,0.4477456637677636,2000,PRUNED
310,0.00926719419658184,2026-05-19 00:42:23.901284,2026-05-19 00:42:24.050268,0 days 00:00:00.148984,128,4.080795727996038,0.7763319078706077,0.006864084667845623,2,0.8016021829568835,1000,PRUNED
311,0.0015831486089155078,2026-05-19 00:42:24.058388,2026-05-19 00:42:24.256691,0 days 00:00:00.198303,32,2.8174813085947115,0.020053125383784027,0.008159208510522443,4,0.5178750195282623,3000,PRUNED
312,0.0020136593375355005,2026-05-19 00:42:24.264598,2026-05-19 00:42:24.488454,0 days 00:00:00.223856,112,4.4741005080961855,0.31248083475762745,0.009038033514880245,5,0.39374908892287824,4000,PRUNED
313,0.0006482678581960499,2026-05-19 00:42:24.495019,2026-05-19 00:42:24.665345,0 days 00:00:00.170326,32,8.540573013945444,0.6245912408819791,0.0036544301126413253,3,0.47838069267958927,2000,PRUNED
314,0.0022562360391020775,2026-05-19 00:42:24.672013,2026-05-19 00:42:24.897068,0 days 00:00:00.225055,32,3.080546349689519,0.007999668669256983,0.0054648664045600535,5,0.4935945170345363,3000,PRUNED
315,3.892659515258856e-05,2026-05-19 00:42:24.903745,2026-05-19 00:42:25.313226,0 days 00:00:00.409481,32,5.994381888756274,1.0807947752603806,0.007696568745761191,5,0.3604658770726882,4000,PRUNED
316,0.0004724632890429348,2026-05-19 00:42:25.321642,2026-05-19 00:42:25.515694,0 days 00:00:00.194052,32,6.979334158937896,0.3929170082894625,0.00854479489319283,4,0.43379601808340756,5000,PRUNED
317,0.0005210124654695392,2026-05-19 00:42:25.524016,2026-05-19 00:42:25.741290,0 days 00:00:00.217274,48,5.0020521405185985,0.7227109698735243,0.00715934461396179,5,0.3140618344443504,1000,PRUNED
318,0.0003876515256706625,2026-05-19 00:42:25.748905,2026-05-19 00:42:25.964454,0 days 00:00:00.215549,32,3.9308597532537424,0.5158801592627779,0.005956081871815418,5,0.40837650181441015,3000,PRUNED
319,0.0005682153860107064,2026-05-19 00:42:25.971118,2026-05-19 00:42:26.190100,0 days 00:00:00.218982,32,4.606280519359916,0.8682764960471308,0.009054175322126736,5,0.46179036200903434,4000,PRUNED
320,0.0027568538207560778,2026-05-19 00:42:26.196265,2026-05-19 00:42:26.416907,0 days 00:00:00.220642,32,5.633500692466144,0.22514188478458563,0.007913716286609598,5,0.5043943403765718,3000,PRUNED
321,0.0009066002094186842,2026-05-19 00:42:26.423262,2026-05-19 00:42:26.594073,0 days 00:00:00.170811,16,7.581892003413166,0.594016957282802,0.006643481107900739,3,0.42404345798520515,5000,PRUNED
322,0.0016594986664131284,2026-05-19 00:42:26.600351,2026-05-19 00:42:26.818387,0 days 00:00:00.218036,32,6.438039757372399,0.43083468880235465,0.009938061678708305,5,0.6509382830584992,4000,PRUNED
323,0.0004884221125394106,2026-05-19 00:42:26.825009,2026-05-19 00:42:27.040401,0 days 00:00:00.215392,32,3.52994123219376,0.702603221785498,0.0099941752171432,5,0.3294652253648442,1000,PRUNED
324,0.09834790974855423,2026-05-19 00:42:27.046671,2026-05-19 00:42:27.261215,0 days 00:00:00.214544,112,5.19165652336128,5.251370592128995,0.008358868773258556,5,0.5364649213852427,3000,PRUNED
325,0.0009230987634509802,2026-05-19 00:42:27.267421,2026-05-19 00:42:27.463288,0 days 00:00:00.195867,32,5.64140298466767,0.17364507524026146,0.007373396393504786,4,0.4867547130586796,2000,PRUNED
326,0.031226953491568565,2026-05-19 00:42:27.469486,2026-05-19 00:42:27.691013,0 days 00:00:00.221527,80,1.610011481017353,1.3497625027991298,0.008637463477733611,5,0.386629393788516,4000,PRUNED
327,0.0022393048275262117,2026-05-19 00:42:27.697407,2026-05-19 00:42:27.935439,0 days 00:00:00.238032,32,2.4181388865927382,0.9756444334729218,0.009179017838293096,6,0.5148892616364393,3000,PRUNED
328,0.0005262215854600072,2026-05-19 00:42:27.941683,2026-05-19 00:42:28.110987,0 days 00:00:00.169304,32,1.8143005541752157,0.4987711407042535,0.006328536727238745,3,0.45017838332238813,4000,PRUNED
329,0.0004433303256519139,2026-05-19 00:42:28.117804,2026-05-19 00:42:28.339352,0 days 00:00:00.221548,64,9.474078083818176,0.611089558290447,0.004260155226743239,5,0.7111924650525913,5000,PRUNED
330,0.0027560603339225054,2026-05-19 00:42:28.345979,2026-05-19 00:42:28.564883,0 days 00:00:00.218904,32,4.788291494609807,0.3376008957209334,0.007904640180631129,5,0.3726164891319713,3000,PRUNED
331,0.0018520819721743464,2026-05-19 00:42:28.571473,2026-05-19 00:42:28.798855,0 days 00:00:00.227382,32,2.695231222987906,0.8022340957768224,0.007008584607984186,5,0.60763995395838,1000,PRUNED
332,0.004457017872482538,2026-05-19 00:42:28.805718,2026-05-19 00:42:29.001453,0 days 00:00:00.195735,48,1.2549513204019538,1.1150847497482215,0.005154981071951622,4,0.8894817077090417,4000,PRUNED
333,0.0001159304374596104,2026-05-19 00:42:29.007975,2026-05-19 00:42:29.409231,0 days 00:00:00.401256,112,4.262575695699211,0.4959350697771197,0.009170703723894247,5,0.34749546067116993,3000,PRUNED
334,0.0004821168549824506,2026-05-19 00:42:29.415660,2026-05-19 00:42:29.591987,0 days 00:00:00.176327,32,8.447753833485185,0.7302179326725721,0.005645823991914515,3,0.4971314814178412,5000,PRUNED
335,0.0015871627256274223,2026-05-19 00:42:29.598642,2026-05-19 00:42:29.819280,0 days 00:00:00.220638,32,2.102584910089826,1.5490903046426983,0.0015358066623170745,5,0.47349644714880984,1000,PRUNED
336,0.0005479557439684868,2026-05-19 00:42:29.826021,2026-05-19 00:42:30.040394,0 days 00:00:00.214373,32,2.987456236461026,0.5946042208882207,0.008018253162784905,5,0.4572224663864452,3000,PRUNED
337,0.0004067550180479884,2026-05-19 00:42:30.046826,2026-05-19 00:42:30.238253,0 days 00:00:00.191427,32,6.263903281171925,0.38982645075504835,0.008712856669462286,4,0.5221248782232416,2000,PRUNED
338,0.00036550784716382623,2026-05-19 00:42:30.244571,2026-05-19 00:42:30.478389,0 days 00:00:00.233818,16,5.631540466291579,0.923447231704488,0.007273189127258722,5,0.4810526553428113,2000,PRUNED
339,0.004929892253130674,2026-05-19 00:42:30.485256,2026-05-19 00:42:30.703816,0 days 00:00:00.218560,128,6.991092553603142,0.664033007255618,0.006505494940009594,5,0.35891868412379435,4000,PRUNED
340,0.0011708224192261696,2026-05-19 00:42:30.710666,2026-05-19 00:42:30.905501,0 days 00:00:00.194835,32,5.075455735773075,0.2655224971912202,0.009304986964812072,3,0.5085833184071823,3000,PRUNED
341,0.0005613714456558228,2026-05-19 00:42:30.912278,2026-05-19 00:42:31.130479,0 days 00:00:00.218201,32,4.574261807509884,0.4816134074499997,0.009987115917449515,5,0.43976050070425704,4000,PRUNED
342,0.0008505579899065197,2026-05-19 00:42:31.137469,2026-05-19 00:42:31.362478,0 days 00:00:00.225009,32,3.888904857833271,0.13255983799070337,0.0030766927413497453,5,0.40312754192513867,3000,PRUNED
343,5.800417511636624e-06,2026-05-19 00:42:31.371642,2026-05-19 00:42:35.481411,0 days 00:00:04.109769,32,7.98701242503214,0.8044496748137664,0.0078001449949454725,5,0.4920499375839766,1000,COMPLETE
344,0.0011330939596518874,2026-05-19 00:42:35.495959,2026-05-19 00:42:35.785587,0 days 00:00:00.289628,32,3.3448731307541886,1.0803169114280582,0.007844582517849263,6,0.48831924108510866,1000,PRUNED
345,0.0036472578067332506,2026-05-19 00:42:35.792774,2026-05-19 00:42:36.014853,0 days 00:00:00.222079,32,5.328171893876595,0.004133380103355401,0.008457795226169103,5,0.4688468011363097,1000,PRUNED
346,0.0011939338874071836,2026-05-19 00:42:36.021158,2026-05-19 00:42:36.246677,0 days 00:00:00.225519,96,4.600658401971984,0.7740278883222694,0.0076088982667910365,5,0.49642931916985905,1000,PRUNED
347,0.0006091665127314627,2026-05-19 00:42:36.253240,2026-05-19 00:42:36.456888,0 days 00:00:00.203648,32,1.4788449870506302,0.9759284504099144,0.009084251947919066,4,0.5437064041251455,1000,PRUNED
348,0.002343773143365979,2026-05-19 00:42:36.463386,2026-05-19 00:42:36.643531,0 days 00:00:00.180145,112,11.1368209175429,1.2596571213279226,0.008379662561090297,3,0.5076440446459998,1000,PRUNED
349,6.248856516322121e-05,2026-05-19 00:42:36.650565,2026-05-19 00:42:37.053241,0 days 00:00:00.402676,32,4.111876520680533,0.8548761752139672,0.007094735953371786,5,0.4205370799242039,1000,PRUNED
350,0.0007003102800808847,2026-05-19 00:42:37.059529,2026-05-19 00:42:37.276788,0 days 00:00:00.217259,16,5.991265475743042,0.68069351526682,0.009956778152175362,5,0.3006618110536201,1000,PRUNED
351,0.0018239901401102543,2026-05-19 00:42:37.283186,2026-05-19 00:42:37.507692,0 days 00:00:00.224506,32,4.943433701163842,2.1953800393050797,0.0080427736270349,5,0.5586140217131879,4000,PRUNED
352,0.0011665716301649809,2026-05-19 00:42:37.513936,2026-05-19 00:42:37.696231,0 days 00:00:00.182295,32,6.523172896625155,0.8793808871919395,0.0011301146935925863,3,0.3221809063338377,1000,PRUNED
353,0.0004992128815501928,2026-05-19 00:42:37.702826,2026-05-19 00:42:37.901810,0 days 00:00:00.198984,32,7.815672122432026,0.5648910794094977,0.00894825154430636,4,0.4800367866694225,5000,PRUNED
354,0.001913725514896214,2026-05-19 00:42:37.908655,2026-05-19 00:42:38.133847,0 days 00:00:00.225192,32,1.0257059753739148,0.38070503554007534,0.007450440423492899,5,0.5305180487992615,3000,PRUNED
355,0.00036617921432480216,2026-05-19 00:42:38.141954,2026-05-19 00:42:38.396304,0 days 00:00:00.254350,48,3.6393397194062818,0.721286251249041,0.008500450533349984,5,0.49656381342212663,4000,PRUNED
356,0.00028487274539656937,2026-05-19 00:42:38.403347,2026-05-19 00:42:38.671092,0 days 00:00:00.267745,32,2.792707745338687,0.450383937393369,0.006972285854030856,5,0.3878162489462726,1000,PRUNED
357,0.007790004834532738,2026-05-19 00:42:38.678427,2026-05-19 00:42:38.945164,0 days 00:00:00.266737,32,8.844135690060817,0.30381049361922974,0.009080681718659686,5,0.46288656130603223,3000,PRUNED
358,0.0005864455015398562,2026-05-19 00:42:38.952442,2026-05-19 00:42:39.219906,0 days 00:00:00.267464,32,5.565939366376044,1.04009490838954,0.007928706581107442,5,0.37392596073261375,3000,PRUNED
359,0.003881661919876933,2026-05-19 00:42:39.226828,2026-05-19 00:42:39.428902,0 days 00:00:00.202074,128,2.4257615126431906,0.5502318863072182,0.00998656272732295,3,0.4443129857372726,5000,PRUNED
360,1.0252571883029304e-05,2026-05-19 00:42:39.436646,2026-05-19 00:42:43.848518,0 days 00:00:04.411872,32,4.3401325224011025,0.8744839457095595,0.0067028915443993016,5,0.4319118917308498,4000,COMPLETE
361,0.001500608865171671,2026-05-19 00:42:43.861283,2026-05-19 00:42:44.098704,0 days 00:00:00.237421,32,3.1073277569925413,1.5713494896036955,0.00681280283003063,5,0.4272486309640235,4000,PRUNED
362,0.0015368872554972768,2026-05-19 00:42:44.107210,2026-05-19 00:42:44.324655,0 days 00:00:00.217445,112,4.056736822116112,1.2044636260834611,0.005952474566930029,5,0.42523045215300276,4000,PRUNED
363,0.0004903014632873237,2026-05-19 00:42:44.332112,2026-05-19 00:42:44.503946,0 days 00:00:00.171834,32,4.47364143067085,0.8614811668971752,0.006320429337723693,3,0.4039857026646579,4000,PRUNED
364,0.0005464688292704523,2026-05-19 00:42:44.511963,2026-05-19 00:42:44.703773,0 days 00:00:00.191810,32,3.758759975037512,0.7645282257051779,0.007393071333944085,4,0.4360531092877221,4000,PRUNED
365,4.2760762880789116e-05,2026-05-19 00:42:44.710970,2026-05-19 00:42:45.098709,0 days 00:00:00.387739,32,7.128180954944084,1.0212397372289699,0.0068417321183828084,5,0.4526900062718169,4000,PRUNED
366,0.0037519456818699837,2026-05-19 00:42:45.106102,2026-05-19 00:42:45.337909,0 days 00:00:00.231807,32,4.767961830469375,0.20771090678693574,0.00762721139044872,5,0.4350370228734552,4000,PRUNED
367,0.0007490104762837291,2026-05-19 00:42:45.344722,2026-05-19 00:42:45.584064,0 days 00:00:00.239342,32,2.5881155499259214,0.6874975983670178,0.0055629963319788495,6,0.740502696564915,4000,PRUNED
368,0.001605440047569573,2026-05-19 00:42:45.590309,2026-05-19 00:42:45.806712,0 days 00:00:00.216403,32,9.605196649123721,0.4255512727228706,0.006460126055865371,5,0.41030123402182483,4000,PRUNED
369,0.0008312536519952118,2026-05-19 00:42:45.813083,2026-05-19 00:42:46.008209,0 days 00:00:00.195126,48,5.164236326754664,1.3152171293975963,0.008291377902569286,4,0.3414712552683742,4000,PRUNED
370,0.004272581078112125,2026-05-19 00:42:46.014446,2026-05-19 00:42:46.182801,0 days 00:00:00.168355,32,4.243873641018134,0.015470568411022304,0.007428543672261007,3,0.7944908814547086,5000,PRUNED
371,0.00038649560883641243,2026-05-19 00:42:46.189236,2026-05-19 00:42:46.586091,0 days 00:00:00.396855,32,5.957870796020647,0.6226583643069359,0.008830738093941201,5,0.4155541136780134,3000,PRUNED
372,0.0014614209067076445,2026-05-19 00:42:46.592499,2026-05-19 00:42:46.813088,0 days 00:00:00.220589,32,3.3651803814347985,0.8905854384264509,0.006704944530524923,5,0.3921844485058192,4000,PRUNED
373,0.0009606524836272001,2026-05-19 00:42:46.819682,2026-05-19 00:42:47.033258,0 days 00:00:00.213576,112,8.248296563601327,0.5472328690461741,0.004881151429799607,5,0.448354426555394,3000,PRUNED
374,0.0008539374102838337,2026-05-19 00:42:47.039579,2026-05-19 00:42:47.256414,0 days 00:00:00.216835,32,2.259678899312879,0.35182359744199293,0.008120705450450934,5,0.5731007713318768,4000,PRUNED
375,0.0007892773719504476,2026-05-19 00:42:47.263177,2026-05-19 00:42:47.482183,0 days 00:00:00.219006,32,6.639696160863122,0.8117580321736111,0.005913407074382806,5,0.36598724037166175,1000,PRUNED
376,0.006034555844962597,2026-05-19 00:42:47.488675,2026-05-19 00:42:47.637086,0 days 00:00:00.148411,32,4.405951334884175,0.028130984188922844,0.009138721280239232,2,0.47179301322067285,4000,PRUNED
377,0.0003650191647466272,2026-05-19 00:42:47.644440,2026-05-19 00:42:47.868774,0 days 00:00:00.224334,32,19.37019682690033,1.1816805816490061,0.00752399681817956,5,0.45945988777027585,5000,PRUNED
378,0.004544287919998169,2026-05-19 00:42:47.875136,2026-05-19 00:42:48.082307,0 days 00:00:00.207171,16,82.01125881643438,0.486869716084428,0.009239051468896777,5,0.8105518776421722,3000,PRUNED
379,0.0008783761877566576,2026-05-19 00:42:48.088723,2026-05-19 00:42:48.285753,0 days 00:00:00.197030,32,5.198768208213337,0.638463673327237,0.008314927515961041,4,0.3546398749073434,1000,PRUNED
380,0.0008024683920666575,2026-05-19 00:42:48.292446,2026-05-19 00:42:48.462006,0 days 00:00:00.169560,32,30.778085439553234,0.981345434384791,0.006999549440548366,3,0.4856715165653714,3000,PRUNED
381,0.00026887841522693634,2026-05-19 00:42:48.468367,2026-05-19 00:42:48.684075,0 days 00:00:00.215708,32,7.5618631242815475,0.7650632543393189,0.006362561942399521,5,0.5944490731346391,5000,PRUNED
382,0.058808498084545135,2026-05-19 00:42:48.690465,2026-05-19 00:42:48.911469,0 days 00:00:00.221004,32,5.691751436570438,0.440971705224272,0.0001013647398273697,5,0.4324092786977335,4000,PRUNED
383,0.00014526522136293352,2026-05-19 00:42:48.917767,2026-05-19 00:42:49.309689,0 days 00:00:00.391922,32,2.9185298381548055,0.6373619943851767,0.009942281315674857,5,0.5098886610162099,3000,PRUNED
384,0.000427822582423687,2026-05-19 00:42:49.316243,2026-05-19 00:42:49.764495,0 days 00:00:00.448252,32,4.767794000045005,0.5183875573166342,0.008002324599904711,6,0.3254557545478936,1000,PRUNED
385,0.005413270555436611,2026-05-19 00:42:49.770926,2026-05-19 00:42:49.986560,0 days 00:00:00.215634,112,3.6729171025273164,0.8906906769657957,0.008635516187521761,5,0.49714106623762583,3000,PRUNED
386,0.0004599953826982528,2026-05-19 00:42:49.992754,2026-05-19 00:42:50.186633,0 days 00:00:00.193879,32,3.1657085325945067,0.3510016539991724,0.0073410330283490656,4,0.38285580752643533,4000,PRUNED
387,0.0020419019274413586,2026-05-19 00:42:50.192846,2026-05-19 00:42:50.411061,0 days 00:00:00.218215,32,1.9922592997730981,1.124935465180441,0.009202104481024606,5,0.8360563888860936,3000,PRUNED
388,0.04364842176437378,2026-05-19 00:42:50.418056,2026-05-19 00:42:50.565977,0 days 00:00:00.147921,32,4.201197750088845,0.6982619910739088,0.00035710745430838796,2,0.47341668454321967,4000,PRUNED
389,0.0007514422759413719,2026-05-19 00:42:50.573609,2026-05-19 00:42:50.799840,0 days 00:00:00.226231,48,6.25645626919181,0.26563476329206737,0.0058723253844234925,5,0.5247059792642877,1000,PRUNED
390,0.005686696618795395,2026-05-19 00:42:50.807130,2026-05-19 00:42:50.977253,0 days 00:00:00.170123,16,5.012629983733174,0.09688890575930265,0.007881124340015568,3,0.39783365678565147,4000,PRUNED
391,0.0025038868188858032,2026-05-19 00:42:50.984735,2026-05-19 00:42:51.330854,0 days 00:00:00.346119,64,5.483531472251644,0.04596964486855873,0.009988094546337934,4,0.4428980551428817,5000,PRUNED
392,0.0012858860427513719,2026-05-19 00:42:51.338055,2026-05-19 00:42:51.572701,0 days 00:00:00.234646,32,1.165890710036716,0.5932669411464362,0.006798128815634379,5,0.4865549862884876,1000,PRUNED
393,0.00027538620634004474,2026-05-19 00:42:51.580411,2026-05-19 00:42:51.832886,0 days 00:00:00.252475,32,10.339015104713445,1.6113240914649802,0.008601063127586147,5,0.42205343007536156,4000,PRUNED
394,0.012242564000189304,2026-05-19 00:42:51.842267,2026-05-19 00:42:52.055057,0 days 00:00:00.212790,112,1.7043331495369678,0.7887514602809189,0.005321720167097261,3,0.3765031767828112,3000,PRUNED
395,0.00031915976433083415,2026-05-19 00:42:52.064156,2026-05-19 00:42:52.318939,0 days 00:00:00.254783,32,2.655774625776131,0.4602983563300402,0.00913209424816083,5,0.34290980841767355,3000,PRUNED
396,1.0966859917971306e-05,2026-05-19 00:42:52.325764,2026-05-19 00:42:56.342403,0 days 00:00:04.016639,32,6.9897341609379975,0.30375444008013264,0.007537147055836758,5,0.45216746176333794,3000,COMPLETE
397,0.002797527937218547,2026-05-19 00:42:56.353293,2026-05-19 00:42:56.578366,0 days 00:00:00.225073,32,7.059805986434317,0.1971791336972851,0.006352137608895132,5,0.4556310034848686,5000,PRUNED
398,0.0005706697120331228,2026-05-19 00:42:56.585343,2026-05-19 00:42:56.810038,0 days 00:00:00.224695,32,4.581084403851753,0.2993057082308572,0.007242577950067955,5,0.46564996747352205,3000,PRUNED
399,0.00024053883680608124,2026-05-19 00:42:56.816751,2026-05-19 00:42:57.003108,0 days 00:00:00.186357,112,6.312478334139651,0.06306853141319653,0.006863321698453845,4,0.4404698198615227,1000,PRUNED
400,0.0012993566924706101,2026-05-19 00:42:57.009198,2026-05-19 00:42:57.231930,0 days 00:00:00.222732,32,5.545046411738081,1.347925171492735,0.007677976427959895,5,0.4564197709069973,4000,PRUNED
401,0.0011418383801355958,2026-05-19 00:42:57.238485,2026-05-19 00:42:57.460464,0 days 00:00:00.221979,48,3.890583755277045,0.982689785210936,0.00596533934484378,5,0.447473521288952,4000,PRUNED
402,0.0008657051948830485,2026-05-19 00:42:57.466852,2026-05-19 00:42:57.649977,0 days 00:00:00.183125,32,5.061872990696005,0.69261510590059,0.007844202211629724,3,0.41723058949353575,4000,PRUNED
403,0.0011758762411773205,2026-05-19 00:42:57.656464,2026-05-19 00:42:57.875257,0 days 00:00:00.218793,80,6.2037856318821065,0.25409641191439636,0.004529233773701034,5,0.4347626143295227,1000,PRUNED
404,0.0010941372020170093,2026-05-19 00:42:57.881549,2026-05-19 00:42:58.095322,0 days 00:00:00.213773,32,4.641522844528043,0.16022745423506668,0.0026671768326980727,5,0.46548064592369426,3000,PRUNED
405,0.0006656559417024255,2026-05-19 00:42:58.101776,2026-05-19 00:42:58.319043,0 days 00:00:00.217267,32,3.5305531962791337,0.546479334929851,0.00834696767271284,5,0.47839123775927717,3000,PRUNED
406,0.0005429723532870412,2026-05-19 00:42:58.325607,2026-05-19 00:42:58.496065,0 days 00:00:00.170458,32,5.803116602295541,0.9064967304094321,0.006396926819108015,3,0.3137863420892628,5000,PRUNED
407,9.61922705755569e-06,2026-05-19 00:42:58.502359,2026-05-19 00:43:02.571202,0 days 00:00:04.068843,32,6.862203706443909,0.7751795438736752,0.0038535565957841713,5,0.7780532881346932,4000,COMPLETE
408,0.000378311553504318,2026-05-19 00:43:02.582148,2026-05-19 00:43:02.863823,0 days 00:00:00.281675,32,6.961234993515749,1.161007380200501,0.003986530260364444,6,0.8209098553301998,4000,PRUNED
409,0.00029780351906083524,2026-05-19 00:43:02.871727,2026-05-19 00:43:03.088771,0 days 00:00:00.217044,32,7.656809271264158,0.7900056662286442,0.0023777252319189305,5,0.4259236282046152,1000,PRUNED
410,0.0010466788662597537,2026-05-19 00:43:03.097037,2026-05-19 00:43:03.320859,0 days 00:00:00.223822,32,6.755326464752472,1.8407228901157227,0.0056881413410215164,5,0.40550848254551297,3000,PRUNED
411,0.0009106194484047592,2026-05-19 00:43:03.328866,2026-05-19 00:43:03.528711,0 days 00:00:00.199845,32,8.284952406371978,0.6092093083787015,0.0050640210049942656,4,0.7708967827629533,1000,PRUNED
412,0.0008120902348309755,2026-05-19 00:43:03.536770,2026-05-19 00:43:03.707235,0 days 00:00:00.170465,32,2.2199109154738514,0.4087825111374867,0.003844337903781685,3,0.803973530207756,5000,PRUNED
413,0.0004621746193151921,2026-05-19 00:43:03.714318,2026-05-19 00:43:03.930289,0 days 00:00:00.215971,32,9.044109002512425,1.0105275280234647,0.006719918004254022,5,0.7893068402461711,3000,PRUNED
414,0.000820112822111696,2026-05-19 00:43:03.936697,2026-05-19 00:43:04.152527,0 days 00:00:00.215830,48,7.388367355414961,0.5305111209640909,0.0017491072957853263,5,0.763822023085485,3000,PRUNED
415,0.0008490690961480141,2026-05-19 00:43:04.158942,2026-05-19 00:43:04.382152,0 days 00:00:00.223210,32,2.9842603156603023,0.32742653932881927,0.0013507247852472001,5,0.36585364501953754,4000,PRUNED
416,1.1203480426047463e-05,2026-05-19 00:43:04.388992,2026-05-19 00:43:08.473027,0 days 00:00:04.084035,32,4.250704371305617,0.8501462897162668,0.007075837255332431,5,0.7530183617560476,4000,COMPLETE
417,0.00043216857011429965,2026-05-19 00:43:08.483741,2026-05-19 00:43:08.684389,0 days 00:00:00.200648,32,4.030769950560362,0.8572089923094433,0.006211889029263359,3,0.7801504934185212,4000,PRUNED
418,0.0016352710081264377,2026-05-19 00:43:08.692649,2026-05-19 00:43:08.919210,0 days 00:00:00.226561,32,3.304919683817511,1.4831836560644627,0.007110160308505216,5,0.7764385257261812,4000,PRUNED
419,0.006893051788210869,2026-05-19 00:43:08.925658,2026-05-19 00:43:09.120310,0 days 00:00:00.194652,16,2.6928769914273154,1.1581247394789151,0.0054971418411607865,4,0.7251441461493593,4000,PRUNED
420,0.0002716261660680175,2026-05-19 00:43:09.127005,2026-05-19 00:43:09.519482,0 days 00:00:00.392477,32,44.65056814637512,0.9421983417210706,0.007198124448983211,5,0.7563773431701988,4000,PRUNED
421,0.00024207598471548408,2026-05-19 00:43:09.526091,2026-05-19 00:43:09.746890,0 days 00:00:00.220799,32,4.256266978928017,0.678553286000795,0.00652084202707174,5,0.8187959496516801,4000,PRUNED
422,5.564859020523727e-05,2026-05-19 00:43:09.753534,2026-05-19 00:43:10.147128,0 days 00:00:00.393594,48,2.4532517731577124,0.4175790213175789,0.0075094598741069435,5,0.8053393137195697,4000,PRUNED
423,0.0011716594453901052,2026-05-19 00:43:10.153857,2026-05-19 00:43:10.398161,0 days 00:00:00.244304,112,3.7012753112164516,0.21573670853156135,0.0019637286798843082,6,0.7407157401009072,4000,PRUNED
424,0.0003626049146987498,2026-05-19 00:43:10.404484,2026-05-19 00:43:10.621828,0 days 00:00:00.217344,32,6.711921718093246,0.7916922571012802,0.006068790728754525,5,0.6733616510945633,4000,PRUNED
425,0.003948557190597057,2026-05-19 00:43:10.628582,2026-05-19 00:43:10.824722,0 days 00:00:00.196140,32,8.17039877840721,0.5344715951563533,0.0009312408185987595,4,0.7667209964716563,4000,PRUNED
426,0.0007479459163732827,2026-05-19 00:43:10.831872,2026-05-19 00:43:11.045184,0 days 00:00:00.213312,16,6.194968279197895,1.0949696589648836,0.0033957983174850354,5,0.6235782554184993,1000,PRUNED
427,0.0012545570498332381,2026-05-19 00:43:11.051772,2026-05-19 00:43:11.278684,0 days 00:00:00.226912,32,1.8980915009594166,0.6104676090182681,0.004670968892217549,5,0.7922529303930395,3000,PRUNED
428,0.010983960703015327,2026-05-19 00:43:11.285412,2026-05-19 00:43:11.468019,0 days 00:00:00.182607,32,5.0811327288012285,0.01134309085218083,0.006808800057792656,3,0.7797545389832129,4000,PRUNED
429,0.0014811744913458824,2026-05-19 00:43:11.475035,2026-05-19 00:43:11.693738,0 days 00:00:00.218703,32,1.3000267281584779,0.8470433942791274,0.007743921477494564,5,0.45004909055447845,3000,PRUNED
430,0.0018394618527963758,2026-05-19 00:43:11.700790,2026-05-19 00:43:12.083571,0 days 00:00:00.382781,64,2.9678955176690125,0.48586603312050136,0.005653331987055825,5,0.47050815465500023,1000,PRUNED
431,0.0012491060188040137,2026-05-19 00:43:12.090386,2026-05-19 00:43:12.291354,0 days 00:00:00.200968,112,4.026161697048053,0.11722892655690532,0.0005036338309346438,4,0.7488763292426434,4000,PRUNED
432,0.0008627636707387865,2026-05-19 00:43:12.299436,2026-05-19 00:43:12.478075,0 days 00:00:00.178639,32,7.6256149118584124,1.3273965003918853,0.0073502598840856515,3,0.4330402174712079,4000,PRUNED
433,0.0007783331093378365,2026-05-19 00:43:12.485794,2026-05-19 00:43:12.703422,0 days 00:00:00.217628,32,5.860120028700247,0.30184170396525595,0.008281933813712651,5,0.3363110727183994,3000,PRUNED
434,0.0022515018936246634,2026-05-19 00:43:12.712059,2026-05-19 00:43:12.914432,0 days 00:00:00.202373,32,3.2001946167757116,0.7031048117459302,0.003110133994891822,4,0.7960941785281783,4000,PRUNED
435,9.508778020972386e-06,2026-05-19 00:43:12.922112,2026-05-19 00:43:16.900952,0 days 00:00:03.978840,32,4.476422155195,0.9199437029444425,0.006578979852425909,5,0.4564212945919746,3000,COMPLETE
436,0.00023725390201434493,2026-05-19 00:43:16.909948,2026-05-19 00:43:17.136282,0 days 00:00:00.226334,32,4.234653679252597,0.6144137137348327,0.006866174417601391,5,0.4608154679940736,1000,PRUNED
437,0.001323270727880299,2026-05-19 00:43:17.143253,2026-05-19 00:43:17.371159,0 days 00:00:00.227906,32,3.5071299975004715,0.9256159839613741,0.007811372597446263,5,0.4762080409914697,4000,PRUNED
438,0.00024522177409380674,2026-05-19 00:43:17.378660,2026-05-19 00:43:17.617223,0 days 00:00:00.238563,32,4.784120807624337,0.7684162235005567,0.006496619617546009,5,0.45227376101797223,3000,PRUNED
439,0.0004884937079623342,2026-05-19 00:43:17.623523,2026-05-19 00:43:17.839327,0 days 00:00:00.215804,32,3.8958293628929352,0.373556754442586,0.008792619587088754,5,0.49323815262845455,3000,PRUNED
440,0.002101477235555649,2026-05-19 00:43:17.845710,2026-05-19 00:43:18.059239,0 days 00:00:00.213529,112,1.5352171518002,0.4658542058396229,0.007160100403045675,5,0.48528397592349665,1000,PRUNED
441,0.000668797641992569,2026-05-19 00:43:18.065442,2026-05-19 00:43:18.286262,0 days 00:00:00.220820,32,4.4177968594605055,0.5952390995898956,0.008227185851417842,5,0.46489919116474687,3000,PRUNED
442,0.00046269624726846814,2026-05-19 00:43:18.292806,2026-05-19 00:43:18.513279,0 days 00:00:00.220473,32,2.693673048316214,0.08327206459190731,0.009176613760480831,5,0.8381280298837439,4000,PRUNED
443,0.00041110359597951174,2026-05-19 00:43:18.519802,2026-05-19 00:43:18.746577,0 days 00:00:00.226775,48,4.470708654544135,0.7132174600689852,0.007611267548066327,5,0.45139784230360314,3000,PRUNED
444,0.0012403710279613733,2026-05-19 00:43:18.752972,2026-05-19 00:43:18.967402,0 days 00:00:00.214430,32,8.684064776603389,0.9769458034796077,0.006091137193415989,5,0.47689383884395686,1000,PRUNED
445,0.00011650317173916847,2026-05-19 00:43:18.973760,2026-05-19 00:43:19.393738,0 days 00:00:00.419978,32,3.7490122723810857,0.24364333365075025,0.00834852169333171,5,0.501158229955691,4000,PRUNED
446,0.000531310448423028,2026-05-19 00:43:19.400317,2026-05-19 00:43:19.627078,0 days 00:00:00.226761,32,2.358652647227028,0.5319704571251029,0.0068028255780075006,5,0.4656761505512803,4000,PRUNED
447,0.0005358278867788613,2026-05-19 00:43:19.633803,2026-05-19 00:43:19.854692,0 days 00:00:00.220889,32,4.867504495868252,0.847588416620025,0.009190293491463187,5,0.7039760122571117,3000,PRUNED
448,0.0008782917866483331,2026-05-19 00:43:19.861191,2026-05-19 00:43:20.072188,0 days 00:00:00.210997,16,5.4967298713920005,0.3984164642705153,0.007446649432352238,5,0.8116121763596357,1000,PRUNED
449,0.0003181528300046921,2026-05-19 00:43:20.078367,2026-05-19 00:43:20.303576,0 days 00:00:00.225209,32,6.645766001849122,0.5969793574562496,0.008066428870806502,5,0.44628969272911245,3000,PRUNED
450,0.0005436495994217694,2026-05-19 00:43:20.309864,2026-05-19 00:43:20.517024,0 days 00:00:00.207160,32,7.228488811474514,0.7268227537240063,0.005329531242499399,4,0.828002041934117,4000,PRUNED
451,0.0014547751052305102,2026-05-19 00:43:20.523584,2026-05-19 00:43:20.775204,0 days 00:00:00.251620,32,3.3997242940531125,1.0849657975301745,0.0063088062646248005,6,0.4858811117671,4000,PRUNED
452,7.491749420296401e-05,2026-05-19 00:43:20.781535,2026-05-19 00:43:21.224265,0 days 00:00:00.442730,32,2.071674804439653,0.45864100017744286,0.008757861670852216,5,0.31976113596079664,1000,PRUNED
453,0.0007695531821809709,2026-05-19 00:43:21.231191,2026-05-19 00:43:21.464059,0 days 00:00:00.232868,112,4.3197957858821825,0.3477705475492002,0.007277908085484644,5,0.4612670929720559,4000,PRUNED
454,3.951079270336777e-05,2026-05-19 00:43:21.471164,2026-05-19 00:43:22.785931,0 days 00:00:01.314767,32,5.153238981069608,0.8148690707333918,0.009201805202292385,5,0.44322859467424847,3000,PRUNED
455,0.0015504820039495826,2026-05-19 00:43:22.793161,2026-05-19 00:43:23.014637,0 days 00:00:00.221476,32,9.66832621381149,0.5339871269080176,0.00795585892158653,5,0.5604650858909709,3000,PRUNED
456,0.00024039940035436302,2026-05-19 00:43:23.021544,2026-05-19 00:43:23.248389,0 days 00:00:00.226845,32,3.9569329234556263,0.7162427553243946,0.00657493729780652,5,0.49354105214064153,4000,PRUNED
457,0.0009452554513700306,2026-05-19 00:43:23.255124,2026-05-19 00:43:23.483880,0 days 00:00:00.228756,32,3.0304305752332814,0.9918022964716919,0.009919368137466482,5,0.35596264672983996,1000,PRUNED
458,0.0005108655313961208,2026-05-19 00:43:23.490542,2026-05-19 00:43:23.694400,0 days 00:00:00.203858,32,8.02738959459225,0.6204688548345525,0.008497726995199668,4,0.4735737390472392,4000,PRUNED
459,0.053661707788705826,2026-05-19 00:43:23.700909,2026-05-19 00:43:23.929041,0 days 00:00:00.228132,32,4.777207706792089,0.30306227289850707,0.00011557861409141853,5,0.7733590570018863,4000,PRUNED
460,0.0006702205282635987,2026-05-19 00:43:23.935383,2026-05-19 00:43:24.128548,0 days 00:00:00.193165,64,2.8375604311061347,0.44982846665303994,0.002762606461644989,4,0.5863058233948261,3000,PRUNED
461,0.00844032596796751,2026-05-19 00:43:24.135100,2026-05-19 00:43:24.534570,0 days 00:00:00.399470,48,5.950707057303389,0.8608939037122113,0.005954193565233556,5,0.334494033481844,1000,PRUNED
462,0.0008568232879042625,2026-05-19 00:43:24.540877,2026-05-19 00:43:24.758352,0 days 00:00:00.217475,32,2.5026467249428124,0.02024689883712677,0.0072680998268790644,5,0.5149828862767701,3000,PRUNED
463,0.0005019734380766749,2026-05-19 00:43:24.764658,2026-05-19 00:43:24.983359,0 days 00:00:00.218701,112,7.083791211631208,1.2906094437632756,0.007945798485870289,5,0.4157950673657853,4000,PRUNED
464,0.00045220652827993035,2026-05-19 00:43:24.989960,2026-05-19 00:43:25.205761,0 days 00:00:00.215801,16,5.2891609990816235,0.667214099425279,0.0043099312950609,5,0.432507660411287,3000,PRUNED
465,7.217396341729909e-05,2026-05-19 00:43:25.212194,2026-05-19 00:43:25.651059,0 days 00:00:00.438865,32,4.481864440897984,0.51165662905386,0.00997515623641008,6,0.4840584425074572,1000,PRUNED
466,0.002522336086258292,2026-05-19 00:43:25.657199,2026-05-19 00:43:25.876613,0 days 00:00:00.219414,32,6.3892484541106604,0.0028954439906037394,0.006974019144136454,5,0.7879242058272572,4000,PRUNED
467,4.763801916851662e-05,2026-05-19 00:43:25.883040,2026-05-19 00:43:26.313754,0 days 00:00:00.430714,32,3.859759310720133,0.18364448966466645,0.009039251744938904,5,0.346734076783906,3000,PRUNED
468,0.0022109670098870993,2026-05-19 00:43:26.320437,2026-05-19 00:43:26.592798,0 days 00:00:00.272361,32,1.003835585960679,0.3902249485059958,0.006515507652398457,5,0.3076705388038939,4000,PRUNED
469,2.8335511160548776e-05,2026-05-19 00:43:26.600078,2026-05-19 00:43:27.707383,0 days 00:00:01.107305,32,4.717171940669366,0.8109490710717147,0.008242745519948327,5,0.5447556420171706,4000,PRUNED
470,0.0005555082461796701,2026-05-19 00:43:27.713797,2026-05-19 00:43:27.916775,0 days 00:00:00.202978,32,4.206066826771758,1.0436299925009374,0.005164821427332112,4,0.6969454127597692,1000,PRUNED
471,0.0004928884445689619,2026-05-19 00:43:27.923145,2026-05-19 00:43:28.139829,0 days 00:00:00.216684,80,3.279871469793332,0.6444142021166882,0.007424015575164593,5,0.4577299446520447,3000,PRUNED
472,0.0016928365221247077,2026-05-19 00:43:28.146358,2026-05-19 00:43:28.370082,0 days 00:00:00.223724,32,1.4106998313432653,0.5491063479290196,0.0056654124198935955,5,0.6027152208388548,3000,PRUNED
473,0.000382184429327026,2026-05-19 00:43:28.376518,2026-05-19 00:43:28.597308,0 days 00:00:00.220790,32,5.440975493520898,0.9035875713108921,0.0035229092948331976,5,0.50573276618948,1000,PRUNED
474,0.00035956568899564445,2026-05-19 00:43:28.603674,2026-05-19 00:43:28.823909,0 days 00:00:00.220235,32,7.376857104236752,0.725206931710924,0.008853344354291698,5,0.8464691298895695,3000,PRUNED
475,0.0006463770987465978,2026-05-19 00:43:28.830590,2026-05-19 00:43:28.978261,0 days 00:00:00.147671,32,8.868077382210094,0.4415020424868205,0.007682947976571684,2,0.44523372252904914,4000,PRUNED
476,0.00032508818549104035,2026-05-19 00:43:28.984548,2026-05-19 00:43:29.201133,0 days 00:00:00.216585,32,3.5711079089423596,0.2668976896617184,0.00677569243229142,5,0.47364509326546705,4000,PRUNED
477,0.0698670819401741,2026-05-19 00:43:29.207584,2026-05-19 00:43:29.426690,0 days 00:00:00.219106,112,1.8055002579078303,1.1720413000841299,0.009371508780588086,5,0.4367563054170529,4000,PRUNED
478,0.0005439096130430698,2026-05-19 00:43:29.433779,2026-05-19 00:43:29.636180,0 days 00:00:00.202401,32,5.868975301569201,0.6122907830562679,0.008297907902766593,4,0.4220850727038031,1000,PRUNED
479,0.0009347515879198909,2026-05-19 00:43:29.643922,2026-05-19 00:43:29.886444,0 days 00:00:00.242522,32,5.005839966345602,0.3455277709928387,0.0007283918250105025,5,0.39959792693498775,3000,PRUNED
480,0.000687487656250596,2026-05-19 00:43:29.893095,2026-05-19 00:43:30.123173,0 days 00:00:00.230078,32,2.1749732405632316,0.5182075094887931,0.006084946483480435,5,0.49408706041178707,4000,PRUNED
481,0.0011923288693651557,2026-05-19 00:43:30.130671,2026-05-19 00:43:30.335966,0 days 00:00:00.205295,32,2.8100540110615815,1.414450257634169,0.009972632715505553,4,0.4617887831809179,3000,PRUNED
482,0.00023623071319889277,2026-05-19 00:43:30.344829,2026-05-19 00:43:30.591342,0 days 00:00:00.246513,32,6.559806716082002,0.8123338360009175,0.007153218008833512,6,0.48144390077473176,1000,PRUNED
483,0.0007424298673868179,2026-05-19 00:43:30.599466,2026-05-19 00:43:30.829323,0 days 00:00:00.229857,48,4.170704140131855,0.9914172271627528,0.008600864130519428,5,0.7999141423180718,4000,PRUNED
484,0.0031354601960629225,2026-05-19 00:43:30.836434,2026-05-19 00:43:31.059439,0 days 00:00:00.223005,16,8.052741394018273,0.14094046403064708,0.007950413375481203,5,0.5196842584382312,3000,PRUNED
485,0.0006253900937736034,2026-05-19 00:43:31.066815,2026-05-19 00:43:31.292635,0 days 00:00:00.225820,32,5.1796882801111925,0.6640623832881632,0.006698783786386227,5,0.3296550903263354,2000,PRUNED
486,0.0027982378378510475,2026-05-19 00:43:31.300759,2026-05-19 00:43:31.516525,0 days 00:00:00.215766,32,4.481368439246038,0.03920207268413585,0.009072974091067866,5,0.7516319813022279,4000,PRUNED
487,0.0004738717689178884,2026-05-19 00:43:31.524396,2026-05-19 00:43:31.717439,0 days 00:00:00.193043,32,6.08538486976046,0.42555303101309533,0.007647077930973732,4,0.39016713019728594,1000,PRUNED
488,0.00036778507637791336,2026-05-19 00:43:31.726049,2026-05-19 00:43:31.946288,0 days 00:00:00.220239,96,2.597420737862625,0.7334089914302288,0.008615107506443115,5,0.36607661625656535,3000,PRUNED
489,0.000400985503802076,2026-05-19 00:43:31.953622,2026-05-19 00:43:32.189247,0 days 00:00:00.235625,48,3.0974042482819453,0.5572188725362603,0.006174464491671907,5,0.5052301434646644,4000,PRUNED
490,0.002641684375703335,2026-05-19 00:43:32.196438,2026-05-19 00:43:32.418655,0 days 00:00:00.222217,32,10.204970957697741,0.05377674843070642,0.007215870178752312,5,0.4511423990379382,3000,PRUNED
491,0.00036513953818939626,2026-05-19 00:43:32.425875,2026-05-19 00:43:32.657351,0 days 00:00:00.231476,112,4.85283380658737,0.03283711025972804,0.009248414600379234,5,0.43186302562224355,4000,PRUNED
492,0.0022807782515883446,2026-05-19 00:43:32.663848,2026-05-19 00:43:32.888215,0 days 00:00:00.224367,32,1.1594712912291354,0.9016509462216001,0.002158554895576116,5,0.5726273122921758,1000,PRUNED
493,0.0010080940555781126,2026-05-19 00:43:32.894610,2026-05-19 00:43:33.113853,0 days 00:00:00.219243,32,3.7070762059840154,1.085985795537497,0.004955824407194464,5,0.6399363770483681,2000,PRUNED
494,0.0008015572093427181,2026-05-19 00:43:33.120540,2026-05-19 00:43:33.319771,0 days 00:00:00.199231,32,7.128575651383105,0.2302924073919185,0.008144839413719924,4,0.5322211570826033,3000,PRUNED
495,0.0005280901095829904,2026-05-19 00:43:33.326314,2026-05-19 00:43:33.549423,0 days 00:00:00.223109,32,12.827909601625407,0.5124605964872448,0.006789987543977337,5,0.4129410907188159,4000,PRUNED
496,0.005695350002497435,2026-05-19 00:43:33.556185,2026-05-19 00:43:33.797078,0 days 00:00:00.240893,32,5.513279336272682,0.38606163555795686,0.007609826196303856,5,0.46929799814942685,1000,PRUNED
497,5.135588799021207e-05,2026-05-19 00:43:33.803591,2026-05-19 00:43:34.205013,0 days 00:00:00.401422,32,4.0896458779411455,0.7819150285717804,0.00912593471509484,5,0.49147630436375045,4000,PRUNED
498,0.0005759831401519477,2026-05-19 00:43:34.211596,2026-05-19 00:43:34.429081,0 days 00:00:00.217485,16,4.767583840951263,0.6402657495908216,0.005924058275525093,5,0.8196303238761552,3000,PRUNED
499,0.0002622257452458143,2026-05-19 00:43:34.435591,2026-05-19 00:43:34.693849,0 days 00:00:00.258258,32,16.031972580695605,0.912099036304804,0.008433543884940742,5,0.7820009124263696,5000,PRUNED
500,0.051749877631664276,2026-05-19 00:43:34.700597,2026-05-19 00:43:35.006624,0 days 00:00:00.306027,32,8.891879611535199,0.31852277995828043,0.00017979972712537019,6,0.4781219930120158,3000,PRUNED
501,0.0015781031688675284,2026-05-19 00:43:35.013623,2026-05-19 00:43:35.238890,0 days 00:00:00.225267,32,7.710568260156746,0.008363034824732114,0.009985920277485641,5,0.35154946574228335,4000,PRUNED
502,0.004545754287391901,2026-05-19 00:43:35.245697,2026-05-19 00:43:35.467385,0 days 00:00:00.221688,112,2.389291953067468,1.1883562872577136,0.0055005124382018575,5,0.4554872144135826,4000,PRUNED
503,0.0007993968320079148,2026-05-19 00:43:35.474582,2026-05-19 00:43:35.670391,0 days 00:00:00.195809,32,6.742849902701851,0.4629558759571491,0.0065969209457016915,4,0.43774669220300005,1000,PRUNED
504,0.0004963439423590899,2026-05-19 00:43:35.678649,2026-05-19 00:43:35.903228,0 days 00:00:00.224579,32,5.929240507264214,0.634032310308906,0.007528903352385931,5,0.7331144290956522,3000,PRUNED
505,0.0003156696620862931,2026-05-19 00:43:35.910760,2026-05-19 00:43:36.131042,0 days 00:00:00.220282,32,55.81025562508018,0.7618499146787526,0.008512236866920474,5,0.49985012995687716,5000,PRUNED
506,0.0004894326557405293,2026-05-19 00:43:36.138880,2026-05-19 00:43:36.291876,0 days 00:00:00.152996,32,3.3273413247269685,0.5202748793483793,0.007163805201652472,2,0.4246603910816248,4000,PRUNED
507,0.00046179702621884644,2026-05-19 00:43:36.299963,2026-05-19 00:43:36.533978,0 days 00:00:00.234015,32,5.288826344291815,1.4852441997536923,0.009272477802122786,5,0.763572053855432,3000,PRUNED
508,3.6312645534053445e-05,2026-05-19 00:43:36.542765,2026-05-19 00:43:36.950788,0 days 00:00:00.408023,32,4.443868154646721,0.967659542795917,0.007925145745087372,5,0.4645549886493985,1000,PRUNED
509,0.0007158514927141368,2026-05-19 00:43:36.961244,2026-05-19 00:43:37.186391,0 days 00:00:00.225147,48,2.8543743854667407,0.6196731496602578,0.006223420718049735,5,0.3784880407883981,4000,PRUNED
510,0.0006795632652938366,2026-05-19 00:43:37.194807,2026-05-19 00:43:37.375317,0 days 00:00:00.180510,32,1.6578778600517727,0.3755635080116603,0.007008854110374838,3,0.483999082921318,3000,PRUNED
511,0.00293116201646626,2026-05-19 00:43:37.384730,2026-05-19 00:43:37.616504,0 days 00:00:00.231774,112,3.9203888308124077,0.27864985127133596,0.008318917151920992,5,0.314766276796077,2000,PRUNED
512,0.00024626441881991923,2026-05-19 00:43:37.624453,2026-05-19 00:43:37.851562,0 days 00:00:00.227109,32,6.229241847006322,0.7862537807635999,0.00997514878044326,5,0.5097280519440192,3000,PRUNED
513,0.008946291171014309,2026-05-19 00:43:37.858080,2026-05-19 00:43:38.061299,0 days 00:00:00.203219,32,5.030896671287869,0.0017535520662101166,0.009218738112624789,4,0.6201878691273232,1000,PRUNED
514,0.0002547770272940397,2026-05-19 00:43:38.069024,2026-05-19 00:43:38.288555,0 days 00:00:00.219531,32,5.615014091990191,0.46403783249623587,0.007636843345947865,5,0.4056579258190775,4000,PRUNED
515,0.0012090809177607298,2026-05-19 00:43:38.295327,2026-05-19 00:43:38.545209,0 days 00:00:00.249882,16,8.208648991159134,0.6892066089191448,0.006528517982990076,6,0.44277769041406717,4000,PRUNED
516,0.0018864470766857266,2026-05-19 00:43:38.552652,2026-05-19 00:43:38.787688,0 days 00:00:00.235036,32,4.450549336499459,1.814170946544857,0.0055557527182975895,5,0.8122627755166332,3000,PRUNED
517,0.0009518153965473175,2026-05-19 00:43:38.794165,2026-05-19 00:43:38.992696,0 days 00:00:00.198531,32,3.4792142922922213,0.9250475828195756,0.008831511684641956,3,0.4713064434898922,1000,PRUNED
518,0.0017497750231996179,2026-05-19 00:43:39.000067,2026-05-19 00:43:39.231088,0 days 00:00:00.231021,32,2.561653179328265,1.1669818108482188,0.008094151482819684,5,0.5546662114180575,4000,PRUNED
519,0.0014735315926373005,2026-05-19 00:43:39.238206,2026-05-19 00:43:39.466139,0 days 00:00:00.227933,112,6.858403375224522,0.5880527631422611,0.0024962346079998618,5,0.4536716507287783,3000,PRUNED
520,0.00022892601555213332,2026-05-19 00:43:39.472757,2026-05-19 00:43:39.699218,0 days 00:00:00.226461,64,4.839128538600124,0.7761349016317027,0.009993448819794337,5,0.36949117398181097,5000,PRUNED
521,0.0006450450164265931,2026-05-19 00:43:39.705716,2026-05-19 00:43:39.906406,0 days 00:00:00.200690,32,2.2700301821076176,0.5362047451251155,0.007009310970817364,4,0.488917857968561,2000,PRUNED
522,0.0004543875402305275,2026-05-19 00:43:39.912765,2026-05-19 00:43:40.128735,0 days 00:00:00.215970,32,3.9418561881248424,0.40628760888237875,0.006089806741238751,5,0.3016009782440091,4000,PRUNED
523,0.0019158190116286278,2026-05-19 00:43:40.135001,2026-05-19 00:43:40.356715,0 days 00:00:00.221714,32,3.060839355576766,1.0018328530362113,0.007714449667178966,5,0.3378725090651828,1000,PRUNED
524,0.001230922294780612,2026-05-19 00:43:40.363572,2026-05-19 00:43:40.543247,0 days 00:00:00.179675,48,5.553961597186514,0.6485025285552508,0.008671463608406177,3,0.3260057509500997,4000,PRUNED
525,0.001092475955374539,2026-05-19 00:43:40.553588,2026-05-19 00:43:40.750258,0 days 00:00:00.196670,32,9.504747523563745,0.3368204652545987,0.0046106040328421265,4,0.5245194263547696,3000,PRUNED
526,0.0004943892126902938,2026-05-19 00:43:40.758793,2026-05-19 00:43:40.983077,0 days 00:00:00.224284,32,7.43200986629099,0.8367007155357365,0.0019085204004371452,5,0.3905139110400212,3000,PRUNED
527,0.0009950782405212522,2026-05-19 00:43:40.991112,2026-05-19 00:43:41.213495,0 days 00:00:00.222383,32,4.352887422376246,1.313257536879892,0.004008085185638848,5,0.35231085551960595,4000,PRUNED
528,0.000617378915194422,2026-05-19 00:43:41.220947,2026-05-19 00:43:41.442983,0 days 00:00:00.222036,112,6.4544019236805505,0.4733255877606033,0.0065570689528045645,5,0.8290022969109915,4000,PRUNED
529,0.0017631454393267632,2026-05-19 00:43:41.450110,2026-05-19 00:43:41.680734,0 days 00:00:00.230624,80,1.9486741299970725,0.6980980737931439,0.007329290928479723,5,0.4208310967304327,1000,PRUNED
530,0.0009072926477529109,2026-05-19 00:43:41.687305,2026-05-19 00:43:41.913335,0 days 00:00:00.226030,32,5.2100916235832,0.5771440588289842,0.008778898494749493,5,0.7979010318087002,4000,PRUNED
531,0.0010528494603931904,2026-05-19 00:43:41.921457,2026-05-19 00:43:42.147629,0 days 00:00:00.226172,96,4.739406612124527,0.20124017031007654,0.001616656322243564,5,0.4754838138637954,5000,PRUNED
532,1.3484259397955611e-05,2026-05-19 00:43:42.156042,2026-05-19 00:43:45.765212,0 days 00:00:03.609170,32,11.342908031650229,1.0139276468284504,0.009240083132537482,4,0.4435459563346612,2000,COMPLETE
533,0.0006463233730755746,2026-05-19 00:43:45.776791,2026-05-19 00:43:46.000516,0 days 00:00:00.223725,32,2.788731417355367,0.8242658955728233,0.007871560248226203,3,0.4598018997355115,3000,PRUNED
534,0.001526383450254798,2026-05-19 00:43:46.007715,2026-05-19 00:43:46.232793,0 days 00:00:00.225078,32,3.687569342218716,0.49331619535338006,0.005861570711859649,5,0.581702730028201,1000,PRUNED
535,0.0013446375960484147,2026-05-19 00:43:46.239342,2026-05-19 00:43:46.476351,0 days 00:00:00.237009,16,5.942666192542324,0.3904083177195341,0.006971802787346089,6,0.7731836605093694,3000,PRUNED
536,0.00034714056528173387,2026-05-19 00:43:46.482878,2026-05-19 00:43:46.703372,0 days 00:00:00.220494,32,4.136188388469706,0.7005006216431321,0.008326758213972338,5,0.5043776042544487,4000,PRUNED
537,0.002017455641180277,2026-05-19 00:43:46.709881,2026-05-19 00:43:46.883558,0 days 00:00:00.173677,32,8.236136891986183,0.2892951426186156,0.005163411889429932,3,0.49102566791486635,3000,PRUNED
538,0.00046670137089677155,2026-05-19 00:43:46.889860,2026-05-19 00:43:47.112026,0 days 00:00:00.222166,32,3.1994868267001215,0.5536138973039869,0.009997477145091242,5,0.4285305339344043,1000,PRUNED
539,0.001340955263003707,2026-05-19 00:43:47.118433,2026-05-19 00:43:47.361762,0 days 00:00:00.243329,32,5.123979589812703,1.2537963402340377,0.007471265327381554,5,0.5386613182868643,5000,PRUNED
540,0.0009151892154477537,2026-05-19 00:43:47.368641,2026-05-19 00:43:47.596517,0 days 00:00:00.227876,32,1.306122307530623,0.8928072112015263,0.006378400343058378,5,0.47010514770274814,4000,PRUNED
541,0.0036249100230634212,2026-05-19 00:43:47.603240,2026-05-19 00:43:47.828459,0 days 00:00:00.225219,48,7.257271931644467,0.6436435380420584,0.0002648155822262221,5,0.4097896043950543,3000,PRUNED
542,0.0003782300918828696,2026-05-19 00:43:47.835067,2026-05-19 00:43:48.028342,0 days 00:00:00.193275,32,4.533862679383543,0.10625373736802741,0.009190929587043643,4,0.5162924659747995,3000,PRUNED
543,0.000933802337385714,2026-05-19 00:43:48.035069,2026-05-19 00:43:48.252915,0 days 00:00:00.217846,32,6.484724019019361,0.01600209870881569,0.008125109926008046,5,0.8446187642693667,4000,PRUNED
544,1.234950923389988e-05,2026-05-19 00:43:48.262133,2026-05-19 00:43:52.606907,0 days 00:00:04.344774,32,5.490351152980904,0.4301198525005042,0.007003408439224998,5,0.4444381342481869,1000,COMPLETE
545,0.000505875563248992,2026-05-19 00:43:52.615924,2026-05-19 00:43:52.770567,0 days 00:00:00.154643,32,3.5470729662077796,0.16698189539175268,0.008586057656557837,2,0.36022551442755946,4000,PRUNED
546,0.014295825734734535,2026-05-19 00:43:52.777388,2026-05-19 00:43:53.008912,0 days 00:00:00.231524,112,2.4913188289836983,1.0497884930194363,0.0077410137564816895,5,0.38020263289576095,3000,PRUNED
547,0.0002984792517963797,2026-05-19 00:43:53.015426,2026-05-19 00:43:53.241059,0 days 00:00:00.225633,32,4.061475277492464,0.7691832960034787,0.005637490978290593,5,0.7850327681488142,1000,PRUNED
548,0.002566971117630601,2026-05-19 00:43:53.247440,2026-05-19 00:43:53.464325,0 days 00:00:00.216885,32,4.888404470373401,0.5835015426826139,0.009161649327048514,5,0.4808634571672889,4000,PRUNED
549,0.0018573736306279898,2026-05-19 00:43:53.470808,2026-05-19 00:43:53.652793,0 days 00:00:00.181985,32,5.836096991337055,0.24565077210878672,0.0014225716622414334,3,0.49858543647104475,4000,PRUNED
550,0.0005216789431869984,2026-05-19 00:43:53.659373,2026-05-19 00:43:53.864717,0 days 00:00:00.205344,32,2.120190485529829,0.3450169581289938,0.0065961570227639375,4,0.4541748364705363,2000,PRUNED
551,0.00023116281954571605,2026-05-19 00:43:53.871139,2026-05-19 00:43:54.092973,0 days 00:00:00.221834,32,8.789869915538626,0.47784054424519695,0.0028556116201284396,5,0.43200120662914193,3000,PRUNED
552,0.0005017313524149358,2026-05-19 00:43:54.099609,2026-05-19 00:43:54.348160,0 days 00:00:00.248551,32,7.73011876732788,0.8730797279339433,0.00728290206473792,6,0.462183741234872,4000,PRUNED
553,0.001049873186275363,2026-05-19 00:43:54.355084,2026-05-19 00:43:54.582103,0 days 00:00:00.227019,48,1.0893895396816071,0.6780560829655522,0.008404439126035659,5,0.48364681157788475,5000,PRUNED
554,0.0009397167013958097,2026-05-19 00:43:54.588522,2026-05-19 00:43:54.813092,0 days 00:00:00.224570,32,4.474611603982189,1.1132009277752866,0.0061423483208884605,5,0.49597304101660433,1000,PRUNED
555,0.000579620071221143,2026-05-19 00:43:54.819674,2026-05-19 00:43:55.044765,0 days 00:00:00.225091,32,2.920479509699429,0.582828336845527,0.009977749086867528,5,0.394265314308479,3000,PRUNED
556,0.00022684995201416314,2026-05-19 00:43:55.052184,2026-05-19 00:43:55.277424,0 days 00:00:00.225240,32,6.529613485945845,0.7689479477140941,0.007807505105672353,5,0.34704979578674966,3000,PRUNED
557,0.00029057596111670136,2026-05-19 00:43:55.284997,2026-05-19 00:43:55.484840,0 days 00:00:00.199843,32,5.193525508694467,0.4275501926589682,0.00881462899140489,4,0.4385086312344096,4000,PRUNED
558,0.0018634352600201964,2026-05-19 00:43:55.492357,2026-05-19 00:43:55.715717,0 days 00:00:00.223360,112,6.9609795399744945,0.07043925266233744,0.007074175905781038,5,0.4138530182372731,1000,PRUNED
559,0.007750809192657471,2026-05-19 00:43:55.723803,2026-05-19 00:43:55.948685,0 days 00:00:00.224882,16,2.6549071623047764,2.4730996961725284,0.00925868701027314,5,0.470456107835475,4000,PRUNED
560,0.003522010985761881,2026-05-19 00:43:55.956049,2026-05-19 00:43:56.184811,0 days 00:00:00.228762,32,1.5508660315768765,1.5502969584896829,0.00652684029432272,5,0.7578501190129628,3000,PRUNED
561,0.0008985743625089526,2026-05-19 00:43:56.191577,2026-05-19 00:43:56.419271,0 days 00:00:00.227694,32,3.7860952814377176,0.9306131848279873,0.008117991284534398,5,0.8076803070678553,4000,PRUNED
562,0.00023832528677303344,2026-05-19 00:43:56.426166,2026-05-19 00:43:56.651877,0 days 00:00:00.225711,32,5.973964527200916,0.5181646512658885,0.007439220390236003,5,0.31809222829328715,5000,PRUNED
563,0.0005358192138373852,2026-05-19 00:43:56.659084,2026-05-19 00:43:56.846875,0 days 00:00:00.187791,32,4.716574343614288,0.7292974818838861,0.005727322734294257,3,0.4521047754368087,4000,PRUNED
564,0.001512612565420568,2026-05-19 00:43:56.854317,2026-05-19 00:43:57.060784,0 days 00:00:00.206467,32,4.257543539332267,1.1496562544608675,0.009396032250636328,4,0.5150542513063436,3000,PRUNED
565,3.2344773899239954e-06,2026-05-19 00:43:57.067719,2026-05-19 00:44:01.066085,0 days 00:00:03.998366,32,2.341046423028018,0.3228331106808352,0.003323009725144113,5,0.6552047866853444,1000,COMPLETE
566,0.00015448371414095163,2026-05-19 00:44:01.080429,2026-05-19 00:44:01.497328,0 days 00:00:00.416899,112,2.3758421998523556,0.2558566546032688,0.0035881789887897524,5,0.7257771151847403,1000,PRUNED
567,0.00023799650080036372,2026-05-19 00:44:01.504284,2026-05-19 00:44:01.745606,0 days 00:00:00.241322,32,2.2227541085819382,0.30270177444227486,0.0031363861106092133,5,0.6837949234931588,1000,PRUNED
568,0.00021841864509042352,2026-05-19 00:44:01.752824,2026-05-19 00:44:02.164152,0 days 00:00:00.411328,48,2.5961440581978046,0.33525192752328387,0.0038737627982047373,5,0.5533078805572701,1000,PRUNED
569,0.0004347314534243196,2026-05-19 00:44:02.171219,2026-05-19 00:44:02.351520,0 days 00:00:00.180301,32,2.383739619268156,0.22251040122556245,0.004496777563811288,3,0.6070624301391118,1000,PRUNED
570,0.0020054210908710957,2026-05-19 00:44:02.358254,2026-05-19 00:44:02.586693,0 days 00:00:00.228439,32,3.0892260009814754,0.29078654204168103,0.003218108949084036,5,0.4215086910418815,1000,PRUNED
571,0.1252358853816986,2026-05-19 00:44:02.593177,2026-05-19 00:44:02.772458,0 days 00:00:00.179281,16,1.9811535140625274,7.090856233615862,0.003448592907450347,3,0.6987380865939933,1000,PRUNED
572,0.00023164939193520695,2026-05-19 00:44:02.779057,2026-05-19 00:44:03.003880,0 days 00:00:00.224823,32,2.788015615506285,0.34722279847375553,0.00428501706140119,5,0.5967358794049815,1000,PRUNED
573,0.00029072206234559417,2026-05-19 00:44:03.010473,2026-05-19 00:44:03.226626,0 days 00:00:00.216153,32,2.6349331803887286,0.39959142811998094,0.0037177941586787125,5,0.6498507775505781,1000,PRUNED
574,0.009296483360230923,2026-05-19 00:44:03.233206,2026-05-19 00:44:03.429323,0 days 00:00:00.196117,32,1.79606985811563,0.0046807272347479814,0.003884954678361461,4,0.6276618900254445,1000,PRUNED
575,0.0003991072589997202,2026-05-19 00:44:03.435716,2026-05-19 00:44:03.656725,0 days 00:00:00.221009,32,2.2208630790465116,0.4205693843636392,0.0048126042300912115,5,0.776333427900275,1000,PRUNED
576,0.00048488142783753574,2026-05-19 00:44:03.663587,2026-05-19 00:44:03.891921,0 days 00:00:00.228334,112,2.46492682587864,0.2572145975215517,0.006316341291725981,5,0.7940458475544303,1000,PRUNED
577,0.0003090085810981691,2026-05-19 00:44:03.898662,2026-05-19 00:44:04.340128,0 days 00:00:00.441466,80,2.0220420211348404,0.33752661336731465,0.005027302649666217,6,0.7392334638549118,1000,PRUNED
578,0.0006666233530268073,2026-05-19 00:44:04.346657,2026-05-19 00:44:04.576387,0 days 00:00:00.229730,32,3.294911391431837,0.47856311148876335,0.004133924789785332,5,0.436808806447459,3000,PRUNED
579,0.0007023748476058245,2026-05-19 00:44:04.583374,2026-05-19 00:44:04.807264,0 days 00:00:00.223890,32,2.86447288985721,0.381379628041269,0.006958480126756526,5,0.5672255545601214,3000,PRUNED
580,0.0005168563802726567,2026-05-19 00:44:04.815046,2026-05-19 00:44:05.009386,0 days 00:00:00.194340,32,7.506820398276378,0.5547763451810441,0.00302270811337396,4,0.5278152332881803,1000,PRUNED
581,0.0012912119273096323,2026-05-19 00:44:05.018533,2026-05-19 00:44:05.233116,0 days 00:00:00.214583,32,9.434102147038933,0.43918532648453446,0.007699951318989673,5,0.8299024983957103,3000,PRUNED
582,0.0007244449225254357,2026-05-19 00:44:05.241108,2026-05-19 00:44:05.461878,0 days 00:00:00.220770,64,8.351749340131258,0.18403686399614178,0.005402186027684937,5,0.4638185285923778,3000,PRUNED
583,0.0013180894311517477,2026-05-19 00:44:05.469865,2026-05-19 00:44:05.642773,0 days 00:00:00.172908,32,6.354308058662437,0.2993867081951246,0.0067310925215130464,3,0.4777739900790587,5000,PRUNED
584,0.0011580516584217548,2026-05-19 00:44:05.649868,2026-05-19 00:44:05.872566,0 days 00:00:00.222698,32,2.2837203254974954,0.6256570559435872,0.006051921817126419,5,0.48999734158361824,1000,PRUNED
585,0.00040194581379182637,2026-05-19 00:44:05.878908,2026-05-19 00:44:06.100015,0 days 00:00:00.221107,32,7.069313875366285,0.48698269193413646,0.007408039261589687,5,0.6691720636733995,1000,PRUNED
586,0.001544159953482449,2026-05-19 00:44:06.107007,2026-05-19 00:44:06.322178,0 days 00:00:00.215171,32,3.1578877467943274,1.3178718535162173,0.0035109597810215197,4,0.4470035628905506,3000,PRUNED
587,0.000557518273126334,2026-05-19 00:44:06.329039,2026-05-19 00:44:06.549679,0 days 00:00:00.220640,32,5.515656478527382,0.8362489089838919,0.008376095809330202,5,0.4289895332127205,3000,PRUNED
588,0.0010279309935867786,2026-05-19 00:44:06.556097,2026-05-19 00:44:06.753685,0 days 00:00:00.197588,48,2.855000443486993,0.5730640515450239,0.006992330942078864,4,0.8582484658155688,2000,PRUNED
589,0.0017040437087416649,2026-05-19 00:44:06.760242,2026-05-19 00:44:06.983318,0 days 00:00:00.223076,32,7.887065964338805,0.22820462740302852,0.008118626329016571,5,0.5008729689417785,5000,PRUNED
590,0.001251046429388225,2026-05-19 00:44:06.989830,2026-05-19 00:44:07.210176,0 days 00:00:00.220346,32,3.4711999476130715,0.9797010766244638,0.006431891683348608,5,0.7638343198970103,1000,PRUNED
591,0.017613952979445457,2026-05-19 00:44:07.216547,2026-05-19 00:44:07.458886,0 days 00:00:00.242339,16,36.17258916011223,0.3569833292353919,0.0008392902189862827,6,0.5452344110621563,3000,PRUNED
592,0.001402533263899386,2026-05-19 00:44:07.465441,2026-05-19 00:44:07.683621,0 days 00:00:00.218180,32,2.5208387870834166,0.678074669925664,0.007695228489768604,5,0.714811550448264,1000,PRUNED
593,0.002963789738714695,2026-05-19 00:44:07.690722,2026-05-19 00:44:07.890723,0 days 00:00:00.200001,112,6.109932947957042,0.5034437658319476,0.005642659791882511,3,0.45659536395982914,3000,PRUNED
594,0.0007176556973718107,2026-05-19 00:44:07.897818,2026-05-19 00:44:08.165799,0 days 00:00:00.267981,32,9.996223295315136,0.8403531269279496,0.008439062458852288,5,0.8158288302831951,1000,PRUNED
595,0.2696853280067444,2026-05-19 00:44:08.172680,2026-05-19 00:44:08.418147,0 days 00:00:00.245467,32,62.5701179048107,0.03033048999676925,0.0003584441618062465,5,0.748472541274857,3000,PRUNED
596,0.0009577202727086842,2026-05-19 00:44:08.424581,2026-05-19 00:44:08.649202,0 days 00:00:00.224621,32,6.917084818547942,1.0803196493067508,0.001116270234095786,5,0.4715973283616318,5000,PRUNED
597,9.633341687731445e-05,2026-05-19 00:44:08.655846,2026-05-19 00:44:09.048998,0 days 00:00:00.393152,48,5.59820062316326,0.6656391147906299,0.0070562260285955405,5,0.4885337882420272,3000,PRUNED
598,0.00043450447265058756,2026-05-19 00:44:09.055865,2026-05-19 00:44:09.250486,0 days 00:00:00.194621,32,5.237916954904519,0.4456129735743022,0.006268122458079864,4,0.43934733138216786,2000,PRUNED
599,0.0014394677709788084,2026-05-19 00:44:09.257026,2026-05-19 00:44:09.476324,0 days 00:00:00.219298,32,2.107154424443834,0.5821404963199326,0.00775621639233773,5,0.41887427779568764,1000,PRUNED
600,0.021034622564911842,2026-05-19 00:44:09.483255,2026-05-19 00:44:09.676681,0 days 00:00:00.193426,32,1.4585120770473832,0.7488483202608005,0.0013085919544397952,3,0.5104534860395443,3000,PRUNED
601,0.00035318071604706347,2026-05-19 00:44:09.683760,2026-05-19 00:44:09.951362,0 days 00:00:00.267602,32,4.062016231274642,0.28489383677237273,0.008799557836275852,5,0.46436269599598745,2000,PRUNED
602,0.001272412482649088,2026-05-19 00:44:09.959587,2026-05-19 00:44:10.223237,0 days 00:00:00.263650,32,8.700653900705325,0.3824784046306066,0.006861466138472008,5,0.6600404798920306,5000,PRUNED
603,0.0010669500334188342,2026-05-19 00:44:10.231848,2026-05-19 00:44:10.456407,0 days 00:00:00.224559,32,4.886152602325922,0.14936896831676605,0.00236468801673203,5,0.4520177524320366,1000,PRUNED
604,0.0018119002925232053,2026-05-19 00:44:10.464140,2026-05-19 00:44:10.681566,0 days 00:00:00.217426,32,2.716427009366514,1.6545651539946549,0.008567083624642409,5,0.4734521674137669,4000,PRUNED
605,0.0014398933853954077,2026-05-19 00:44:10.689149,2026-05-19 00:44:10.909852,0 days 00:00:00.220703,96,3.080715475791223,0.8715851277266617,0.0073787865839139415,5,0.40293365189543584,3000,PRUNED
606,0.0022840877063572407,2026-05-19 00:44:10.916922,2026-05-19 00:44:11.113858,0 days 00:00:00.196936,16,3.7677579782994393,1.2598389588689074,0.005960892654468642,4,0.7863032862533328,1000,PRUNED
607,0.0014394675381481647,2026-05-19 00:44:11.120804,2026-05-19 00:44:11.385262,0 days 00:00:00.264458,32,6.242521711455415,0.5198612552371963,0.009226219037439283,5,0.4978189008182069,4000,PRUNED
608,0.0014312205603346229,2026-05-19 00:44:11.392190,2026-05-19 00:44:11.544110,0 days 00:00:00.151920,112,7.31228062646563,0.02304440126273618,0.007999880130060135,2,0.3088578439155883,3000,PRUNED
609,0.0011113808723166585,2026-05-19 00:44:11.550896,2026-05-19 00:44:11.746435,0 days 00:00:00.195539,32,1.7018893206410406,0.6715692259033195,0.006668690502818457,3,0.4848867879008089,4000,PRUNED
610,0.003938786219805479,2026-05-19 00:44:11.753889,2026-05-19 00:44:12.006175,0 days 00:00:00.252286,32,4.3142467059665925,4.014304769427815,0.007338211526342365,6,0.5801291579724013,3000,PRUNED
611,0.003771934425458312,2026-05-19 00:44:12.012380,2026-05-19 00:44:12.233344,0 days 00:00:00.220964,32,1.1931102069648447,1.0127842966644223,0.008545423896640928,5,0.4278549456103558,4000,PRUNED
612,0.00029827604885213077,2026-05-19 00:44:12.239963,2026-05-19 00:44:12.460852,0 days 00:00:00.220889,32,2.377293945095025,0.40244326233616645,0.005386636429798798,5,0.8055075835425555,1000,PRUNED
613,0.0013118160422891378,2026-05-19 00:44:12.467167,2026-05-19 00:44:12.688726,0 days 00:00:00.221559,32,5.626833005336701,0.5572120464581028,0.003267266836066782,5,0.44253432695981887,3000,PRUNED
614,0.001198573037981987,2026-05-19 00:44:12.695331,2026-05-19 00:44:12.915438,0 days 00:00:00.220107,112,7.950134888506964,0.8571286038968386,0.009309200949039203,5,0.5060962233385355,4000,PRUNED
615,0.0009568406967446208,2026-05-19 00:44:12.921905,2026-05-19 00:44:13.139883,0 days 00:00:00.217978,32,3.465740255054267,0.006495243592663338,0.008045996973884516,5,0.5307317323341246,1000,PRUNED
616,0.00044845030060969293,2026-05-19 00:44:13.146358,2026-05-19 00:44:13.371577,0 days 00:00:00.225219,32,6.6327833325546335,0.6868331758711238,0.004623864290880862,5,0.460734268991293,3000,PRUNED
617,0.0008235232089646161,2026-05-19 00:44:13.377938,2026-05-19 00:44:13.577974,0 days 00:00:00.200036,32,4.976572870357841,0.3188612333849596,0.00624921962575432,4,0.8488479939515708,5000,PRUNED
618,0.0003361403360031545,2026-05-19 00:44:13.584856,2026-05-19 00:44:13.985023,0 days 00:00:00.400167,32,4.602773880319858,0.4836859004779326,0.0071013626600950844,5,0.48165488913993726,3000,PRUNED
619,0.01469847559928894,2026-05-19 00:44:13.991610,2026-05-19 00:44:14.171752,0 days 00:00:00.180142,32,1.8365361413178412,1.073899973261941,0.009222487349902275,3,0.41111753242051186,1000,PRUNED
620,5.011813118471764e-05,2026-05-19 00:44:14.178204,2026-05-19 00:44:14.590752,0 days 00:00:00.412548,32,2.6157062283460313,0.5932219993817949,0.00772223205622198,5,0.8748246614570564,4000,PRUNED
621,0.0008536360110156238,2026-05-19 00:44:14.598422,2026-05-19 00:44:14.863540,0 days 00:00:00.265118,48,2.901405270762829,0.784832702551008,0.006607151944839572,5,0.7715554355671335,3000,PRUNED
622,0.00047664373414590955,2026-05-19 00:44:14.870521,2026-05-19 00:44:15.091585,0 days 00:00:00.221064,32,5.83421598259486,0.24354785807761353,0.00814078505316052,5,0.5176374833026378,2000,PRUNED
623,0.00025944894878193736,2026-05-19 00:44:15.098093,2026-05-19 00:44:15.493761,0 days 00:00:00.395668,32,10.73729668407261,0.43603747406704224,0.00998395885025978,5,0.32355696235547854,4000,PRUNED
624,0.0006779275718145072,2026-05-19 00:44:15.500212,2026-05-19 00:44:15.696012,0 days 00:00:00.195800,32,5.204407182485541,1.3201822809451391,0.005874995725316662,4,0.45135765449682275,1000,PRUNED
625,0.001573809189721942,2026-05-19 00:44:15.702333,2026-05-19 00:44:15.919887,0 days 00:00:00.217554,112,3.882122432045821,0.9722406295081067,0.008481373003808789,5,0.4297346085850356,4000,PRUNED
626,6.020439832354896e-05,2026-05-19 00:44:15.926351,2026-05-19 00:44:16.318601,0 days 00:00:00.392250,64,4.442800742964049,0.7248927958273025,0.007347712481059191,5,0.7955659208199,3000,PRUNED
627,0.0008302645292133093,2026-05-19 00:44:16.325418,2026-05-19 00:44:16.528749,0 days 00:00:00.203331,32,8.985859336616379,0.3731031862714933,0.005183029525883058,4,0.4899807724768829,3000,PRUNED
628,0.02040841057896614,2026-05-19 00:44:16.535432,2026-05-19 00:44:16.761780,0 days 00:00:00.226348,16,6.803711675349875,0.20337818128785473,0.0005652863242132732,5,0.46724289800385654,1000,PRUNED
629,0.0006250615115277469,2026-05-19 00:44:16.769336,2026-05-19 00:44:17.018833,0 days 00:00:00.249497,32,7.6766072419980285,0.5888282419122659,0.004165057907246699,6,0.30003632158693044,4000,PRUNED
630,0.0017060032114386559,2026-05-19 00:44:17.027905,2026-05-19 00:44:17.303313,0 days 00:00:00.275408,48,2.1679882445263203,0.8810319451537189,0.002715343489019614,5,0.5618702686837277,4000,PRUNED
631,0.0004222505958750844,2026-05-19 00:44:17.312507,2026-05-19 00:44:17.545246,0 days 00:00:00.232739,96,3.242963927464145,0.499496599066255,0.0006709298957791756,5,0.4792381380938529,5000,PRUNED
632,0.0005074478103779256,2026-05-19 00:44:17.553400,2026-05-19 00:44:17.733138,0 days 00:00:00.179738,32,6.01315165722525,0.657437056861231,0.009156660637924164,3,0.8243402447389299,3000,PRUNED
633,0.0018495859112590551,2026-05-19 00:44:17.740865,2026-05-19 00:44:17.966688,0 days 00:00:00.225823,32,5.082004916415701,0.010374744214205096,0.006736534010575945,5,0.4450676027260726,1000,PRUNED
634,0.0009458373533561826,2026-05-19 00:44:17.973474,2026-05-19 00:44:18.147522,0 days 00:00:00.174048,32,3.6095224637195114,0.2856132464136201,0.007674817986650552,3,0.49818694908040984,3000,PRUNED
635,0.00022737470862921327,2026-05-19 00:44:18.154039,2026-05-19 00:44:18.555305,0 days 00:00:00.401266,32,4.212400857311539,0.7811480472021601,0.00855867589926467,5,0.459440260377983,4000,PRUNED
636,0.0009826046880334616,2026-05-19 00:44:18.561962,2026-05-19 00:44:18.792607,0 days 00:00:00.230645,128,2.495092715482254,0.12377275462910235,0.0001552542115868086,5,0.4010563241876101,1000,PRUNED
637,0.0005530859343707561,2026-05-19 00:44:18.799522,2026-05-19 00:44:19.022272,0 days 00:00:00.222750,32,4.59070001652623,0.08222173916793181,0.0061362675858961995,5,0.3345953124116373,2000,PRUNED
638,0.0014945520088076591,2026-05-19 00:44:19.028661,2026-05-19 00:44:19.254379,0 days 00:00:00.225718,32,5.557868726214457,1.4497450420778049,0.007179017555610784,5,0.5101169048360624,4000,PRUNED
639,0.0013316842960193753,2026-05-19 00:44:19.260854,2026-05-19 00:44:19.492642,0 days 00:00:00.231788,32,2.9628789233469703,1.0935270201903171,0.009969559623781186,5,0.422659712891397,5000,PRUNED
640,0.0007605386199429631,2026-05-19 00:44:19.499016,2026-05-19 00:44:19.697449,0 days 00:00:00.198433,112,8.477002510843016,0.36154603765202514,0.007918614143574221,4,0.8995693223076215,1000,PRUNED
641,0.0003307117149233818,2026-05-19 00:44:19.703834,2026-05-19 00:44:19.923119,0 days 00:00:00.219285,32,6.66761623202043,0.4581857480735959,0.0036828938839123227,5,0.44378737156909787,3000,PRUNED
642,0.0014343243092298508,2026-05-19 00:44:19.929396,2026-05-19 00:44:20.149374,0 days 00:00:00.219978,32,7.305537851151313,0.6002969883327351,0.00921142916765502,5,0.5374126983481687,4000,PRUNED
643,0.0013078958727419376,2026-05-19 00:44:20.155645,2026-05-19 00:44:20.305117,0 days 00:00:00.149472,32,25.09284033790001,0.918094806402078,0.006640497149328831,2,0.835221992625698,3000,PRUNED
644,0.0003190842689946294,2026-05-19 00:44:20.311577,2026-05-19 00:44:20.529148,0 days 00:00:00.217571,16,4.10490918067354,0.7350092404936956,0.008597352430170879,5,0.6376083557730016,3000,PRUNED
645,0.0006395195960067213,2026-05-19 00:44:20.535534,2026-05-19 00:44:20.733393,0 days 00:00:00.197859,32,5.099292202452929,0.5398175274900603,0.007344510669515227,4,0.4754190690087086,1000,PRUNED
646,1.6728261471143924e-05,2026-05-19 00:44:20.739936,2026-05-19 00:44:25.229387,0 days 00:00:04.489451,32,6.111299631829666,0.41785016536193836,0.005687220054982815,5,0.6748431755115479,4000,COMPLETE
647,0.0028238939121365547,2026-05-19 00:44:25.239320,2026-05-19 00:44:25.504521,0 days 00:00:00.265201,32,2.6044410406690166,1.9136629629126092,0.008098024087001401,5,0.5926158908352406,4000,PRUNED
648,0.0009477200219407678,2026-05-19 00:44:25.511906,2026-05-19 00:44:25.778010,0 days 00:00:00.266104,32,98.23260274297193,0.8209734067097008,0.006617349800860635,5,0.7327845984816403,1000,PRUNED
649,0.0008538858382962644,2026-05-19 00:44:25.787238,2026-05-19 00:44:26.077817,0 days 00:00:00.290579,32,4.794197759479881,0.33091547002513166,0.009240061323975415,4,0.4355765243650468,3000,PRUNED
650,0.004212767817080021,2026-05-19 00:44:26.086168,2026-05-19 00:44:26.349578,0 days 00:00:00.263410,80,2.2928013298648278,1.1448719793736784,0.007620909534233784,5,0.5199825267194359,5000,PRUNED
651,0.011751503683626652,2026-05-19 00:44:26.357876,2026-05-19 00:44:26.549057,0 days 00:00:00.191181,48,1.3813246345332457,0.6294394246818757,0.008514861784626673,3,0.4982281470654346,3000,PRUNED
652,0.0007618169183842838,2026-05-19 00:44:26.557768,2026-05-19 00:44:26.808157,0 days 00:00:00.250389,32,3.3898214179474824,0.5431768074469908,0.00488218449980359,6,0.45645150087904673,3000,PRUNED
653,0.00040196135523729026,2026-05-19 00:44:26.815957,2026-05-19 00:44:27.032571,0 days 00:00:00.216614,32,7.847833676348925,0.9526545285790254,0.006203990241359408,5,0.7840259431274271,2000,PRUNED
654,0.001662297174334526,2026-05-19 00:44:27.039785,2026-05-19 00:44:27.262070,0 days 00:00:00.222285,32,5.416414127980132,0.013383712924831714,0.009994234044589243,5,0.412157556280863,4000,PRUNED
655,0.00044782666373066604,2026-05-19 00:44:27.268666,2026-05-19 00:44:27.443282,0 days 00:00:00.174616,32,3.9522097690582783,0.47022923811906014,0.006999400138777919,3,0.7552538553406908,1000,PRUNED
656,0.0014127664035186172,2026-05-19 00:44:27.449949,2026-05-19 00:44:27.671020,0 days 00:00:00.221071,32,1.9535674501043965,0.7283717846525631,0.008733265898462229,5,0.4686294811591658,4000,PRUNED
657,0.001426223199814558,2026-05-19 00:44:27.678045,2026-05-19 00:44:27.867019,0 days 00:00:00.188974,112,9.351279869553535,0.2654748043713644,0.007631515714117956,3,0.4815083300635117,3000,PRUNED
658,0.00057221605675295,2026-05-19 00:44:27.874132,2026-05-19 00:44:28.102255,0 days 00:00:00.228123,32,2.7747721692491827,0.6481760715409348,0.005987196991988533,5,0.8042918480790306,1000,PRUNED
659,0.0005246748914942145,2026-05-19 00:44:28.108829,2026-05-19 00:44:28.331606,0 days 00:00:00.222777,32,6.356441760866139,0.39993367214335024,0.007957765166178998,5,0.6156469127131212,4000,PRUNED
660,0.0006391897913999856,2026-05-19 00:44:28.338909,2026-05-19 00:44:28.567954,0 days 00:00:00.229045,32,4.685753574843183,1.2085144635858516,0.009192995584422534,5,0.4894566887856696,4000,PRUNED
661,0.0005861760582774878,2026-05-19 00:44:28.575883,2026-05-19 00:44:28.819446,0 days 00:00:00.243563,16,7.0686704266772376,0.8532209594563805,0.0068545096945130096,4,0.3193636027444808,3000,PRUNED
662,0.00027023046277463436,2026-05-19 00:44:28.827088,2026-05-19 00:44:29.057203,0 days 00:00:00.230115,32,3.1079180834468425,0.5031241076141981,0.00535927096373431,5,0.4334260450154609,5000,PRUNED
663,0.00021773138723801821,2026-05-19 00:44:29.064319,2026-05-19 00:44:29.288570,0 days 00:00:00.224251,32,5.744992946082358,0.727229245049755,0.008470351628641985,5,0.45677922480793826,1000,PRUNED
664,6.494023546110839e-05,2026-05-19 00:44:29.295962,2026-05-19 00:44:29.696339,0 days 00:00:00.400377,112,4.343106555668395,0.04789035507371194,0.007190682667148857,5,0.4685909087193306,1000,PRUNED
665,6.57232158118859e-05,2026-05-19 00:44:29.703429,2026-05-19 00:44:30.143435,0 days 00:00:00.440006,32,3.7598576394066767,0.9699627618315383,0.009285884724412847,6,0.5034437981770629,3000,PRUNED
666,0.0013591632014140487,2026-05-19 00:44:30.149893,2026-05-19 00:44:30.347346,0 days 00:00:00.197453,64,5.191693992045113,0.3268991363432126,0.006320015566254284,4,0.6911554499804354,4000,PRUNED
667,0.001658960827626288,2026-05-19 00:44:30.354113,2026-05-19 00:44:30.574423,0 days 00:00:00.220310,32,4.641867887829835,0.5778439052600925,0.007505869664982394,5,0.4231466706221642,4000,PRUNED
668,0.00021655071759596467,2026-05-19 00:44:30.581268,2026-05-19 00:44:30.814469,0 days 00:00:00.233201,32,8.37033775424036,1.5160014858602475,0.007975528367746947,5,0.5440938994830373,2000,PRUNED
669,0.00036066790926270187,2026-05-19 00:44:30.821573,2026-05-19 00:44:31.089021,0 days 00:00:00.267448,32,6.067839104019236,0.6683474182563143,0.006737536123827129,5,0.6492055706984184,3000,PRUNED
670,0.0020155718084424734,2026-05-19 00:44:31.096035,2026-05-19 00:44:31.366750,0 days 00:00:00.270715,32,2.3295905044448357,0.0010826366524859514,0.008752036218043303,5,0.44826150758819766,4000,PRUNED
671,0.0005213054828345776,2026-05-19 00:44:31.374249,2026-05-19 00:44:31.581080,0 days 00:00:00.206831,48,2.721847254607955,0.44742905451256143,0.004363186564485182,4,0.39051588592676617,1000,PRUNED
672,0.0008039487875066698,2026-05-19 00:44:31.587691,2026-05-19 00:44:31.812025,0 days 00:00:00.224334,32,6.561065950233528,0.8576462367453866,0.005617857097740051,5,0.7721739309537563,4000,PRUNED
673,0.00028985645622015,2026-05-19 00:44:31.819195,2026-05-19 00:44:32.040873,0 days 00:00:00.221678,32,4.232917878567063,0.18920890708051483,0.008111802897092915,5,0.48803443766382637,5000,PRUNED
674,0.0015386092709377408,2026-05-19 00:44:32.049878,2026-05-19 00:44:32.320556,0 days 00:00:00.270678,32,3.3953938666676655,1.0237078525052699,0.0072476210603203035,5,0.41288563407761564,2000,PRUNED
675,0.0163628738373518,2026-05-19 00:44:32.328886,2026-05-19 00:44:32.523698,0 days 00:00:00.194812,112,1.0783929599151623,0.5384271833354003,0.009223454902555361,3,0.8189521861601874,3000,PRUNED
676,6.45242616883479e-05,2026-05-19 00:44:32.531720,2026-05-19 00:44:33.015460,0 days 00:00:00.483740,32,5.460714054548455,0.38188216582346557,0.0030053532074863563,5,0.8670231555423451,1000,PRUNED
677,0.0002970579080283642,2026-05-19 00:44:33.025320,2026-05-19 00:44:33.266485,0 days 00:00:00.241165,32,7.595901910699728,0.740421511337821,0.0099607323476396,6,0.4782736550766068,4000,PRUNED
678,0.0022256444208323956,2026-05-19 00:44:33.274288,2026-05-19 00:44:33.497538,0 days 00:00:00.223250,32,5.033608760547211,0.23506991344884356,0.006408361917739615,5,0.5152027740879519,3000,PRUNED
679,0.0017104061553254724,2026-05-19 00:44:33.504657,2026-05-19 00:44:33.740225,0 days 00:00:00.235568,32,2.0844763390991345,1.1724571520375293,0.0034128743919224027,5,0.4466279630258311,3000,PRUNED
680,0.0010149668669328094,2026-05-19 00:44:33.746671,2026-05-19 00:44:33.971083,0 days 00:00:00.224412,32,2.4993810447850504,0.6204427078683762,0.00830302082301557,5,0.7952946267197392,5000,PRUNED
681,0.0003296651702839881,2026-05-19 00:44:33.977453,2026-05-19 00:44:34.196686,0 days 00:00:00.219233,32,3.067526937353762,0.2991745217404003,0.0021583747773036197,5,0.7073136027573653,1000,PRUNED
682,0.0005357334157451987,2026-05-19 00:44:34.203538,2026-05-19 00:44:34.400063,0 days 00:00:00.196525,32,3.668490408981136,0.8085466845505198,0.007341585206955317,4,0.33724995601701635,4000,PRUNED
683,0.0006177470786496997,2026-05-19 00:44:34.408018,2026-05-19 00:44:34.585483,0 days 00:00:00.177465,48,6.997748460555937,0.4956544987030518,0.00582964484484885,3,0.8414743841721452,4000,PRUNED
684,0.000504633120726794,2026-05-19 00:44:34.592202,2026-05-19 00:44:34.813553,0 days 00:00:00.221351,32,4.544247996476715,0.6468038641585486,0.0039260609258395885,5,0.5284690209038249,1000,PRUNED
685,0.0002683842903934419,2026-05-19 00:44:34.820057,2026-05-19 00:44:35.040009,0 days 00:00:00.219952,32,5.768106648824214,0.9343802873452784,0.009979295030159352,5,0.43564003084625735,3000,PRUNED
686,0.00043843401363119483,2026-05-19 00:44:35.046746,2026-05-19 00:44:35.251418,0 days 00:00:00.204672,16,4.133706716712524,0.435160352916178,0.008616320753215684,4,0.4645996451023655,3000,PRUNED
687,0.034649450331926346,2026-05-19 00:44:35.258227,2026-05-19 00:44:35.489258,0 days 00:00:00.231031,112,1.6616915731021515,1.41221068796583,0.00662144499123346,5,0.4951194675408728,4000,PRUNED
688,0.003717742394655943,2026-05-19 00:44:35.496026,2026-05-19 00:44:35.726045,0 days 00:00:00.230019,32,4.886908984974898,0.3589101604823066,0.0077471397751207914,5,0.5655363507790967,1000,PRUNED
689,0.0007196154328994453,2026-05-19 00:44:35.732920,2026-05-19 00:44:35.962731,0 days 00:00:00.229811,32,2.7921241834168433,0.552945232554652,0.009101628307837138,5,0.45362069585149545,3000,PRUNED
690,0.000527306692674756,2026-05-19 00:44:35.970236,2026-05-19 00:44:36.195782,0 days 00:00:00.225546,32,9.757490695037335,0.7790098685768134,0.006978602594689277,5,0.5080115240998327,1000,PRUNED
691,0.0012090858072042465,2026-05-19 00:44:36.202401,2026-05-19 00:44:36.391604,0 days 00:00:00.189203,32,8.424692877040114,0.6738833190382936,0.008053196856086124,3,0.39732998874983677,3000,PRUNED
692,0.00024374693748541176,2026-05-19 00:44:36.398959,2026-05-19 00:44:36.665044,0 days 00:00:00.266085,32,6.314612454697043,1.0450085250616443,0.006199746399208872,5,0.47721120509437065,4000,PRUNED
693,0.0016121136723086238,2026-05-19 00:44:36.672013,2026-05-19 00:44:36.893906,0 days 00:00:00.221893,48,5.560086147049092,0.4746085604801413,0.008751005543522358,3,0.4335807266746646,1000,PRUNED
694,0.0003373765212018043,2026-05-19 00:44:36.901168,2026-05-19 00:44:37.169368,0 days 00:00:00.268200,32,7.482070482834151,0.8717780317565749,0.0009913539431360625,5,0.4171983078610156,4000,PRUNED
695,0.0002755771856755018,2026-05-19 00:44:37.178262,2026-05-19 00:44:37.594228,0 days 00:00:00.415966,32,3.9005240942592123,0.3001165482077424,0.007387238616675459,5,0.3760745739424435,4000,PRUNED
696,0.00034993680310435593,2026-05-19 00:44:37.601582,2026-05-19 00:44:37.822299,0 days 00:00:00.220717,16,4.8516081203913,0.5859253959262261,0.008017865196624192,5,0.4663863198109475,3000,PRUNED
697,0.0026747381780296564,2026-05-19 00:44:37.831265,2026-05-19 00:44:38.028012,0 days 00:00:00.196747,32,2.980258156604249,1.2165479460283795,0.005089605424943956,4,0.490972718284001,3000,PRUNED
698,0.00010055325401481241,2026-05-19 00:44:38.036507,2026-05-19 00:44:38.475411,0 days 00:00:00.438904,96,4.330500547540641,0.3870352741258774,0.00686791277295338,5,0.3112139885928709,3000,PRUNED
699,0.0009877439588308334,2026-05-19 00:44:38.484677,2026-05-19 00:44:38.736053,0 days 00:00:00.251376,112,6.715188617601726,0.7207742784048317,0.009338034031810761,5,0.44552692329237387,5000,PRUNED
700,0.00040494537097401917,2026-05-19 00:44:38.745189,2026-05-19 00:44:39.281850,0 days 00:00:00.536661,32,2.3875671831629344,0.5328479523872476,0.009982550168730694,6,0.5768128967086361,1000,PRUNED
701,0.0018624509684741497,2026-05-19 00:44:39.290785,2026-05-19 00:44:39.447910,0 days 00:00:00.157125,64,5.1868285985651355,0.22134009181952147,0.005760357347910837,2,0.3290464374428909,3000,PRUNED
702,0.0016608184669166803,2026-05-19 00:44:39.456073,2026-05-19 00:44:39.661125,0 days 00:00:00.205052,32,3.4754567863653736,1.0091303696762797,0.008520858896646201,4,0.781651374191804,2000,PRUNED
703,0.07473024725914001,2026-05-19 00:44:39.668480,2026-05-19 00:44:39.892336,0 days 00:00:00.223856,128,1.2000434095736487,0.760477642737901,0.007629324314885055,5,0.4279446688076388,4000,PRUNED
704,1.4025609743839595e-05,2026-05-19 00:44:39.898853,2026-05-19 00:44:44.110864,0 days 00:00:04.212011,32,6.128744108973294,0.6155512206162199,0.0063878342225733836,5,0.4844142625469774,4000,COMPLETE
705,9.407527250004932e-05,2026-05-19 00:44:44.122145,2026-05-19 00:44:44.622430,0 days 00:00:00.500285,32,7.906326540555355,0.4446349788415752,0.007107563930802703,5,0.7603973051341156,5000,PRUNED
706,0.002440942218527198,2026-05-19 00:44:44.631285,2026-05-19 00:44:44.893715,0 days 00:00:00.262430,32,1.8293539485574397,0.8451568731003749,0.009080621807818795,5,0.5029304996028321,1000,PRUNED
707,0.0002732246648520231,2026-05-19 00:44:44.902599,2026-05-19 00:44:45.163429,0 days 00:00:00.260830,32,1.5431451923169517,0.15852091840316684,0.00797647118852994,5,0.4582565920742534,4000,PRUNED
708,0.0003735702484846115,2026-05-19 00:44:45.172392,2026-05-19 00:44:45.390257,0 days 00:00:00.217865,32,4.5291318592508185,0.3471940887630244,0.00862524326386829,4,0.8544440414061845,1000,PRUNED
709,0.00030863643041811883,2026-05-19 00:44:45.398599,2026-05-19 00:44:45.631364,0 days 00:00:00.232765,32,3.2564024139734578,0.5268653618365914,0.0026131978694692417,5,0.47158517806956063,3000,PRUNED
710,0.0005990241770632565,2026-05-19 00:44:45.637851,2026-05-19 00:44:45.864382,0 days 00:00:00.226531,32,2.602978178946846,0.26126809999974554,0.00680372914587249,5,0.8095169410802295,3000,PRUNED
711,0.0008665241184644401,2026-05-19 00:44:45.870725,2026-05-19 00:44:46.043174,0 days 00:00:00.172449,32,9.203122774318114,0.6561091588368445,0.005984653685504361,3,0.5228458236253688,4000,PRUNED
712,5.848285945830867e-05,2026-05-19 00:44:46.049555,2026-05-19 00:44:46.444633,0 days 00:00:00.395078,32,5.6611842433493145,1.0386464060984337,0.007576206116113912,5,0.35384016217264813,1000,PRUNED
713,0.0004236756940372288,2026-05-19 00:44:46.451067,2026-05-19 00:44:46.675343,0 days 00:00:00.224276,32,4.78553705585544,1.3640392159852248,0.00924878318058273,5,0.5560188442628873,2000,PRUNED
714,0.0002989652275573462,2026-05-19 00:44:46.682122,2026-05-19 00:44:46.903353,0 days 00:00:00.221231,112,2.081570450354344,0.44967356200547764,0.004579462605151106,5,0.4414815015629842,5000,PRUNED
715,0.00038457915070466697,2026-05-19 00:44:46.909962,2026-05-19 00:44:47.129905,0 days 00:00:00.219943,48,7.106857238620549,0.8076855814362781,0.0072822886923373095,5,0.4798592315769675,3000,PRUNED
716,0.00039462430868297815,2026-05-19 00:44:47.136338,2026-05-19 00:44:47.353445,0 days 00:00:00.217107,80,4.040321919802141,0.6060470773731774,0.008189949250869551,5,0.4051315768968601,4000,PRUNED
717,0.0009216046892106533,2026-05-19 00:44:47.359848,2026-05-19 00:44:47.562951,0 days 00:00:00.203103,32,6.362161769375553,1.7151080137113985,0.0052550120632823445,4,0.4582035320830689,3000,PRUNED
718,0.0007014789152890444,2026-05-19 00:44:47.569466,2026-05-19 00:44:47.746632,0 days 00:00:00.177166,32,5.178932986214457,0.3905153474074373,0.006392787844848143,3,0.4245276486903848,1000,PRUNED
719,0.0005458613159134984,2026-05-19 00:44:47.752846,2026-05-19 00:44:47.975982,0 days 00:00:00.223136,32,3.6464051330390572,0.9561169654087401,0.009951107296637679,5,0.7471651833568304,4000,PRUNED
720,0.005508913658559322,2026-05-19 00:44:47.982868,2026-05-19 00:44:48.207531,0 days 00:00:00.224663,112,5.41038151502601,0.6615868192250786,0.008546142851254566,5,0.6037484657499435,1000,PRUNED
721,0.0005073841894045472,2026-05-19 00:44:48.213983,2026-05-19 00:44:48.432180,0 days 00:00:00.218197,32,4.352650040282691,0.30736261239626267,0.006785162724066922,5,0.8809440313743817,4000,PRUNED
722,0.0012245242251083255,2026-05-19 00:44:48.438618,2026-05-19 00:44:48.667076,0 days 00:00:00.228458,32,10.599671725700974,0.519753175161973,0.007798804070646281,5,0.4945888531497123,3000,PRUNED
723,0.001760035171173513,2026-05-19 00:44:48.674530,2026-05-19 00:44:48.905229,0 days 00:00:00.230699,48,2.9187032562355113,1.2082171105180546,0.0037523108675978395,5,0.7220328742345272,4000,PRUNED
724,0.07248568534851074,2026-05-19 00:44:48.912407,2026-05-19 00:44:49.195082,0 days 00:00:00.282675,16,2.3016366183260693,0.8259866928417857,0.0003002843838496588,6,0.47083558262029623,1000,PRUNED
725,0.00039370570448227227,2026-05-19 00:44:49.203232,2026-05-19 00:44:49.376390,0 days 00:00:00.173158,32,8.173661974983204,0.6892858779263582,0.009140794251311377,3,0.5062214574642049,3000,PRUNED
726,0.0007401596521958709,2026-05-19 00:44:49.383350,2026-05-19 00:44:49.580060,0 days 00:00:00.196710,32,6.027473763506065,0.42262412499765256,0.0059526985654308725,4,0.7881369918517245,5000,PRUNED
727,0.00023749048705212772,2026-05-19 00:44:49.586713,2026-05-19 00:44:49.810944,0 days 00:00:00.224231,32,2.626658595140157,0.06455421513846375,0.0074051162262738284,5,0.3444523929542467,3000,PRUNED
728,0.00010467212268849835,2026-05-19 00:44:49.817617,2026-05-19 00:44:50.210952,0 days 00:00:00.393335,32,7.15051368319952,0.5515787866324815,0.00838714484350151,5,0.5410071887890764,4000,PRUNED
729,0.0013013281859457493,2026-05-19 00:44:50.217622,2026-05-19 00:44:50.444830,0 days 00:00:00.227208,32,3.223033223302517,0.8916058702999581,0.006816651793933591,5,0.830511621712065,1000,PRUNED
730,0.0007515047327615321,2026-05-19 00:44:50.452031,2026-05-19 00:44:50.651094,0 days 00:00:00.199063,32,5.069755100788063,1.0913420040677027,0.009237590720889642,4,0.44686374955344893,3000,PRUNED
731,0.0003706251736730337,2026-05-19 00:44:50.658834,2026-05-19 00:44:50.879984,0 days 00:00:00.221150,32,3.954597949638206,0.7347003335757114,0.0032345102072221343,5,0.4158443268876121,4000,PRUNED
732,0.0008970295893959701,2026-05-19 00:44:50.887642,2026-05-19 00:44:51.104804,0 days 00:00:00.217162,32,8.76355027601156,0.4948742405607828,0.009970268812061625,5,0.43742670173667825,5000,PRUNED
733,0.0006426189211197197,2026-05-19 00:44:51.112438,2026-05-19 00:44:51.353163,0 days 00:00:00.240725,16,4.689830151364945,0.3462866087389696,0.00545804029557352,6,0.3907112544031952,3000,PRUNED
734,0.0006088422960601747,2026-05-19 00:44:51.360625,2026-05-19 00:44:51.582411,0 days 00:00:00.221786,32,6.784759868142658,0.6065914468264041,0.007847029430498175,5,0.4868659047981764,4000,PRUNED
735,0.0004910256247967482,2026-05-19 00:44:51.588966,2026-05-19 00:44:51.814392,0 days 00:00:00.225426,32,5.62475227261465,0.891699955897246,0.008588477239281918,5,0.36695233276584127,1000,PRUNED
736,0.0002672269765753299,2026-05-19 00:44:51.821065,2026-05-19 00:44:52.046790,0 days 00:00:00.225725,112,12.092600002338372,0.2767303479832805,0.007322089484135193,5,0.767735481538074,2000,PRUNED
737,0.0006630913121625781,2026-05-19 00:44:52.053098,2026-05-19 00:44:52.237026,0 days 00:00:00.183928,32,4.354407178633074,0.6998458649134137,0.006780908865697788,3,0.46122891383483444,4000,PRUNED
738,0.0015087758656591177,2026-05-19 00:44:52.243432,2026-05-19 00:44:52.448165,0 days 00:00:00.204733,32,3.6864346107110815,0.09123291548616663,0.004273365070852525,4,0.8004374451063769,3000,PRUNED
739,0.0009483108296990395,2026-05-19 00:44:52.454760,2026-05-19 00:44:52.683890,0 days 00:00:00.229130,32,2.701835266964142,0.43055805957448096,0.008155281916258044,5,0.49779187471110514,1000,PRUNED
740,0.000570564647205174,2026-05-19 00:44:52.690569,2026-05-19 00:44:52.861390,0 days 00:00:00.170821,32,7.884141005136079,1.256712002702636,0.00598028456580376,2,0.4767429596640439,4000,PRUNED
741,0.0006920711020939052,2026-05-19 00:44:52.868732,2026-05-19 00:44:53.286098,0 days 00:00:00.417366,48,4.832243410697376,0.554090644243034,0.004848015254512823,5,0.3191154614910615,1000,PRUNED
742,0.0023655665572732687,2026-05-19 00:44:53.293002,2026-05-19 00:44:53.523209,0 days 00:00:00.230207,32,6.034876442822362,0.03703013252618418,0.009123382653603448,5,0.5125540193910874,3000,PRUNED
743,0.0002573954116087407,2026-05-19 00:44:53.529602,2026-05-19 00:44:53.751146,0 days 00:00:00.221544,96,2.2077455722676707,0.1897252141382039,0.006331890049184359,5,0.4527820949185264,4000,PRUNED
744,0.00038803782081231475,2026-05-19 00:44:53.757848,2026-05-19 00:44:53.941719,0 days 00:00:00.183871,32,2.48634763722015,0.7241411016731523,0.007431479938670096,3,0.586174705775723,5000,PRUNED
745,0.001289430190809071,2026-05-19 00:44:53.948778,2026-05-19 00:44:54.176981,0 days 00:00:00.228203,32,2.9810840599936665,0.9937705200140148,0.008492231350505277,5,0.4250898426091253,4000,PRUNED
746,0.011113337241113186,2026-05-19 00:44:54.183703,2026-05-19 00:44:54.413238,0 days 00:00:00.229535,112,5.387867214571368,0.01735311735855567,0.0005063304652411863,5,0.8157564606498809,3000,PRUNED
747,0.00042390183079987764,2026-05-19 00:44:54.420072,2026-05-19 00:44:54.630945,0 days 00:00:00.210873,32,6.502531540781587,0.3985336527797048,0.007839593587083879,4,0.4066742624147249,3000,PRUNED
748,0.00024182879133149981,2026-05-19 00:44:54.638346,2026-05-19 00:44:55.050961,0 days 00:00:00.412615,32,4.086421275262049,0.8186315419404174,0.007011036801295465,5,0.3010259193104104,1000,PRUNED
749,0.00048603684990666807,2026-05-19 00:44:55.058045,2026-05-19 00:44:55.291135,0 days 00:00:00.233090,32,7.476285888530031,0.4890703697742371,0.009988161488709398,5,0.527000543380947,2000,PRUNED
750,0.00032406652462668717,2026-05-19 00:44:55.298550,2026-05-19 00:44:55.555240,0 days 00:00:00.256690,32,1.9713505369898086,0.32102614770414084,0.0063698934715272345,5,0.4652870121923926,4000,PRUNED
751,0.00031304723233915865,2026-05-19 00:44:55.562439,2026-05-19 00:44:55.799042,0 days 00:00:00.236603,16,1.005513856132589,0.22386837644406923,0.009051047062348386,5,0.4405255781020218,1000,PRUNED
752,0.0037507684901356697,2026-05-19 00:44:55.806228,2026-05-19 00:44:56.258668,0 days 00:00:00.452440,64,3.3366998030370754,0.6293271300597966,0.005729496960440973,5,0.48620748241925243,3000,PRUNED
753,0.0024559181183576584,2026-05-19 00:44:56.265924,2026-05-19 00:44:56.502925,0 days 00:00:00.237001,32,1.351388888431678,1.014400059513322,0.008042022155803477,5,0.33342970831580043,5000,PRUNED
754,7.083318632794544e-05,2026-05-19 00:44:56.510073,2026-05-19 00:44:56.897484,0 days 00:00:00.387411,32,4.646161402426622,0.7738359117752238,0.007234701596753022,4,0.3829201882235243,4000,PRUNED
755,0.0013037259923294187,2026-05-19 00:44:56.904980,2026-05-19 00:44:57.135080,0 days 00:00:00.230100,128,5.247775364288398,0.5592193673631872,0.008768526029073959,5,0.628702114577745,1000,PRUNED
756,0.0005649842787533998,2026-05-19 00:44:57.141813,2026-05-19 00:44:57.375863,0 days 00:00:00.234050,32,4.379463315942387,0.465277649680168,0.0016083925390333955,5,0.7756138110692005,4000,PRUNED
757,0.0005155741237103939,2026-05-19 00:44:57.383121,2026-05-19 00:44:57.604863,0 days 00:00:00.221742,32,5.693583951558873,1.168144341560202,0.006370023078435558,3,0.4789880883634592,3000,PRUNED
758,0.0012470156652852893,2026-05-19 00:44:57.612136,2026-05-19 00:44:57.804791,0 days 00:00:00.192655,32,9.07475196594035,0.3687385453219771,0.002905248999748947,3,0.4962549908682463,3000,PRUNED
759,3.626000398071483e-05,2026-05-19 00:44:57.812881,2026-05-19 00:44:58.250363,0 days 00:00:00.437482,32,2.832968377444066,0.6281878375823459,0.007846685920057946,5,0.8680494649359966,4000,PRUNED
760,0.000508136407006532,2026-05-19 00:44:58.257507,2026-05-19 00:44:58.515794,0 days 00:00:00.258287,32,3.8464507938909174,0.8947297009844627,0.0019083347414224092,6,0.43124996980625663,1000,PRUNED
761,0.0052461945451796055,2026-05-19 00:44:58.523935,2026-05-19 00:44:58.752394,0 days 00:00:00.228459,112,14.320081615164716,1.4652473923403528,0.009153576719426187,5,0.4489853223634944,2000,PRUNED
762,0.0008524939185008407,2026-05-19 00:44:58.760890,2026-05-19 00:44:58.992795,0 days 00:00:00.231905,32,6.956846119859385,0.7421121094345662,0.006956959434236394,5,0.5123157932485353,3000,PRUNED
763,0.00023526193399447948,2026-05-19 00:44:59.001250,2026-05-19 00:44:59.204388,0 days 00:00:00.203138,32,4.9758739218440935,0.488519283512059,0.009978007483820236,4,0.8390146341802607,4000,PRUNED
764,0.0023993297945708036,2026-05-19 00:44:59.213230,2026-05-19 00:44:59.440881,0 days 00:00:00.227651,32,6.235569403160963,0.2690841338826878,0.008183653785126968,5,0.460983062332015,1000,PRUNED
765,0.0007113130413927138,2026-05-19 00:44:59.449070,2026-05-19 00:44:59.629481,0 days 00:00:00.180411,80,3.1346916632561337,0.6298433214289921,0.005280484208481903,3,0.5535587097787218,3000,PRUNED
766,0.002164976904168725,2026-05-19 00:44:59.635989,2026-05-19 00:44:59.866951,0 days 00:00:00.230962,32,8.255637443879127,0.928911802411675,0.007410438452419271,5,0.47040475790696323,3000,PRUNED
767,0.001965824281796813,2026-05-19 00:44:59.873665,2026-05-19 00:45:00.101572,0 days 00:00:00.227907,32,2.3779820734243993,0.7554130824883113,0.006615323777212995,5,0.4013585876720281,4000,PRUNED
768,3.965750875067897e-05,2026-05-19 00:45:00.108011,2026-05-19 00:45:01.445814,0 days 00:00:01.337803,48,4.1400803321137225,0.35905747992158404,0.008810564479673115,5,0.42149543677445145,4000,PRUNED
769,0.03626566007733345,2026-05-19 00:45:01.452644,2026-05-19 00:45:01.654868,0 days 00:00:00.202224,32,9.90870461275313,0.003453692109113902,0.005745731918829056,4,0.794794373721659,3000,PRUNED
770,0.0008479494135826826,2026-05-19 00:45:01.661441,2026-05-19 00:45:01.884832,0 days 00:00:00.223391,32,3.4705132487385195,0.5350977984227836,0.007846939608451448,5,0.35503502923109853,1000,PRUNED
771,0.00024542538449168205,2026-05-19 00:45:01.891280,2026-05-19 00:45:02.116294,0 days 00:00:00.225014,32,4.584192419983047,1.1141801499516402,0.00927514628931459,5,0.500298235608349,5000,PRUNED
772,0.0012017961125820875,2026-05-19 00:45:02.122800,2026-05-19 00:45:02.342785,0 days 00:00:00.219985,112,5.605943238221384,0.43514056416683344,0.0037033340701339676,5,0.452686548683734,4000,PRUNED
773,0.0004944713436998427,2026-05-19 00:45:02.349264,2026-05-19 00:45:02.523017,0 days 00:00:00.173753,48,7.506924955731897,0.6313663346192474,0.007277390788092475,3,0.4857283178333503,1000,PRUNED
774,0.0002746879181358963,2026-05-19 00:45:02.529680,2026-05-19 00:45:02.752257,0 days 00:00:00.222577,32,2.681520939597876,0.10612895522707853,0.008594135201899004,5,0.5705437545338717,3000,PRUNED
775,0.0012071015080437064,2026-05-19 00:45:02.759280,2026-05-19 00:45:02.983600,0 days 00:00:00.224320,32,1.7397002494206357,0.8206523270566582,0.006363193128190135,5,0.4389251258294964,5000,PRUNED
776,0.00028611000743694603,2026-05-19 00:45:02.991699,2026-05-19 00:45:03.212026,0 days 00:00:00.220327,32,2.2108614900125296,0.14002589955955397,0.006929687786571685,5,0.7430246750497241,1000,PRUNED
777,0.0002473097702022642,2026-05-19 00:45:03.219871,2026-05-19 00:45:03.434947,0 days 00:00:00.215076,32,5.130921259313187,0.5523443257036814,0.009999521057798689,4,0.47519255612426914,3000,PRUNED
778,0.0009177238098345697,2026-05-19 00:45:03.442762,2026-05-19 00:45:03.666101,0 days 00:00:00.223339,32,6.754059203032494,1.9785279856709603,0.004082291406286068,5,0.5224737424099077,4000,PRUNED
779,0.00026149573386646807,2026-05-19 00:45:03.674045,2026-05-19 00:45:03.898610,0 days 00:00:00.224565,32,1.2889325271138152,0.023278140463095686,0.007928960954010328,5,0.6794418752495484,1000,PRUNED
780,6.482372555183247e-05,2026-05-19 00:45:03.905086,2026-05-19 00:45:04.304754,0 days 00:00:00.399668,32,5.889814423661854,0.9361666657419702,0.008746062483237916,5,0.32413586869535044,3000,PRUNED
781,0.000664058024995029,2026-05-19 00:45:04.311994,2026-05-19 00:45:04.553583,0 days 00:00:00.241589,32,3.7164713687834223,0.32299153637630107,0.006215009207397309,6,0.8508906584987248,4000,PRUNED
782,0.006722227670252323,2026-05-19 00:45:04.560152,2026-05-19 00:45:04.778689,0 days 00:00:00.218537,16,2.4861096994105134,0.007761146633986744,0.007665263690818141,5,0.658155659387138,4000,PRUNED
783,0.0008508198661729693,2026-05-19 00:45:04.786334,2026-05-19 00:45:05.023323,0 days 00:00:00.236989,32,4.583068686246407,1.354693503781374,0.008334451770475761,5,0.8888286730433426,3000,PRUNED
784,0.0005410839803516865,2026-05-19 00:45:05.030694,2026-05-19 00:45:05.241794,0 days 00:00:00.211100,32,5.104200753043098,0.6989686796552868,0.003345947224896555,4,0.3735526334569665,1000,PRUNED
785,3.806188760790974e-05,2026-05-19 00:45:05.248664,2026-05-19 00:45:05.667510,0 days 00:00:00.418846,112,2.984739849321984,0.43673869820293515,0.0069301953444793445,5,0.462027183438946,4000,PRUNED
786,1.0641029803082347e-05,2026-05-19 00:45:05.674328,2026-05-19 00:45:09.828642,0 days 00:00:04.154314,32,4.273571087029937,0.2550684625195819,0.004968542740064149,5,0.31062447950855937,3000,COMPLETE
787,0.00042166674393229187,2026-05-19 00:45:09.837686,2026-05-19 00:45:10.058418,0 days 00:00:00.220732,32,3.90361091455708,0.239763516860815,0.004816252402583986,5,0.3104070432852297,3000,PRUNED
788,0.0004913220182061195,2026-05-19 00:45:10.065018,2026-05-19 00:45:10.289167,0 days 00:00:00.224149,32,3.5729276702932387,0.25643196022000225,0.004765527631653656,5,0.31300996815905496,2000,PRUNED
789,0.0012618013424798846,2026-05-19 00:45:10.295901,2026-05-19 00:45:10.472227,0 days 00:00:00.176326,32,4.075644539265563,0.23164678668049254,0.0051693698867831565,3,0.3057375010510192,5000,PRUNED
790,6.811367347836494e-05,2026-05-19 00:45:10.478993,2026-05-19 00:45:10.885560,0 days 00:00:00.406567,32,4.185476442758301,0.28638741945415713,0.004531175627964309,5,0.3294388778182169,1000,PRUNED
791,0.0010200059041380882,2026-05-19 00:45:10.891876,2026-05-19 00:45:11.118641,0 days 00:00:00.226765,48,3.4359317437539203,0.1629549902373843,0.0052506191007215715,5,0.3256265824944327,2000,PRUNED
792,0.007078357972204685,2026-05-19 00:45:11.124868,2026-05-19 00:45:11.308329,0 days 00:00:00.183461,16,4.355358346407272,0.2323904577475577,0.0036897659467327428,3,0.30018336349711816,4000,PRUNED
793,0.0009261226514354348,2026-05-19 00:45:11.314867,2026-05-19 00:45:11.514421,0 days 00:00:00.199554,32,3.807774544471794,0.20174406068415318,0.0057136404394926244,4,0.3273111958177868,4000,PRUNED
794,3.5338016459718347e-05,2026-05-19 00:45:11.520939,2026-05-19 00:45:11.927505,0 days 00:00:00.406566,112,7.96634755722625,0.30580616161930224,0.004082331798659327,5,0.31359199374427854,3000,PRUNED
795,0.0007659453549422324,2026-05-19 00:45:11.933791,2026-05-19 00:45:12.081752,0 days 00:00:00.147961,32,3.081244093386988,0.36450685987864145,0.005525816258550321,2,0.31582584672943415,1000,PRUNED
796,0.0005960436537861824,2026-05-19 00:45:12.088010,2026-05-19 00:45:12.335259,0 days 00:00:00.247249,32,8.728979720903219,0.19990248457585053,0.005807555616231351,5,0.3351904618064654,4000,PRUNED
797,0.0003468632639851421,2026-05-19 00:45:12.342169,2026-05-19 00:45:12.595041,0 days 00:00:00.252872,32,2.8326555024815736,0.27151956365003294,0.004362950210438814,5,0.31643175393527023,3000,PRUNED
798,0.0016212246846407652,2026-05-19 00:45:12.602013,2026-05-19 00:45:12.834393,0 days 00:00:00.232380,32,4.409442284766683,0.31165883862775773,0.0034490731407519405,5,0.3406887403364453,3000,PRUNED
799,0.0006880536675453186,2026-05-19 00:45:12.841445,2026-05-19 00:45:13.070033,0 days 00:00:00.228588,96,1.4896042309807558,0.36474170869830086,0.006275091964681359,5,0.3441238102528436,1000,PRUNED
800,0.0006236193585209548,2026-05-19 00:45:13.076616,2026-05-19 00:45:13.328088,0 days 00:00:00.251472,32,2.0726396281578854,0.46009339949253275,0.005227479589866816,6,0.3012390653226974,4000,PRUNED
801,0.024794118478894234,2026-05-19 00:45:13.335563,2026-05-19 00:45:13.560151,0 days 00:00:00.224588,32,7.310260945120592,0.17840916477808133,0.00022656878472880997,5,0.41122855275702946,3000,PRUNED
802,0.00026047189021483064,2026-05-19 00:45:13.567208,2026-05-19 00:45:13.765578,0 days 00:00:00.198370,64,3.2764394053695645,0.39389497790512773,0.004741571421764432,4,0.4319259521943388,5000,PRUNED
803,0.0004116567433811724,2026-05-19 00:45:13.772153,2026-05-19 00:45:14.006962,0 days 00:00:00.234809,32,3.8601943608489386,0.544142580020806,0.006591583289465503,5,0.7600824790430079,3000,PRUNED
804,0.0028642432298511267,2026-05-19 00:45:14.013456,2026-05-19 00:45:14.242075,0 days 00:00:00.228619,32,4.748318093650639,0.2895475285872016,0.00611566885075846,5,0.3213469213287133,1000,PRUNED
805,0.0006145520601421595,2026-05-19 00:45:14.248645,2026-05-19 00:45:14.429661,0 days 00:00:00.181016,32,2.5267933493133437,0.6307240877559323,0.006971198683943707,3,0.8233141061372474,4000,PRUNED
806,0.0004884643130935729,2026-05-19 00:45:14.436369,2026-05-19 00:45:14.668569,0 days 00:00:00.232200,32,19.206229956074935,0.47300663226029105,0.005838570076528651,5,0.8087877443995197,4000,PRUNED
807,0.0008641773019917309,2026-05-19 00:45:14.675343,2026-05-19 00:45:14.897296,0 days 00:00:00.221953,32,6.68322485793062,0.3989345673831425,0.006623036753649036,5,0.44573187995911695,3000,PRUNED
808,0.0012162196217104793,2026-05-19 00:45:14.903950,2026-05-19 00:45:15.306220,0 days 00:00:00.402270,112,4.348714142099442,0.22397832297171846,0.004286690496452216,5,0.7785358828196665,1000,PRUNED
809,0.00039039732655510306,2026-05-19 00:45:15.312974,2026-05-19 00:45:15.513769,0 days 00:00:00.200795,32,4.881962013271668,0.5425321539662693,0.007288022595693288,4,0.36632715140986855,4000,PRUNED
810,0.0016308205667883158,2026-05-19 00:45:15.520294,2026-05-19 00:45:15.750377,0 days 00:00:00.230083,32,1.8726634730440976,0.7328620130260964,0.0038353615075256402,5,0.3839904203807745,5000,PRUNED
811,0.0002676105941645801,2026-05-19 00:45:15.756874,2026-05-19 00:45:15.978564,0 days 00:00:00.221690,32,3.550560507890835,0.6229213507411885,0.007518652097180065,5,0.7884700372876606,1000,PRUNED
812,0.000533137412276119,2026-05-19 00:45:15.984918,2026-05-19 00:45:16.212359,0 days 00:00:00.227441,32,4.046947504100025,0.33839865542620307,0.006080478235574063,5,0.6128978856760952,3000,PRUNED
813,8.179667929653078e-05,2026-05-19 00:45:16.219124,2026-05-19 00:45:16.587606,0 days 00:00:00.368482,48,2.777629428571468,0.2584921190565403,0.004936244089593254,4,0.42316279015344777,4000,PRUNED
814,0.0004570996970869601,2026-05-19 00:45:16.593870,2026-05-19 00:45:16.778977,0 days 00:00:00.185107,32,6.35526918695563,0.7498147331876771,0.006846512982722644,3,0.5378637993000664,3000,PRUNED
815,0.0028353205416351557,2026-05-19 00:45:16.786293,2026-05-19 00:45:17.004661,0 days 00:00:00.218368,16,1.1213928438738994,0.4951930576807564,0.007597341487393691,5,0.45132188419621044,1000,PRUNED
816,0.0004560253000818193,2026-05-19 00:45:17.010876,2026-05-19 00:45:17.240016,0 days 00:00:00.229140,32,2.2832128082081855,0.3886100839696026,0.0055174789472248855,5,0.3473837370328091,4000,PRUNED
817,0.0035927703138440847,2026-05-19 00:45:17.247395,2026-05-19 00:45:17.469683,0 days 00:00:00.222288,32,7.550688418187341,0.8080842536608097,0.006523489065497595,5,0.40419289338418296,1000,PRUNED
818,0.00024293539172504097,2026-05-19 00:45:17.477854,2026-05-19 00:45:17.706428,0 days 00:00:00.228574,32,3.2141538839608894,0.59073756054845,0.007072249200198684,5,0.3094410611926223,4000,PRUNED
819,0.0008030154276639223,2026-05-19 00:45:17.714705,2026-05-19 00:45:17.910853,0 days 00:00:00.196148,32,8.248371741508246,0.3196561643938817,0.007953318460424338,4,0.4377748588993939,3000,PRUNED
820,0.000703466881532222,2026-05-19 00:45:17.918990,2026-05-19 00:45:18.166735,0 days 00:00:00.247745,112,5.489470978963228,0.45016261983415884,0.00609587061965695,6,0.41724000470691286,5000,PRUNED
821,0.0006364966975525022,2026-05-19 00:45:18.174804,2026-05-19 00:45:18.408525,0 days 00:00:00.233721,32,4.6998452849755825,0.6708567555137326,0.007327528143917191,5,0.35739026535137886,2000,PRUNED
822,0.0009906021878123283,2026-05-19 00:45:18.415361,2026-05-19 00:45:18.636804,0 days 00:00:00.221443,32,5.980311351043017,0.9352687099410736,0.008106540141429959,5,0.3314576811752372,3000,PRUNED
823,0.009639864787459373,2026-05-19 00:45:18.643360,2026-05-19 00:45:18.824529,0 days 00:00:00.181169,32,9.375881290159313,0.5284857274053201,0.0004060927406741071,3,0.4576507765865802,4000,PRUNED
824,0.00023214705288410187,2026-05-19 00:45:18.831534,2026-05-19 00:45:19.059258,0 days 00:00:00.227724,48,4.173636510653005,0.7758401886353317,0.006621860887231799,5,0.5885374119863882,1000,PRUNED
825,0.001130641088820994,2026-05-19 00:45:19.066216,2026-05-19 00:45:19.309906,0 days 00:00:00.243690,32,6.965550912456652,0.19508232690429483,0.0030340711560842134,5,0.42712845559640744,4000,PRUNED
826,0.001674490631558001,2026-05-19 00:45:19.316967,2026-05-19 00:45:19.510937,0 days 00:00:00.193970,32,2.5288957030772803,0.12548676764162556,0.005450097090204537,3,0.3948524949301572,3000,PRUNED
827,0.0017262452747672796,2026-05-19 00:45:19.518320,2026-05-19 00:45:19.783291,0 days 00:00:00.264971,112,3.6735940392683792,0.6148116178454801,0.00838338631476068,5,0.4395556220948876,3000,PRUNED
828,0.0006863399175927043,2026-05-19 00:45:19.789721,2026-05-19 00:45:20.023684,0 days 00:00:00.233963,128,10.67082582351327,0.44261122408016307,0.00713765593037905,5,0.7663665111282775,1000,PRUNED
829,0.0012399402912706137,2026-05-19 00:45:20.030475,2026-05-19 00:45:20.270960,0 days 00:00:00.240485,16,5.240265244323061,0.27789272779108654,0.007646260608361349,5,0.6928695533938213,4000,PRUNED
830,0.0012892676750198007,2026-05-19 00:45:20.277898,2026-05-19 00:45:20.522656,0 days 00:00:00.244758,32,2.9276898555117694,0.8739166187751154,0.006101540321141103,5,0.47061560284958365,2000,PRUNED
831,0.00103688461240381,2026-05-19 00:45:20.529233,2026-05-19 00:45:20.747341,0 days 00:00:00.218108,32,4.671867696146824,0.697599386723039,0.003471785047357729,4,0.31916099313997076,3000,PRUNED
832,0.0004076779296156019,2026-05-19 00:45:20.754122,2026-05-19 00:45:21.019364,0 days 00:00:00.265242,32,7.411854653979512,0.5354913058522014,0.0040173773635292405,5,0.5502002539329008,1000,PRUNED
833,0.00021697484771721065,2026-05-19 00:45:21.026627,2026-05-19 00:45:21.292727,0 days 00:00:00.266100,32,1.669485491208321,0.3290318825537616,0.008591716698256762,6,0.44967527405346863,4000,PRUNED
834,0.0011972675565630198,2026-05-19 00:45:21.302089,2026-05-19 00:45:21.547237,0 days 00:00:00.245148,32,5.8843520358722,0.4141091824062358,0.006647043315497977,5,0.833540505311827,3000,PRUNED
835,0.0004058915365021676,2026-05-19 00:45:21.556524,2026-05-19 00:45:21.795950,0 days 00:00:00.239426,32,6.450186122278023,0.8255254879997815,0.00770238709708175,5,0.7318889488568219,5000,PRUNED
836,0.0002881959662772715,2026-05-19 00:45:21.804099,2026-05-19 00:45:22.034176,0 days 00:00:00.230077,32,8.785355553614323,1.0786378051124494,0.005753416139099989,5,0.8136956580958301,3000,PRUNED
837,1.0904635928454809e-05,2026-05-19 00:45:22.042839,2026-05-19 00:45:26.329736,0 days 00:00:04.286897,32,4.049558628518912,0.6106223310633111,0.00911883061983674,5,0.8549152664224037,4000,COMPLETE
838,0.00035638001281768084,2026-05-19 00:45:26.339558,2026-05-19 00:45:26.559777,0 days 00:00:00.220219,32,3.239210122816719,0.5055811347114733,0.009278094052473077,3,0.47015501584190633,1000,PRUNED
839,3.720307722687721e-05,2026-05-19 00:45:26.568730,2026-05-19 00:45:27.011135,0 days 00:00:00.442405,32,3.9013341082618123,0.5838913812450465,0.0092382449428035,4,0.8958241040110411,4000,PRUNED
840,0.0014006175333634019,2026-05-19 00:45:27.019902,2026-05-19 00:45:27.270019,0 days 00:00:00.250117,112,2.7063059388235504,0.391450374978896,0.009178560678838623,5,0.8727280965328825,1000,PRUNED
841,0.000520768400747329,2026-05-19 00:45:27.279213,2026-05-19 00:45:27.519303,0 days 00:00:00.240090,32,4.419045945668078,0.43931120251555716,0.0008338961748582562,5,0.8419157101476937,4000,PRUNED
842,0.0012769344029948115,2026-05-19 00:45:27.527002,2026-05-19 00:45:27.710197,0 days 00:00:00.183195,48,3.6682282445757988,0.5708668571885599,0.00854159541497084,3,0.4300153449509669,3000,PRUNED
843,7.597098010592163e-05,2026-05-19 00:45:27.718078,2026-05-19 00:45:28.199082,0 days 00:00:00.481004,32,3.4634808186209574,0.6667863377939395,0.008503018128255662,5,0.8827473808933131,2000,PRUNED
844,0.0008015667553991079,2026-05-19 00:45:28.207066,2026-05-19 00:45:28.482106,0 days 00:00:00.275040,32,4.836712972465496,0.49156881532561525,0.00919989699430381,5,0.8493480868468994,3000,PRUNED
845,0.0009518333827145398,2026-05-19 00:45:28.489862,2026-05-19 00:45:28.751241,0 days 00:00:00.261379,96,2.373933742327683,0.005095832020722644,0.008237096659374062,5,0.8800799726212802,4000,PRUNED
846,0.0011932243360206485,2026-05-19 00:45:28.758220,2026-05-19 00:45:29.034563,0 days 00:00:00.276343,16,2.857733767015474,0.056477360430997665,0.009998395671321403,5,0.8276395573353166,1000,PRUNED
847,0.0006485398043878376,2026-05-19 00:45:29.041657,2026-05-19 00:45:29.248889,0 days 00:00:00.207232,32,5.332758076899722,0.377109056338285,0.009178857361592196,4,0.8588520508834966,3000,PRUNED
848,0.0002944133011624217,2026-05-19 00:45:29.255736,2026-05-19 00:45:29.510518,0 days 00:00:00.254782,32,3.1044878149756627,0.3260468089923343,0.0044419576002826,5,0.4152929112431105,5000,PRUNED
849,0.0024158903397619724,2026-05-19 00:45:29.517617,2026-05-19 00:45:29.765191,0 days 00:00:00.247574,32,2.0540560602324147,0.1579824676910072,0.008049887363759898,5,0.8978952991323821,4000,PRUNED
850,1.3246023627289105e-05,2026-05-19 00:45:29.772130,2026-05-19 00:45:33.950239,0 days 00:00:04.178109,32,4.0699040449673065,0.5880694972056484,0.008706723243901504,5,0.8654149515725579,3000,COMPLETE
851,0.00513273011893034,2026-05-19 00:45:33.961514,2026-05-19 00:45:34.181057,0 days 00:00:00.219543,32,8.179853589914199,0.2237904960265811,0.0012382225659220744,3,0.8399166948037664,1000,PRUNED
852,0.00023296260042116046,2026-05-19 00:45:34.188719,2026-05-19 00:45:34.394105,0 days 00:00:00.205386,48,4.984718858299361,0.7164950914339935,0.007644530336259944,4,0.8625586073123801,4000,PRUNED
853,6.469109212048352e-05,2026-05-19 00:45:34.400785,2026-05-19 00:45:34.800237,0 days 00:00:00.399452,64,2.5999993370434065,0.47303964220365796,0.009977223223962106,5,0.8263181391138931,3000,PRUNED
854,5.199600491323508e-05,2026-05-19 00:45:34.806686,2026-05-19 00:45:35.206691,0 days 00:00:00.400005,32,4.308057388365301,0.6509039764199049,0.008460878612372278,5,0.846009767580319,5000,PRUNED
855,0.005204275716096163,2026-05-19 00:45:35.213448,2026-05-19 00:45:35.373967,0 days 00:00:00.160519,80,7.543227349466846,0.28921215300397346,0.008029098832169478,2,0.8738051979862438,1000,PRUNED
856,0.000301513122394681,2026-05-19 00:45:35.380775,2026-05-19 00:45:35.614088,0 days 00:00:00.233313,32,5.597340082304881,0.5066173332202524,0.004946095275479431,5,0.88897604263765,2000,PRUNED
857,0.0007592325564473867,2026-05-19 00:45:35.620688,2026-05-19 00:45:35.855078,0 days 00:00:00.234390,112,6.550887346982472,0.39194376813973747,0.009252240092950937,5,0.867674433716357,4000,PRUNED
858,0.00028333321097306907,2026-05-19 00:45:35.861757,2026-05-19 00:45:36.158294,0 days 00:00:00.296537,32,4.517155286699288,0.6023860900690257,0.0070258617810619,6,0.4599793864500224,3000,PRUNED
859,0.0008500657277181745,2026-05-19 00:45:36.165224,2026-05-19 00:45:36.389197,0 days 00:00:00.223973,32,6.947994946950561,0.24577199493413526,0.007562423487741477,4,0.8556958201061591,1000,PRUNED
860,0.0005177590646781027,2026-05-19 00:45:36.395586,2026-05-19 00:45:36.648461,0 days 00:00:00.252875,32,3.351217784448515,0.7395207165266118,0.008746247511997714,5,0.8569179080831975,4000,PRUNED
861,0.0007811567047610879,2026-05-19 00:45:36.655123,2026-05-19 00:45:36.892237,0 days 00:00:00.237114,32,35.12195619465186,0.4898231120789048,0.007831703423675855,5,0.8366307922176118,3000,PRUNED
862,0.0006827768520452082,2026-05-19 00:45:36.898699,2026-05-19 00:45:37.081514,0 days 00:00:00.182815,32,9.930839344908758,0.6552191757579344,0.0037263274977551736,3,0.48355970503566287,4000,PRUNED
863,0.000473052728921175,2026-05-19 00:45:37.089423,2026-05-19 00:45:37.318829,0 days 00:00:00.229406,32,3.9010277778174585,0.322937074208251,0.009137703001723745,5,0.3011534702000934,4000,PRUNED
864,0.0005217557772994041,2026-05-19 00:45:37.327200,2026-05-19 00:45:37.558002,0 days 00:00:00.230802,48,4.9507471857377485,0.8578128255193812,0.006521411896662402,5,0.8175612205212212,1000,PRUNED
865,0.0005559180281125009,2026-05-19 00:45:37.566938,2026-05-19 00:45:37.785601,0 days 00:00:00.218663,16,6.116367650592121,0.43473547440454186,0.007144933552511816,5,0.34386478904240003,3000,PRUNED
866,0.0005016601644456387,2026-05-19 00:45:37.793422,2026-05-19 00:45:37.969568,0 days 00:00:00.176146,32,2.993762997145408,0.57072110650031,0.00533862566705728,3,0.5339125143120343,1000,PRUNED
867,0.001563293393701315,2026-05-19 00:45:37.976084,2026-05-19 00:45:38.199556,0 days 00:00:00.223472,32,2.2386922898323736,0.7399404647241231,0.0032115905621696752,5,0.4473285616856683,3000,PRUNED
868,0.0011337497271597385,2026-05-19 00:45:38.206018,2026-05-19 00:45:38.408488,0 days 00:00:00.202470,32,3.5913744382115254,0.9360735058062916,0.008339084943740777,4,0.3737686380368155,4000,PRUNED
869,0.0026754611171782017,2026-05-19 00:45:38.414916,2026-05-19 00:45:38.638794,0 days 00:00:00.223878,32,5.541541596273253,0.3706803568205923,0.007573367606693932,5,0.39399563398510923,4000,PRUNED
870,0.0012823438737541437,2026-05-19 00:45:38.645097,2026-05-19 00:45:38.867433,0 days 00:00:00.222336,32,4.366673132750607,0.07563702749809624,0.009086552789468854,5,0.5100453310836759,5000,PRUNED
871,0.0011251196265220642,2026-05-19 00:45:38.873788,2026-05-19 00:45:39.142678,0 days 00:00:00.268890,112,2.7215713295502786,0.53490138415022,0.006239932791635287,5,0.8780682163587618,1000,PRUNED
872,0.0016157360514625907,2026-05-19 00:45:39.149599,2026-05-19 00:45:39.431608,0 days 00:00:00.282009,32,28.182160618563415,0.042687627387250085,0.008172612474834933,5,0.47707714765936954,3000,PRUNED
873,0.0014996546087786555,2026-05-19 00:45:39.438665,2026-05-19 00:45:39.670567,0 days 00:00:00.231902,32,1.2118438736163744,0.6671428876032346,0.00410786407090841,5,0.43434420136712976,2000,PRUNED
874,0.0020680350717157125,2026-05-19 00:45:39.676969,2026-05-19 00:45:39.897006,0 days 00:00:00.220037,32,8.017773864931513,0.4728210410447221,0.009979636408543886,5,0.5973607895982603,3000,PRUNED
875,0.0012487146304920316,2026-05-19 00:45:39.903312,2026-05-19 00:45:40.145663,0 days 00:00:00.242351,112,8.797954358576641,0.8015067824072963,0.007083450638031134,5,0.5734638353401447,5000,PRUNED
876,0.0008631368400529027,2026-05-19 00:45:40.151991,2026-05-19 00:45:40.419622,0 days 00:00:00.267631,32,4.043544341270079,0.2509498296440167,0.005825406009238969,6,0.49758943297118663,1000,PRUNED
877,0.0029575324151664972,2026-05-19 00:45:40.426093,2026-05-19 00:45:40.648741,0 days 00:00:00.222648,32,4.722839259745422,0.0023323998000476117,0.008797737081266124,5,0.32597590174584123,4000,PRUNED
878,0.002035156823694706,2026-05-19 00:45:40.655489,2026-05-19 00:45:40.877712,0 days 00:00:00.222223,32,2.460604324520797,0.012392692697623725,0.006595858008463324,5,0.4650246772637874,3000,PRUNED
879,0.0007883458165451884,2026-05-19 00:45:40.884248,2026-05-19 00:45:41.289255,0 days 00:00:00.405007,32,6.0048210506386095,0.198263485015431,0.007578236111089811,5,0.407053502860628,4000,PRUNED
880,0.0006173295550979674,2026-05-19 00:45:41.295784,2026-05-19 00:45:41.477037,0 days 00:00:00.181253,16,5.164431545940759,1.0169812735551123,0.009310548232189715,3,0.4438520038212936,4000,PRUNED
881,0.0008737568277865648,2026-05-19 00:45:41.483860,2026-05-19 00:45:41.710013,0 days 00:00:00.226153,32,6.9042126006760665,0.3957235795201425,0.008379938765573136,5,0.5211609062086533,1000,PRUNED
882,4.855444058193825e-05,2026-05-19 00:45:41.716399,2026-05-19 00:45:42.078786,0 days 00:00:00.362387,32,3.2272012886358765,0.5780742240673467,0.0073398426418582585,4,0.850728663565871,3000,PRUNED
883,0.0005053272470831871,2026-05-19 00:45:42.085258,2026-05-19 00:45:42.307538,0 days 00:00:00.222280,128,4.550849434561705,0.709113443657935,0.004897486170994095,5,0.48451409836376863,1000,PRUNED
884,0.0011647087521851063,2026-05-19 00:45:42.314023,2026-05-19 00:45:42.538171,0 days 00:00:00.224148,32,3.8288021249352435,0.3190893460093798,0.006558027650170375,5,0.4579624475140915,3000,PRUNED
885,0.00028129274141974747,2026-05-19 00:45:42.544652,2026-05-19 00:45:42.766018,0 days 00:00:00.221366,32,5.339519488739473,0.5052751006156909,0.008043883764953472,5,0.31324035260395433,4000,PRUNED
886,0.001008015708066523,2026-05-19 00:45:42.772994,2026-05-19 00:45:42.978702,0 days 00:00:00.205708,32,67.75038851326079,0.9039217811303965,0.009201353378126971,4,0.35629567546396324,3000,PRUNED
887,0.0004759885196108371,2026-05-19 00:45:42.986431,2026-05-19 00:45:43.203592,0 days 00:00:00.217161,80,1.9176772245251585,0.6240171463009434,0.009976587367125912,5,0.42381560225509757,4000,PRUNED
888,0.00038226519245654345,2026-05-19 00:45:43.211353,2026-05-19 00:45:43.468277,0 days 00:00:00.256924,32,1.588378565261646,0.03057143056986497,0.007082678070657262,6,0.49162301466687724,2000,PRUNED
889,0.0004450301348697394,2026-05-19 00:45:43.476250,2026-05-19 00:45:43.646227,0 days 00:00:00.169977,32,1.4226140073464697,0.40509486225512975,0.005421067232138197,2,0.8295221048479089,1000,PRUNED
890,0.00023441342636942863,2026-05-19 00:45:43.654377,2026-05-19 00:45:43.922634,0 days 00:00:00.268257,32,2.990540323781027,0.26161918210352003,0.004575500163602398,5,0.3344690941760498,3000,PRUNED
891,0.00021358428057283163,2026-05-19 00:45:43.929563,2026-05-19 00:45:44.156561,0 days 00:00:00.226998,48,7.670351187749354,0.7812051377377182,0.008172933965421481,5,0.43593028783052096,5000,PRUNED
892,0.0008537780959159136,2026-05-19 00:45:44.163111,2026-05-19 00:45:44.394830,0 days 00:00:00.231719,32,2.1820302195825105,1.0941709225821468,0.00597375315572159,5,0.46711000546470105,4000,PRUNED
893,0.0006201056530699134,2026-05-19 00:45:44.401275,2026-05-19 00:45:44.581378,0 days 00:00:00.180103,32,6.624864390015796,0.34645292782624093,0.008647559874396922,3,0.5098631778134375,1000,PRUNED
894,0.0002995783288497478,2026-05-19 00:45:44.587805,2026-05-19 00:45:44.815781,0 days 00:00:00.227976,32,4.1693074901171086,0.5682641379935908,0.0027878683234042996,5,0.4552288750194733,4000,PRUNED
895,0.07813405990600586,2026-05-19 00:45:44.822339,2026-05-19 00:45:45.020440,0 days 00:00:00.198101,112,5.929993933014383,9.4890332828784,0.007397774114389202,4,0.5569509306814706,3000,PRUNED
896,0.0005431369063444436,2026-05-19 00:45:45.026717,2026-05-19 00:45:45.206643,0 days 00:00:00.179926,32,2.7120142592911294,0.47215131286539913,0.006546469256449226,3,0.3840281223059657,4000,PRUNED
897,0.0010539575014263391,2026-05-19 00:45:45.213131,2026-05-19 00:45:45.615012,0 days 00:00:00.401881,32,3.4870797047442728,0.738639079716713,0.007944006338093595,5,0.47439905568631796,1000,PRUNED
898,0.00021933106472715735,2026-05-19 00:45:45.621467,2026-05-19 00:45:45.869299,0 days 00:00:00.247832,32,4.898596423374174,0.6455700661899715,0.009305385138816964,5,0.4161983019505023,4000,PRUNED
899,0.0002516839886084199,2026-05-19 00:45:45.876098,2026-05-19 00:45:46.133911,0 days 00:00:00.257813,32,8.983417213515306,0.858928142940113,0.0069693407832158005,5,0.44198946174858234,1000,PRUNED
900,0.0008274444844573736,2026-05-19 00:45:46.140429,2026-05-19 00:45:46.342923,0 days 00:00:00.202494,32,7.282292555190462,0.43258016644696684,0.006184178674698834,4,0.6397589236541987,3000,PRUNED
901,0.0011626116465777159,2026-05-19 00:45:46.349680,2026-05-19 00:45:46.573159,0 days 00:00:00.223479,16,2.373742960775878,0.16651874542760917,0.003516771518290993,5,0.36375437200101246,3000,PRUNED
902,0.0002952730283141136,2026-05-19 00:45:46.579707,2026-05-19 00:45:46.802437,0 days 00:00:00.222730,32,42.32705574360276,0.9735276719735987,0.008416461986024725,5,0.49782748062273763,5000,PRUNED
903,0.04039742052555084,2026-05-19 00:45:46.809136,2026-05-19 00:45:47.040414,0 days 00:00:00.231278,48,4.533461053760028,0.5841533381854027,0.00012838079605452716,5,0.3136279229695794,3000,PRUNED
904,0.002853557001799345,2026-05-19 00:45:47.046862,2026-05-19 00:45:47.274455,0 days 00:00:00.227593,32,11.322827412707438,0.009187179921157883,0.007719569129802671,5,0.8835971905907816,1000,PRUNED
905,0.0012918217107653618,2026-05-19 00:45:47.280940,2026-05-19 00:45:47.458277,0 days 00:00:00.177337,32,5.290089714883199,0.2852255433312309,0.009193559438466167,3,0.40129390303823587,4000,PRUNED
906,0.0006327518494799733,2026-05-19 00:45:47.464728,2026-05-19 00:45:47.687442,0 days 00:00:00.222714,112,4.0761920630706046,0.7603461896093723,0.007140770947299801,5,0.8061875884032984,3000,PRUNED
907,0.0006674344185739756,2026-05-19 00:45:47.694416,2026-05-19 00:45:47.896908,0 days 00:00:00.202492,64,5.759766171190045,0.517888459002393,0.005568310010442704,4,0.45494448561803963,4000,PRUNED
908,0.00030845371657051146,2026-05-19 00:45:47.903832,2026-05-19 00:45:48.155546,0 days 00:00:00.251714,96,6.342026212340799,0.32761592125868727,0.008670706404288474,5,0.8983246550420929,1000,PRUNED
909,0.001239163801074028,2026-05-19 00:45:48.164195,2026-05-19 00:45:48.392470,0 days 00:00:00.228275,32,3.2138826039013764,1.2019755206319522,0.009989356053028363,5,0.3423350814448439,3000,PRUNED
910,3.9262744394363835e-05,2026-05-19 00:45:48.400272,2026-05-19 00:45:48.796908,0 days 00:00:00.396636,32,3.605567756772397,0.4270202891425856,0.007756928039428217,5,0.4854720035793348,4000,PRUNED
911,0.003061024472117424,2026-05-19 00:45:48.805224,2026-05-19 00:45:49.024176,0 days 00:00:00.218952,32,8.193262802963902,0.22162860655860328,0.006475088339957174,5,0.8434825558918633,3000,PRUNED
912,0.0004015144659206271,2026-05-19 00:45:49.032770,2026-05-19 00:45:49.210018,0 days 00:00:00.177248,32,2.54045997910055,0.6519447780416487,0.0040133523859665855,3,0.427079590852061,5000,PRUNED
913,0.00043065252248197794,2026-05-19 00:45:49.217768,2026-05-19 00:45:49.441398,0 days 00:00:00.223630,32,4.811697046849598,0.9102892229978118,0.0050795952054365065,5,0.8201585279905255,1000,PRUNED
914,0.000406477483920753,2026-05-19 00:45:49.448119,2026-05-19 00:45:49.692104,0 days 00:00:00.243985,32,4.327542229514438,0.5323953329390534,0.0059533028072340675,6,0.46891274601916144,4000,PRUNED
915,0.0025498270988464355,2026-05-19 00:45:49.698883,2026-05-19 00:45:49.926584,0 days 00:00:00.227701,112,7.307615905632306,0.6728733610483014,0.008455396609801224,5,0.50380581688769,2000,PRUNED
916,0.00022872851695865393,2026-05-19 00:45:49.933691,2026-05-19 00:45:50.134217,0 days 00:00:00.200526,32,2.740826006902904,0.3684862770535859,0.007022014355781696,4,0.5303809855180404,4000,PRUNED
917,0.001230927649885416,2026-05-19 00:45:50.141455,2026-05-19 00:45:50.381442,0 days 00:00:00.239987,32,3.797714473771844,1.0928378740687497,0.007683088808697036,5,0.8625505145097034,3000,PRUNED
918,6.974067218834534e-05,2026-05-19 00:45:50.387905,2026-05-19 00:45:51.742210,0 days 00:00:01.354305,48,5.446399822875632,0.8188715029860159,0.00917622143673115,5,0.44912132514311487,1000,PRUNED
919,0.0008599738357588649,2026-05-19 00:45:51.749740,2026-05-19 00:45:51.977135,0 days 00:00:00.227395,16,9.422046547924671,0.5103697150727199,0.006489758966871522,5,0.3246191184680183,5000,PRUNED
920,0.002361470367759466,2026-05-19 00:45:51.986700,2026-05-19 00:45:52.220821,0 days 00:00:00.234121,32,6.385829672153416,7.248083016168489,0.0024422183756188085,5,0.4391117361495312,3000,PRUNED
921,0.0005603513563983142,2026-05-19 00:45:52.228926,2026-05-19 00:45:52.438038,0 days 00:00:00.209112,32,4.995140287236481,0.4353394258910684,0.008154663280611747,4,0.41601369642036334,4000,PRUNED
922,0.000775906431954354,2026-05-19 00:45:52.446015,2026-05-19 00:45:52.699946,0 days 00:00:00.253931,32,2.9308039497193277,0.6974746942394356,0.0073304766294118836,6,0.4871763750752246,1000,PRUNED
923,0.00040623173117637634,2026-05-19 00:45:52.707196,2026-05-19 00:45:52.938668,0 days 00:00:00.231472,32,1.8442034111011014,0.019784655977298365,0.009233070455642707,5,0.4640758592336427,3000,PRUNED
924,0.03497578576207161,2026-05-19 00:45:52.945177,2026-05-19 00:45:53.180167,0 days 00:00:00.234990,32,4.530488764002833,0.29351349148116007,0.000181209760226097,5,0.4780241725082648,4000,PRUNED
925,0.0005664850468747318,2026-05-19 00:45:53.188155,2026-05-19 00:45:53.410834,0 days 00:00:00.222679,32,2.166406472309798,0.5844396108279344,0.009947583453098445,5,0.4256677864098397,3000,PRUNED
926,0.00046036328421905637,2026-05-19 00:45:53.419220,2026-05-19 00:45:53.604978,0 days 00:00:00.185758,32,6.865183676375728,0.8367272005699143,0.0068110072944269585,3,0.3753171859068987,1000,PRUNED
927,0.0005513704963959754,2026-05-19 00:45:53.612006,2026-05-19 00:45:53.846925,0 days 00:00:00.234919,32,5.806903642716325,1.0171165498219112,0.004330209823543575,5,0.3005830847986156,4000,PRUNED
928,0.0048766122199594975,2026-05-19 00:45:53.854001,2026-05-19 00:45:54.086454,0 days 00:00:00.232453,32,8.082489556666058,0.34293027182674324,0.005755764181468625,5,0.543649501277254,4000,PRUNED
929,0.000891383271664381,2026-05-19 00:45:54.093203,2026-05-19 00:45:54.315077,0 days 00:00:00.221874,32,3.359819321951796,0.13574941478593464,0.008586891611461546,5,0.5155115200166522,2000,PRUNED
930,0.001964062685146928,2026-05-19 00:45:54.321565,2026-05-19 00:45:54.549077,0 days 00:00:00.227512,32,1.0967827217492205,0.4653499094930346,0.007632155083358688,5,0.44957390852001256,3000,PRUNED
931,0.0023991158232092857,2026-05-19 00:45:54.556032,2026-05-19 00:45:54.743148,0 days 00:00:00.187116,112,3.9110095680876005,0.6762903386095256,0.006228228413447176,3,0.3885059223877408,1000,PRUNED
932,0.00030937514384277165,2026-05-19 00:45:54.750059,2026-05-19 00:45:54.979861,0 days 00:00:00.229802,112,5.186514626440294,0.24996948365501798,0.008172965905712176,5,0.49477606615402914,4000,PRUNED
933,0.0006285679992288351,2026-05-19 00:45:54.986619,2026-05-19 00:45:55.190322,0 days 00:00:00.203703,32,2.530998631187071,0.586476603575509,0.007199966706062144,4,0.5698350831494814,3000,PRUNED
934,0.0007191841723397374,2026-05-19 00:45:55.196986,2026-05-19 00:45:55.424848,0 days 00:00:00.227862,16,4.3101602956708,0.19199887317149328,0.005244425883794324,5,0.833206168858459,5000,PRUNED
935,0.0008816302288323641,2026-05-19 00:45:55.431467,2026-05-19 00:45:55.662451,0 days 00:00:00.230984,32,3.0161267856435017,0.7906273323546085,0.008652096142180633,5,0.47616524587673625,1000,PRUNED
936,0.015644846484065056,2026-05-19 00:45:55.669269,2026-05-19 00:45:55.881904,0 days 00:00:00.212635,32,6.18750762858682,1.271315632523882,0.0006665492386139554,4,0.4067437117804306,3000,PRUNED
937,0.0011029320303350687,2026-05-19 00:45:55.888524,2026-05-19 00:45:56.114289,0 days 00:00:00.225765,32,1.298203541647885,0.3666623282084481,0.0031432755616447317,5,0.44142908103141265,4000,PRUNED
938,0.0010833319975063205,2026-05-19 00:45:56.121022,2026-05-19 00:45:56.351558,0 days 00:00:00.230536,32,4.671941624082301,0.10253597473679432,0.0037252097303111277,5,0.4628282782637471,1000,PRUNED
939,0.0002672394039109349,2026-05-19 00:45:56.358078,2026-05-19 00:45:56.588535,0 days 00:00:00.230457,32,5.465329206464884,0.48742855552893466,0.006788329043114294,5,0.43360924476944035,2000,PRUNED
940,0.00022659148089587688,2026-05-19 00:45:56.595085,2026-05-19 00:45:56.781983,0 days 00:00:00.186898,48,7.370693715850128,0.949231287487776,0.009984804175685829,3,0.3111076850556821,4000,PRUNED
941,0.0014830554137006402,2026-05-19 00:45:56.789767,2026-05-19 00:45:57.010690,0 days 00:00:00.220923,32,2.3397689675044995,0.5952025182883068,0.007858641977904335,5,0.3500474143254344,3000,PRUNED
942,0.0007418814348056912,2026-05-19 00:45:57.018430,2026-05-19 00:45:57.246044,0 days 00:00:00.227614,32,4.015767882480907,0.41054333621153233,0.00918838685150511,5,0.5025960609098662,4000,PRUNED
943,0.0010306901531293988,2026-05-19 00:45:57.255323,2026-05-19 00:45:57.442132,0 days 00:00:00.186809,32,4.874046698128353,0.7372420609397323,0.004722661153015007,3,0.3385597764956867,3000,PRUNED
944,0.0004099625220987946,2026-05-19 00:45:57.450903,2026-05-19 00:45:57.682151,0 days 00:00:00.231248,32,2.7927102684459046,0.5287277012153536,0.006138791348399246,4,0.8484134420636767,1000,PRUNED
945,5.130002318765037e-05,2026-05-19 00:45:57.690310,2026-05-19 00:45:58.139084,0 days 00:00:00.448774,32,3.525909976361723,0.6706789444168786,0.007654217868809836,5,0.4571296563224375,4000,PRUNED
946,0.0008811497245915234,2026-05-19 00:45:58.147170,2026-05-19 00:45:58.377750,0 days 00:00:00.230580,32,8.413581021541356,0.2837496947133128,0.006840950206163047,5,0.8694871140794704,5000,PRUNED
947,0.00025003839982673526,2026-05-19 00:45:58.385617,2026-05-19 00:45:58.616479,0 days 00:00:00.230862,32,9.96068430864474,0.8675419253214477,0.00861618875252537,5,0.8861854313324735,1000,PRUNED
948,0.00023820124624762684,2026-05-19 00:45:58.624553,2026-05-19 00:45:58.876815,0 days 00:00:00.252262,32,6.494085787579425,1.0906302821872236,0.009137198796254926,6,0.32576511324331486,2000,PRUNED
949,0.00041348786908201873,2026-05-19 00:45:58.884965,2026-05-19 00:45:59.108344,0 days 00:00:00.223379,64,4.2814450535941875,0.43391574006190964,0.0073497009567938055,5,0.49119885270178426,3000,PRUNED
950,0.0011332343565300107,2026-05-19 00:45:59.117981,2026-05-19 00:45:59.353665,0 days 00:00:00.235684,32,5.681547704822608,0.5890184425444827,0.00566849112665215,5,0.8084373463527379,4000,PRUNED
951,0.0023831676226109266,2026-05-19 00:45:59.361279,2026-05-19 00:45:59.573694,0 days 00:00:00.212415,128,2.08237655620633,0.7615919777697199,0.008085026064058915,4,0.6202721276299963,3000,PRUNED
952,0.0007104425458237529,2026-05-19 00:45:59.580888,2026-05-19 00:45:59.745681,0 days 00:00:00.164793,32,3.1636733902816365,0.3741187568995113,0.006709067008028826,2,0.4704260038083067,5000,PRUNED
953,0.0006410083151422441,2026-05-19 00:45:59.752693,2026-05-19 00:46:00.001356,0 days 00:00:00.248663,48,5.001640132807087,0.5163647525593519,0.008592067827320122,5,0.5240704884081567,4000,PRUNED
954,0.0003747634473256767,2026-05-19 00:46:00.008457,2026-05-19 00:46:00.254085,0 days 00:00:00.245628,32,6.836313562643159,0.95428914532096,0.007475908048774715,5,0.394731115667322,3000,PRUNED
955,0.000290278869215399,2026-05-19 00:46:00.261421,2026-05-19 00:46:00.682556,0 days 00:00:00.421135,32,7.646281608239057,0.2101746814757947,0.00618421163966771,5,0.4164801121346967,1000,PRUNED
956,0.0011164135066792369,2026-05-19 00:46:00.689952,2026-05-19 00:46:00.924373,0 days 00:00:00.234421,32,2.5052716526570964,0.6778827326887833,0.009000586474639251,5,0.8218710124010261,3000,PRUNED
957,0.004615572281181812,2026-05-19 00:46:00.930954,2026-05-19 00:46:01.160129,0 days 00:00:00.229175,112,3.9034673156549515,1.3591211563045322,0.007902391423324804,5,0.481487420883663,1000,PRUNED
958,0.0004726163169834763,2026-05-19 00:46:01.167619,2026-05-19 00:46:01.404919,0 days 00:00:00.237300,32,4.545762423584556,0.32347687309289797,0.009406392951870313,5,0.4519806882597451,4000,PRUNED
959,0.0002469343307893723,2026-05-19 00:46:01.412458,2026-05-19 00:46:01.649705,0 days 00:00:00.237247,32,6.114341728013566,0.4367608263511041,0.0068135663928317845,5,0.432205400996291,4000,PRUNED
960,0.0019317377591505647,2026-05-19 00:46:01.656961,2026-05-19 00:46:01.868038,0 days 00:00:00.211077,80,2.730428870147531,0.7709140582201829,0.005328002524029032,4,0.561048966688955,3000,PRUNED
961,0.003628070466220379,2026-05-19 00:46:01.875123,2026-05-19 00:46:02.087985,0 days 00:00:00.212862,32,8.78639937300621,0.25974322240797126,0.0014688738241892423,4,0.4459792150799744,1000,PRUNED
962,0.0007752488600090146,2026-05-19 00:46:02.095767,2026-05-19 00:46:02.283328,0 days 00:00:00.187561,32,3.622479843639956,0.5802065333121397,0.007981857334053538,3,0.5849995826322191,3000,PRUNED
963,0.0007911555003374815,2026-05-19 00:46:02.290478,2026-05-19 00:46:02.560465,0 days 00:00:00.269987,48,5.314869961272202,0.8894799055187119,0.009971116324835381,5,0.5089753833345644,4000,PRUNED
964,0.003557326039299369,2026-05-19 00:46:02.569264,2026-05-19 00:46:02.764526,0 days 00:00:00.195262,112,4.138600906950725,0.49946392892164443,0.0060720265858076545,3,0.3606888759034216,3000,PRUNED
965,5.70356814932893e-06,2026-05-19 00:46:02.772976,2026-05-19 00:46:06.870263,0 days 00:00:04.097287,32,4.789239002402187,0.6568110703247595,0.003971405251581205,5,0.4677531185400578,1000,COMPLETE
966,0.00025717620155774057,2026-05-19 00:46:06.883929,2026-05-19 00:46:07.115442,0 days 00:00:00.231513,32,4.648206409410747,0.6742167426501634,0.0038225347944231725,5,0.485776531052844,1000,PRUNED
967,0.0005206606583669782,2026-05-19 00:46:07.122930,2026-05-19 00:46:07.351040,0 days 00:00:00.228110,16,4.947497477605661,0.7988576351012994,0.004217378829640762,5,0.479109098999631,1000,PRUNED
968,0.0004799401795025915,2026-05-19 00:46:07.357467,2026-05-19 00:46:07.607508,0 days 00:00:00.250041,32,4.517219347914646,0.6309229718872426,0.003845653543286208,6,0.4938926625484453,1000,PRUNED
969,0.0005429237498901784,2026-05-19 00:46:07.615766,2026-05-19 00:46:07.848783,0 days 00:00:00.233017,32,4.633287156396486,0.9268494166343347,0.004326081020570226,5,0.47171191966385345,1000,PRUNED
970,0.0009544029016979039,2026-05-19 00:46:07.856955,2026-05-19 00:46:08.087109,0 days 00:00:00.230154,32,4.206823183160276,1.128412464598185,0.0033419207058342907,5,0.48025522430371537,1000,PRUNED
971,0.0003947401710320264,2026-05-19 00:46:08.094296,2026-05-19 00:46:08.323979,0 days 00:00:00.229683,32,5.14767272672139,0.7184390240189507,0.003728193830160762,5,0.5041468015937378,1000,PRUNED
972,0.0005513938376680017,2026-05-19 00:46:08.330259,2026-05-19 00:46:08.567521,0 days 00:00:00.237262,16,4.941040060590558,0.5606776798295873,0.003917560887656451,5,0.46693559555978914,1000,PRUNED
973,0.0017430840525776148,2026-05-19 00:46:08.574225,2026-05-19 00:46:08.805353,0 days 00:00:00.231128,32,4.205523364665808,2.708033458287899,0.0034441861261744868,5,0.5329414848944634,1000,PRUNED
974,0.00040173716843128204,2026-05-19 00:46:08.812194,2026-05-19 00:46:09.009875,0 days 00:00:00.197681,96,3.3575949789689505,0.6284833413381253,0.0044154250420993255,4,0.310494876048173,1000,PRUNED
975,0.0007449982804246247,2026-05-19 00:46:09.016120,2026-05-19 00:46:09.197908,0 days 00:00:00.181788,32,3.8307349652351435,0.8036827680636537,0.004151357768686892,3,0.5493231865498911,1000,PRUNED
976,0.0004579111700877547,2026-05-19 00:46:09.204464,2026-05-19 00:46:09.429502,0 days 00:00:00.225038,32,5.3512386490100745,1.0163348688179061,0.0035798923740428053,5,0.8006793952268162,1000,PRUNED
977,0.00046829390339553356,2026-05-19 00:46:09.436124,2026-05-19 00:46:09.659044,0 days 00:00:00.222920,32,4.528072181305723,0.5520796723177664,0.00500477898360088,5,0.32229282401961934,1000,PRUNED
978,0.0003468187351245433,2026-05-19 00:46:09.665568,2026-05-19 00:46:09.893485,0 days 00:00:00.227917,32,3.7094028789418823,0.6954122917735316,0.003025968293330415,5,0.3785019853161789,1000,PRUNED
979,4.705468381871469e-05,2026-05-19 00:46:09.900056,2026-05-19 00:46:10.310003,0 days 00:00:00.409947,112,4.806938135361601,1.6216408107873348,0.00475824840753452,5,0.8537262910397522,1000,PRUNED
980,0.0014451397582888603,2026-05-19 00:46:10.317342,2026-05-19 00:46:10.518968,0 days 00:00:00.201626,32,2.9615628888028542,0.501978596514175,0.0034243562827815602,4,0.46338456152775936,1000,PRUNED
981,0.000418720708694309,2026-05-19 00:46:10.525510,2026-05-19 00:46:10.775638,0 days 00:00:00.250128,32,5.636964508018565,0.8344336541146488,0.003933315635340361,6,0.4919867847651446,1000,PRUNED
982,0.009553221985697746,2026-05-19 00:46:10.782310,2026-05-19 00:46:11.018178,0 days 00:00:00.235868,32,1.001668960506012,1.1834098693114345,0.004766164994086761,5,0.5190656714277865,1000,PRUNED
983,0.0009123513009399176,2026-05-19 00:46:11.024866,2026-05-19 00:46:11.260788,0 days 00:00:00.235922,112,1.7219869105602363,0.655944324845377,0.0032249174736738093,5,0.336615538270218,1000,PRUNED
984,0.000626729684881866,2026-05-19 00:46:11.267734,2026-05-19 00:46:11.499671,0 days 00:00:00.231937,32,4.03563930436751,0.8701834305885356,0.004396397955532419,5,0.8330438848769766,5000,PRUNED
985,0.0008449655724689364,2026-05-19 00:46:11.506479,2026-05-19 00:46:11.663687,0 days 00:00:00.157208,32,2.3160878717732873,0.5919938431311443,0.004161578054526116,2,0.47504307264782036,1000,PRUNED
986,0.0013932287693023682,2026-05-19 00:46:11.671740,2026-05-19 00:46:11.872577,0 days 00:00:00.200837,32,4.371818117473055,0.7466201369560476,0.003580963101240774,4,0.6050991735166992,1000,PRUNED
987,0.0004276297113392502,2026-05-19 00:46:11.880294,2026-05-19 00:46:12.056197,0 days 00:00:00.175903,32,5.212711623450629,0.48553091097916096,0.005201482086689187,3,0.8740802791533333,4000,PRUNED
988,0.0038176821544766426,2026-05-19 00:46:12.063641,2026-05-19 00:46:12.289953,0 days 00:00:00.226312,32,3.1949441529433082,0.015611906933930024,0.004601354743994343,5,0.40845104799349774,4000,PRUNED
989,0.0004707719199359417,2026-05-19 00:46:12.297283,2026-05-19 00:46:12.527155,0 days 00:00:00.229872,48,4.8323267297147385,1.0362958211051057,0.0099599185034255,5,0.49377052480134165,5000,PRUNED
990,0.0004612354969140142,2026-05-19 00:46:12.533691,2026-05-19 00:46:12.760891,0 days 00:00:00.227200,16,2.714806890974775,0.5954796363648499,0.005750175956818184,5,0.5141080877131223,4000,PRUNED
991,0.0015495331026613712,2026-05-19 00:46:12.767575,2026-05-19 00:46:12.992740,0 days 00:00:00.225165,32,5.70496233120566,0.4517647608425421,0.00882817197692962,5,0.34989079511457954,1000,PRUNED
992,0.0004137201758567244,2026-05-19 00:46:12.999285,2026-05-19 00:46:13.179302,0 days 00:00:00.180017,32,4.351974263875035,0.6977197051389917,0.008641079395458771,3,0.4642937667197663,1000,PRUNED
993,0.0005573745584115386,2026-05-19 00:46:13.186029,2026-05-19 00:46:13.413472,0 days 00:00:00.227443,32,3.7589156279386478,0.963576429306219,0.0038891512361839916,5,0.3655250968471284,2000,PRUNED
994,0.001899671507999301,2026-05-19 00:46:13.420333,2026-05-19 00:46:13.657796,0 days 00:00:00.237463,32,1.9800406435297844,1.3332898564229256,0.009252740526729834,5,0.5032046094418533,4000,PRUNED
995,0.0019589075818657875,2026-05-19 00:46:13.665062,2026-05-19 00:46:13.895767,0 days 00:00:00.230705,32,5.136477843831917,0.5432466228236909,0.0066298446183718504,5,0.712302656771572,4000,PRUNED
996,0.0011097498936578631,2026-05-19 00:46:13.902399,2026-05-19 00:46:14.128388,0 days 00:00:00.225989,32,2.4589302309554597,0.8086958385316807,0.008198119353602273,5,0.48385343473242654,1000,PRUNED
997,0.00026582367718219757,2026-05-19 00:46:14.136007,2026-05-19 00:46:14.373513,0 days 00:00:00.237506,32,1.474018991560292,0.7267183776652637,0.0010266533501103042,5,0.820836954379059,1000,PRUNED
998,0.001508229528553784,2026-05-19 00:46:14.380204,2026-05-19 00:46:14.561339,0 days 00:00:00.181135,112,2.9527077440725016,0.025310510047809612,0.005688019422221992,3,0.42169458491594697,4000,PRUNED
999,0.0005201291060075164,2026-05-19 00:46:14.567865,2026-05-19 00:46:14.830527,0 days 00:00:00.262662,32,3.4240547128237218,0.4604687374181665,0.0029312301088091734,4,0.4556775287712111,4000,PRUNED
