
======================================================================
RESULTS SUMMARY  (best-val checkpoint)
======================================================================
  Metric                                  PINN (phys. ext.)  PINN (blind)
  --------------------------------------------------------------
  RMSE  (training interval)                   0.0202      0.0169
  RMSE  (extrapolation)                       0.0519      0.1249
  Physics residual  (full domain)             0.0269      0.0809
  ŷ(0)                                        1.0026      1.0061
  True w0                                     0.7071      0.7071
  w0_hat                                      0.6877      0.6953
  True zeta                                   0.3536      0.3536
  zeta_hat                                    0.3350      0.3283
Damping: 5.0e-01, Stiffness: 5.0e-01, Omega0 (true): 0.7071, Zeta (true): 0.3536
  Omega0 Hat (blind): 0.6953, Zeta Hat (blind): 0.3283
  Omega0 Hat (ext phys): 0.6877, Zeta Hat (ext phys): 0.3350

======================================================================
RESULTS SUMMARY  (best-val checkpoint)
======================================================================
  Metric                                  PINN (phys. ext.)  PINN (blind)
  --------------------------------------------------------------
  RMSE  (training interval)                   0.0173      0.0162
  RMSE  (extrapolation)                       0.0420      0.2793
  Physics residual  (full domain)             0.0301      0.1772
  ŷ(0)                                        0.9998      0.9977
  True w0                                     1.0000      1.0000
  w0_hat                                      0.9894      0.9880
  True zeta                                   0.2500      0.2500
  zeta_hat                                    0.2528      0.2466
Damping: 5.0e-01, Stiffness: 1.0e+00, Omega0 (true): 1.0000, Zeta (true): 0.2500
  Omega0 Hat (blind): 0.9880, Zeta Hat (blind): 0.2466
  Omega0 Hat (ext phys): 0.9894, Zeta Hat (ext phys): 0.2528

======================================================================
RESULTS SUMMARY  (best-val checkpoint)
======================================================================
  Metric                                  PINN (phys. ext.)  PINN (blind)
  --------------------------------------------------------------
  RMSE  (training interval)                   0.0163      0.0090
  RMSE  (extrapolation)                       0.0300      0.3035
  Physics residual  (full domain)             0.0308      0.3205
  ŷ(0)                                        0.9991      0.9987
  True w0                                     1.2247      1.2247
  w0_hat                                      1.2273      1.2267
  True zeta                                   0.2041      0.2041
  zeta_hat                                    0.2111      0.2083
Damping: 5.0e-01, Stiffness: 1.5e+00, Omega0 (true): 1.2247, Zeta (true): 0.2041
  Omega0 Hat (blind): 1.2267, Zeta Hat (blind): 0.2083
  Omega0 Hat (ext phys): 1.2273, Zeta Hat (ext phys): 0.2111

======================================================================
RESULTS SUMMARY  (best-val checkpoint)
======================================================================
  Metric                                  PINN (phys. ext.)  PINN (blind)
  --------------------------------------------------------------
  RMSE  (training interval)                   0.0149      0.0067
  RMSE  (extrapolation)                       0.0581      0.3946
  Physics residual  (full domain)             0.0557      0.4661
  ŷ(0)                                        1.0004      0.9946
  True w0                                     1.4142      1.4142
  w0_hat                                      1.4197      1.4160
  True zeta                                   0.1768      0.1768
  zeta_hat                                    0.1862      0.1755
Damping: 5.0e-01, Stiffness: 2.0e+00, Omega0 (true): 1.4142, Zeta (true): 0.1768
  Omega0 Hat (blind): 1.4160, Zeta Hat (blind): 0.1755
  Omega0 Hat (ext phys): 1.4197, Zeta Hat (ext phys): 0.1862

======================================================================
RESULTS SUMMARY  (best-val checkpoint)
======================================================================
  Metric                                  PINN (phys. ext.)  PINN (blind)
  --------------------------------------------------------------
  RMSE  (training interval)                   0.0090      0.0058
  RMSE  (extrapolation)                       0.0398      0.1274
  Physics residual  (full domain)             0.0492      0.1497
  ŷ(0)                                        1.0014      1.0015
  True w0                                     1.5811      1.5811
  w0_hat                                      1.5841      1.5750
  True zeta                                   0.1581      0.1581
  zeta_hat                                    0.1602      0.1549
Damping: 5.0e-01, Stiffness: 2.5e+00, Omega0 (true): 1.5811, Zeta (true): 0.1581
  Omega0 Hat (blind): 1.5750, Zeta Hat (blind): 0.1549
  Omega0 Hat (ext phys): 1.5841, Zeta Hat (ext phys): 0.1602

======================================================================
RESULTS SUMMARY  (best-val checkpoint)
======================================================================
  Metric                                  PINN (phys. ext.)  PINN (blind)
  --------------------------------------------------------------
  RMSE  (training interval)                   0.0056      0.0094
  RMSE  (extrapolation)                       0.0603      0.3669
  Physics residual  (full domain)             0.0718      0.6397
  ŷ(0)                                        1.0020      0.9997
  True w0                                     1.7321      1.7321
  w0_hat                                      1.7171      1.7241
  True zeta                                   0.1443      0.1443
  zeta_hat                                    0.1459      0.1410
Damping: 5.0e-01, Stiffness: 3.0e+00, Omega0 (true): 1.7321, Zeta (true): 0.1443
  Omega0 Hat (blind): 1.7241, Zeta Hat (blind): 0.1410
  Omega0 Hat (ext phys): 1.7171, Zeta Hat (ext phys): 0.1459

======================================================================
RESULTS SUMMARY  (best-val checkpoint)
======================================================================
  Metric                                  PINN (phys. ext.)  PINN (blind)
  --------------------------------------------------------------
  RMSE  (training interval)                   0.0110      0.0169
  RMSE  (extrapolation)                       0.0581      0.6450
  Physics residual  (full domain)             0.0723      1.3817
  ŷ(0)                                        1.0014      0.9974
  True w0                                     1.8708      1.8708
  w0_hat                                      1.8520      1.8486
  True zeta                                   0.1336      0.1336
  zeta_hat                                    0.1386      0.1335
Damping: 5.0e-01, Stiffness: 3.5e+00, Omega0 (true): 1.8708, Zeta (true): 0.1336
  Omega0 Hat (blind): 1.8486, Zeta Hat (blind): 0.1335
  Omega0 Hat (ext phys): 1.8520, Zeta Hat (ext phys): 0.1386

======================================================================
RESULTS SUMMARY  (best-val checkpoint)
======================================================================
  Metric                                  PINN (phys. ext.)  PINN (blind)
  --------------------------------------------------------------
  RMSE  (training interval)                   0.0302      0.0044
  RMSE  (extrapolation)                       0.1017      0.1842
  Physics residual  (full domain)             0.1214      0.4220
  ŷ(0)                                        0.9979      0.9990
  True w0                                     2.0000      2.0000
  w0_hat                                      1.9764      2.0000
  True zeta                                   0.1250      0.1250
  zeta_hat                                    0.1401      0.1268
Damping: 5.0e-01, Stiffness: 4.0e+00, Omega0 (true): 2.0000, Zeta (true): 0.1250
  Omega0 Hat (blind): 2.0000, Zeta Hat (blind): 0.1268
  Omega0 Hat (ext phys): 1.9764, Zeta Hat (ext phys): 0.1401

======================================================================
RESULTS SUMMARY  (best-val checkpoint)
======================================================================
  Metric                                  PINN (phys. ext.)  PINN (blind)
  --------------------------------------------------------------
  RMSE  (training interval)                   0.0280      0.0218
  RMSE  (extrapolation)                       0.0703      0.3853
  Physics residual  (full domain)             0.0967      1.0013
  ŷ(0)                                        0.9994      0.9985
  True w0                                     2.1213      2.1213
  w0_hat                                      2.0927      2.0939
  True zeta                                   0.1179      0.1179
  zeta_hat                                    0.1289      0.1178
Damping: 5.0e-01, Stiffness: 4.5e+00, Omega0 (true): 2.1213, Zeta (true): 0.1179
  Omega0 Hat (blind): 2.0939, Zeta Hat (blind): 0.1178
  Omega0 Hat (ext phys): 2.0927, Zeta Hat (ext phys): 0.1289

======================================================================
RESULTS SUMMARY  (best-val checkpoint)
======================================================================
  Metric                                  PINN (phys. ext.)  PINN (blind)
  --------------------------------------------------------------
  RMSE  (training interval)                   0.0368      0.0224
  RMSE  (extrapolation)                       0.0824      0.6308
  Physics residual  (full domain)             0.1077      1.9374
  ŷ(0)                                        1.0003      0.9985
  True w0                                     2.2361      2.2361
  w0_hat                                      2.2077      2.2103
  True zeta                                   0.1118      0.1118
  zeta_hat                                    0.1286      0.1158
Damping: 5.0e-01, Stiffness: 5.0e+00, Omega0 (true): 2.2361, Zeta (true): 0.1118
  Omega0 Hat (blind): 2.2103, Zeta Hat (blind): 0.1158
  Omega0 Hat (ext phys): 2.2077, Zeta Hat (ext phys): 0.1286

======================================================================
RESULTS SUMMARY  (best-val checkpoint)
======================================================================
  Metric                                  PINN (phys. ext.)  PINN (blind)
  --------------------------------------------------------------
  RMSE  (training interval)                   0.0454      0.0235
  RMSE  (extrapolation)                       0.0912      0.4709
  Physics residual  (full domain)             0.1198      1.6120
  ŷ(0)                                        0.9994      1.0007
  True w0                                     2.3452      2.3452
  w0_hat                                      2.3264      2.3257
  True zeta                                   0.1066      0.1066
  zeta_hat                                    0.1292      0.1136
Damping: 5.0e-01, Stiffness: 5.5e+00, Omega0 (true): 2.3452, Zeta (true): 0.1066
  Omega0 Hat (blind): 2.3257, Zeta Hat (blind): 0.1136
  Omega0 Hat (ext phys): 2.3264, Zeta Hat (ext phys): 0.1292

======================================================================
RESULTS SUMMARY  (best-val checkpoint)
======================================================================
  Metric                                  PINN (phys. ext.)  PINN (blind)
  --------------------------------------------------------------
  RMSE  (training interval)                   0.0156      0.0186
  RMSE  (extrapolation)                       0.0740      0.0821
  Physics residual  (full domain)             0.0365      0.0377
  ŷ(0)                                        1.0003      1.0009
  True w0                                     0.7071      0.7071
  w0_hat                                      0.6548      0.6836
  True zeta                                   0.7071      0.7071
  zeta_hat                                    0.6163      0.6412
Damping: 1.0e+00, Stiffness: 5.0e-01, Omega0 (true): 0.7071, Zeta (true): 0.7071
  Omega0 Hat (blind): 0.6836, Zeta Hat (blind): 0.6412
  Omega0 Hat (ext phys): 0.6548, Zeta Hat (ext phys): 0.6163

======================================================================
RESULTS SUMMARY  (best-val checkpoint)
======================================================================
  Metric                                  PINN (phys. ext.)  PINN (blind)
  --------------------------------------------------------------
  RMSE  (training interval)                   0.0174      0.0106
  RMSE  (extrapolation)                       0.0272      0.0789
  Physics residual  (full domain)             0.0287      0.0672
  ŷ(0)                                        1.0012      0.9995
  True w0                                     1.0000      1.0000
  w0_hat                                      0.9818      0.9821
  True zeta                                   0.5000      0.5000
  zeta_hat                                    0.4803      0.4768
Damping: 1.0e+00, Stiffness: 1.0e+00, Omega0 (true): 1.0000, Zeta (true): 0.5000
  Omega0 Hat (blind): 0.9821, Zeta Hat (blind): 0.4768
  Omega0 Hat (ext phys): 0.9818, Zeta Hat (ext phys): 0.4803

======================================================================
RESULTS SUMMARY  (best-val checkpoint)
======================================================================
  Metric                                  PINN (phys. ext.)  PINN (blind)
  --------------------------------------------------------------
  RMSE  (training interval)                   0.0137      0.0090
  RMSE  (extrapolation)                       0.0157      0.0513
  Physics residual  (full domain)             0.0271      0.0724
  ŷ(0)                                        0.9997      1.0009
  True w0                                     1.2247      1.2247
  w0_hat                                      1.2126      1.2164
  True zeta                                   0.4082      0.4082
  zeta_hat                                    0.3967      0.3989
Damping: 1.0e+00, Stiffness: 1.5e+00, Omega0 (true): 1.2247, Zeta (true): 0.4082
  Omega0 Hat (blind): 1.2164, Zeta Hat (blind): 0.3989
  Omega0 Hat (ext phys): 1.2126, Zeta Hat (ext phys): 0.3967

======================================================================
RESULTS SUMMARY  (best-val checkpoint)
======================================================================
  Metric                                  PINN (phys. ext.)  PINN (blind)
  --------------------------------------------------------------
  RMSE  (training interval)                   0.0125      0.0052
  RMSE  (extrapolation)                       0.0248      0.1267
  Physics residual  (full domain)             0.0393      0.1788
  ŷ(0)                                        0.9979      1.0004
  True w0                                     1.4142      1.4142
  w0_hat                                      1.4006      1.4047
  True zeta                                   0.3536      0.3536
  zeta_hat                                    0.3469      0.3456
Damping: 1.0e+00, Stiffness: 2.0e+00, Omega0 (true): 1.4142, Zeta (true): 0.3536
  Omega0 Hat (blind): 1.4047, Zeta Hat (blind): 0.3456
  Omega0 Hat (ext phys): 1.4006, Zeta Hat (ext phys): 0.3469

======================================================================
RESULTS SUMMARY  (best-val checkpoint)
======================================================================
  Metric                                  PINN (phys. ext.)  PINN (blind)
  --------------------------------------------------------------
  RMSE  (training interval)                   0.0103      0.0074
  RMSE  (extrapolation)                       0.0183      0.1076
  Physics residual  (full domain)             0.0397      0.1743
  ŷ(0)                                        1.0021      0.9984
  True w0                                     1.5811      1.5811
  w0_hat                                      1.5618      1.5598
  True zeta                                   0.3162      0.3162
  zeta_hat                                    0.3070      0.3053
Damping: 1.0e+00, Stiffness: 2.5e+00, Omega0 (true): 1.5811, Zeta (true): 0.3162
  Omega0 Hat (blind): 1.5598, Zeta Hat (blind): 0.3053
  Omega0 Hat (ext phys): 1.5618, Zeta Hat (ext phys): 0.3070

======================================================================
RESULTS SUMMARY  (best-val checkpoint)
======================================================================
  Metric                                  PINN (phys. ext.)  PINN (blind)
  --------------------------------------------------------------
  RMSE  (training interval)                   0.0106      0.0094
  RMSE  (extrapolation)                       0.0264      0.0370
  Physics residual  (full domain)             0.0518      0.0643
  ŷ(0)                                        1.0023      0.9998
  True w0                                     1.7321      1.7321
  w0_hat                                      1.7001      1.7058
  True zeta                                   0.2887      0.2887
  zeta_hat                                    0.2790      0.2814
Damping: 1.0e+00, Stiffness: 3.0e+00, Omega0 (true): 1.7321, Zeta (true): 0.2887
  Omega0 Hat (blind): 1.7058, Zeta Hat (blind): 0.2814
  Omega0 Hat (ext phys): 1.7001, Zeta Hat (ext phys): 0.2790

======================================================================
RESULTS SUMMARY  (best-val checkpoint)
======================================================================
  Metric                                  PINN (phys. ext.)  PINN (blind)
  --------------------------------------------------------------
  RMSE  (training interval)                   0.0125      0.0136
  RMSE  (extrapolation)                       0.0294      0.1509
  Physics residual  (full domain)             0.0597      0.3504
  ŷ(0)                                        0.9981      0.9992
  True w0                                     1.8708      1.8708
  w0_hat                                      1.8301      1.8360
  True zeta                                   0.2673      0.2673
  zeta_hat                                    0.2618      0.2640
Damping: 1.0e+00, Stiffness: 3.5e+00, Omega0 (true): 1.8708, Zeta (true): 0.2673
  Omega0 Hat (blind): 1.8360, Zeta Hat (blind): 0.2640
  Omega0 Hat (ext phys): 1.8301, Zeta Hat (ext phys): 0.2618

======================================================================
RESULTS SUMMARY  (best-val checkpoint)
======================================================================
  Metric                                  PINN (phys. ext.)  PINN (blind)
  --------------------------------------------------------------
  RMSE  (training interval)                   0.0186      0.0213
  RMSE  (extrapolation)                       0.0197      0.2396
  Physics residual  (full domain)             0.0543      0.6318
  ŷ(0)                                        1.0059      1.0009
  True w0                                     2.0000      2.0000
  w0_hat                                      1.9489      1.9483
  True zeta                                   0.2500      0.2500
  zeta_hat                                    0.2428      0.2510
Damping: 1.0e+00, Stiffness: 4.0e+00, Omega0 (true): 2.0000, Zeta (true): 0.2500
  Omega0 Hat (blind): 1.9483, Zeta Hat (blind): 0.2510
  Omega0 Hat (ext phys): 1.9489, Zeta Hat (ext phys): 0.2428

======================================================================
RESULTS SUMMARY  (best-val checkpoint)
======================================================================
  Metric                                  PINN (phys. ext.)  PINN (blind)
  --------------------------------------------------------------
  RMSE  (training interval)                   0.0225      0.0316
  RMSE  (extrapolation)                       0.0217      0.2426
  Physics residual  (full domain)             0.0630      0.7105
  ŷ(0)                                        0.9983      1.0009
  True w0                                     2.1213      2.1213
  w0_hat                                      2.0664      2.0545
  True zeta                                   0.2357      0.2357
  zeta_hat                                    0.2361      0.2381
Damping: 1.0e+00, Stiffness: 4.5e+00, Omega0 (true): 2.1213, Zeta (true): 0.2357
  Omega0 Hat (blind): 2.0545, Zeta Hat (blind): 0.2381
  Omega0 Hat (ext phys): 2.0664, Zeta Hat (ext phys): 0.2361

======================================================================
RESULTS SUMMARY  (best-val checkpoint)
======================================================================
  Metric                                  PINN (phys. ext.)  PINN (blind)
  --------------------------------------------------------------
  RMSE  (training interval)                   0.0278      0.0396
  RMSE  (extrapolation)                       0.0229      0.1732
  Physics residual  (full domain)             0.0754      0.5588
  ŷ(0)                                        1.0005      0.9989
  True w0                                     2.2361      2.2361
  w0_hat                                      2.1824      2.1727
  True zeta                                   0.2236      0.2236
  zeta_hat                                    0.2333      0.2411
Damping: 1.0e+00, Stiffness: 5.0e+00, Omega0 (true): 2.2361, Zeta (true): 0.2236
  Omega0 Hat (blind): 2.1727, Zeta Hat (blind): 0.2411
  Omega0 Hat (ext phys): 2.1824, Zeta Hat (ext phys): 0.2333

======================================================================
RESULTS SUMMARY  (best-val checkpoint)
======================================================================
  Metric                                  PINN (phys. ext.)  PINN (blind)
  --------------------------------------------------------------
  RMSE  (training interval)                   0.0317      0.0469
  RMSE  (extrapolation)                       0.0232      0.1104
  Physics residual  (full domain)             0.0860      0.3905
  ŷ(0)                                        1.0002      0.9989
  True w0                                     2.3452      2.3452
  w0_hat                                      2.3013      2.2963
  True zeta                                   0.2132      0.2132
  zeta_hat                                    0.2304      0.2456
Damping: 1.0e+00, Stiffness: 5.5e+00, Omega0 (true): 2.3452, Zeta (true): 0.2132
  Omega0 Hat (blind): 2.2963, Zeta Hat (blind): 0.2456
  Omega0 Hat (ext phys): 2.3013, Zeta Hat (ext phys): 0.2304

======================================================================
RESULTS SUMMARY  (best-val checkpoint)
======================================================================
  Metric                                  PINN (phys. ext.)  PINN (blind)
  --------------------------------------------------------------
  RMSE  (training interval)                   0.0194      0.0187
  RMSE  (extrapolation)                       0.0334      0.0323
  Physics residual  (full domain)             0.0216      0.0195
  ŷ(0)                                        1.0080      1.0010
  True w0                                     0.7071      0.7071
  w0_hat                                      0.6633      0.6719
  True zeta                                   1.0607      1.0607
  zeta_hat                                    0.9165      0.9366
Damping: 1.5e+00, Stiffness: 5.0e-01, Omega0 (true): 0.7071, Zeta (true): 1.0607
  Omega0 Hat (blind): 0.6719, Zeta Hat (blind): 0.9366
  Omega0 Hat (ext phys): 0.6633, Zeta Hat (ext phys): 0.9165

======================================================================
RESULTS SUMMARY  (best-val checkpoint)
======================================================================
  Metric                                  PINN (phys. ext.)  PINN (blind)
  --------------------------------------------------------------
  RMSE  (training interval)                   0.0153      0.0137
  RMSE  (extrapolation)                       0.0148      0.0138
  Physics residual  (full domain)             0.0239      0.0266
  ŷ(0)                                        1.0061      1.0005
  True w0                                     1.0000      1.0000
  w0_hat                                      0.9605      0.9255
  True zeta                                   0.7500      0.7500
  zeta_hat                                    0.6869      0.6571
Damping: 1.5e+00, Stiffness: 1.0e+00, Omega0 (true): 1.0000, Zeta (true): 0.7500
  Omega0 Hat (blind): 0.9255, Zeta Hat (blind): 0.6571
  Omega0 Hat (ext phys): 0.9605, Zeta Hat (ext phys): 0.6869

======================================================================
RESULTS SUMMARY  (best-val checkpoint)
======================================================================
  Metric                                  PINN (phys. ext.)  PINN (blind)
  --------------------------------------------------------------
  RMSE  (training interval)                   0.0135      0.0082
  RMSE  (extrapolation)                       0.0090      0.0255
  Physics residual  (full domain)             0.0279      0.0348
  ŷ(0)                                        0.9928      1.0011
  True w0                                     1.2247      1.2247
  w0_hat                                      1.1869      1.1893
  True zeta                                   0.6124      0.6124
  zeta_hat                                    0.5720      0.5769
Damping: 1.5e+00, Stiffness: 1.5e+00, Omega0 (true): 1.2247, Zeta (true): 0.6124
  Omega0 Hat (blind): 1.1893, Zeta Hat (blind): 0.5769
  Omega0 Hat (ext phys): 1.1869, Zeta Hat (ext phys): 0.5720

======================================================================
RESULTS SUMMARY  (best-val checkpoint)
======================================================================
  Metric                                  PINN (phys. ext.)  PINN (blind)
  --------------------------------------------------------------
  RMSE  (training interval)                   0.0110      0.0096
  RMSE  (extrapolation)                       0.0057      0.0214
  Physics residual  (full domain)             0.0303      0.0417
  ŷ(0)                                        0.9996      1.0012
  True w0                                     1.4142      1.4142
  w0_hat                                      1.3743      1.3784
  True zeta                                   0.5303      0.5303
  zeta_hat                                    0.4987      0.5009
Damping: 1.5e+00, Stiffness: 2.0e+00, Omega0 (true): 1.4142, Zeta (true): 0.5303
  Omega0 Hat (blind): 1.3784, Zeta Hat (blind): 0.5009
  Omega0 Hat (ext phys): 1.3743, Zeta Hat (ext phys): 0.4987

======================================================================
RESULTS SUMMARY  (best-val checkpoint)
======================================================================
  Metric                                  PINN (phys. ext.)  PINN (blind)
  --------------------------------------------------------------
  RMSE  (training interval)                   0.0105      0.0092
  RMSE  (extrapolation)                       0.0069      0.0512
  Physics residual  (full domain)             0.0362      0.0977
  ŷ(0)                                        0.9987      0.9981
  True w0                                     1.5811      1.5811
  w0_hat                                      1.5347      1.5335
  True zeta                                   0.4743      0.4743
  zeta_hat                                    0.4470      0.4493
Damping: 1.5e+00, Stiffness: 2.5e+00, Omega0 (true): 1.5811, Zeta (true): 0.4743
  Omega0 Hat (blind): 1.5335, Zeta Hat (blind): 0.4493
  Omega0 Hat (ext phys): 1.5347, Zeta Hat (ext phys): 0.4470

======================================================================
RESULTS SUMMARY  (best-val checkpoint)
======================================================================
  Metric                                  PINN (phys. ext.)  PINN (blind)
  --------------------------------------------------------------
  RMSE  (training interval)                   0.0116      0.0131
  RMSE  (extrapolation)                       0.0054      0.0706
  Physics residual  (full domain)             0.0417      0.1498
  ŷ(0)                                        0.9952      0.9987
  True w0                                     1.7321      1.7321
  w0_hat                                      1.6716      1.6764
  True zeta                                   0.4330      0.4330
  zeta_hat                                    0.4070      0.4127
Damping: 1.5e+00, Stiffness: 3.0e+00, Omega0 (true): 1.7321, Zeta (true): 0.4330
  Omega0 Hat (blind): 1.6764, Zeta Hat (blind): 0.4127
  Omega0 Hat (ext phys): 1.6716, Zeta Hat (ext phys): 0.4070

======================================================================
RESULTS SUMMARY  (best-val checkpoint)
======================================================================
  Metric                                  PINN (phys. ext.)  PINN (blind)
  --------------------------------------------------------------
  RMSE  (training interval)                   0.0140      0.0144
  RMSE  (extrapolation)                       0.0117      0.0178
  Physics residual  (full domain)             0.0516      0.0574
  ŷ(0)                                        0.9982      1.0007
  True w0                                     1.8708      1.8708
  w0_hat                                      1.8033      1.8044
  True zeta                                   0.4009      0.4009
  zeta_hat                                    0.3825      0.3790
Damping: 1.5e+00, Stiffness: 3.5e+00, Omega0 (true): 1.8708, Zeta (true): 0.4009
  Omega0 Hat (blind): 1.8044, Zeta Hat (blind): 0.3790
  Omega0 Hat (ext phys): 1.8033, Zeta Hat (ext phys): 0.3825

======================================================================
RESULTS SUMMARY  (best-val checkpoint)
======================================================================
  Metric                                  PINN (phys. ext.)  PINN (blind)
  --------------------------------------------------------------
  RMSE  (training interval)                   0.0172      0.0163
  RMSE  (extrapolation)                       0.0123      0.0852
  Physics residual  (full domain)             0.0601      0.2458
  ŷ(0)                                        0.9997      0.9995
  True w0                                     2.0000      2.0000
  w0_hat                                      1.9207      1.9280
  True zeta                                   0.3750      0.3750
  zeta_hat                                    0.3619      0.3619
Damping: 1.5e+00, Stiffness: 4.0e+00, Omega0 (true): 2.0000, Zeta (true): 0.3750
  Omega0 Hat (blind): 1.9280, Zeta Hat (blind): 0.3619
  Omega0 Hat (ext phys): 1.9207, Zeta Hat (ext phys): 0.3619

======================================================================
RESULTS SUMMARY  (best-val checkpoint)
======================================================================
  Metric                                  PINN (phys. ext.)  PINN (blind)
  --------------------------------------------------------------
  RMSE  (training interval)                   0.0197      0.0192
  RMSE  (extrapolation)                       0.0114      0.0673
  Physics residual  (full domain)             0.0667      0.2138
  ŷ(0)                                        0.9986      0.9995
  True w0                                     2.1213      2.1213
  w0_hat                                      2.0388      2.0419
  True zeta                                   0.3536      0.3536
  zeta_hat                                    0.3463      0.3474
Damping: 1.5e+00, Stiffness: 4.5e+00, Omega0 (true): 2.1213, Zeta (true): 0.3536
  Omega0 Hat (blind): 2.0419, Zeta Hat (blind): 0.3474
  Omega0 Hat (ext phys): 2.0388, Zeta Hat (ext phys): 0.3463

======================================================================
RESULTS SUMMARY  (best-val checkpoint)
======================================================================
  Metric                                  PINN (phys. ext.)  PINN (blind)
  --------------------------------------------------------------
  RMSE  (training interval)                   0.0223      0.0222
  RMSE  (extrapolation)                       0.0098      0.0877
  Physics residual  (full domain)             0.0739      0.3017
  ŷ(0)                                        0.9992      0.9986
  True w0                                     2.2361      2.2361
  w0_hat                                      2.1568      2.1510
  True zeta                                   0.3354      0.3354
  zeta_hat                                    0.3383      0.3358
Damping: 1.5e+00, Stiffness: 5.0e+00, Omega0 (true): 2.2361, Zeta (true): 0.3354
  Omega0 Hat (blind): 2.1510, Zeta Hat (blind): 0.3358
  Omega0 Hat (ext phys): 2.1568, Zeta Hat (ext phys): 0.3383

======================================================================
RESULTS SUMMARY  (best-val checkpoint)
======================================================================
  Metric                                  PINN (phys. ext.)  PINN (blind)
  --------------------------------------------------------------
  RMSE  (training interval)                   0.0245      0.0255
  RMSE  (extrapolation)                       0.0082      0.0890
  Physics residual  (full domain)             0.0811      0.3330
  ŷ(0)                                        0.9990      1.0000
  True w0                                     2.3452      2.3452
  w0_hat                                      2.2749      2.2571
  True zeta                                   0.3198      0.3198
  zeta_hat                                    0.3328      0.3280
Damping: 1.5e+00, Stiffness: 5.5e+00, Omega0 (true): 2.3452, Zeta (true): 0.3198
  Omega0 Hat (blind): 2.2571, Zeta Hat (blind): 0.3280
  Omega0 Hat (ext phys): 2.2749, Zeta Hat (ext phys): 0.3328

======================================================================
RESULTS SUMMARY  (best-val checkpoint)
======================================================================
  Metric                                  PINN (phys. ext.)  PINN (blind)
  --------------------------------------------------------------
  RMSE  (training interval)                   0.0208      0.0203
  RMSE  (extrapolation)                       0.0385      0.0279
  Physics residual  (full domain)             0.0272      0.0232
  ŷ(0)                                        1.0035      1.0002
  True w0                                     0.7071      0.7071
  w0_hat                                      0.6391      0.6518
  True zeta                                   1.4142      1.4142
  zeta_hat                                    1.1676      1.1999
Damping: 2.0e+00, Stiffness: 5.0e-01, Omega0 (true): 0.7071, Zeta (true): 1.4142
  Omega0 Hat (blind): 0.6518, Zeta Hat (blind): 1.1999
  Omega0 Hat (ext phys): 0.6391, Zeta Hat (ext phys): 1.1676

======================================================================
RESULTS SUMMARY  (best-val checkpoint)
======================================================================
  Metric                                  PINN (phys. ext.)  PINN (blind)
  --------------------------------------------------------------
  RMSE  (training interval)                   0.0158      0.0169
  RMSE  (extrapolation)                       0.0146      0.0159
  Physics residual  (full domain)             0.0264      0.0256
  ŷ(0)                                        1.0026      1.0001
  True w0                                     1.0000      1.0000
  w0_hat                                      0.9357      0.9397
  True zeta                                   1.0000      1.0000
  zeta_hat                                    0.8858      0.8892
Damping: 2.0e+00, Stiffness: 1.0e+00, Omega0 (true): 1.0000, Zeta (true): 1.0000
  Omega0 Hat (blind): 0.9397, Zeta Hat (blind): 0.8892
  Omega0 Hat (ext phys): 0.9357, Zeta Hat (ext phys): 0.8858

======================================================================
RESULTS SUMMARY  (best-val checkpoint)
======================================================================
  Metric                                  PINN (phys. ext.)  PINN (blind)
  --------------------------------------------------------------
  RMSE  (training interval)                   0.0154      0.0144
  RMSE  (extrapolation)                       0.0084      0.0095
  Physics residual  (full domain)             0.0330      0.0320
  ŷ(0)                                        1.0011      1.0006
  True w0                                     1.2247      1.2247
  w0_hat                                      1.1554      1.1599
  True zeta                                   0.8165      0.8165
  zeta_hat                                    0.7359      0.7406
Damping: 2.0e+00, Stiffness: 1.5e+00, Omega0 (true): 1.2247, Zeta (true): 0.8165
  Omega0 Hat (blind): 1.1599, Zeta Hat (blind): 0.7406
  Omega0 Hat (ext phys): 1.1554, Zeta Hat (ext phys): 0.7359

======================================================================
RESULTS SUMMARY  (best-val checkpoint)
======================================================================
  Metric                                  PINN (phys. ext.)  PINN (blind)
  --------------------------------------------------------------
  RMSE  (training interval)                   0.0139      0.0100
  RMSE  (extrapolation)                       0.0076      0.0040
  Physics residual  (full domain)             0.0393      0.0285
  ŷ(0)                                        1.0034      0.9995
  True w0                                     1.4142      1.4142
  w0_hat                                      1.3229      1.3460
  True zeta                                   0.7071      0.7071
  zeta_hat                                    0.6356      0.6524
Damping: 2.0e+00, Stiffness: 2.0e+00, Omega0 (true): 1.4142, Zeta (true): 0.7071
  Omega0 Hat (blind): 1.3460, Zeta Hat (blind): 0.6524
  Omega0 Hat (ext phys): 1.3229, Zeta Hat (ext phys): 0.6356

======================================================================
RESULTS SUMMARY  (best-val checkpoint)
======================================================================
  Metric                                  PINN (phys. ext.)  PINN (blind)
  --------------------------------------------------------------
  RMSE  (training interval)                   0.0122      0.0102
  RMSE  (extrapolation)                       0.0025      0.0299
  Physics residual  (full domain)             0.0422      0.0685
  ŷ(0)                                        0.9964      1.0003
  True w0                                     1.5811      1.5811
  w0_hat                                      1.4975      1.5084
  True zeta                                   0.6325      0.6325
  zeta_hat                                    0.5763      0.5898
Damping: 2.0e+00, Stiffness: 2.5e+00, Omega0 (true): 1.5811, Zeta (true): 0.6325
  Omega0 Hat (blind): 1.5084, Zeta Hat (blind): 0.5898
  Omega0 Hat (ext phys): 1.4975, Zeta Hat (ext phys): 0.5763

======================================================================
RESULTS SUMMARY  (best-val checkpoint)
======================================================================
  Metric                                  PINN (phys. ext.)  PINN (blind)
  --------------------------------------------------------------
  RMSE  (training interval)                   0.0137      0.0120
  RMSE  (extrapolation)                       0.0018      0.0418
  Physics residual  (full domain)             0.0496      0.1008
  ŷ(0)                                        0.9981      0.9999
  True w0                                     1.7321      1.7321
  w0_hat                                      1.6370      1.6546
  True zeta                                   0.5774      0.5774
  zeta_hat                                    0.5290      0.5507
Damping: 2.0e+00, Stiffness: 3.0e+00, Omega0 (true): 1.7321, Zeta (true): 0.5774
  Omega0 Hat (blind): 1.6546, Zeta Hat (blind): 0.5507
  Omega0 Hat (ext phys): 1.6370, Zeta Hat (ext phys): 0.5290

======================================================================
RESULTS SUMMARY  (best-val checkpoint)
======================================================================
  Metric                                  PINN (phys. ext.)  PINN (blind)
  --------------------------------------------------------------
  RMSE  (training interval)                   0.0144      0.0144
  RMSE  (extrapolation)                       0.0016      0.0302
  Physics residual  (full domain)             0.0557      0.0904
  ŷ(0)                                        0.9972      1.0003
  True w0                                     1.8708      1.8708
  w0_hat                                      1.7677      1.7828
  True zeta                                   0.5345      0.5345
  zeta_hat                                    0.4963      0.5093
Damping: 2.0e+00, Stiffness: 3.5e+00, Omega0 (true): 1.8708, Zeta (true): 0.5345
  Omega0 Hat (blind): 1.7828, Zeta Hat (blind): 0.5093
  Omega0 Hat (ext phys): 1.7677, Zeta Hat (ext phys): 0.4963

======================================================================
RESULTS SUMMARY  (best-val checkpoint)
======================================================================
  Metric                                  PINN (phys. ext.)  PINN (blind)
  --------------------------------------------------------------
  RMSE  (training interval)                   0.0165      0.0170
  RMSE  (extrapolation)                       0.0026      0.0279
  Physics residual  (full domain)             0.0631      0.0980
  ŷ(0)                                        0.9986      1.0000
  True w0                                     2.0000      2.0000
  w0_hat                                      1.8884      1.8873
  True zeta                                   0.5000      0.5000
  zeta_hat                                    0.4690      0.4678
Damping: 2.0e+00, Stiffness: 4.0e+00, Omega0 (true): 2.0000, Zeta (true): 0.5000
  Omega0 Hat (blind): 1.8873, Zeta Hat (blind): 0.4678
  Omega0 Hat (ext phys): 1.8884, Zeta Hat (ext phys): 0.4690

======================================================================
RESULTS SUMMARY  (best-val checkpoint)
======================================================================
  Metric                                  PINN (phys. ext.)  PINN (blind)
  --------------------------------------------------------------
  RMSE  (training interval)                   0.0173      0.0176
  RMSE  (extrapolation)                       0.0044      0.0104
  Physics residual  (full domain)             0.0692      0.0742
  ŷ(0)                                        0.9982      0.9992
  True w0                                     2.1213      2.1213
  w0_hat                                      2.0063      2.0046
  True zeta                                   0.4714      0.4714
  zeta_hat                                    0.4483      0.4478
Damping: 2.0e+00, Stiffness: 4.5e+00, Omega0 (true): 2.1213, Zeta (true): 0.4714
  Omega0 Hat (blind): 2.0046, Zeta Hat (blind): 0.4478
  Omega0 Hat (ext phys): 2.0063, Zeta Hat (ext phys): 0.4483

======================================================================
RESULTS SUMMARY  (best-val checkpoint)
======================================================================
  Metric                                  PINN (phys. ext.)  PINN (blind)
  --------------------------------------------------------------
  RMSE  (training interval)                   0.0177      0.0190
  RMSE  (extrapolation)                       0.0046      0.0116
  Physics residual  (full domain)             0.0701      0.0852
  ŷ(0)                                        0.9990      0.9977
  True w0                                     2.2361      2.2361
  w0_hat                                      2.1378      2.1164
  True zeta                                   0.4472      0.4472
  zeta_hat                                    0.4442      0.4323
Damping: 2.0e+00, Stiffness: 5.0e+00, Omega0 (true): 2.2361, Zeta (true): 0.4472
  Omega0 Hat (blind): 2.1164, Zeta Hat (blind): 0.4323
  Omega0 Hat (ext phys): 2.1378, Zeta Hat (ext phys): 0.4442

======================================================================
RESULTS SUMMARY  (best-val checkpoint)
======================================================================
  Metric                                  PINN (phys. ext.)  PINN (blind)
  --------------------------------------------------------------
  RMSE  (training interval)                   0.0181      0.0191
  RMSE  (extrapolation)                       0.0044      0.0131
  Physics residual  (full domain)             0.0733      0.0913
  ŷ(0)                                        0.9989      0.9987
  True w0                                     2.3452      2.3452
  w0_hat                                      2.2587      2.2340
  True zeta                                   0.4264      0.4264
  zeta_hat                                    0.4356      0.4239
Damping: 2.0e+00, Stiffness: 5.5e+00, Omega0 (true): 2.3452, Zeta (true): 0.4264
  Omega0 Hat (blind): 2.2340, Zeta Hat (blind): 0.4239
  Omega0 Hat (ext phys): 2.2587, Zeta Hat (ext phys): 0.4356

======================================================================
RESULTS SUMMARY  (best-val checkpoint)
======================================================================
  Metric                                  PINN (phys. ext.)  PINN (blind)
  --------------------------------------------------------------
  RMSE  (training interval)                   0.0211      0.0210
  RMSE  (extrapolation)                       0.0442      0.0294
  Physics residual  (full domain)             0.0337      0.0296
  ŷ(0)                                        1.0014      1.0002
  True w0                                     0.7071      0.7071
  w0_hat                                      0.6091      0.6232
  True zeta                                   1.7678      1.7678
  zeta_hat                                    1.3720      1.4173
Damping: 2.5e+00, Stiffness: 5.0e-01, Omega0 (true): 0.7071, Zeta (true): 1.7678
  Omega0 Hat (blind): 0.6232, Zeta Hat (blind): 1.4173
  Omega0 Hat (ext phys): 0.6091, Zeta Hat (ext phys): 1.3720

======================================================================
RESULTS SUMMARY  (best-val checkpoint)
======================================================================
  Metric                                  PINN (phys. ext.)  PINN (blind)
  --------------------------------------------------------------
  RMSE  (training interval)                   0.0173      0.0173
  RMSE  (extrapolation)                       0.0165      0.0192
  Physics residual  (full domain)             0.0320      0.0317
  ŷ(0)                                        1.0056      1.0010
  True w0                                     1.0000      1.0000
  w0_hat                                      0.9090      0.9073
  True zeta                                   1.2500      1.2500
  zeta_hat                                    1.0663      1.0657
Damping: 2.5e+00, Stiffness: 1.0e+00, Omega0 (true): 1.0000, Zeta (true): 1.2500
  Omega0 Hat (blind): 0.9073, Zeta Hat (blind): 1.0657
  Omega0 Hat (ext phys): 0.9090, Zeta Hat (ext phys): 1.0663

======================================================================
RESULTS SUMMARY  (best-val checkpoint)
======================================================================
  Metric                                  PINN (phys. ext.)  PINN (blind)
  --------------------------------------------------------------
  RMSE  (training interval)                   0.0158      0.0160
  RMSE  (extrapolation)                       0.0081      0.0079
  Physics residual  (full domain)             0.0379      0.0371
  ŷ(0)                                        1.0015      1.0000
  True w0                                     1.2247      1.2247
  w0_hat                                      1.1231      1.1289
  True zeta                                   1.0206      1.0206
  zeta_hat                                    0.8900      0.8945
Damping: 2.5e+00, Stiffness: 1.5e+00, Omega0 (true): 1.2247, Zeta (true): 1.0206
  Omega0 Hat (blind): 1.1289, Zeta Hat (blind): 0.8945
  Omega0 Hat (ext phys): 1.1231, Zeta Hat (ext phys): 0.8900

======================================================================
RESULTS SUMMARY  (best-val checkpoint)
======================================================================
  Metric                                  PINN (phys. ext.)  PINN (blind)
  --------------------------------------------------------------
  RMSE  (training interval)                   0.0133      0.0125
  RMSE  (extrapolation)                       0.0037      0.0063
  Physics residual  (full domain)             0.0429      0.0416
  ŷ(0)                                        0.9919      1.0005
  True w0                                     1.4142      1.4142
  w0_hat                                      1.3053      1.3120
  True zeta                                   0.8839      0.8839
  zeta_hat                                    0.7805      0.7872
Damping: 2.5e+00, Stiffness: 2.0e+00, Omega0 (true): 1.4142, Zeta (true): 0.8839
  Omega0 Hat (blind): 1.3120, Zeta Hat (blind): 0.7872
  Omega0 Hat (ext phys): 1.3053, Zeta Hat (ext phys): 0.7805

======================================================================
RESULTS SUMMARY  (best-val checkpoint)
======================================================================
  Metric                                  PINN (phys. ext.)  PINN (blind)
  --------------------------------------------------------------
  RMSE  (training interval)                   0.0142      0.0127
  RMSE  (extrapolation)                       0.0034      0.0099
  Physics residual  (full domain)             0.0527      0.0480
  ŷ(0)                                        1.0014      1.0003
  True w0                                     1.5811      1.5811
  w0_hat                                      1.4604      1.4663
  True zeta                                   0.7906      0.7906
  zeta_hat                                    0.7002      0.7097
Damping: 2.5e+00, Stiffness: 2.5e+00, Omega0 (true): 1.5811, Zeta (true): 0.7906
  Omega0 Hat (blind): 1.4663, Zeta Hat (blind): 0.7097
  Omega0 Hat (ext phys): 1.4604, Zeta Hat (ext phys): 0.7002

======================================================================
RESULTS SUMMARY  (best-val checkpoint)
======================================================================
  Metric                                  PINN (phys. ext.)  PINN (blind)
  --------------------------------------------------------------
  RMSE  (training interval)                   0.0151      0.0132
  RMSE  (extrapolation)                       0.0045      0.0207
  Physics residual  (full domain)             0.0623      0.0713
  ŷ(0)                                        1.0011      1.0001
  True w0                                     1.7321      1.7321
  w0_hat                                      1.5958      1.6111
  True zeta                                   0.7217      0.7217
  zeta_hat                                    0.6420      0.6553
Damping: 2.5e+00, Stiffness: 3.0e+00, Omega0 (true): 1.7321, Zeta (true): 0.7217
  Omega0 Hat (blind): 1.6111, Zeta Hat (blind): 0.6553
  Omega0 Hat (ext phys): 1.5958, Zeta Hat (ext phys): 0.6420

======================================================================
RESULTS SUMMARY  (best-val checkpoint)
======================================================================
  Metric                                  PINN (phys. ext.)  PINN (blind)
  --------------------------------------------------------------
  RMSE  (training interval)                   0.0160      0.0150
  RMSE  (extrapolation)                       0.0004      0.0195
  Physics residual  (full domain)             0.0681      0.0785
  ŷ(0)                                        0.9997      1.0002
  True w0                                     1.8708      1.8708
  w0_hat                                      1.7280      1.7413
  True zeta                                   0.6682      0.6682
  zeta_hat                                    0.5994      0.6120
Damping: 2.5e+00, Stiffness: 3.5e+00, Omega0 (true): 1.8708, Zeta (true): 0.6682
  Omega0 Hat (blind): 1.7413, Zeta Hat (blind): 0.6120
  Omega0 Hat (ext phys): 1.7280, Zeta Hat (ext phys): 0.5994

======================================================================
RESULTS SUMMARY  (best-val checkpoint)
======================================================================
  Metric                                  PINN (phys. ext.)  PINN (blind)
  --------------------------------------------------------------
  RMSE  (training interval)                   0.0173      0.0167
  RMSE  (extrapolation)                       0.0010      0.0257
  Physics residual  (full domain)             0.0763      0.1017
  ŷ(0)                                        1.0002      1.0001
  True w0                                     2.0000      2.0000
  w0_hat                                      1.8493      1.8535
  True zeta                                   0.6250      0.6250
  zeta_hat                                    0.5674      0.5807
Damping: 2.5e+00, Stiffness: 4.0e+00, Omega0 (true): 2.0000, Zeta (true): 0.6250
  Omega0 Hat (blind): 1.8535, Zeta Hat (blind): 0.5807
  Omega0 Hat (ext phys): 1.8493, Zeta Hat (ext phys): 0.5674

======================================================================
RESULTS SUMMARY  (best-val checkpoint)
======================================================================
  Metric                                  PINN (phys. ext.)  PINN (blind)
  --------------------------------------------------------------
  RMSE  (training interval)                   0.0176      0.0177
  RMSE  (extrapolation)                       0.0017      0.0144
  Physics residual  (full domain)             0.0816      0.0924
  ŷ(0)                                        0.9994      0.9997
  True w0                                     2.1213      2.1213
  w0_hat                                      1.9652      1.9642
  True zeta                                   0.5893      0.5893
  zeta_hat                                    0.5416      0.5430
Damping: 2.5e+00, Stiffness: 4.5e+00, Omega0 (true): 2.1213, Zeta (true): 0.5893
  Omega0 Hat (blind): 1.9642, Zeta Hat (blind): 0.5430
  Omega0 Hat (ext phys): 1.9652, Zeta Hat (ext phys): 0.5416

======================================================================
RESULTS SUMMARY  (best-val checkpoint)
======================================================================
  Metric                                  PINN (phys. ext.)  PINN (blind)
  --------------------------------------------------------------
  RMSE  (training interval)                   0.0175      0.0179
  RMSE  (extrapolation)                       0.0041      0.0064
  Physics residual  (full domain)             0.0833      0.0880
  ŷ(0)                                        0.9998      0.9997
  True w0                                     2.2361      2.2361
  w0_hat                                      2.0837      2.0788
  True zeta                                   0.5590      0.5590
  zeta_hat                                    0.5279      0.5241
Damping: 2.5e+00, Stiffness: 5.0e+00, Omega0 (true): 2.2361, Zeta (true): 0.5590
  Omega0 Hat (blind): 2.0788, Zeta Hat (blind): 0.5241
  Omega0 Hat (ext phys): 2.0837, Zeta Hat (ext phys): 0.5279

======================================================================
RESULTS SUMMARY  (best-val checkpoint)
======================================================================
  Metric                                  PINN (phys. ext.)  PINN (blind)
  --------------------------------------------------------------
  RMSE  (training interval)                   0.0173      0.0176
  RMSE  (extrapolation)                       0.0057      0.0076
  Physics residual  (full domain)             0.0855      0.0925
  ŷ(0)                                        1.0003      0.9995
  True w0                                     2.3452      2.3452
  w0_hat                                      2.2001      2.1942
  True zeta                                   0.5330      0.5330
  zeta_hat                                    0.5150      0.5110
Damping: 2.5e+00, Stiffness: 5.5e+00, Omega0 (true): 2.3452, Zeta (true): 0.5330
  Omega0 Hat (blind): 2.1942, Zeta Hat (blind): 0.5110
  Omega0 Hat (ext phys): 2.2001, Zeta Hat (ext phys): 0.5150

/home/edfstudent03/.local/lib/python3.9/site-packages/torch/autograd/graph.py:829: UserWarning: Attempting to run cuBLAS, but there was no current CUDA context! Attempting to set the primary context... (Triggered internally at /pytorch/aten/src/ATen/cuda/CublasHandlePool.cpp:179.)
  return Variable._execution_engine.run_backward(  # Calls into the C++ engine to run the backward pass
======================================================================
RESULTS SUMMARY  (best-val checkpoint)
======================================================================
  Metric                                  PINN (phys. ext.)  PINN (blind)
  --------------------------------------------------------------
  RMSE  (training interval)                   0.0215      0.0215
  RMSE  (extrapolation)                       0.0502      0.0311
  Physics residual  (full domain)             0.0429      0.0366
  ŷ(0)                                        1.0028      1.0002
  True w0                                     0.7071      0.7071
  w0_hat                                      0.5584      0.5963
  True zeta                                   2.1213      2.1213
  zeta_hat                                    1.4805      1.6088
Damping: 3.0e+00, Stiffness: 5.0e-01, Omega0 (true): 0.7071, Zeta (true): 2.1213
  Omega0 Hat (blind): 0.5963, Zeta Hat (blind): 1.6088
  Omega0 Hat (ext phys): 0.5584, Zeta Hat (ext phys): 1.4805

======================================================================
RESULTS SUMMARY  (best-val checkpoint)
======================================================================
  Metric                                  PINN (phys. ext.)  PINN (blind)
  --------------------------------------------------------------
  RMSE  (training interval)                   0.0193      0.0198
  RMSE  (extrapolation)                       0.0222      0.0251
  Physics residual  (full domain)             0.0406      0.0440
  ŷ(0)                                        1.0063      1.0006
  True w0                                     1.0000      1.0000
  w0_hat                                      0.8725      0.8448
  True zeta                                   1.5000      1.5000
  zeta_hat                                    1.2156      1.1783
Damping: 3.0e+00, Stiffness: 1.0e+00, Omega0 (true): 1.0000, Zeta (true): 1.5000
  Omega0 Hat (blind): 0.8448, Zeta Hat (blind): 1.1783
  Omega0 Hat (ext phys): 0.8725, Zeta Hat (ext phys): 1.2156

======================================================================
Training PINN  (data + physics (normal + extrapolated) + IC loss)
======================================================================
  Parameters: 3267
  [PINN (phys. ext.)] epoch      1  L_data=0.41085  L_phys=0.02474  L_ic=1.41594  L_total=14.57804  L_val=0.24648  patience=0/30  (0.1s)
  [PINN (phys. ext.)] epoch   1000  L_data=0.00229  L_phys=0.01683  L_ic=0.00000  L_total=0.00764  L_val=0.00152  patience=5/30  (2.8s)
  [PINN (phys. ext.)] epoch   2000  L_data=0.00204  L_phys=0.00278  L_ic=0.00000  L_total=0.00295  L_val=0.00101  patience=0/30  (5.6s)
  [PINN (phys. ext.)] epoch   3000  L_data=0.00175  L_phys=0.00027  L_ic=0.00000  L_total=0.00184  L_val=0.00045  patience=0/30  (8.3s)
  [PINN (phys. ext.)] epoch   4000  L_data=0.00173  L_phys=0.00014  L_ic=0.00000  L_total=0.00177  L_val=0.00036  patience=1/30  (11.0s)
  [PINN (phys. ext.)] epoch   5000  L_data=0.00173  L_phys=0.00020  L_ic=0.00002  L_total=0.00200  L_val=0.00026  patience=0/30  (13.8s)
Traceback (most recent call last):
  File "/home/edfstudent03/ExamenFolder/ExProgrammeren/VascoReversePINNDamper/findParams.py", line 127, in <module>
    damper_predictions()
  File "/home/edfstudent03/ExamenFolder/ExProgrammeren/VascoReversePINNDamper/findParams.py", line 26, in damper_predictions
    train_and_save_both(**kwargs)
  File "/home/edfstudent03/ExamenFolder/ExProgrammeren/VascoReversePINNDamper/train.py", line 623, in train_and_save_both
    hist_pinn_ext_phys, snaps_pinn_ext_phys = train_model(
  File "/home/edfstudent03/ExamenFolder/ExProgrammeren/VascoReversePINNDamper/train.py", line 344, in train_model
    l_phys = loss_physics(model, t_col, cfg)
  File "/home/edfstudent03/ExamenFolder/ExProgrammeren/VascoReversePINNDamper/train.py", line 205, in loss_physics
    d2y = torch.autograd.grad(
  File "/home/edfstudent03/.local/lib/python3.9/site-packages/torch/autograd/__init__.py", line 503, in grad
    result = _engine_run_backward(
  File "/home/edfstudent03/.local/lib/python3.9/site-packages/torch/autograd/graph.py", line 829, in _engine_run_backward
    return Variable._execution_engine.run_backward(  # Calls into the C++ engine to run the backward pass
KeyboardInterrupt

======================================================================
RESULTS SUMMARY  (best-val checkpoint)
======================================================================
  Metric                                  PINN (phys. ext.)  PINN (blind)
  --------------------------------------------------------------
  RMSE  (training interval)                   0.0202      0.0169
  RMSE  (extrapolation)                       0.0519      0.1249
  Physics residual  (full domain)             0.0269      0.0809
  ŷ(0)                                        1.0026      1.0061
  True w0                                     0.7071      0.7071
  w0_hat                                      0.6877      0.6953
  True zeta                                   0.3536      0.3536
  zeta_hat                                    0.3350      0.3283
Damping: 5.0e-01, Stiffness: 5.0e-01, Omega0 (true): 0.7071, Zeta (true): 0.3536
  Omega0 Hat (blind): 0.6953, Zeta Hat (blind): 0.3283
  Omega0 Hat (ext phys): 0.6877, Zeta Hat (ext phys): 0.3350

======================================================================
RESULTS SUMMARY  (best-val checkpoint)
======================================================================
  Metric                                  PINN (phys. ext.)  PINN (blind)
  --------------------------------------------------------------
  RMSE  (training interval)                   0.0173      0.0162
  RMSE  (extrapolation)                       0.0420      0.2793
  Physics residual  (full domain)             0.0301      0.1772
  ŷ(0)                                        0.9998      0.9977
  True w0                                     1.0000      1.0000
  w0_hat                                      0.9894      0.9880
  True zeta                                   0.2500      0.2500
  zeta_hat                                    0.2528      0.2466
Damping: 5.0e-01, Stiffness: 1.0e+00, Omega0 (true): 1.0000, Zeta (true): 0.2500
  Omega0 Hat (blind): 0.9880, Zeta Hat (blind): 0.2466
  Omega0 Hat (ext phys): 0.9894, Zeta Hat (ext phys): 0.2528

======================================================================
RESULTS SUMMARY  (best-val checkpoint)
======================================================================
  Metric                                  PINN (phys. ext.)  PINN (blind)
  --------------------------------------------------------------
  RMSE  (training interval)                   0.0163      0.0090
  RMSE  (extrapolation)                       0.0300      0.3035
  Physics residual  (full domain)             0.0308      0.3205
  ŷ(0)                                        0.9991      0.9987
  True w0                                     1.2247      1.2247
  w0_hat                                      1.2273      1.2267
  True zeta                                   0.2041      0.2041
  zeta_hat                                    0.2111      0.2083
Damping: 5.0e-01, Stiffness: 1.5e+00, Omega0 (true): 1.2247, Zeta (true): 0.2041
  Omega0 Hat (blind): 1.2267, Zeta Hat (blind): 0.2083
  Omega0 Hat (ext phys): 1.2273, Zeta Hat (ext phys): 0.2111

======================================================================
RESULTS SUMMARY  (best-val checkpoint)
======================================================================
  Metric                                  PINN (phys. ext.)  PINN (blind)
  --------------------------------------------------------------
  RMSE  (training interval)                   0.0149      0.0067
  RMSE  (extrapolation)                       0.0581      0.3946
  Physics residual  (full domain)             0.0557      0.4661
  ŷ(0)                                        1.0004      0.9946
  True w0                                     1.4142      1.4142
  w0_hat                                      1.4197      1.4160
  True zeta                                   0.1768      0.1768
  zeta_hat                                    0.1862      0.1755
Damping: 5.0e-01, Stiffness: 2.0e+00, Omega0 (true): 1.4142, Zeta (true): 0.1768
  Omega0 Hat (blind): 1.4160, Zeta Hat (blind): 0.1755
  Omega0 Hat (ext phys): 1.4197, Zeta Hat (ext phys): 0.1862

======================================================================
RESULTS SUMMARY  (best-val checkpoint)
======================================================================
  Metric                                  PINN (phys. ext.)  PINN (blind)
  --------------------------------------------------------------
  RMSE  (training interval)                   0.0090      0.0058
  RMSE  (extrapolation)                       0.0398      0.1274
  Physics residual  (full domain)             0.0492      0.1497
  ŷ(0)                                        1.0014      1.0015
  True w0                                     1.5811      1.5811
  w0_hat                                      1.5841      1.5750
  True zeta                                   0.1581      0.1581
  zeta_hat                                    0.1602      0.1549
Damping: 5.0e-01, Stiffness: 2.5e+00, Omega0 (true): 1.5811, Zeta (true): 0.1581
  Omega0 Hat (blind): 1.5750, Zeta Hat (blind): 0.1549
  Omega0 Hat (ext phys): 1.5841, Zeta Hat (ext phys): 0.1602

======================================================================
RESULTS SUMMARY  (best-val checkpoint)
======================================================================
  Metric                                  PINN (phys. ext.)  PINN (blind)
  --------------------------------------------------------------
  RMSE  (training interval)                   0.0056      0.0094
  RMSE  (extrapolation)                       0.0603      0.3669
  Physics residual  (full domain)             0.0718      0.6397
  ŷ(0)                                        1.0020      0.9997
  True w0                                     1.7321      1.7321
  w0_hat                                      1.7171      1.7241
  True zeta                                   0.1443      0.1443
  zeta_hat                                    0.1459      0.1410
Damping: 5.0e-01, Stiffness: 3.0e+00, Omega0 (true): 1.7321, Zeta (true): 0.1443
  Omega0 Hat (blind): 1.7241, Zeta Hat (blind): 0.1410
  Omega0 Hat (ext phys): 1.7171, Zeta Hat (ext phys): 0.1459

======================================================================
RESULTS SUMMARY  (best-val checkpoint)
======================================================================
  Metric                                  PINN (phys. ext.)  PINN (blind)
  --------------------------------------------------------------
  RMSE  (training interval)                   0.0110      0.0169
  RMSE  (extrapolation)                       0.0581      0.6450
  Physics residual  (full domain)             0.0723      1.3817
  ŷ(0)                                        1.0014      0.9974
  True w0                                     1.8708      1.8708
  w0_hat                                      1.8520      1.8486
  True zeta                                   0.1336      0.1336
  zeta_hat                                    0.1386      0.1335
Damping: 5.0e-01, Stiffness: 3.5e+00, Omega0 (true): 1.8708, Zeta (true): 0.1336
  Omega0 Hat (blind): 1.8486, Zeta Hat (blind): 0.1335
  Omega0 Hat (ext phys): 1.8520, Zeta Hat (ext phys): 0.1386

======================================================================
RESULTS SUMMARY  (best-val checkpoint)
======================================================================
  Metric                                  PINN (phys. ext.)  PINN (blind)
  --------------------------------------------------------------
  RMSE  (training interval)                   0.0302      0.0044
  RMSE  (extrapolation)                       0.1017      0.1842
  Physics residual  (full domain)             0.1214      0.4220
  ŷ(0)                                        0.9979      0.9990
  True w0                                     2.0000      2.0000
  w0_hat                                      1.9764      2.0000
  True zeta                                   0.1250      0.1250
  zeta_hat                                    0.1401      0.1268
Damping: 5.0e-01, Stiffness: 4.0e+00, Omega0 (true): 2.0000, Zeta (true): 0.1250
  Omega0 Hat (blind): 2.0000, Zeta Hat (blind): 0.1268
  Omega0 Hat (ext phys): 1.9764, Zeta Hat (ext phys): 0.1401

======================================================================
RESULTS SUMMARY  (best-val checkpoint)
======================================================================
  Metric                                  PINN (phys. ext.)  PINN (blind)
  --------------------------------------------------------------
  RMSE  (training interval)                   0.0280      0.0218
  RMSE  (extrapolation)                       0.0703      0.3853
  Physics residual  (full domain)             0.0967      1.0013
  ŷ(0)                                        0.9994      0.9985
  True w0                                     2.1213      2.1213
  w0_hat                                      2.0927      2.0939
  True zeta                                   0.1179      0.1179
  zeta_hat                                    0.1289      0.1178
Damping: 5.0e-01, Stiffness: 4.5e+00, Omega0 (true): 2.1213, Zeta (true): 0.1179
  Omega0 Hat (blind): 2.0939, Zeta Hat (blind): 0.1178
  Omega0 Hat (ext phys): 2.0927, Zeta Hat (ext phys): 0.1289

======================================================================
RESULTS SUMMARY  (best-val checkpoint)
======================================================================
  Metric                                  PINN (phys. ext.)  PINN (blind)
  --------------------------------------------------------------
  RMSE  (training interval)                   0.0368      0.0224
  RMSE  (extrapolation)                       0.0824      0.6308
  Physics residual  (full domain)             0.1077      1.9374
  ŷ(0)                                        1.0003      0.9985
  True w0                                     2.2361      2.2361
  w0_hat                                      2.2077      2.2103
  True zeta                                   0.1118      0.1118
  zeta_hat                                    0.1286      0.1158
Damping: 5.0e-01, Stiffness: 5.0e+00, Omega0 (true): 2.2361, Zeta (true): 0.1118
  Omega0 Hat (blind): 2.2103, Zeta Hat (blind): 0.1158
  Omega0 Hat (ext phys): 2.2077, Zeta Hat (ext phys): 0.1286

======================================================================
RESULTS SUMMARY  (best-val checkpoint)
======================================================================
  Metric                                  PINN (phys. ext.)  PINN (blind)
  --------------------------------------------------------------
  RMSE  (training interval)                   0.0454      0.0235
  RMSE  (extrapolation)                       0.0912      0.4709
  Physics residual  (full domain)             0.1198      1.6120
  ŷ(0)                                        0.9994      1.0007
  True w0                                     2.3452      2.3452
  w0_hat                                      2.3264      2.3257
  True zeta                                   0.1066      0.1066
  zeta_hat                                    0.1292      0.1136
Damping: 5.0e-01, Stiffness: 5.5e+00, Omega0 (true): 2.3452, Zeta (true): 0.1066
  Omega0 Hat (blind): 2.3257, Zeta Hat (blind): 0.1136
  Omega0 Hat (ext phys): 2.3264, Zeta Hat (ext phys): 0.1292

======================================================================
RESULTS SUMMARY  (best-val checkpoint)
======================================================================
  Metric                                  PINN (phys. ext.)  PINN (blind)
  --------------------------------------------------------------
  RMSE  (training interval)                   0.0156      0.0186
  RMSE  (extrapolation)                       0.0740      0.0821
  Physics residual  (full domain)             0.0365      0.0377
  ŷ(0)                                        1.0003      1.0009
  True w0                                     0.7071      0.7071
  w0_hat                                      0.6548      0.6836
  True zeta                                   0.7071      0.7071
  zeta_hat                                    0.6163      0.6412
Damping: 1.0e+00, Stiffness: 5.0e-01, Omega0 (true): 0.7071, Zeta (true): 0.7071
  Omega0 Hat (blind): 0.6836, Zeta Hat (blind): 0.6412
  Omega0 Hat (ext phys): 0.6548, Zeta Hat (ext phys): 0.6163

======================================================================
RESULTS SUMMARY  (best-val checkpoint)
======================================================================
  Metric                                  PINN (phys. ext.)  PINN (blind)
  --------------------------------------------------------------
  RMSE  (training interval)                   0.0174      0.0106
  RMSE  (extrapolation)                       0.0272      0.0789
  Physics residual  (full domain)             0.0287      0.0672
  ŷ(0)                                        1.0012      0.9995
  True w0                                     1.0000      1.0000
  w0_hat                                      0.9818      0.9821
  True zeta                                   0.5000      0.5000
  zeta_hat                                    0.4803      0.4768
Damping: 1.0e+00, Stiffness: 1.0e+00, Omega0 (true): 1.0000, Zeta (true): 0.5000
  Omega0 Hat (blind): 0.9821, Zeta Hat (blind): 0.4768
  Omega0 Hat (ext phys): 0.9818, Zeta Hat (ext phys): 0.4803

======================================================================
RESULTS SUMMARY  (best-val checkpoint)
======================================================================
  Metric                                  PINN (phys. ext.)  PINN (blind)
  --------------------------------------------------------------
  RMSE  (training interval)                   0.0137      0.0090
  RMSE  (extrapolation)                       0.0157      0.0513
  Physics residual  (full domain)             0.0271      0.0724
  ŷ(0)                                        0.9997      1.0009
  True w0                                     1.2247      1.2247
  w0_hat                                      1.2126      1.2164
  True zeta                                   0.4082      0.4082
  zeta_hat                                    0.3967      0.3989
Damping: 1.0e+00, Stiffness: 1.5e+00, Omega0 (true): 1.2247, Zeta (true): 0.4082
  Omega0 Hat (blind): 1.2164, Zeta Hat (blind): 0.3989
  Omega0 Hat (ext phys): 1.2126, Zeta Hat (ext phys): 0.3967

======================================================================
RESULTS SUMMARY  (best-val checkpoint)
======================================================================
  Metric                                  PINN (phys. ext.)  PINN (blind)
  --------------------------------------------------------------
  RMSE  (training interval)                   0.0125      0.0052
  RMSE  (extrapolation)                       0.0248      0.1267
  Physics residual  (full domain)             0.0393      0.1788
  ŷ(0)                                        0.9979      1.0004
  True w0                                     1.4142      1.4142
  w0_hat                                      1.4006      1.4047
  True zeta                                   0.3536      0.3536
  zeta_hat                                    0.3469      0.3456
Damping: 1.0e+00, Stiffness: 2.0e+00, Omega0 (true): 1.4142, Zeta (true): 0.3536
  Omega0 Hat (blind): 1.4047, Zeta Hat (blind): 0.3456
  Omega0 Hat (ext phys): 1.4006, Zeta Hat (ext phys): 0.3469

======================================================================
RESULTS SUMMARY  (best-val checkpoint)
======================================================================
  Metric                                  PINN (phys. ext.)  PINN (blind)
  --------------------------------------------------------------
  RMSE  (training interval)                   0.0103      0.0074
  RMSE  (extrapolation)                       0.0183      0.1076
  Physics residual  (full domain)             0.0397      0.1743
  ŷ(0)                                        1.0021      0.9984
  True w0                                     1.5811      1.5811
  w0_hat                                      1.5618      1.5598
  True zeta                                   0.3162      0.3162
  zeta_hat                                    0.3070      0.3053
Damping: 1.0e+00, Stiffness: 2.5e+00, Omega0 (true): 1.5811, Zeta (true): 0.3162
  Omega0 Hat (blind): 1.5598, Zeta Hat (blind): 0.3053
  Omega0 Hat (ext phys): 1.5618, Zeta Hat (ext phys): 0.3070

======================================================================
RESULTS SUMMARY  (best-val checkpoint)
======================================================================
  Metric                                  PINN (phys. ext.)  PINN (blind)
  --------------------------------------------------------------
  RMSE  (training interval)                   0.0106      0.0094
  RMSE  (extrapolation)                       0.0264      0.0370
  Physics residual  (full domain)             0.0518      0.0643
  ŷ(0)                                        1.0023      0.9998
  True w0                                     1.7321      1.7321
  w0_hat                                      1.7001      1.7058
  True zeta                                   0.2887      0.2887
  zeta_hat                                    0.2790      0.2814
Damping: 1.0e+00, Stiffness: 3.0e+00, Omega0 (true): 1.7321, Zeta (true): 0.2887
  Omega0 Hat (blind): 1.7058, Zeta Hat (blind): 0.2814
  Omega0 Hat (ext phys): 1.7001, Zeta Hat (ext phys): 0.2790

======================================================================
RESULTS SUMMARY  (best-val checkpoint)
======================================================================
  Metric                                  PINN (phys. ext.)  PINN (blind)
  --------------------------------------------------------------
  RMSE  (training interval)                   0.0125      0.0136
  RMSE  (extrapolation)                       0.0294      0.1509
  Physics residual  (full domain)             0.0597      0.3504
  ŷ(0)                                        0.9981      0.9992
  True w0                                     1.8708      1.8708
  w0_hat                                      1.8301      1.8360
  True zeta                                   0.2673      0.2673
  zeta_hat                                    0.2618      0.2640
Damping: 1.0e+00, Stiffness: 3.5e+00, Omega0 (true): 1.8708, Zeta (true): 0.2673
  Omega0 Hat (blind): 1.8360, Zeta Hat (blind): 0.2640
  Omega0 Hat (ext phys): 1.8301, Zeta Hat (ext phys): 0.2618

======================================================================
RESULTS SUMMARY  (best-val checkpoint)
======================================================================
  Metric                                  PINN (phys. ext.)  PINN (blind)
  --------------------------------------------------------------
  RMSE  (training interval)                   0.0186      0.0213
  RMSE  (extrapolation)                       0.0197      0.2396
  Physics residual  (full domain)             0.0543      0.6318
  ŷ(0)                                        1.0059      1.0009
  True w0                                     2.0000      2.0000
  w0_hat                                      1.9489      1.9483
  True zeta                                   0.2500      0.2500
  zeta_hat                                    0.2428      0.2510
Damping: 1.0e+00, Stiffness: 4.0e+00, Omega0 (true): 2.0000, Zeta (true): 0.2500
  Omega0 Hat (blind): 1.9483, Zeta Hat (blind): 0.2510
  Omega0 Hat (ext phys): 1.9489, Zeta Hat (ext phys): 0.2428

======================================================================
RESULTS SUMMARY  (best-val checkpoint)
======================================================================
  Metric                                  PINN (phys. ext.)  PINN (blind)
  --------------------------------------------------------------
  RMSE  (training interval)                   0.0225      0.0316
  RMSE  (extrapolation)                       0.0217      0.2426
  Physics residual  (full domain)             0.0630      0.7105
  ŷ(0)                                        0.9983      1.0009
  True w0                                     2.1213      2.1213
  w0_hat                                      2.0664      2.0545
  True zeta                                   0.2357      0.2357
  zeta_hat                                    0.2361      0.2381
Damping: 1.0e+00, Stiffness: 4.5e+00, Omega0 (true): 2.1213, Zeta (true): 0.2357
  Omega0 Hat (blind): 2.0545, Zeta Hat (blind): 0.2381
  Omega0 Hat (ext phys): 2.0664, Zeta Hat (ext phys): 0.2361

======================================================================
RESULTS SUMMARY  (best-val checkpoint)
======================================================================
  Metric                                  PINN (phys. ext.)  PINN (blind)
  --------------------------------------------------------------
  RMSE  (training interval)                   0.0278      0.0396
  RMSE  (extrapolation)                       0.0229      0.1732
  Physics residual  (full domain)             0.0754      0.5588
  ŷ(0)                                        1.0005      0.9989
  True w0                                     2.2361      2.2361
  w0_hat                                      2.1824      2.1727
  True zeta                                   0.2236      0.2236
  zeta_hat                                    0.2333      0.2411
Damping: 1.0e+00, Stiffness: 5.0e+00, Omega0 (true): 2.2361, Zeta (true): 0.2236
  Omega0 Hat (blind): 2.1727, Zeta Hat (blind): 0.2411
  Omega0 Hat (ext phys): 2.1824, Zeta Hat (ext phys): 0.2333

======================================================================
RESULTS SUMMARY  (best-val checkpoint)
======================================================================
  Metric                                  PINN (phys. ext.)  PINN (blind)
  --------------------------------------------------------------
  RMSE  (training interval)                   0.0317      0.0469
  RMSE  (extrapolation)                       0.0232      0.1104
  Physics residual  (full domain)             0.0860      0.3905
  ŷ(0)                                        1.0002      0.9989
  True w0                                     2.3452      2.3452
  w0_hat                                      2.3013      2.2963
  True zeta                                   0.2132      0.2132
  zeta_hat                                    0.2304      0.2456
Damping: 1.0e+00, Stiffness: 5.5e+00, Omega0 (true): 2.3452, Zeta (true): 0.2132
  Omega0 Hat (blind): 2.2963, Zeta Hat (blind): 0.2456
  Omega0 Hat (ext phys): 2.3013, Zeta Hat (ext phys): 0.2304

======================================================================
RESULTS SUMMARY  (best-val checkpoint)
======================================================================
  Metric                                  PINN (phys. ext.)  PINN (blind)
  --------------------------------------------------------------
  RMSE  (training interval)                   0.0194      0.0187
  RMSE  (extrapolation)                       0.0334      0.0323
  Physics residual  (full domain)             0.0216      0.0195
  ŷ(0)                                        1.0080      1.0010
  True w0                                     0.7071      0.7071
  w0_hat                                      0.6633      0.6719
  True zeta                                   1.0607      1.0607
  zeta_hat                                    0.9165      0.9366
Damping: 1.5e+00, Stiffness: 5.0e-01, Omega0 (true): 0.7071, Zeta (true): 1.0607
  Omega0 Hat (blind): 0.6719, Zeta Hat (blind): 0.9366
  Omega0 Hat (ext phys): 0.6633, Zeta Hat (ext phys): 0.9165

======================================================================
RESULTS SUMMARY  (best-val checkpoint)
======================================================================
  Metric                                  PINN (phys. ext.)  PINN (blind)
  --------------------------------------------------------------
  RMSE  (training interval)                   0.0153      0.0137
  RMSE  (extrapolation)                       0.0148      0.0138
  Physics residual  (full domain)             0.0239      0.0266
  ŷ(0)                                        1.0061      1.0005
  True w0                                     1.0000      1.0000
  w0_hat                                      0.9605      0.9255
  True zeta                                   0.7500      0.7500
  zeta_hat                                    0.6869      0.6571
Damping: 1.5e+00, Stiffness: 1.0e+00, Omega0 (true): 1.0000, Zeta (true): 0.7500
  Omega0 Hat (blind): 0.9255, Zeta Hat (blind): 0.6571
  Omega0 Hat (ext phys): 0.9605, Zeta Hat (ext phys): 0.6869

======================================================================
RESULTS SUMMARY  (best-val checkpoint)
======================================================================
  Metric                                  PINN (phys. ext.)  PINN (blind)
  --------------------------------------------------------------
  RMSE  (training interval)                   0.0135      0.0082
  RMSE  (extrapolation)                       0.0090      0.0255
  Physics residual  (full domain)             0.0279      0.0348
  ŷ(0)                                        0.9928      1.0011
  True w0                                     1.2247      1.2247
  w0_hat                                      1.1869      1.1893
  True zeta                                   0.6124      0.6124
  zeta_hat                                    0.5720      0.5769
Damping: 1.5e+00, Stiffness: 1.5e+00, Omega0 (true): 1.2247, Zeta (true): 0.6124
  Omega0 Hat (blind): 1.1893, Zeta Hat (blind): 0.5769
  Omega0 Hat (ext phys): 1.1869, Zeta Hat (ext phys): 0.5720

======================================================================
RESULTS SUMMARY  (best-val checkpoint)
======================================================================
  Metric                                  PINN (phys. ext.)  PINN (blind)
  --------------------------------------------------------------
  RMSE  (training interval)                   0.0110      0.0096
  RMSE  (extrapolation)                       0.0057      0.0214
  Physics residual  (full domain)             0.0303      0.0417
  ŷ(0)                                        0.9996      1.0012
  True w0                                     1.4142      1.4142
  w0_hat                                      1.3743      1.3784
  True zeta                                   0.5303      0.5303
  zeta_hat                                    0.4987      0.5009
Damping: 1.5e+00, Stiffness: 2.0e+00, Omega0 (true): 1.4142, Zeta (true): 0.5303
  Omega0 Hat (blind): 1.3784, Zeta Hat (blind): 0.5009
  Omega0 Hat (ext phys): 1.3743, Zeta Hat (ext phys): 0.4987

======================================================================
RESULTS SUMMARY  (best-val checkpoint)
======================================================================
  Metric                                  PINN (phys. ext.)  PINN (blind)
  --------------------------------------------------------------
  RMSE  (training interval)                   0.0105      0.0092
  RMSE  (extrapolation)                       0.0069      0.0512
  Physics residual  (full domain)             0.0362      0.0977
  ŷ(0)                                        0.9987      0.9981
  True w0                                     1.5811      1.5811
  w0_hat                                      1.5347      1.5335
  True zeta                                   0.4743      0.4743
  zeta_hat                                    0.4470      0.4493
Damping: 1.5e+00, Stiffness: 2.5e+00, Omega0 (true): 1.5811, Zeta (true): 0.4743
  Omega0 Hat (blind): 1.5335, Zeta Hat (blind): 0.4493
  Omega0 Hat (ext phys): 1.5347, Zeta Hat (ext phys): 0.4470

======================================================================
RESULTS SUMMARY  (best-val checkpoint)
======================================================================
  Metric                                  PINN (phys. ext.)  PINN (blind)
  --------------------------------------------------------------
  RMSE  (training interval)                   0.0116      0.0131
  RMSE  (extrapolation)                       0.0054      0.0706
  Physics residual  (full domain)             0.0417      0.1498
  ŷ(0)                                        0.9952      0.9987
  True w0                                     1.7321      1.7321
  w0_hat                                      1.6716      1.6764
  True zeta                                   0.4330      0.4330
  zeta_hat                                    0.4070      0.4127
Damping: 1.5e+00, Stiffness: 3.0e+00, Omega0 (true): 1.7321, Zeta (true): 0.4330
  Omega0 Hat (blind): 1.6764, Zeta Hat (blind): 0.4127
  Omega0 Hat (ext phys): 1.6716, Zeta Hat (ext phys): 0.4070

======================================================================
RESULTS SUMMARY  (best-val checkpoint)
======================================================================
  Metric                                  PINN (phys. ext.)  PINN (blind)
  --------------------------------------------------------------
  RMSE  (training interval)                   0.0140      0.0144
  RMSE  (extrapolation)                       0.0117      0.0178
  Physics residual  (full domain)             0.0516      0.0574
  ŷ(0)                                        0.9982      1.0007
  True w0                                     1.8708      1.8708
  w0_hat                                      1.8033      1.8044
  True zeta                                   0.4009      0.4009
  zeta_hat                                    0.3825      0.3790
Damping: 1.5e+00, Stiffness: 3.5e+00, Omega0 (true): 1.8708, Zeta (true): 0.4009
  Omega0 Hat (blind): 1.8044, Zeta Hat (blind): 0.3790
  Omega0 Hat (ext phys): 1.8033, Zeta Hat (ext phys): 0.3825

======================================================================
RESULTS SUMMARY  (best-val checkpoint)
======================================================================
  Metric                                  PINN (phys. ext.)  PINN (blind)
  --------------------------------------------------------------
  RMSE  (training interval)                   0.0172      0.0163
  RMSE  (extrapolation)                       0.0123      0.0852
  Physics residual  (full domain)             0.0601      0.2458
  ŷ(0)                                        0.9997      0.9995
  True w0                                     2.0000      2.0000
  w0_hat                                      1.9207      1.9280
  True zeta                                   0.3750      0.3750
  zeta_hat                                    0.3619      0.3619
Damping: 1.5e+00, Stiffness: 4.0e+00, Omega0 (true): 2.0000, Zeta (true): 0.3750
  Omega0 Hat (blind): 1.9280, Zeta Hat (blind): 0.3619
  Omega0 Hat (ext phys): 1.9207, Zeta Hat (ext phys): 0.3619

======================================================================
RESULTS SUMMARY  (best-val checkpoint)
======================================================================
  Metric                                  PINN (phys. ext.)  PINN (blind)
  --------------------------------------------------------------
  RMSE  (training interval)                   0.0197      0.0192
  RMSE  (extrapolation)                       0.0114      0.0673
  Physics residual  (full domain)             0.0667      0.2138
  ŷ(0)                                        0.9986      0.9995
  True w0                                     2.1213      2.1213
  w0_hat                                      2.0388      2.0419
  True zeta                                   0.3536      0.3536
  zeta_hat                                    0.3463      0.3474
Damping: 1.5e+00, Stiffness: 4.5e+00, Omega0 (true): 2.1213, Zeta (true): 0.3536
  Omega0 Hat (blind): 2.0419, Zeta Hat (blind): 0.3474
  Omega0 Hat (ext phys): 2.0388, Zeta Hat (ext phys): 0.3463

======================================================================
RESULTS SUMMARY  (best-val checkpoint)
======================================================================
  Metric                                  PINN (phys. ext.)  PINN (blind)
  --------------------------------------------------------------
  RMSE  (training interval)                   0.0223      0.0222
  RMSE  (extrapolation)                       0.0098      0.0877
  Physics residual  (full domain)             0.0739      0.3017
  ŷ(0)                                        0.9992      0.9986
  True w0                                     2.2361      2.2361
  w0_hat                                      2.1568      2.1510
  True zeta                                   0.3354      0.3354
  zeta_hat                                    0.3383      0.3358
Damping: 1.5e+00, Stiffness: 5.0e+00, Omega0 (true): 2.2361, Zeta (true): 0.3354
  Omega0 Hat (blind): 2.1510, Zeta Hat (blind): 0.3358
  Omega0 Hat (ext phys): 2.1568, Zeta Hat (ext phys): 0.3383

======================================================================
RESULTS SUMMARY  (best-val checkpoint)
======================================================================
  Metric                                  PINN (phys. ext.)  PINN (blind)
  --------------------------------------------------------------
  RMSE  (training interval)                   0.0245      0.0255
  RMSE  (extrapolation)                       0.0082      0.0890
  Physics residual  (full domain)             0.0811      0.3330
  ŷ(0)                                        0.9990      1.0000
  True w0                                     2.3452      2.3452
  w0_hat                                      2.2749      2.2571
  True zeta                                   0.3198      0.3198
  zeta_hat                                    0.3328      0.3280
Damping: 1.5e+00, Stiffness: 5.5e+00, Omega0 (true): 2.3452, Zeta (true): 0.3198
  Omega0 Hat (blind): 2.2571, Zeta Hat (blind): 0.3280
  Omega0 Hat (ext phys): 2.2749, Zeta Hat (ext phys): 0.3328

======================================================================
RESULTS SUMMARY  (best-val checkpoint)
======================================================================
  Metric                                  PINN (phys. ext.)  PINN (blind)
  --------------------------------------------------------------
  RMSE  (training interval)                   0.0208      0.0203
  RMSE  (extrapolation)                       0.0385      0.0279
  Physics residual  (full domain)             0.0272      0.0232
  ŷ(0)                                        1.0035      1.0002
  True w0                                     0.7071      0.7071
  w0_hat                                      0.6391      0.6518
  True zeta                                   1.4142      1.4142
  zeta_hat                                    1.1676      1.1999
Damping: 2.0e+00, Stiffness: 5.0e-01, Omega0 (true): 0.7071, Zeta (true): 1.4142
  Omega0 Hat (blind): 0.6518, Zeta Hat (blind): 1.1999
  Omega0 Hat (ext phys): 0.6391, Zeta Hat (ext phys): 1.1676

======================================================================
RESULTS SUMMARY  (best-val checkpoint)
======================================================================
  Metric                                  PINN (phys. ext.)  PINN (blind)
  --------------------------------------------------------------
  RMSE  (training interval)                   0.0158      0.0169
  RMSE  (extrapolation)                       0.0146      0.0159
  Physics residual  (full domain)             0.0264      0.0256
  ŷ(0)                                        1.0026      1.0001
  True w0                                     1.0000      1.0000
  w0_hat                                      0.9357      0.9397
  True zeta                                   1.0000      1.0000
  zeta_hat                                    0.8858      0.8892
Damping: 2.0e+00, Stiffness: 1.0e+00, Omega0 (true): 1.0000, Zeta (true): 1.0000
  Omega0 Hat (blind): 0.9397, Zeta Hat (blind): 0.8892
  Omega0 Hat (ext phys): 0.9357, Zeta Hat (ext phys): 0.8858

======================================================================
RESULTS SUMMARY  (best-val checkpoint)
======================================================================
  Metric                                  PINN (phys. ext.)  PINN (blind)
  --------------------------------------------------------------
  RMSE  (training interval)                   0.0154      0.0144
  RMSE  (extrapolation)                       0.0084      0.0095
  Physics residual  (full domain)             0.0330      0.0320
  ŷ(0)                                        1.0011      1.0006
  True w0                                     1.2247      1.2247
  w0_hat                                      1.1554      1.1599
  True zeta                                   0.8165      0.8165
  zeta_hat                                    0.7359      0.7406
Damping: 2.0e+00, Stiffness: 1.5e+00, Omega0 (true): 1.2247, Zeta (true): 0.8165
  Omega0 Hat (blind): 1.1599, Zeta Hat (blind): 0.7406
  Omega0 Hat (ext phys): 1.1554, Zeta Hat (ext phys): 0.7359

======================================================================
RESULTS SUMMARY  (best-val checkpoint)
======================================================================
  Metric                                  PINN (phys. ext.)  PINN (blind)
  --------------------------------------------------------------
  RMSE  (training interval)                   0.0139      0.0100
  RMSE  (extrapolation)                       0.0076      0.0040
  Physics residual  (full domain)             0.0393      0.0285
  ŷ(0)                                        1.0034      0.9995
  True w0                                     1.4142      1.4142
  w0_hat                                      1.3229      1.3460
  True zeta                                   0.7071      0.7071
  zeta_hat                                    0.6356      0.6524
Damping: 2.0e+00, Stiffness: 2.0e+00, Omega0 (true): 1.4142, Zeta (true): 0.7071
  Omega0 Hat (blind): 1.3460, Zeta Hat (blind): 0.6524
  Omega0 Hat (ext phys): 1.3229, Zeta Hat (ext phys): 0.6356

======================================================================
RESULTS SUMMARY  (best-val checkpoint)
======================================================================
  Metric                                  PINN (phys. ext.)  PINN (blind)
  --------------------------------------------------------------
  RMSE  (training interval)                   0.0122      0.0102
  RMSE  (extrapolation)                       0.0025      0.0299
  Physics residual  (full domain)             0.0422      0.0685
  ŷ(0)                                        0.9964      1.0003
  True w0                                     1.5811      1.5811
  w0_hat                                      1.4975      1.5084
  True zeta                                   0.6325      0.6325
  zeta_hat                                    0.5763      0.5898
Damping: 2.0e+00, Stiffness: 2.5e+00, Omega0 (true): 1.5811, Zeta (true): 0.6325
  Omega0 Hat (blind): 1.5084, Zeta Hat (blind): 0.5898
  Omega0 Hat (ext phys): 1.4975, Zeta Hat (ext phys): 0.5763

======================================================================
RESULTS SUMMARY  (best-val checkpoint)
======================================================================
  Metric                                  PINN (phys. ext.)  PINN (blind)
  --------------------------------------------------------------
  RMSE  (training interval)                   0.0137      0.0120
  RMSE  (extrapolation)                       0.0018      0.0418
  Physics residual  (full domain)             0.0496      0.1008
  ŷ(0)                                        0.9981      0.9999
  True w0                                     1.7321      1.7321
  w0_hat                                      1.6370      1.6546
  True zeta                                   0.5774      0.5774
  zeta_hat                                    0.5290      0.5507
Damping: 2.0e+00, Stiffness: 3.0e+00, Omega0 (true): 1.7321, Zeta (true): 0.5774
  Omega0 Hat (blind): 1.6546, Zeta Hat (blind): 0.5507
  Omega0 Hat (ext phys): 1.6370, Zeta Hat (ext phys): 0.5290

======================================================================
RESULTS SUMMARY  (best-val checkpoint)
======================================================================
  Metric                                  PINN (phys. ext.)  PINN (blind)
  --------------------------------------------------------------
  RMSE  (training interval)                   0.0144      0.0144
  RMSE  (extrapolation)                       0.0016      0.0302
  Physics residual  (full domain)             0.0557      0.0904
  ŷ(0)                                        0.9972      1.0003
  True w0                                     1.8708      1.8708
  w0_hat                                      1.7677      1.7828
  True zeta                                   0.5345      0.5345
  zeta_hat                                    0.4963      0.5093
Damping: 2.0e+00, Stiffness: 3.5e+00, Omega0 (true): 1.8708, Zeta (true): 0.5345
  Omega0 Hat (blind): 1.7828, Zeta Hat (blind): 0.5093
  Omega0 Hat (ext phys): 1.7677, Zeta Hat (ext phys): 0.4963

======================================================================
RESULTS SUMMARY  (best-val checkpoint)
======================================================================
  Metric                                  PINN (phys. ext.)  PINN (blind)
  --------------------------------------------------------------
  RMSE  (training interval)                   0.0165      0.0170
  RMSE  (extrapolation)                       0.0026      0.0279
  Physics residual  (full domain)             0.0631      0.0980
  ŷ(0)                                        0.9986      1.0000
  True w0                                     2.0000      2.0000
  w0_hat                                      1.8884      1.8873
  True zeta                                   0.5000      0.5000
  zeta_hat                                    0.4690      0.4678
Damping: 2.0e+00, Stiffness: 4.0e+00, Omega0 (true): 2.0000, Zeta (true): 0.5000
  Omega0 Hat (blind): 1.8873, Zeta Hat (blind): 0.4678
  Omega0 Hat (ext phys): 1.8884, Zeta Hat (ext phys): 0.4690

======================================================================
RESULTS SUMMARY  (best-val checkpoint)
======================================================================
  Metric                                  PINN (phys. ext.)  PINN (blind)
  --------------------------------------------------------------
  RMSE  (training interval)                   0.0173      0.0176
  RMSE  (extrapolation)                       0.0044      0.0104
  Physics residual  (full domain)             0.0692      0.0742
  ŷ(0)                                        0.9982      0.9992
  True w0                                     2.1213      2.1213
  w0_hat                                      2.0063      2.0046
  True zeta                                   0.4714      0.4714
  zeta_hat                                    0.4483      0.4478
Damping: 2.0e+00, Stiffness: 4.5e+00, Omega0 (true): 2.1213, Zeta (true): 0.4714
  Omega0 Hat (blind): 2.0046, Zeta Hat (blind): 0.4478
  Omega0 Hat (ext phys): 2.0063, Zeta Hat (ext phys): 0.4483

======================================================================
RESULTS SUMMARY  (best-val checkpoint)
======================================================================
  Metric                                  PINN (phys. ext.)  PINN (blind)
  --------------------------------------------------------------
  RMSE  (training interval)                   0.0177      0.0190
  RMSE  (extrapolation)                       0.0046      0.0116
  Physics residual  (full domain)             0.0701      0.0852
  ŷ(0)                                        0.9990      0.9977
  True w0                                     2.2361      2.2361
  w0_hat                                      2.1378      2.1164
  True zeta                                   0.4472      0.4472
  zeta_hat                                    0.4442      0.4323
Damping: 2.0e+00, Stiffness: 5.0e+00, Omega0 (true): 2.2361, Zeta (true): 0.4472
  Omega0 Hat (blind): 2.1164, Zeta Hat (blind): 0.4323
  Omega0 Hat (ext phys): 2.1378, Zeta Hat (ext phys): 0.4442

======================================================================
RESULTS SUMMARY  (best-val checkpoint)
======================================================================
  Metric                                  PINN (phys. ext.)  PINN (blind)
  --------------------------------------------------------------
  RMSE  (training interval)                   0.0181      0.0191
  RMSE  (extrapolation)                       0.0044      0.0131
  Physics residual  (full domain)             0.0733      0.0913
  ŷ(0)                                        0.9989      0.9987
  True w0                                     2.3452      2.3452
  w0_hat                                      2.2587      2.2340
  True zeta                                   0.4264      0.4264
  zeta_hat                                    0.4356      0.4239
Damping: 2.0e+00, Stiffness: 5.5e+00, Omega0 (true): 2.3452, Zeta (true): 0.4264
  Omega0 Hat (blind): 2.2340, Zeta Hat (blind): 0.4239
  Omega0 Hat (ext phys): 2.2587, Zeta Hat (ext phys): 0.4356

======================================================================
RESULTS SUMMARY  (best-val checkpoint)
======================================================================
  Metric                                  PINN (phys. ext.)  PINN (blind)
  --------------------------------------------------------------
  RMSE  (training interval)                   0.0211      0.0210
  RMSE  (extrapolation)                       0.0442      0.0294
  Physics residual  (full domain)             0.0337      0.0296
  ŷ(0)                                        1.0014      1.0002
  True w0                                     0.7071      0.7071
  w0_hat                                      0.6091      0.6232
  True zeta                                   1.7678      1.7678
  zeta_hat                                    1.3720      1.4173
Damping: 2.5e+00, Stiffness: 5.0e-01, Omega0 (true): 0.7071, Zeta (true): 1.7678
  Omega0 Hat (blind): 0.6232, Zeta Hat (blind): 1.4173
  Omega0 Hat (ext phys): 0.6091, Zeta Hat (ext phys): 1.3720

======================================================================
RESULTS SUMMARY  (best-val checkpoint)
======================================================================
  Metric                                  PINN (phys. ext.)  PINN (blind)
  --------------------------------------------------------------
  RMSE  (training interval)                   0.0173      0.0173
  RMSE  (extrapolation)                       0.0165      0.0192
  Physics residual  (full domain)             0.0320      0.0317
  ŷ(0)                                        1.0056      1.0010
  True w0                                     1.0000      1.0000
  w0_hat                                      0.9090      0.9073
  True zeta                                   1.2500      1.2500
  zeta_hat                                    1.0663      1.0657
Damping: 2.5e+00, Stiffness: 1.0e+00, Omega0 (true): 1.0000, Zeta (true): 1.2500
  Omega0 Hat (blind): 0.9073, Zeta Hat (blind): 1.0657
  Omega0 Hat (ext phys): 0.9090, Zeta Hat (ext phys): 1.0663

======================================================================
RESULTS SUMMARY  (best-val checkpoint)
======================================================================
  Metric                                  PINN (phys. ext.)  PINN (blind)
  --------------------------------------------------------------
  RMSE  (training interval)                   0.0158      0.0160
  RMSE  (extrapolation)                       0.0081      0.0079
  Physics residual  (full domain)             0.0379      0.0371
  ŷ(0)                                        1.0015      1.0000
  True w0                                     1.2247      1.2247
  w0_hat                                      1.1231      1.1289
  True zeta                                   1.0206      1.0206
  zeta_hat                                    0.8900      0.8945
Damping: 2.5e+00, Stiffness: 1.5e+00, Omega0 (true): 1.2247, Zeta (true): 1.0206
  Omega0 Hat (blind): 1.1289, Zeta Hat (blind): 0.8945
  Omega0 Hat (ext phys): 1.1231, Zeta Hat (ext phys): 0.8900

======================================================================
RESULTS SUMMARY  (best-val checkpoint)
======================================================================
  Metric                                  PINN (phys. ext.)  PINN (blind)
  --------------------------------------------------------------
  RMSE  (training interval)                   0.0133      0.0125
  RMSE  (extrapolation)                       0.0037      0.0063
  Physics residual  (full domain)             0.0429      0.0416
  ŷ(0)                                        0.9919      1.0005
  True w0                                     1.4142      1.4142
  w0_hat                                      1.3053      1.3120
  True zeta                                   0.8839      0.8839
  zeta_hat                                    0.7805      0.7872
Damping: 2.5e+00, Stiffness: 2.0e+00, Omega0 (true): 1.4142, Zeta (true): 0.8839
  Omega0 Hat (blind): 1.3120, Zeta Hat (blind): 0.7872
  Omega0 Hat (ext phys): 1.3053, Zeta Hat (ext phys): 0.7805

======================================================================
RESULTS SUMMARY  (best-val checkpoint)
======================================================================
  Metric                                  PINN (phys. ext.)  PINN (blind)
  --------------------------------------------------------------
  RMSE  (training interval)                   0.0142      0.0127
  RMSE  (extrapolation)                       0.0034      0.0099
  Physics residual  (full domain)             0.0527      0.0480
  ŷ(0)                                        1.0014      1.0003
  True w0                                     1.5811      1.5811
  w0_hat                                      1.4604      1.4663
  True zeta                                   0.7906      0.7906
  zeta_hat                                    0.7002      0.7097
Damping: 2.5e+00, Stiffness: 2.5e+00, Omega0 (true): 1.5811, Zeta (true): 0.7906
  Omega0 Hat (blind): 1.4663, Zeta Hat (blind): 0.7097
  Omega0 Hat (ext phys): 1.4604, Zeta Hat (ext phys): 0.7002

======================================================================
RESULTS SUMMARY  (best-val checkpoint)
======================================================================
  Metric                                  PINN (phys. ext.)  PINN (blind)
  --------------------------------------------------------------
  RMSE  (training interval)                   0.0151      0.0132
  RMSE  (extrapolation)                       0.0045      0.0207
  Physics residual  (full domain)             0.0623      0.0713
  ŷ(0)                                        1.0011      1.0001
  True w0                                     1.7321      1.7321
  w0_hat                                      1.5958      1.6111
  True zeta                                   0.7217      0.7217
  zeta_hat                                    0.6420      0.6553
Damping: 2.5e+00, Stiffness: 3.0e+00, Omega0 (true): 1.7321, Zeta (true): 0.7217
  Omega0 Hat (blind): 1.6111, Zeta Hat (blind): 0.6553
  Omega0 Hat (ext phys): 1.5958, Zeta Hat (ext phys): 0.6420

======================================================================
RESULTS SUMMARY  (best-val checkpoint)
======================================================================
  Metric                                  PINN (phys. ext.)  PINN (blind)
  --------------------------------------------------------------
  RMSE  (training interval)                   0.0160      0.0150
  RMSE  (extrapolation)                       0.0004      0.0195
  Physics residual  (full domain)             0.0681      0.0785
  ŷ(0)                                        0.9997      1.0002
  True w0                                     1.8708      1.8708
  w0_hat                                      1.7280      1.7413
  True zeta                                   0.6682      0.6682
  zeta_hat                                    0.5994      0.6120
Damping: 2.5e+00, Stiffness: 3.5e+00, Omega0 (true): 1.8708, Zeta (true): 0.6682
  Omega0 Hat (blind): 1.7413, Zeta Hat (blind): 0.6120
  Omega0 Hat (ext phys): 1.7280, Zeta Hat (ext phys): 0.5994

======================================================================
RESULTS SUMMARY  (best-val checkpoint)
======================================================================
  Metric                                  PINN (phys. ext.)  PINN (blind)
  --------------------------------------------------------------
  RMSE  (training interval)                   0.0173      0.0167
  RMSE  (extrapolation)                       0.0010      0.0257
  Physics residual  (full domain)             0.0763      0.1017
  ŷ(0)                                        1.0002      1.0001
  True w0                                     2.0000      2.0000
  w0_hat                                      1.8493      1.8535
  True zeta                                   0.6250      0.6250
  zeta_hat                                    0.5674      0.5807
Damping: 2.5e+00, Stiffness: 4.0e+00, Omega0 (true): 2.0000, Zeta (true): 0.6250
  Omega0 Hat (blind): 1.8535, Zeta Hat (blind): 0.5807
  Omega0 Hat (ext phys): 1.8493, Zeta Hat (ext phys): 0.5674

======================================================================
RESULTS SUMMARY  (best-val checkpoint)
======================================================================
  Metric                                  PINN (phys. ext.)  PINN (blind)
  --------------------------------------------------------------
  RMSE  (training interval)                   0.0176      0.0177
  RMSE  (extrapolation)                       0.0017      0.0144
  Physics residual  (full domain)             0.0816      0.0924
  ŷ(0)                                        0.9994      0.9997
  True w0                                     2.1213      2.1213
  w0_hat                                      1.9652      1.9642
  True zeta                                   0.5893      0.5893
  zeta_hat                                    0.5416      0.5430
Damping: 2.5e+00, Stiffness: 4.5e+00, Omega0 (true): 2.1213, Zeta (true): 0.5893
  Omega0 Hat (blind): 1.9642, Zeta Hat (blind): 0.5430
  Omega0 Hat (ext phys): 1.9652, Zeta Hat (ext phys): 0.5416

======================================================================
RESULTS SUMMARY  (best-val checkpoint)
======================================================================
  Metric                                  PINN (phys. ext.)  PINN (blind)
  --------------------------------------------------------------
  RMSE  (training interval)                   0.0175      0.0179
  RMSE  (extrapolation)                       0.0041      0.0064
  Physics residual  (full domain)             0.0833      0.0880
  ŷ(0)                                        0.9998      0.9997
  True w0                                     2.2361      2.2361
  w0_hat                                      2.0837      2.0788
  True zeta                                   0.5590      0.5590
  zeta_hat                                    0.5279      0.5241
Damping: 2.5e+00, Stiffness: 5.0e+00, Omega0 (true): 2.2361, Zeta (true): 0.5590
  Omega0 Hat (blind): 2.0788, Zeta Hat (blind): 0.5241
  Omega0 Hat (ext phys): 2.0837, Zeta Hat (ext phys): 0.5279

======================================================================
RESULTS SUMMARY  (best-val checkpoint)
======================================================================
  Metric                                  PINN (phys. ext.)  PINN (blind)
  --------------------------------------------------------------
  RMSE  (training interval)                   0.0173      0.0176
  RMSE  (extrapolation)                       0.0057      0.0076
  Physics residual  (full domain)             0.0855      0.0925
  ŷ(0)                                        1.0003      0.9995
  True w0                                     2.3452      2.3452
  w0_hat                                      2.2001      2.1942
  True zeta                                   0.5330      0.5330
  zeta_hat                                    0.5150      0.5110
Damping: 2.5e+00, Stiffness: 5.5e+00, Omega0 (true): 2.3452, Zeta (true): 0.5330
  Omega0 Hat (blind): 2.1942, Zeta Hat (blind): 0.5110
  Omega0 Hat (ext phys): 2.2001, Zeta Hat (ext phys): 0.5150

/home/edfstudent03/.local/lib/python3.9/site-packages/torch/autograd/graph.py:829: UserWarning: Attempting to run cuBLAS, but there was no current CUDA context! Attempting to set the primary context... (Triggered internally at /pytorch/aten/src/ATen/cuda/CublasHandlePool.cpp:179.)
  return Variable._execution_engine.run_backward(  # Calls into the C++ engine to run the backward pass
======================================================================
RESULTS SUMMARY  (best-val checkpoint)
======================================================================
  Metric                                  PINN (phys. ext.)  PINN (blind)
  --------------------------------------------------------------
  RMSE  (training interval)                   0.0215      0.0215
  RMSE  (extrapolation)                       0.0502      0.0311
  Physics residual  (full domain)             0.0429      0.0366
  ŷ(0)                                        1.0028      1.0002
  True w0                                     0.7071      0.7071
  w0_hat                                      0.5584      0.5963
  True zeta                                   2.1213      2.1213
  zeta_hat                                    1.4805      1.6088
Damping: 3.0e+00, Stiffness: 5.0e-01, Omega0 (true): 0.7071, Zeta (true): 2.1213
  Omega0 Hat (blind): 0.5963, Zeta Hat (blind): 1.6088
  Omega0 Hat (ext phys): 0.5584, Zeta Hat (ext phys): 1.4805

======================================================================
RESULTS SUMMARY  (best-val checkpoint)
======================================================================
  Metric                                  PINN (phys. ext.)  PINN (blind)
  --------------------------------------------------------------
  RMSE  (training interval)                   0.0193      0.0198
  RMSE  (extrapolation)                       0.0222      0.0251
  Physics residual  (full domain)             0.0406      0.0440
  ŷ(0)                                        1.0063      1.0006
  True w0                                     1.0000      1.0000
  w0_hat                                      0.8725      0.8448
  True zeta                                   1.5000      1.5000
  zeta_hat                                    1.2156      1.1783
Damping: 3.0e+00, Stiffness: 1.0e+00, Omega0 (true): 1.0000, Zeta (true): 1.5000
  Omega0 Hat (blind): 0.8448, Zeta Hat (blind): 1.1783
  Omega0 Hat (ext phys): 0.8725, Zeta Hat (ext phys): 1.2156

======================================================================
Training PINN  (data + physics (normal + extrapolated) + IC loss)
======================================================================
  Parameters: 3267
  [PINN (phys. ext.)] epoch      1  L_data=0.41085  L_phys=0.02474  L_ic=1.41594  L_total=14.57804  L_val=0.24648  patience=0/30  (0.1s)
  [PINN (phys. ext.)] epoch   1000  L_data=0.00229  L_phys=0.01683  L_ic=0.00000  L_total=0.00764  L_val=0.00152  patience=5/30  (2.8s)
  [PINN (phys. ext.)] epoch   2000  L_data=0.00204  L_phys=0.00278  L_ic=0.00000  L_total=0.00295  L_val=0.00101  patience=0/30  (5.4s)
  [PINN (phys. ext.)] epoch   3000  L_data=0.00175  L_phys=0.00027  L_ic=0.00000  L_total=0.00184  L_val=0.00045  patience=0/30  (8.1s)
  [PINN (phys. ext.)] epoch   4000  L_data=0.00173  L_phys=0.00014  L_ic=0.00000  L_total=0.00177  L_val=0.00036  patience=1/30  (10.7s)
  [PINN (phys. ext.)] epoch   5000  L_data=0.00173  L_phys=0.00020  L_ic=0.00002  L_total=0.00200  L_val=0.00026  patience=0/30  (13.4s)
  [PINN (phys. ext.)] epoch   6000  L_data=0.00172  L_phys=0.00009  L_ic=0.00000  L_total=0.00175  L_val=0.00037  patience=10/30  (16.0s)
  [PINN (phys. ext.)] epoch   7000  L_data=0.00171  L_phys=0.00011  L_ic=0.00000  L_total=0.00175  L_val=0.00039  patience=20/30  (18.7s)
  [PINN (phys. ext.)] epoch   8000  L_data=0.00171  L_phys=0.00009  L_ic=0.00000  L_total=0.00174  L_val=0.00039  patience=30/30  (21.3s)

  [PINN (phys. ext.)] Early stopping triggered at epoch 8000. Best val loss: 0.000259
  [PINN (phys. ext.)] early stop after 8000 epochs in 21.3s  (2.66 ms/epoch)  best val loss: 0.000259

======================================================================
Training PINN  (data + physics (normal + extrapolated) + IC loss)
======================================================================
  Parameters: 3267
  [PINN (blind)] epoch      1  L_data=0.23114  L_phys=0.00131  L_ic=1.00675  L_total=10.29901  L_val=0.11699  patience=0/30  (0.0s)
  [PINN (blind)] epoch   1000  L_data=0.00333  L_phys=0.02206  L_ic=0.00001  L_total=0.01038  L_val=0.00248  patience=1/30  (2.7s)
  [PINN (blind)] epoch   2000  L_data=0.00219  L_phys=0.00233  L_ic=0.00000  L_total=0.00294  L_val=0.00116  patience=0/30  (5.3s)
  [PINN (blind)] epoch   3000  L_data=0.00171  L_phys=0.00016  L_ic=0.00000  L_total=0.00176  L_val=0.00041  patience=0/30  (8.0s)
  [PINN (blind)] epoch   4000  L_data=0.00171  L_phys=0.00017  L_ic=0.00000  L_total=0.00177  L_val=0.00039  patience=1/30  (10.6s)
  [PINN (blind)] epoch   5000  L_data=0.00170  L_phys=0.00015  L_ic=0.00000  L_total=0.00177  L_val=0.00032  patience=6/30  (13.3s)
  [PINN (blind)] epoch   6000  L_data=0.00170  L_phys=0.00015  L_ic=0.00000  L_total=0.00176  L_val=0.00031  patience=16/30  (16.0s)
  [PINN (blind)] epoch   7000  L_data=0.00170  L_phys=0.00013  L_ic=0.00000  L_total=0.00174  L_val=0.00040  patience=26/30  (18.7s)

  [PINN (blind)] Early stopping triggered at epoch 7400. Best val loss: 0.000296
  [PINN (blind)] early stop after 7400 epochs in 19.7s  (2.66 ms/epoch)  best val loss: 0.000296

======================================================================
RESULTS SUMMARY  (best-val checkpoint)
======================================================================
  Metric                                  PINN (phys. ext.)  PINN (blind)
  --------------------------------------------------------------
  RMSE  (training interval)                   0.0161      0.0172
  RMSE  (extrapolation)                       0.0090      0.0150
  Physics residual  (full domain)             0.0443      0.0443
  ŷ(0)                                        1.0015      1.0003
  True w0                                     1.2247      1.2247
  w0_hat                                      1.0916      1.0977
  True zeta                                   1.2247      1.2247
  zeta_hat                                    1.0309      1.0393
Damping: 3.0e+00, Stiffness: 1.5e+00, Omega0 (true): 1.2247, Zeta (true): 1.2247
  Omega0 Hat (blind): 1.0977, Zeta Hat (blind): 1.0393
  Omega0 Hat (ext phys): 1.0916, Zeta Hat (ext phys): 1.0309

======================================================================
Training PINN  (data + physics (normal + extrapolated) + IC loss)
======================================================================
  Parameters: 3267
  [PINN (phys. ext.)] epoch      1  L_data=0.33279  L_phys=0.02474  L_ic=1.41594  L_total=14.49999  L_val=0.19541  patience=0/30  (0.0s)
  [PINN (phys. ext.)] epoch   1000  L_data=0.00288  L_phys=0.02309  L_ic=0.00000  L_total=0.01022  L_val=0.00211  patience=7/30  (2.7s)
  [PINN (phys. ext.)] epoch   2000  L_data=0.00196  L_phys=0.00101  L_ic=0.00000  L_total=0.00228  L_val=0.00094  patience=1/30  (5.5s)
  [PINN (phys. ext.)] epoch   3000  L_data=0.00171  L_phys=0.00020  L_ic=0.00000  L_total=0.00179  L_val=0.00043  patience=3/30  (8.2s)
  [PINN (phys. ext.)] epoch   4000  L_data=0.00169  L_phys=0.00017  L_ic=0.00000  L_total=0.00175  L_val=0.00035  patience=13/30  (10.9s)
  [PINN (phys. ext.)] epoch   5000  L_data=0.00169  L_phys=0.00020  L_ic=0.00000  L_total=0.00179  L_val=0.00031  patience=3/30  (13.6s)
  [PINN (phys. ext.)] epoch   6000  L_data=0.00167  L_phys=0.00024  L_ic=0.00003  L_total=0.00208  L_val=0.00029  patience=7/30  (16.2s)
  [PINN (phys. ext.)] epoch   7000  L_data=0.00169  L_phys=0.00018  L_ic=0.00000  L_total=0.00174  L_val=0.00037  patience=17/30  (18.9s)
  [PINN (phys. ext.)] epoch   8000  L_data=0.00169  L_phys=0.00016  L_ic=0.00000  L_total=0.00175  L_val=0.00038  patience=27/30  (21.5s)

  [PINN (phys. ext.)] Early stopping triggered at epoch 8300. Best val loss: 0.000274
  [PINN (phys. ext.)] early stop after 8300 epochs in 22.3s  (2.69 ms/epoch)  best val loss: 0.000274

======================================================================
Training PINN  (data + physics (normal + extrapolated) + IC loss)
======================================================================
  Parameters: 3267
  [PINN (blind)] epoch      1  L_data=0.32054  L_phys=0.03085  L_ic=1.29541  L_total=13.28442  L_val=0.19696  patience=0/30  (0.0s)
  [PINN (blind)] epoch   1000  L_data=0.00460  L_phys=0.02997  L_ic=0.00001  L_total=0.01418  L_val=0.00350  patience=1/30  (2.7s)
  [PINN (blind)] epoch   2000  L_data=0.00180  L_phys=0.00043  L_ic=0.00001  L_total=0.00200  L_val=0.00062  patience=0/30  (5.4s)
  [PINN (blind)] epoch   3000  L_data=0.00172  L_phys=0.00015  L_ic=0.00000  L_total=0.00181  L_val=0.00043  patience=2/30  (8.0s)
  [PINN (blind)] epoch   4000  L_data=0.00171  L_phys=0.00022  L_ic=0.00000  L_total=0.00178  L_val=0.00035  patience=12/30  (10.7s)
  [PINN (blind)] epoch   5000  L_data=0.00171  L_phys=0.00016  L_ic=0.00000  L_total=0.00176  L_val=0.00037  patience=7/30  (13.5s)
  [PINN (blind)] epoch   6000  L_data=0.00170  L_phys=0.00019  L_ic=0.00000  L_total=0.00179  L_val=0.00033  patience=17/30  (16.1s)
  [PINN (blind)] epoch   7000  L_data=0.00170  L_phys=0.00018  L_ic=0.00000  L_total=0.00176  L_val=0.00034  patience=27/30  (18.8s)

  [PINN (blind)] Early stopping triggered at epoch 7300. Best val loss: 0.000223
  [PINN (blind)] early stop after 7300 epochs in 19.5s  (2.68 ms/epoch)  best val loss: 0.000223

======================================================================
RESULTS SUMMARY  (best-val checkpoint)
======================================================================
  Metric                                  PINN (phys. ext.)  PINN (blind)
  --------------------------------------------------------------
  RMSE  (training interval)                   0.0166      0.0149
  RMSE  (extrapolation)                       0.0055      0.0050
  Physics residual  (full domain)             0.0532      0.0505
  ŷ(0)                                        1.0012      0.9997
  True w0                                     1.4142      1.4142
  w0_hat                                      1.2679      1.2748
  True zeta                                   1.0607      1.0607
  zeta_hat                                    0.9076      0.9109
Damping: 3.0e+00, Stiffness: 2.0e+00, Omega0 (true): 1.4142, Zeta (true): 1.0607
  Omega0 Hat (blind): 1.2748, Zeta Hat (blind): 0.9109
  Omega0 Hat (ext phys): 1.2679, Zeta Hat (ext phys): 0.9076

======================================================================
Training PINN  (data + physics (normal + extrapolated) + IC loss)
======================================================================
  Parameters: 3267
  [PINN (phys. ext.)] epoch      1  L_data=0.28078  L_phys=0.02474  L_ic=1.41594  L_total=14.44798  L_val=0.16409  patience=0/30  (0.0s)
  [PINN (phys. ext.)] epoch   1000  L_data=0.00381  L_phys=0.02766  L_ic=0.00001  L_total=0.01264  L_val=0.00297  patience=7/30  (2.6s)
  [PINN (phys. ext.)] epoch   2000  L_data=0.00177  L_phys=0.00061  L_ic=0.00001  L_total=0.00207  L_val=0.00058  patience=0/30  (5.3s)
  [PINN (phys. ext.)] epoch   3000  L_data=0.00171  L_phys=0.00027  L_ic=0.00000  L_total=0.00180  L_val=0.00038  patience=1/30  (7.9s)
  [PINN (phys. ext.)] epoch   4000  L_data=0.00171  L_phys=0.00017  L_ic=0.00000  L_total=0.00176  L_val=0.00033  patience=1/30  (10.6s)
  [PINN (phys. ext.)] epoch   5000  L_data=0.00172  L_phys=0.00015  L_ic=0.00000  L_total=0.00179  L_val=0.00034  patience=3/30  (13.4s)
  [PINN (phys. ext.)] epoch   6000  L_data=0.00169  L_phys=0.00025  L_ic=0.00000  L_total=0.00181  L_val=0.00027  patience=7/30  (16.1s)
  [PINN (phys. ext.)] epoch   7000  L_data=0.00169  L_phys=0.00020  L_ic=0.00000  L_total=0.00175  L_val=0.00032  patience=17/30  (18.8s)
  [PINN (phys. ext.)] epoch   8000  L_data=0.00169  L_phys=0.00018  L_ic=0.00000  L_total=0.00175  L_val=0.00035  patience=27/30  (21.5s)

  [PINN (phys. ext.)] Early stopping triggered at epoch 8300. Best val loss: 0.000232
  [PINN (phys. ext.)] early stop after 8300 epochs in 22.3s  (2.69 ms/epoch)  best val loss: 0.000232

======================================================================
Training PINN  (data + physics (normal + extrapolated) + IC loss)
======================================================================
  Parameters: 3267
  [PINN (blind)] epoch      1  L_data=0.26832  L_phys=0.03085  L_ic=1.29541  L_total=13.23220  L_val=0.16210  patience=0/30  (0.0s)
  [PINN (blind)] epoch   1000  L_data=0.00600  L_phys=0.03427  L_ic=0.00002  L_total=0.01701  L_val=0.00453  patience=1/30  (2.7s)
  [PINN (blind)] epoch   2000  L_data=0.00173  L_phys=0.00043  L_ic=0.00000  L_total=0.00186  L_val=0.00050  patience=1/30  (5.4s)
  [PINN (blind)] epoch   3000  L_data=0.00173  L_phys=0.00018  L_ic=0.00000  L_total=0.00181  L_val=0.00035  patience=2/30  (8.2s)
  [PINN (blind)] epoch   4000  L_data=0.00173  L_phys=0.00022  L_ic=0.00000  L_total=0.00180  L_val=0.00032  patience=12/30  (10.9s)
  [PINN (blind)] epoch   5000  L_data=0.00172  L_phys=0.00016  L_ic=0.00000  L_total=0.00181  L_val=0.00032  patience=9/30  (13.6s)
  [PINN (blind)] epoch   6000  L_data=0.00170  L_phys=0.00022  L_ic=0.00000  L_total=0.00179  L_val=0.00031  patience=19/30  (16.4s)
  [PINN (blind)] epoch   7000  L_data=0.00171  L_phys=0.00017  L_ic=0.00000  L_total=0.00177  L_val=0.00028  patience=29/30  (19.1s)

  [PINN (blind)] Early stopping triggered at epoch 7100. Best val loss: 0.000216
  [PINN (blind)] early stop after 7100 epochs in 19.4s  (2.73 ms/epoch)  best val loss: 0.000216

======================================================================
RESULTS SUMMARY  (best-val checkpoint)
======================================================================
  Metric                                  PINN (phys. ext.)  PINN (blind)
  --------------------------------------------------------------
  RMSE  (training interval)                   0.0153      0.0147
  RMSE  (extrapolation)                       0.0037      0.0015
  Physics residual  (full domain)             0.0599      0.0556
  ŷ(0)                                        1.0023      0.9998
  True w0                                     1.5811      1.5811
  w0_hat                                      1.4249      1.4330
  True zeta                                   0.9487      0.9487
  zeta_hat                                    0.8206      0.8260
Damping: 3.0e+00, Stiffness: 2.5e+00, Omega0 (true): 1.5811, Zeta (true): 0.9487
  Omega0 Hat (blind): 1.4330, Zeta Hat (blind): 0.8260
  Omega0 Hat (ext phys): 1.4249, Zeta Hat (ext phys): 0.8206

======================================================================
Training PINN  (data + physics (normal + extrapolated) + IC loss)
======================================================================
  Parameters: 3267
  [PINN (phys. ext.)] epoch      1  L_data=0.24379  L_phys=0.02474  L_ic=1.41594  L_total=14.41099  L_val=0.14302  patience=0/30  (0.0s)
  [PINN (phys. ext.)] epoch   1000  L_data=0.00529  L_phys=0.02805  L_ic=0.00000  L_total=0.01420  L_val=0.00425  patience=1/30  (2.7s)
  [PINN (phys. ext.)] epoch   2000  L_data=0.00174  L_phys=0.00047  L_ic=0.00001  L_total=0.00196  L_val=0.00053  patience=1/30  (5.5s)
  [PINN (phys. ext.)] epoch   3000  L_data=0.00168  L_phys=0.00047  L_ic=0.00002  L_total=0.00205  L_val=0.00034  patience=0/30  (8.2s)
  [PINN (phys. ext.)] epoch   4000  L_data=0.00168  L_phys=0.00019  L_ic=0.00000  L_total=0.00174  L_val=0.00033  patience=1/30  (11.0s)
  [PINN (phys. ext.)] epoch   5000  L_data=0.00171  L_phys=0.00015  L_ic=0.00001  L_total=0.00185  L_val=0.00039  patience=4/30  (13.7s)
  [PINN (phys. ext.)] epoch   6000  L_data=0.00165  L_phys=0.00023  L_ic=0.00001  L_total=0.00185  L_val=0.00028  patience=1/30  (16.4s)
  [PINN (phys. ext.)] epoch   7000  L_data=0.00164  L_phys=0.00028  L_ic=0.00000  L_total=0.00173  L_val=0.00031  patience=11/30  (19.2s)
  [PINN (phys. ext.)] epoch   8000  L_data=0.00163  L_phys=0.00030  L_ic=0.00000  L_total=0.00176  L_val=0.00041  patience=21/30  (21.9s)

  [PINN (phys. ext.)] Early stopping triggered at epoch 8900. Best val loss: 0.000260
  [PINN (phys. ext.)] early stop after 8900 epochs in 24.3s  (2.74 ms/epoch)  best val loss: 0.000260

======================================================================
Training PINN  (data + physics (normal + extrapolated) + IC loss)
======================================================================
  Parameters: 3267
  [PINN (blind)] epoch      1  L_data=0.16984  L_phys=0.00459  L_ic=1.18143  L_total=11.98560  L_val=0.09487  patience=0/30  (0.0s)
  [PINN (blind)] epoch   1000  L_data=0.00740  L_phys=0.03183  L_ic=0.00001  L_total=0.01757  L_val=0.00577  patience=0/30  (2.7s)
  [PINN (blind)] epoch   2000  L_data=0.00176  L_phys=0.00031  L_ic=0.00000  L_total=0.00185  L_val=0.00044  patience=1/30  (5.5s)
  [PINN (blind)] epoch   3000  L_data=0.00171  L_phys=0.00039  L_ic=0.00002  L_total=0.00200  L_val=0.00023  patience=0/30  (8.2s)
  [PINN (blind)] epoch   4000  L_data=0.00173  L_phys=0.00021  L_ic=0.00000  L_total=0.00179  L_val=0.00032  patience=10/30  (10.9s)
  [PINN (blind)] epoch   5000  L_data=0.00170  L_phys=0.00028  L_ic=0.00000  L_total=0.00180  L_val=0.00026  patience=6/30  (13.7s)
  [PINN (blind)] epoch   6000  L_data=0.00172  L_phys=0.00015  L_ic=0.00000  L_total=0.00177  L_val=0.00033  patience=16/30  (16.4s)
  [PINN (blind)] epoch   7000  L_data=0.00171  L_phys=0.00017  L_ic=0.00000  L_total=0.00177  L_val=0.00028  patience=26/30  (19.1s)

  [PINN (blind)] Early stopping triggered at epoch 7400. Best val loss: 0.000221
  [PINN (blind)] early stop after 7400 epochs in 20.2s  (2.73 ms/epoch)  best val loss: 0.000221

======================================================================
RESULTS SUMMARY  (best-val checkpoint)
======================================================================
  Metric                                  PINN (phys. ext.)  PINN (blind)
  --------------------------------------------------------------
  RMSE  (training interval)                   0.0162      0.0149
  RMSE  (extrapolation)                       0.0025      0.0007
  Physics residual  (full domain)             0.0727      0.0649
  ŷ(0)                                        0.9985      1.0001
  True w0                                     1.7321      1.7321
  w0_hat                                      1.5576      1.5718
  True zeta                                   0.8660      0.8660
  zeta_hat                                    0.7483      0.7596
Damping: 3.0e+00, Stiffness: 3.0e+00, Omega0 (true): 1.7321, Zeta (true): 0.8660
  Omega0 Hat (blind): 1.5718, Zeta Hat (blind): 0.7596
  Omega0 Hat (ext phys): 1.5576, Zeta Hat (ext phys): 0.7483

======================================================================
Training PINN  (data + physics (normal + extrapolated) + IC loss)
======================================================================
  Parameters: 3267
  [PINN (phys. ext.)] epoch      1  L_data=0.21630  L_phys=0.02474  L_ic=1.41594  L_total=14.38350  L_val=0.12788  patience=0/30  (0.0s)
  [PINN (phys. ext.)] epoch   1000  L_data=0.00646  L_phys=0.02745  L_ic=0.00000  L_total=0.01517  L_val=0.00542  patience=1/30  (2.7s)
  [PINN (phys. ext.)] epoch   2000  L_data=0.00190  L_phys=0.00044  L_ic=0.00018  L_total=0.00381  L_val=0.00064  patience=1/30  (5.5s)
  [PINN (phys. ext.)] epoch   3000  L_data=0.00167  L_phys=0.00027  L_ic=0.00000  L_total=0.00179  L_val=0.00042  patience=1/30  (8.2s)
  [PINN (phys. ext.)] epoch   4000  L_data=0.00165  L_phys=0.00023  L_ic=0.00000  L_total=0.00173  L_val=0.00036  patience=1/30  (10.9s)
  [PINN (phys. ext.)] epoch   5000  L_data=0.00169  L_phys=0.00016  L_ic=0.00001  L_total=0.00184  L_val=0.00043  patience=2/30  (13.7s)
  [PINN (phys. ext.)] epoch   6000  L_data=0.00163  L_phys=0.00027  L_ic=0.00001  L_total=0.00179  L_val=0.00034  patience=1/30  (16.4s)
  [PINN (phys. ext.)] epoch   7000  L_data=0.00164  L_phys=0.00026  L_ic=0.00000  L_total=0.00173  L_val=0.00033  patience=2/30  (19.1s)
  [PINN (phys. ext.)] epoch   8000  L_data=0.00161  L_phys=0.00031  L_ic=0.00000  L_total=0.00173  L_val=0.00040  patience=6/30  (21.8s)
  [PINN (phys. ext.)] epoch   9000  L_data=0.00160  L_phys=0.00034  L_ic=0.00000  L_total=0.00173  L_val=0.00035  patience=16/30  (24.6s)
  [PINN (phys. ext.)] epoch  10000  L_data=0.00161  L_phys=0.00024  L_ic=0.00000  L_total=0.00169  L_val=0.00034  patience=26/30  (27.3s)
  [PINN (phys. ext.)] complete after 10000 epochs in 27.3s  (2.73 ms/epoch)  best val loss: 0.000295

======================================================================
Training PINN  (data + physics (normal + extrapolated) + IC loss)
======================================================================
  Parameters: 3267
  [PINN (blind)] epoch      1  L_data=0.20936  L_phys=0.02617  L_ic=1.46264  L_total=14.84406  L_val=0.13278  patience=0/30  (0.0s)
  [PINN (blind)] epoch   1000  L_data=0.00810  L_phys=0.02895  L_ic=0.00002  L_total=0.01743  L_val=0.00663  patience=0/30  (2.7s)
  [PINN (blind)] epoch   2000  L_data=0.00188  L_phys=0.00044  L_ic=0.00009  L_total=0.00289  L_val=0.00043  patience=1/30  (5.5s)
  [PINN (blind)] epoch   3000  L_data=0.00171  L_phys=0.00041  L_ic=0.00003  L_total=0.00210  L_val=0.00027  patience=5/30  (8.2s)
  [PINN (blind)] epoch   4000  L_data=0.00173  L_phys=0.00016  L_ic=0.00000  L_total=0.00178  L_val=0.00030  patience=5/30  (10.9s)
  [PINN (blind)] epoch   5000  L_data=0.00169  L_phys=0.00025  L_ic=0.00000  L_total=0.00182  L_val=0.00029  patience=15/30  (13.7s)
  [PINN (blind)] epoch   6000  L_data=0.00173  L_phys=0.00010  L_ic=0.00000  L_total=0.00181  L_val=0.00037  patience=25/30  (16.4s)

  [PINN (blind)] Early stopping triggered at epoch 6500. Best val loss: 0.000253
  [PINN (blind)] early stop after 6500 epochs in 17.8s  (2.73 ms/epoch)  best val loss: 0.000253

======================================================================
RESULTS SUMMARY  (best-val checkpoint)
======================================================================
  Metric                                  PINN (phys. ext.)  PINN (blind)
  --------------------------------------------------------------
  RMSE  (training interval)                   0.0172      0.0159
  RMSE  (extrapolation)                       0.0017      0.0108
  Physics residual  (full domain)             0.0808      0.0774
  ŷ(0)                                        1.0008      1.0003
  True w0                                     1.8708      1.8708
  w0_hat                                      1.6872      1.7051
  True zeta                                   0.8018      0.8018
  zeta_hat                                    0.6995      0.7116
Damping: 3.0e+00, Stiffness: 3.5e+00, Omega0 (true): 1.8708, Zeta (true): 0.8018
  Omega0 Hat (blind): 1.7051, Zeta Hat (blind): 0.7116
  Omega0 Hat (ext phys): 1.6872, Zeta Hat (ext phys): 0.6995

======================================================================
Training PINN  (data + physics (normal + extrapolated) + IC loss)
======================================================================
  Parameters: 3267
  [PINN (phys. ext.)] epoch      1  L_data=0.19523  L_phys=0.02474  L_ic=1.41594  L_total=14.36243  L_val=0.11647  patience=0/30  (0.0s)
  [PINN (phys. ext.)] epoch   1000  L_data=0.00729  L_phys=0.02569  L_ic=0.00001  L_total=0.01547  L_val=0.00633  patience=1/30  (2.7s)
  [PINN (phys. ext.)] epoch   2000  L_data=0.00173  L_phys=0.00025  L_ic=0.00001  L_total=0.00187  L_val=0.00061  patience=0/30  (5.5s)
  [PINN (phys. ext.)] epoch   3000  L_data=0.00166  L_phys=0.00027  L_ic=0.00000  L_total=0.00177  L_val=0.00041  patience=0/30  (8.2s)
  [PINN (phys. ext.)] epoch   4000  L_data=0.00165  L_phys=0.00024  L_ic=0.00000  L_total=0.00173  L_val=0.00036  patience=3/30  (10.9s)
  [PINN (phys. ext.)] epoch   5000  L_data=0.00169  L_phys=0.00013  L_ic=0.00001  L_total=0.00188  L_val=0.00045  patience=2/30  (13.7s)
  [PINN (phys. ext.)] epoch   6000  L_data=0.00164  L_phys=0.00022  L_ic=0.00000  L_total=0.00171  L_val=0.00041  patience=12/30  (16.4s)
  [PINN (phys. ext.)] epoch   7000  L_data=0.00164  L_phys=0.00028  L_ic=0.00000  L_total=0.00174  L_val=0.00035  patience=2/30  (19.1s)
  [PINN (phys. ext.)] epoch   8000  L_data=0.00162  L_phys=0.00029  L_ic=0.00000  L_total=0.00172  L_val=0.00039  patience=3/30  (21.9s)
  [PINN (phys. ext.)] epoch   9000  L_data=0.00162  L_phys=0.00027  L_ic=0.00000  L_total=0.00172  L_val=0.00035  patience=5/30  (24.6s)
  [PINN (phys. ext.)] epoch  10000  L_data=0.00163  L_phys=0.00019  L_ic=0.00000  L_total=0.00169  L_val=0.00035  patience=15/30  (27.3s)
  [PINN (phys. ext.)] complete after 10000 epochs in 27.3s  (2.73 ms/epoch)  best val loss: 0.000310

======================================================================
Training PINN  (data + physics (normal + extrapolated) + IC loss)
======================================================================
  Parameters: 3267
  [PINN (blind)] epoch      1  L_data=0.18928  L_phys=0.02617  L_ic=1.46264  L_total=14.82399  L_val=0.12121  patience=0/30  (0.0s)
  [PINN (blind)] epoch   1000  L_data=0.00834  L_phys=0.02237  L_ic=0.00000  L_total=0.01544  L_val=0.00710  patience=0/30  (2.7s)
  [PINN (blind)] epoch   2000  L_data=0.00173  L_phys=0.00049  L_ic=0.00003  L_total=0.00221  L_val=0.00032  patience=0/30  (5.5s)
  [PINN (blind)] epoch   3000  L_data=0.00166  L_phys=0.00164  L_ic=0.00019  L_total=0.00412  L_val=0.00031  patience=6/30  (8.2s)
  [PINN (blind)] epoch   4000  L_data=0.00172  L_phys=0.00014  L_ic=0.00000  L_total=0.00177  L_val=0.00033  patience=5/30  (10.9s)
  [PINN (blind)] epoch   5000  L_data=0.00166  L_phys=0.00045  L_ic=0.00002  L_total=0.00197  L_val=0.00032  patience=6/30  (13.7s)
  [PINN (blind)] epoch   6000  L_data=0.00178  L_phys=0.00024  L_ic=0.00006  L_total=0.00247  L_val=0.00052  patience=16/30  (16.4s)
  [PINN (blind)] epoch   7000  L_data=0.00168  L_phys=0.00016  L_ic=0.00000  L_total=0.00173  L_val=0.00033  patience=26/30  (19.1s)

  [PINN (blind)] Early stopping triggered at epoch 7400. Best val loss: 0.000289
  [PINN (blind)] early stop after 7400 epochs in 20.2s  (2.73 ms/epoch)  best val loss: 0.000289

======================================================================
RESULTS SUMMARY  (best-val checkpoint)
======================================================================
  Metric                                  PINN (phys. ext.)  PINN (blind)
  --------------------------------------------------------------
  RMSE  (training interval)                   0.0176      0.0170
  RMSE  (extrapolation)                       0.0014      0.0087
  Physics residual  (full domain)             0.0891      0.0882
  ŷ(0)                                        1.0003      1.0003
  True w0                                     2.0000      2.0000
  w0_hat                                      1.8026      1.8115
  True zeta                                   0.7500      0.7500
  zeta_hat                                    0.6583      0.6640
Damping: 3.0e+00, Stiffness: 4.0e+00, Omega0 (true): 2.0000, Zeta (true): 0.7500
  Omega0 Hat (blind): 1.8115, Zeta Hat (blind): 0.6640
  Omega0 Hat (ext phys): 1.8026, Zeta Hat (ext phys): 0.6583

======================================================================
Training PINN  (data + physics (normal + extrapolated) + IC loss)
======================================================================
  Parameters: 3267
  [PINN (phys. ext.)] epoch      1  L_data=0.17869  L_phys=0.02474  L_ic=1.41594  L_total=14.34588  L_val=0.10756  patience=0/30  (0.0s)
  [PINN (phys. ext.)] epoch   1000  L_data=0.00785  L_phys=0.02233  L_ic=0.00001  L_total=0.01498  L_val=0.00728  patience=1/30  (2.7s)
  [PINN (phys. ext.)] epoch   2000  L_data=0.00181  L_phys=0.00019  L_ic=0.00004  L_total=0.00225  L_val=0.00064  patience=0/30  (5.5s)
  [PINN (phys. ext.)] epoch   3000  L_data=0.00164  L_phys=0.00090  L_ic=0.00007  L_total=0.00259  L_val=0.00042  patience=1/30  (8.1s)
  [PINN (phys. ext.)] epoch   4000  L_data=0.00168  L_phys=0.00020  L_ic=0.00000  L_total=0.00174  L_val=0.00037  patience=0/30  (10.9s)
  [PINN (phys. ext.)] epoch   5000  L_data=0.00168  L_phys=0.00015  L_ic=0.00000  L_total=0.00176  L_val=0.00042  patience=9/30  (13.6s)
  [PINN (phys. ext.)] epoch   6000  L_data=0.00166  L_phys=0.00017  L_ic=0.00000  L_total=0.00172  L_val=0.00042  patience=19/30  (16.3s)
  [PINN (phys. ext.)] epoch   7000  L_data=0.00166  L_phys=0.00027  L_ic=0.00000  L_total=0.00175  L_val=0.00036  patience=1/30  (19.0s)
  [PINN (phys. ext.)] epoch   8000  L_data=0.00162  L_phys=0.00034  L_ic=0.00000  L_total=0.00173  L_val=0.00038  patience=6/30  (21.7s)
  [PINN (phys. ext.)] epoch   9000  L_data=0.00163  L_phys=0.00021  L_ic=0.00000  L_total=0.00170  L_val=0.00037  patience=16/30  (24.5s)
  [PINN (phys. ext.)] epoch  10000  L_data=0.00164  L_phys=0.00014  L_ic=0.00000  L_total=0.00168  L_val=0.00036  patience=26/30  (27.2s)
  [PINN (phys. ext.)] complete after 10000 epochs in 27.2s  (2.72 ms/epoch)  best val loss: 0.000341

======================================================================
Training PINN  (data + physics (normal + extrapolated) + IC loss)
======================================================================
  Parameters: 3267
  [PINN (blind)] epoch      1  L_data=0.17352  L_phys=0.02617  L_ic=1.46264  L_total=14.80822  L_val=0.11217  patience=0/30  (0.0s)
  [PINN (blind)] epoch   1000  L_data=0.00806  L_phys=0.01736  L_ic=0.00007  L_total=0.01428  L_val=0.00691  patience=0/30  (2.7s)
  [PINN (blind)] epoch   2000  L_data=0.00179  L_phys=0.00026  L_ic=0.00000  L_total=0.00190  L_val=0.00039  patience=3/30  (5.5s)
  [PINN (blind)] epoch   3000  L_data=0.00172  L_phys=0.00033  L_ic=0.00000  L_total=0.00183  L_val=0.00046  patience=7/30  (8.2s)
  [PINN (blind)] epoch   4000  L_data=0.00170  L_phys=0.00019  L_ic=0.00000  L_total=0.00177  L_val=0.00036  patience=5/30  (10.9s)
  [PINN (blind)] epoch   5000  L_data=0.00165  L_phys=0.00041  L_ic=0.00001  L_total=0.00189  L_val=0.00036  patience=6/30  (13.7s)
  [PINN (blind)] epoch   6000  L_data=0.00170  L_phys=0.00011  L_ic=0.00000  L_total=0.00174  L_val=0.00042  patience=16/30  (16.4s)
  [PINN (blind)] epoch   7000  L_data=0.00167  L_phys=0.00016  L_ic=0.00000  L_total=0.00173  L_val=0.00035  patience=26/30  (19.1s)

  [PINN (blind)] Early stopping triggered at epoch 7400. Best val loss: 0.000331
  [PINN (blind)] early stop after 7400 epochs in 20.2s  (2.73 ms/epoch)  best val loss: 0.000331

======================================================================
RESULTS SUMMARY  (best-val checkpoint)
======================================================================
  Metric                                  PINN (phys. ext.)  PINN (blind)
  --------------------------------------------------------------
  RMSE  (training interval)                   0.0185      0.0182
  RMSE  (extrapolation)                       0.0004      0.0118
  Physics residual  (full domain)             0.0971      0.1021
  ŷ(0)                                        0.9990      1.0003
  True w0                                     2.1213      2.1213
  w0_hat                                      1.9173      1.9208
  True zeta                                   0.7071      0.7071
  zeta_hat                                    0.6294      0.6308
Damping: 3.0e+00, Stiffness: 4.5e+00, Omega0 (true): 2.1213, Zeta (true): 0.7071
  Omega0 Hat (blind): 1.9208, Zeta Hat (blind): 0.6308
  Omega0 Hat (ext phys): 1.9173, Zeta Hat (ext phys): 0.6294

======================================================================
Training PINN  (data + physics (normal + extrapolated) + IC loss)
======================================================================
  Parameters: 3267
  [PINN (phys. ext.)] epoch      1  L_data=0.16546  L_phys=0.02474  L_ic=1.41594  L_total=14.33266  L_val=0.10040  patience=0/30  (0.0s)
  [PINN (phys. ext.)] epoch   1000  L_data=0.00810  L_phys=0.01841  L_ic=0.00001  L_total=0.01399  L_val=0.00768  patience=0/30  (2.7s)
  [PINN (phys. ext.)] epoch   2000  L_data=0.00191  L_phys=0.00036  L_ic=0.00011  L_total=0.00314  L_val=0.00071  patience=0/30  (5.5s)
  [PINN (phys. ext.)] epoch   3000  L_data=0.00179  L_phys=0.00025  L_ic=0.00002  L_total=0.00209  L_val=0.00054  patience=1/30  (8.2s)
  [PINN (phys. ext.)] epoch   4000  L_data=0.00172  L_phys=0.00019  L_ic=0.00000  L_total=0.00178  L_val=0.00037  patience=0/30  (10.9s)
  [PINN (phys. ext.)] epoch   5000  L_data=0.00169  L_phys=0.00029  L_ic=0.00000  L_total=0.00181  L_val=0.00039  patience=9/30  (13.7s)
  [PINN (phys. ext.)] epoch   6000  L_data=0.00171  L_phys=0.00009  L_ic=0.00000  L_total=0.00178  L_val=0.00045  patience=19/30  (16.4s)
  [PINN (phys. ext.)] epoch   7000  L_data=0.00168  L_phys=0.00024  L_ic=0.00000  L_total=0.00177  L_val=0.00035  patience=1/30  (19.1s)
  [PINN (phys. ext.)] epoch   8000  L_data=0.00163  L_phys=0.00027  L_ic=0.00000  L_total=0.00172  L_val=0.00037  patience=11/30  (21.9s)
  [PINN (phys. ext.)] epoch   9000  L_data=0.00161  L_phys=0.00026  L_ic=0.00000  L_total=0.00171  L_val=0.00039  patience=21/30  (24.6s)

  [PINN (phys. ext.)] Early stopping triggered at epoch 9900. Best val loss: 0.000346
  [PINN (phys. ext.)] early stop after 9900 epochs in 27.1s  (2.73 ms/epoch)  best val loss: 0.000346

======================================================================
Training PINN  (data + physics (normal + extrapolated) + IC loss)
======================================================================
  Parameters: 3267
  [PINN (blind)] epoch      1  L_data=0.10863  L_phys=0.02479  L_ic=0.93630  L_total=9.47945  L_val=0.08444  patience=0/30  (0.0s)
  [PINN (blind)] epoch   1000  L_data=0.00591  L_phys=0.01177  L_ic=0.00001  L_total=0.00974  L_val=0.00575  patience=0/30  (2.7s)
  [PINN (blind)] epoch   2000  L_data=0.00168  L_phys=0.00037  L_ic=0.00001  L_total=0.00192  L_val=0.00054  patience=0/30  (5.5s)
  [PINN (blind)] epoch   3000  L_data=0.00170  L_phys=0.00040  L_ic=0.00000  L_total=0.00183  L_val=0.00060  patience=2/30  (8.2s)
  [PINN (blind)] epoch   4000  L_data=0.00169  L_phys=0.00020  L_ic=0.00000  L_total=0.00176  L_val=0.00037  patience=0/30  (11.0s)
  [PINN (blind)] epoch   5000  L_data=0.00161  L_phys=0.00087  L_ic=0.00009  L_total=0.00275  L_val=0.00039  patience=6/30  (13.7s)
  [PINN (blind)] epoch   6000  L_data=0.00167  L_phys=0.00016  L_ic=0.00000  L_total=0.00177  L_val=0.00044  patience=16/30  (16.4s)
  [PINN (blind)] epoch   7000  L_data=0.00167  L_phys=0.00016  L_ic=0.00000  L_total=0.00172  L_val=0.00038  patience=26/30  (19.1s)

  [PINN (blind)] Early stopping triggered at epoch 7400. Best val loss: 0.000358
  [PINN (blind)] early stop after 7400 epochs in 20.2s  (2.73 ms/epoch)  best val loss: 0.000358

======================================================================
RESULTS SUMMARY  (best-val checkpoint)
======================================================================
  Metric                                  PINN (phys. ext.)  PINN (blind)
  --------------------------------------------------------------
  RMSE  (training interval)                   0.0186      0.0189
  RMSE  (extrapolation)                       0.0008      0.0087
  Physics residual  (full domain)             0.1022      0.1087
  ŷ(0)                                        0.9998      0.9994
  True w0                                     2.2361      2.2361
  w0_hat                                      2.0289      2.0242
  True zeta                                   0.6708      0.6708
  zeta_hat                                    0.6061      0.6037
Damping: 3.0e+00, Stiffness: 5.0e+00, Omega0 (true): 2.2361, Zeta (true): 0.6708
  Omega0 Hat (blind): 2.0242, Zeta Hat (blind): 0.6037
  Omega0 Hat (ext phys): 2.0289, Zeta Hat (ext phys): 0.6061

======================================================================
Training PINN  (data + physics (normal + extrapolated) + IC loss)
======================================================================
  Parameters: 3267
  [PINN (phys. ext.)] epoch      1  L_data=0.15473  L_phys=0.02474  L_ic=1.41594  L_total=14.32193  L_val=0.09452  patience=0/30  (0.0s)
  [PINN (phys. ext.)] epoch   1000  L_data=0.00783  L_phys=0.01519  L_ic=0.00008  L_total=0.01340  L_val=0.00785  patience=0/30  (2.7s)
  [PINN (phys. ext.)] epoch   2000  L_data=0.00182  L_phys=0.00031  L_ic=0.00000  L_total=0.00192  L_val=0.00066  patience=0/30  (5.5s)
  [PINN (phys. ext.)] epoch   3000  L_data=0.00180  L_phys=0.00029  L_ic=0.00001  L_total=0.00199  L_val=0.00048  patience=0/30  (8.2s)
  [PINN (phys. ext.)] epoch   4000  L_data=0.00175  L_phys=0.00027  L_ic=0.00000  L_total=0.00186  L_val=0.00035  patience=1/30  (10.9s)
  [PINN (phys. ext.)] epoch   5000  L_data=0.00178  L_phys=0.00021  L_ic=0.00000  L_total=0.00185  L_val=0.00042  patience=9/30  (13.7s)
  [PINN (phys. ext.)] epoch   6000  L_data=0.00172  L_phys=0.00016  L_ic=0.00000  L_total=0.00178  L_val=0.00044  patience=19/30  (16.4s)
  [PINN (phys. ext.)] epoch   7000  L_data=0.00168  L_phys=0.00025  L_ic=0.00000  L_total=0.00177  L_val=0.00035  patience=29/30  (19.1s)

  [PINN (phys. ext.)] Early stopping triggered at epoch 7100. Best val loss: 0.000340
  [PINN (phys. ext.)] early stop after 7100 epochs in 19.4s  (2.73 ms/epoch)  best val loss: 0.000340

======================================================================
Training PINN  (data + physics (normal + extrapolated) + IC loss)
======================================================================
  Parameters: 3267
  [PINN (blind)] epoch      1  L_data=0.08877  L_phys=0.00052  L_ic=1.04202  L_total=10.50911  L_val=0.06194  patience=0/30  (0.0s)
  [PINN (blind)] epoch   1000  L_data=0.00702  L_phys=0.01294  L_ic=0.00002  L_total=0.01136  L_val=0.00669  patience=0/30  (2.7s)
  [PINN (blind)] epoch   2000  L_data=0.00165  L_phys=0.00125  L_ic=0.00006  L_total=0.00264  L_val=0.00052  patience=0/30  (5.5s)
  [PINN (blind)] epoch   3000  L_data=0.00172  L_phys=0.00035  L_ic=0.00000  L_total=0.00183  L_val=0.00053  patience=4/30  (8.2s)
  [PINN (blind)] epoch   4000  L_data=0.00167  L_phys=0.00030  L_ic=0.00000  L_total=0.00181  L_val=0.00037  patience=0/30  (10.9s)
  [PINN (blind)] epoch   5000  L_data=0.00167  L_phys=0.00020  L_ic=0.00000  L_total=0.00177  L_val=0.00042  patience=8/30  (13.6s)
  [PINN (blind)] epoch   6000  L_data=0.00169  L_phys=0.00013  L_ic=0.00001  L_total=0.00180  L_val=0.00047  patience=18/30  (16.3s)
  [PINN (blind)] epoch   7000  L_data=0.00163  L_phys=0.00020  L_ic=0.00000  L_total=0.00170  L_val=0.00039  patience=28/30  (19.0s)

  [PINN (blind)] Early stopping triggered at epoch 7200. Best val loss: 0.000363
  [PINN (blind)] early stop after 7200 epochs in 19.5s  (2.71 ms/epoch)  best val loss: 0.000363

======================================================================
RESULTS SUMMARY  (best-val checkpoint)
======================================================================
  Metric                                  PINN (phys. ext.)  PINN (blind)
  --------------------------------------------------------------
  RMSE  (training interval)                   0.0185      0.0191
  RMSE  (extrapolation)                       0.0024      0.0042
  Physics residual  (full domain)             0.1043      0.1105
  ŷ(0)                                        0.9997      0.9990
  True w0                                     2.3452      2.3452
  w0_hat                                      2.1387      2.1340
  True zeta                                   0.6396      0.6396
  zeta_hat                                    0.5893      0.5857
Damping: 3.0e+00, Stiffness: 5.5e+00, Omega0 (true): 2.3452, Zeta (true): 0.6396
  Omega0 Hat (blind): 2.1340, Zeta Hat (blind): 0.5857
  Omega0 Hat (ext phys): 2.1387, Zeta Hat (ext phys): 0.5893

======================================================================
RESULTS SUMMARY  (best-val checkpoint)
======================================================================
  Metric                                  PINN (phys. ext.)  PINN (blind)
  --------------------------------------------------------------
  RMSE  (training interval)                   0.0221      0.0218
  RMSE  (extrapolation)                       0.0544      0.0347
  Physics residual  (full domain)             0.0508      0.0462
  ŷ(0)                                        1.0023      1.0024
  True w0                                     0.7071      0.7071
  w0_hat                                      0.5264      0.5480
  True zeta                                   2.4749      2.4749
  zeta_hat                                    1.6059      1.6989
Damping: 3.5e+00, Stiffness: 5.0e-01, Omega0 (true): 0.7071, Zeta (true): 2.4749
  Omega0 Hat (blind): 0.5480, Zeta Hat (blind): 1.6989
  Omega0 Hat (ext phys): 0.5264, Zeta Hat (ext phys): 1.6059

======================================================================
Training PINN  (data + physics (normal + extrapolated) + IC loss)
======================================================================
  Parameters: 3267
  [PINN (phys. ext.)] epoch      1  L_data=0.58708  L_phys=0.02474  L_ic=1.41594  L_total=14.75428  L_val=0.38048  patience=0/30  (0.0s)
  [PINN (phys. ext.)] epoch   1000  L_data=0.00189  L_phys=0.01215  L_ic=0.00000  L_total=0.00574  L_val=0.00128  patience=0/30  (2.7s)
  [PINN (phys. ext.)] epoch   2000  L_data=0.00180  L_phys=0.00213  L_ic=0.00000  L_total=0.00248  L_val=0.00082  patience=3/30  (5.5s)
  [PINN (phys. ext.)] epoch   3000  L_data=0.00174  L_phys=0.00108  L_ic=0.00000  L_total=0.00208  L_val=0.00076  patience=2/30  (8.2s)
  [PINN (phys. ext.)] epoch   4000  L_data=0.00170  L_phys=0.00059  L_ic=0.00000  L_total=0.00188  L_val=0.00067  patience=0/30  (10.9s)
  [PINN (phys. ext.)] epoch   5000  L_data=0.00165  L_phys=0.00023  L_ic=0.00000  L_total=0.00173  L_val=0.00058  patience=3/30  (13.7s)
  [PINN (phys. ext.)] epoch   6000  L_data=0.00164  L_phys=0.00013  L_ic=0.00000  L_total=0.00171  L_val=0.00050  patience=1/30  (16.4s)
  [PINN (phys. ext.)] epoch   7000  L_data=0.00164  L_phys=0.00017  L_ic=0.00000  L_total=0.00169  L_val=0.00050  patience=6/30  (19.1s)
  [PINN (phys. ext.)] epoch   8000  L_data=0.00165  L_phys=0.00014  L_ic=0.00000  L_total=0.00174  L_val=0.00043  patience=0/30  (21.9s)
  [PINN (phys. ext.)] epoch   9000  L_data=0.00163  L_phys=0.00014  L_ic=0.00000  L_total=0.00169  L_val=0.00050  patience=5/30  (24.6s)
  [PINN (phys. ext.)] epoch  10000  L_data=0.00164  L_phys=0.00016  L_ic=0.00000  L_total=0.00169  L_val=0.00045  patience=15/30  (27.3s)
  [PINN (phys. ext.)] complete after 10000 epochs in 27.3s  (2.73 ms/epoch)  best val loss: 0.000414

======================================================================
Training PINN  (data + physics (normal + extrapolated) + IC loss)
======================================================================
  Parameters: 3267
  [PINN (blind)] epoch      1  L_data=0.56570  L_phys=0.02617  L_ic=1.46264  L_total=15.20040  L_val=0.39683  patience=0/30  (0.0s)
  [PINN (blind)] epoch   1000  L_data=0.00215  L_phys=0.01418  L_ic=0.00000  L_total=0.00666  L_val=0.00158  patience=1/30  (2.7s)
  [PINN (blind)] epoch   2000  L_data=0.00202  L_phys=0.00382  L_ic=0.00000  L_total=0.00324  L_val=0.00103  patience=0/30  (5.5s)
  [PINN (blind)] epoch   3000  L_data=0.00186  L_phys=0.00110  L_ic=0.00000  L_total=0.00221  L_val=0.00084  patience=0/30  (8.2s)
  [PINN (blind)] epoch   4000  L_data=0.00170  L_phys=0.00057  L_ic=0.00000  L_total=0.00188  L_val=0.00072  patience=0/30  (10.9s)
  [PINN (blind)] epoch   5000  L_data=0.00165  L_phys=0.00020  L_ic=0.00000  L_total=0.00172  L_val=0.00052  patience=0/30  (13.7s)
  [PINN (blind)] epoch   6000  L_data=0.00166  L_phys=0.00018  L_ic=0.00000  L_total=0.00172  L_val=0.00041  patience=0/30  (16.4s)
  [PINN (blind)] epoch   7000  L_data=0.00165  L_phys=0.00014  L_ic=0.00000  L_total=0.00170  L_val=0.00051  patience=10/30  (19.1s)
  [PINN (blind)] epoch   8000  L_data=0.00165  L_phys=0.00013  L_ic=0.00000  L_total=0.00171  L_val=0.00049  patience=20/30  (21.9s)
  [PINN (blind)] epoch   9000  L_data=0.00166  L_phys=0.00013  L_ic=0.00000  L_total=0.00170  L_val=0.00045  patience=30/30  (24.6s)

  [PINN (blind)] Early stopping triggered at epoch 9000. Best val loss: 0.000407
  [PINN (blind)] early stop after 9000 epochs in 24.6s  (2.73 ms/epoch)  best val loss: 0.000407

======================================================================
RESULTS SUMMARY  (best-val checkpoint)
======================================================================
  Metric                                  PINN (phys. ext.)  PINN (blind)
  --------------------------------------------------------------
  RMSE  (training interval)                   0.0203      0.0202
  RMSE  (extrapolation)                       0.0274      0.0200
  Physics residual  (full domain)             0.0474      0.0450
  ŷ(0)                                        1.0005      1.0009
  True w0                                     1.0000      1.0000
  w0_hat                                      0.8454      0.8463
  True zeta                                   1.7500      1.7500
  zeta_hat                                    1.3672      1.3753
Damping: 3.5e+00, Stiffness: 1.0e+00, Omega0 (true): 1.0000, Zeta (true): 1.7500
  Omega0 Hat (blind): 0.8463, Zeta Hat (blind): 1.3753
  Omega0 Hat (ext phys): 0.8454, Zeta Hat (ext phys): 1.3672

======================================================================
RESULTS SUMMARY  (best-val checkpoint)
======================================================================
  Metric                                  PINN (phys. ext.)  PINN (blind)
  --------------------------------------------------------------
  RMSE  (training interval)                   0.0181      0.0185
  RMSE  (extrapolation)                       0.0123      0.0184
  Physics residual  (full domain)             0.0530      0.0538
  ŷ(0)                                        1.0009      0.9999
  True w0                                     1.2247      1.2247
  w0_hat                                      1.0476      1.0592
  True zeta                                   1.4289      1.4289
  zeta_hat                                    1.1500      1.1624
Damping: 3.5e+00, Stiffness: 1.5e+00, Omega0 (true): 1.2247, Zeta (true): 1.4289
  Omega0 Hat (blind): 1.0592, Zeta Hat (blind): 1.1624
  Omega0 Hat (ext phys): 1.0476, Zeta Hat (ext phys): 1.1500

======================================================================
Training PINN  (data + physics (normal + extrapolated) + IC loss)
======================================================================
  Parameters: 3267
  [PINN (phys. ext.)] epoch      1  L_data=0.36631  L_phys=0.02474  L_ic=1.41594  L_total=14.53351  L_val=0.21700  patience=0/30  (0.0s)
  [PINN (phys. ext.)] epoch   1000  L_data=0.00271  L_phys=0.02024  L_ic=0.00000  L_total=0.00914  L_val=0.00196  patience=5/30  (2.7s)
  [PINN (phys. ext.)] epoch   2000  L_data=0.00212  L_phys=0.00232  L_ic=0.00000  L_total=0.00288  L_val=0.00116  patience=0/30  (5.5s)
  [PINN (phys. ext.)] epoch   3000  L_data=0.00179  L_phys=0.00021  L_ic=0.00003  L_total=0.00213  L_val=0.00062  patience=1/30  (8.2s)
  [PINN (phys. ext.)] epoch   4000  L_data=0.00172  L_phys=0.00009  L_ic=0.00000  L_total=0.00175  L_val=0.00040  patience=0/30  (10.9s)
  [PINN (phys. ext.)] epoch   5000  L_data=0.00172  L_phys=0.00014  L_ic=0.00002  L_total=0.00196  L_val=0.00048  patience=3/30  (13.7s)
  [PINN (phys. ext.)] epoch   6000  L_data=0.00169  L_phys=0.00014  L_ic=0.00000  L_total=0.00174  L_val=0.00044  patience=1/30  (16.4s)
  [PINN (phys. ext.)] epoch   7000  L_data=0.00168  L_phys=0.00014  L_ic=0.00000  L_total=0.00172  L_val=0.00040  patience=11/30  (19.1s)
  [PINN (phys. ext.)] epoch   8000  L_data=0.00168  L_phys=0.00012  L_ic=0.00000  L_total=0.00173  L_val=0.00042  patience=21/30  (21.8s)

  [PINN (phys. ext.)] Early stopping triggered at epoch 8900. Best val loss: 0.000279
  [PINN (phys. ext.)] early stop after 8900 epochs in 24.3s  (2.73 ms/epoch)  best val loss: 0.000279

======================================================================
Training PINN  (data + physics (normal + extrapolated) + IC loss)
======================================================================
  Parameters: 3267
  [PINN (blind)] epoch      1  L_data=0.26115  L_phys=0.00459  L_ic=1.18143  L_total=12.07691  L_val=0.14658  patience=0/30  (0.0s)
  [PINN (blind)] epoch   1000  L_data=0.00408  L_phys=0.02657  L_ic=0.00001  L_total=0.01259  L_val=0.00312  patience=6/30  (2.7s)
  [PINN (blind)] epoch   2000  L_data=0.00205  L_phys=0.00121  L_ic=0.00000  L_total=0.00244  L_val=0.00109  patience=0/30  (5.4s)
  [PINN (blind)] epoch   3000  L_data=0.00170  L_phys=0.00013  L_ic=0.00000  L_total=0.00174  L_val=0.00043  patience=0/30  (8.2s)
  [PINN (blind)] epoch   4000  L_data=0.00169  L_phys=0.00015  L_ic=0.00000  L_total=0.00174  L_val=0.00038  patience=5/30  (10.9s)
  [PINN (blind)] epoch   5000  L_data=0.00169  L_phys=0.00013  L_ic=0.00000  L_total=0.00173  L_val=0.00036  patience=7/30  (13.6s)
  [PINN (blind)] epoch   6000  L_data=0.00170  L_phys=0.00015  L_ic=0.00000  L_total=0.00177  L_val=0.00045  patience=17/30  (16.4s)
  [PINN (blind)] epoch   7000  L_data=0.00168  L_phys=0.00016  L_ic=0.00000  L_total=0.00173  L_val=0.00040  patience=27/30  (19.1s)

  [PINN (blind)] Early stopping triggered at epoch 7300. Best val loss: 0.000271
  [PINN (blind)] early stop after 7300 epochs in 19.9s  (2.73 ms/epoch)  best val loss: 0.000271

======================================================================
RESULTS SUMMARY  (best-val checkpoint)
======================================================================
  Metric                                  PINN (phys. ext.)  PINN (blind)
  --------------------------------------------------------------
  RMSE  (training interval)                   0.0167      0.0165
  RMSE  (extrapolation)                       0.0063      0.0060
  Physics residual  (full domain)             0.0601      0.0585
  ŷ(0)                                        1.0003      1.0006
  True w0                                     1.4142      1.4142
  w0_hat                                      1.2346      1.2393
  True zeta                                   1.2374      1.2374
  zeta_hat                                    1.0240      1.0294
Damping: 3.5e+00, Stiffness: 2.0e+00, Omega0 (true): 1.4142, Zeta (true): 1.2374
  Omega0 Hat (blind): 1.2393, Zeta Hat (blind): 1.0294
  Omega0 Hat (ext phys): 1.2346, Zeta Hat (ext phys): 1.0240

======================================================================
RESULTS SUMMARY  (best-val checkpoint)
======================================================================
  Metric                                  PINN (phys. ext.)  PINN (blind)
  --------------------------------------------------------------
  RMSE  (training interval)                   0.0162      0.0172
  RMSE  (extrapolation)                       0.0036      0.0038
  Physics residual  (full domain)             0.0697      0.0682
  ŷ(0)                                        1.0015      0.9999
  True w0                                     1.5811      1.5811
  w0_hat                                      1.3850      1.3894
  True zeta                                   1.1068      1.1068
  zeta_hat                                    0.9271      0.9298
Damping: 3.5e+00, Stiffness: 2.5e+00, Omega0 (true): 1.5811, Zeta (true): 1.1068
  Omega0 Hat (blind): 1.3894, Zeta Hat (blind): 0.9298
  Omega0 Hat (ext phys): 1.3850, Zeta Hat (ext phys): 0.9271

======================================================================
Training PINN  (data + physics (normal + extrapolated) + IC loss)
======================================================================
  Parameters: 3267
  [PINN (phys. ext.)] epoch      1  L_data=0.26848  L_phys=0.02474  L_ic=1.41594  L_total=14.43568  L_val=0.15653  patience=0/30  (0.0s)
  [PINN (phys. ext.)] epoch   1000  L_data=0.00440  L_phys=0.02893  L_ic=0.00001  L_total=0.01364  L_val=0.00355  patience=5/30  (2.7s)
  [PINN (phys. ext.)] epoch   2000  L_data=0.00180  L_phys=0.00077  L_ic=0.00004  L_total=0.00247  L_val=0.00068  patience=0/30  (5.5s)
  [PINN (phys. ext.)] epoch   3000  L_data=0.00170  L_phys=0.00028  L_ic=0.00000  L_total=0.00181  L_val=0.00042  patience=2/30  (8.2s)
  [PINN (phys. ext.)] epoch   4000  L_data=0.00170  L_phys=0.00014  L_ic=0.00000  L_total=0.00175  L_val=0.00036  patience=1/30  (10.9s)
  [PINN (phys. ext.)] epoch   5000  L_data=0.00172  L_phys=0.00010  L_ic=0.00000  L_total=0.00177  L_val=0.00036  patience=4/30  (13.7s)
  [PINN (phys. ext.)] epoch   6000  L_data=0.00170  L_phys=0.00012  L_ic=0.00000  L_total=0.00174  L_val=0.00033  patience=2/30  (16.4s)
  [PINN (phys. ext.)] epoch   7000  L_data=0.00169  L_phys=0.00014  L_ic=0.00000  L_total=0.00174  L_val=0.00032  patience=12/30  (19.1s)
  [PINN (phys. ext.)] epoch   8000  L_data=0.00168  L_phys=0.00015  L_ic=0.00000  L_total=0.00173  L_val=0.00039  patience=22/30  (21.8s)

  [PINN (phys. ext.)] Early stopping triggered at epoch 8800. Best val loss: 0.000287
  [PINN (phys. ext.)] early stop after 8800 epochs in 24.0s  (2.73 ms/epoch)  best val loss: 0.000287

======================================================================
Training PINN  (data + physics (normal + extrapolated) + IC loss)
======================================================================
  Parameters: 3267
  [PINN (blind)] epoch      1  L_data=0.13842  L_phys=0.00574  L_ic=0.94627  L_total=9.60289  L_val=0.07969  patience=0/30  (0.0s)
  [PINN (blind)] epoch   1000  L_data=0.00670  L_phys=0.03649  L_ic=0.00002  L_total=0.01849  L_val=0.00531  patience=1/30  (2.7s)
  [PINN (blind)] epoch   2000  L_data=0.00175  L_phys=0.00024  L_ic=0.00000  L_total=0.00184  L_val=0.00058  patience=1/30  (5.5s)
  [PINN (blind)] epoch   3000  L_data=0.00169  L_phys=0.00029  L_ic=0.00004  L_total=0.00214  L_val=0.00033  patience=0/30  (8.2s)
  [PINN (blind)] epoch   4000  L_data=0.00170  L_phys=0.00015  L_ic=0.00000  L_total=0.00175  L_val=0.00033  patience=5/30  (11.0s)
  [PINN (blind)] epoch   5000  L_data=0.00169  L_phys=0.00022  L_ic=0.00000  L_total=0.00180  L_val=0.00035  patience=1/30  (13.8s)
  [PINN (blind)] epoch   6000  L_data=0.00171  L_phys=0.00012  L_ic=0.00000  L_total=0.00179  L_val=0.00039  patience=11/30  (16.5s)
  [PINN (blind)] epoch   7000  L_data=0.00170  L_phys=0.00014  L_ic=0.00000  L_total=0.00174  L_val=0.00030  patience=21/30  (19.2s)

  [PINN (blind)] Early stopping triggered at epoch 7900. Best val loss: 0.000290
  [PINN (blind)] early stop after 7900 epochs in 21.7s  (2.74 ms/epoch)  best val loss: 0.000290

======================================================================
RESULTS SUMMARY  (best-val checkpoint)
======================================================================
  Metric                                  PINN (phys. ext.)  PINN (blind)
  --------------------------------------------------------------
  RMSE  (training interval)                   0.0170      0.0170
  RMSE  (extrapolation)                       0.0018      0.0019
  Physics residual  (full domain)             0.0786      0.0784
  ŷ(0)                                        1.0003      1.0002
  True w0                                     1.7321      1.7321
  w0_hat                                      1.5231      1.5265
  True zeta                                   1.0104      1.0104
  zeta_hat                                    0.8521      0.8559
Damping: 3.5e+00, Stiffness: 3.0e+00, Omega0 (true): 1.7321, Zeta (true): 1.0104
  Omega0 Hat (blind): 1.5265, Zeta Hat (blind): 0.8559
  Omega0 Hat (ext phys): 1.5231, Zeta Hat (ext phys): 0.8521

======================================================================
RESULTS SUMMARY  (best-val checkpoint)
======================================================================
  Metric                                  PINN (phys. ext.)  PINN (blind)
  --------------------------------------------------------------
  RMSE  (training interval)                   0.0178      0.0164
  RMSE  (extrapolation)                       0.0019      0.0036
  Physics residual  (full domain)             0.0910      0.0852
  ŷ(0)                                        1.0014      1.0002
  True w0                                     1.8708      1.8708
  w0_hat                                      1.6475      1.6533
  True zeta                                   0.9354      0.9354
  zeta_hat                                    0.7938      0.8007
Damping: 3.5e+00, Stiffness: 3.5e+00, Omega0 (true): 1.8708, Zeta (true): 0.9354
  Omega0 Hat (blind): 1.6533, Zeta Hat (blind): 0.8007
  Omega0 Hat (ext phys): 1.6475, Zeta Hat (ext phys): 0.7938

======================================================================
Training PINN  (data + physics (normal + extrapolated) + IC loss)
======================================================================
  Parameters: 3267
  [PINN (phys. ext.)] epoch      1  L_data=0.21407  L_phys=0.02474  L_ic=1.41594  L_total=14.38127  L_val=0.12573  patience=0/30  (0.0s)
  [PINN (phys. ext.)] epoch   1000  L_data=0.00698  L_phys=0.02868  L_ic=0.00000  L_total=0.01610  L_val=0.00602  patience=1/30  (2.7s)
  [PINN (phys. ext.)] epoch   2000  L_data=0.00175  L_phys=0.00042  L_ic=0.00000  L_total=0.00191  L_val=0.00070  patience=0/30  (5.5s)
  [PINN (phys. ext.)] epoch   3000  L_data=0.00169  L_phys=0.00015  L_ic=0.00000  L_total=0.00173  L_val=0.00047  patience=0/30  (8.2s)
  [PINN (phys. ext.)] epoch   4000  L_data=0.00166  L_phys=0.00016  L_ic=0.00000  L_total=0.00171  L_val=0.00039  patience=1/30  (11.0s)
  [PINN (phys. ext.)] epoch   5000  L_data=0.00167  L_phys=0.00010  L_ic=0.00000  L_total=0.00170  L_val=0.00042  patience=2/30  (13.7s)
  [PINN (phys. ext.)] epoch   6000  L_data=0.00164  L_phys=0.00023  L_ic=0.00001  L_total=0.00179  L_val=0.00041  patience=12/30  (16.5s)
  [PINN (phys. ext.)] epoch   7000  L_data=0.00163  L_phys=0.00021  L_ic=0.00000  L_total=0.00171  L_val=0.00038  patience=2/30  (19.2s)
  [PINN (phys. ext.)] epoch   8000  L_data=0.00161  L_phys=0.00026  L_ic=0.00000  L_total=0.00171  L_val=0.00043  patience=6/30  (21.9s)
  [PINN (phys. ext.)] epoch   9000  L_data=0.00162  L_phys=0.00022  L_ic=0.00000  L_total=0.00171  L_val=0.00038  patience=5/30  (24.7s)
  [PINN (phys. ext.)] epoch  10000  L_data=0.00162  L_phys=0.00018  L_ic=0.00000  L_total=0.00168  L_val=0.00037  patience=15/30  (27.4s)
  [PINN (phys. ext.)] complete after 10000 epochs in 27.4s  (2.74 ms/epoch)  best val loss: 0.000341

======================================================================
Training PINN  (data + physics (normal + extrapolated) + IC loss)
======================================================================
  Parameters: 3267
  [PINN (blind)] epoch      1  L_data=0.20693  L_phys=0.02617  L_ic=1.46264  L_total=14.84163  L_val=0.13075  patience=0/30  (0.0s)
  [PINN (blind)] epoch   1000  L_data=0.00893  L_phys=0.03231  L_ic=0.00001  L_total=0.01928  L_val=0.00749  patience=0/30  (2.7s)
  [PINN (blind)] epoch   2000  L_data=0.00177  L_phys=0.00030  L_ic=0.00000  L_total=0.00190  L_val=0.00044  patience=0/30  (5.5s)
  [PINN (blind)] epoch   3000  L_data=0.00176  L_phys=0.00012  L_ic=0.00001  L_total=0.00191  L_val=0.00042  patience=2/30  (8.2s)
  [PINN (blind)] epoch   4000  L_data=0.00171  L_phys=0.00013  L_ic=0.00000  L_total=0.00175  L_val=0.00032  patience=5/30  (11.0s)
  [PINN (blind)] epoch   5000  L_data=0.00169  L_phys=0.00020  L_ic=0.00001  L_total=0.00181  L_val=0.00033  patience=8/30  (13.7s)
  [PINN (blind)] epoch   6000  L_data=0.00173  L_phys=0.00006  L_ic=0.00001  L_total=0.00183  L_val=0.00041  patience=18/30  (16.5s)
  [PINN (blind)] epoch   7000  L_data=0.00169  L_phys=0.00012  L_ic=0.00000  L_total=0.00173  L_val=0.00033  patience=28/30  (19.2s)

  [PINN (blind)] Early stopping triggered at epoch 7200. Best val loss: 0.000302
  [PINN (blind)] early stop after 7200 epochs in 19.8s  (2.74 ms/epoch)  best val loss: 0.000302

======================================================================
RESULTS SUMMARY  (best-val checkpoint)
======================================================================
  Metric                                  PINN (phys. ext.)  PINN (blind)
  --------------------------------------------------------------
  RMSE  (training interval)                   0.0185      0.0174
  RMSE  (extrapolation)                       0.0018      0.0080
  Physics residual  (full domain)             0.1023      0.0964
  ŷ(0)                                        0.9999      1.0000
  True w0                                     2.0000      2.0000
  w0_hat                                      1.7582      1.7789
  True zeta                                   0.8750      0.8750
  zeta_hat                                    0.7453      0.7584
Damping: 3.5e+00, Stiffness: 4.0e+00, Omega0 (true): 2.0000, Zeta (true): 0.8750
  Omega0 Hat (blind): 1.7789, Zeta Hat (blind): 0.7584
  Omega0 Hat (ext phys): 1.7582, Zeta Hat (ext phys): 0.7453

======================================================================
RESULTS SUMMARY  (best-val checkpoint)
======================================================================
  Metric                                  PINN (phys. ext.)  PINN (blind)
  --------------------------------------------------------------
  RMSE  (training interval)                   0.0190      0.0179
  RMSE  (extrapolation)                       0.0014      0.0086
  Physics residual  (full domain)             0.1113      0.1070
  ŷ(0)                                        0.9999      1.0000
  True w0                                     2.1213      2.1213
  w0_hat                                      1.8669      1.8850
  True zeta                                   0.8250      0.8250
  zeta_hat                                    0.7089      0.7190
Damping: 3.5e+00, Stiffness: 4.5e+00, Omega0 (true): 2.1213, Zeta (true): 0.8250
  Omega0 Hat (blind): 1.8850, Zeta Hat (blind): 0.7190
  Omega0 Hat (ext phys): 1.8669, Zeta Hat (ext phys): 0.7089

======================================================================
Training PINN  (data + physics (normal + extrapolated) + IC loss)
======================================================================
  Parameters: 3267
  [PINN (phys. ext.)] epoch      1  L_data=0.18012  L_phys=0.02474  L_ic=1.41594  L_total=14.34732  L_val=0.10709  patience=0/30  (0.0s)
  [PINN (phys. ext.)] epoch   1000  L_data=0.00855  L_phys=0.02534  L_ic=0.00001  L_total=0.01667  L_val=0.00795  patience=1/30  (2.7s)
  [PINN (phys. ext.)] epoch   2000  L_data=0.00174  L_phys=0.00053  L_ic=0.00003  L_total=0.00217  L_val=0.00077  patience=0/30  (5.5s)
  [PINN (phys. ext.)] epoch   3000  L_data=0.00167  L_phys=0.00038  L_ic=0.00002  L_total=0.00195  L_val=0.00053  patience=0/30  (8.2s)
  [PINN (phys. ext.)] epoch   4000  L_data=0.00167  L_phys=0.00018  L_ic=0.00000  L_total=0.00173  L_val=0.00041  patience=0/30  (11.0s)
  [PINN (phys. ext.)] epoch   5000  L_data=0.00168  L_phys=0.00009  L_ic=0.00000  L_total=0.00173  L_val=0.00046  patience=7/30  (13.7s)
  [PINN (phys. ext.)] epoch   6000  L_data=0.00166  L_phys=0.00014  L_ic=0.00000  L_total=0.00170  L_val=0.00045  patience=17/30  (16.4s)
  [PINN (phys. ext.)] epoch   7000  L_data=0.00165  L_phys=0.00021  L_ic=0.00000  L_total=0.00173  L_val=0.00039  patience=1/30  (19.1s)
  [PINN (phys. ext.)] epoch   8000  L_data=0.00162  L_phys=0.00039  L_ic=0.00001  L_total=0.00180  L_val=0.00040  patience=11/30  (21.8s)
  [PINN (phys. ext.)] epoch   9000  L_data=0.00165  L_phys=0.00013  L_ic=0.00000  L_total=0.00170  L_val=0.00042  patience=21/30  (24.4s)

  [PINN (phys. ext.)] Early stopping triggered at epoch 9900. Best val loss: 0.000381
  [PINN (phys. ext.)] early stop after 9900 epochs in 26.8s  (2.71 ms/epoch)  best val loss: 0.000381

======================================================================
Training PINN  (data + physics (normal + extrapolated) + IC loss)
======================================================================
  Parameters: 3267
  [PINN (blind)] epoch      1  L_data=0.10948  L_phys=0.02479  L_ic=0.93630  L_total=9.48030  L_val=0.08293  patience=0/30  (0.0s)
  [PINN (blind)] epoch   1000  L_data=0.00875  L_phys=0.01726  L_ic=0.00029  L_total=0.01714  L_val=0.00783  patience=0/30  (2.6s)
  [PINN (blind)] epoch   2000  L_data=0.00170  L_phys=0.00023  L_ic=0.00001  L_total=0.00183  L_val=0.00063  patience=1/30  (5.3s)
  [PINN (blind)] epoch   3000  L_data=0.00164  L_phys=0.00065  L_ic=0.00008  L_total=0.00261  L_val=0.00049  patience=0/30  (7.9s)
  [PINN (blind)] epoch   4000  L_data=0.00169  L_phys=0.00011  L_ic=0.00000  L_total=0.00172  L_val=0.00041  patience=1/30  (10.6s)
  [PINN (blind)] epoch   5000  L_data=0.00164  L_phys=0.00029  L_ic=0.00001  L_total=0.00188  L_val=0.00042  patience=6/30  (13.2s)
  [PINN (blind)] epoch   6000  L_data=0.00170  L_phys=0.00011  L_ic=0.00001  L_total=0.00183  L_val=0.00048  patience=16/30  (15.9s)
  [PINN (blind)] epoch   7000  L_data=0.00166  L_phys=0.00013  L_ic=0.00000  L_total=0.00171  L_val=0.00039  patience=0/30  (18.5s)
  [PINN (blind)] epoch   8000  L_data=0.00166  L_phys=0.00013  L_ic=0.00000  L_total=0.00173  L_val=0.00042  patience=10/30  (21.1s)
  [PINN (blind)] epoch   9000  L_data=0.00166  L_phys=0.00012  L_ic=0.00000  L_total=0.00170  L_val=0.00043  patience=20/30  (23.8s)
  [PINN (blind)] epoch  10000  L_data=0.00166  L_phys=0.00012  L_ic=0.00000  L_total=0.00170  L_val=0.00040  patience=30/30  (26.4s)

  [PINN (blind)] Early stopping triggered at epoch 10000. Best val loss: 0.000391
  [PINN (blind)] early stop after 10000 epochs in 26.4s  (2.64 ms/epoch)  best val loss: 0.000391

======================================================================
RESULTS SUMMARY  (best-val checkpoint)
======================================================================
  Metric                                  PINN (phys. ext.)  PINN (blind)
  --------------------------------------------------------------
  RMSE  (training interval)                   0.0195      0.0198
  RMSE  (extrapolation)                       0.0006      0.0066
  Physics residual  (full domain)             0.1189      0.1227
  ŷ(0)                                        1.0000      1.0002
  True w0                                     2.2361      2.2361
  w0_hat                                      1.9761      1.9748
  True zeta                                   0.7826      0.7826
  zeta_hat                                    0.6826      0.6807
Damping: 3.5e+00, Stiffness: 5.0e+00, Omega0 (true): 2.2361, Zeta (true): 0.7826
  Omega0 Hat (blind): 1.9748, Zeta Hat (blind): 0.6807
  Omega0 Hat (ext phys): 1.9761, Zeta Hat (ext phys): 0.6826

======================================================================
RESULTS SUMMARY  (best-val checkpoint)
======================================================================
  Metric                                  PINN (phys. ext.)  PINN (blind)
  --------------------------------------------------------------
  RMSE  (training interval)                   0.0196      0.0201
  RMSE  (extrapolation)                       0.0005      0.0062
  Physics residual  (full domain)             0.1245      0.1301
  ŷ(0)                                        0.9998      1.0000
  True w0                                     2.3452      2.3452
  w0_hat                                      2.0808      2.0761
  True zeta                                   0.7462      0.7462
  zeta_hat                                    0.6603      0.6570
Damping: 3.5e+00, Stiffness: 5.5e+00, Omega0 (true): 2.3452, Zeta (true): 0.7462
  Omega0 Hat (blind): 2.0761, Zeta Hat (blind): 0.6570
  Omega0 Hat (ext phys): 2.0808, Zeta Hat (ext phys): 0.6603

======================================================================
Training PINN  (data + physics (normal + extrapolated) + IC loss)
======================================================================
  Parameters: 3267
  [PINN (phys. ext.)] epoch      1  L_data=0.87681  L_phys=0.02474  L_ic=1.41594  L_total=15.04400  L_val=0.63041  patience=0/30  (0.0s)
  [PINN (phys. ext.)] epoch   1000  L_data=0.00183  L_phys=0.01355  L_ic=0.00000  L_total=0.00611  L_val=0.00142  patience=0/30  (2.7s)
  [PINN (phys. ext.)] epoch   2000  L_data=0.00164  L_phys=0.00033  L_ic=0.00000  L_total=0.00175  L_val=0.00058  patience=2/30  (5.3s)
  [PINN (phys. ext.)] epoch   3000  L_data=0.00164  L_phys=0.00031  L_ic=0.00000  L_total=0.00174  L_val=0.00060  patience=3/30  (8.0s)
  [PINN (phys. ext.)] epoch   4000  L_data=0.00164  L_phys=0.00029  L_ic=0.00000  L_total=0.00173  L_val=0.00058  patience=4/30  (10.6s)
  [PINN (phys. ext.)] epoch   5000  L_data=0.00163  L_phys=0.00025  L_ic=0.00000  L_total=0.00171  L_val=0.00060  patience=6/30  (13.3s)
  [PINN (phys. ext.)] epoch   6000  L_data=0.00162  L_phys=0.00020  L_ic=0.00000  L_total=0.00169  L_val=0.00055  patience=1/30  (15.9s)
  [PINN (phys. ext.)] epoch   7000  L_data=0.00162  L_phys=0.00028  L_ic=0.00000  L_total=0.00171  L_val=0.00059  patience=11/30  (18.6s)
  [PINN (phys. ext.)] epoch   8000  L_data=0.00162  L_phys=0.00021  L_ic=0.00000  L_total=0.00170  L_val=0.00060  patience=21/30  (21.2s)

  [PINN (phys. ext.)] Early stopping triggered at epoch 8900. Best val loss: 0.000451
  [PINN (phys. ext.)] early stop after 8900 epochs in 23.6s  (2.65 ms/epoch)  best val loss: 0.000451

======================================================================
Training PINN  (data + physics (normal + extrapolated) + IC loss)
======================================================================
  Parameters: 3267
  [PINN (blind)] epoch      1  L_data=0.68457  L_phys=0.00459  L_ic=1.18143  L_total=12.50033  L_val=0.50534  patience=0/30  (0.0s)
  [PINN (blind)] epoch   1000  L_data=0.00173  L_phys=0.01396  L_ic=0.00000  L_total=0.00615  L_val=0.00127  patience=0/30  (2.7s)
  [PINN (blind)] epoch   2000  L_data=0.00165  L_phys=0.00097  L_ic=0.00000  L_total=0.00196  L_val=0.00070  patience=0/30  (5.3s)
  [PINN (blind)] epoch   3000  L_data=0.00167  L_phys=0.00046  L_ic=0.00000  L_total=0.00182  L_val=0.00063  patience=0/30  (8.0s)
  [PINN (blind)] epoch   4000  L_data=0.00167  L_phys=0.00068  L_ic=0.00000  L_total=0.00188  L_val=0.00065  patience=10/30  (10.6s)
  [PINN (blind)] epoch   5000  L_data=0.00166  L_phys=0.00043  L_ic=0.00000  L_total=0.00179  L_val=0.00060  patience=0/30  (13.4s)
  [PINN (blind)] epoch   6000  L_data=0.00165  L_phys=0.00040  L_ic=0.00000  L_total=0.00178  L_val=0.00061  patience=6/30  (16.1s)
  [PINN (blind)] epoch   7000  L_data=0.00164  L_phys=0.00026  L_ic=0.00000  L_total=0.00173  L_val=0.00058  patience=0/30  (18.9s)
  [PINN (blind)] epoch   8000  L_data=0.00164  L_phys=0.00022  L_ic=0.00000  L_total=0.00172  L_val=0.00058  patience=1/30  (21.6s)
  [PINN (blind)] epoch   9000  L_data=0.00164  L_phys=0.00017  L_ic=0.00000  L_total=0.00174  L_val=0.00062  patience=7/30  (24.3s)
  [PINN (blind)] epoch  10000  L_data=0.00164  L_phys=0.00013  L_ic=0.00000  L_total=0.00168  L_val=0.00057  patience=4/30  (27.1s)
  [PINN (blind)] complete after 10000 epochs in 27.1s  (2.71 ms/epoch)  best val loss: 0.000504

======================================================================
RESULTS SUMMARY  (best-val checkpoint)
======================================================================
  Metric                                  PINN (phys. ext.)  PINN (blind)
  --------------------------------------------------------------
  RMSE  (training interval)                   0.0212      0.0224
  RMSE  (extrapolation)                       0.0609      0.0386
  Physics residual  (full domain)             0.0629      0.0478
  ŷ(0)                                        1.0039      1.0001
  True w0                                     0.7071      0.7071
  w0_hat                                      0.4564      0.5200
  True zeta                                   2.8284      2.8284
  zeta_hat                                    1.5448      1.8150
Damping: 4.0e+00, Stiffness: 5.0e-01, Omega0 (true): 0.7071, Zeta (true): 2.8284
  Omega0 Hat (blind): 0.5200, Zeta Hat (blind): 1.8150
  Omega0 Hat (ext phys): 0.4564, Zeta Hat (ext phys): 1.5448

======================================================================
Training PINN  (data + physics (normal + extrapolated) + IC loss)
======================================================================
  Parameters: 3267
  [PINN (phys. ext.)] epoch      1  L_data=0.62977  L_phys=0.02474  L_ic=1.41594  L_total=14.79697  L_val=0.41681  patience=0/30  (0.0s)
  [PINN (phys. ext.)] epoch   1000  L_data=0.00184  L_phys=0.01213  L_ic=0.00000  L_total=0.00568  L_val=0.00130  patience=0/30  (2.7s)
  [PINN (phys. ext.)] epoch   2000  L_data=0.00176  L_phys=0.00183  L_ic=0.00000  L_total=0.00234  L_val=0.00079  patience=3/30  (5.3s)
  [PINN (phys. ext.)] epoch   3000  L_data=0.00172  L_phys=0.00109  L_ic=0.00000  L_total=0.00207  L_val=0.00076  patience=2/30  (8.1s)
  [PINN (phys. ext.)] epoch   4000  L_data=0.00169  L_phys=0.00073  L_ic=0.00000  L_total=0.00192  L_val=0.00072  patience=4/30  (10.8s)
  [PINN (phys. ext.)] epoch   5000  L_data=0.00165  L_phys=0.00035  L_ic=0.00000  L_total=0.00176  L_val=0.00067  patience=3/30  (13.5s)
  [PINN (phys. ext.)] epoch   6000  L_data=0.00163  L_phys=0.00015  L_ic=0.00000  L_total=0.00168  L_val=0.00054  patience=6/30  (16.2s)
  [PINN (phys. ext.)] epoch   7000  L_data=0.00163  L_phys=0.00019  L_ic=0.00000  L_total=0.00169  L_val=0.00053  patience=16/30  (19.0s)
  [PINN (phys. ext.)] epoch   8000  L_data=0.00163  L_phys=0.00014  L_ic=0.00000  L_total=0.00168  L_val=0.00052  patience=3/30  (21.7s)
  [PINN (phys. ext.)] epoch   9000  L_data=0.00163  L_phys=0.00013  L_ic=0.00000  L_total=0.00167  L_val=0.00051  patience=5/30  (24.4s)
  [PINN (phys. ext.)] epoch  10000  L_data=0.00163  L_phys=0.00015  L_ic=0.00000  L_total=0.00168  L_val=0.00046  patience=15/30  (27.1s)
  [PINN (phys. ext.)] complete after 10000 epochs in 27.1s  (2.71 ms/epoch)  best val loss: 0.000453

======================================================================
Training PINN  (data + physics (normal + extrapolated) + IC loss)
======================================================================
  Parameters: 3267
  [PINN (blind)] epoch      1  L_data=0.60723  L_phys=0.02617  L_ic=1.46264  L_total=15.24193  L_val=0.43501  patience=0/30  (0.0s)
  [PINN (blind)] epoch   1000  L_data=0.00203  L_phys=0.01364  L_ic=0.00000  L_total=0.00636  L_val=0.00153  patience=1/30  (2.7s)
  [PINN (blind)] epoch   2000  L_data=0.00195  L_phys=0.00331  L_ic=0.00000  L_total=0.00301  L_val=0.00098  patience=0/30  (5.5s)
  [PINN (blind)] epoch   3000  L_data=0.00186  L_phys=0.00136  L_ic=0.00000  L_total=0.00230  L_val=0.00086  patience=0/30  (8.2s)
  [PINN (blind)] epoch   4000  L_data=0.00175  L_phys=0.00095  L_ic=0.00000  L_total=0.00205  L_val=0.00081  patience=0/30  (11.0s)
  [PINN (blind)] epoch   5000  L_data=0.00166  L_phys=0.00029  L_ic=0.00000  L_total=0.00176  L_val=0.00065  patience=5/30  (13.7s)
  [PINN (blind)] epoch   6000  L_data=0.00165  L_phys=0.00021  L_ic=0.00000  L_total=0.00175  L_val=0.00041  patience=0/30  (16.4s)
  [PINN (blind)] epoch   7000  L_data=0.00164  L_phys=0.00014  L_ic=0.00000  L_total=0.00169  L_val=0.00053  patience=10/30  (19.1s)
  [PINN (blind)] epoch   8000  L_data=0.00165  L_phys=0.00013  L_ic=0.00000  L_total=0.00170  L_val=0.00051  patience=20/30  (21.9s)
  [PINN (blind)] epoch   9000  L_data=0.00165  L_phys=0.00012  L_ic=0.00001  L_total=0.00176  L_val=0.00052  patience=30/30  (24.6s)

  [PINN (blind)] Early stopping triggered at epoch 9000. Best val loss: 0.000409
  [PINN (blind)] early stop after 9000 epochs in 24.6s  (2.73 ms/epoch)  best val loss: 0.000409

======================================================================
RESULTS SUMMARY  (best-val checkpoint)
======================================================================
  Metric                                  PINN (phys. ext.)  PINN (blind)
  --------------------------------------------------------------
  RMSE  (training interval)                   0.0212      0.0202
  RMSE  (extrapolation)                       0.0319      0.0211
  Physics residual  (full domain)             0.0551      0.0540
  ŷ(0)                                        1.0010      1.0016
  True w0                                     1.0000      1.0000
  w0_hat                                      0.8116      0.7990
  True zeta                                   2.0000      2.0000
  zeta_hat                                    1.4902      1.4721
Damping: 4.0e+00, Stiffness: 1.0e+00, Omega0 (true): 1.0000, Zeta (true): 2.0000
  Omega0 Hat (blind): 0.7990, Zeta Hat (blind): 1.4721
  Omega0 Hat (ext phys): 0.8116, Zeta Hat (ext phys): 1.4902

======================================================================
Training PINN  (data + physics (normal + extrapolated) + IC loss)
======================================================================
  Parameters: 3267
  [PINN (phys. ext.)] epoch      1  L_data=0.48833  L_phys=0.02474  L_ic=1.41594  L_total=14.65553  L_val=0.30353  patience=0/30  (0.0s)
  [PINN (phys. ext.)] epoch   1000  L_data=0.00215  L_phys=0.01410  L_ic=0.00000  L_total=0.00663  L_val=0.00148  patience=0/30  (2.7s)
  [PINN (phys. ext.)] epoch   2000  L_data=0.00204  L_phys=0.00332  L_ic=0.00000  L_total=0.00311  L_val=0.00109  patience=0/30  (5.5s)
  [PINN (phys. ext.)] epoch   3000  L_data=0.00179  L_phys=0.00081  L_ic=0.00000  L_total=0.00205  L_val=0.00077  patience=0/30  (8.2s)
  [PINN (phys. ext.)] epoch   4000  L_data=0.00170  L_phys=0.00024  L_ic=0.00000  L_total=0.00177  L_val=0.00057  patience=0/30  (11.0s)
  [PINN (phys. ext.)] epoch   5000  L_data=0.00166  L_phys=0.00013  L_ic=0.00000  L_total=0.00171  L_val=0.00049  patience=2/30  (13.7s)
  [PINN (phys. ext.)] epoch   6000  L_data=0.00166  L_phys=0.00010  L_ic=0.00000  L_total=0.00169  L_val=0.00044  patience=7/30  (16.4s)
  [PINN (phys. ext.)] epoch   7000  L_data=0.00165  L_phys=0.00012  L_ic=0.00000  L_total=0.00169  L_val=0.00049  patience=17/30  (19.2s)
  [PINN (phys. ext.)] epoch   8000  L_data=0.00165  L_phys=0.00011  L_ic=0.00000  L_total=0.00172  L_val=0.00053  patience=27/30  (21.9s)

  [PINN (phys. ext.)] Early stopping triggered at epoch 8300. Best val loss: 0.000353
  [PINN (phys. ext.)] early stop after 8300 epochs in 22.7s  (2.74 ms/epoch)  best val loss: 0.000353

======================================================================
Training PINN  (data + physics (normal + extrapolated) + IC loss)
======================================================================
  Parameters: 3267
  [PINN (blind)] epoch      1  L_data=0.47954  L_phys=0.03085  L_ic=1.29541  L_total=13.44342  L_val=0.32106  patience=0/30  (0.0s)
  [PINN (blind)] epoch   1000  L_data=0.00274  L_phys=0.01822  L_ic=0.00001  L_total=0.00856  L_val=0.00205  patience=1/30  (2.7s)
  [PINN (blind)] epoch   2000  L_data=0.00237  L_phys=0.00521  L_ic=0.00000  L_total=0.00405  L_val=0.00143  patience=0/30  (5.5s)
  [PINN (blind)] epoch   3000  L_data=0.00183  L_phys=0.00042  L_ic=0.00001  L_total=0.00209  L_val=0.00096  patience=1/30  (8.2s)
  [PINN (blind)] epoch   4000  L_data=0.00168  L_phys=0.00024  L_ic=0.00000  L_total=0.00176  L_val=0.00056  patience=0/30  (11.0s)
  [PINN (blind)] epoch   5000  L_data=0.00167  L_phys=0.00012  L_ic=0.00000  L_total=0.00173  L_val=0.00038  patience=7/30  (13.7s)
  [PINN (blind)] epoch   6000  L_data=0.00167  L_phys=0.00014  L_ic=0.00000  L_total=0.00171  L_val=0.00044  patience=17/30  (16.4s)
  [PINN (blind)] epoch   7000  L_data=0.00166  L_phys=0.00012  L_ic=0.00000  L_total=0.00170  L_val=0.00048  patience=27/30  (19.2s)

  [PINN (blind)] Early stopping triggered at epoch 7300. Best val loss: 0.000328
  [PINN (blind)] early stop after 7300 epochs in 20.0s  (2.74 ms/epoch)  best val loss: 0.000328

======================================================================
RESULTS SUMMARY  (best-val checkpoint)
======================================================================
  Metric                                  PINN (phys. ext.)  PINN (blind)
  --------------------------------------------------------------
  RMSE  (training interval)                   0.0188      0.0181
  RMSE  (extrapolation)                       0.0150      0.0162
  Physics residual  (full domain)             0.0608      0.0625
  ŷ(0)                                        1.0019      0.9996
  True w0                                     1.2247      1.2247
  w0_hat                                      1.0136      0.9985
  True zeta                                   1.6330      1.6330
  zeta_hat                                    1.2678      1.2452
Damping: 4.0e+00, Stiffness: 1.5e+00, Omega0 (true): 1.2247, Zeta (true): 1.6330
  Omega0 Hat (blind): 0.9985, Zeta Hat (blind): 1.2452
  Omega0 Hat (ext phys): 1.0136, Zeta Hat (ext phys): 1.2678

======================================================================
Training PINN  (data + physics (normal + extrapolated) + IC loss)
======================================================================
  Parameters: 3267
  [PINN (phys. ext.)] epoch      1  L_data=0.39884  L_phys=0.02474  L_ic=1.41594  L_total=14.56604  L_val=0.23909  patience=0/30  (0.0s)
  [PINN (phys. ext.)] epoch   1000  L_data=0.00258  L_phys=0.01807  L_ic=0.00000  L_total=0.00833  L_val=0.00186  patience=5/30  (2.7s)
  [PINN (phys. ext.)] epoch   2000  L_data=0.00223  L_phys=0.00319  L_ic=0.00000  L_total=0.00328  L_val=0.00131  patience=0/30  (5.5s)
  [PINN (phys. ext.)] epoch   3000  L_data=0.00176  L_phys=0.00028  L_ic=0.00000  L_total=0.00186  L_val=0.00058  patience=0/30  (8.2s)
  [PINN (phys. ext.)] epoch   4000  L_data=0.00171  L_phys=0.00012  L_ic=0.00000  L_total=0.00174  L_val=0.00044  patience=0/30  (11.0s)
  [PINN (phys. ext.)] epoch   5000  L_data=0.00170  L_phys=0.00010  L_ic=0.00000  L_total=0.00175  L_val=0.00042  patience=5/30  (13.7s)
  [PINN (phys. ext.)] epoch   6000  L_data=0.00169  L_phys=0.00009  L_ic=0.00000  L_total=0.00173  L_val=0.00038  patience=15/30  (16.4s)
  [PINN (phys. ext.)] epoch   7000  L_data=0.00169  L_phys=0.00008  L_ic=0.00000  L_total=0.00172  L_val=0.00042  patience=25/30  (19.2s)

  [PINN (phys. ext.)] Early stopping triggered at epoch 7500. Best val loss: 0.000354
  [PINN (phys. ext.)] early stop after 7500 epochs in 20.5s  (2.74 ms/epoch)  best val loss: 0.000354

======================================================================
Training PINN  (data + physics (normal + extrapolated) + IC loss)
======================================================================
  Parameters: 3267
  [PINN (blind)] epoch      1  L_data=0.35620  L_phys=0.01992  L_ic=1.34295  L_total=13.79201  L_val=0.22669  patience=0/30  (0.0s)
  [PINN (blind)] epoch   1000  L_data=0.00376  L_phys=0.02416  L_ic=0.00001  L_total=0.01150  L_val=0.00285  patience=1/30  (2.7s)
  [PINN (blind)] epoch   2000  L_data=0.00239  L_phys=0.00278  L_ic=0.00000  L_total=0.00327  L_val=0.00150  patience=0/30  (5.5s)
  [PINN (blind)] epoch   3000  L_data=0.00171  L_phys=0.00014  L_ic=0.00000  L_total=0.00180  L_val=0.00060  patience=2/30  (8.2s)
  [PINN (blind)] epoch   4000  L_data=0.00168  L_phys=0.00018  L_ic=0.00000  L_total=0.00174  L_val=0.00043  patience=5/30  (11.0s)
  [PINN (blind)] epoch   5000  L_data=0.00167  L_phys=0.00012  L_ic=0.00000  L_total=0.00174  L_val=0.00036  patience=7/30  (13.7s)
  [PINN (blind)] epoch   6000  L_data=0.00167  L_phys=0.00014  L_ic=0.00000  L_total=0.00172  L_val=0.00043  patience=17/30  (16.4s)
  [PINN (blind)] epoch   7000  L_data=0.00166  L_phys=0.00015  L_ic=0.00000  L_total=0.00171  L_val=0.00044  patience=27/30  (19.2s)

  [PINN (blind)] Early stopping triggered at epoch 7300. Best val loss: 0.000351
  [PINN (blind)] early stop after 7300 epochs in 20.0s  (2.74 ms/epoch)  best val loss: 0.000351

======================================================================
RESULTS SUMMARY  (best-val checkpoint)
======================================================================
  Metric                                  PINN (phys. ext.)  PINN (blind)
  --------------------------------------------------------------
  RMSE  (training interval)                   0.0188      0.0187
  RMSE  (extrapolation)                       0.0094      0.0111
  Physics residual  (full domain)             0.0699      0.0682
  ŷ(0)                                        1.0006      1.0000
  True w0                                     1.4142      1.4142
  w0_hat                                      1.1887      1.2000
  True zeta                                   1.4142      1.4142
  zeta_hat                                    1.1239      1.1350
Damping: 4.0e+00, Stiffness: 2.0e+00, Omega0 (true): 1.4142, Zeta (true): 1.4142
  Omega0 Hat (blind): 1.2000, Zeta Hat (blind): 1.1350
  Omega0 Hat (ext phys): 1.1887, Zeta Hat (ext phys): 1.1239

======================================================================
Training PINN  (data + physics (normal + extrapolated) + IC loss)
======================================================================
  Parameters: 3267
  [PINN (phys. ext.)] epoch      1  L_data=0.33760  L_phys=0.02474  L_ic=1.41594  L_total=14.50480  L_val=0.19853  patience=0/30  (0.0s)
  [PINN (phys. ext.)] epoch   1000  L_data=0.00315  L_phys=0.02288  L_ic=0.00000  L_total=0.01043  L_val=0.00241  patience=7/30  (2.7s)
  [PINN (phys. ext.)] epoch   2000  L_data=0.00217  L_phys=0.00167  L_ic=0.00000  L_total=0.00271  L_val=0.00128  patience=1/30  (5.5s)
  [PINN (phys. ext.)] epoch   3000  L_data=0.00174  L_phys=0.00014  L_ic=0.00000  L_total=0.00181  L_val=0.00057  patience=1/30  (8.2s)
  [PINN (phys. ext.)] epoch   4000  L_data=0.00170  L_phys=0.00009  L_ic=0.00000  L_total=0.00173  L_val=0.00042  patience=0/30  (11.0s)
  [PINN (phys. ext.)] epoch   5000  L_data=0.00169  L_phys=0.00011  L_ic=0.00000  L_total=0.00172  L_val=0.00040  patience=8/30  (13.7s)
  [PINN (phys. ext.)] epoch   6000  L_data=0.00168  L_phys=0.00013  L_ic=0.00000  L_total=0.00172  L_val=0.00041  patience=1/30  (16.4s)
  [PINN (phys. ext.)] epoch   7000  L_data=0.00168  L_phys=0.00012  L_ic=0.00000  L_total=0.00171  L_val=0.00040  patience=11/30  (19.2s)
  [PINN (phys. ext.)] epoch   8000  L_data=0.00167  L_phys=0.00012  L_ic=0.00000  L_total=0.00171  L_val=0.00040  patience=21/30  (21.9s)

  [PINN (phys. ext.)] Early stopping triggered at epoch 8900. Best val loss: 0.000332
  [PINN (phys. ext.)] early stop after 8900 epochs in 24.2s  (2.72 ms/epoch)  best val loss: 0.000332

======================================================================
Training PINN  (data + physics (normal + extrapolated) + IC loss)
======================================================================
  Parameters: 3267
  [PINN (blind)] epoch      1  L_data=0.23849  L_phys=0.00459  L_ic=1.18143  L_total=12.05426  L_val=0.13248  patience=0/30  (0.0s)
  [PINN (blind)] epoch   1000  L_data=0.00488  L_phys=0.03014  L_ic=0.00001  L_total=0.01454  L_val=0.00383  patience=6/30  (2.6s)
  [PINN (blind)] epoch   2000  L_data=0.00197  L_phys=0.00059  L_ic=0.00002  L_total=0.00232  L_val=0.00094  patience=0/30  (5.3s)
  [PINN (blind)] epoch   3000  L_data=0.00170  L_phys=0.00012  L_ic=0.00000  L_total=0.00174  L_val=0.00048  patience=0/30  (7.9s)
  [PINN (blind)] epoch   4000  L_data=0.00169  L_phys=0.00014  L_ic=0.00000  L_total=0.00174  L_val=0.00042  patience=2/30  (10.6s)
  [PINN (blind)] epoch   5000  L_data=0.00168  L_phys=0.00012  L_ic=0.00000  L_total=0.00172  L_val=0.00042  patience=7/30  (13.2s)
  [PINN (blind)] epoch   6000  L_data=0.00168  L_phys=0.00014  L_ic=0.00000  L_total=0.00172  L_val=0.00042  patience=17/30  (16.0s)
  [PINN (blind)] epoch   7000  L_data=0.00167  L_phys=0.00016  L_ic=0.00000  L_total=0.00172  L_val=0.00039  patience=27/30  (18.7s)

  [PINN (blind)] Early stopping triggered at epoch 7300. Best val loss: 0.000333
  [PINN (blind)] early stop after 7300 epochs in 19.5s  (2.67 ms/epoch)  best val loss: 0.000333

======================================================================
RESULTS SUMMARY  (best-val checkpoint)
======================================================================
  Metric                                  PINN (phys. ext.)  PINN (blind)
  --------------------------------------------------------------
  RMSE  (training interval)                   0.0182      0.0183
  RMSE  (extrapolation)                       0.0056      0.0058
  Physics residual  (full domain)             0.0781      0.0779
  ŷ(0)                                        1.0003      1.0002
  True w0                                     1.5811      1.5811
  w0_hat                                      1.3494      1.3538
  True zeta                                   1.2649      1.2649
  zeta_hat                                    1.0263      1.0307
Damping: 4.0e+00, Stiffness: 2.5e+00, Omega0 (true): 1.5811, Zeta (true): 1.2649
  Omega0 Hat (blind): 1.3538, Zeta Hat (blind): 1.0307
  Omega0 Hat (ext phys): 1.3494, Zeta Hat (ext phys): 1.0263

======================================================================
Training PINN  (data + physics (normal + extrapolated) + IC loss)
======================================================================
  Parameters: 3267
  [PINN (phys. ext.)] epoch      1  L_data=0.29320  L_phys=0.02474  L_ic=1.41594  L_total=14.46040  L_val=0.17092  patience=0/30  (0.0s)
  [PINN (phys. ext.)] epoch   1000  L_data=0.00388  L_phys=0.02728  L_ic=0.00001  L_total=0.01261  L_val=0.00313  patience=7/30  (2.7s)
  [PINN (phys. ext.)] epoch   2000  L_data=0.00198  L_phys=0.00070  L_ic=0.00000  L_total=0.00223  L_val=0.00107  patience=0/30  (5.5s)
  [PINN (phys. ext.)] epoch   3000  L_data=0.00171  L_phys=0.00018  L_ic=0.00001  L_total=0.00184  L_val=0.00055  patience=3/30  (8.2s)
  [PINN (phys. ext.)] epoch   4000  L_data=0.00168  L_phys=0.00015  L_ic=0.00000  L_total=0.00175  L_val=0.00039  patience=0/30  (11.0s)
  [PINN (phys. ext.)] epoch   5000  L_data=0.00168  L_phys=0.00014  L_ic=0.00000  L_total=0.00176  L_val=0.00035  patience=4/30  (13.7s)
  [PINN (phys. ext.)] epoch   6000  L_data=0.00167  L_phys=0.00017  L_ic=0.00000  L_total=0.00175  L_val=0.00035  patience=1/30  (16.4s)
  [PINN (phys. ext.)] epoch   7000  L_data=0.00167  L_phys=0.00013  L_ic=0.00000  L_total=0.00172  L_val=0.00036  patience=11/30  (19.2s)
  [PINN (phys. ext.)] epoch   8000  L_data=0.00167  L_phys=0.00013  L_ic=0.00000  L_total=0.00172  L_val=0.00040  patience=21/30  (21.9s)

  [PINN (phys. ext.)] Early stopping triggered at epoch 8900. Best val loss: 0.000292
  [PINN (phys. ext.)] early stop after 8900 epochs in 24.4s  (2.74 ms/epoch)  best val loss: 0.000292

======================================================================
Training PINN  (data + physics (normal + extrapolated) + IC loss)
======================================================================
  Parameters: 3267
  [PINN (blind)] epoch      1  L_data=0.20481  L_phys=0.00459  L_ic=1.18143  L_total=12.02058  L_val=0.11253  patience=0/30  (0.0s)
  [PINN (blind)] epoch   1000  L_data=0.00621  L_phys=0.03499  L_ic=0.00001  L_total=0.01741  L_val=0.00496  patience=1/30  (2.7s)
  [PINN (blind)] epoch   2000  L_data=0.00181  L_phys=0.00035  L_ic=0.00002  L_total=0.00208  L_val=0.00074  patience=0/30  (5.5s)
  [PINN (blind)] epoch   3000  L_data=0.00170  L_phys=0.00011  L_ic=0.00000  L_total=0.00174  L_val=0.00044  patience=3/30  (8.2s)
  [PINN (blind)] epoch   4000  L_data=0.00169  L_phys=0.00016  L_ic=0.00000  L_total=0.00174  L_val=0.00039  patience=13/30  (11.0s)
  [PINN (blind)] epoch   5000  L_data=0.00167  L_phys=0.00017  L_ic=0.00000  L_total=0.00173  L_val=0.00042  patience=6/30  (13.7s)
  [PINN (blind)] epoch   6000  L_data=0.00169  L_phys=0.00013  L_ic=0.00000  L_total=0.00174  L_val=0.00042  patience=16/30  (16.4s)
  [PINN (blind)] epoch   7000  L_data=0.00167  L_phys=0.00015  L_ic=0.00000  L_total=0.00172  L_val=0.00034  patience=26/30  (19.2s)

  [PINN (blind)] Early stopping triggered at epoch 7400. Best val loss: 0.000262
  [PINN (blind)] early stop after 7400 epochs in 20.2s  (2.74 ms/epoch)  best val loss: 0.000262

======================================================================
RESULTS SUMMARY  (best-val checkpoint)
======================================================================
  Metric                                  PINN (phys. ext.)  PINN (blind)
  --------------------------------------------------------------
  RMSE  (training interval)                   0.0171      0.0162
  RMSE  (extrapolation)                       0.0032      0.0099
  Physics residual  (full domain)             0.0897      0.0908
  ŷ(0)                                        1.0008      1.0011
  True w0                                     1.7321      1.7321
  w0_hat                                      1.4804      1.4877
  True zeta                                   1.1547      1.1547
  zeta_hat                                    0.9463      0.9504
Damping: 4.0e+00, Stiffness: 3.0e+00, Omega0 (true): 1.7321, Zeta (true): 1.1547
  Omega0 Hat (blind): 1.4877, Zeta Hat (blind): 0.9504
  Omega0 Hat (ext phys): 1.4804, Zeta Hat (ext phys): 0.9463

======================================================================
Training PINN  (data + physics (normal + extrapolated) + IC loss)
======================================================================
  Parameters: 3267
  [PINN (phys. ext.)] epoch      1  L_data=0.25964  L_phys=0.02474  L_ic=1.41594  L_total=14.42683  L_val=0.15098  patience=0/30  (0.0s)
  [PINN (phys. ext.)] epoch   1000  L_data=0.00489  L_phys=0.02983  L_ic=0.00001  L_total=0.01443  L_val=0.00407  patience=5/30  (2.7s)
  [PINN (phys. ext.)] epoch   2000  L_data=0.00187  L_phys=0.00050  L_ic=0.00000  L_total=0.00205  L_val=0.00095  patience=0/30  (5.5s)
  [PINN (phys. ext.)] epoch   3000  L_data=0.00169  L_phys=0.00035  L_ic=0.00001  L_total=0.00189  L_val=0.00047  patience=3/30  (8.2s)
  [PINN (phys. ext.)] epoch   4000  L_data=0.00170  L_phys=0.00012  L_ic=0.00000  L_total=0.00174  L_val=0.00039  patience=1/30  (11.0s)
  [PINN (phys. ext.)] epoch   5000  L_data=0.00170  L_phys=0.00009  L_ic=0.00000  L_total=0.00174  L_val=0.00038  patience=2/30  (13.7s)
  [PINN (phys. ext.)] epoch   6000  L_data=0.00168  L_phys=0.00014  L_ic=0.00000  L_total=0.00175  L_val=0.00037  patience=9/30  (16.4s)
  [PINN (phys. ext.)] epoch   7000  L_data=0.00169  L_phys=0.00010  L_ic=0.00000  L_total=0.00172  L_val=0.00035  patience=19/30  (19.2s)
  [PINN (phys. ext.)] epoch   8000  L_data=0.00167  L_phys=0.00015  L_ic=0.00000  L_total=0.00172  L_val=0.00040  patience=29/30  (21.9s)

  [PINN (phys. ext.)] Early stopping triggered at epoch 8100. Best val loss: 0.000307
  [PINN (phys. ext.)] early stop after 8100 epochs in 22.2s  (2.74 ms/epoch)  best val loss: 0.000307

======================================================================
Training PINN  (data + physics (normal + extrapolated) + IC loss)
======================================================================
  Parameters: 3267
  [PINN (blind)] epoch      1  L_data=0.30225  L_phys=0.04559  L_ic=1.61860  L_total=16.50271  L_val=0.16800  patience=0/30  (0.0s)
  [PINN (blind)] epoch   1000  L_data=0.00755  L_phys=0.03908  L_ic=0.00002  L_total=0.02012  L_val=0.00607  patience=1/30  (2.7s)
  [PINN (blind)] epoch   2000  L_data=0.00183  L_phys=0.00037  L_ic=0.00000  L_total=0.00197  L_val=0.00083  patience=0/30  (5.5s)
  [PINN (blind)] epoch   3000  L_data=0.00169  L_phys=0.00024  L_ic=0.00002  L_total=0.00194  L_val=0.00042  patience=0/30  (8.2s)
  [PINN (blind)] epoch   4000  L_data=0.00170  L_phys=0.00015  L_ic=0.00000  L_total=0.00175  L_val=0.00038  patience=1/30  (11.0s)
  [PINN (blind)] epoch   5000  L_data=0.00169  L_phys=0.00017  L_ic=0.00000  L_total=0.00175  L_val=0.00038  patience=6/30  (13.7s)
  [PINN (blind)] epoch   6000  L_data=0.00169  L_phys=0.00013  L_ic=0.00000  L_total=0.00173  L_val=0.00041  patience=16/30  (16.4s)
  [PINN (blind)] epoch   7000  L_data=0.00169  L_phys=0.00012  L_ic=0.00000  L_total=0.00173  L_val=0.00034  patience=3/30  (19.2s)
  [PINN (blind)] epoch   8000  L_data=0.00171  L_phys=0.00009  L_ic=0.00000  L_total=0.00179  L_val=0.00036  patience=6/30  (21.9s)
  [PINN (blind)] epoch   9000  L_data=0.00171  L_phys=0.00009  L_ic=0.00000  L_total=0.00177  L_val=0.00039  patience=5/30  (24.6s)
  [PINN (blind)] epoch  10000  L_data=0.00170  L_phys=0.00009  L_ic=0.00000  L_total=0.00173  L_val=0.00033  patience=15/30  (27.4s)
  [PINN (blind)] complete after 10000 epochs in 27.4s  (2.74 ms/epoch)  best val loss: 0.000303

======================================================================
RESULTS SUMMARY  (best-val checkpoint)
======================================================================
  Metric                                  PINN (phys. ext.)  PINN (blind)
  --------------------------------------------------------------
  RMSE  (training interval)                   0.0175      0.0174
  RMSE  (extrapolation)                       0.0031      0.0035
  Physics residual  (full domain)             0.0989      0.0962
  ŷ(0)                                        1.0004      1.0001
  True w0                                     1.8708      1.8708
  w0_hat                                      1.6050      1.6150
  True zeta                                   1.0690      1.0690
  zeta_hat                                    0.8823      0.8888
Damping: 4.0e+00, Stiffness: 3.5e+00, Omega0 (true): 1.8708, Zeta (true): 1.0690
  Omega0 Hat (blind): 1.6150, Zeta Hat (blind): 0.8888
  Omega0 Hat (ext phys): 1.6050, Zeta Hat (ext phys): 0.8823

======================================================================
Training PINN  (data + physics (normal + extrapolated) + IC loss)
======================================================================
  Parameters: 3267
  [PINN (phys. ext.)] epoch      1  L_data=0.23348  L_phys=0.02474  L_ic=1.41594  L_total=14.40067  L_val=0.13593  patience=0/30  (0.0s)
  [PINN (phys. ext.)] epoch   1000  L_data=0.00622  L_phys=0.03010  L_ic=0.00001  L_total=0.01580  L_val=0.00529  patience=1/30  (2.7s)
  [PINN (phys. ext.)] epoch   2000  L_data=0.00179  L_phys=0.00069  L_ic=0.00001  L_total=0.00209  L_val=0.00081  patience=0/30  (5.5s)
  [PINN (phys. ext.)] epoch   3000  L_data=0.00169  L_phys=0.00036  L_ic=0.00001  L_total=0.00190  L_val=0.00050  patience=1/30  (8.2s)
  [PINN (phys. ext.)] epoch   4000  L_data=0.00169  L_phys=0.00010  L_ic=0.00000  L_total=0.00173  L_val=0.00040  patience=1/30  (11.0s)
  [PINN (phys. ext.)] epoch   5000  L_data=0.00169  L_phys=0.00009  L_ic=0.00000  L_total=0.00173  L_val=0.00040  patience=6/30  (13.7s)
  [PINN (phys. ext.)] epoch   6000  L_data=0.00168  L_phys=0.00008  L_ic=0.00000  L_total=0.00170  L_val=0.00041  patience=8/30  (16.4s)
  [PINN (phys. ext.)] epoch   7000  L_data=0.00166  L_phys=0.00012  L_ic=0.00000  L_total=0.00170  L_val=0.00039  patience=2/30  (19.2s)
  [PINN (phys. ext.)] epoch   8000  L_data=0.00163  L_phys=0.00021  L_ic=0.00000  L_total=0.00171  L_val=0.00043  patience=6/30  (21.9s)
  [PINN (phys. ext.)] epoch   9000  L_data=0.00163  L_phys=0.00017  L_ic=0.00000  L_total=0.00171  L_val=0.00040  patience=16/30  (24.6s)
  [PINN (phys. ext.)] epoch  10000  L_data=0.00164  L_phys=0.00015  L_ic=0.00000  L_total=0.00169  L_val=0.00040  patience=26/30  (27.4s)
  [PINN (phys. ext.)] complete after 10000 epochs in 27.4s  (2.74 ms/epoch)  best val loss: 0.000356

======================================================================
Training PINN  (data + physics (normal + extrapolated) + IC loss)
======================================================================
  Parameters: 3267
  [PINN (blind)] epoch      1  L_data=0.22521  L_phys=0.02617  L_ic=1.46264  L_total=14.85991  L_val=0.14138  patience=0/30  (0.0s)
  [PINN (blind)] epoch   1000  L_data=0.00864  L_phys=0.03869  L_ic=0.00002  L_total=0.02106  L_val=0.00708  patience=1/30  (2.7s)
  [PINN (blind)] epoch   2000  L_data=0.00176  L_phys=0.00024  L_ic=0.00000  L_total=0.00186  L_val=0.00061  patience=0/30  (5.5s)
  [PINN (blind)] epoch   3000  L_data=0.00170  L_phys=0.00020  L_ic=0.00000  L_total=0.00178  L_val=0.00041  patience=6/30  (8.2s)
  [PINN (blind)] epoch   4000  L_data=0.00171  L_phys=0.00010  L_ic=0.00000  L_total=0.00174  L_val=0.00034  patience=5/30  (11.0s)
  [PINN (blind)] epoch   5000  L_data=0.00168  L_phys=0.00022  L_ic=0.00000  L_total=0.00178  L_val=0.00038  patience=9/30  (13.7s)
  [PINN (blind)] epoch   6000  L_data=0.00171  L_phys=0.00007  L_ic=0.00000  L_total=0.00178  L_val=0.00042  patience=2/30  (16.4s)
  [PINN (blind)] epoch   7000  L_data=0.00170  L_phys=0.00010  L_ic=0.00000  L_total=0.00173  L_val=0.00033  patience=12/30  (19.2s)
  [PINN (blind)] epoch   8000  L_data=0.00170  L_phys=0.00008  L_ic=0.00000  L_total=0.00173  L_val=0.00035  patience=22/30  (21.9s)

  [PINN (blind)] Early stopping triggered at epoch 8800. Best val loss: 0.000327
  [PINN (blind)] early stop after 8800 epochs in 24.1s  (2.74 ms/epoch)  best val loss: 0.000327

======================================================================
RESULTS SUMMARY  (best-val checkpoint)
======================================================================
  Metric                                  PINN (phys. ext.)  PINN (blind)
  --------------------------------------------------------------
  RMSE  (training interval)                   0.0189      0.0181
  RMSE  (extrapolation)                       0.0015      0.0029
  Physics residual  (full domain)             0.1115      0.1087
  ŷ(0)                                        0.9999      1.0001
  True w0                                     2.0000      2.0000
  w0_hat                                      1.7210      1.7226
  True zeta                                   1.0000      1.0000
  zeta_hat                                    0.8318      0.8353
Damping: 4.0e+00, Stiffness: 4.0e+00, Omega0 (true): 2.0000, Zeta (true): 1.0000
  Omega0 Hat (blind): 1.7226, Zeta Hat (blind): 0.8353
  Omega0 Hat (ext phys): 1.7210, Zeta Hat (ext phys): 0.8318

======================================================================
Training PINN  (data + physics (normal + extrapolated) + IC loss)
======================================================================
  Parameters: 3267
  [PINN (phys. ext.)] epoch      1  L_data=0.21261  L_phys=0.02474  L_ic=1.41594  L_total=14.37981  L_val=0.12417  patience=0/30  (0.0s)
  [PINN (phys. ext.)] epoch   1000  L_data=0.00735  L_phys=0.02957  L_ic=0.00001  L_total=0.01677  L_val=0.00649  patience=1/30  (2.7s)
  [PINN (phys. ext.)] epoch   2000  L_data=0.00180  L_phys=0.00047  L_ic=0.00000  L_total=0.00197  L_val=0.00085  patience=0/30  (5.5s)
  [PINN (phys. ext.)] epoch   3000  L_data=0.00170  L_phys=0.00012  L_ic=0.00000  L_total=0.00174  L_val=0.00055  patience=3/30  (8.2s)
  [PINN (phys. ext.)] epoch   4000  L_data=0.00167  L_phys=0.00012  L_ic=0.00000  L_total=0.00171  L_val=0.00043  patience=1/30  (11.0s)
  [PINN (phys. ext.)] epoch   5000  L_data=0.00167  L_phys=0.00008  L_ic=0.00000  L_total=0.00170  L_val=0.00046  patience=8/30  (13.7s)
  [PINN (phys. ext.)] epoch   6000  L_data=0.00163  L_phys=0.00046  L_ic=0.00002  L_total=0.00197  L_val=0.00040  patience=0/30  (16.4s)
  [PINN (phys. ext.)] epoch   7000  L_data=0.00164  L_phys=0.00016  L_ic=0.00000  L_total=0.00170  L_val=0.00041  patience=2/30  (19.2s)
  [PINN (phys. ext.)] epoch   8000  L_data=0.00162  L_phys=0.00024  L_ic=0.00000  L_total=0.00170  L_val=0.00044  patience=6/30  (21.9s)
  [PINN (phys. ext.)] epoch   9000  L_data=0.00163  L_phys=0.00017  L_ic=0.00000  L_total=0.00170  L_val=0.00041  patience=2/30  (24.7s)
  [PINN (phys. ext.)] epoch  10000  L_data=0.00164  L_phys=0.00014  L_ic=0.00000  L_total=0.00169  L_val=0.00040  patience=12/30  (27.4s)
  [PINN (phys. ext.)] complete after 10000 epochs in 27.4s  (2.74 ms/epoch)  best val loss: 0.000372

======================================================================
Training PINN  (data + physics (normal + extrapolated) + IC loss)
======================================================================
  Parameters: 3267
  [PINN (blind)] epoch      1  L_data=0.20531  L_phys=0.02617  L_ic=1.46264  L_total=14.84001  L_val=0.12929  patience=0/30  (0.0s)
  [PINN (blind)] epoch   1000  L_data=0.00954  L_phys=0.03474  L_ic=0.00002  L_total=0.02068  L_val=0.00805  patience=0/30  (2.8s)
  [PINN (blind)] epoch   2000  L_data=0.00170  L_phys=0.00079  L_ic=0.00011  L_total=0.00303  L_val=0.00052  patience=0/30  (5.5s)
  [PINN (blind)] epoch   3000  L_data=0.00173  L_phys=0.00016  L_ic=0.00000  L_total=0.00181  L_val=0.00051  patience=3/30  (8.2s)
  [PINN (blind)] epoch   4000  L_data=0.00171  L_phys=0.00010  L_ic=0.00000  L_total=0.00174  L_val=0.00036  patience=1/30  (11.0s)
  [PINN (blind)] epoch   5000  L_data=0.00173  L_phys=0.00009  L_ic=0.00001  L_total=0.00187  L_val=0.00043  patience=1/30  (13.7s)
  [PINN (blind)] epoch   6000  L_data=0.00170  L_phys=0.00007  L_ic=0.00000  L_total=0.00172  L_val=0.00041  patience=11/30  (16.4s)
  [PINN (blind)] epoch   7000  L_data=0.00169  L_phys=0.00010  L_ic=0.00000  L_total=0.00172  L_val=0.00036  patience=21/30  (19.2s)

  [PINN (blind)] Early stopping triggered at epoch 7900. Best val loss: 0.000340
  [PINN (blind)] early stop after 7900 epochs in 21.6s  (2.74 ms/epoch)  best val loss: 0.000340

======================================================================
RESULTS SUMMARY  (best-val checkpoint)
======================================================================
  Metric                                  PINN (phys. ext.)  PINN (blind)
  --------------------------------------------------------------
  RMSE  (training interval)                   0.0193      0.0185
  RMSE  (extrapolation)                       0.0020      0.0020
  Physics residual  (full domain)             0.1244      0.1179
  ŷ(0)                                        0.9983      1.0001
  True w0                                     2.1213      2.1213
  w0_hat                                      1.8201      1.8298
  True zeta                                   0.9428      0.9428
  zeta_hat                                    0.7870      0.7939
Damping: 4.0e+00, Stiffness: 4.5e+00, Omega0 (true): 2.1213, Zeta (true): 0.9428
  Omega0 Hat (blind): 1.8298, Zeta Hat (blind): 0.7939
  Omega0 Hat (ext phys): 1.8201, Zeta Hat (ext phys): 0.7870

======================================================================
Training PINN  (data + physics (normal + extrapolated) + IC loss)
======================================================================
  Parameters: 3267
  [PINN (phys. ext.)] epoch      1  L_data=0.19566  L_phys=0.02474  L_ic=1.41594  L_total=14.36286  L_val=0.11472  patience=0/30  (0.0s)
  [PINN (phys. ext.)] epoch   1000  L_data=0.00827  L_phys=0.02874  L_ic=0.00000  L_total=0.01740  L_val=0.00751  patience=1/30  (2.7s)
  [PINN (phys. ext.)] epoch   2000  L_data=0.00179  L_phys=0.00052  L_ic=0.00002  L_total=0.00211  L_val=0.00088  patience=0/30  (5.5s)
  [PINN (phys. ext.)] epoch   3000  L_data=0.00169  L_phys=0.00027  L_ic=0.00002  L_total=0.00192  L_val=0.00061  patience=0/30  (8.2s)
  [PINN (phys. ext.)] epoch   4000  L_data=0.00167  L_phys=0.00012  L_ic=0.00000  L_total=0.00171  L_val=0.00045  patience=0/30  (11.0s)
  [PINN (phys. ext.)] epoch   5000  L_data=0.00167  L_phys=0.00010  L_ic=0.00000  L_total=0.00170  L_val=0.00049  patience=7/30  (13.7s)
  [PINN (phys. ext.)] epoch   6000  L_data=0.00167  L_phys=0.00008  L_ic=0.00000  L_total=0.00172  L_val=0.00048  patience=17/30  (16.5s)
  [PINN (phys. ext.)] epoch   7000  L_data=0.00164  L_phys=0.00018  L_ic=0.00000  L_total=0.00170  L_val=0.00042  patience=1/30  (19.2s)
  [PINN (phys. ext.)] epoch   8000  L_data=0.00162  L_phys=0.00026  L_ic=0.00000  L_total=0.00171  L_val=0.00043  patience=6/30  (21.9s)
  [PINN (phys. ext.)] epoch   9000  L_data=0.00165  L_phys=0.00014  L_ic=0.00000  L_total=0.00169  L_val=0.00044  patience=5/30  (24.7s)
  [PINN (phys. ext.)] epoch  10000  L_data=0.00166  L_phys=0.00011  L_ic=0.00000  L_total=0.00170  L_val=0.00042  patience=15/30  (27.4s)
  [PINN (phys. ext.)] complete after 10000 epochs in 27.4s  (2.74 ms/epoch)  best val loss: 0.000403

======================================================================
Training PINN  (data + physics (normal + extrapolated) + IC loss)
======================================================================
  Parameters: 3267
  [PINN (blind)] epoch      1  L_data=0.18915  L_phys=0.02617  L_ic=1.46264  L_total=14.82385  L_val=0.11968  patience=0/30  (0.0s)
  [PINN (blind)] epoch   1000  L_data=0.01001  L_phys=0.02909  L_ic=0.00003  L_total=0.01953  L_val=0.00876  patience=0/30  (2.7s)
  [PINN (blind)] epoch   2000  L_data=0.00169  L_phys=0.00095  L_ic=0.00012  L_total=0.00319  L_val=0.00056  patience=0/30  (5.5s)
  [PINN (blind)] epoch   3000  L_data=0.00178  L_phys=0.00019  L_ic=0.00005  L_total=0.00238  L_val=0.00052  patience=6/30  (8.2s)
  [PINN (blind)] epoch   4000  L_data=0.00170  L_phys=0.00012  L_ic=0.00000  L_total=0.00174  L_val=0.00037  patience=2/30  (11.0s)
  [PINN (blind)] epoch   5000  L_data=0.00174  L_phys=0.00007  L_ic=0.00003  L_total=0.00204  L_val=0.00046  patience=8/30  (13.7s)
  [PINN (blind)] epoch   6000  L_data=0.00172  L_phys=0.00005  L_ic=0.00001  L_total=0.00183  L_val=0.00045  patience=18/30  (16.4s)
  [PINN (blind)] epoch   7000  L_data=0.00169  L_phys=0.00008  L_ic=0.00000  L_total=0.00172  L_val=0.00037  patience=28/30  (19.2s)

  [PINN (blind)] Early stopping triggered at epoch 7200. Best val loss: 0.000353
  [PINN (blind)] early stop after 7200 epochs in 19.7s  (2.74 ms/epoch)  best val loss: 0.000353

======================================================================
RESULTS SUMMARY  (best-val checkpoint)
======================================================================
  Metric                                  PINN (phys. ext.)  PINN (blind)
  --------------------------------------------------------------
  RMSE  (training interval)                   0.0201      0.0188
  RMSE  (extrapolation)                       0.0012      0.0070
  Physics residual  (full domain)             0.1341      0.1273
  ŷ(0)                                        0.9999      0.9999
  True w0                                     2.2361      2.2361
  w0_hat                                      1.9219      1.9425
  True zeta                                   0.8944      0.8944
  zeta_hat                                    0.7529      0.7642
Damping: 4.0e+00, Stiffness: 5.0e+00, Omega0 (true): 2.2361, Zeta (true): 0.8944
  Omega0 Hat (blind): 1.9425, Zeta Hat (blind): 0.7642
  Omega0 Hat (ext phys): 1.9219, Zeta Hat (ext phys): 0.7529

======================================================================
Training PINN  (data + physics (normal + extrapolated) + IC loss)
======================================================================
  Parameters: 3267
  [PINN (phys. ext.)] epoch      1  L_data=0.18170  L_phys=0.02474  L_ic=1.41594  L_total=14.34890  L_val=0.10697  patience=0/30  (0.0s)
  [PINN (phys. ext.)] epoch   1000  L_data=0.00907  L_phys=0.02728  L_ic=0.00001  L_total=0.01783  L_val=0.00844  patience=1/30  (2.7s)
  [PINN (phys. ext.)] epoch   2000  L_data=0.00183  L_phys=0.00030  L_ic=0.00000  L_total=0.00192  L_val=0.00097  patience=0/30  (5.5s)
  [PINN (phys. ext.)] epoch   3000  L_data=0.00172  L_phys=0.00014  L_ic=0.00000  L_total=0.00177  L_val=0.00068  patience=1/30  (8.2s)
  [PINN (phys. ext.)] epoch   4000  L_data=0.00168  L_phys=0.00014  L_ic=0.00000  L_total=0.00173  L_val=0.00046  patience=0/30  (11.0s)
  [PINN (phys. ext.)] epoch   5000  L_data=0.00167  L_phys=0.00013  L_ic=0.00000  L_total=0.00172  L_val=0.00049  patience=5/30  (13.7s)
  [PINN (phys. ext.)] epoch   6000  L_data=0.00165  L_phys=0.00030  L_ic=0.00001  L_total=0.00181  L_val=0.00047  patience=15/30  (16.5s)
  [PINN (phys. ext.)] epoch   7000  L_data=0.00166  L_phys=0.00015  L_ic=0.00000  L_total=0.00172  L_val=0.00042  patience=1/30  (19.2s)
  [PINN (phys. ext.)] epoch   8000  L_data=0.00163  L_phys=0.00029  L_ic=0.00000  L_total=0.00175  L_val=0.00043  patience=11/30  (21.9s)
  [PINN (phys. ext.)] epoch   9000  L_data=0.00166  L_phys=0.00010  L_ic=0.00000  L_total=0.00170  L_val=0.00046  patience=21/30  (24.7s)

  [PINN (phys. ext.)] Early stopping triggered at epoch 9900. Best val loss: 0.000414
  [PINN (phys. ext.)] early stop after 9900 epochs in 27.1s  (2.74 ms/epoch)  best val loss: 0.000414

======================================================================
Training PINN  (data + physics (normal + extrapolated) + IC loss)
======================================================================
  Parameters: 3267
  [PINN (blind)] epoch      1  L_data=0.10733  L_phys=0.02479  L_ic=0.93630  L_total=9.47815  L_val=0.08153  patience=0/30  (0.0s)
  [PINN (blind)] epoch   1000  L_data=0.00997  L_phys=0.02058  L_ic=0.00060  L_total=0.02244  L_val=0.00886  patience=0/30  (2.7s)
  [PINN (blind)] epoch   2000  L_data=0.00171  L_phys=0.00039  L_ic=0.00004  L_total=0.00227  L_val=0.00071  patience=0/30  (5.5s)
  [PINN (blind)] epoch   3000  L_data=0.00170  L_phys=0.00011  L_ic=0.00000  L_total=0.00174  L_val=0.00060  patience=3/30  (8.2s)
  [PINN (blind)] epoch   4000  L_data=0.00169  L_phys=0.00009  L_ic=0.00000  L_total=0.00172  L_val=0.00044  patience=0/30  (11.0s)
  [PINN (blind)] epoch   5000  L_data=0.00171  L_phys=0.00008  L_ic=0.00002  L_total=0.00189  L_val=0.00050  patience=9/30  (13.7s)
  [PINN (blind)] epoch   6000  L_data=0.00169  L_phys=0.00009  L_ic=0.00000  L_total=0.00173  L_val=0.00051  patience=19/30  (16.4s)
  [PINN (blind)] epoch   7000  L_data=0.00167  L_phys=0.00011  L_ic=0.00000  L_total=0.00171  L_val=0.00042  patience=0/30  (19.2s)
  [PINN (blind)] epoch   8000  L_data=0.00166  L_phys=0.00015  L_ic=0.00000  L_total=0.00171  L_val=0.00044  patience=8/30  (21.9s)
  [PINN (blind)] epoch   9000  L_data=0.00167  L_phys=0.00010  L_ic=0.00000  L_total=0.00171  L_val=0.00045  patience=18/30  (24.6s)
  [PINN (blind)] epoch  10000  L_data=0.00167  L_phys=0.00011  L_ic=0.00000  L_total=0.00171  L_val=0.00042  patience=28/30  (27.4s)
  [PINN (blind)] complete after 10000 epochs in 27.4s  (2.74 ms/epoch)  best val loss: 0.000419

======================================================================
RESULTS SUMMARY  (best-val checkpoint)
======================================================================
  Metric                                  PINN (phys. ext.)  PINN (blind)
  --------------------------------------------------------------
  RMSE  (training interval)                   0.0204      0.0205
  RMSE  (extrapolation)                       0.0006      0.0045
  Physics residual  (full domain)             0.1415      0.1440
  ŷ(0)                                        0.9999      0.9994
  True w0                                     2.3452      2.3452
  w0_hat                                      2.0257      2.0248
  True zeta                                   0.8528      0.8528
  zeta_hat                                    0.7286      0.7275
Damping: 4.0e+00, Stiffness: 5.5e+00, Omega0 (true): 2.3452, Zeta (true): 0.8528
  Omega0 Hat (blind): 2.0248, Zeta Hat (blind): 0.7275
  Omega0 Hat (ext phys): 2.0257, Zeta Hat (ext phys): 0.7286

======================================================================
RESULTS SUMMARY  (best-val checkpoint)
======================================================================
  Metric                                  PINN (phys. ext.)  PINN (blind)
  --------------------------------------------------------------
  RMSE  (training interval)                   0.0213      0.0224
  RMSE  (extrapolation)                       0.0638      0.0411
  Physics residual  (full domain)             0.0705      0.0578
  ŷ(0)                                        1.0051      1.0001
  True w0                                     0.7071      0.7071
  w0_hat                                      0.4334      0.4826
  True zeta                                   3.1820      3.1820
  zeta_hat                                    1.6242      1.8622
Damping: 4.5e+00, Stiffness: 5.0e-01, Omega0 (true): 0.7071, Zeta (true): 3.1820
  Omega0 Hat (blind): 0.4826, Zeta Hat (blind): 1.8622
  Omega0 Hat (ext phys): 0.4334, Zeta Hat (ext phys): 1.6242

======================================================================
Training PINN  (data + physics (normal + extrapolated) + IC loss)
======================================================================
  Parameters: 3267
  [PINN (phys. ext.)] epoch      1  L_data=0.66861  L_phys=0.02474  L_ic=1.41594  L_total=14.83581  L_val=0.45072  patience=0/30  (0.0s)
  [PINN (phys. ext.)] epoch   1000  L_data=0.00181  L_phys=0.01222  L_ic=0.00000  L_total=0.00568  L_val=0.00131  patience=0/30  (2.7s)
  [PINN (phys. ext.)] epoch   2000  L_data=0.00172  L_phys=0.00156  L_ic=0.00000  L_total=0.00222  L_val=0.00076  patience=3/30  (5.5s)
  [PINN (phys. ext.)] epoch   3000  L_data=0.00169  L_phys=0.00103  L_ic=0.00000  L_total=0.00203  L_val=0.00079  patience=2/30  (8.2s)
  [PINN (phys. ext.)] epoch   4000  L_data=0.00168  L_phys=0.00078  L_ic=0.00000  L_total=0.00193  L_val=0.00073  patience=12/30  (11.0s)
  [PINN (phys. ext.)] epoch   5000  L_data=0.00165  L_phys=0.00045  L_ic=0.00000  L_total=0.00179  L_val=0.00072  patience=3/30  (13.7s)
  [PINN (phys. ext.)] epoch   6000  L_data=0.00163  L_phys=0.00019  L_ic=0.00000  L_total=0.00170  L_val=0.00059  patience=3/30  (16.4s)
  [PINN (phys. ext.)] epoch   7000  L_data=0.00162  L_phys=0.00022  L_ic=0.00000  L_total=0.00169  L_val=0.00059  patience=13/30  (19.2s)
  [PINN (phys. ext.)] epoch   8000  L_data=0.00163  L_phys=0.00015  L_ic=0.00001  L_total=0.00181  L_val=0.00064  patience=3/30  (21.9s)
  [PINN (phys. ext.)] epoch   9000  L_data=0.00164  L_phys=0.00012  L_ic=0.00001  L_total=0.00177  L_val=0.00047  patience=13/30  (24.6s)
  [PINN (phys. ext.)] epoch  10000  L_data=0.00163  L_phys=0.00014  L_ic=0.00000  L_total=0.00167  L_val=0.00048  patience=23/30  (27.4s)
  [PINN (phys. ext.)] complete after 10000 epochs in 27.4s  (2.74 ms/epoch)  best val loss: 0.000468

======================================================================
Training PINN  (data + physics (normal + extrapolated) + IC loss)
======================================================================
  Parameters: 3267
  [PINN (blind)] epoch      1  L_data=0.64509  L_phys=0.02617  L_ic=1.46264  L_total=15.27979  L_val=0.47047  patience=0/30  (0.0s)
  [PINN (blind)] epoch   1000  L_data=0.00194  L_phys=0.01333  L_ic=0.00000  L_total=0.00617  L_val=0.00149  patience=0/30  (2.7s)
  [PINN (blind)] epoch   2000  L_data=0.00189  L_phys=0.00281  L_ic=0.00000  L_total=0.00279  L_val=0.00093  patience=0/30  (5.4s)
  [PINN (blind)] epoch   3000  L_data=0.00183  L_phys=0.00139  L_ic=0.00000  L_total=0.00228  L_val=0.00086  patience=0/30  (8.0s)
  [PINN (blind)] epoch   4000  L_data=0.00177  L_phys=0.00127  L_ic=0.00000  L_total=0.00218  L_val=0.00085  patience=2/30  (10.7s)
  [PINN (blind)] epoch   5000  L_data=0.00168  L_phys=0.00041  L_ic=0.00000  L_total=0.00182  L_val=0.00076  patience=5/30  (13.3s)
  [PINN (blind)] epoch   6000  L_data=0.00164  L_phys=0.00024  L_ic=0.00000  L_total=0.00172  L_val=0.00052  patience=0/30  (15.9s)
  [PINN (blind)] epoch   7000  L_data=0.00164  L_phys=0.00015  L_ic=0.00000  L_total=0.00169  L_val=0.00056  patience=2/30  (18.6s)
  [PINN (blind)] epoch   8000  L_data=0.00164  L_phys=0.00013  L_ic=0.00000  L_total=0.00171  L_val=0.00055  patience=6/30  (21.2s)
  [PINN (blind)] epoch   9000  L_data=0.00164  L_phys=0.00011  L_ic=0.00001  L_total=0.00174  L_val=0.00052  patience=1/30  (23.9s)
  [PINN (blind)] epoch  10000  L_data=0.00164  L_phys=0.00010  L_ic=0.00000  L_total=0.00168  L_val=0.00048  patience=11/30  (26.5s)
  [PINN (blind)] complete after 10000 epochs in 26.5s  (2.65 ms/epoch)  best val loss: 0.000453

======================================================================
RESULTS SUMMARY  (best-val checkpoint)
======================================================================
  Metric                                  PINN (phys. ext.)  PINN (blind)
  --------------------------------------------------------------
  RMSE  (training interval)                   0.0216      0.0213
  RMSE  (extrapolation)                       0.0363      0.0240
  Physics residual  (full domain)             0.0660      0.0574
  ŷ(0)                                        1.0033      0.9996
  True w0                                     1.0000      1.0000
  w0_hat                                      0.7597      0.7946
  True zeta                                   2.2500      2.2500
  zeta_hat                                    1.5553      1.6433
Damping: 4.5e+00, Stiffness: 1.0e+00, Omega0 (true): 1.0000, Zeta (true): 2.2500
  Omega0 Hat (blind): 0.7946, Zeta Hat (blind): 1.6433
  Omega0 Hat (ext phys): 0.7597, Zeta Hat (ext phys): 1.5553

======================================================================
RESULTS SUMMARY  (best-val checkpoint)
======================================================================
  Metric                                  PINN (phys. ext.)  PINN (blind)
  --------------------------------------------------------------
  RMSE  (training interval)                   0.0203      0.0191
  RMSE  (extrapolation)                       0.0197      0.0154
  Physics residual  (full domain)             0.0725      0.0632
  ŷ(0)                                        1.0018      1.0000
  True w0                                     1.2247      1.2247
  w0_hat                                      0.9583      1.0017
  True zeta                                   1.8371      1.8371
  zeta_hat                                    1.3394      1.4046
Damping: 4.5e+00, Stiffness: 1.5e+00, Omega0 (true): 1.2247, Zeta (true): 1.8371
  Omega0 Hat (blind): 1.0017, Zeta Hat (blind): 1.4046
  Omega0 Hat (ext phys): 0.9583, Zeta Hat (ext phys): 1.3394

======================================================================
Training PINN  (data + physics (normal + extrapolated) + IC loss)
======================================================================
  Parameters: 3267
  [PINN (phys. ext.)] epoch      1  L_data=0.43013  L_phys=0.02474  L_ic=1.41594  L_total=14.59733  L_val=0.26128  patience=0/30  (0.0s)
  [PINN (phys. ext.)] epoch   1000  L_data=0.00246  L_phys=0.01651  L_ic=0.00000  L_total=0.00771  L_val=0.00178  patience=0/30  (2.7s)
  [PINN (phys. ext.)] epoch   2000  L_data=0.00225  L_phys=0.00367  L_ic=0.00000  L_total=0.00345  L_val=0.00134  patience=0/30  (5.5s)
  [PINN (phys. ext.)] epoch   3000  L_data=0.00178  L_phys=0.00042  L_ic=0.00000  L_total=0.00191  L_val=0.00068  patience=0/30  (8.2s)
  [PINN (phys. ext.)] epoch   4000  L_data=0.00169  L_phys=0.00014  L_ic=0.00000  L_total=0.00175  L_val=0.00050  patience=0/30  (11.0s)
  [PINN (phys. ext.)] epoch   5000  L_data=0.00168  L_phys=0.00015  L_ic=0.00001  L_total=0.00188  L_val=0.00037  patience=2/30  (13.7s)
  [PINN (phys. ext.)] epoch   6000  L_data=0.00167  L_phys=0.00009  L_ic=0.00000  L_total=0.00170  L_val=0.00041  patience=7/30  (16.4s)
  [PINN (phys. ext.)] epoch   7000  L_data=0.00166  L_phys=0.00009  L_ic=0.00000  L_total=0.00169  L_val=0.00046  patience=17/30  (19.2s)
  [PINN (phys. ext.)] epoch   8000  L_data=0.00167  L_phys=0.00008  L_ic=0.00000  L_total=0.00171  L_val=0.00048  patience=27/30  (21.9s)

  [PINN (phys. ext.)] Early stopping triggered at epoch 8300. Best val loss: 0.000345
  [PINN (phys. ext.)] early stop after 8300 epochs in 22.7s  (2.74 ms/epoch)  best val loss: 0.000345

======================================================================
Training PINN  (data + physics (normal + extrapolated) + IC loss)
======================================================================
  Parameters: 3267
  [PINN (blind)] epoch      1  L_data=0.42031  L_phys=0.03085  L_ic=1.29541  L_total=13.38419  L_val=0.27371  patience=0/30  (0.0s)
  [PINN (blind)] epoch   1000  L_data=0.00341  L_phys=0.02219  L_ic=0.00001  L_total=0.01051  L_val=0.00259  patience=1/30  (2.7s)
  [PINN (blind)] epoch   2000  L_data=0.00256  L_phys=0.00452  L_ic=0.00000  L_total=0.00401  L_val=0.00167  patience=0/30  (5.5s)
  [PINN (blind)] epoch   3000  L_data=0.00171  L_phys=0.00018  L_ic=0.00000  L_total=0.00178  L_val=0.00067  patience=0/30  (8.2s)
  [PINN (blind)] epoch   4000  L_data=0.00167  L_phys=0.00023  L_ic=0.00001  L_total=0.00181  L_val=0.00041  patience=0/30  (11.0s)
  [PINN (blind)] epoch   5000  L_data=0.00167  L_phys=0.00013  L_ic=0.00001  L_total=0.00178  L_val=0.00038  patience=5/30  (13.7s)
  [PINN (blind)] epoch   6000  L_data=0.00167  L_phys=0.00013  L_ic=0.00000  L_total=0.00174  L_val=0.00054  patience=7/30  (16.4s)
  [PINN (blind)] epoch   7000  L_data=0.00166  L_phys=0.00011  L_ic=0.00000  L_total=0.00170  L_val=0.00047  patience=17/30  (19.0s)
  [PINN (blind)] epoch   8000  L_data=0.00166  L_phys=0.00010  L_ic=0.00000  L_total=0.00170  L_val=0.00044  patience=27/30  (21.7s)

  [PINN (blind)] Early stopping triggered at epoch 8300. Best val loss: 0.000336
  [PINN (blind)] early stop after 8300 epochs in 22.4s  (2.70 ms/epoch)  best val loss: 0.000336

======================================================================
RESULTS SUMMARY  (best-val checkpoint)
======================================================================
  Metric                                  PINN (phys. ext.)  PINN (blind)
  --------------------------------------------------------------
  RMSE  (training interval)                   0.0186      0.0183
  RMSE  (extrapolation)                       0.0096      0.0097
  Physics residual  (full domain)             0.0775      0.0744
  ŷ(0)                                        1.0014      0.9998
  True w0                                     1.4142      1.4142
  w0_hat                                      1.1587      1.1643
  True zeta                                   1.5910      1.5910
  zeta_hat                                    1.2326      1.2343
Damping: 4.5e+00, Stiffness: 2.0e+00, Omega0 (true): 1.4142, Zeta (true): 1.5910
  Omega0 Hat (blind): 1.1643, Zeta Hat (blind): 1.2343
  Omega0 Hat (ext phys): 1.1587, Zeta Hat (ext phys): 1.2326

======================================================================
RESULTS SUMMARY  (best-val checkpoint)
======================================================================
  Metric                                  PINN (phys. ext.)  PINN (blind)
  --------------------------------------------------------------
  RMSE  (training interval)                   0.0187      0.0196
  RMSE  (extrapolation)                       0.0062      0.0121
  Physics residual  (full domain)             0.0875      0.0911
  ŷ(0)                                        1.0004      1.0000
  True w0                                     1.5811      1.5811
  w0_hat                                      1.3034      1.3011
  True zeta                                   1.4230      1.4230
  zeta_hat                                    1.1127      1.1101
Damping: 4.5e+00, Stiffness: 2.5e+00, Omega0 (true): 1.5811, Zeta (true): 1.4230
  Omega0 Hat (blind): 1.3011, Zeta Hat (blind): 1.1101
  Omega0 Hat (ext phys): 1.3034, Zeta Hat (ext phys): 1.1127

======================================================================
Training PINN  (data + physics (normal + extrapolated) + IC loss)
======================================================================
  Parameters: 3267
  [PINN (phys. ext.)] epoch      1  L_data=0.31759  L_phys=0.02474  L_ic=1.41594  L_total=14.48478  L_val=0.18582  patience=0/30  (0.0s)
  [PINN (phys. ext.)] epoch   1000  L_data=0.00356  L_phys=0.02487  L_ic=0.00001  L_total=0.01150  L_val=0.00285  patience=7/30  (2.7s)
  [PINN (phys. ext.)] epoch   2000  L_data=0.00220  L_phys=0.00121  L_ic=0.00000  L_total=0.00259  L_val=0.00139  patience=0/30  (5.4s)
  [PINN (phys. ext.)] epoch   3000  L_data=0.00172  L_phys=0.00016  L_ic=0.00000  L_total=0.00177  L_val=0.00058  patience=1/30  (8.0s)
  [PINN (phys. ext.)] epoch   4000  L_data=0.00169  L_phys=0.00011  L_ic=0.00000  L_total=0.00173  L_val=0.00043  patience=0/30  (10.7s)
  [PINN (phys. ext.)] epoch   5000  L_data=0.00168  L_phys=0.00011  L_ic=0.00000  L_total=0.00173  L_val=0.00039  patience=0/30  (13.3s)
  [PINN (phys. ext.)] epoch   6000  L_data=0.00168  L_phys=0.00013  L_ic=0.00000  L_total=0.00174  L_val=0.00038  patience=7/30  (16.0s)
  [PINN (phys. ext.)] epoch   7000  L_data=0.00167  L_phys=0.00010  L_ic=0.00000  L_total=0.00171  L_val=0.00039  patience=17/30  (18.7s)
  [PINN (phys. ext.)] epoch   8000  L_data=0.00168  L_phys=0.00009  L_ic=0.00000  L_total=0.00172  L_val=0.00044  patience=3/30  (21.5s)
  [PINN (phys. ext.)] epoch   9000  L_data=0.00168  L_phys=0.00009  L_ic=0.00001  L_total=0.00176  L_val=0.00044  patience=13/30  (24.2s)
  [PINN (phys. ext.)] epoch  10000  L_data=0.00168  L_phys=0.00008  L_ic=0.00000  L_total=0.00171  L_val=0.00040  patience=23/30  (26.9s)
  [PINN (phys. ext.)] complete after 10000 epochs in 26.9s  (2.69 ms/epoch)  best val loss: 0.000341

======================================================================
Training PINN  (data + physics (normal + extrapolated) + IC loss)
======================================================================
  Parameters: 3267
  [PINN (blind)] epoch      1  L_data=0.30542  L_phys=0.02617  L_ic=1.46264  L_total=14.94012  L_val=0.19330  patience=0/30  (0.0s)
  [PINN (blind)] epoch   1000  L_data=0.00569  L_phys=0.03338  L_ic=0.00002  L_total=0.01641  L_val=0.00451  patience=1/30  (2.7s)
  [PINN (blind)] epoch   2000  L_data=0.00188  L_phys=0.00040  L_ic=0.00000  L_total=0.00201  L_val=0.00095  patience=0/30  (5.5s)
  [PINN (blind)] epoch   3000  L_data=0.00169  L_phys=0.00018  L_ic=0.00002  L_total=0.00199  L_val=0.00042  patience=0/30  (8.2s)
  [PINN (blind)] epoch   4000  L_data=0.00169  L_phys=0.00010  L_ic=0.00000  L_total=0.00172  L_val=0.00040  patience=2/30  (11.0s)
  [PINN (blind)] epoch   5000  L_data=0.00169  L_phys=0.00009  L_ic=0.00000  L_total=0.00173  L_val=0.00045  patience=1/30  (13.7s)
  [PINN (blind)] epoch   6000  L_data=0.00169  L_phys=0.00009  L_ic=0.00000  L_total=0.00174  L_val=0.00044  patience=4/30  (16.4s)
  [PINN (blind)] epoch   7000  L_data=0.00168  L_phys=0.00011  L_ic=0.00000  L_total=0.00171  L_val=0.00040  patience=14/30  (19.2s)
  [PINN (blind)] epoch   8000  L_data=0.00168  L_phys=0.00010  L_ic=0.00000  L_total=0.00172  L_val=0.00040  patience=24/30  (21.9s)

  [PINN (blind)] Early stopping triggered at epoch 8600. Best val loss: 0.000289
  [PINN (blind)] early stop after 8600 epochs in 23.5s  (2.74 ms/epoch)  best val loss: 0.000289

======================================================================
RESULTS SUMMARY  (best-val checkpoint)
======================================================================
  Metric                                  PINN (phys. ext.)  PINN (blind)
  --------------------------------------------------------------
  RMSE  (training interval)                   0.0185      0.0170
  RMSE  (extrapolation)                       0.0045      0.0034
  Physics residual  (full domain)             0.0953      0.0961
  ŷ(0)                                        1.0004      1.0006
  True w0                                     1.7321      1.7321
  w0_hat                                      1.4512      1.4462
  True zeta                                   1.2990      1.2990
  zeta_hat                                    1.0393      1.0352
Damping: 4.5e+00, Stiffness: 3.0e+00, Omega0 (true): 1.7321, Zeta (true): 1.2990
  Omega0 Hat (blind): 1.4462, Zeta Hat (blind): 1.0352
  Omega0 Hat (ext phys): 1.4512, Zeta Hat (ext phys): 1.0393

======================================================================
RESULTS SUMMARY  (best-val checkpoint)
======================================================================
  Metric                                  PINN (phys. ext.)  PINN (blind)
  --------------------------------------------------------------
  RMSE  (training interval)                   0.0188      0.0183
  RMSE  (extrapolation)                       0.0026      0.0050
  Physics residual  (full domain)             0.1094      0.1096
  ŷ(0)                                        1.0006      1.0005
  True w0                                     1.8708      1.8708
  w0_hat                                      1.5614      1.5640
  True zeta                                   1.2027      1.2027
  zeta_hat                                    0.9634      0.9652
Damping: 4.5e+00, Stiffness: 3.5e+00, Omega0 (true): 1.8708, Zeta (true): 1.2027
  Omega0 Hat (blind): 1.5640, Zeta Hat (blind): 0.9652
  Omega0 Hat (ext phys): 1.5614, Zeta Hat (ext phys): 0.9634

======================================================================
Training PINN  (data + physics (normal + extrapolated) + IC loss)
======================================================================
  Parameters: 3267
  [PINN (phys. ext.)] epoch      1  L_data=0.25301  L_phys=0.02474  L_ic=1.41594  L_total=14.42021  L_val=0.14673  patience=0/30  (0.0s)
  [PINN (phys. ext.)] epoch   1000  L_data=0.00531  L_phys=0.03049  L_ic=0.00001  L_total=0.01507  L_val=0.00454  patience=5/30  (2.7s)
  [PINN (phys. ext.)] epoch   2000  L_data=0.00197  L_phys=0.00050  L_ic=0.00007  L_total=0.00283  L_val=0.00117  patience=1/30  (5.5s)
  [PINN (phys. ext.)] epoch   3000  L_data=0.00171  L_phys=0.00021  L_ic=0.00000  L_total=0.00178  L_val=0.00055  patience=3/30  (8.2s)
  [PINN (phys. ext.)] epoch   4000  L_data=0.00169  L_phys=0.00012  L_ic=0.00000  L_total=0.00175  L_val=0.00042  patience=1/30  (11.0s)
  [PINN (phys. ext.)] epoch   5000  L_data=0.00171  L_phys=0.00006  L_ic=0.00000  L_total=0.00174  L_val=0.00043  patience=6/30  (13.7s)
  [PINN (phys. ext.)] epoch   6000  L_data=0.00168  L_phys=0.00014  L_ic=0.00000  L_total=0.00174  L_val=0.00043  patience=7/30  (16.4s)
  [PINN (phys. ext.)] epoch   7000  L_data=0.00168  L_phys=0.00008  L_ic=0.00000  L_total=0.00171  L_val=0.00038  patience=17/30  (19.2s)
  [PINN (phys. ext.)] epoch   8000  L_data=0.00168  L_phys=0.00010  L_ic=0.00000  L_total=0.00173  L_val=0.00042  patience=27/30  (21.9s)

  [PINN (phys. ext.)] Early stopping triggered at epoch 8300. Best val loss: 0.000345
  [PINN (phys. ext.)] early stop after 8300 epochs in 22.7s  (2.74 ms/epoch)  best val loss: 0.000345

======================================================================
Training PINN  (data + physics (normal + extrapolated) + IC loss)
======================================================================
  Parameters: 3267
  [PINN (blind)] epoch      1  L_data=0.24150  L_phys=0.03085  L_ic=1.29541  L_total=13.20538  L_val=0.14542  patience=0/30  (0.0s)
  [PINN (blind)] epoch   1000  L_data=0.00814  L_phys=0.03898  L_ic=0.00002  L_total=0.02066  L_val=0.00654  patience=0/30  (2.7s)
  [PINN (blind)] epoch   2000  L_data=0.00176  L_phys=0.00044  L_ic=0.00000  L_total=0.00194  L_val=0.00084  patience=1/30  (5.5s)
  [PINN (blind)] epoch   3000  L_data=0.00171  L_phys=0.00012  L_ic=0.00000  L_total=0.00177  L_val=0.00054  patience=6/30  (8.2s)
  [PINN (blind)] epoch   4000  L_data=0.00170  L_phys=0.00015  L_ic=0.00000  L_total=0.00174  L_val=0.00041  patience=1/30  (11.0s)
  [PINN (blind)] epoch   5000  L_data=0.00167  L_phys=0.00026  L_ic=0.00001  L_total=0.00184  L_val=0.00036  patience=6/30  (13.7s)
  [PINN (blind)] epoch   6000  L_data=0.00169  L_phys=0.00014  L_ic=0.00000  L_total=0.00174  L_val=0.00042  patience=16/30  (16.4s)
  [PINN (blind)] epoch   7000  L_data=0.00169  L_phys=0.00009  L_ic=0.00000  L_total=0.00172  L_val=0.00037  patience=26/30  (19.2s)

  [PINN (blind)] Early stopping triggered at epoch 7400. Best val loss: 0.000334
  [PINN (blind)] early stop after 7400 epochs in 20.3s  (2.74 ms/epoch)  best val loss: 0.000334

======================================================================
RESULTS SUMMARY  (best-val checkpoint)
======================================================================
  Metric                                  PINN (phys. ext.)  PINN (blind)
  --------------------------------------------------------------
  RMSE  (training interval)                   0.0186      0.0183
  RMSE  (extrapolation)                       0.0040      0.0005
  Physics residual  (full domain)             0.1208      0.1191
  ŷ(0)                                        1.0006      0.9996
  True w0                                     2.0000      2.0000
  w0_hat                                      1.6736      1.6748
  True zeta                                   1.1250      1.1250
  zeta_hat                                    0.9085      0.9099
Damping: 4.5e+00, Stiffness: 4.0e+00, Omega0 (true): 2.0000, Zeta (true): 1.1250
  Omega0 Hat (blind): 1.6748, Zeta Hat (blind): 0.9099
  Omega0 Hat (ext phys): 1.6736, Zeta Hat (ext phys): 0.9085

======================================================================
RESULTS SUMMARY  (best-val checkpoint)
======================================================================
  Metric                                  PINN (phys. ext.)  PINN (blind)
  --------------------------------------------------------------
  RMSE  (training interval)                   0.0197      0.0187
  RMSE  (extrapolation)                       0.0049      0.0017
  Physics residual  (full domain)             0.1364      0.1281
  ŷ(0)                                        1.0005      0.9997
  True w0                                     2.1213      2.1213
  w0_hat                                      1.7736      1.7907
  True zeta                                   1.0607      1.0607
  zeta_hat                                    0.8592      0.8694
Damping: 4.5e+00, Stiffness: 4.5e+00, Omega0 (true): 2.1213, Zeta (true): 1.0607
  Omega0 Hat (blind): 1.7907, Zeta Hat (blind): 0.8694
  Omega0 Hat (ext phys): 1.7736, Zeta Hat (ext phys): 0.8592

======================================================================
Training PINN  (data + physics (normal + extrapolated) + IC loss)
======================================================================
  Parameters: 3267
  [PINN (phys. ext.)] epoch      1  L_data=0.21162  L_phys=0.02474  L_ic=1.41594  L_total=14.37882  L_val=0.12298  patience=0/30  (0.0s)
  [PINN (phys. ext.)] epoch   1000  L_data=0.00761  L_phys=0.03023  L_ic=0.00001  L_total=0.01727  L_val=0.00687  patience=5/30  (2.7s)
  [PINN (phys. ext.)] epoch   2000  L_data=0.00183  L_phys=0.00084  L_ic=0.00005  L_total=0.00259  L_val=0.00098  patience=0/30  (5.5s)
  [PINN (phys. ext.)] epoch   3000  L_data=0.00173  L_phys=0.00013  L_ic=0.00000  L_total=0.00179  L_val=0.00064  patience=3/30  (8.2s)
  [PINN (phys. ext.)] epoch   4000  L_data=0.00169  L_phys=0.00009  L_ic=0.00000  L_total=0.00172  L_val=0.00048  patience=0/30  (11.0s)
  [PINN (phys. ext.)] epoch   5000  L_data=0.00167  L_phys=0.00013  L_ic=0.00000  L_total=0.00176  L_val=0.00047  patience=2/30  (13.7s)
  [PINN (phys. ext.)] epoch   6000  L_data=0.00166  L_phys=0.00021  L_ic=0.00000  L_total=0.00176  L_val=0.00050  patience=12/30  (16.4s)
  [PINN (phys. ext.)] epoch   7000  L_data=0.00165  L_phys=0.00012  L_ic=0.00000  L_total=0.00169  L_val=0.00044  patience=2/30  (19.2s)
  [PINN (phys. ext.)] epoch   8000  L_data=0.00163  L_phys=0.00020  L_ic=0.00000  L_total=0.00170  L_val=0.00045  patience=6/30  (21.9s)
  [PINN (phys. ext.)] epoch   9000  L_data=0.00165  L_phys=0.00013  L_ic=0.00000  L_total=0.00169  L_val=0.00044  patience=2/30  (24.6s)
  [PINN (phys. ext.)] epoch  10000  L_data=0.00166  L_phys=0.00011  L_ic=0.00000  L_total=0.00170  L_val=0.00043  patience=12/30  (27.4s)
  [PINN (phys. ext.)] complete after 10000 epochs in 27.4s  (2.74 ms/epoch)  best val loss: 0.000401

======================================================================
Training PINN  (data + physics (normal + extrapolated) + IC loss)
======================================================================
  Parameters: 3267
  [PINN (blind)] epoch      1  L_data=0.20419  L_phys=0.02617  L_ic=1.46264  L_total=14.83889  L_val=0.12818  patience=0/30  (0.0s)
  [PINN (blind)] epoch   1000  L_data=0.00999  L_phys=0.03649  L_ic=0.00002  L_total=0.02173  L_val=0.00854  patience=0/30  (2.7s)
  [PINN (blind)] epoch   2000  L_data=0.00176  L_phys=0.00030  L_ic=0.00000  L_total=0.00186  L_val=0.00072  patience=0/30  (5.5s)
  [PINN (blind)] epoch   3000  L_data=0.00177  L_phys=0.00019  L_ic=0.00005  L_total=0.00228  L_val=0.00056  patience=4/30  (8.2s)
  [PINN (blind)] epoch   4000  L_data=0.00170  L_phys=0.00009  L_ic=0.00000  L_total=0.00173  L_val=0.00039  patience=1/30  (11.0s)
  [PINN (blind)] epoch   5000  L_data=0.00168  L_phys=0.00016  L_ic=0.00000  L_total=0.00178  L_val=0.00041  patience=6/30  (13.7s)
  [PINN (blind)] epoch   6000  L_data=0.00173  L_phys=0.00005  L_ic=0.00001  L_total=0.00186  L_val=0.00048  patience=16/30  (16.4s)
  [PINN (blind)] epoch   7000  L_data=0.00169  L_phys=0.00008  L_ic=0.00000  L_total=0.00172  L_val=0.00038  patience=26/30  (19.2s)

  [PINN (blind)] Early stopping triggered at epoch 7400. Best val loss: 0.000367
  [PINN (blind)] early stop after 7400 epochs in 20.3s  (2.74 ms/epoch)  best val loss: 0.000367

======================================================================
RESULTS SUMMARY  (best-val checkpoint)
======================================================================
  Metric                                  PINN (phys. ext.)  PINN (blind)
  --------------------------------------------------------------
  RMSE  (training interval)                   0.0200      0.0192
  RMSE  (extrapolation)                       0.0018      0.0016
  Physics residual  (full domain)             0.1462      0.1387
  ŷ(0)                                        0.9984      1.0002
  True w0                                     2.2361      2.2361
  w0_hat                                      1.8745      1.8889
  True zeta                                   1.0062      1.0062
  zeta_hat                                    0.8230      0.8324
Damping: 4.5e+00, Stiffness: 5.0e+00, Omega0 (true): 2.2361, Zeta (true): 1.0062
  Omega0 Hat (blind): 1.8889, Zeta Hat (blind): 0.8324
  Omega0 Hat (ext phys): 1.8745, Zeta Hat (ext phys): 0.8230

======================================================================
RESULTS SUMMARY  (best-val checkpoint)
======================================================================
  Metric                                  PINN (phys. ext.)  PINN (blind)
  --------------------------------------------------------------
  RMSE  (training interval)                   0.0208      0.0198
  RMSE  (extrapolation)                       0.0010      0.0059
  Physics residual  (full domain)             0.1555      0.1499
  ŷ(0)                                        1.0002      0.9999
  True w0                                     2.3452      2.3452
  w0_hat                                      1.9753      1.9894
  True zeta                                   0.9594      0.9594
  zeta_hat                                    0.7948      0.8019
Damping: 4.5e+00, Stiffness: 5.5e+00, Omega0 (true): 2.3452, Zeta (true): 0.9594
  Omega0 Hat (blind): 1.9894, Zeta Hat (blind): 0.8019
  Omega0 Hat (ext phys): 1.9753, Zeta Hat (ext phys): 0.7948

======================================================================
Training PINN  (data + physics (normal + extrapolated) + IC loss)
======================================================================
  Parameters: 3267
  [PINN (phys. ext.)] epoch      1  L_data=0.94217  L_phys=0.02474  L_ic=1.41594  L_total=15.10937  L_val=0.69271  patience=0/30  (0.0s)
  [PINN (phys. ext.)] epoch   1000  L_data=0.00188  L_phys=0.01441  L_ic=0.00000  L_total=0.00644  L_val=0.00156  patience=0/30  (2.7s)
  [PINN (phys. ext.)] epoch   2000  L_data=0.00163  L_phys=0.00024  L_ic=0.00000  L_total=0.00171  L_val=0.00058  patience=0/30  (5.5s)
  [PINN (phys. ext.)] epoch   3000  L_data=0.00164  L_phys=0.00023  L_ic=0.00000  L_total=0.00171  L_val=0.00058  patience=3/30  (8.2s)
  [PINN (phys. ext.)] epoch   4000  L_data=0.00163  L_phys=0.00021  L_ic=0.00000  L_total=0.00170  L_val=0.00057  patience=4/30  (11.0s)
  [PINN (phys. ext.)] epoch   5000  L_data=0.00163  L_phys=0.00018  L_ic=0.00000  L_total=0.00169  L_val=0.00058  patience=6/30  (13.7s)
  [PINN (phys. ext.)] epoch   6000  L_data=0.00163  L_phys=0.00016  L_ic=0.00000  L_total=0.00168  L_val=0.00053  patience=2/30  (16.4s)
  [PINN (phys. ext.)] epoch   7000  L_data=0.00162  L_phys=0.00024  L_ic=0.00000  L_total=0.00169  L_val=0.00059  patience=12/30  (19.1s)
  [PINN (phys. ext.)] epoch   8000  L_data=0.00162  L_phys=0.00019  L_ic=0.00000  L_total=0.00171  L_val=0.00051  patience=22/30  (21.9s)

  [PINN (phys. ext.)] Early stopping triggered at epoch 8800. Best val loss: 0.000404
  [PINN (phys. ext.)] early stop after 8800 epochs in 24.1s  (2.73 ms/epoch)  best val loss: 0.000404

======================================================================
Training PINN  (data + physics (normal + extrapolated) + IC loss)
======================================================================
  Parameters: 3267
  [PINN (blind)] epoch      1  L_data=0.54251  L_phys=0.00574  L_ic=0.94627  L_total=10.00697  L_val=0.39183  patience=0/30  (0.0s)
  [PINN (blind)] epoch   1000  L_data=0.00173  L_phys=0.01495  L_ic=0.00000  L_total=0.00646  L_val=0.00134  patience=0/30  (2.7s)
  [PINN (blind)] epoch   2000  L_data=0.00162  L_phys=0.00102  L_ic=0.00000  L_total=0.00194  L_val=0.00075  patience=0/30  (5.4s)
  [PINN (blind)] epoch   3000  L_data=0.00166  L_phys=0.00033  L_ic=0.00000  L_total=0.00176  L_val=0.00060  patience=5/30  (8.1s)
  [PINN (blind)] epoch   4000  L_data=0.00165  L_phys=0.00047  L_ic=0.00000  L_total=0.00180  L_val=0.00061  patience=15/30  (10.7s)
  [PINN (blind)] epoch   5000  L_data=0.00164  L_phys=0.00034  L_ic=0.00000  L_total=0.00175  L_val=0.00060  patience=5/30  (13.3s)
  [PINN (blind)] epoch   6000  L_data=0.00164  L_phys=0.00035  L_ic=0.00000  L_total=0.00175  L_val=0.00057  patience=1/30  (16.0s)
  [PINN (blind)] epoch   7000  L_data=0.00164  L_phys=0.00026  L_ic=0.00000  L_total=0.00172  L_val=0.00060  patience=11/30  (18.6s)
  [PINN (blind)] epoch   8000  L_data=0.00164  L_phys=0.00023  L_ic=0.00000  L_total=0.00171  L_val=0.00060  patience=21/30  (21.3s)
  [PINN (blind)] epoch   9000  L_data=0.00163  L_phys=0.00019  L_ic=0.00000  L_total=0.00169  L_val=0.00056  patience=8/30  (23.9s)
  [PINN (blind)] epoch  10000  L_data=0.00163  L_phys=0.00015  L_ic=0.00000  L_total=0.00168  L_val=0.00055  patience=18/30  (26.6s)
  [PINN (blind)] complete after 10000 epochs in 26.6s  (2.66 ms/epoch)  best val loss: 0.000504

======================================================================
RESULTS SUMMARY  (best-val checkpoint)
======================================================================
  Metric                                  PINN (phys. ext.)  PINN (blind)
  --------------------------------------------------------------
  RMSE  (training interval)                   0.0200      0.0224
  RMSE  (extrapolation)                       0.0624      0.0418
  Physics residual  (full domain)             0.0760      0.0710
  ŷ(0)                                        1.0076      1.0015
  True w0                                     0.7071      0.7071
  w0_hat                                      0.4209      0.4242
  True zeta                                   3.5355      3.5355
  zeta_hat                                    1.7323      1.7735
Damping: 5.0e+00, Stiffness: 5.0e-01, Omega0 (true): 0.7071, Zeta (true): 3.5355
  Omega0 Hat (blind): 0.4242, Zeta Hat (blind): 1.7735
  Omega0 Hat (ext phys): 0.4209, Zeta Hat (ext phys): 1.7323

======================================================================
Training PINN  (data + physics (normal + extrapolated) + IC loss)
======================================================================
  Parameters: 3267
  [PINN (phys. ext.)] epoch      1  L_data=0.70394  L_phys=0.02474  L_ic=1.41594  L_total=14.87114  L_val=0.47873  patience=0/30  (0.0s)
  [PINN (phys. ext.)] epoch   1000  L_data=0.00179  L_phys=0.01239  L_ic=0.00000  L_total=0.00571  L_val=0.00132  patience=0/30  (2.7s)
  [PINN (phys. ext.)] epoch   2000  L_data=0.00169  L_phys=0.00132  L_ic=0.00000  L_total=0.00211  L_val=0.00073  patience=3/30  (5.4s)
  [PINN (phys. ext.)] epoch   3000  L_data=0.00167  L_phys=0.00093  L_ic=0.00000  L_total=0.00197  L_val=0.00079  patience=3/30  (8.1s)
  [PINN (phys. ext.)] epoch   4000  L_data=0.00166  L_phys=0.00077  L_ic=0.00000  L_total=0.00191  L_val=0.00074  patience=13/30  (10.8s)
  [PINN (phys. ext.)] epoch   5000  L_data=0.00164  L_phys=0.00051  L_ic=0.00000  L_total=0.00180  L_val=0.00071  patience=3/30  (13.6s)
  [PINN (phys. ext.)] epoch   6000  L_data=0.00162  L_phys=0.00026  L_ic=0.00000  L_total=0.00172  L_val=0.00062  patience=1/30  (16.3s)
  [PINN (phys. ext.)] epoch   7000  L_data=0.00162  L_phys=0.00028  L_ic=0.00000  L_total=0.00171  L_val=0.00062  patience=11/30  (19.0s)
  [PINN (phys. ext.)] epoch   8000  L_data=0.00162  L_phys=0.00016  L_ic=0.00000  L_total=0.00168  L_val=0.00054  patience=6/30  (21.7s)
  [PINN (phys. ext.)] epoch   9000  L_data=0.00162  L_phys=0.00011  L_ic=0.00000  L_total=0.00167  L_val=0.00055  patience=16/30  (24.4s)
  [PINN (phys. ext.)] epoch  10000  L_data=0.00163  L_phys=0.00014  L_ic=0.00000  L_total=0.00167  L_val=0.00050  patience=26/30  (27.0s)
  [PINN (phys. ext.)] complete after 10000 epochs in 27.0s  (2.70 ms/epoch)  best val loss: 0.000485

======================================================================
Training PINN  (data + physics (normal + extrapolated) + IC loss)
======================================================================
  Parameters: 3267
  [PINN (blind)] epoch      1  L_data=0.67959  L_phys=0.02617  L_ic=1.46264  L_total=15.31429  L_val=0.50331  patience=0/30  (0.0s)
  [PINN (blind)] epoch   1000  L_data=0.00187  L_phys=0.01318  L_ic=0.00000  L_total=0.00605  L_val=0.00145  patience=0/30  (2.6s)
  [PINN (blind)] epoch   2000  L_data=0.00184  L_phys=0.00239  L_ic=0.00000  L_total=0.00260  L_val=0.00089  patience=0/30  (5.3s)
  [PINN (blind)] epoch   3000  L_data=0.00180  L_phys=0.00132  L_ic=0.00000  L_total=0.00223  L_val=0.00085  patience=5/30  (7.9s)
  [PINN (blind)] epoch   4000  L_data=0.00177  L_phys=0.00143  L_ic=0.00000  L_total=0.00222  L_val=0.00084  patience=2/30  (10.6s)
  [PINN (blind)] epoch   5000  L_data=0.00169  L_phys=0.00054  L_ic=0.00000  L_total=0.00187  L_val=0.00076  patience=0/30  (13.2s)
  [PINN (blind)] epoch   6000  L_data=0.00164  L_phys=0.00029  L_ic=0.00000  L_total=0.00177  L_val=0.00049  patience=0/30  (15.9s)
  [PINN (blind)] epoch   7000  L_data=0.00164  L_phys=0.00017  L_ic=0.00000  L_total=0.00169  L_val=0.00060  patience=10/30  (18.5s)
  [PINN (blind)] epoch   8000  L_data=0.00165  L_phys=0.00014  L_ic=0.00000  L_total=0.00173  L_val=0.00047  patience=0/30  (21.2s)
  [PINN (blind)] epoch   9000  L_data=0.00164  L_phys=0.00012  L_ic=0.00000  L_total=0.00168  L_val=0.00049  patience=10/30  (23.8s)
  [PINN (blind)] epoch  10000  L_data=0.00164  L_phys=0.00010  L_ic=0.00000  L_total=0.00167  L_val=0.00050  patience=3/30  (26.5s)
  [PINN (blind)] complete after 10000 epochs in 26.5s  (2.65 ms/epoch)  best val loss: 0.000474

======================================================================
RESULTS SUMMARY  (best-val checkpoint)
======================================================================
  Metric                                  PINN (phys. ext.)  PINN (blind)
  --------------------------------------------------------------
  RMSE  (training interval)                   0.0220      0.0217
  RMSE  (extrapolation)                       0.0410      0.0256
  Physics residual  (full domain)             0.0782      0.0643
  ŷ(0)                                        1.0026      1.0002
  True w0                                     1.0000      1.0000
  w0_hat                                      0.6979      0.7655
  True zeta                                   2.5000      2.5000
  zeta_hat                                    1.5685      1.7462
Damping: 5.0e+00, Stiffness: 1.0e+00, Omega0 (true): 1.0000, Zeta (true): 2.5000
  Omega0 Hat (blind): 0.7655, Zeta Hat (blind): 1.7462
  Omega0 Hat (ext phys): 0.6979, Zeta Hat (ext phys): 1.5685

======================================================================
Training PINN  (data + physics (normal + extrapolated) + IC loss)
======================================================================
  Parameters: 3267
  [PINN (phys. ext.)] epoch      1  L_data=0.55715  L_phys=0.02474  L_ic=1.41594  L_total=14.72435  L_val=0.35815  patience=0/30  (0.0s)
  [PINN (phys. ext.)] epoch   1000  L_data=0.00200  L_phys=0.01302  L_ic=0.00000  L_total=0.00613  L_val=0.00145  patience=0/30  (2.7s)
  [PINN (phys. ext.)] epoch   2000  L_data=0.00191  L_phys=0.00288  L_ic=0.00000  L_total=0.00284  L_val=0.00101  patience=3/30  (5.5s)
  [PINN (phys. ext.)] epoch   3000  L_data=0.00180  L_phys=0.00124  L_ic=0.00000  L_total=0.00220  L_val=0.00091  patience=2/30  (8.1s)
  [PINN (phys. ext.)] epoch   4000  L_data=0.00172  L_phys=0.00060  L_ic=0.00000  L_total=0.00191  L_val=0.00076  patience=2/30  (10.8s)
  [PINN (phys. ext.)] epoch   5000  L_data=0.00164  L_phys=0.00024  L_ic=0.00000  L_total=0.00172  L_val=0.00062  patience=3/30  (13.4s)
  [PINN (phys. ext.)] epoch   6000  L_data=0.00163  L_phys=0.00013  L_ic=0.00000  L_total=0.00168  L_val=0.00054  patience=7/30  (16.1s)
  [PINN (phys. ext.)] epoch   7000  L_data=0.00162  L_phys=0.00017  L_ic=0.00000  L_total=0.00168  L_val=0.00055  patience=6/30  (18.7s)
  [PINN (phys. ext.)] epoch   8000  L_data=0.00162  L_phys=0.00014  L_ic=0.00000  L_total=0.00167  L_val=0.00051  patience=1/30  (21.4s)
  [PINN (phys. ext.)] epoch   9000  L_data=0.00163  L_phys=0.00012  L_ic=0.00000  L_total=0.00171  L_val=0.00047  patience=4/30  (24.0s)
  [PINN (phys. ext.)] epoch  10000  L_data=0.00163  L_phys=0.00014  L_ic=0.00000  L_total=0.00167  L_val=0.00045  patience=5/30  (26.7s)
  [PINN (phys. ext.)] complete after 10000 epochs in 26.7s  (2.67 ms/epoch)  best val loss: 0.000447

======================================================================
Training PINN  (data + physics (normal + extrapolated) + IC loss)
======================================================================
  Parameters: 3267
  [PINN (blind)] epoch      1  L_data=0.53653  L_phys=0.02617  L_ic=1.46264  L_total=15.17123  L_val=0.37384  patience=0/30  (0.0s)
  [PINN (blind)] epoch   1000  L_data=0.00240  L_phys=0.01578  L_ic=0.00000  L_total=0.00743  L_val=0.00183  patience=1/30  (2.7s)
  [PINN (blind)] epoch   2000  L_data=0.00221  L_phys=0.00481  L_ic=0.00000  L_total=0.00375  L_val=0.00129  patience=0/30  (5.3s)
  [PINN (blind)] epoch   3000  L_data=0.00193  L_phys=0.00111  L_ic=0.00000  L_total=0.00229  L_val=0.00100  patience=0/30  (8.0s)
  [PINN (blind)] epoch   4000  L_data=0.00170  L_phys=0.00051  L_ic=0.00000  L_total=0.00187  L_val=0.00075  patience=0/30  (10.6s)
  [PINN (blind)] epoch   5000  L_data=0.00164  L_phys=0.00018  L_ic=0.00000  L_total=0.00170  L_val=0.00053  patience=0/30  (13.3s)
  [PINN (blind)] epoch   6000  L_data=0.00165  L_phys=0.00016  L_ic=0.00000  L_total=0.00171  L_val=0.00052  patience=6/30  (15.9s)
  [PINN (blind)] epoch   7000  L_data=0.00164  L_phys=0.00012  L_ic=0.00000  L_total=0.00168  L_val=0.00053  patience=2/30  (18.6s)
  [PINN (blind)] epoch   8000  L_data=0.00164  L_phys=0.00011  L_ic=0.00000  L_total=0.00168  L_val=0.00047  patience=6/30  (21.2s)
  [PINN (blind)] epoch   9000  L_data=0.00165  L_phys=0.00010  L_ic=0.00000  L_total=0.00170  L_val=0.00052  patience=16/30  (24.0s)
  [PINN (blind)] epoch  10000  L_data=0.00164  L_phys=0.00009  L_ic=0.00000  L_total=0.00167  L_val=0.00047  patience=26/30  (26.7s)
  [PINN (blind)] complete after 10000 epochs in 26.7s  (2.67 ms/epoch)  best val loss: 0.000430

======================================================================
RESULTS SUMMARY  (best-val checkpoint)
======================================================================
  Metric                                  PINN (phys. ext.)  PINN (blind)
  --------------------------------------------------------------
  RMSE  (training interval)                   0.0211      0.0207
  RMSE  (extrapolation)                       0.0242      0.0177
  Physics residual  (full domain)             0.0738      0.0709
  ŷ(0)                                        0.9999      1.0010
  True w0                                     1.2247      1.2247
  w0_hat                                      0.9616      0.9721
  True zeta                                   2.0412      2.0412
  zeta_hat                                    1.4892      1.5094
Damping: 5.0e+00, Stiffness: 1.5e+00, Omega0 (true): 1.2247, Zeta (true): 2.0412
  Omega0 Hat (blind): 0.9721, Zeta Hat (blind): 1.5094
  Omega0 Hat (ext phys): 0.9616, Zeta Hat (ext phys): 1.4892

======================================================================
Training PINN  (data + physics (normal + extrapolated) + IC loss)
======================================================================
  Parameters: 3267
  [PINN (phys. ext.)] epoch      1  L_data=0.46005  L_phys=0.02474  L_ic=1.41594  L_total=14.62725  L_val=0.28326  patience=0/30  (0.0s)
  [PINN (phys. ext.)] epoch   1000  L_data=0.00235  L_phys=0.01537  L_ic=0.00000  L_total=0.00724  L_val=0.00172  patience=0/30  (2.7s)
  [PINN (phys. ext.)] epoch   2000  L_data=0.00221  L_phys=0.00382  L_ic=0.00000  L_total=0.00345  L_val=0.00130  patience=0/30  (5.5s)
  [PINN (phys. ext.)] epoch   3000  L_data=0.00180  L_phys=0.00067  L_ic=0.00000  L_total=0.00203  L_val=0.00083  patience=0/30  (8.2s)
  [PINN (phys. ext.)] epoch   4000  L_data=0.00169  L_phys=0.00019  L_ic=0.00000  L_total=0.00175  L_val=0.00062  patience=1/30  (11.0s)
  [PINN (phys. ext.)] epoch   5000  L_data=0.00166  L_phys=0.00015  L_ic=0.00000  L_total=0.00175  L_val=0.00045  patience=0/30  (13.7s)
  [PINN (phys. ext.)] epoch   6000  L_data=0.00165  L_phys=0.00012  L_ic=0.00000  L_total=0.00172  L_val=0.00043  patience=1/30  (16.4s)
  [PINN (phys. ext.)] epoch   7000  L_data=0.00165  L_phys=0.00011  L_ic=0.00000  L_total=0.00168  L_val=0.00050  patience=11/30  (19.2s)
  [PINN (phys. ext.)] epoch   8000  L_data=0.00165  L_phys=0.00010  L_ic=0.00000  L_total=0.00168  L_val=0.00049  patience=21/30  (21.9s)

  [PINN (phys. ext.)] Early stopping triggered at epoch 8900. Best val loss: 0.000381
  [PINN (phys. ext.)] early stop after 8900 epochs in 24.4s  (2.74 ms/epoch)  best val loss: 0.000381

======================================================================
Training PINN  (data + physics (normal + extrapolated) + IC loss)
======================================================================
  Parameters: 3267
  [PINN (blind)] epoch      1  L_data=0.33352  L_phys=0.00459  L_ic=1.18143  L_total=12.14928  L_val=0.19745  patience=0/30  (0.0s)
  [PINN (blind)] epoch   1000  L_data=0.00309  L_phys=0.02017  L_ic=0.00001  L_total=0.00954  L_val=0.00240  patience=1/30  (2.7s)
  [PINN (blind)] epoch   2000  L_data=0.00259  L_phys=0.00523  L_ic=0.00000  L_total=0.00429  L_val=0.00175  patience=0/30  (5.5s)
  [PINN (blind)] epoch   3000  L_data=0.00175  L_phys=0.00030  L_ic=0.00000  L_total=0.00187  L_val=0.00075  patience=0/30  (8.2s)
  [PINN (blind)] epoch   4000  L_data=0.00166  L_phys=0.00021  L_ic=0.00001  L_total=0.00178  L_val=0.00050  patience=0/30  (11.0s)
  [PINN (blind)] epoch   5000  L_data=0.00165  L_phys=0.00012  L_ic=0.00000  L_total=0.00169  L_val=0.00046  patience=9/30  (13.7s)
  [PINN (blind)] epoch   6000  L_data=0.00166  L_phys=0.00015  L_ic=0.00000  L_total=0.00173  L_val=0.00054  patience=19/30  (16.4s)
  [PINN (blind)] epoch   7000  L_data=0.00164  L_phys=0.00013  L_ic=0.00000  L_total=0.00168  L_val=0.00051  patience=29/30  (19.2s)

  [PINN (blind)] Early stopping triggered at epoch 7100. Best val loss: 0.000354
  [PINN (blind)] early stop after 7100 epochs in 19.4s  (2.74 ms/epoch)  best val loss: 0.000354

======================================================================
RESULTS SUMMARY  (best-val checkpoint)
======================================================================
  Metric                                  PINN (phys. ext.)  PINN (blind)
  --------------------------------------------------------------
  RMSE  (training interval)                   0.0195      0.0188
  RMSE  (extrapolation)                       0.0135      0.0090
  Physics residual  (full domain)             0.0829      0.0902
  ŷ(0)                                        1.0011      1.0010
  True w0                                     1.4142      1.4142
  w0_hat                                      1.1266      1.0912
  True zeta                                   1.7678      1.7678
  zeta_hat                                    1.3217      1.2796
Damping: 5.0e+00, Stiffness: 2.0e+00, Omega0 (true): 1.4142, Zeta (true): 1.7678
  Omega0 Hat (blind): 1.0912, Zeta Hat (blind): 1.2796
  Omega0 Hat (ext phys): 1.1266, Zeta Hat (ext phys): 1.3217

======================================================================
Training PINN  (data + physics (normal + extrapolated) + IC loss)
======================================================================
  Parameters: 3267
  [PINN (phys. ext.)] epoch      1  L_data=0.39180  L_phys=0.02474  L_ic=1.41594  L_total=14.55900  L_val=0.23465  patience=0/30  (0.0s)
  [PINN (phys. ext.)] epoch   1000  L_data=0.00278  L_phys=0.01878  L_ic=0.00000  L_total=0.00877  L_val=0.00212  patience=5/30  (2.7s)
  [PINN (phys. ext.)] epoch   2000  L_data=0.00239  L_phys=0.00346  L_ic=0.00000  L_total=0.00352  L_val=0.00154  patience=0/30  (5.5s)
  [PINN (phys. ext.)] epoch   3000  L_data=0.00179  L_phys=0.00032  L_ic=0.00001  L_total=0.00197  L_val=0.00073  patience=1/30  (8.2s)
  [PINN (phys. ext.)] epoch   4000  L_data=0.00169  L_phys=0.00012  L_ic=0.00000  L_total=0.00173  L_val=0.00051  patience=0/30  (10.9s)
  [PINN (phys. ext.)] epoch   5000  L_data=0.00168  L_phys=0.00016  L_ic=0.00002  L_total=0.00191  L_val=0.00038  patience=0/30  (13.6s)
  [PINN (phys. ext.)] epoch   6000  L_data=0.00168  L_phys=0.00006  L_ic=0.00000  L_total=0.00172  L_val=0.00045  patience=10/30  (16.2s)
  [PINN (phys. ext.)] epoch   7000  L_data=0.00167  L_phys=0.00007  L_ic=0.00000  L_total=0.00170  L_val=0.00044  patience=20/30  (18.9s)
  [PINN (phys. ext.)] epoch   8000  L_data=0.00167  L_phys=0.00006  L_ic=0.00000  L_total=0.00169  L_val=0.00047  patience=3/30  (21.5s)
  [PINN (phys. ext.)] epoch   9000  L_data=0.00167  L_phys=0.00006  L_ic=0.00000  L_total=0.00171  L_val=0.00047  patience=13/30  (24.2s)
  [PINN (phys. ext.)] epoch  10000  L_data=0.00167  L_phys=0.00007  L_ic=0.00000  L_total=0.00169  L_val=0.00042  patience=23/30  (26.9s)
  [PINN (phys. ext.)] complete after 10000 epochs in 26.9s  (2.69 ms/epoch)  best val loss: 0.000343

======================================================================
Training PINN  (data + physics (normal + extrapolated) + IC loss)
======================================================================
  Parameters: 3267
  [PINN (blind)] epoch      1  L_data=0.37659  L_phys=0.02617  L_ic=1.46264  L_total=15.01129  L_val=0.24437  patience=0/30  (0.0s)
  [PINN (blind)] epoch   1000  L_data=0.00409  L_phys=0.02559  L_ic=0.00001  L_total=0.01230  L_val=0.00317  patience=1/30  (2.7s)
  [PINN (blind)] epoch   2000  L_data=0.00244  L_phys=0.00265  L_ic=0.00000  L_total=0.00329  L_val=0.00166  patience=0/30  (5.5s)
  [PINN (blind)] epoch   3000  L_data=0.00171  L_phys=0.00014  L_ic=0.00001  L_total=0.00185  L_val=0.00065  patience=3/30  (8.2s)
  [PINN (blind)] epoch   4000  L_data=0.00167  L_phys=0.00013  L_ic=0.00000  L_total=0.00171  L_val=0.00047  patience=0/30  (11.0s)
  [PINN (blind)] epoch   5000  L_data=0.00167  L_phys=0.00013  L_ic=0.00002  L_total=0.00193  L_val=0.00036  patience=0/30  (13.7s)
  [PINN (blind)] epoch   6000  L_data=0.00167  L_phys=0.00009  L_ic=0.00000  L_total=0.00171  L_val=0.00042  patience=10/30  (16.4s)
  [PINN (blind)] epoch   7000  L_data=0.00166  L_phys=0.00009  L_ic=0.00000  L_total=0.00169  L_val=0.00044  patience=20/30  (19.2s)
  [PINN (blind)] epoch   8000  L_data=0.00166  L_phys=0.00009  L_ic=0.00000  L_total=0.00171  L_val=0.00047  patience=30/30  (21.9s)

  [PINN (blind)] Early stopping triggered at epoch 8000. Best val loss: 0.000357
  [PINN (blind)] early stop after 8000 epochs in 21.9s  (2.73 ms/epoch)  best val loss: 0.000357

======================================================================
RESULTS SUMMARY  (best-val checkpoint)
======================================================================
  Metric                                  PINN (phys. ext.)  PINN (blind)
  --------------------------------------------------------------
  RMSE  (training interval)                   0.0185      0.0189
  RMSE  (extrapolation)                       0.0077      0.0092
  Physics residual  (full domain)             0.0893      0.0925
  ŷ(0)                                        1.0009      1.0007
  True w0                                     1.5811      1.5811
  w0_hat                                      1.2884      1.2798
  True zeta                                   1.5811      1.5811
  zeta_hat                                    1.2212      1.2127
Damping: 5.0e+00, Stiffness: 2.5e+00, Omega0 (true): 1.5811, Zeta (true): 1.5811
  Omega0 Hat (blind): 1.2798, Zeta Hat (blind): 1.2127
  Omega0 Hat (ext phys): 1.2884, Zeta Hat (ext phys): 1.2212

======================================================================
Training PINN  (data + physics (normal + extrapolated) + IC loss)
======================================================================
  Parameters: 3267
  [PINN (phys. ext.)] epoch      1  L_data=0.34144  L_phys=0.02474  L_ic=1.41594  L_total=14.50864  L_val=0.20101  patience=0/30  (0.0s)
  [PINN (phys. ext.)] epoch   1000  L_data=0.00332  L_phys=0.02265  L_ic=0.00001  L_total=0.01054  L_val=0.00264  patience=5/30  (2.7s)
  [PINN (phys. ext.)] epoch   2000  L_data=0.00234  L_phys=0.00216  L_ic=0.00000  L_total=0.00305  L_val=0.00156  patience=1/30  (5.3s)
  [PINN (phys. ext.)] epoch   3000  L_data=0.00175  L_phys=0.00022  L_ic=0.00000  L_total=0.00182  L_val=0.00068  patience=1/30  (8.0s)
  [PINN (phys. ext.)] epoch   4000  L_data=0.00170  L_phys=0.00008  L_ic=0.00000  L_total=0.00172  L_val=0.00048  patience=0/30  (10.6s)
  [PINN (phys. ext.)] epoch   5000  L_data=0.00168  L_phys=0.00018  L_ic=0.00003  L_total=0.00203  L_val=0.00035  patience=0/30  (13.3s)
  [PINN (phys. ext.)] epoch   6000  L_data=0.00167  L_phys=0.00011  L_ic=0.00000  L_total=0.00171  L_val=0.00040  patience=7/30  (15.9s)
  [PINN (phys. ext.)] epoch   7000  L_data=0.00166  L_phys=0.00010  L_ic=0.00000  L_total=0.00170  L_val=0.00042  patience=17/30  (18.5s)
  [PINN (phys. ext.)] epoch   8000  L_data=0.00166  L_phys=0.00011  L_ic=0.00000  L_total=0.00170  L_val=0.00044  patience=27/30  (21.2s)

  [PINN (phys. ext.)] Early stopping triggered at epoch 8300. Best val loss: 0.000336
  [PINN (phys. ext.)] early stop after 8300 epochs in 22.0s  (2.65 ms/epoch)  best val loss: 0.000336

======================================================================
Training PINN  (data + physics (normal + extrapolated) + IC loss)
======================================================================
  Parameters: 3267
  [PINN (blind)] epoch      1  L_data=0.33039  L_phys=0.03085  L_ic=1.29541  L_total=13.29427  L_val=0.20609  patience=0/30  (0.0s)
  [PINN (blind)] epoch   1000  L_data=0.00517  L_phys=0.03096  L_ic=0.00001  L_total=0.01509  L_val=0.00412  patience=1/30  (2.7s)
  [PINN (blind)] epoch   2000  L_data=0.00211  L_phys=0.00085  L_ic=0.00000  L_total=0.00239  L_val=0.00131  patience=0/30  (5.3s)
  [PINN (blind)] epoch   3000  L_data=0.00168  L_phys=0.00014  L_ic=0.00000  L_total=0.00173  L_val=0.00057  patience=4/30  (8.0s)
  [PINN (blind)] epoch   4000  L_data=0.00167  L_phys=0.00021  L_ic=0.00001  L_total=0.00184  L_val=0.00040  patience=0/30  (10.6s)
  [PINN (blind)] epoch   5000  L_data=0.00169  L_phys=0.00011  L_ic=0.00001  L_total=0.00186  L_val=0.00057  patience=9/30  (13.2s)
  [PINN (blind)] epoch   6000  L_data=0.00168  L_phys=0.00009  L_ic=0.00000  L_total=0.00174  L_val=0.00052  patience=19/30  (15.9s)
  [PINN (blind)] epoch   7000  L_data=0.00167  L_phys=0.00009  L_ic=0.00000  L_total=0.00170  L_val=0.00041  patience=29/30  (18.5s)

  [PINN (blind)] Early stopping triggered at epoch 7100. Best val loss: 0.000361
  [PINN (blind)] early stop after 7100 epochs in 18.8s  (2.65 ms/epoch)  best val loss: 0.000361

======================================================================
RESULTS SUMMARY  (best-val checkpoint)
======================================================================
  Metric                                  PINN (phys. ext.)  PINN (blind)
  --------------------------------------------------------------
  RMSE  (training interval)                   0.0184      0.0190
  RMSE  (extrapolation)                       0.0039      0.0051
  Physics residual  (full domain)             0.1054      0.1063
  ŷ(0)                                        1.0009      0.9997
  True w0                                     1.7321      1.7321
  w0_hat                                      1.4017      1.3991
  True zeta                                   1.4434      1.4434
  zeta_hat                                    1.1125      1.1092
Damping: 5.0e+00, Stiffness: 3.0e+00, Omega0 (true): 1.7321, Zeta (true): 1.4434
  Omega0 Hat (blind): 1.3991, Zeta Hat (blind): 1.1092
  Omega0 Hat (ext phys): 1.4017, Zeta Hat (ext phys): 1.1125

======================================================================
Training PINN  (data + physics (normal + extrapolated) + IC loss)
======================================================================
  Parameters: 3267
  [PINN (phys. ext.)] epoch      1  L_data=0.30286  L_phys=0.02474  L_ic=1.41594  L_total=14.47006  L_val=0.17651  patience=0/30  (0.0s)
  [PINN (phys. ext.)] epoch   1000  L_data=0.00393  L_phys=0.02638  L_ic=0.00001  L_total=0.01238  L_val=0.00327  patience=7/30  (2.7s)
  [PINN (phys. ext.)] epoch   2000  L_data=0.00220  L_phys=0.00097  L_ic=0.00000  L_total=0.00252  L_val=0.00150  patience=0/30  (5.5s)
  [PINN (phys. ext.)] epoch   3000  L_data=0.00189  L_phys=0.00047  L_ic=0.00020  L_total=0.00401  L_val=0.00087  patience=3/30  (8.2s)
  [PINN (phys. ext.)] epoch   4000  L_data=0.00168  L_phys=0.00012  L_ic=0.00000  L_total=0.00173  L_val=0.00047  patience=0/30  (11.0s)
  [PINN (phys. ext.)] epoch   5000  L_data=0.00168  L_phys=0.00009  L_ic=0.00000  L_total=0.00172  L_val=0.00043  patience=3/30  (13.7s)
  [PINN (phys. ext.)] epoch   6000  L_data=0.00167  L_phys=0.00011  L_ic=0.00000  L_total=0.00172  L_val=0.00041  patience=1/30  (16.4s)
  [PINN (phys. ext.)] epoch   7000  L_data=0.00167  L_phys=0.00009  L_ic=0.00000  L_total=0.00170  L_val=0.00040  patience=11/30  (19.2s)
  [PINN (phys. ext.)] epoch   8000  L_data=0.00167  L_phys=0.00009  L_ic=0.00000  L_total=0.00172  L_val=0.00047  patience=21/30  (21.9s)

  [PINN (phys. ext.)] Early stopping triggered at epoch 8900. Best val loss: 0.000348
  [PINN (phys. ext.)] early stop after 8900 epochs in 24.4s  (2.74 ms/epoch)  best val loss: 0.000348

======================================================================
Training PINN  (data + physics (normal + extrapolated) + IC loss)
======================================================================
  Parameters: 3267
  [PINN (blind)] epoch      1  L_data=0.21112  L_phys=0.00459  L_ic=1.18143  L_total=12.02689  L_val=0.11584  patience=0/30  (0.0s)
  [PINN (blind)] epoch   1000  L_data=0.00624  L_phys=0.03478  L_ic=0.00002  L_total=0.01740  L_val=0.00507  patience=6/30  (2.7s)
  [PINN (blind)] epoch   2000  L_data=0.00196  L_phys=0.00065  L_ic=0.00001  L_total=0.00229  L_val=0.00111  patience=1/30  (5.5s)
  [PINN (blind)] epoch   3000  L_data=0.00170  L_phys=0.00012  L_ic=0.00000  L_total=0.00175  L_val=0.00057  patience=0/30  (8.2s)
  [PINN (blind)] epoch   4000  L_data=0.00168  L_phys=0.00014  L_ic=0.00000  L_total=0.00172  L_val=0.00043  patience=0/30  (11.0s)
  [PINN (blind)] epoch   5000  L_data=0.00166  L_phys=0.00018  L_ic=0.00000  L_total=0.00175  L_val=0.00043  patience=5/30  (13.7s)
  [PINN (blind)] epoch   6000  L_data=0.00167  L_phys=0.00011  L_ic=0.00000  L_total=0.00171  L_val=0.00046  patience=15/30  (16.4s)
  [PINN (blind)] epoch   7000  L_data=0.00166  L_phys=0.00011  L_ic=0.00000  L_total=0.00170  L_val=0.00038  patience=0/30  (19.1s)
  [PINN (blind)] epoch   8000  L_data=0.00167  L_phys=0.00010  L_ic=0.00000  L_total=0.00171  L_val=0.00041  patience=4/30  (21.8s)
  [PINN (blind)] epoch   9000  L_data=0.00169  L_phys=0.00012  L_ic=0.00001  L_total=0.00187  L_val=0.00048  patience=6/30  (24.4s)
  [PINN (blind)] epoch  10000  L_data=0.00167  L_phys=0.00008  L_ic=0.00000  L_total=0.00170  L_val=0.00036  patience=16/30  (27.0s)
  [PINN (blind)] complete after 10000 epochs in 27.0s  (2.70 ms/epoch)  best val loss: 0.000351

======================================================================
RESULTS SUMMARY  (best-val checkpoint)
======================================================================
  Metric                                  PINN (phys. ext.)  PINN (blind)
  --------------------------------------------------------------
  RMSE  (training interval)                   0.0187      0.0188
  RMSE  (extrapolation)                       0.0028      0.0093
  Physics residual  (full domain)             0.1193      0.1195
  ŷ(0)                                        1.0004      0.9994
  True w0                                     1.8708      1.8708
  w0_hat                                      1.5186      1.5346
  True zeta                                   1.3363      1.3363
  zeta_hat                                    1.0392      1.0494
Damping: 5.0e+00, Stiffness: 3.5e+00, Omega0 (true): 1.8708, Zeta (true): 1.3363
  Omega0 Hat (blind): 1.5346, Zeta Hat (blind): 1.0494
  Omega0 Hat (ext phys): 1.5186, Zeta Hat (ext phys): 1.0392

======================================================================
Training PINN  (data + physics (normal + extrapolated) + IC loss)
======================================================================
  Parameters: 3267
  [PINN (phys. ext.)] epoch      1  L_data=0.27243  L_phys=0.02474  L_ic=1.41594  L_total=14.43963  L_val=0.15793  patience=0/30  (0.0s)
  [PINN (phys. ext.)] epoch   1000  L_data=0.00471  L_phys=0.02938  L_ic=0.00001  L_total=0.01413  L_val=0.00402  patience=7/30  (2.7s)
  [PINN (phys. ext.)] epoch   2000  L_data=0.00202  L_phys=0.00067  L_ic=0.00000  L_total=0.00224  L_val=0.00127  patience=0/30  (5.5s)
  [PINN (phys. ext.)] epoch   3000  L_data=0.00173  L_phys=0.00016  L_ic=0.00001  L_total=0.00189  L_val=0.00066  patience=2/30  (8.2s)
  [PINN (phys. ext.)] epoch   4000  L_data=0.00168  L_phys=0.00012  L_ic=0.00000  L_total=0.00173  L_val=0.00046  patience=0/30  (11.0s)
  [PINN (phys. ext.)] epoch   5000  L_data=0.00167  L_phys=0.00018  L_ic=0.00002  L_total=0.00197  L_val=0.00040  patience=0/30  (13.7s)
  [PINN (phys. ext.)] epoch   6000  L_data=0.00167  L_phys=0.00012  L_ic=0.00000  L_total=0.00171  L_val=0.00045  patience=1/30  (16.4s)
  [PINN (phys. ext.)] epoch   7000  L_data=0.00168  L_phys=0.00009  L_ic=0.00000  L_total=0.00171  L_val=0.00039  patience=11/30  (19.2s)
  [PINN (phys. ext.)] epoch   8000  L_data=0.00166  L_phys=0.00014  L_ic=0.00000  L_total=0.00172  L_val=0.00041  patience=21/30  (21.9s)

  [PINN (phys. ext.)] Early stopping triggered at epoch 8900. Best val loss: 0.000357
  [PINN (phys. ext.)] early stop after 8900 epochs in 24.4s  (2.74 ms/epoch)  best val loss: 0.000357

======================================================================
Training PINN  (data + physics (normal + extrapolated) + IC loss)
======================================================================
  Parameters: 3267
  [PINN (blind)] epoch      1  L_data=0.18820  L_phys=0.00459  L_ic=1.18143  L_total=12.00397  L_val=0.10268  patience=0/30  (0.0s)
  [PINN (blind)] epoch   1000  L_data=0.00742  L_phys=0.03774  L_ic=0.00002  L_total=0.01957  L_val=0.00617  patience=1/30  (2.7s)
  [PINN (blind)] epoch   2000  L_data=0.00186  L_phys=0.00029  L_ic=0.00000  L_total=0.00195  L_val=0.00099  patience=0/30  (5.5s)
  [PINN (blind)] epoch   3000  L_data=0.00171  L_phys=0.00011  L_ic=0.00001  L_total=0.00179  L_val=0.00060  patience=2/30  (8.2s)
  [PINN (blind)] epoch   4000  L_data=0.00169  L_phys=0.00015  L_ic=0.00000  L_total=0.00174  L_val=0.00045  patience=1/30  (11.0s)
  [PINN (blind)] epoch   5000  L_data=0.00166  L_phys=0.00037  L_ic=0.00002  L_total=0.00202  L_val=0.00038  patience=1/30  (13.7s)
  [PINN (blind)] epoch   6000  L_data=0.00168  L_phys=0.00010  L_ic=0.00000  L_total=0.00172  L_val=0.00046  patience=11/30  (16.4s)
  [PINN (blind)] epoch   7000  L_data=0.00167  L_phys=0.00010  L_ic=0.00000  L_total=0.00171  L_val=0.00039  patience=21/30  (19.2s)

  [PINN (blind)] Early stopping triggered at epoch 7900. Best val loss: 0.000363
  [PINN (blind)] early stop after 7900 epochs in 21.6s  (2.74 ms/epoch)  best val loss: 0.000363

======================================================================
RESULTS SUMMARY  (best-val checkpoint)
======================================================================
  Metric                                  PINN (phys. ext.)  PINN (blind)
  --------------------------------------------------------------
  RMSE  (training interval)                   0.0189      0.0191
  RMSE  (extrapolation)                       0.0033      0.0045
  Physics residual  (full domain)             0.1328      0.1308
  ŷ(0)                                        1.0001      1.0005
  True w0                                     2.0000      2.0000
  w0_hat                                      1.6281      1.6311
  True zeta                                   1.2500      1.2500
  zeta_hat                                    0.9820      0.9808
Damping: 5.0e+00, Stiffness: 4.0e+00, Omega0 (true): 2.0000, Zeta (true): 1.2500
  Omega0 Hat (blind): 1.6311, Zeta Hat (blind): 0.9808
  Omega0 Hat (ext phys): 1.6281, Zeta Hat (ext phys): 0.9820

======================================================================
Training PINN  (data + physics (normal + extrapolated) + IC loss)
======================================================================
  Parameters: 3267
  [PINN (phys. ext.)] epoch      1  L_data=0.24788  L_phys=0.02474  L_ic=1.41594  L_total=14.41508  L_val=0.14338  patience=0/30  (0.0s)
  [PINN (phys. ext.)] epoch   1000  L_data=0.00567  L_phys=0.03099  L_ic=0.00001  L_total=0.01559  L_val=0.00495  patience=5/30  (2.7s)
  [PINN (phys. ext.)] epoch   2000  L_data=0.00194  L_phys=0.00060  L_ic=0.00000  L_total=0.00213  L_val=0.00115  patience=0/30  (5.5s)
  [PINN (phys. ext.)] epoch   3000  L_data=0.00171  L_phys=0.00026  L_ic=0.00000  L_total=0.00183  L_val=0.00060  patience=1/30  (8.1s)
  [PINN (phys. ext.)] epoch   4000  L_data=0.00170  L_phys=0.00011  L_ic=0.00000  L_total=0.00175  L_val=0.00046  patience=0/30  (10.8s)
  [PINN (phys. ext.)] epoch   5000  L_data=0.00172  L_phys=0.00005  L_ic=0.00000  L_total=0.00176  L_val=0.00047  patience=1/30  (13.5s)
  [PINN (phys. ext.)] epoch   6000  L_data=0.00168  L_phys=0.00013  L_ic=0.00000  L_total=0.00173  L_val=0.00046  patience=2/30  (16.3s)
  [PINN (phys. ext.)] epoch   7000  L_data=0.00168  L_phys=0.00007  L_ic=0.00000  L_total=0.00171  L_val=0.00041  patience=12/30  (19.0s)
  [PINN (phys. ext.)] epoch   8000  L_data=0.00167  L_phys=0.00011  L_ic=0.00000  L_total=0.00171  L_val=0.00041  patience=22/30  (21.7s)
  [PINN (phys. ext.)] epoch   9000  L_data=0.00173  L_phys=0.00013  L_ic=0.00003  L_total=0.00209  L_val=0.00045  patience=2/30  (24.5s)
  [PINN (phys. ext.)] epoch  10000  L_data=0.00168  L_phys=0.00006  L_ic=0.00000  L_total=0.00170  L_val=0.00041  patience=12/30  (27.2s)
  [PINN (phys. ext.)] complete after 10000 epochs in 27.2s  (2.72 ms/epoch)  best val loss: 0.000376

======================================================================
Training PINN  (data + physics (normal + extrapolated) + IC loss)
======================================================================
  Parameters: 3267
  [PINN (blind)] epoch      1  L_data=0.23865  L_phys=0.02617  L_ic=1.46264  L_total=14.87336  L_val=0.14927  patience=0/30  (0.0s)
  [PINN (blind)] epoch   1000  L_data=0.00853  L_phys=0.04091  L_ic=0.00003  L_total=0.02172  L_val=0.00718  patience=1/30  (2.7s)
  [PINN (blind)] epoch   2000  L_data=0.00184  L_phys=0.00051  L_ic=0.00005  L_total=0.00250  L_val=0.00090  patience=1/30  (5.5s)
  [PINN (blind)] epoch   3000  L_data=0.00169  L_phys=0.00013  L_ic=0.00000  L_total=0.00177  L_val=0.00051  patience=0/30  (8.2s)
  [PINN (blind)] epoch   4000  L_data=0.00169  L_phys=0.00008  L_ic=0.00000  L_total=0.00172  L_val=0.00041  patience=0/30  (11.0s)
  [PINN (blind)] epoch   5000  L_data=0.00167  L_phys=0.00021  L_ic=0.00001  L_total=0.00183  L_val=0.00045  patience=6/30  (13.7s)
  [PINN (blind)] epoch   6000  L_data=0.00170  L_phys=0.00006  L_ic=0.00001  L_total=0.00179  L_val=0.00048  patience=16/30  (16.4s)
  [PINN (blind)] epoch   7000  L_data=0.00169  L_phys=0.00008  L_ic=0.00000  L_total=0.00171  L_val=0.00038  patience=26/30  (19.2s)

  [PINN (blind)] Early stopping triggered at epoch 7400. Best val loss: 0.000366
  [PINN (blind)] early stop after 7400 epochs in 20.2s  (2.74 ms/epoch)  best val loss: 0.000366

======================================================================
RESULTS SUMMARY  (best-val checkpoint)
======================================================================
  Metric                                  PINN (phys. ext.)  PINN (blind)
  --------------------------------------------------------------
  RMSE  (training interval)                   0.0194      0.0192
  RMSE  (extrapolation)                       0.0018      0.0024
  Physics residual  (full domain)             0.1395      0.1412
  ŷ(0)                                        0.9991      1.0005
  True w0                                     2.1213      2.1213
  w0_hat                                      1.7444      1.7431
  True zeta                                   1.1785      1.1785
  zeta_hat                                    0.9380      0.9379
Damping: 5.0e+00, Stiffness: 4.5e+00, Omega0 (true): 2.1213, Zeta (true): 1.1785
  Omega0 Hat (blind): 1.7431, Zeta Hat (blind): 0.9379
  Omega0 Hat (ext phys): 1.7444, Zeta Hat (ext phys): 0.9380

======================================================================
Training PINN  (data + physics (normal + extrapolated) + IC loss)
======================================================================
  Parameters: 3267
  [PINN (phys. ext.)] epoch      1  L_data=0.22772  L_phys=0.02474  L_ic=1.41594  L_total=14.39492  L_val=0.13167  patience=0/30  (0.0s)
  [PINN (phys. ext.)] epoch   1000  L_data=0.00683  L_phys=0.03119  L_ic=0.00001  L_total=0.01677  L_val=0.00606  patience=5/30  (2.7s)
  [PINN (phys. ext.)] epoch   2000  L_data=0.00191  L_phys=0.00063  L_ic=0.00000  L_total=0.00211  L_val=0.00112  patience=0/30  (5.5s)
  [PINN (phys. ext.)] epoch   3000  L_data=0.00170  L_phys=0.00053  L_ic=0.00003  L_total=0.00218  L_val=0.00064  patience=0/30  (8.2s)
  [PINN (phys. ext.)] epoch   4000  L_data=0.00170  L_phys=0.00008  L_ic=0.00000  L_total=0.00173  L_val=0.00049  patience=1/30  (10.9s)
  [PINN (phys. ext.)] epoch   5000  L_data=0.00170  L_phys=0.00008  L_ic=0.00000  L_total=0.00174  L_val=0.00046  patience=5/30  (13.7s)
  [PINN (phys. ext.)] epoch   6000  L_data=0.00169  L_phys=0.00010  L_ic=0.00000  L_total=0.00174  L_val=0.00049  patience=15/30  (16.4s)
  [PINN (phys. ext.)] epoch   7000  L_data=0.00169  L_phys=0.00006  L_ic=0.00000  L_total=0.00171  L_val=0.00044  patience=2/30  (19.0s)
  [PINN (phys. ext.)] epoch   8000  L_data=0.00167  L_phys=0.00012  L_ic=0.00000  L_total=0.00172  L_val=0.00043  patience=1/30  (21.7s)
  [PINN (phys. ext.)] epoch   9000  L_data=0.00167  L_phys=0.00009  L_ic=0.00000  L_total=0.00171  L_val=0.00045  patience=11/30  (24.3s)
  [PINN (phys. ext.)] epoch  10000  L_data=0.00166  L_phys=0.00009  L_ic=0.00000  L_total=0.00169  L_val=0.00044  patience=21/30  (26.9s)
  [PINN (phys. ext.)] complete after 10000 epochs in 26.9s  (2.69 ms/epoch)  best val loss: 0.000407

======================================================================
Training PINN  (data + physics (normal + extrapolated) + IC loss)
======================================================================
  Parameters: 3267
  [PINN (blind)] epoch      1  L_data=0.21941  L_phys=0.02617  L_ic=1.46264  L_total=14.85411  L_val=0.13722  patience=0/30  (0.0s)
  [PINN (blind)] epoch   1000  L_data=0.00954  L_phys=0.04062  L_ic=0.00002  L_total=0.02261  L_val=0.00807  patience=1/30  (2.6s)
  [PINN (blind)] epoch   2000  L_data=0.00176  L_phys=0.00049  L_ic=0.00011  L_total=0.00303  L_val=0.00079  patience=0/30  (5.3s)
  [PINN (blind)] epoch   3000  L_data=0.00170  L_phys=0.00018  L_ic=0.00000  L_total=0.00179  L_val=0.00054  patience=1/30  (7.9s)
  [PINN (blind)] epoch   4000  L_data=0.00170  L_phys=0.00008  L_ic=0.00000  L_total=0.00173  L_val=0.00042  patience=1/30  (10.6s)
  [PINN (blind)] epoch   5000  L_data=0.00169  L_phys=0.00009  L_ic=0.00000  L_total=0.00172  L_val=0.00045  patience=6/30  (13.2s)
  [PINN (blind)] epoch   6000  L_data=0.00172  L_phys=0.00005  L_ic=0.00001  L_total=0.00182  L_val=0.00048  patience=16/30  (15.8s)
  [PINN (blind)] epoch   7000  L_data=0.00170  L_phys=0.00006  L_ic=0.00000  L_total=0.00172  L_val=0.00039  patience=26/30  (18.5s)

  [PINN (blind)] Early stopping triggered at epoch 7400. Best val loss: 0.000391
  [PINN (blind)] early stop after 7400 epochs in 19.5s  (2.64 ms/epoch)  best val loss: 0.000391

======================================================================
RESULTS SUMMARY  (best-val checkpoint)
======================================================================
  Metric                                  PINN (phys. ext.)  PINN (blind)
  --------------------------------------------------------------
  RMSE  (training interval)                   0.0202      0.0198
  RMSE  (extrapolation)                       0.0011      0.0028
  Physics residual  (full domain)             0.1540      0.1521
  ŷ(0)                                        0.9997      1.0002
  True w0                                     2.2361      2.2361
  w0_hat                                      1.8369      1.8406
  True zeta                                   1.1180      1.1180
  zeta_hat                                    0.8932      0.8966
Damping: 5.0e+00, Stiffness: 5.0e+00, Omega0 (true): 2.2361, Zeta (true): 1.1180
  Omega0 Hat (blind): 1.8406, Zeta Hat (blind): 0.8966
  Omega0 Hat (ext phys): 1.8369, Zeta Hat (ext phys): 0.8932

======================================================================
Training PINN  (data + physics (normal + extrapolated) + IC loss)
======================================================================
  Parameters: 3267
  [PINN (phys. ext.)] epoch      1  L_data=0.21093  L_phys=0.02474  L_ic=1.41594  L_total=14.37812  L_val=0.12206  patience=0/30  (0.0s)
  [PINN (phys. ext.)] epoch   1000  L_data=0.00782  L_phys=0.03074  L_ic=0.00001  L_total=0.01766  L_val=0.00718  patience=5/30  (2.6s)
  [PINN (phys. ext.)] epoch   2000  L_data=0.00194  L_phys=0.00060  L_ic=0.00000  L_total=0.00216  L_val=0.00122  patience=0/30  (5.3s)
  [PINN (phys. ext.)] epoch   3000  L_data=0.00180  L_phys=0.00015  L_ic=0.00005  L_total=0.00235  L_val=0.00077  patience=1/30  (7.9s)
  [PINN (phys. ext.)] epoch   4000  L_data=0.00170  L_phys=0.00009  L_ic=0.00000  L_total=0.00173  L_val=0.00050  patience=0/30  (10.5s)
  [PINN (phys. ext.)] epoch   5000  L_data=0.00174  L_phys=0.00009  L_ic=0.00002  L_total=0.00198  L_val=0.00057  patience=1/30  (13.2s)
  [PINN (phys. ext.)] epoch   6000  L_data=0.00167  L_phys=0.00018  L_ic=0.00000  L_total=0.00175  L_val=0.00049  patience=9/30  (15.9s)
  [PINN (phys. ext.)] epoch   7000  L_data=0.00167  L_phys=0.00011  L_ic=0.00000  L_total=0.00170  L_val=0.00045  patience=2/30  (18.6s)
  [PINN (phys. ext.)] epoch   8000  L_data=0.00165  L_phys=0.00014  L_ic=0.00000  L_total=0.00170  L_val=0.00046  patience=12/30  (21.3s)
  [PINN (phys. ext.)] epoch   9000  L_data=0.00166  L_phys=0.00011  L_ic=0.00000  L_total=0.00170  L_val=0.00048  patience=2/30  (24.0s)
  [PINN (phys. ext.)] epoch  10000  L_data=0.00167  L_phys=0.00009  L_ic=0.00000  L_total=0.00170  L_val=0.00046  patience=12/30  (26.7s)
  [PINN (phys. ext.)] complete after 10000 epochs in 26.7s  (2.67 ms/epoch)  best val loss: 0.000441

======================================================================
Training PINN  (data + physics (normal + extrapolated) + IC loss)
======================================================================
  Parameters: 3267
  [PINN (blind)] epoch      1  L_data=0.20338  L_phys=0.02617  L_ic=1.46264  L_total=14.83808  L_val=0.12731  patience=0/30  (0.0s)
  [PINN (blind)] epoch   1000  L_data=0.01035  L_phys=0.03788  L_ic=0.00002  L_total=0.02256  L_val=0.00896  patience=0/30  (2.7s)
  [PINN (blind)] epoch   2000  L_data=0.00176  L_phys=0.00035  L_ic=0.00004  L_total=0.00230  L_val=0.00076  patience=0/30  (5.4s)
  [PINN (blind)] epoch   3000  L_data=0.00178  L_phys=0.00018  L_ic=0.00005  L_total=0.00229  L_val=0.00063  patience=2/30  (8.2s)
  [PINN (blind)] epoch   4000  L_data=0.00171  L_phys=0.00008  L_ic=0.00000  L_total=0.00173  L_val=0.00043  patience=1/30  (10.9s)
  [PINN (blind)] epoch   5000  L_data=0.00168  L_phys=0.00026  L_ic=0.00002  L_total=0.00194  L_val=0.00044  patience=8/30  (13.5s)
  [PINN (blind)] epoch   6000  L_data=0.00171  L_phys=0.00005  L_ic=0.00000  L_total=0.00173  L_val=0.00047  patience=18/30  (16.2s)
  [PINN (blind)] epoch   7000  L_data=0.00170  L_phys=0.00006  L_ic=0.00000  L_total=0.00172  L_val=0.00041  patience=0/30  (18.9s)
  [PINN (blind)] epoch   8000  L_data=0.00170  L_phys=0.00006  L_ic=0.00000  L_total=0.00172  L_val=0.00044  patience=7/30  (21.6s)
  [PINN (blind)] epoch   9000  L_data=0.00169  L_phys=0.00009  L_ic=0.00000  L_total=0.00175  L_val=0.00042  patience=17/30  (24.3s)
  [PINN (blind)] epoch  10000  L_data=0.00170  L_phys=0.00006  L_ic=0.00000  L_total=0.00172  L_val=0.00042  patience=2/30  (27.0s)
  [PINN (blind)] complete after 10000 epochs in 27.0s  (2.70 ms/epoch)  best val loss: 0.000399

======================================================================
RESULTS SUMMARY  (best-val checkpoint)
======================================================================
  Metric                                  PINN (phys. ext.)  PINN (blind)
  --------------------------------------------------------------
  RMSE  (training interval)                   0.0210      0.0200
  RMSE  (extrapolation)                       0.0015      0.0018
  Physics residual  (full domain)             0.1691      0.1607
  ŷ(0)                                        0.9992      0.9999
  True w0                                     2.3452      2.3452
  w0_hat                                      1.9231      1.9399
  True zeta                                   1.0660      1.0660
  zeta_hat                                    0.8552      0.8640
Damping: 5.0e+00, Stiffness: 5.5e+00, Omega0 (true): 2.3452, Zeta (true): 1.0660
  Omega0 Hat (blind): 1.9399, Zeta Hat (blind): 0.8640
  Omega0 Hat (ext phys): 1.9231, Zeta Hat (ext phys): 0.8552

======================================================================
RESULTS SUMMARY  (best-val checkpoint)
======================================================================
  Metric                                  PINN (phys. ext.)  PINN (blind)
  --------------------------------------------------------------
  RMSE  (training interval)                   0.0195      0.0228
  RMSE  (extrapolation)                       0.0627      0.0460
  Physics residual  (full domain)             0.0815      0.0707
  ŷ(0)                                        1.0085      1.0000
  True w0                                     0.7071      0.7071
  w0_hat                                      0.4075      0.4232
  True zeta                                   3.8891      3.8891
  zeta_hat                                    1.8282      1.9353
Damping: 5.5e+00, Stiffness: 5.0e-01, Omega0 (true): 0.7071, Zeta (true): 3.8891
  Omega0 Hat (blind): 0.4232, Zeta Hat (blind): 1.9353
  Omega0 Hat (ext phys): 0.4075, Zeta Hat (ext phys): 1.8282

======================================================================
Training PINN  (data + physics (normal + extrapolated) + IC loss)
======================================================================
  Parameters: 3267
  [PINN (phys. ext.)] epoch      1  L_data=0.73613  L_phys=0.02474  L_ic=1.41594  L_total=14.90333  L_val=0.50459  patience=0/30  (0.0s)
  [PINN (phys. ext.)] epoch   1000  L_data=0.00178  L_phys=0.01259  L_ic=0.00000  L_total=0.00577  L_val=0.00134  patience=0/30  (2.7s)
  [PINN (phys. ext.)] epoch   2000  L_data=0.00167  L_phys=0.00113  L_ic=0.00000  L_total=0.00203  L_val=0.00071  patience=3/30  (5.4s)
  [PINN (phys. ext.)] epoch   3000  L_data=0.00166  L_phys=0.00082  L_ic=0.00000  L_total=0.00192  L_val=0.00078  patience=3/30  (8.1s)
  [PINN (phys. ext.)] epoch   4000  L_data=0.00165  L_phys=0.00072  L_ic=0.00000  L_total=0.00188  L_val=0.00072  patience=13/30  (10.8s)
  [PINN (phys. ext.)] epoch   5000  L_data=0.00163  L_phys=0.00053  L_ic=0.00000  L_total=0.00180  L_val=0.00068  patience=7/30  (13.5s)
  [PINN (phys. ext.)] epoch   6000  L_data=0.00162  L_phys=0.00030  L_ic=0.00000  L_total=0.00174  L_val=0.00064  patience=1/30  (16.2s)
  [PINN (phys. ext.)] epoch   7000  L_data=0.00162  L_phys=0.00035  L_ic=0.00000  L_total=0.00173  L_val=0.00060  patience=11/30  (18.9s)
  [PINN (phys. ext.)] epoch   8000  L_data=0.00162  L_phys=0.00020  L_ic=0.00000  L_total=0.00169  L_val=0.00065  patience=6/30  (21.6s)
  [PINN (phys. ext.)] epoch   9000  L_data=0.00163  L_phys=0.00012  L_ic=0.00001  L_total=0.00178  L_val=0.00064  patience=1/30  (24.3s)
  [PINN (phys. ext.)] epoch  10000  L_data=0.00163  L_phys=0.00015  L_ic=0.00000  L_total=0.00168  L_val=0.00052  patience=0/30  (27.0s)
  [PINN (phys. ext.)] complete after 10000 epochs in 27.0s  (2.70 ms/epoch)  best val loss: 0.000522

======================================================================
Training PINN  (data + physics (normal + extrapolated) + IC loss)
======================================================================
  Parameters: 3267
  [PINN (blind)] epoch      1  L_data=0.71106  L_phys=0.02617  L_ic=1.46264  L_total=15.34576  L_val=0.53365  patience=0/30  (0.0s)
  [PINN (blind)] epoch   1000  L_data=0.00183  L_phys=0.01314  L_ic=0.00000  L_total=0.00599  L_val=0.00143  patience=0/30  (2.7s)
  [PINN (blind)] epoch   2000  L_data=0.00180  L_phys=0.00205  L_ic=0.00000  L_total=0.00245  L_val=0.00086  patience=0/30  (5.4s)
  [PINN (blind)] epoch   3000  L_data=0.00177  L_phys=0.00120  L_ic=0.00000  L_total=0.00216  L_val=0.00082  patience=5/30  (8.1s)
  [PINN (blind)] epoch   4000  L_data=0.00175  L_phys=0.00145  L_ic=0.00000  L_total=0.00222  L_val=0.00082  patience=15/30  (10.8s)
  [PINN (blind)] epoch   5000  L_data=0.00170  L_phys=0.00062  L_ic=0.00000  L_total=0.00190  L_val=0.00078  patience=2/30  (13.5s)
  [PINN (blind)] epoch   6000  L_data=0.00165  L_phys=0.00034  L_ic=0.00000  L_total=0.00180  L_val=0.00054  patience=0/30  (16.2s)
  [PINN (blind)] epoch   7000  L_data=0.00164  L_phys=0.00019  L_ic=0.00000  L_total=0.00170  L_val=0.00065  patience=10/30  (18.9s)
  [PINN (blind)] epoch   8000  L_data=0.00164  L_phys=0.00015  L_ic=0.00000  L_total=0.00169  L_val=0.00057  patience=1/30  (21.6s)
  [PINN (blind)] epoch   9000  L_data=0.00164  L_phys=0.00012  L_ic=0.00000  L_total=0.00168  L_val=0.00052  patience=11/30  (24.3s)
  [PINN (blind)] epoch  10000  L_data=0.00164  L_phys=0.00010  L_ic=0.00000  L_total=0.00167  L_val=0.00051  patience=21/30  (27.0s)
  [PINN (blind)] complete after 10000 epochs in 27.0s  (2.70 ms/epoch)  best val loss: 0.000484

======================================================================
RESULTS SUMMARY  (best-val checkpoint)
======================================================================
  Metric                                  PINN (phys. ext.)  PINN (blind)
  --------------------------------------------------------------
  RMSE  (training interval)                   0.0228      0.0220
  RMSE  (extrapolation)                       0.0417      0.0298
  Physics residual  (full domain)             0.0776      0.0746
  ŷ(0)                                        0.9999      1.0013
  True w0                                     1.0000      1.0000
  w0_hat                                      0.7115      0.7050
  True zeta                                   2.7500      2.7500
  zeta_hat                                    1.7604      1.7512
Damping: 5.5e+00, Stiffness: 1.0e+00, Omega0 (true): 1.0000, Zeta (true): 2.7500
  Omega0 Hat (blind): 0.7050, Zeta Hat (blind): 1.7512
  Omega0 Hat (ext phys): 0.7115, Zeta Hat (ext phys): 1.7604

======================================================================
RESULTS SUMMARY  (best-val checkpoint)
======================================================================
  Metric                                  PINN (phys. ext.)  PINN (blind)
  --------------------------------------------------------------
  RMSE  (training interval)                   0.0214      0.0213
  RMSE  (extrapolation)                       0.0269      0.0196
  Physics residual  (full domain)             0.0801      0.0783
  ŷ(0)                                        0.9998      1.0010
  True w0                                     1.2247      1.2247
  w0_hat                                      0.9312      0.9373
  True zeta                                   2.2454      2.2454
  zeta_hat                                    1.5786      1.5938
Damping: 5.5e+00, Stiffness: 1.5e+00, Omega0 (true): 1.2247, Zeta (true): 2.2454
  Omega0 Hat (blind): 0.9373, Zeta Hat (blind): 1.5938
  Omega0 Hat (ext phys): 0.9312, Zeta Hat (ext phys): 1.5786

======================================================================
Training PINN  (data + physics (normal + extrapolated) + IC loss)
======================================================================
  Parameters: 3267
  [PINN (phys. ext.)] epoch      1  L_data=0.48858  L_phys=0.02474  L_ic=1.41594  L_total=14.65578  L_val=0.30489  patience=0/30  (0.0s)
  [PINN (phys. ext.)] epoch   1000  L_data=0.00225  L_phys=0.01456  L_ic=0.00000  L_total=0.00688  L_val=0.00166  patience=0/30  (2.7s)
  [PINN (phys. ext.)] epoch   2000  L_data=0.00214  L_phys=0.00377  L_ic=0.00000  L_total=0.00335  L_val=0.00127  patience=0/30  (5.4s)
  [PINN (phys. ext.)] epoch   3000  L_data=0.00183  L_phys=0.00095  L_ic=0.00000  L_total=0.00215  L_val=0.00092  patience=0/30  (8.1s)
  [PINN (phys. ext.)] epoch   4000  L_data=0.00170  L_phys=0.00029  L_ic=0.00000  L_total=0.00180  L_val=0.00071  patience=0/30  (10.8s)
  [PINN (phys. ext.)] epoch   5000  L_data=0.00164  L_phys=0.00016  L_ic=0.00000  L_total=0.00169  L_val=0.00057  patience=2/30  (13.5s)
  [PINN (phys. ext.)] epoch   6000  L_data=0.00163  L_phys=0.00011  L_ic=0.00000  L_total=0.00167  L_val=0.00052  patience=1/30  (16.2s)
  [PINN (phys. ext.)] epoch   7000  L_data=0.00163  L_phys=0.00013  L_ic=0.00000  L_total=0.00167  L_val=0.00054  patience=11/30  (18.9s)
  [PINN (phys. ext.)] epoch   8000  L_data=0.00163  L_phys=0.00011  L_ic=0.00000  L_total=0.00169  L_val=0.00054  patience=6/30  (21.6s)
  [PINN (phys. ext.)] epoch   9000  L_data=0.00163  L_phys=0.00010  L_ic=0.00000  L_total=0.00166  L_val=0.00052  patience=16/30  (24.3s)
  [PINN (phys. ext.)] epoch  10000  L_data=0.00164  L_phys=0.00013  L_ic=0.00000  L_total=0.00168  L_val=0.00048  patience=26/30  (26.9s)
  [PINN (phys. ext.)] complete after 10000 epochs in 26.9s  (2.69 ms/epoch)  best val loss: 0.000430

======================================================================
Training PINN  (data + physics (normal + extrapolated) + IC loss)
======================================================================
  Parameters: 3267
  [PINN (blind)] epoch      1  L_data=0.46999  L_phys=0.02617  L_ic=1.46264  L_total=15.10469  L_val=0.31817  patience=0/30  (0.0s)
  [PINN (blind)] epoch   1000  L_data=0.00293  L_phys=0.01885  L_ic=0.00001  L_total=0.00895  L_val=0.00224  patience=1/30  (2.7s)
  [PINN (blind)] epoch   2000  L_data=0.00250  L_phys=0.00571  L_ic=0.00001  L_total=0.00437  L_val=0.00168  patience=0/30  (5.4s)
  [PINN (blind)] epoch   3000  L_data=0.00181  L_phys=0.00045  L_ic=0.00000  L_total=0.00196  L_val=0.00085  patience=0/30  (8.1s)
  [PINN (blind)] epoch   4000  L_data=0.00166  L_phys=0.00025  L_ic=0.00000  L_total=0.00174  L_val=0.00064  patience=1/30  (10.8s)
  [PINN (blind)] epoch   5000  L_data=0.00165  L_phys=0.00013  L_ic=0.00000  L_total=0.00169  L_val=0.00052  patience=7/30  (13.4s)
  [PINN (blind)] epoch   6000  L_data=0.00165  L_phys=0.00012  L_ic=0.00000  L_total=0.00169  L_val=0.00049  patience=17/30  (16.0s)
  [PINN (blind)] epoch   7000  L_data=0.00164  L_phys=0.00010  L_ic=0.00000  L_total=0.00168  L_val=0.00051  patience=27/30  (18.6s)

  [PINN (blind)] Early stopping triggered at epoch 7300. Best val loss: 0.000453
  [PINN (blind)] early stop after 7300 epochs in 19.3s  (2.65 ms/epoch)  best val loss: 0.000453

======================================================================
RESULTS SUMMARY  (best-val checkpoint)
======================================================================
  Metric                                  PINN (phys. ext.)  PINN (blind)
  --------------------------------------------------------------
  RMSE  (training interval)                   0.0207      0.0213
  RMSE  (extrapolation)                       0.0176      0.0166
  Physics residual  (full domain)             0.0895      0.0996
  ŷ(0)                                        1.0009      1.0006
  True w0                                     1.4142      1.4142
  w0_hat                                      1.0998      1.0531
  True zeta                                   1.9445      1.9445
  zeta_hat                                    1.4161      1.3529
Damping: 5.5e+00, Stiffness: 2.0e+00, Omega0 (true): 1.4142, Zeta (true): 1.9445
  Omega0 Hat (blind): 1.0531, Zeta Hat (blind): 1.3529
  Omega0 Hat (ext phys): 1.0998, Zeta Hat (ext phys): 1.4161

======================================================================
RESULTS SUMMARY  (best-val checkpoint)
======================================================================
  Metric                                  PINN (phys. ext.)  PINN (blind)
  --------------------------------------------------------------
  RMSE  (training interval)                   0.0192      0.0196
  RMSE  (extrapolation)                       0.0080      0.0124
  Physics residual  (full domain)             0.1047      0.0973
  ŷ(0)                                        1.0010      1.0011
  True w0                                     1.5811      1.5811
  w0_hat                                      1.2186      1.2574
  True zeta                                   1.7393      1.7393
  zeta_hat                                    1.2640      1.3080
Damping: 5.5e+00, Stiffness: 2.5e+00, Omega0 (true): 1.5811, Zeta (true): 1.7393
  Omega0 Hat (blind): 1.2574, Zeta Hat (blind): 1.3080
  Omega0 Hat (ext phys): 1.2186, Zeta Hat (ext phys): 1.2640

======================================================================
Training PINN  (data + physics (normal + extrapolated) + IC loss)
======================================================================
  Parameters: 3267
  [PINN (phys. ext.)] epoch      1  L_data=0.36467  L_phys=0.02474  L_ic=1.41594  L_total=14.53187  L_val=0.21634  patience=0/30  (0.0s)
  [PINN (phys. ext.)] epoch   1000  L_data=0.00311  L_phys=0.02077  L_ic=0.00001  L_total=0.00973  L_val=0.00247  patience=5/30  (2.7s)
  [PINN (phys. ext.)] epoch   2000  L_data=0.00246  L_phys=0.00300  L_ic=0.00000  L_total=0.00345  L_val=0.00168  patience=0/30  (5.4s)
  [PINN (phys. ext.)] epoch   3000  L_data=0.00175  L_phys=0.00030  L_ic=0.00000  L_total=0.00188  L_val=0.00072  patience=1/30  (8.0s)
  [PINN (phys. ext.)] epoch   4000  L_data=0.00169  L_phys=0.00013  L_ic=0.00000  L_total=0.00175  L_val=0.00051  patience=0/30  (10.7s)
  [PINN (phys. ext.)] epoch   5000  L_data=0.00168  L_phys=0.00012  L_ic=0.00001  L_total=0.00178  L_val=0.00038  patience=0/30  (13.4s)
  [PINN (phys. ext.)] epoch   6000  L_data=0.00168  L_phys=0.00008  L_ic=0.00000  L_total=0.00173  L_val=0.00041  patience=7/30  (16.1s)
  [PINN (phys. ext.)] epoch   7000  L_data=0.00168  L_phys=0.00006  L_ic=0.00000  L_total=0.00170  L_val=0.00044  patience=17/30  (18.8s)
  [PINN (phys. ext.)] epoch   8000  L_data=0.00167  L_phys=0.00005  L_ic=0.00000  L_total=0.00170  L_val=0.00049  patience=27/30  (21.4s)

  [PINN (phys. ext.)] Early stopping triggered at epoch 8300. Best val loss: 0.000301
  [PINN (phys. ext.)] early stop after 8300 epochs in 22.2s  (2.68 ms/epoch)  best val loss: 0.000301

======================================================================
Training PINN  (data + physics (normal + extrapolated) + IC loss)
======================================================================
  Parameters: 3267
  [PINN (blind)] epoch      1  L_data=0.35407  L_phys=0.03085  L_ic=1.29541  L_total=13.31795  L_val=0.22374  patience=0/30  (0.0s)
  [PINN (blind)] epoch   1000  L_data=0.00470  L_phys=0.02858  L_ic=0.00001  L_total=0.01386  L_val=0.00375  patience=1/30  (2.7s)
  [PINN (blind)] epoch   2000  L_data=0.00241  L_phys=0.00168  L_ic=0.00000  L_total=0.00295  L_val=0.00170  patience=0/30  (5.4s)
  [PINN (blind)] epoch   3000  L_data=0.00169  L_phys=0.00016  L_ic=0.00000  L_total=0.00175  L_val=0.00066  patience=2/30  (8.1s)
  [PINN (blind)] epoch   4000  L_data=0.00167  L_phys=0.00021  L_ic=0.00000  L_total=0.00174  L_val=0.00046  patience=1/30  (10.7s)
  [PINN (blind)] epoch   5000  L_data=0.00166  L_phys=0.00014  L_ic=0.00000  L_total=0.00174  L_val=0.00047  patience=5/30  (13.4s)
  [PINN (blind)] epoch   6000  L_data=0.00166  L_phys=0.00009  L_ic=0.00000  L_total=0.00169  L_val=0.00050  patience=4/30  (16.1s)
  [PINN (blind)] epoch   7000  L_data=0.00166  L_phys=0.00008  L_ic=0.00000  L_total=0.00169  L_val=0.00043  patience=14/30  (18.8s)
  [PINN (blind)] epoch   8000  L_data=0.00166  L_phys=0.00008  L_ic=0.00000  L_total=0.00171  L_val=0.00048  patience=24/30  (21.4s)

  [PINN (blind)] Early stopping triggered at epoch 8600. Best val loss: 0.000361
  [PINN (blind)] early stop after 8600 epochs in 23.0s  (2.68 ms/epoch)  best val loss: 0.000361

======================================================================
RESULTS SUMMARY  (best-val checkpoint)
======================================================================
  Metric                                  PINN (phys. ext.)  PINN (blind)
  --------------------------------------------------------------
  RMSE  (training interval)                   0.0174      0.0190
  RMSE  (extrapolation)                       0.0026      0.0060
  Physics residual  (full domain)             0.1124      0.1142
  ŷ(0)                                        1.0013      0.9995
  True w0                                     1.7321      1.7321
  w0_hat                                      1.3637      1.3670
  True zeta                                   1.5877      1.5877
  zeta_hat                                    1.1874      1.1910
Damping: 5.5e+00, Stiffness: 3.0e+00, Omega0 (true): 1.7321, Zeta (true): 1.5877
  Omega0 Hat (blind): 1.3670, Zeta Hat (blind): 1.1910
  Omega0 Hat (ext phys): 1.3637, Zeta Hat (ext phys): 1.1874

======================================================================
RESULTS SUMMARY  (best-val checkpoint)
======================================================================
  Metric                                  PINN (phys. ext.)  PINN (blind)
  --------------------------------------------------------------
  RMSE  (training interval)                   0.0193      0.0189
  RMSE  (extrapolation)                       0.0048      0.0033
  Physics residual  (full domain)             0.1224      0.1253
  ŷ(0)                                        1.0005      1.0004
  True w0                                     1.8708      1.8708
  w0_hat                                      1.4969      1.4872
  True zeta                                   1.4699      1.4699
  zeta_hat                                    1.1233      1.1152
Damping: 5.5e+00, Stiffness: 3.5e+00, Omega0 (true): 1.8708, Zeta (true): 1.4699
  Omega0 Hat (blind): 1.4872, Zeta Hat (blind): 1.1152
  Omega0 Hat (ext phys): 1.4969, Zeta Hat (ext phys): 1.1233

======================================================================
Training PINN  (data + physics (normal + extrapolated) + IC loss)
======================================================================
  Parameters: 3267
  [PINN (phys. ext.)] epoch      1  L_data=0.29159  L_phys=0.02474  L_ic=1.41594  L_total=14.45878  L_val=0.16939  patience=0/30  (0.0s)
  [PINN (phys. ext.)] epoch   1000  L_data=0.00428  L_phys=0.02754  L_ic=0.00001  L_total=0.01311  L_val=0.00365  patience=7/30  (2.7s)
  [PINN (phys. ext.)] epoch   2000  L_data=0.00221  L_phys=0.00083  L_ic=0.00000  L_total=0.00248  L_val=0.00155  patience=0/30  (5.4s)
  [PINN (phys. ext.)] epoch   3000  L_data=0.00173  L_phys=0.00014  L_ic=0.00000  L_total=0.00178  L_val=0.00069  patience=0/30  (8.0s)
  [PINN (phys. ext.)] epoch   4000  L_data=0.00168  L_phys=0.00010  L_ic=0.00000  L_total=0.00171  L_val=0.00051  patience=0/30  (10.7s)
  [PINN (phys. ext.)] epoch   5000  L_data=0.00167  L_phys=0.00023  L_ic=0.00005  L_total=0.00220  L_val=0.00041  patience=0/30  (13.4s)
  [PINN (phys. ext.)] epoch   6000  L_data=0.00167  L_phys=0.00012  L_ic=0.00000  L_total=0.00172  L_val=0.00044  patience=8/30  (16.1s)
  [PINN (phys. ext.)] epoch   7000  L_data=0.00167  L_phys=0.00008  L_ic=0.00000  L_total=0.00170  L_val=0.00042  patience=18/30  (18.8s)
  [PINN (phys. ext.)] epoch   8000  L_data=0.00167  L_phys=0.00010  L_ic=0.00000  L_total=0.00170  L_val=0.00044  patience=28/30  (21.3s)
  [PINN (phys. ext.)] epoch   9000  L_data=0.00168  L_phys=0.00007  L_ic=0.00001  L_total=0.00177  L_val=0.00046  patience=8/30  (23.9s)
  [PINN (phys. ext.)] epoch  10000  L_data=0.00167  L_phys=0.00006  L_ic=0.00000  L_total=0.00169  L_val=0.00043  patience=18/30  (26.5s)
  [PINN (phys. ext.)] complete after 10000 epochs in 26.5s  (2.65 ms/epoch)  best val loss: 0.000399

======================================================================
Training PINN  (data + physics (normal + extrapolated) + IC loss)
======================================================================
  Parameters: 3267
  [PINN (blind)] epoch      1  L_data=0.28033  L_phys=0.02617  L_ic=1.46264  L_total=14.91504  L_val=0.17640  patience=0/30  (0.0s)
  [PINN (blind)] epoch   1000  L_data=0.00684  L_phys=0.03705  L_ic=0.00002  L_total=0.01880  L_val=0.00565  patience=1/30  (2.6s)
  [PINN (blind)] epoch   2000  L_data=0.00191  L_phys=0.00055  L_ic=0.00001  L_total=0.00217  L_val=0.00112  patience=0/30  (5.2s)
  [PINN (blind)] epoch   3000  L_data=0.00170  L_phys=0.00010  L_ic=0.00000  L_total=0.00174  L_val=0.00059  patience=0/30  (7.8s)
  [PINN (blind)] epoch   4000  L_data=0.00168  L_phys=0.00009  L_ic=0.00000  L_total=0.00171  L_val=0.00045  patience=0/30  (10.4s)
  [PINN (blind)] epoch   5000  L_data=0.00168  L_phys=0.00010  L_ic=0.00000  L_total=0.00173  L_val=0.00043  patience=5/30  (13.0s)
  [PINN (blind)] epoch   6000  L_data=0.00168  L_phys=0.00008  L_ic=0.00000  L_total=0.00170  L_val=0.00047  patience=15/30  (15.5s)
  [PINN (blind)] epoch   7000  L_data=0.00167  L_phys=0.00010  L_ic=0.00000  L_total=0.00170  L_val=0.00042  patience=25/30  (18.1s)

  [PINN (blind)] Early stopping triggered at epoch 7500. Best val loss: 0.000382
  [PINN (blind)] early stop after 7500 epochs in 19.4s  (2.59 ms/epoch)  best val loss: 0.000382

======================================================================
RESULTS SUMMARY  (best-val checkpoint)
======================================================================
  Metric                                  PINN (phys. ext.)  PINN (blind)
  --------------------------------------------------------------
  RMSE  (training interval)                   0.0200      0.0196
  RMSE  (extrapolation)                       0.0040      0.0022
  Physics residual  (full domain)             0.1368      0.1403
  ŷ(0)                                        0.9990      1.0002
  True w0                                     2.0000      2.0000
  w0_hat                                      1.6023      1.5945
  True zeta                                   1.3750      1.3750
  zeta_hat                                    1.0564      1.0512
Damping: 5.5e+00, Stiffness: 4.0e+00, Omega0 (true): 2.0000, Zeta (true): 1.3750
  Omega0 Hat (blind): 1.5945, Zeta Hat (blind): 1.0512
  Omega0 Hat (ext phys): 1.6023, Zeta Hat (ext phys): 1.0564

======================================================================
RESULTS SUMMARY  (best-val checkpoint)
======================================================================
  Metric                                  PINN (phys. ext.)  PINN (blind)
  --------------------------------------------------------------
  RMSE  (training interval)                   0.0200      0.0195
  RMSE  (extrapolation)                       0.0025      0.0031
  Physics residual  (full domain)             0.1495      0.1527
  ŷ(0)                                        1.0003      1.0006
  True w0                                     2.1213      2.1213
  w0_hat                                      1.7023      1.6965
  True zeta                                   1.2964      1.2964
  zeta_hat                                    1.0033      1.0001
Damping: 5.5e+00, Stiffness: 4.5e+00, Omega0 (true): 2.1213, Zeta (true): 1.2964
  Omega0 Hat (blind): 1.6965, Zeta Hat (blind): 1.0001
  Omega0 Hat (ext phys): 1.7023, Zeta Hat (ext phys): 1.0033

======================================================================
Training PINN  (data + physics (normal + extrapolated) + IC loss)
======================================================================
  Parameters: 3267
  [PINN (phys. ext.)] epoch      1  L_data=0.24379  L_phys=0.02474  L_ic=1.41594  L_total=14.41099  L_val=0.14066  patience=0/30  (0.0s)
  [PINN (phys. ext.)] epoch   1000  L_data=0.00596  L_phys=0.03135  L_ic=0.00001  L_total=0.01601  L_val=0.00531  patience=5/30  (2.6s)
  [PINN (phys. ext.)] epoch   2000  L_data=0.00198  L_phys=0.00065  L_ic=0.00000  L_total=0.00220  L_val=0.00128  patience=0/30  (5.2s)
  [PINN (phys. ext.)] epoch   3000  L_data=0.00173  L_phys=0.00018  L_ic=0.00000  L_total=0.00179  L_val=0.00070  patience=3/30  (7.8s)
  [PINN (phys. ext.)] epoch   4000  L_data=0.00170  L_phys=0.00010  L_ic=0.00000  L_total=0.00174  L_val=0.00050  patience=0/30  (10.4s)
  [PINN (phys. ext.)] epoch   5000  L_data=0.00172  L_phys=0.00005  L_ic=0.00000  L_total=0.00175  L_val=0.00050  patience=5/30  (13.0s)
  [PINN (phys. ext.)] epoch   6000  L_data=0.00169  L_phys=0.00008  L_ic=0.00000  L_total=0.00172  L_val=0.00048  patience=2/30  (15.5s)
  [PINN (phys. ext.)] epoch   7000  L_data=0.00169  L_phys=0.00007  L_ic=0.00000  L_total=0.00171  L_val=0.00043  patience=2/30  (18.1s)
  [PINN (phys. ext.)] epoch   8000  L_data=0.00168  L_phys=0.00009  L_ic=0.00000  L_total=0.00171  L_val=0.00043  patience=1/30  (20.7s)
  [PINN (phys. ext.)] epoch   9000  L_data=0.00168  L_phys=0.00007  L_ic=0.00000  L_total=0.00172  L_val=0.00043  patience=11/30  (23.3s)
  [PINN (phys. ext.)] epoch  10000  L_data=0.00169  L_phys=0.00006  L_ic=0.00000  L_total=0.00170  L_val=0.00042  patience=21/30  (25.9s)
  [PINN (phys. ext.)] complete after 10000 epochs in 25.9s  (2.59 ms/epoch)  best val loss: 0.000404

======================================================================
Training PINN  (data + physics (normal + extrapolated) + IC loss)
======================================================================
  Parameters: 3267
  [PINN (blind)] epoch      1  L_data=0.23464  L_phys=0.02617  L_ic=1.46264  L_total=14.86934  L_val=0.14654  patience=0/30  (0.0s)
  [PINN (blind)] epoch   1000  L_data=0.00893  L_phys=0.04156  L_ic=0.00003  L_total=0.02233  L_val=0.00761  patience=1/30  (2.6s)
  [PINN (blind)] epoch   2000  L_data=0.00182  L_phys=0.00022  L_ic=0.00000  L_total=0.00192  L_val=0.00094  patience=0/30  (5.2s)
  [PINN (blind)] epoch   3000  L_data=0.00170  L_phys=0.00016  L_ic=0.00000  L_total=0.00175  L_val=0.00060  patience=1/30  (7.8s)
  [PINN (blind)] epoch   4000  L_data=0.00170  L_phys=0.00008  L_ic=0.00000  L_total=0.00172  L_val=0.00045  patience=0/30  (10.5s)
  [PINN (blind)] epoch   5000  L_data=0.00169  L_phys=0.00009  L_ic=0.00000  L_total=0.00172  L_val=0.00049  patience=1/30  (13.0s)
  [PINN (blind)] epoch   6000  L_data=0.00168  L_phys=0.00012  L_ic=0.00000  L_total=0.00175  L_val=0.00047  patience=11/30  (15.6s)
  [PINN (blind)] epoch   7000  L_data=0.00169  L_phys=0.00007  L_ic=0.00000  L_total=0.00171  L_val=0.00040  patience=0/30  (18.2s)
  [PINN (blind)] epoch   8000  L_data=0.00170  L_phys=0.00005  L_ic=0.00000  L_total=0.00174  L_val=0.00043  patience=10/30  (20.8s)
  [PINN (blind)] epoch   9000  L_data=0.00170  L_phys=0.00005  L_ic=0.00000  L_total=0.00171  L_val=0.00042  patience=6/30  (23.5s)
  [PINN (blind)] epoch  10000  L_data=0.00169  L_phys=0.00006  L_ic=0.00000  L_total=0.00171  L_val=0.00041  patience=2/30  (26.2s)
  [PINN (blind)] complete after 10000 epochs in 26.2s  (2.62 ms/epoch)  best val loss: 0.000399

======================================================================
RESULTS SUMMARY  (best-val checkpoint)
======================================================================
  Metric                                  PINN (phys. ext.)  PINN (blind)
  --------------------------------------------------------------
  RMSE  (training interval)                   0.0201      0.0200
  RMSE  (extrapolation)                       0.0015      0.0020
  Physics residual  (full domain)             0.1606      0.1587
  ŷ(0)                                        1.0010      1.0000
  True w0                                     2.2361      2.2361
  w0_hat                                      1.8001      1.8065
  True zeta                                   1.2298      1.2298
  zeta_hat                                    0.9613      0.9641
Damping: 5.5e+00, Stiffness: 5.0e+00, Omega0 (true): 2.2361, Zeta (true): 1.2298
  Omega0 Hat (blind): 1.8065, Zeta Hat (blind): 0.9641
  Omega0 Hat (ext phys): 1.8001, Zeta Hat (ext phys): 0.9613

======================================================================
RESULTS SUMMARY  (best-val checkpoint)
======================================================================
  Metric                                  PINN (phys. ext.)  PINN (blind)
  --------------------------------------------------------------
  RMSE  (training interval)                   0.0210      0.0201
  RMSE  (extrapolation)                       0.0012      0.0019
  Physics residual  (full domain)             0.1763      0.1701
  ŷ(0)                                        1.0016      0.9999
  True w0                                     2.3452      2.3452
  w0_hat                                      1.8865      1.8973
  True zeta                                   1.1726      1.1726
  zeta_hat                                    0.9193      0.9260
Damping: 5.5e+00, Stiffness: 5.5e+00, Omega0 (true): 2.3452, Zeta (true): 1.1726
  Omega0 Hat (blind): 1.8973, Zeta Hat (blind): 0.9260
  Omega0 Hat (ext phys): 1.8865, Zeta Hat (ext phys): 0.9193
