nohup: ignoring input
/home/edfstudent03/.local/lib/python3.9/site-packages/torch/autograd/graph.py:829: UserWarning: Attempting to run cuBLAS, but there was no current CUDA context! Attempting to set the primary context... (Triggered internally at /pytorch/aten/src/ATen/cuda/CublasHandlePool.cpp:179.)
  return Variable._execution_engine.run_backward(  # Calls into the C++ engine to run the backward pass
Loading precomputed analytic solution snapshots from ./AnalyticBurger/Gaussian_1.0e-05_analytic_solution.npz...

Generating observation data for the Gaussian initial condition...

======================================================================
Training PINN  (data + physics (normal + extrapolated) + IC loss)
======================================================================
  Parameters: 11954
  [PINN (ext. phy.)] epoch      1  L_data=0.10883  L_phys=0.00001  L_ic=0.10333  L_total=0.23893  L_val=0.08834  patience=0/30  (0.1s)
  [PINN (ext. phy.)] epoch   1000  L_data=0.00415  L_phys=0.00257  L_ic=0.00013  L_total=0.00636  L_val=0.00147  patience=0/30  (8.1s)
  [PINN (ext. phy.)] epoch   2000  L_data=0.00356  L_phys=0.00074  L_ic=0.00014  L_total=0.00432  L_val=0.00087  patience=0/30  (16.0s)
  [PINN (ext. phy.)] epoch   3000  L_data=0.00315  L_phys=0.00053  L_ic=0.00004  L_total=0.00362  L_val=0.00060  patience=1/30  (24.0s)
  [PINN (ext. phy.)] epoch   4000  L_data=0.00301  L_phys=0.00117  L_ic=0.00002  L_total=0.00397  L_val=0.00046  patience=0/30  (31.8s)
  [PINN (ext. phy.)] epoch   5000  L_data=0.00289  L_phys=0.00057  L_ic=0.00002  L_total=0.00338  L_val=0.00037  patience=1/30  (38.6s)
  [PINN (ext. phy.)] epoch   6000  L_data=0.00277  L_phys=0.00082  L_ic=0.00004  L_total=0.00347  L_val=0.00027  patience=0/30  (46.7s)
  [PINN (ext. phy.)] epoch   7000  L_data=0.00271  L_phys=0.00057  L_ic=0.00001  L_total=0.00318  L_val=0.00025  patience=2/30  (54.7s)
  [PINN (ext. phy.)] epoch   8000  L_data=0.00266  L_phys=0.00053  L_ic=0.00003  L_total=0.00312  L_val=0.00022  patience=0/30  (62.7s)
  [PINN (ext. phy.)] epoch   9000  L_data=0.00263  L_phys=0.00056  L_ic=0.00001  L_total=0.00309  L_val=0.00019  patience=0/30  (70.8s)
  [PINN (ext. phy.)] epoch  10000  L_data=0.00260  L_phys=0.00083  L_ic=0.00001  L_total=0.00327  L_val=0.00017  patience=0/30  (78.5s)
  [PINN (ext. phy.)] epoch  11000  L_data=0.00258  L_phys=0.00052  L_ic=0.00001  L_total=0.00301  L_val=0.00016  patience=4/30  (85.3s)
  [PINN (ext. phy.)] epoch  12000  L_data=0.00256  L_phys=0.00083  L_ic=0.00001  L_total=0.00322  L_val=0.00015  patience=0/30  (93.2s)
  [PINN (ext. phy.)] epoch  13000  L_data=0.00255  L_phys=0.00009  L_ic=0.00001  L_total=0.00263  L_val=0.00015  patience=7/30  (101.1s)
  [PINN (ext. phy.)] epoch  14000  L_data=0.00254  L_phys=0.00022  L_ic=0.00001  L_total=0.00272  L_val=0.00014  patience=0/30  (109.0s)
  [PINN (ext. phy.)] epoch  15000  L_data=0.00253  L_phys=0.00019  L_ic=0.00001  L_total=0.00270  L_val=0.00014  patience=7/30  (116.8s)
  [PINN (ext. phy.)] epoch  16000  L_data=0.00252  L_phys=0.00035  L_ic=0.00001  L_total=0.00281  L_val=0.00013  patience=8/30  (124.7s)
  [PINN (ext. phy.)] epoch  17000  L_data=0.00251  L_phys=0.00034  L_ic=0.00001  L_total=0.00279  L_val=0.00013  patience=0/30  (131.5s)
  [PINN (ext. phy.)] epoch  18000  L_data=0.00251  L_phys=0.00038  L_ic=0.00001  L_total=0.00282  L_val=0.00013  patience=10/30  (139.4s)
  [PINN (ext. phy.)] epoch  19000  L_data=0.00251  L_phys=0.00022  L_ic=0.00001  L_total=0.00270  L_val=0.00012  patience=0/30  (147.3s)
  [PINN (ext. phy.)] epoch  20000  L_data=0.00251  L_phys=0.00012  L_ic=0.00001  L_total=0.00262  L_val=0.00012  patience=0/30  (155.3s)
  [PINN (ext. phy.)] epoch  21000  L_data=0.00251  L_phys=0.00075  L_ic=0.00001  L_total=0.00311  L_val=0.00012  patience=4/30  (163.3s)
  [PINN (ext. phy.)] epoch  22000  L_data=0.00251  L_phys=0.00035  L_ic=0.00001  L_total=0.00280  L_val=0.00012  patience=2/30  (171.2s)
  [PINN (ext. phy.)] epoch  23000  L_data=0.00250  L_phys=0.00010  L_ic=0.00001  L_total=0.00259  L_val=0.00012  patience=5/30  (177.9s)
  [PINN (ext. phy.)] epoch  24000  L_data=0.00251  L_phys=0.00012  L_ic=0.00001  L_total=0.00261  L_val=0.00012  patience=15/30  (185.8s)
  [PINN (ext. phy.)] epoch  25000  L_data=0.00250  L_phys=0.00019  L_ic=0.00001  L_total=0.00266  L_val=0.00012  patience=25/30  (193.8s)

  [PINN (ext. phy.)] Early stopping triggered at epoch 25500. Best val loss: 0.000119
  [PINN (ext. phy.)] early stop after 25500 epochs in 197.7s  (7.75 ms/epoch)  best val loss: 0.000119

======================================================================
Training PINN  (data + physics (only normal region) + IC loss)
======================================================================
  Parameters: 11954
  [PINN (blind)] epoch      1  L_data=0.19426  L_phys=0.00003  L_ic=0.18659  L_total=0.42918  L_val=0.14387  patience=0/30  (0.0s)
  [PINN (blind)] epoch   1000  L_data=0.00452  L_phys=0.00154  L_ic=0.00019  L_total=0.00599  L_val=0.00189  patience=1/30  (7.9s)
  [PINN (blind)] epoch   2000  L_data=0.00374  L_phys=0.00179  L_ic=0.00018  L_total=0.00539  L_val=0.00110  patience=0/30  (15.9s)
  [PINN (blind)] epoch   3000  L_data=0.00328  L_phys=0.00083  L_ic=0.00013  L_total=0.00410  L_val=0.00067  patience=0/30  (23.3s)
  [PINN (blind)] epoch   4000  L_data=0.00312  L_phys=0.00029  L_ic=0.00009  L_total=0.00347  L_val=0.00055  patience=0/30  (28.6s)
  [PINN (blind)] epoch   5000  L_data=0.00295  L_phys=0.00099  L_ic=0.00003  L_total=0.00376  L_val=0.00043  patience=0/30  (36.6s)
  [PINN (blind)] epoch   6000  L_data=0.00284  L_phys=0.00022  L_ic=0.00005  L_total=0.00307  L_val=0.00035  patience=1/30  (44.6s)
  [PINN (blind)] epoch   7000  L_data=0.00277  L_phys=0.00024  L_ic=0.00003  L_total=0.00300  L_val=0.00029  patience=1/30  (52.5s)
  [PINN (blind)] epoch   8000  L_data=0.00272  L_phys=0.00019  L_ic=0.00002  L_total=0.00291  L_val=0.00025  patience=0/30  (60.4s)
  [PINN (blind)] epoch   9000  L_data=0.00267  L_phys=0.00018  L_ic=0.00003  L_total=0.00285  L_val=0.00022  patience=0/30  (68.3s)
  [PINN (blind)] epoch  10000  L_data=0.00264  L_phys=0.00038  L_ic=0.00006  L_total=0.00302  L_val=0.00020  patience=0/30  (75.0s)
  [PINN (blind)] epoch  11000  L_data=0.00263  L_phys=0.00024  L_ic=0.00002  L_total=0.00284  L_val=0.00019  patience=1/30  (83.0s)
  [PINN (blind)] epoch  12000  L_data=0.00260  L_phys=0.00035  L_ic=0.00001  L_total=0.00289  L_val=0.00018  patience=0/30  (91.0s)
  [PINN (blind)] epoch  13000  L_data=0.00259  L_phys=0.00016  L_ic=0.00002  L_total=0.00275  L_val=0.00017  patience=1/30  (99.0s)
  [PINN (blind)] epoch  14000  L_data=0.00258  L_phys=0.00017  L_ic=0.00001  L_total=0.00273  L_val=0.00016  patience=1/30  (107.0s)
  [PINN (blind)] epoch  15000  L_data=0.00257  L_phys=0.00018  L_ic=0.00001  L_total=0.00273  L_val=0.00015  patience=0/30  (115.0s)
  [PINN (blind)] epoch  16000  L_data=0.00256  L_phys=0.00023  L_ic=0.00001  L_total=0.00276  L_val=0.00015  patience=0/30  (121.7s)
  [PINN (blind)] epoch  17000  L_data=0.00256  L_phys=0.00035  L_ic=0.00001  L_total=0.00285  L_val=0.00015  patience=0/30  (129.6s)
  [PINN (blind)] epoch  18000  L_data=0.00256  L_phys=0.00061  L_ic=0.00001  L_total=0.00306  L_val=0.00015  patience=1/30  (137.5s)
  [PINN (blind)] epoch  19000  L_data=0.00255  L_phys=0.00016  L_ic=0.00001  L_total=0.00269  L_val=0.00014  patience=7/30  (145.5s)
  [PINN (blind)] epoch  20000  L_data=0.00255  L_phys=0.00008  L_ic=0.00001  L_total=0.00262  L_val=0.00014  patience=1/30  (153.5s)
  [PINN (blind)] epoch  21000  L_data=0.00255  L_phys=0.00015  L_ic=0.00001  L_total=0.00269  L_val=0.00014  patience=11/30  (161.4s)
  [PINN (blind)] epoch  22000  L_data=0.00254  L_phys=0.00054  L_ic=0.00001  L_total=0.00299  L_val=0.00014  patience=0/30  (168.1s)
  [PINN (blind)] epoch  23000  L_data=0.00255  L_phys=0.00015  L_ic=0.00001  L_total=0.00268  L_val=0.00014  patience=10/30  (176.0s)
  [PINN (blind)] epoch  24000  L_data=0.00254  L_phys=0.00015  L_ic=0.00001  L_total=0.00268  L_val=0.00014  patience=20/30  (183.9s)
  [PINN (blind)] epoch  25000  L_data=0.00254  L_phys=0.00029  L_ic=0.00001  L_total=0.00279  L_val=0.00014  patience=30/30  (191.8s)

  [PINN (blind)] Early stopping triggered at epoch 25000. Best val loss: 0.000137
  [PINN (blind)] early stop after 25000 epochs in 191.8s  (7.67 ms/epoch)  best val loss: 0.000137

======================================================================
RESULTS SUMMARY  (best-val checkpoint)
======================================================================
  Metric                                 PINN (extended physics) PINN (blind)
  RMSE  (training interval)                    0.0107      0.0115
  RMSE  (extrapolation)                        0.0499      0.0518
  Physics Residual                             0.0514      0.0535
  True nu                                     0.0000
  nu_hat                                      0.0381     0.0383
  --------------------------------------------------------------
Viscosity: 1.0e-05, Nu Hat (blind): 0.0383, Nu Hat (ext phys): 0.0381
Loading precomputed analytic solution snapshots from ./AnalyticBurger/Gaussian_1.0e-04_analytic_solution.npz...

Generating observation data for the Gaussian initial condition...

======================================================================
Training PINN  (data + physics (normal + extrapolated) + IC loss)
======================================================================
  Parameters: 11954
  [PINN (ext. phy.)] epoch      1  L_data=0.10881  L_phys=0.00001  L_ic=0.10333  L_total=0.23891  L_val=0.08833  patience=0/30  (0.0s)
  [PINN (ext. phy.)] epoch   1000  L_data=0.00417  L_phys=0.00249  L_ic=0.00012  L_total=0.00630  L_val=0.00150  patience=0/30  (7.9s)
  [PINN (ext. phy.)] epoch   2000  L_data=0.00356  L_phys=0.00074  L_ic=0.00014  L_total=0.00433  L_val=0.00087  patience=0/30  (15.8s)
  [PINN (ext. phy.)] epoch   3000  L_data=0.00320  L_phys=0.00052  L_ic=0.00008  L_total=0.00370  L_val=0.00060  patience=1/30  (22.5s)
  [PINN (ext. phy.)] epoch   4000  L_data=0.00301  L_phys=0.00117  L_ic=0.00002  L_total=0.00396  L_val=0.00046  patience=0/30  (30.4s)
  [PINN (ext. phy.)] epoch   5000  L_data=0.00288  L_phys=0.00057  L_ic=0.00002  L_total=0.00337  L_val=0.00037  patience=1/30  (38.3s)
  [PINN (ext. phy.)] epoch   6000  L_data=0.00277  L_phys=0.00082  L_ic=0.00004  L_total=0.00348  L_val=0.00027  patience=0/30  (46.2s)
  [PINN (ext. phy.)] epoch   7000  L_data=0.00271  L_phys=0.00057  L_ic=0.00001  L_total=0.00317  L_val=0.00025  patience=2/30  (54.1s)
  [PINN (ext. phy.)] epoch   8000  L_data=0.00266  L_phys=0.00054  L_ic=0.00003  L_total=0.00312  L_val=0.00022  patience=0/30  (61.9s)
  [PINN (ext. phy.)] epoch   9000  L_data=0.00262  L_phys=0.00056  L_ic=0.00001  L_total=0.00308  L_val=0.00019  patience=0/30  (67.8s)
  [PINN (ext. phy.)] epoch  10000  L_data=0.00259  L_phys=0.00083  L_ic=0.00001  L_total=0.00327  L_val=0.00017  patience=0/30  (74.6s)
  [PINN (ext. phy.)] epoch  11000  L_data=0.00258  L_phys=0.00052  L_ic=0.00001  L_total=0.00300  L_val=0.00016  patience=0/30  (82.6s)
  [PINN (ext. phy.)] epoch  12000  L_data=0.00255  L_phys=0.00083  L_ic=0.00001  L_total=0.00322  L_val=0.00015  patience=0/30  (90.5s)
  [PINN (ext. phy.)] epoch  13000  L_data=0.00255  L_phys=0.00009  L_ic=0.00001  L_total=0.00263  L_val=0.00014  patience=7/30  (98.5s)
  [PINN (ext. phy.)] epoch  14000  L_data=0.00253  L_phys=0.00022  L_ic=0.00001  L_total=0.00271  L_val=0.00013  patience=0/30  (106.4s)
  [PINN (ext. phy.)] epoch  15000  L_data=0.00253  L_phys=0.00019  L_ic=0.00001  L_total=0.00270  L_val=0.00014  patience=7/30  (114.2s)
  [PINN (ext. phy.)] epoch  16000  L_data=0.00252  L_phys=0.00035  L_ic=0.00001  L_total=0.00281  L_val=0.00013  patience=8/30  (120.9s)
  [PINN (ext. phy.)] epoch  17000  L_data=0.00251  L_phys=0.00034  L_ic=0.00001  L_total=0.00279  L_val=0.00012  patience=0/30  (128.9s)
  [PINN (ext. phy.)] epoch  18000  L_data=0.00251  L_phys=0.00038  L_ic=0.00001  L_total=0.00282  L_val=0.00013  patience=10/30  (136.8s)
  [PINN (ext. phy.)] epoch  19000  L_data=0.00251  L_phys=0.00022  L_ic=0.00001  L_total=0.00270  L_val=0.00012  patience=0/30  (144.8s)
  [PINN (ext. phy.)] epoch  20000  L_data=0.00251  L_phys=0.00012  L_ic=0.00001  L_total=0.00261  L_val=0.00012  patience=0/30  (152.7s)
  [PINN (ext. phy.)] epoch  21000  L_data=0.00251  L_phys=0.00075  L_ic=0.00001  L_total=0.00311  L_val=0.00012  patience=4/30  (160.5s)
  [PINN (ext. phy.)] epoch  22000  L_data=0.00250  L_phys=0.00035  L_ic=0.00001  L_total=0.00279  L_val=0.00012  patience=2/30  (167.3s)
  [PINN (ext. phy.)] epoch  23000  L_data=0.00250  L_phys=0.00010  L_ic=0.00001  L_total=0.00259  L_val=0.00012  patience=5/30  (175.2s)
  [PINN (ext. phy.)] epoch  24000  L_data=0.00250  L_phys=0.00012  L_ic=0.00001  L_total=0.00261  L_val=0.00012  patience=15/30  (183.2s)
  [PINN (ext. phy.)] epoch  25000  L_data=0.00250  L_phys=0.00019  L_ic=0.00001  L_total=0.00266  L_val=0.00012  patience=25/30  (191.1s)

  [PINN (ext. phy.)] Early stopping triggered at epoch 25500. Best val loss: 0.000117
  [PINN (ext. phy.)] early stop after 25500 epochs in 195.1s  (7.65 ms/epoch)  best val loss: 0.000117

======================================================================
Training PINN  (data + physics (only normal region) + IC loss)
======================================================================
  Parameters: 11954
  [PINN (blind)] epoch      1  L_data=0.19425  L_phys=0.00003  L_ic=0.18659  L_total=0.42917  L_val=0.14386  patience=0/30  (0.0s)
  [PINN (blind)] epoch   1000  L_data=0.00449  L_phys=0.00156  L_ic=0.00017  L_total=0.00595  L_val=0.00187  patience=1/30  (7.9s)
  [PINN (blind)] epoch   2000  L_data=0.00373  L_phys=0.00179  L_ic=0.00018  L_total=0.00538  L_val=0.00110  patience=0/30  (14.4s)
  [PINN (blind)] epoch   3000  L_data=0.00328  L_phys=0.00083  L_ic=0.00013  L_total=0.00410  L_val=0.00067  patience=0/30  (22.4s)
  [PINN (blind)] epoch   4000  L_data=0.00312  L_phys=0.00029  L_ic=0.00009  L_total=0.00347  L_val=0.00054  patience=0/30  (30.4s)
  [PINN (blind)] epoch   5000  L_data=0.00295  L_phys=0.00099  L_ic=0.00003  L_total=0.00376  L_val=0.00043  patience=0/30  (38.4s)
  [PINN (blind)] epoch   6000  L_data=0.00284  L_phys=0.00022  L_ic=0.00005  L_total=0.00307  L_val=0.00035  patience=1/30  (46.4s)
  [PINN (blind)] epoch   7000  L_data=0.00277  L_phys=0.00024  L_ic=0.00003  L_total=0.00299  L_val=0.00029  patience=1/30  (54.4s)
  [PINN (blind)] epoch   8000  L_data=0.00272  L_phys=0.00019  L_ic=0.00002  L_total=0.00290  L_val=0.00025  patience=0/30  (61.0s)
  [PINN (blind)] epoch   9000  L_data=0.00267  L_phys=0.00018  L_ic=0.00003  L_total=0.00284  L_val=0.00021  patience=0/30  (69.1s)
  [PINN (blind)] epoch  10000  L_data=0.00264  L_phys=0.00038  L_ic=0.00006  L_total=0.00302  L_val=0.00020  patience=0/30  (77.0s)
  [PINN (blind)] epoch  11000  L_data=0.00263  L_phys=0.00024  L_ic=0.00002  L_total=0.00284  L_val=0.00019  patience=1/30  (84.9s)
  [PINN (blind)] epoch  12000  L_data=0.00260  L_phys=0.00035  L_ic=0.00001  L_total=0.00289  L_val=0.00017  patience=0/30  (92.9s)
  [PINN (blind)] epoch  13000  L_data=0.00259  L_phys=0.00016  L_ic=0.00002  L_total=0.00275  L_val=0.00016  patience=1/30  (100.9s)
  [PINN (blind)] epoch  14000  L_data=0.00258  L_phys=0.00017  L_ic=0.00001  L_total=0.00273  L_val=0.00016  patience=1/30  (107.8s)
  [PINN (blind)] epoch  15000  L_data=0.00256  L_phys=0.00018  L_ic=0.00001  L_total=0.00272  L_val=0.00015  patience=0/30  (113.4s)
  [PINN (blind)] epoch  16000  L_data=0.00256  L_phys=0.00023  L_ic=0.00001  L_total=0.00276  L_val=0.00015  patience=0/30  (121.4s)
  [PINN (blind)] epoch  17000  L_data=0.00256  L_phys=0.00035  L_ic=0.00001  L_total=0.00285  L_val=0.00014  patience=0/30  (129.4s)
  [PINN (blind)] epoch  18000  L_data=0.00256  L_phys=0.00061  L_ic=0.00001  L_total=0.00306  L_val=0.00014  patience=1/30  (137.5s)
  [PINN (blind)] epoch  19000  L_data=0.00255  L_phys=0.00016  L_ic=0.00001  L_total=0.00269  L_val=0.00014  patience=7/30  (145.5s)
  [PINN (blind)] epoch  20000  L_data=0.00255  L_phys=0.00008  L_ic=0.00001  L_total=0.00262  L_val=0.00014  patience=1/30  (153.4s)
  [PINN (blind)] epoch  21000  L_data=0.00255  L_phys=0.00015  L_ic=0.00001  L_total=0.00268  L_val=0.00014  patience=11/30  (160.2s)
  [PINN (blind)] epoch  22000  L_data=0.00254  L_phys=0.00054  L_ic=0.00001  L_total=0.00299  L_val=0.00014  patience=0/30  (168.2s)
  [PINN (blind)] epoch  23000  L_data=0.00255  L_phys=0.00015  L_ic=0.00001  L_total=0.00268  L_val=0.00014  patience=10/30  (176.2s)
  [PINN (blind)] epoch  24000  L_data=0.00254  L_phys=0.00015  L_ic=0.00001  L_total=0.00268  L_val=0.00014  patience=20/30  (184.1s)
  [PINN (blind)] epoch  25000  L_data=0.00254  L_phys=0.00029  L_ic=0.00001  L_total=0.00278  L_val=0.00013  patience=30/30  (192.0s)

  [PINN (blind)] Early stopping triggered at epoch 25000. Best val loss: 0.000135
  [PINN (blind)] early stop after 25000 epochs in 192.0s  (7.68 ms/epoch)  best val loss: 0.000135

======================================================================
RESULTS SUMMARY  (best-val checkpoint)
======================================================================
  Metric                                 PINN (extended physics) PINN (blind)
  RMSE  (training interval)                    0.0106      0.0114
  RMSE  (extrapolation)                        0.0491      0.0512
  Physics Residual                             0.0512      0.0534
  True nu                                     0.0001
  nu_hat                                      0.0381     0.0383
  --------------------------------------------------------------
Viscosity: 1.0e-04, Nu Hat (blind): 0.0383, Nu Hat (ext phys): 0.0381
Loading precomputed analytic solution snapshots from ./AnalyticBurger/Gaussian_1.0e-03_analytic_solution.npz...

Generating observation data for the Gaussian initial condition...

======================================================================
Training PINN  (data + physics (normal + extrapolated) + IC loss)
======================================================================
  Parameters: 11954
  [PINN (ext. phy.)] epoch      1  L_data=0.10865  L_phys=0.00001  L_ic=0.10333  L_total=0.23875  L_val=0.08821  patience=0/30  (0.0s)
  [PINN (ext. phy.)] epoch   1000  L_data=0.00407  L_phys=0.00255  L_ic=0.00011  L_total=0.00623  L_val=0.00140  patience=0/30  (7.7s)
  [PINN (ext. phy.)] epoch   2000  L_data=0.00352  L_phys=0.00072  L_ic=0.00013  L_total=0.00426  L_val=0.00084  patience=0/30  (14.5s)
  [PINN (ext. phy.)] epoch   3000  L_data=0.00315  L_phys=0.00051  L_ic=0.00007  L_total=0.00364  L_val=0.00057  patience=1/30  (22.5s)
  [PINN (ext. phy.)] epoch   4000  L_data=0.00298  L_phys=0.00116  L_ic=0.00002  L_total=0.00393  L_val=0.00044  patience=0/30  (30.4s)
  [PINN (ext. phy.)] epoch   5000  L_data=0.00286  L_phys=0.00057  L_ic=0.00002  L_total=0.00334  L_val=0.00035  patience=1/30  (38.3s)
  [PINN (ext. phy.)] epoch   6000  L_data=0.00275  L_phys=0.00081  L_ic=0.00004  L_total=0.00344  L_val=0.00025  patience=0/30  (46.2s)
  [PINN (ext. phy.)] epoch   7000  L_data=0.00269  L_phys=0.00057  L_ic=0.00001  L_total=0.00315  L_val=0.00023  patience=2/30  (54.1s)
  [PINN (ext. phy.)] epoch   8000  L_data=0.00264  L_phys=0.00053  L_ic=0.00003  L_total=0.00310  L_val=0.00020  patience=0/30  (60.9s)
  [PINN (ext. phy.)] epoch   9000  L_data=0.00261  L_phys=0.00055  L_ic=0.00001  L_total=0.00306  L_val=0.00017  patience=0/30  (68.8s)
  [PINN (ext. phy.)] epoch  10000  L_data=0.00258  L_phys=0.00082  L_ic=0.00001  L_total=0.00325  L_val=0.00016  patience=0/30  (76.7s)
  [PINN (ext. phy.)] epoch  11000  L_data=0.00256  L_phys=0.00052  L_ic=0.00001  L_total=0.00298  L_val=0.00015  patience=0/30  (84.6s)
  [PINN (ext. phy.)] epoch  12000  L_data=0.00254  L_phys=0.00082  L_ic=0.00001  L_total=0.00320  L_val=0.00013  patience=0/30  (92.5s)
  [PINN (ext. phy.)] epoch  13000  L_data=0.00253  L_phys=0.00009  L_ic=0.00001  L_total=0.00261  L_val=0.00013  patience=7/30  (100.3s)
  [PINN (ext. phy.)] epoch  14000  L_data=0.00252  L_phys=0.00021  L_ic=0.00001  L_total=0.00269  L_val=0.00012  patience=0/30  (107.0s)
  [PINN (ext. phy.)] epoch  15000  L_data=0.00252  L_phys=0.00018  L_ic=0.00001  L_total=0.00268  L_val=0.00012  patience=7/30  (114.8s)
  [PINN (ext. phy.)] epoch  16000  L_data=0.00251  L_phys=0.00035  L_ic=0.00001  L_total=0.00279  L_val=0.00012  patience=8/30  (122.7s)
  [PINN (ext. phy.)] epoch  17000  L_data=0.00250  L_phys=0.00033  L_ic=0.00001  L_total=0.00277  L_val=0.00011  patience=0/30  (130.6s)
  [PINN (ext. phy.)] epoch  18000  L_data=0.00250  L_phys=0.00037  L_ic=0.00001  L_total=0.00280  L_val=0.00011  patience=10/30  (138.5s)
  [PINN (ext. phy.)] epoch  19000  L_data=0.00250  L_phys=0.00021  L_ic=0.00001  L_total=0.00268  L_val=0.00011  patience=0/30  (146.4s)
  [PINN (ext. phy.)] epoch  20000  L_data=0.00250  L_phys=0.00012  L_ic=0.00001  L_total=0.00260  L_val=0.00011  patience=10/30  (152.1s)
  [PINN (ext. phy.)] epoch  21000  L_data=0.00249  L_phys=0.00074  L_ic=0.00001  L_total=0.00309  L_val=0.00011  patience=4/30  (158.8s)
  [PINN (ext. phy.)] epoch  22000  L_data=0.00249  L_phys=0.00034  L_ic=0.00001  L_total=0.00277  L_val=0.00011  patience=2/30  (166.7s)
  [PINN (ext. phy.)] epoch  23000  L_data=0.00249  L_phys=0.00010  L_ic=0.00001  L_total=0.00257  L_val=0.00011  patience=5/30  (174.6s)
  [PINN (ext. phy.)] epoch  24000  L_data=0.00249  L_phys=0.00011  L_ic=0.00001  L_total=0.00259  L_val=0.00011  patience=15/30  (182.4s)
  [PINN (ext. phy.)] epoch  25000  L_data=0.00249  L_phys=0.00019  L_ic=0.00001  L_total=0.00264  L_val=0.00011  patience=25/30  (190.3s)

  [PINN (ext. phy.)] Early stopping triggered at epoch 25500. Best val loss: 0.000104
  [PINN (ext. phy.)] early stop after 25500 epochs in 194.3s  (7.62 ms/epoch)  best val loss: 0.000104

======================================================================
Training PINN  (data + physics (only normal region) + IC loss)
======================================================================
  Parameters: 11954
  [PINN (blind)] epoch      1  L_data=0.19408  L_phys=0.00003  L_ic=0.18659  L_total=0.42900  L_val=0.14373  patience=0/30  (0.0s)
  [PINN (blind)] epoch   1000  L_data=0.00444  L_phys=0.00154  L_ic=0.00017  L_total=0.00587  L_val=0.00183  patience=1/30  (6.7s)
  [PINN (blind)] epoch   2000  L_data=0.00369  L_phys=0.00178  L_ic=0.00018  L_total=0.00533  L_val=0.00106  patience=0/30  (14.6s)
  [PINN (blind)] epoch   3000  L_data=0.00325  L_phys=0.00082  L_ic=0.00014  L_total=0.00407  L_val=0.00064  patience=0/30  (22.5s)
  [PINN (blind)] epoch   4000  L_data=0.00309  L_phys=0.00029  L_ic=0.00009  L_total=0.00343  L_val=0.00052  patience=0/30  (30.4s)
  [PINN (blind)] epoch   5000  L_data=0.00292  L_phys=0.00097  L_ic=0.00003  L_total=0.00373  L_val=0.00040  patience=0/30  (38.3s)
  [PINN (blind)] epoch   6000  L_data=0.00281  L_phys=0.00021  L_ic=0.00005  L_total=0.00304  L_val=0.00033  patience=1/30  (46.3s)
  [PINN (blind)] epoch   7000  L_data=0.00274  L_phys=0.00024  L_ic=0.00003  L_total=0.00296  L_val=0.00027  patience=1/30  (53.1s)
  [PINN (blind)] epoch   8000  L_data=0.00270  L_phys=0.00018  L_ic=0.00002  L_total=0.00288  L_val=0.00023  patience=0/30  (60.9s)
  [PINN (blind)] epoch   9000  L_data=0.00265  L_phys=0.00018  L_ic=0.00003  L_total=0.00282  L_val=0.00020  patience=0/30  (68.9s)
  [PINN (blind)] epoch  10000  L_data=0.00262  L_phys=0.00037  L_ic=0.00006  L_total=0.00299  L_val=0.00018  patience=0/30  (76.9s)
  [PINN (blind)] epoch  11000  L_data=0.00261  L_phys=0.00024  L_ic=0.00002  L_total=0.00282  L_val=0.00017  patience=1/30  (84.9s)
  [PINN (blind)] epoch  12000  L_data=0.00258  L_phys=0.00034  L_ic=0.00001  L_total=0.00286  L_val=0.00016  patience=0/30  (93.0s)
  [PINN (blind)] epoch  13000  L_data=0.00257  L_phys=0.00015  L_ic=0.00002  L_total=0.00272  L_val=0.00015  patience=1/30  (100.1s)
  [PINN (blind)] epoch  14000  L_data=0.00256  L_phys=0.00016  L_ic=0.00001  L_total=0.00270  L_val=0.00014  patience=1/30  (107.6s)
  [PINN (blind)] epoch  15000  L_data=0.00255  L_phys=0.00017  L_ic=0.00001  L_total=0.00270  L_val=0.00013  patience=0/30  (115.4s)
  [PINN (blind)] epoch  16000  L_data=0.00254  L_phys=0.00023  L_ic=0.00001  L_total=0.00274  L_val=0.00013  patience=0/30  (123.3s)
  [PINN (blind)] epoch  17000  L_data=0.00254  L_phys=0.00034  L_ic=0.00001  L_total=0.00282  L_val=0.00013  patience=0/30  (131.2s)
  [PINN (blind)] epoch  18000  L_data=0.00254  L_phys=0.00060  L_ic=0.00001  L_total=0.00304  L_val=0.00013  patience=1/30  (139.2s)
  [PINN (blind)] epoch  19000  L_data=0.00254  L_phys=0.00015  L_ic=0.00001  L_total=0.00267  L_val=0.00013  patience=7/30  (146.7s)
  [PINN (blind)] epoch  20000  L_data=0.00253  L_phys=0.00007  L_ic=0.00001  L_total=0.00260  L_val=0.00012  patience=1/30  (153.6s)
  [PINN (blind)] epoch  21000  L_data=0.00253  L_phys=0.00015  L_ic=0.00001  L_total=0.00266  L_val=0.00012  patience=11/30  (161.6s)
  [PINN (blind)] epoch  22000  L_data=0.00253  L_phys=0.00053  L_ic=0.00001  L_total=0.00296  L_val=0.00012  patience=0/30  (169.6s)
  [PINN (blind)] epoch  23000  L_data=0.00253  L_phys=0.00014  L_ic=0.00001  L_total=0.00265  L_val=0.00012  patience=10/30  (177.7s)
  [PINN (blind)] epoch  24000  L_data=0.00253  L_phys=0.00015  L_ic=0.00001  L_total=0.00266  L_val=0.00012  patience=1/30  (185.5s)
  [PINN (blind)] epoch  25000  L_data=0.00253  L_phys=0.00029  L_ic=0.00001  L_total=0.00276  L_val=0.00012  patience=11/30  (193.3s)
  [PINN (blind)] epoch  26000  L_data=0.00252  L_phys=0.00071  L_ic=0.00001  L_total=0.00310  L_val=0.00012  patience=0/30  (198.1s)
  [PINN (blind)] epoch  27000  L_data=0.00252  L_phys=0.00009  L_ic=0.00001  L_total=0.00260  L_val=0.00012  patience=10/30  (205.9s)
  [PINN (blind)] epoch  28000  L_data=0.00252  L_phys=0.00032  L_ic=0.00001  L_total=0.00279  L_val=0.00012  patience=20/30  (213.8s)
  [PINN (blind)] epoch  29000  L_data=0.00252  L_phys=0.00014  L_ic=0.00001  L_total=0.00265  L_val=0.00012  patience=2/30  (221.8s)
  [PINN (blind)] epoch  30000  L_data=0.00252  L_phys=0.00016  L_ic=0.00001  L_total=0.00266  L_val=0.00012  patience=12/30  (229.7s)
  [PINN (blind)] epoch  31000  L_data=0.00252  L_phys=0.00012  L_ic=0.00001  L_total=0.00263  L_val=0.00012  patience=22/30  (237.6s)

  [PINN (blind)] Early stopping triggered at epoch 31800. Best val loss: 0.000118
  [PINN (blind)] early stop after 31800 epochs in 243.5s  (7.66 ms/epoch)  best val loss: 0.000118

======================================================================
RESULTS SUMMARY  (best-val checkpoint)
======================================================================
  Metric                                 PINN (extended physics) PINN (blind)
  RMSE  (training interval)                    0.0100      0.0106
  RMSE  (extrapolation)                        0.0435      0.0465
  Physics Residual                             0.0495      0.0519
  True nu                                     0.0010
  nu_hat                                      0.0383     0.0380
  --------------------------------------------------------------
Viscosity: 1.0e-03, Nu Hat (blind): 0.0380, Nu Hat (ext phys): 0.0383
Loading precomputed analytic solution snapshots from ./AnalyticBurger/Gaussian_1.0e-02_analytic_solution.npz...

Generating observation data for the Gaussian initial condition...

======================================================================
Training PINN  (data + physics (normal + extrapolated) + IC loss)
======================================================================
  Parameters: 11954
  [PINN (ext. phy.)] epoch      1  L_data=0.10715  L_phys=0.00001  L_ic=0.10333  L_total=0.23725  L_val=0.08699  patience=0/30  (0.0s)
  [PINN (ext. phy.)] epoch   1000  L_data=0.00367  L_phys=0.00249  L_ic=0.00014  L_total=0.00582  L_val=0.00115  patience=1/30  (7.9s)
  [PINN (ext. phy.)] epoch   2000  L_data=0.00322  L_phys=0.00067  L_ic=0.00015  L_total=0.00394  L_val=0.00060  patience=0/30  (15.9s)
  [PINN (ext. phy.)] epoch   3000  L_data=0.00290  L_phys=0.00043  L_ic=0.00007  L_total=0.00332  L_val=0.00039  patience=1/30  (23.9s)
  [PINN (ext. phy.)] epoch   4000  L_data=0.00274  L_phys=0.00111  L_ic=0.00002  L_total=0.00365  L_val=0.00028  patience=0/30  (31.9s)
  [PINN (ext. phy.)] epoch   5000  L_data=0.00264  L_phys=0.00050  L_ic=0.00002  L_total=0.00306  L_val=0.00021  patience=0/30  (39.8s)
  [PINN (ext. phy.)] epoch   6000  L_data=0.00256  L_phys=0.00074  L_ic=0.00003  L_total=0.00318  L_val=0.00015  patience=0/30  (46.4s)
  [PINN (ext. phy.)] epoch   7000  L_data=0.00252  L_phys=0.00053  L_ic=0.00001  L_total=0.00295  L_val=0.00013  patience=3/30  (54.4s)
  [PINN (ext. phy.)] epoch   8000  L_data=0.00249  L_phys=0.00050  L_ic=0.00004  L_total=0.00294  L_val=0.00011  patience=4/30  (62.4s)
  [PINN (ext. phy.)] epoch   9000  L_data=0.00246  L_phys=0.00051  L_ic=0.00001  L_total=0.00288  L_val=0.00009  patience=4/30  (70.3s)
  [PINN (ext. phy.)] epoch  10000  L_data=0.00244  L_phys=0.00079  L_ic=0.00001  L_total=0.00308  L_val=0.00007  patience=0/30  (78.3s)
  [PINN (ext. phy.)] epoch  11000  L_data=0.00243  L_phys=0.00046  L_ic=0.00001  L_total=0.00281  L_val=0.00007  patience=0/30  (86.4s)
  [PINN (ext. phy.)] epoch  12000  L_data=0.00242  L_phys=0.00076  L_ic=0.00001  L_total=0.00303  L_val=0.00006  patience=0/30  (92.8s)
  [PINN (ext. phy.)] epoch  13000  L_data=0.00242  L_phys=0.00006  L_ic=0.00000  L_total=0.00247  L_val=0.00006  patience=7/30  (100.8s)
  [PINN (ext. phy.)] epoch  14000  L_data=0.00241  L_phys=0.00014  L_ic=0.00000  L_total=0.00253  L_val=0.00005  patience=0/30  (108.7s)
  [PINN (ext. phy.)] epoch  15000  L_data=0.00240  L_phys=0.00012  L_ic=0.00001  L_total=0.00252  L_val=0.00005  patience=10/30  (116.7s)
  [PINN (ext. phy.)] epoch  16000  L_data=0.00240  L_phys=0.00030  L_ic=0.00001  L_total=0.00265  L_val=0.00005  patience=4/30  (124.7s)
  [PINN (ext. phy.)] epoch  17000  L_data=0.00240  L_phys=0.00029  L_ic=0.00000  L_total=0.00263  L_val=0.00005  patience=14/30  (132.7s)
  [PINN (ext. phy.)] epoch  18000  L_data=0.00239  L_phys=0.00032  L_ic=0.00001  L_total=0.00266  L_val=0.00005  patience=4/30  (139.3s)
  [PINN (ext. phy.)] epoch  19000  L_data=0.00239  L_phys=0.00013  L_ic=0.00001  L_total=0.00251  L_val=0.00004  patience=14/30  (147.2s)
  [PINN (ext. phy.)] epoch  20000  L_data=0.00239  L_phys=0.00009  L_ic=0.00001  L_total=0.00247  L_val=0.00004  patience=24/30  (155.1s)
  [PINN (ext. phy.)] epoch  21000  L_data=0.00239  L_phys=0.00069  L_ic=0.00001  L_total=0.00295  L_val=0.00004  patience=5/30  (163.1s)
  [PINN (ext. phy.)] epoch  22000  L_data=0.00239  L_phys=0.00028  L_ic=0.00001  L_total=0.00262  L_val=0.00004  patience=15/30  (171.0s)
  [PINN (ext. phy.)] epoch  23000  L_data=0.00239  L_phys=0.00007  L_ic=0.00000  L_total=0.00245  L_val=0.00004  patience=5/30  (178.9s)
  [PINN (ext. phy.)] epoch  24000  L_data=0.00239  L_phys=0.00007  L_ic=0.00001  L_total=0.00246  L_val=0.00004  patience=15/30  (185.2s)
  [PINN (ext. phy.)] epoch  25000  L_data=0.00239  L_phys=0.00014  L_ic=0.00000  L_total=0.00251  L_val=0.00004  patience=25/30  (191.3s)

  [PINN (ext. phy.)] Early stopping triggered at epoch 25500. Best val loss: 0.000042
  [PINN (ext. phy.)] early stop after 25500 epochs in 195.2s  (7.66 ms/epoch)  best val loss: 0.000042

======================================================================
Training PINN  (data + physics (only normal region) + IC loss)
======================================================================
  Parameters: 11954
  [PINN (blind)] epoch      1  L_data=0.19257  L_phys=0.00003  L_ic=0.18659  L_total=0.42749  L_val=0.14256  patience=0/30  (0.0s)
  [PINN (blind)] epoch   1000  L_data=0.00404  L_phys=0.00144  L_ic=0.00028  L_total=0.00554  L_val=0.00150  patience=1/30  (7.9s)
  [PINN (blind)] epoch   2000  L_data=0.00334  L_phys=0.00167  L_ic=0.00018  L_total=0.00489  L_val=0.00081  patience=1/30  (15.8s)
  [PINN (blind)] epoch   3000  L_data=0.00298  L_phys=0.00072  L_ic=0.00015  L_total=0.00374  L_val=0.00045  patience=0/30  (23.7s)
  [PINN (blind)] epoch   4000  L_data=0.00283  L_phys=0.00024  L_ic=0.00007  L_total=0.00310  L_val=0.00034  patience=0/30  (31.7s)
  [PINN (blind)] epoch   5000  L_data=0.00269  L_phys=0.00089  L_ic=0.00002  L_total=0.00342  L_val=0.00025  patience=0/30  (38.6s)
  [PINN (blind)] epoch   6000  L_data=0.00261  L_phys=0.00018  L_ic=0.00007  L_total=0.00284  L_val=0.00020  patience=1/30  (46.3s)
  [PINN (blind)] epoch   7000  L_data=0.00256  L_phys=0.00017  L_ic=0.00002  L_total=0.00272  L_val=0.00015  patience=1/30  (54.2s)
  [PINN (blind)] epoch   8000  L_data=0.00253  L_phys=0.00014  L_ic=0.00002  L_total=0.00267  L_val=0.00012  patience=0/30  (62.1s)
  [PINN (blind)] epoch   9000  L_data=0.00249  L_phys=0.00013  L_ic=0.00002  L_total=0.00262  L_val=0.00010  patience=0/30  (70.0s)
  [PINN (blind)] epoch  10000  L_data=0.00248  L_phys=0.00033  L_ic=0.00004  L_total=0.00280  L_val=0.00009  patience=0/30  (78.0s)
  [PINN (blind)] epoch  11000  L_data=0.00247  L_phys=0.00018  L_ic=0.00002  L_total=0.00263  L_val=0.00008  patience=1/30  (85.0s)
  [PINN (blind)] epoch  12000  L_data=0.00245  L_phys=0.00027  L_ic=0.00001  L_total=0.00267  L_val=0.00007  patience=3/30  (92.5s)
  [PINN (blind)] epoch  13000  L_data=0.00244  L_phys=0.00010  L_ic=0.00002  L_total=0.00255  L_val=0.00007  patience=1/30  (100.4s)
  [PINN (blind)] epoch  14000  L_data=0.00244  L_phys=0.00011  L_ic=0.00001  L_total=0.00253  L_val=0.00006  patience=1/30  (108.3s)
  [PINN (blind)] epoch  15000  L_data=0.00243  L_phys=0.00012  L_ic=0.00001  L_total=0.00254  L_val=0.00006  patience=0/30  (116.2s)
  [PINN (blind)] epoch  16000  L_data=0.00242  L_phys=0.00018  L_ic=0.00001  L_total=0.00258  L_val=0.00005  patience=0/30  (124.1s)
  [PINN (blind)] epoch  17000  L_data=0.00242  L_phys=0.00026  L_ic=0.00001  L_total=0.00264  L_val=0.00005  patience=10/30  (131.3s)
  [PINN (blind)] epoch  18000  L_data=0.00243  L_phys=0.00055  L_ic=0.00001  L_total=0.00288  L_val=0.00006  patience=6/30  (138.6s)
  [PINN (blind)] epoch  19000  L_data=0.00242  L_phys=0.00011  L_ic=0.00001  L_total=0.00252  L_val=0.00005  patience=6/30  (146.5s)
  [PINN (blind)] epoch  20000  L_data=0.00242  L_phys=0.00005  L_ic=0.00001  L_total=0.00247  L_val=0.00005  patience=7/30  (154.4s)
  [PINN (blind)] epoch  21000  L_data=0.00242  L_phys=0.00009  L_ic=0.00001  L_total=0.00250  L_val=0.00005  patience=17/30  (162.3s)
  [PINN (blind)] epoch  22000  L_data=0.00242  L_phys=0.00047  L_ic=0.00001  L_total=0.00280  L_val=0.00005  patience=6/30  (170.2s)
  [PINN (blind)] epoch  23000  L_data=0.00242  L_phys=0.00009  L_ic=0.00000  L_total=0.00249  L_val=0.00005  patience=16/30  (177.9s)
  [PINN (blind)] epoch  24000  L_data=0.00242  L_phys=0.00011  L_ic=0.00001  L_total=0.00251  L_val=0.00005  patience=26/30  (184.6s)

  [PINN (blind)] Early stopping triggered at epoch 24400. Best val loss: 0.000049
  [PINN (blind)] early stop after 24400 epochs in 187.8s  (7.69 ms/epoch)  best val loss: 0.000049

======================================================================
RESULTS SUMMARY  (best-val checkpoint)
======================================================================
  Metric                                 PINN (extended physics) PINN (blind)
  RMSE  (training interval)                    0.0064      0.0069
  RMSE  (extrapolation)                        0.0250      0.0305
  Physics Residual                             0.0345      0.0385
  True nu                                     0.0100
  nu_hat                                      0.0407     0.0409
  --------------------------------------------------------------
Viscosity: 1.0e-02, Nu Hat (blind): 0.0409, Nu Hat (ext phys): 0.0407
Loading precomputed analytic solution snapshots from ./AnalyticBurger/Gaussian_1.0e-01_analytic_solution.npz...

Generating observation data for the Gaussian initial condition...

======================================================================
Training PINN  (data + physics (normal + extrapolated) + IC loss)
======================================================================
  Parameters: 11954
  [PINN (ext. phy.)] epoch      1  L_data=0.09627  L_phys=0.00001  L_ic=0.10333  L_total=0.22637  L_val=0.07771  patience=0/30  (0.0s)
  [PINN (ext. phy.)] epoch   1000  L_data=0.00288  L_phys=0.00193  L_ic=0.00050  L_total=0.00505  L_val=0.00063  patience=1/30  (7.9s)
  [PINN (ext. phy.)] epoch   2000  L_data=0.00250  L_phys=0.00035  L_ic=0.00009  L_total=0.00289  L_val=0.00009  patience=1/30  (15.9s)
  [PINN (ext. phy.)] epoch   3000  L_data=0.00240  L_phys=0.00009  L_ic=0.00003  L_total=0.00250  L_val=0.00004  patience=4/30  (23.9s)
  [PINN (ext. phy.)] epoch   4000  L_data=0.00238  L_phys=0.00086  L_ic=0.00003  L_total=0.00309  L_val=0.00002  patience=6/30  (31.7s)
  [PINN (ext. phy.)] epoch   5000  L_data=0.00237  L_phys=0.00026  L_ic=0.00002  L_total=0.00260  L_val=0.00001  patience=6/30  (37.2s)
  [PINN (ext. phy.)] epoch   6000  L_data=0.00237  L_phys=0.00050  L_ic=0.00003  L_total=0.00280  L_val=0.00001  patience=16/30  (44.5s)
  [PINN (ext. phy.)] epoch   7000  L_data=0.00236  L_phys=0.00045  L_ic=0.00001  L_total=0.00272  L_val=0.00001  patience=7/30  (52.5s)
  [PINN (ext. phy.)] epoch   8000  L_data=0.00236  L_phys=0.00039  L_ic=0.00003  L_total=0.00272  L_val=0.00001  patience=17/30  (60.4s)
  [PINN (ext. phy.)] epoch   9000  L_data=0.00236  L_phys=0.00044  L_ic=0.00001  L_total=0.00272  L_val=0.00001  patience=27/30  (68.3s)

  [PINN (ext. phy.)] Early stopping triggered at epoch 9300. Best val loss: 0.000006
  [PINN (ext. phy.)] early stop after 9300 epochs in 70.7s  (7.60 ms/epoch)  best val loss: 0.000006

======================================================================
Training PINN  (data + physics (only normal region) + IC loss)
======================================================================
  Parameters: 11954
  [PINN (blind)] epoch      1  L_data=0.09541  L_phys=0.00005  L_ic=0.10369  L_total=0.22599  L_val=0.07883  patience=0/30  (0.0s)
  [PINN (blind)] epoch   1000  L_data=0.00272  L_phys=0.00194  L_ic=0.00016  L_total=0.00446  L_val=0.00036  patience=1/30  (8.0s)
  [PINN (blind)] epoch   2000  L_data=0.00250  L_phys=0.00031  L_ic=0.00007  L_total=0.00283  L_val=0.00010  patience=1/30  (14.6s)
  [PINN (blind)] epoch   3000  L_data=0.00242  L_phys=0.00029  L_ic=0.00005  L_total=0.00272  L_val=0.00003  patience=0/30  (22.6s)
  [PINN (blind)] epoch   4000  L_data=0.00240  L_phys=0.00030  L_ic=0.00004  L_total=0.00269  L_val=0.00002  patience=2/30  (30.5s)
  [PINN (blind)] epoch   5000  L_data=0.00238  L_phys=0.00020  L_ic=0.00008  L_total=0.00264  L_val=0.00005  patience=7/30  (38.4s)
  [PINN (blind)] epoch   6000  L_data=0.00236  L_phys=0.00009  L_ic=0.00001  L_total=0.00245  L_val=0.00001  patience=7/30  (46.3s)
  [PINN (blind)] epoch   7000  L_data=0.00237  L_phys=0.00017  L_ic=0.00001  L_total=0.00252  L_val=0.00001  patience=2/30  (54.2s)
  [PINN (blind)] epoch   8000  L_data=0.00237  L_phys=0.00047  L_ic=0.00002  L_total=0.00277  L_val=0.00001  patience=12/30  (61.1s)
  [PINN (blind)] epoch   9000  L_data=0.00237  L_phys=0.00020  L_ic=0.00005  L_total=0.00259  L_val=0.00002  patience=22/30  (68.6s)

  [PINN (blind)] Early stopping triggered at epoch 9800. Best val loss: 0.000007
  [PINN (blind)] early stop after 9800 epochs in 74.9s  (7.65 ms/epoch)  best val loss: 0.000007

======================================================================
RESULTS SUMMARY  (best-val checkpoint)
======================================================================
  Metric                                 PINN (extended physics) PINN (blind)
  RMSE  (training interval)                    0.0025      0.0026
  RMSE  (extrapolation)                        0.0025      0.0067
  Physics Residual                             0.0060      0.0089
  True nu                                     0.1000
  nu_hat                                      0.1086     0.1059
  --------------------------------------------------------------
Viscosity: 1.0e-01, Nu Hat (blind): 0.1059, Nu Hat (ext phys): 0.1086
Loading precomputed analytic solution snapshots from ./AnalyticBurger/Gaussian_1.0e+00_analytic_solution.npz...

Generating observation data for the Gaussian initial condition...

======================================================================
Training PINN  (data + physics (normal + extrapolated) + IC loss)
======================================================================
  Parameters: 11954
  [PINN (ext. phy.)] epoch      1  L_data=0.05831  L_phys=0.00001  L_ic=0.10333  L_total=0.18841  L_val=0.04241  patience=0/30  (0.0s)
  [PINN (ext. phy.)] epoch   1000  L_data=0.00275  L_phys=0.00293  L_ic=0.00028  L_total=0.00543  L_val=0.00041  patience=0/30  (7.9s)
  [PINN (ext. phy.)] epoch   2000  L_data=0.00269  L_phys=0.00024  L_ic=0.00041  L_total=0.00339  L_val=0.00032  patience=1/30  (16.0s)
  [PINN (ext. phy.)] epoch   3000  L_data=0.00249  L_phys=0.00040  L_ic=0.00014  L_total=0.00298  L_val=0.00013  patience=6/30  (24.0s)
  [PINN (ext. phy.)] epoch   4000  L_data=0.00244  L_phys=0.00086  L_ic=0.00008  L_total=0.00322  L_val=0.00006  patience=0/30  (30.6s)
  [PINN (ext. phy.)] epoch   5000  L_data=0.00242  L_phys=0.00091  L_ic=0.00013  L_total=0.00330  L_val=0.00008  patience=2/30  (38.5s)
  [PINN (ext. phy.)] epoch   6000  L_data=0.00241  L_phys=0.00100  L_ic=0.00003  L_total=0.00325  L_val=0.00004  patience=1/30  (46.5s)
  [PINN (ext. phy.)] epoch   7000  L_data=0.00240  L_phys=0.00133  L_ic=0.00005  L_total=0.00352  L_val=0.00004  patience=2/30  (54.4s)
  [PINN (ext. phy.)] epoch   8000  L_data=0.00240  L_phys=0.00035  L_ic=0.00005  L_total=0.00275  L_val=0.00004  patience=12/30  (62.3s)
  [PINN (ext. phy.)] epoch   9000  L_data=0.00238  L_phys=0.00064  L_ic=0.00004  L_total=0.00295  L_val=0.00002  patience=0/30  (70.2s)
  [PINN (ext. phy.)] epoch  10000  L_data=0.00239  L_phys=0.00066  L_ic=0.00004  L_total=0.00296  L_val=0.00004  patience=10/30  (77.2s)
  [PINN (ext. phy.)] epoch  11000  L_data=0.00239  L_phys=0.00066  L_ic=0.00008  L_total=0.00301  L_val=0.00002  patience=0/30  (84.6s)
  [PINN (ext. phy.)] epoch  12000  L_data=0.00239  L_phys=0.00092  L_ic=0.00003  L_total=0.00316  L_val=0.00003  patience=10/30  (92.6s)
  [PINN (ext. phy.)] epoch  13000  L_data=0.00240  L_phys=0.00009  L_ic=0.00003  L_total=0.00251  L_val=0.00003  patience=20/30  (100.6s)
  [PINN (ext. phy.)] epoch  14000  L_data=0.00238  L_phys=0.00031  L_ic=0.00003  L_total=0.00266  L_val=0.00002  patience=30/30  (108.6s)

  [PINN (ext. phy.)] Early stopping triggered at epoch 14000. Best val loss: 0.000019
  [PINN (ext. phy.)] early stop after 14000 epochs in 108.6s  (7.76 ms/epoch)  best val loss: 0.000019

======================================================================
Training PINN  (data + physics (only normal region) + IC loss)
======================================================================
  Parameters: 11954
  [PINN (blind)] epoch      1  L_data=0.11878  L_phys=0.00001  L_ic=0.16289  L_total=0.32386  L_val=0.07447  patience=0/30  (0.0s)
  [PINN (blind)] epoch   1000  L_data=0.00299  L_phys=0.00151  L_ic=0.00033  L_total=0.00461  L_val=0.00057  patience=0/30  (8.0s)
  [PINN (blind)] epoch   2000  L_data=0.00258  L_phys=0.00092  L_ic=0.00019  L_total=0.00355  L_val=0.00029  patience=2/30  (15.4s)
  [PINN (blind)] epoch   3000  L_data=0.00245  L_phys=0.00133  L_ic=0.00072  L_total=0.00442  L_val=0.00017  patience=1/30  (20.4s)
  [PINN (blind)] epoch   4000  L_data=0.00245  L_phys=0.00069  L_ic=0.00005  L_total=0.00307  L_val=0.00008  patience=11/30  (28.3s)
  [PINN (blind)] epoch   5000  L_data=0.00245  L_phys=0.00009  L_ic=0.00009  L_total=0.00263  L_val=0.00007  patience=5/30  (36.2s)
  [PINN (blind)] epoch   6000  L_data=0.00242  L_phys=0.00013  L_ic=0.00013  L_total=0.00269  L_val=0.00010  patience=15/30  (44.2s)
  [PINN (blind)] epoch   7000  L_data=0.00243  L_phys=0.00024  L_ic=0.00009  L_total=0.00273  L_val=0.00005  patience=5/30  (52.2s)
  [PINN (blind)] epoch   8000  L_data=0.00242  L_phys=0.00095  L_ic=0.00006  L_total=0.00325  L_val=0.00003  patience=15/30  (60.0s)
  [PINN (blind)] epoch   9000  L_data=0.00242  L_phys=0.00048  L_ic=0.00003  L_total=0.00283  L_val=0.00005  patience=25/30  (66.6s)

  [PINN (blind)] Early stopping triggered at epoch 9500. Best val loss: 0.000033
  [PINN (blind)] early stop after 9500 epochs in 70.5s  (7.42 ms/epoch)  best val loss: 0.000033

======================================================================
RESULTS SUMMARY  (best-val checkpoint)
======================================================================
  Metric                                 PINN (extended physics) PINN (blind)
  RMSE  (training interval)                    0.0044      0.0058
  RMSE  (extrapolation)                        0.0050      0.0096
  Physics Residual                             0.0113      0.0143
  True nu                                     1.0000
  nu_hat                                      0.8748     0.8300
  --------------------------------------------------------------
Viscosity: 1.0e+00, Nu Hat (blind): 0.8300, Nu Hat (ext phys): 0.8748
Loading precomputed analytic solution snapshots from ./AnalyticBurger/Gaussian_1.0e+01_analytic_solution.npz...

Generating observation data for the Gaussian initial condition...

======================================================================
Training PINN  (data + physics (normal + extrapolated) + IC loss)
======================================================================
  Parameters: 11954
  [PINN (ext. phy.)] epoch      1  L_data=0.01624  L_phys=0.00001  L_ic=0.10333  L_total=0.14634  L_val=0.00834  patience=0/30  (0.0s)
  [PINN (ext. phy.)] epoch   1000  L_data=0.00823  L_phys=0.00987  L_ic=0.00188  L_total=0.01843  L_val=0.00612  patience=6/30  (7.9s)
  [PINN (ext. phy.)] epoch   2000  L_data=0.00669  L_phys=0.00387  L_ic=0.00143  L_total=0.01156  L_val=0.00441  patience=0/30  (15.8s)
  [PINN (ext. phy.)] epoch   3000  L_data=0.00664  L_phys=0.00393  L_ic=0.00144  L_total=0.01157  L_val=0.00421  patience=5/30  (23.7s)
  [PINN (ext. phy.)] epoch   4000  L_data=0.00611  L_phys=0.00242  L_ic=0.00099  L_total=0.00927  L_val=0.00393  patience=2/30  (31.6s)
  [PINN (ext. phy.)] epoch   5000  L_data=0.00558  L_phys=0.00580  L_ic=0.00105  L_total=0.01151  L_val=0.00345  patience=3/30  (38.9s)
  [PINN (ext. phy.)] epoch   6000  L_data=0.00550  L_phys=0.00399  L_ic=0.00072  L_total=0.00957  L_val=0.00312  patience=3/30  (46.1s)
  [PINN (ext. phy.)] epoch   7000  L_data=0.00499  L_phys=0.00515  L_ic=0.00065  L_total=0.00990  L_val=0.00268  patience=2/30  (53.9s)
  [PINN (ext. phy.)] epoch   8000  L_data=0.00475  L_phys=0.00203  L_ic=0.00058  L_total=0.00709  L_val=0.00241  patience=8/30  (61.9s)
  [PINN (ext. phy.)] epoch   9000  L_data=0.00449  L_phys=0.00310  L_ic=0.00064  L_total=0.00776  L_val=0.00219  patience=7/30  (69.8s)
  [PINN (ext. phy.)] epoch  10000  L_data=0.00447  L_phys=0.00305  L_ic=0.00052  L_total=0.00754  L_val=0.00217  patience=9/30  (77.7s)
  [PINN (ext. phy.)] epoch  11000  L_data=0.00439  L_phys=0.00377  L_ic=0.00052  L_total=0.00803  L_val=0.00205  patience=0/30  (85.4s)
  [PINN (ext. phy.)] epoch  12000  L_data=0.00438  L_phys=0.00265  L_ic=0.00047  L_total=0.00707  L_val=0.00202  patience=9/30  (92.0s)
  [PINN (ext. phy.)] epoch  13000  L_data=0.00427  L_phys=0.00085  L_ic=0.00057  L_total=0.00567  L_val=0.00197  patience=1/30  (100.1s)
  [PINN (ext. phy.)] epoch  14000  L_data=0.00425  L_phys=0.00185  L_ic=0.00045  L_total=0.00629  L_val=0.00194  patience=2/30  (108.2s)
  [PINN (ext. phy.)] epoch  15000  L_data=0.00430  L_phys=0.00130  L_ic=0.00045  L_total=0.00590  L_val=0.00197  patience=8/30  (116.2s)
  [PINN (ext. phy.)] epoch  16000  L_data=0.00420  L_phys=0.00195  L_ic=0.00044  L_total=0.00630  L_val=0.00188  patience=5/30  (124.2s)
  [PINN (ext. phy.)] epoch  17000  L_data=0.00412  L_phys=0.00274  L_ic=0.00047  L_total=0.00688  L_val=0.00179  patience=8/30  (132.0s)
  [PINN (ext. phy.)] epoch  18000  L_data=0.00410  L_phys=0.00165  L_ic=0.00048  L_total=0.00601  L_val=0.00177  patience=5/30  (138.7s)
  [PINN (ext. phy.)] epoch  19000  L_data=0.00409  L_phys=0.00120  L_ic=0.00041  L_total=0.00556  L_val=0.00176  patience=15/30  (146.7s)
  [PINN (ext. phy.)] epoch  20000  L_data=0.00408  L_phys=0.00111  L_ic=0.00040  L_total=0.00546  L_val=0.00175  patience=25/30  (154.6s)
  [PINN (ext. phy.)] epoch  21000  L_data=0.00403  L_phys=0.00179  L_ic=0.00040  L_total=0.00596  L_val=0.00170  patience=7/30  (162.6s)
  [PINN (ext. phy.)] epoch  22000  L_data=0.00402  L_phys=0.00161  L_ic=0.00039  L_total=0.00579  L_val=0.00169  patience=5/30  (170.6s)
  [PINN (ext. phy.)] epoch  23000  L_data=0.00402  L_phys=0.00108  L_ic=0.00038  L_total=0.00535  L_val=0.00169  patience=15/30  (178.5s)
  [PINN (ext. phy.)] epoch  24000  L_data=0.00401  L_phys=0.00139  L_ic=0.00041  L_total=0.00563  L_val=0.00168  patience=25/30  (183.2s)

  [PINN (ext. phy.)] Early stopping triggered at epoch 24500. Best val loss: 0.001654
  [PINN (ext. phy.)] early stop after 24500 epochs in 187.0s  (7.63 ms/epoch)  best val loss: 0.001654

======================================================================
Training PINN  (data + physics (only normal region) + IC loss)
======================================================================
  Parameters: 11954
  [PINN (blind)] epoch      1  L_data=0.09463  L_phys=0.00005  L_ic=0.18421  L_total=0.32658  L_val=0.05173  patience=0/30  (0.0s)
  [PINN (blind)] epoch   1000  L_data=0.00893  L_phys=0.00599  L_ic=0.00222  L_total=0.01648  L_val=0.00672  patience=0/30  (8.0s)
  [PINN (blind)] epoch   2000  L_data=0.00786  L_phys=0.00752  L_ic=0.00281  L_total=0.01737  L_val=0.00620  patience=6/30  (15.8s)
  [PINN (blind)] epoch   3000  L_data=0.00708  L_phys=0.00507  L_ic=0.00193  L_total=0.01355  L_val=0.00445  patience=0/30  (23.7s)
  [PINN (blind)] epoch   4000  L_data=0.00691  L_phys=0.00500  L_ic=0.00141  L_total=0.01265  L_val=0.00450  patience=6/30  (31.6s)
  [PINN (blind)] epoch   5000  L_data=0.00621  L_phys=0.00328  L_ic=0.00095  L_total=0.01002  L_val=0.00403  patience=1/30  (39.5s)
  [PINN (blind)] epoch   6000  L_data=0.00575  L_phys=0.00287  L_ic=0.00102  L_total=0.00930  L_val=0.00345  patience=3/30  (46.1s)
  [PINN (blind)] epoch   7000  L_data=0.00545  L_phys=0.01195  L_ic=0.00135  L_total=0.01664  L_val=0.00310  patience=2/30  (54.0s)
  [PINN (blind)] epoch   8000  L_data=0.00506  L_phys=0.00236  L_ic=0.00245  L_total=0.01002  L_val=0.00274  patience=0/30  (61.8s)
  [PINN (blind)] epoch   9000  L_data=0.00527  L_phys=0.00235  L_ic=0.00083  L_total=0.00819  L_val=0.00298  patience=10/30  (69.7s)
  [PINN (blind)] epoch  10000  L_data=0.00507  L_phys=0.00175  L_ic=0.00142  L_total=0.00825  L_val=0.00276  patience=1/30  (77.6s)
  [PINN (blind)] epoch  11000  L_data=0.00518  L_phys=0.00645  L_ic=0.00101  L_total=0.01157  L_val=0.00288  patience=11/30  (85.5s)
  [PINN (blind)] epoch  12000  L_data=0.00508  L_phys=0.00188  L_ic=0.00110  L_total=0.00796  L_val=0.00277  patience=1/30  (91.9s)
  [PINN (blind)] epoch  13000  L_data=0.00507  L_phys=0.00169  L_ic=0.00061  L_total=0.00719  L_val=0.00276  patience=11/30  (99.9s)
  [PINN (blind)] epoch  14000  L_data=0.00495  L_phys=0.00160  L_ic=0.00066  L_total=0.00704  L_val=0.00262  patience=21/30  (107.8s)

  [PINN (blind)] Early stopping triggered at epoch 14900. Best val loss: 0.002568
  [PINN (blind)] early stop after 14900 epochs in 115.0s  (7.71 ms/epoch)  best val loss: 0.002568

======================================================================
RESULTS SUMMARY  (best-val checkpoint)
======================================================================
  Metric                                 PINN (extended physics) PINN (blind)
  RMSE  (training interval)                    0.0408      0.0509
  RMSE  (extrapolation)                        0.0248      0.0304
  Physics Residual                             0.2401      0.3026
  True nu                                    10.0000
  nu_hat                                      3.3159     2.6677
  --------------------------------------------------------------
Viscosity: 1.0e+01, Nu Hat (blind): 2.6677, Nu Hat (ext phys): 3.3159
Loading precomputed analytic solution snapshots from ./AnalyticBurger/Gaussian_2.0e-01_analytic_solution.npz...

Generating observation data for the Gaussian initial condition...

======================================================================
Training PINN  (data + physics (normal + extrapolated) + IC loss)
======================================================================
  Parameters: 11954
  [PINN (ext. phy.)] epoch      1  L_data=0.08818  L_phys=0.00001  L_ic=0.10333  L_total=0.21827  L_val=0.07032  patience=0/30  (0.0s)
  [PINN (ext. phy.)] epoch   1000  L_data=0.00246  L_phys=0.00157  L_ic=0.00014  L_total=0.00389  L_val=0.00029  patience=1/30  (7.9s)
  [PINN (ext. phy.)] epoch   2000  L_data=0.00237  L_phys=0.00025  L_ic=0.00005  L_total=0.00263  L_val=0.00004  patience=1/30  (15.7s)
  [PINN (ext. phy.)] epoch   3000  L_data=0.00239  L_phys=0.00008  L_ic=0.00004  L_total=0.00250  L_val=0.00002  patience=2/30  (22.5s)
  [PINN (ext. phy.)] epoch   4000  L_data=0.00238  L_phys=0.00085  L_ic=0.00007  L_total=0.00314  L_val=0.00001  patience=5/30  (30.4s)
  [PINN (ext. phy.)] epoch   5000  L_data=0.00237  L_phys=0.00029  L_ic=0.00002  L_total=0.00262  L_val=0.00003  patience=15/30  (38.3s)
  [PINN (ext. phy.)] epoch   6000  L_data=0.00237  L_phys=0.00056  L_ic=0.00002  L_total=0.00284  L_val=0.00001  patience=25/30  (46.2s)
  [PINN (ext. phy.)] epoch   7000  L_data=0.00236  L_phys=0.00053  L_ic=0.00001  L_total=0.00279  L_val=0.00001  patience=5/30  (54.1s)
  [PINN (ext. phy.)] epoch   8000  L_data=0.00236  L_phys=0.00041  L_ic=0.00001  L_total=0.00270  L_val=0.00001  patience=3/30  (62.0s)
  [PINN (ext. phy.)] epoch   9000  L_data=0.00236  L_phys=0.00045  L_ic=0.00001  L_total=0.00273  L_val=0.00001  patience=13/30  (68.4s)
  [PINN (ext. phy.)] epoch  10000  L_data=0.00236  L_phys=0.00059  L_ic=0.00001  L_total=0.00284  L_val=0.00001  patience=23/30  (76.5s)

  [PINN (ext. phy.)] Early stopping triggered at epoch 10700. Best val loss: 0.000006
  [PINN (ext. phy.)] early stop after 10700 epochs in 82.1s  (7.67 ms/epoch)  best val loss: 0.000006

======================================================================
Training PINN  (data + physics (only normal region) + IC loss)
======================================================================
  Parameters: 11954
  [PINN (blind)] epoch      1  L_data=0.13147  L_phys=0.00012  L_ic=0.15298  L_total=0.32415  L_val=0.09315  patience=0/30  (0.0s)
  [PINN (blind)] epoch   1000  L_data=0.00242  L_phys=0.00017  L_ic=0.00012  L_total=0.00271  L_val=0.00014  patience=1/30  (8.0s)
  [PINN (blind)] epoch   2000  L_data=0.00238  L_phys=0.00008  L_ic=0.00005  L_total=0.00251  L_val=0.00002  patience=1/30  (16.0s)
  [PINN (blind)] epoch   3000  L_data=0.00237  L_phys=0.00033  L_ic=0.00002  L_total=0.00266  L_val=0.00001  patience=2/30  (23.9s)
  [PINN (blind)] epoch   4000  L_data=0.00237  L_phys=0.00005  L_ic=0.00004  L_total=0.00245  L_val=0.00001  patience=2/30  (30.6s)
  [PINN (blind)] epoch   5000  L_data=0.00237  L_phys=0.00003  L_ic=0.00002  L_total=0.00241  L_val=0.00001  patience=12/30  (36.5s)
  [PINN (blind)] epoch   6000  L_data=0.00238  L_phys=0.00028  L_ic=0.00002  L_total=0.00263  L_val=0.00001  patience=22/30  (44.5s)

  [PINN (blind)] Early stopping triggered at epoch 6800. Best val loss: 0.000005
  [PINN (blind)] early stop after 6800 epochs in 50.8s  (7.47 ms/epoch)  best val loss: 0.000005

======================================================================
RESULTS SUMMARY  (best-val checkpoint)
======================================================================
  Metric                                 PINN (extended physics) PINN (blind)
  RMSE  (training interval)                    0.0025      0.0023
  RMSE  (extrapolation)                        0.0026      0.0079
  Physics Residual                             0.0055      0.0091
  True nu                                     0.2000
  nu_hat                                      0.1935     0.1973
  --------------------------------------------------------------
Viscosity: 2.0e-01, Nu Hat (blind): 0.1973, Nu Hat (ext phys): 0.1935
Loading precomputed analytic solution snapshots from ./AnalyticBurger/Gaussian_3.0e-01_analytic_solution.npz...

Generating observation data for the Gaussian initial condition...

======================================================================
Training PINN  (data + physics (normal + extrapolated) + IC loss)
======================================================================
  Parameters: 11954
  [PINN (ext. phy.)] epoch      1  L_data=0.08198  L_phys=0.00001  L_ic=0.10333  L_total=0.21208  L_val=0.06456  patience=0/30  (0.0s)
  [PINN (ext. phy.)] epoch   1000  L_data=0.00291  L_phys=0.00157  L_ic=0.00061  L_total=0.00493  L_val=0.00028  patience=1/30  (8.0s)
  [PINN (ext. phy.)] epoch   2000  L_data=0.00238  L_phys=0.00020  L_ic=0.00005  L_total=0.00260  L_val=0.00003  patience=1/30  (15.9s)
  [PINN (ext. phy.)] epoch   3000  L_data=0.00238  L_phys=0.00009  L_ic=0.00003  L_total=0.00249  L_val=0.00001  patience=0/30  (23.7s)
  [PINN (ext. phy.)] epoch   4000  L_data=0.00238  L_phys=0.00086  L_ic=0.00002  L_total=0.00308  L_val=0.00002  patience=10/30  (30.4s)
  [PINN (ext. phy.)] epoch   5000  L_data=0.00239  L_phys=0.00033  L_ic=0.00009  L_total=0.00275  L_val=0.00004  patience=20/30  (38.4s)
  [PINN (ext. phy.)] epoch   6000  L_data=0.00237  L_phys=0.00067  L_ic=0.00003  L_total=0.00293  L_val=0.00001  patience=30/30  (46.3s)

  [PINN (ext. phy.)] Early stopping triggered at epoch 6000. Best val loss: 0.000012
  [PINN (ext. phy.)] early stop after 6000 epochs in 46.3s  (7.72 ms/epoch)  best val loss: 0.000012

======================================================================
Training PINN  (data + physics (only normal region) + IC loss)
======================================================================
  Parameters: 11954
  [PINN (blind)] epoch      1  L_data=0.07461  L_phys=0.00004  L_ic=0.09715  L_total=0.19695  L_val=0.06622  patience=0/30  (0.0s)
  [PINN (blind)] epoch   1000  L_data=0.00241  L_phys=0.00124  L_ic=0.00015  L_total=0.00358  L_val=0.00006  patience=3/30  (8.0s)
  [PINN (blind)] epoch   2000  L_data=0.00241  L_phys=0.00205  L_ic=0.00005  L_total=0.00410  L_val=0.00008  patience=3/30  (16.0s)
  [PINN (blind)] epoch   3000  L_data=0.00241  L_phys=0.00018  L_ic=0.00006  L_total=0.00262  L_val=0.00003  patience=1/30  (23.7s)
  [PINN (blind)] epoch   4000  L_data=0.00238  L_phys=0.00037  L_ic=0.00006  L_total=0.00275  L_val=0.00005  patience=2/30  (30.4s)
  [PINN (blind)] epoch   5000  L_data=0.00240  L_phys=0.00063  L_ic=0.00009  L_total=0.00302  L_val=0.00003  patience=12/30  (38.3s)
  [PINN (blind)] epoch   6000  L_data=0.00240  L_phys=0.00014  L_ic=0.00009  L_total=0.00262  L_val=0.00007  patience=8/30  (46.1s)
  [PINN (blind)] epoch   7000  L_data=0.00238  L_phys=0.00023  L_ic=0.00003  L_total=0.00259  L_val=0.00001  patience=7/30  (54.1s)
  [PINN (blind)] epoch   8000  L_data=0.00237  L_phys=0.00011  L_ic=0.00004  L_total=0.00251  L_val=0.00005  patience=17/30  (61.9s)
  [PINN (blind)] epoch   9000  L_data=0.00238  L_phys=0.00020  L_ic=0.00010  L_total=0.00266  L_val=0.00001  patience=3/30  (69.7s)
  [PINN (blind)] epoch  10000  L_data=0.00236  L_phys=0.00026  L_ic=0.00002  L_total=0.00259  L_val=0.00001  patience=13/30  (76.3s)
  [PINN (blind)] epoch  11000  L_data=0.00237  L_phys=0.00075  L_ic=0.00002  L_total=0.00299  L_val=0.00001  patience=9/30  (84.3s)
  [PINN (blind)] epoch  12000  L_data=0.00237  L_phys=0.00022  L_ic=0.00001  L_total=0.00256  L_val=0.00002  patience=3/30  (92.2s)
  [PINN (blind)] epoch  13000  L_data=0.00236  L_phys=0.00004  L_ic=0.00001  L_total=0.00241  L_val=0.00001  patience=13/30  (100.1s)
  [PINN (blind)] epoch  14000  L_data=0.00237  L_phys=0.00004  L_ic=0.00002  L_total=0.00242  L_val=0.00001  patience=23/30  (108.0s)

  [PINN (blind)] Early stopping triggered at epoch 14700. Best val loss: 0.000008
  [PINN (blind)] early stop after 14700 epochs in 113.5s  (7.72 ms/epoch)  best val loss: 0.000008

======================================================================
RESULTS SUMMARY  (best-val checkpoint)
======================================================================
  Metric                                 PINN (extended physics) PINN (blind)
  RMSE  (training interval)                    0.0035      0.0028
  RMSE  (extrapolation)                        0.0040      0.0058
  Physics Residual                             0.0075      0.0082
  True nu                                     0.3000
  nu_hat                                      0.2731     0.2829
  --------------------------------------------------------------
Viscosity: 3.0e-01, Nu Hat (blind): 0.2829, Nu Hat (ext phys): 0.2731
Loading precomputed analytic solution snapshots from ./AnalyticBurger/Gaussian_4.0e-01_analytic_solution.npz...

Generating observation data for the Gaussian initial condition...

======================================================================
Training PINN  (data + physics (normal + extrapolated) + IC loss)
======================================================================
  Parameters: 11954
  [PINN (ext. phy.)] epoch      1  L_data=0.07694  L_phys=0.00001  L_ic=0.10333  L_total=0.20703  L_val=0.05985  patience=0/30  (0.0s)
  [PINN (ext. phy.)] epoch   1000  L_data=0.00275  L_phys=0.00171  L_ic=0.00046  L_total=0.00468  L_val=0.00016  patience=3/30  (6.6s)
  [PINN (ext. phy.)] epoch   2000  L_data=0.00239  L_phys=0.00016  L_ic=0.00005  L_total=0.00259  L_val=0.00007  patience=2/30  (14.5s)
  [PINN (ext. phy.)] epoch   3000  L_data=0.00243  L_phys=0.00011  L_ic=0.00009  L_total=0.00262  L_val=0.00004  patience=2/30  (22.5s)
  [PINN (ext. phy.)] epoch   4000  L_data=0.00239  L_phys=0.00084  L_ic=0.00003  L_total=0.00309  L_val=0.00002  patience=2/30  (30.5s)
  [PINN (ext. phy.)] epoch   5000  L_data=0.00241  L_phys=0.00039  L_ic=0.00014  L_total=0.00289  L_val=0.00002  patience=12/30  (38.5s)
  [PINN (ext. phy.)] epoch   6000  L_data=0.00237  L_phys=0.00075  L_ic=0.00002  L_total=0.00299  L_val=0.00001  patience=22/30  (46.5s)
  [PINN (ext. phy.)] epoch   7000  L_data=0.00237  L_phys=0.00073  L_ic=0.00001  L_total=0.00297  L_val=0.00002  patience=8/30  (52.3s)
  [PINN (ext. phy.)] epoch   8000  L_data=0.00237  L_phys=0.00042  L_ic=0.00002  L_total=0.00274  L_val=0.00002  patience=18/30  (58.9s)
  [PINN (ext. phy.)] epoch   9000  L_data=0.00237  L_phys=0.00051  L_ic=0.00001  L_total=0.00279  L_val=0.00001  patience=28/30  (66.8s)

  [PINN (ext. phy.)] Early stopping triggered at epoch 9200. Best val loss: 0.000009
  [PINN (ext. phy.)] early stop after 9200 epochs in 68.4s  (7.43 ms/epoch)  best val loss: 0.000009

======================================================================
Training PINN  (data + physics (only normal region) + IC loss)
======================================================================
  Parameters: 11954
  [PINN (blind)] epoch      1  L_data=0.16102  L_phys=0.00002  L_ic=0.18972  L_total=0.39988  L_val=0.11397  patience=0/30  (0.0s)
  [PINN (blind)] epoch   1000  L_data=0.00240  L_phys=0.00063  L_ic=0.00010  L_total=0.00303  L_val=0.00006  patience=0/30  (7.9s)
  [PINN (blind)] epoch   2000  L_data=0.00238  L_phys=0.00008  L_ic=0.00006  L_total=0.00251  L_val=0.00002  patience=2/30  (15.8s)
  [PINN (blind)] epoch   3000  L_data=0.00238  L_phys=0.00009  L_ic=0.00003  L_total=0.00249  L_val=0.00002  patience=7/30  (23.7s)
  [PINN (blind)] epoch   4000  L_data=0.00238  L_phys=0.00022  L_ic=0.00003  L_total=0.00259  L_val=0.00001  patience=9/30  (31.4s)
  [PINN (blind)] epoch   5000  L_data=0.00237  L_phys=0.00036  L_ic=0.00003  L_total=0.00270  L_val=0.00001  patience=0/30  (38.1s)
  [PINN (blind)] epoch   6000  L_data=0.00238  L_phys=0.00120  L_ic=0.00005  L_total=0.00340  L_val=0.00001  patience=10/30  (46.0s)
  [PINN (blind)] epoch   7000  L_data=0.00237  L_phys=0.00017  L_ic=0.00003  L_total=0.00255  L_val=0.00001  patience=20/30  (53.9s)
  [PINN (blind)] epoch   8000  L_data=0.00237  L_phys=0.00030  L_ic=0.00003  L_total=0.00264  L_val=0.00001  patience=30/30  (61.8s)

  [PINN (blind)] Early stopping triggered at epoch 8000. Best val loss: 0.000008
  [PINN (blind)] early stop after 8000 epochs in 61.8s  (7.73 ms/epoch)  best val loss: 0.000008

======================================================================
RESULTS SUMMARY  (best-val checkpoint)
======================================================================
  Metric                                 PINN (extended physics) PINN (blind)
  RMSE  (training interval)                    0.0030      0.0028
  RMSE  (extrapolation)                        0.0025      0.0077
  Physics Residual                             0.0062      0.0092
  True nu                                     0.4000
  nu_hat                                      0.3737     0.3730
  --------------------------------------------------------------
Viscosity: 4.0e-01, Nu Hat (blind): 0.3730, Nu Hat (ext phys): 0.3737
Loading precomputed analytic solution snapshots from ./AnalyticBurger/Gaussian_5.0e-01_analytic_solution.npz...

Generating observation data for the Gaussian initial condition...

======================================================================
Training PINN  (data + physics (normal + extrapolated) + IC loss)
======================================================================
  Parameters: 11954
  [PINN (ext. phy.)] epoch      1  L_data=0.07270  L_phys=0.00001  L_ic=0.10333  L_total=0.20280  L_val=0.05587  patience=0/30  (0.0s)
  [PINN (ext. phy.)] epoch   1000  L_data=0.00280  L_phys=0.00183  L_ic=0.00053  L_total=0.00492  L_val=0.00034  patience=3/30  (7.9s)
  [PINN (ext. phy.)] epoch   2000  L_data=0.00244  L_phys=0.00014  L_ic=0.00009  L_total=0.00267  L_val=0.00007  patience=2/30  (14.9s)
  [PINN (ext. phy.)] epoch   3000  L_data=0.00244  L_phys=0.00014  L_ic=0.00007  L_total=0.00264  L_val=0.00004  patience=3/30  (22.4s)
  [PINN (ext. phy.)] epoch   4000  L_data=0.00239  L_phys=0.00084  L_ic=0.00005  L_total=0.00312  L_val=0.00003  patience=2/30  (30.3s)
  [PINN (ext. phy.)] epoch   5000  L_data=0.00240  L_phys=0.00046  L_ic=0.00012  L_total=0.00291  L_val=0.00003  patience=12/30  (38.2s)
  [PINN (ext. phy.)] epoch   6000  L_data=0.00237  L_phys=0.00085  L_ic=0.00002  L_total=0.00307  L_val=0.00001  patience=0/30  (46.1s)
  [PINN (ext. phy.)] epoch   7000  L_data=0.00237  L_phys=0.00085  L_ic=0.00002  L_total=0.00307  L_val=0.00002  patience=9/30  (53.9s)
  [PINN (ext. phy.)] epoch   8000  L_data=0.00237  L_phys=0.00045  L_ic=0.00002  L_total=0.00275  L_val=0.00002  patience=4/30  (61.5s)
  [PINN (ext. phy.)] epoch   9000  L_data=0.00237  L_phys=0.00054  L_ic=0.00002  L_total=0.00281  L_val=0.00001  patience=14/30  (68.5s)
  [PINN (ext. phy.)] epoch  10000  L_data=0.00237  L_phys=0.00060  L_ic=0.00003  L_total=0.00288  L_val=0.00003  patience=5/30  (76.4s)
  [PINN (ext. phy.)] epoch  11000  L_data=0.00236  L_phys=0.00046  L_ic=0.00003  L_total=0.00276  L_val=0.00001  patience=15/30  (84.3s)
  [PINN (ext. phy.)] epoch  12000  L_data=0.00237  L_phys=0.00083  L_ic=0.00001  L_total=0.00304  L_val=0.00002  patience=25/30  (92.3s)

  [PINN (ext. phy.)] Early stopping triggered at epoch 12500. Best val loss: 0.000009
  [PINN (ext. phy.)] early stop after 12500 epochs in 96.3s  (7.70 ms/epoch)  best val loss: 0.000009

======================================================================
Training PINN  (data + physics (only normal region) + IC loss)
======================================================================
  Parameters: 11954
  [PINN (blind)] epoch      1  L_data=0.06803  L_phys=0.00000  L_ic=0.09803  L_total=0.19144  L_val=0.05563  patience=0/30  (0.0s)
  [PINN (blind)] epoch   1000  L_data=0.00260  L_phys=0.00050  L_ic=0.00035  L_total=0.00344  L_val=0.00019  patience=1/30  (7.9s)
  [PINN (blind)] epoch   2000  L_data=0.00245  L_phys=0.00039  L_ic=0.00015  L_total=0.00296  L_val=0.00029  patience=3/30  (14.5s)
  [PINN (blind)] epoch   3000  L_data=0.00241  L_phys=0.00007  L_ic=0.00005  L_total=0.00253  L_val=0.00003  patience=1/30  (22.4s)
  [PINN (blind)] epoch   4000  L_data=0.00240  L_phys=0.00042  L_ic=0.00005  L_total=0.00280  L_val=0.00002  patience=1/30  (30.4s)
  [PINN (blind)] epoch   5000  L_data=0.00238  L_phys=0.00015  L_ic=0.00002  L_total=0.00253  L_val=0.00002  patience=7/30  (38.4s)
  [PINN (blind)] epoch   6000  L_data=0.00237  L_phys=0.00006  L_ic=0.00002  L_total=0.00245  L_val=0.00001  patience=0/30  (46.4s)
  [PINN (blind)] epoch   7000  L_data=0.00239  L_phys=0.00016  L_ic=0.00008  L_total=0.00261  L_val=0.00004  patience=8/30  (54.5s)
  [PINN (blind)] epoch   8000  L_data=0.00239  L_phys=0.00043  L_ic=0.00008  L_total=0.00283  L_val=0.00001  patience=18/30  (60.8s)
  [PINN (blind)] epoch   9000  L_data=0.00238  L_phys=0.00025  L_ic=0.00004  L_total=0.00262  L_val=0.00001  patience=1/30  (67.0s)
  [PINN (blind)] epoch  10000  L_data=0.00237  L_phys=0.00003  L_ic=0.00002  L_total=0.00242  L_val=0.00001  patience=11/30  (74.9s)
  [PINN (blind)] epoch  11000  L_data=0.00237  L_phys=0.00016  L_ic=0.00002  L_total=0.00252  L_val=0.00001  patience=4/30  (82.8s)
  [PINN (blind)] epoch  12000  L_data=0.00237  L_phys=0.00027  L_ic=0.00001  L_total=0.00260  L_val=0.00001  patience=14/30  (90.7s)
  [PINN (blind)] epoch  13000  L_data=0.00237  L_phys=0.00003  L_ic=0.00002  L_total=0.00242  L_val=0.00001  patience=24/30  (98.7s)

  [PINN (blind)] Early stopping triggered at epoch 13600. Best val loss: 0.000006
  [PINN (blind)] early stop after 13600 epochs in 103.4s  (7.61 ms/epoch)  best val loss: 0.000006

======================================================================
RESULTS SUMMARY  (best-val checkpoint)
======================================================================
  Metric                                 PINN (extended physics) PINN (blind)
  RMSE  (training interval)                    0.0029      0.0024
  RMSE  (extrapolation)                        0.0033      0.0042
  Physics Residual                             0.0069      0.0077
  True nu                                     0.5000
  nu_hat                                      0.4659     0.4685
  --------------------------------------------------------------
Viscosity: 5.0e-01, Nu Hat (blind): 0.4685, Nu Hat (ext phys): 0.4659
Loading precomputed analytic solution snapshots from ./AnalyticBurger/Gaussian_6.0e-01_analytic_solution.npz...

Generating observation data for the Gaussian initial condition...

======================================================================
Training PINN  (data + physics (normal + extrapolated) + IC loss)
======================================================================
  Parameters: 11954
  [PINN (ext. phy.)] epoch      1  L_data=0.06906  L_phys=0.00001  L_ic=0.10333  L_total=0.19916  L_val=0.05246  patience=0/30  (0.0s)
  [PINN (ext. phy.)] epoch   1000  L_data=0.00245  L_phys=0.00209  L_ic=0.00020  L_total=0.00436  L_val=0.00021  patience=3/30  (6.8s)
  [PINN (ext. phy.)] epoch   2000  L_data=0.00243  L_phys=0.00012  L_ic=0.00008  L_total=0.00263  L_val=0.00012  patience=2/30  (14.8s)
  [PINN (ext. phy.)] epoch   3000  L_data=0.00240  L_phys=0.00017  L_ic=0.00004  L_total=0.00259  L_val=0.00010  patience=3/30  (22.9s)
  [PINN (ext. phy.)] epoch   4000  L_data=0.00240  L_phys=0.00087  L_ic=0.00006  L_total=0.00316  L_val=0.00003  patience=0/30  (30.8s)
  [PINN (ext. phy.)] epoch   5000  L_data=0.00240  L_phys=0.00053  L_ic=0.00012  L_total=0.00297  L_val=0.00003  patience=3/30  (38.7s)
  [PINN (ext. phy.)] epoch   6000  L_data=0.00238  L_phys=0.00094  L_ic=0.00003  L_total=0.00316  L_val=0.00002  patience=0/30  (46.5s)
  [PINN (ext. phy.)] epoch   7000  L_data=0.00237  L_phys=0.00092  L_ic=0.00002  L_total=0.00313  L_val=0.00002  patience=10/30  (53.1s)
  [PINN (ext. phy.)] epoch   8000  L_data=0.00237  L_phys=0.00050  L_ic=0.00002  L_total=0.00279  L_val=0.00002  patience=7/30  (61.1s)
  [PINN (ext. phy.)] epoch   9000  L_data=0.00237  L_phys=0.00057  L_ic=0.00002  L_total=0.00284  L_val=0.00001  patience=17/30  (69.2s)
  [PINN (ext. phy.)] epoch  10000  L_data=0.00237  L_phys=0.00062  L_ic=0.00003  L_total=0.00290  L_val=0.00003  patience=27/30  (77.1s)
  [PINN (ext. phy.)] epoch  11000  L_data=0.00237  L_phys=0.00050  L_ic=0.00004  L_total=0.00281  L_val=0.00001  patience=6/30  (85.2s)
  [PINN (ext. phy.)] epoch  12000  L_data=0.00237  L_phys=0.00084  L_ic=0.00002  L_total=0.00305  L_val=0.00002  patience=16/30  (93.2s)
  [PINN (ext. phy.)] epoch  13000  L_data=0.00237  L_phys=0.00007  L_ic=0.00002  L_total=0.00244  L_val=0.00001  patience=26/30  (99.8s)

  [PINN (ext. phy.)] Early stopping triggered at epoch 13400. Best val loss: 0.000009
  [PINN (ext. phy.)] early stop after 13400 epochs in 103.0s  (7.69 ms/epoch)  best val loss: 0.000009

======================================================================
Training PINN  (data + physics (only normal region) + IC loss)
======================================================================
  Parameters: 11954
  [PINN (blind)] epoch      1  L_data=0.05913  L_phys=0.00006  L_ic=0.09518  L_total=0.17900  L_val=0.04866  patience=0/30  (0.0s)
  [PINN (blind)] epoch   1000  L_data=0.00267  L_phys=0.00067  L_ic=0.00030  L_total=0.00358  L_val=0.00040  patience=3/30  (8.0s)
  [PINN (blind)] epoch   2000  L_data=0.00246  L_phys=0.00018  L_ic=0.00020  L_total=0.00285  L_val=0.00026  patience=1/30  (16.0s)
  [PINN (blind)] epoch   3000  L_data=0.00243  L_phys=0.00009  L_ic=0.00009  L_total=0.00261  L_val=0.00005  patience=1/30  (23.9s)
  [PINN (blind)] epoch   4000  L_data=0.00238  L_phys=0.00026  L_ic=0.00004  L_total=0.00264  L_val=0.00008  patience=1/30  (31.8s)
  [PINN (blind)] epoch   5000  L_data=0.00240  L_phys=0.00007  L_ic=0.00005  L_total=0.00252  L_val=0.00003  patience=11/30  (39.6s)
  [PINN (blind)] epoch   6000  L_data=0.00238  L_phys=0.00009  L_ic=0.00010  L_total=0.00259  L_val=0.00001  patience=2/30  (46.3s)
  [PINN (blind)] epoch   7000  L_data=0.00239  L_phys=0.00008  L_ic=0.00005  L_total=0.00252  L_val=0.00002  patience=12/30  (54.3s)
  [PINN (blind)] epoch   8000  L_data=0.00238  L_phys=0.00015  L_ic=0.00010  L_total=0.00263  L_val=0.00003  patience=22/30  (62.3s)

  [PINN (blind)] Early stopping triggered at epoch 8800. Best val loss: 0.000010
  [PINN (blind)] early stop after 8800 epochs in 68.7s  (7.80 ms/epoch)  best val loss: 0.000010

======================================================================
RESULTS SUMMARY  (best-val checkpoint)
======================================================================
  Metric                                 PINN (extended physics) PINN (blind)
  RMSE  (training interval)                    0.0030      0.0031
  RMSE  (extrapolation)                        0.0038      0.0069
  Physics Residual                             0.0073      0.0092
  True nu                                     0.6000
  nu_hat                                      0.5513     0.5420
  --------------------------------------------------------------
Viscosity: 6.0e-01, Nu Hat (blind): 0.5420, Nu Hat (ext phys): 0.5513
Loading precomputed analytic solution snapshots from ./AnalyticBurger/Gaussian_7.0e-01_analytic_solution.npz...

Generating observation data for the Gaussian initial condition...

======================================================================
Training PINN  (data + physics (normal + extrapolated) + IC loss)
======================================================================
  Parameters: 11954
  [PINN (ext. phy.)] epoch      1  L_data=0.06589  L_phys=0.00001  L_ic=0.10333  L_total=0.19599  L_val=0.04949  patience=0/30  (0.0s)
  [PINN (ext. phy.)] epoch   1000  L_data=0.00264  L_phys=0.00236  L_ic=0.00042  L_total=0.00503  L_val=0.00034  patience=2/30  (8.0s)
  [PINN (ext. phy.)] epoch   2000  L_data=0.00252  L_phys=0.00014  L_ic=0.00019  L_total=0.00287  L_val=0.00016  patience=2/30  (15.5s)
  [PINN (ext. phy.)] epoch   3000  L_data=0.00242  L_phys=0.00022  L_ic=0.00005  L_total=0.00266  L_val=0.00010  patience=6/30  (20.3s)
  [PINN (ext. phy.)] epoch   4000  L_data=0.00240  L_phys=0.00096  L_ic=0.00005  L_total=0.00323  L_val=0.00004  patience=2/30  (28.2s)
  [PINN (ext. phy.)] epoch   5000  L_data=0.00242  L_phys=0.00063  L_ic=0.00009  L_total=0.00303  L_val=0.00005  patience=2/30  (36.0s)
  [PINN (ext. phy.)] epoch   6000  L_data=0.00238  L_phys=0.00104  L_ic=0.00002  L_total=0.00323  L_val=0.00002  patience=12/30  (43.9s)
  [PINN (ext. phy.)] epoch   7000  L_data=0.00238  L_phys=0.00099  L_ic=0.00002  L_total=0.00319  L_val=0.00003  patience=2/30  (51.8s)
  [PINN (ext. phy.)] epoch   8000  L_data=0.00238  L_phys=0.00052  L_ic=0.00002  L_total=0.00282  L_val=0.00003  patience=12/30  (59.7s)
  [PINN (ext. phy.)] epoch   9000  L_data=0.00237  L_phys=0.00058  L_ic=0.00002  L_total=0.00286  L_val=0.00002  patience=22/30  (66.3s)

  [PINN (ext. phy.)] Early stopping triggered at epoch 9800. Best val loss: 0.000013
  [PINN (ext. phy.)] early stop after 9800 epochs in 72.7s  (7.42 ms/epoch)  best val loss: 0.000013

======================================================================
Training PINN  (data + physics (only normal region) + IC loss)
======================================================================
  Parameters: 11954
  [PINN (blind)] epoch      1  L_data=0.07607  L_phys=0.00001  L_ic=0.11462  L_total=0.22038  L_val=0.05622  patience=0/30  (0.0s)
  [PINN (blind)] epoch   1000  L_data=0.00273  L_phys=0.00066  L_ic=0.00033  L_total=0.00367  L_val=0.00029  patience=1/30  (7.9s)
  [PINN (blind)] epoch   2000  L_data=0.00244  L_phys=0.00101  L_ic=0.00014  L_total=0.00341  L_val=0.00009  patience=0/30  (15.8s)
  [PINN (blind)] epoch   3000  L_data=0.00242  L_phys=0.00023  L_ic=0.00007  L_total=0.00269  L_val=0.00007  patience=4/30  (23.7s)
  [PINN (blind)] epoch   4000  L_data=0.00241  L_phys=0.00071  L_ic=0.00005  L_total=0.00304  L_val=0.00005  patience=2/30  (31.6s)
  [PINN (blind)] epoch   5000  L_data=0.00242  L_phys=0.00082  L_ic=0.00014  L_total=0.00324  L_val=0.00004  patience=3/30  (38.9s)
  [PINN (blind)] epoch   6000  L_data=0.00240  L_phys=0.00094  L_ic=0.00009  L_total=0.00326  L_val=0.00004  patience=6/30  (46.1s)
  [PINN (blind)] epoch   7000  L_data=0.00239  L_phys=0.00025  L_ic=0.00003  L_total=0.00263  L_val=0.00003  patience=3/30  (54.0s)
  [PINN (blind)] epoch   8000  L_data=0.00240  L_phys=0.00009  L_ic=0.00004  L_total=0.00252  L_val=0.00003  patience=8/30  (61.9s)
  [PINN (blind)] epoch   9000  L_data=0.00239  L_phys=0.00004  L_ic=0.00008  L_total=0.00252  L_val=0.00002  patience=18/30  (69.7s)
  [PINN (blind)] epoch  10000  L_data=0.00238  L_phys=0.00008  L_ic=0.00002  L_total=0.00248  L_val=0.00002  patience=7/30  (77.6s)
  [PINN (blind)] epoch  11000  L_data=0.00238  L_phys=0.00012  L_ic=0.00004  L_total=0.00253  L_val=0.00001  patience=17/30  (85.3s)
  [PINN (blind)] epoch  12000  L_data=0.00239  L_phys=0.00009  L_ic=0.00001  L_total=0.00248  L_val=0.00002  patience=27/30  (92.0s)
  [PINN (blind)] epoch  13000  L_data=0.00238  L_phys=0.00030  L_ic=0.00001  L_total=0.00264  L_val=0.00002  patience=2/30  (99.8s)
  [PINN (blind)] epoch  14000  L_data=0.00238  L_phys=0.00015  L_ic=0.00002  L_total=0.00253  L_val=0.00001  patience=12/30  (107.7s)
  [PINN (blind)] epoch  15000  L_data=0.00238  L_phys=0.00006  L_ic=0.00002  L_total=0.00245  L_val=0.00001  patience=22/30  (115.6s)
  [PINN (blind)] epoch  16000  L_data=0.00238  L_phys=0.00054  L_ic=0.00004  L_total=0.00286  L_val=0.00001  patience=3/30  (123.5s)
  [PINN (blind)] epoch  17000  L_data=0.00238  L_phys=0.00061  L_ic=0.00002  L_total=0.00288  L_val=0.00001  patience=13/30  (131.2s)
  [PINN (blind)] epoch  18000  L_data=0.00238  L_phys=0.00007  L_ic=0.00001  L_total=0.00245  L_val=0.00001  patience=23/30  (138.0s)

  [PINN (blind)] Early stopping triggered at epoch 18700. Best val loss: 0.000009
  [PINN (blind)] early stop after 18700 epochs in 143.6s  (7.68 ms/epoch)  best val loss: 0.000009

======================================================================
RESULTS SUMMARY  (best-val checkpoint)
======================================================================
  Metric                                 PINN (extended physics) PINN (blind)
  RMSE  (training interval)                    0.0036      0.0031
  RMSE  (extrapolation)                        0.0052      0.0073
  Physics Residual                             0.0090      0.0099
  True nu                                     0.7000
  nu_hat                                      0.6206     0.6437
  --------------------------------------------------------------
Viscosity: 7.0e-01, Nu Hat (blind): 0.6437, Nu Hat (ext phys): 0.6206
Loading precomputed analytic solution snapshots from ./AnalyticBurger/Gaussian_8.0e-01_analytic_solution.npz...

Generating observation data for the Gaussian initial condition...

======================================================================
Training PINN  (data + physics (normal + extrapolated) + IC loss)
======================================================================
  Parameters: 11954
  [PINN (ext. phy.)] epoch      1  L_data=0.06309  L_phys=0.00001  L_ic=0.10333  L_total=0.19318  L_val=0.04686  patience=0/30  (0.0s)
  [PINN (ext. phy.)] epoch   1000  L_data=0.00271  L_phys=0.00255  L_ic=0.00045  L_total=0.00530  L_val=0.00043  patience=1/30  (8.0s)
  [PINN (ext. phy.)] epoch   2000  L_data=0.00260  L_phys=0.00017  L_ic=0.00026  L_total=0.00307  L_val=0.00017  patience=2/30  (16.0s)
  [PINN (ext. phy.)] epoch   3000  L_data=0.00244  L_phys=0.00026  L_ic=0.00004  L_total=0.00270  L_val=0.00010  patience=6/30  (24.0s)
  [PINN (ext. phy.)] epoch   4000  L_data=0.00241  L_phys=0.00094  L_ic=0.00006  L_total=0.00323  L_val=0.00004  patience=0/30  (31.9s)
  [PINN (ext. phy.)] epoch   5000  L_data=0.00241  L_phys=0.00070  L_ic=0.00010  L_total=0.00309  L_val=0.00004  patience=2/30  (36.5s)
  [PINN (ext. phy.)] epoch   6000  L_data=0.00239  L_phys=0.00107  L_ic=0.00002  L_total=0.00326  L_val=0.00003  patience=6/30  (44.4s)
  [PINN (ext. phy.)] epoch   7000  L_data=0.00239  L_phys=0.00109  L_ic=0.00003  L_total=0.00329  L_val=0.00003  patience=2/30  (52.3s)
  [PINN (ext. phy.)] epoch   8000  L_data=0.00239  L_phys=0.00045  L_ic=0.00005  L_total=0.00281  L_val=0.00003  patience=12/30  (60.2s)
  [PINN (ext. phy.)] epoch   9000  L_data=0.00238  L_phys=0.00058  L_ic=0.00003  L_total=0.00287  L_val=0.00002  patience=22/30  (68.1s)

  [PINN (ext. phy.)] Early stopping triggered at epoch 9800. Best val loss: 0.000015
  [PINN (ext. phy.)] early stop after 9800 epochs in 74.4s  (7.59 ms/epoch)  best val loss: 0.000015

======================================================================
Training PINN  (data + physics (only normal region) + IC loss)
======================================================================
  Parameters: 11954
  [PINN (blind)] epoch      1  L_data=0.07329  L_phys=0.00001  L_ic=0.11462  L_total=0.21760  L_val=0.05353  patience=0/30  (0.0s)
  [PINN (blind)] epoch   1000  L_data=0.00276  L_phys=0.00076  L_ic=0.00035  L_total=0.00380  L_val=0.00034  patience=0/30  (7.6s)
  [PINN (blind)] epoch   2000  L_data=0.00248  L_phys=0.00122  L_ic=0.00018  L_total=0.00367  L_val=0.00012  patience=0/30  (14.4s)
  [PINN (blind)] epoch   3000  L_data=0.00244  L_phys=0.00031  L_ic=0.00006  L_total=0.00276  L_val=0.00011  patience=4/30  (22.3s)
  [PINN (blind)] epoch   4000  L_data=0.00242  L_phys=0.00076  L_ic=0.00006  L_total=0.00311  L_val=0.00008  patience=5/30  (30.3s)
  [PINN (blind)] epoch   5000  L_data=0.00244  L_phys=0.00094  L_ic=0.00014  L_total=0.00336  L_val=0.00005  patience=3/30  (38.3s)
  [PINN (blind)] epoch   6000  L_data=0.00241  L_phys=0.00104  L_ic=0.00003  L_total=0.00328  L_val=0.00005  patience=6/30  (46.3s)
  [PINN (blind)] epoch   7000  L_data=0.00240  L_phys=0.00025  L_ic=0.00002  L_total=0.00263  L_val=0.00004  patience=3/30  (54.1s)
  [PINN (blind)] epoch   8000  L_data=0.00241  L_phys=0.00014  L_ic=0.00005  L_total=0.00259  L_val=0.00004  patience=6/30  (60.9s)
  [PINN (blind)] epoch   9000  L_data=0.00239  L_phys=0.00005  L_ic=0.00006  L_total=0.00250  L_val=0.00002  patience=3/30  (68.8s)
  [PINN (blind)] epoch  10000  L_data=0.00239  L_phys=0.00011  L_ic=0.00002  L_total=0.00251  L_val=0.00002  patience=3/30  (76.8s)
  [PINN (blind)] epoch  11000  L_data=0.00239  L_phys=0.00010  L_ic=0.00004  L_total=0.00252  L_val=0.00002  patience=13/30  (84.8s)
  [PINN (blind)] epoch  12000  L_data=0.00239  L_phys=0.00014  L_ic=0.00001  L_total=0.00252  L_val=0.00002  patience=23/30  (92.7s)

  [PINN (blind)] Early stopping triggered at epoch 12700. Best val loss: 0.000014
  [PINN (blind)] early stop after 12700 epochs in 98.2s  (7.73 ms/epoch)  best val loss: 0.000014

======================================================================
RESULTS SUMMARY  (best-val checkpoint)
======================================================================
  Metric                                 PINN (extended physics) PINN (blind)
  RMSE  (training interval)                    0.0039      0.0037
  RMSE  (extrapolation)                        0.0056      0.0081
  Physics Residual                             0.0101      0.0115
  True nu                                     0.8000
  nu_hat                                      0.6973     0.7123
  --------------------------------------------------------------
Viscosity: 8.0e-01, Nu Hat (blind): 0.7123, Nu Hat (ext phys): 0.6973
Loading precomputed analytic solution snapshots from ./AnalyticBurger/Gaussian_9.0e-01_analytic_solution.npz...

Generating observation data for the Gaussian initial condition...

======================================================================
Training PINN  (data + physics (normal + extrapolated) + IC loss)
======================================================================
  Parameters: 11954
  [PINN (ext. phy.)] epoch      1  L_data=0.06058  L_phys=0.00001  L_ic=0.10333  L_total=0.19067  L_val=0.04451  patience=0/30  (0.0s)
  [PINN (ext. phy.)] epoch   1000  L_data=0.00283  L_phys=0.00272  L_ic=0.00049  L_total=0.00561  L_val=0.00055  patience=1/30  (6.8s)
  [PINN (ext. phy.)] epoch   2000  L_data=0.00268  L_phys=0.00020  L_ic=0.00035  L_total=0.00328  L_val=0.00019  patience=0/30  (14.7s)
  [PINN (ext. phy.)] epoch   3000  L_data=0.00246  L_phys=0.00032  L_ic=0.00010  L_total=0.00285  L_val=0.00013  patience=7/30  (22.6s)
  [PINN (ext. phy.)] epoch   4000  L_data=0.00242  L_phys=0.00092  L_ic=0.00007  L_total=0.00324  L_val=0.00005  patience=0/30  (30.5s)
  [PINN (ext. phy.)] epoch   5000  L_data=0.00241  L_phys=0.00078  L_ic=0.00009  L_total=0.00315  L_val=0.00005  patience=2/30  (38.4s)
  [PINN (ext. phy.)] epoch   6000  L_data=0.00239  L_phys=0.00106  L_ic=0.00003  L_total=0.00327  L_val=0.00003  patience=1/30  (46.2s)
  [PINN (ext. phy.)] epoch   7000  L_data=0.00240  L_phys=0.00118  L_ic=0.00004  L_total=0.00338  L_val=0.00004  patience=2/30  (52.9s)
  [PINN (ext. phy.)] epoch   8000  L_data=0.00240  L_phys=0.00038  L_ic=0.00005  L_total=0.00277  L_val=0.00003  patience=12/30  (60.9s)
  [PINN (ext. phy.)] epoch   9000  L_data=0.00238  L_phys=0.00057  L_ic=0.00003  L_total=0.00288  L_val=0.00002  patience=22/30  (68.7s)

  [PINN (ext. phy.)] Early stopping triggered at epoch 9800. Best val loss: 0.000018
  [PINN (ext. phy.)] early stop after 9800 epochs in 75.0s  (7.65 ms/epoch)  best val loss: 0.000018

======================================================================
Training PINN  (data + physics (only normal region) + IC loss)
======================================================================
  Parameters: 11954
  [PINN (blind)] epoch      1  L_data=0.07080  L_phys=0.00001  L_ic=0.11462  L_total=0.21511  L_val=0.05111  patience=0/30  (0.0s)
  [PINN (blind)] epoch   1000  L_data=0.00280  L_phys=0.00091  L_ic=0.00025  L_total=0.00383  L_val=0.00050  patience=0/30  (7.9s)
  [PINN (blind)] epoch   2000  L_data=0.00251  L_phys=0.00140  L_ic=0.00018  L_total=0.00386  L_val=0.00015  patience=0/30  (15.9s)
  [PINN (blind)] epoch   3000  L_data=0.00249  L_phys=0.00037  L_ic=0.00011  L_total=0.00292  L_val=0.00012  patience=4/30  (22.0s)
  [PINN (blind)] epoch   4000  L_data=0.00244  L_phys=0.00088  L_ic=0.00007  L_total=0.00322  L_val=0.00009  patience=5/30  (28.5s)
  [PINN (blind)] epoch   5000  L_data=0.00244  L_phys=0.00100  L_ic=0.00024  L_total=0.00353  L_val=0.00006  patience=3/30  (36.2s)
  [PINN (blind)] epoch   6000  L_data=0.00242  L_phys=0.00123  L_ic=0.00005  L_total=0.00346  L_val=0.00006  patience=6/30  (44.1s)
  [PINN (blind)] epoch   7000  L_data=0.00241  L_phys=0.00023  L_ic=0.00002  L_total=0.00263  L_val=0.00005  patience=3/30  (52.0s)
  [PINN (blind)] epoch   8000  L_data=0.00241  L_phys=0.00019  L_ic=0.00005  L_total=0.00263  L_val=0.00005  patience=13/30  (59.9s)
  [PINN (blind)] epoch   9000  L_data=0.00240  L_phys=0.00005  L_ic=0.00005  L_total=0.00249  L_val=0.00003  patience=3/30  (67.7s)
  [PINN (blind)] epoch  10000  L_data=0.00239  L_phys=0.00014  L_ic=0.00003  L_total=0.00254  L_val=0.00002  patience=3/30  (74.5s)
  [PINN (blind)] epoch  11000  L_data=0.00239  L_phys=0.00010  L_ic=0.00004  L_total=0.00252  L_val=0.00002  patience=3/30  (82.3s)
  [PINN (blind)] epoch  12000  L_data=0.00239  L_phys=0.00016  L_ic=0.00002  L_total=0.00255  L_val=0.00003  patience=13/30  (90.3s)
  [PINN (blind)] epoch  13000  L_data=0.00239  L_phys=0.00031  L_ic=0.00002  L_total=0.00266  L_val=0.00002  patience=23/30  (98.3s)

  [PINN (blind)] Early stopping triggered at epoch 13700. Best val loss: 0.000018
  [PINN (blind)] early stop after 13700 epochs in 103.9s  (7.58 ms/epoch)  best val loss: 0.000018

======================================================================
RESULTS SUMMARY  (best-val checkpoint)
======================================================================
  Metric                                 PINN (extended physics) PINN (blind)
  RMSE  (training interval)                    0.0043      0.0042
  RMSE  (extrapolation)                        0.0060      0.0077
  Physics Residual                             0.0111      0.0117
  True nu                                     0.9000
  nu_hat                                      0.7738     0.7934
  --------------------------------------------------------------
Viscosity: 9.0e-01, Nu Hat (blind): 0.7934, Nu Hat (ext phys): 0.7738
Loading precomputed analytic solution snapshots from ./AnalyticBurger/Gaussian_2.0e-02_analytic_solution.npz...

Generating observation data for the Gaussian initial condition...

======================================================================
Training PINN  (data + physics (normal + extrapolated) + IC loss)
======================================================================
  Parameters: 11954
  [PINN (ext. phy.)] epoch      1  L_data=0.10566  L_phys=0.00001  L_ic=0.10333  L_total=0.23576  L_val=0.08573  patience=0/30  (0.0s)
  [PINN (ext. phy.)] epoch   1000  L_data=0.00361  L_phys=0.00243  L_ic=0.00040  L_total=0.00605  L_val=0.00122  patience=2/30  (7.8s)
  [PINN (ext. phy.)] epoch   2000  L_data=0.00302  L_phys=0.00061  L_ic=0.00015  L_total=0.00370  L_val=0.00043  patience=0/30  (14.4s)
  [PINN (ext. phy.)] epoch   3000  L_data=0.00271  L_phys=0.00035  L_ic=0.00003  L_total=0.00303  L_val=0.00026  patience=0/30  (22.4s)
  [PINN (ext. phy.)] epoch   4000  L_data=0.00261  L_phys=0.00105  L_ic=0.00002  L_total=0.00347  L_val=0.00019  patience=0/30  (30.3s)
  [PINN (ext. phy.)] epoch   5000  L_data=0.00253  L_phys=0.00043  L_ic=0.00001  L_total=0.00289  L_val=0.00013  patience=0/30  (38.2s)
  [PINN (ext. phy.)] epoch   6000  L_data=0.00247  L_phys=0.00068  L_ic=0.00002  L_total=0.00303  L_val=0.00009  patience=0/30  (46.2s)
  [PINN (ext. phy.)] epoch   7000  L_data=0.00244  L_phys=0.00049  L_ic=0.00001  L_total=0.00285  L_val=0.00007  patience=0/30  (54.2s)
  [PINN (ext. phy.)] epoch   8000  L_data=0.00242  L_phys=0.00048  L_ic=0.00004  L_total=0.00286  L_val=0.00007  patience=5/30  (60.8s)
  [PINN (ext. phy.)] epoch   9000  L_data=0.00241  L_phys=0.00049  L_ic=0.00001  L_total=0.00280  L_val=0.00005  patience=4/30  (68.8s)
  [PINN (ext. phy.)] epoch  10000  L_data=0.00239  L_phys=0.00076  L_ic=0.00001  L_total=0.00301  L_val=0.00004  patience=5/30  (76.7s)
  [PINN (ext. phy.)] epoch  11000  L_data=0.00238  L_phys=0.00043  L_ic=0.00000  L_total=0.00273  L_val=0.00004  patience=5/30  (84.7s)
  [PINN (ext. phy.)] epoch  12000  L_data=0.00237  L_phys=0.00072  L_ic=0.00001  L_total=0.00295  L_val=0.00003  patience=0/30  (92.5s)
  [PINN (ext. phy.)] epoch  13000  L_data=0.00237  L_phys=0.00005  L_ic=0.00000  L_total=0.00242  L_val=0.00003  patience=10/30  (100.5s)
  [PINN (ext. phy.)] epoch  14000  L_data=0.00237  L_phys=0.00010  L_ic=0.00000  L_total=0.00245  L_val=0.00002  patience=0/30  (107.0s)
  [PINN (ext. phy.)] epoch  15000  L_data=0.00236  L_phys=0.00008  L_ic=0.00001  L_total=0.00244  L_val=0.00003  patience=10/30  (114.9s)
  [PINN (ext. phy.)] epoch  16000  L_data=0.00236  L_phys=0.00027  L_ic=0.00001  L_total=0.00258  L_val=0.00002  patience=0/30  (122.9s)
  [PINN (ext. phy.)] epoch  17000  L_data=0.00236  L_phys=0.00025  L_ic=0.00000  L_total=0.00257  L_val=0.00002  patience=10/30  (130.9s)
  [PINN (ext. phy.)] epoch  18000  L_data=0.00236  L_phys=0.00029  L_ic=0.00001  L_total=0.00259  L_val=0.00002  patience=4/30  (138.9s)
  [PINN (ext. phy.)] epoch  19000  L_data=0.00236  L_phys=0.00009  L_ic=0.00001  L_total=0.00244  L_val=0.00002  patience=14/30  (146.8s)
  [PINN (ext. phy.)] epoch  20000  L_data=0.00236  L_phys=0.00006  L_ic=0.00000  L_total=0.00241  L_val=0.00002  patience=24/30  (153.3s)
  [PINN (ext. phy.)] epoch  21000  L_data=0.00236  L_phys=0.00066  L_ic=0.00001  L_total=0.00289  L_val=0.00002  patience=4/30  (159.5s)
  [PINN (ext. phy.)] epoch  22000  L_data=0.00236  L_phys=0.00025  L_ic=0.00001  L_total=0.00256  L_val=0.00002  patience=14/30  (167.4s)
  [PINN (ext. phy.)] epoch  23000  L_data=0.00235  L_phys=0.00005  L_ic=0.00000  L_total=0.00240  L_val=0.00002  patience=24/30  (175.3s)

  [PINN (ext. phy.)] Early stopping triggered at epoch 23600. Best val loss: 0.000020
  [PINN (ext. phy.)] early stop after 23600 epochs in 180.1s  (7.63 ms/epoch)  best val loss: 0.000020

======================================================================
Training PINN  (data + physics (only normal region) + IC loss)
======================================================================
  Parameters: 11954
  [PINN (blind)] epoch      1  L_data=0.16388  L_phys=0.00052  L_ic=0.14972  L_total=0.35278  L_val=0.12333  patience=0/30  (0.0s)
  [PINN (blind)] epoch   1000  L_data=0.00358  L_phys=0.00110  L_ic=0.00012  L_total=0.00461  L_val=0.00110  patience=0/30  (7.9s)
  [PINN (blind)] epoch   2000  L_data=0.00303  L_phys=0.00093  L_ic=0.00009  L_total=0.00388  L_val=0.00061  patience=0/30  (15.9s)
  [PINN (blind)] epoch   3000  L_data=0.00274  L_phys=0.00071  L_ic=0.00007  L_total=0.00339  L_val=0.00031  patience=0/30  (22.5s)
  [PINN (blind)] epoch   4000  L_data=0.00263  L_phys=0.00035  L_ic=0.00003  L_total=0.00295  L_val=0.00022  patience=0/30  (30.4s)
  [PINN (blind)] epoch   5000  L_data=0.00256  L_phys=0.00038  L_ic=0.00003  L_total=0.00290  L_val=0.00015  patience=0/30  (38.3s)
  [PINN (blind)] epoch   6000  L_data=0.00249  L_phys=0.00020  L_ic=0.00003  L_total=0.00269  L_val=0.00011  patience=0/30  (46.2s)
  [PINN (blind)] epoch   7000  L_data=0.00246  L_phys=0.00016  L_ic=0.00001  L_total=0.00261  L_val=0.00009  patience=0/30  (54.1s)
  [PINN (blind)] epoch   8000  L_data=0.00244  L_phys=0.00017  L_ic=0.00003  L_total=0.00262  L_val=0.00007  patience=2/30  (62.0s)
  [PINN (blind)] epoch   9000  L_data=0.00242  L_phys=0.00012  L_ic=0.00004  L_total=0.00257  L_val=0.00005  patience=0/30  (69.0s)
  [PINN (blind)] epoch  10000  L_data=0.00241  L_phys=0.00039  L_ic=0.00001  L_total=0.00273  L_val=0.00005  patience=3/30  (76.5s)
  [PINN (blind)] epoch  11000  L_data=0.00240  L_phys=0.00056  L_ic=0.00001  L_total=0.00285  L_val=0.00004  patience=5/30  (84.6s)
  [PINN (blind)] epoch  12000  L_data=0.00239  L_phys=0.00005  L_ic=0.00001  L_total=0.00245  L_val=0.00004  patience=2/30  (92.6s)
  [PINN (blind)] epoch  13000  L_data=0.00238  L_phys=0.00042  L_ic=0.00001  L_total=0.00273  L_val=0.00004  patience=6/30  (100.6s)
  [PINN (blind)] epoch  14000  L_data=0.00238  L_phys=0.00051  L_ic=0.00002  L_total=0.00280  L_val=0.00003  patience=1/30  (108.6s)
  [PINN (blind)] epoch  15000  L_data=0.00238  L_phys=0.00007  L_ic=0.00001  L_total=0.00244  L_val=0.00003  patience=8/30  (115.6s)
  [PINN (blind)] epoch  16000  L_data=0.00238  L_phys=0.00031  L_ic=0.00001  L_total=0.00263  L_val=0.00003  patience=4/30  (123.2s)
  [PINN (blind)] epoch  17000  L_data=0.00237  L_phys=0.00005  L_ic=0.00001  L_total=0.00243  L_val=0.00002  patience=1/30  (131.2s)
  [PINN (blind)] epoch  18000  L_data=0.00237  L_phys=0.00005  L_ic=0.00001  L_total=0.00242  L_val=0.00002  patience=11/30  (139.1s)
  [PINN (blind)] epoch  19000  L_data=0.00237  L_phys=0.00022  L_ic=0.00001  L_total=0.00255  L_val=0.00002  patience=8/30  (147.0s)
  [PINN (blind)] epoch  20000  L_data=0.00237  L_phys=0.00028  L_ic=0.00000  L_total=0.00260  L_val=0.00002  patience=18/30  (154.8s)
  [PINN (blind)] epoch  21000  L_data=0.00237  L_phys=0.00011  L_ic=0.00000  L_total=0.00246  L_val=0.00002  patience=28/30  (162.0s)

  [PINN (blind)] Early stopping triggered at epoch 21200. Best val loss: 0.000023
  [PINN (blind)] early stop after 21200 epochs in 163.0s  (7.69 ms/epoch)  best val loss: 0.000023

======================================================================
RESULTS SUMMARY  (best-val checkpoint)
======================================================================
  Metric                                 PINN (extended physics) PINN (blind)
  RMSE  (training interval)                    0.0044      0.0047
  RMSE  (extrapolation)                        0.0158      0.0233
  Physics Residual                             0.0229      0.0305
  True nu                                     0.0200
  nu_hat                                      0.0439     0.0437
  --------------------------------------------------------------
Viscosity: 2.0e-02, Nu Hat (blind): 0.0437, Nu Hat (ext phys): 0.0439
Loading precomputed analytic solution snapshots from ./AnalyticBurger/Gaussian_3.0e-02_analytic_solution.npz...

Generating observation data for the Gaussian initial condition...

======================================================================
Training PINN  (data + physics (normal + extrapolated) + IC loss)
======================================================================
  Parameters: 11954
  [PINN (ext. phy.)] epoch      1  L_data=0.10426  L_phys=0.00001  L_ic=0.10333  L_total=0.23435  L_val=0.08456  patience=0/30  (0.0s)
  [PINN (ext. phy.)] epoch   1000  L_data=0.00316  L_phys=0.00232  L_ic=0.00010  L_total=0.00513  L_val=0.00073  patience=0/30  (7.9s)
  [PINN (ext. phy.)] epoch   2000  L_data=0.00287  L_phys=0.00056  L_ic=0.00013  L_total=0.00347  L_val=0.00032  patience=0/30  (15.9s)
  [PINN (ext. phy.)] epoch   3000  L_data=0.00261  L_phys=0.00029  L_ic=0.00003  L_total=0.00288  L_val=0.00019  patience=0/30  (23.7s)
  [PINN (ext. phy.)] epoch   4000  L_data=0.00253  L_phys=0.00101  L_ic=0.00003  L_total=0.00337  L_val=0.00013  patience=0/30  (31.6s)
  [PINN (ext. phy.)] epoch   5000  L_data=0.00247  L_phys=0.00038  L_ic=0.00001  L_total=0.00279  L_val=0.00009  patience=0/30  (39.4s)
  [PINN (ext. phy.)] epoch   6000  L_data=0.00243  L_phys=0.00063  L_ic=0.00002  L_total=0.00295  L_val=0.00006  patience=0/30  (44.9s)
  [PINN (ext. phy.)] epoch   7000  L_data=0.00241  L_phys=0.00046  L_ic=0.00001  L_total=0.00279  L_val=0.00004  patience=0/30  (52.0s)
  [PINN (ext. phy.)] epoch   8000  L_data=0.00239  L_phys=0.00047  L_ic=0.00004  L_total=0.00281  L_val=0.00004  patience=5/30  (60.0s)
  [PINN (ext. phy.)] epoch   9000  L_data=0.00238  L_phys=0.00047  L_ic=0.00001  L_total=0.00276  L_val=0.00003  patience=2/30  (68.0s)
  [PINN (ext. phy.)] epoch  10000  L_data=0.00236  L_phys=0.00074  L_ic=0.00001  L_total=0.00297  L_val=0.00002  patience=5/30  (76.0s)
  [PINN (ext. phy.)] epoch  11000  L_data=0.00236  L_phys=0.00041  L_ic=0.00001  L_total=0.00269  L_val=0.00002  patience=5/30  (83.9s)
  [PINN (ext. phy.)] epoch  12000  L_data=0.00236  L_phys=0.00070  L_ic=0.00001  L_total=0.00292  L_val=0.00001  patience=0/30  (91.4s)
  [PINN (ext. phy.)] epoch  13000  L_data=0.00236  L_phys=0.00004  L_ic=0.00000  L_total=0.00240  L_val=0.00002  patience=10/30  (98.3s)
  [PINN (ext. phy.)] epoch  14000  L_data=0.00235  L_phys=0.00007  L_ic=0.00000  L_total=0.00242  L_val=0.00001  patience=0/30  (106.3s)
  [PINN (ext. phy.)] epoch  15000  L_data=0.00235  L_phys=0.00005  L_ic=0.00001  L_total=0.00241  L_val=0.00002  patience=10/30  (114.1s)
  [PINN (ext. phy.)] epoch  16000  L_data=0.00235  L_phys=0.00025  L_ic=0.00001  L_total=0.00255  L_val=0.00001  patience=20/30  (122.0s)
  [PINN (ext. phy.)] epoch  17000  L_data=0.00235  L_phys=0.00023  L_ic=0.00000  L_total=0.00254  L_val=0.00001  patience=30/30  (130.0s)

  [PINN (ext. phy.)] Early stopping triggered at epoch 17000. Best val loss: 0.000013
  [PINN (ext. phy.)] early stop after 17000 epochs in 130.0s  (7.64 ms/epoch)  best val loss: 0.000013

======================================================================
Training PINN  (data + physics (only normal region) + IC loss)
======================================================================
  Parameters: 11954
  [PINN (blind)] epoch      1  L_data=0.14707  L_phys=0.00014  L_ic=0.13811  L_total=0.32105  L_val=0.10640  patience=0/30  (0.0s)
  [PINN (blind)] epoch   1000  L_data=0.00332  L_phys=0.00151  L_ic=0.00007  L_total=0.00460  L_val=0.00087  patience=0/30  (7.7s)
  [PINN (blind)] epoch   2000  L_data=0.00288  L_phys=0.00029  L_ic=0.00006  L_total=0.00320  L_val=0.00043  patience=0/30  (14.6s)
  [PINN (blind)] epoch   3000  L_data=0.00271  L_phys=0.00027  L_ic=0.00032  L_total=0.00333  L_val=0.00026  patience=2/30  (22.6s)
  [PINN (blind)] epoch   4000  L_data=0.00257  L_phys=0.00022  L_ic=0.00002  L_total=0.00277  L_val=0.00016  patience=2/30  (30.5s)
  [PINN (blind)] epoch   5000  L_data=0.00252  L_phys=0.00051  L_ic=0.00004  L_total=0.00297  L_val=0.00013  patience=2/30  (38.5s)
  [PINN (blind)] epoch   6000  L_data=0.00245  L_phys=0.00021  L_ic=0.00002  L_total=0.00265  L_val=0.00007  patience=0/30  (46.4s)
  [PINN (blind)] epoch   7000  L_data=0.00242  L_phys=0.00009  L_ic=0.00001  L_total=0.00250  L_val=0.00005  patience=0/30  (54.2s)
  [PINN (blind)] epoch   8000  L_data=0.00240  L_phys=0.00008  L_ic=0.00001  L_total=0.00248  L_val=0.00004  patience=2/30  (60.9s)
  [PINN (blind)] epoch   9000  L_data=0.00238  L_phys=0.00012  L_ic=0.00001  L_total=0.00249  L_val=0.00003  patience=3/30  (68.8s)
  [PINN (blind)] epoch  10000  L_data=0.00237  L_phys=0.00032  L_ic=0.00001  L_total=0.00265  L_val=0.00003  patience=4/30  (76.7s)
  [PINN (blind)] epoch  11000  L_data=0.00237  L_phys=0.00028  L_ic=0.00001  L_total=0.00261  L_val=0.00002  patience=0/30  (84.8s)
  [PINN (blind)] epoch  12000  L_data=0.00237  L_phys=0.00006  L_ic=0.00003  L_total=0.00245  L_val=0.00002  patience=1/30  (92.8s)
  [PINN (blind)] epoch  13000  L_data=0.00236  L_phys=0.00064  L_ic=0.00001  L_total=0.00288  L_val=0.00002  patience=8/30  (100.7s)
  [PINN (blind)] epoch  14000  L_data=0.00236  L_phys=0.00006  L_ic=0.00001  L_total=0.00241  L_val=0.00002  patience=5/30  (107.5s)
  [PINN (blind)] epoch  15000  L_data=0.00235  L_phys=0.00005  L_ic=0.00001  L_total=0.00240  L_val=0.00002  patience=6/30  (115.5s)
  [PINN (blind)] epoch  16000  L_data=0.00235  L_phys=0.00003  L_ic=0.00001  L_total=0.00238  L_val=0.00001  patience=16/30  (123.6s)
  [PINN (blind)] epoch  17000  L_data=0.00235  L_phys=0.00015  L_ic=0.00001  L_total=0.00247  L_val=0.00001  patience=2/30  (131.6s)
  [PINN (blind)] epoch  18000  L_data=0.00235  L_phys=0.00003  L_ic=0.00001  L_total=0.00238  L_val=0.00001  patience=12/30  (139.5s)
  [PINN (blind)] epoch  19000  L_data=0.00235  L_phys=0.00005  L_ic=0.00001  L_total=0.00240  L_val=0.00001  patience=1/30  (147.3s)
  [PINN (blind)] epoch  20000  L_data=0.00235  L_phys=0.00004  L_ic=0.00001  L_total=0.00239  L_val=0.00001  patience=11/30  (152.7s)
  [PINN (blind)] epoch  21000  L_data=0.00235  L_phys=0.00005  L_ic=0.00000  L_total=0.00239  L_val=0.00001  patience=21/30  (160.0s)

  [PINN (blind)] Early stopping triggered at epoch 21900. Best val loss: 0.000013
  [PINN (blind)] early stop after 21900 epochs in 167.1s  (7.63 ms/epoch)  best val loss: 0.000013

======================================================================
RESULTS SUMMARY  (best-val checkpoint)
======================================================================
  Metric                                 PINN (extended physics) PINN (blind)
  RMSE  (training interval)                    0.0036      0.0035
  RMSE  (extrapolation)                        0.0113      0.0129
  Physics Residual                             0.0165      0.0166
  True nu                                     0.0300
  nu_hat                                      0.0509     0.0473
  --------------------------------------------------------------
Viscosity: 3.0e-02, Nu Hat (blind): 0.0473, Nu Hat (ext phys): 0.0509
Loading precomputed analytic solution snapshots from ./AnalyticBurger/Gaussian_4.0e-02_analytic_solution.npz...

Generating observation data for the Gaussian initial condition...

======================================================================
Training PINN  (data + physics (normal + extrapolated) + IC loss)
======================================================================
  Parameters: 11954
  [PINN (ext. phy.)] epoch      1  L_data=0.10293  L_phys=0.00001  L_ic=0.10333  L_total=0.23303  L_val=0.08344  patience=0/30  (0.0s)
  [PINN (ext. phy.)] epoch   1000  L_data=0.00301  L_phys=0.00222  L_ic=0.00009  L_total=0.00488  L_val=0.00059  patience=0/30  (8.0s)
  [PINN (ext. phy.)] epoch   2000  L_data=0.00281  L_phys=0.00050  L_ic=0.00015  L_total=0.00340  L_val=0.00025  patience=0/30  (15.9s)
  [PINN (ext. phy.)] epoch   3000  L_data=0.00254  L_phys=0.00024  L_ic=0.00003  L_total=0.00277  L_val=0.00015  patience=1/30  (23.8s)
  [PINN (ext. phy.)] epoch   4000  L_data=0.00248  L_phys=0.00099  L_ic=0.00003  L_total=0.00330  L_val=0.00009  patience=0/30  (30.5s)
  [PINN (ext. phy.)] epoch   5000  L_data=0.00243  L_phys=0.00035  L_ic=0.00001  L_total=0.00272  L_val=0.00006  patience=0/30  (38.4s)
  [PINN (ext. phy.)] epoch   6000  L_data=0.00241  L_phys=0.00059  L_ic=0.00002  L_total=0.00290  L_val=0.00004  patience=0/30  (46.4s)
  [PINN (ext. phy.)] epoch   7000  L_data=0.00239  L_phys=0.00045  L_ic=0.00001  L_total=0.00276  L_val=0.00003  patience=0/30  (54.5s)
  [PINN (ext. phy.)] epoch   8000  L_data=0.00238  L_phys=0.00045  L_ic=0.00004  L_total=0.00279  L_val=0.00003  patience=5/30  (62.5s)
  [PINN (ext. phy.)] epoch   9000  L_data=0.00237  L_phys=0.00045  L_ic=0.00001  L_total=0.00274  L_val=0.00002  patience=2/30  (70.4s)
  [PINN (ext. phy.)] epoch  10000  L_data=0.00236  L_phys=0.00073  L_ic=0.00001  L_total=0.00294  L_val=0.00001  patience=7/30  (77.3s)
  [PINN (ext. phy.)] epoch  11000  L_data=0.00236  L_phys=0.00040  L_ic=0.00001  L_total=0.00268  L_val=0.00001  patience=4/30  (84.8s)
  [PINN (ext. phy.)] epoch  12000  L_data=0.00235  L_phys=0.00068  L_ic=0.00001  L_total=0.00290  L_val=0.00001  patience=0/30  (92.7s)
  [PINN (ext. phy.)] epoch  13000  L_data=0.00235  L_phys=0.00004  L_ic=0.00000  L_total=0.00239  L_val=0.00001  patience=10/30  (100.6s)
  [PINN (ext. phy.)] epoch  14000  L_data=0.00235  L_phys=0.00005  L_ic=0.00000  L_total=0.00240  L_val=0.00001  patience=20/30  (108.5s)
  [PINN (ext. phy.)] epoch  15000  L_data=0.00235  L_phys=0.00004  L_ic=0.00001  L_total=0.00239  L_val=0.00001  patience=30/30  (116.4s)

  [PINN (ext. phy.)] Early stopping triggered at epoch 15000. Best val loss: 0.000009
  [PINN (ext. phy.)] early stop after 15000 epochs in 116.4s  (7.76 ms/epoch)  best val loss: 0.000009

======================================================================
Training PINN  (data + physics (only normal region) + IC loss)
======================================================================
  Parameters: 11954
  [PINN (blind)] epoch      1  L_data=0.19513  L_phys=0.00001  L_ic=0.19501  L_total=0.44064  L_val=0.13696  patience=0/30  (0.0s)
  [PINN (blind)] epoch   1000  L_data=0.00320  L_phys=0.00157  L_ic=0.00009  L_total=0.00457  L_val=0.00078  patience=0/30  (7.5s)
  [PINN (blind)] epoch   2000  L_data=0.00278  L_phys=0.00131  L_ic=0.00005  L_total=0.00388  L_val=0.00037  patience=0/30  (14.5s)
  [PINN (blind)] epoch   3000  L_data=0.00263  L_phys=0.00045  L_ic=0.00015  L_total=0.00317  L_val=0.00022  patience=1/30  (22.4s)
  [PINN (blind)] epoch   4000  L_data=0.00251  L_phys=0.00011  L_ic=0.00002  L_total=0.00263  L_val=0.00013  patience=1/30  (30.3s)
  [PINN (blind)] epoch   5000  L_data=0.00248  L_phys=0.00016  L_ic=0.00011  L_total=0.00275  L_val=0.00008  patience=2/30  (38.3s)
  [PINN (blind)] epoch   6000  L_data=0.00245  L_phys=0.00009  L_ic=0.00006  L_total=0.00260  L_val=0.00007  patience=1/30  (46.2s)
  [PINN (blind)] epoch   7000  L_data=0.00240  L_phys=0.00043  L_ic=0.00002  L_total=0.00277  L_val=0.00004  patience=2/30  (53.9s)
  [PINN (blind)] epoch   8000  L_data=0.00239  L_phys=0.00020  L_ic=0.00002  L_total=0.00256  L_val=0.00003  patience=2/30  (60.6s)
  [PINN (blind)] epoch   9000  L_data=0.00238  L_phys=0.00006  L_ic=0.00001  L_total=0.00244  L_val=0.00002  patience=0/30  (68.5s)
  [PINN (blind)] epoch  10000  L_data=0.00237  L_phys=0.00004  L_ic=0.00001  L_total=0.00241  L_val=0.00002  patience=7/30  (76.4s)
  [PINN (blind)] epoch  11000  L_data=0.00236  L_phys=0.00008  L_ic=0.00002  L_total=0.00245  L_val=0.00002  patience=5/30  (84.4s)
  [PINN (blind)] epoch  12000  L_data=0.00236  L_phys=0.00030  L_ic=0.00001  L_total=0.00261  L_val=0.00001  patience=0/30  (92.4s)
  [PINN (blind)] epoch  13000  L_data=0.00236  L_phys=0.00029  L_ic=0.00001  L_total=0.00260  L_val=0.00001  patience=10/30  (100.2s)
  [PINN (blind)] epoch  14000  L_data=0.00236  L_phys=0.00004  L_ic=0.00001  L_total=0.00240  L_val=0.00001  patience=20/30  (105.1s)
  [PINN (blind)] epoch  15000  L_data=0.00235  L_phys=0.00062  L_ic=0.00001  L_total=0.00286  L_val=0.00001  patience=30/30  (112.6s)

  [PINN (blind)] Early stopping triggered at epoch 15000. Best val loss: 0.000009
  [PINN (blind)] early stop after 15000 epochs in 112.6s  (7.50 ms/epoch)  best val loss: 0.000009

======================================================================
RESULTS SUMMARY  (best-val checkpoint)
======================================================================
  Metric                                 PINN (extended physics) PINN (blind)
  RMSE  (training interval)                    0.0030      0.0030
  RMSE  (extrapolation)                        0.0079      0.0114
  Physics Residual                             0.0123      0.0136
  True nu                                     0.0400
  nu_hat                                      0.0571     0.0572
  --------------------------------------------------------------
Viscosity: 4.0e-02, Nu Hat (blind): 0.0572, Nu Hat (ext phys): 0.0571
Loading precomputed analytic solution snapshots from ./AnalyticBurger/Gaussian_5.0e-02_analytic_solution.npz...

Generating observation data for the Gaussian initial condition...

======================================================================
Training PINN  (data + physics (normal + extrapolated) + IC loss)
======================================================================
  Parameters: 11954
  [PINN (ext. phy.)] epoch      1  L_data=0.10167  L_phys=0.00001  L_ic=0.10333  L_total=0.23177  L_val=0.08239  patience=0/30  (0.0s)
  [PINN (ext. phy.)] epoch   1000  L_data=0.00290  L_phys=0.00214  L_ic=0.00010  L_total=0.00473  L_val=0.00048  patience=0/30  (8.0s)
  [PINN (ext. phy.)] epoch   2000  L_data=0.00269  L_phys=0.00046  L_ic=0.00011  L_total=0.00320  L_val=0.00021  patience=0/30  (16.0s)
  [PINN (ext. phy.)] epoch   3000  L_data=0.00250  L_phys=0.00020  L_ic=0.00003  L_total=0.00270  L_val=0.00011  patience=1/30  (24.0s)
  [PINN (ext. phy.)] epoch   4000  L_data=0.00245  L_phys=0.00096  L_ic=0.00003  L_total=0.00324  L_val=0.00007  patience=0/30  (32.0s)
  [PINN (ext. phy.)] epoch   5000  L_data=0.00241  L_phys=0.00032  L_ic=0.00001  L_total=0.00267  L_val=0.00004  patience=0/30  (38.5s)
  [PINN (ext. phy.)] epoch   6000  L_data=0.00239  L_phys=0.00056  L_ic=0.00003  L_total=0.00287  L_val=0.00003  patience=0/30  (46.4s)
  [PINN (ext. phy.)] epoch   7000  L_data=0.00237  L_phys=0.00043  L_ic=0.00001  L_total=0.00272  L_val=0.00002  patience=0/30  (54.4s)
  [PINN (ext. phy.)] epoch   8000  L_data=0.00237  L_phys=0.00045  L_ic=0.00005  L_total=0.00279  L_val=0.00002  patience=5/30  (62.3s)
  [PINN (ext. phy.)] epoch   9000  L_data=0.00236  L_phys=0.00044  L_ic=0.00001  L_total=0.00272  L_val=0.00001  patience=0/30  (70.1s)
  [PINN (ext. phy.)] epoch  10000  L_data=0.00235  L_phys=0.00071  L_ic=0.00001  L_total=0.00292  L_val=0.00001  patience=10/30  (78.1s)
  [PINN (ext. phy.)] epoch  11000  L_data=0.00235  L_phys=0.00038  L_ic=0.00001  L_total=0.00267  L_val=0.00001  patience=4/30  (84.6s)
  [PINN (ext. phy.)] epoch  12000  L_data=0.00235  L_phys=0.00067  L_ic=0.00001  L_total=0.00289  L_val=0.00001  patience=9/30  (92.6s)
  [PINN (ext. phy.)] epoch  13000  L_data=0.00235  L_phys=0.00003  L_ic=0.00000  L_total=0.00238  L_val=0.00001  patience=19/30  (100.7s)
  [PINN (ext. phy.)] epoch  14000  L_data=0.00235  L_phys=0.00004  L_ic=0.00001  L_total=0.00239  L_val=0.00001  patience=29/30  (108.8s)

  [PINN (ext. phy.)] Early stopping triggered at epoch 14100. Best val loss: 0.000008
  [PINN (ext. phy.)] early stop after 14100 epochs in 109.6s  (7.77 ms/epoch)  best val loss: 0.000008

======================================================================
Training PINN  (data + physics (only normal region) + IC loss)
======================================================================
  Parameters: 11954
  [PINN (blind)] epoch      1  L_data=0.10842  L_phys=0.00001  L_ic=0.10844  L_total=0.24495  L_val=0.08577  patience=0/30  (0.0s)
  [PINN (blind)] epoch   1000  L_data=0.00304  L_phys=0.00122  L_ic=0.00012  L_total=0.00416  L_val=0.00067  patience=0/30  (8.0s)
  [PINN (blind)] epoch   2000  L_data=0.00270  L_phys=0.00040  L_ic=0.00003  L_total=0.00306  L_val=0.00029  patience=0/30  (16.1s)
  [PINN (blind)] epoch   3000  L_data=0.00253  L_phys=0.00042  L_ic=0.00008  L_total=0.00297  L_val=0.00019  patience=1/30  (22.6s)
  [PINN (blind)] epoch   4000  L_data=0.00246  L_phys=0.00026  L_ic=0.00002  L_total=0.00270  L_val=0.00007  patience=0/30  (30.6s)
  [PINN (blind)] epoch   5000  L_data=0.00242  L_phys=0.00009  L_ic=0.00002  L_total=0.00251  L_val=0.00004  patience=0/30  (38.6s)
  [PINN (blind)] epoch   6000  L_data=0.00242  L_phys=0.00006  L_ic=0.00008  L_total=0.00257  L_val=0.00004  patience=3/30  (46.6s)
  [PINN (blind)] epoch   7000  L_data=0.00239  L_phys=0.00008  L_ic=0.00001  L_total=0.00247  L_val=0.00002  patience=3/30  (54.6s)
  [PINN (blind)] epoch   8000  L_data=0.00237  L_phys=0.00013  L_ic=0.00002  L_total=0.00249  L_val=0.00001  patience=0/30  (62.6s)
  [PINN (blind)] epoch   9000  L_data=0.00237  L_phys=0.00006  L_ic=0.00001  L_total=0.00243  L_val=0.00002  patience=3/30  (69.2s)
  [PINN (blind)] epoch  10000  L_data=0.00236  L_phys=0.00058  L_ic=0.00001  L_total=0.00283  L_val=0.00001  patience=5/30  (77.1s)
  [PINN (blind)] epoch  11000  L_data=0.00236  L_phys=0.00017  L_ic=0.00001  L_total=0.00250  L_val=0.00001  patience=5/30  (85.0s)
  [PINN (blind)] epoch  12000  L_data=0.00236  L_phys=0.00009  L_ic=0.00004  L_total=0.00249  L_val=0.00002  patience=15/30  (92.8s)
  [PINN (blind)] epoch  13000  L_data=0.00235  L_phys=0.00004  L_ic=0.00001  L_total=0.00239  L_val=0.00001  patience=25/30  (100.7s)

  [PINN (blind)] Early stopping triggered at epoch 13500. Best val loss: 0.000006
  [PINN (blind)] early stop after 13500 epochs in 104.7s  (7.75 ms/epoch)  best val loss: 0.000006

======================================================================
RESULTS SUMMARY  (best-val checkpoint)
======================================================================
  Metric                                 PINN (extended physics) PINN (blind)
  RMSE  (training interval)                    0.0028      0.0025
  RMSE  (extrapolation)                        0.0056      0.0100
  Physics Residual                             0.0093      0.0136
  True nu                                     0.0500
  nu_hat                                      0.0636     0.0647
  --------------------------------------------------------------
Viscosity: 5.0e-02, Nu Hat (blind): 0.0647, Nu Hat (ext phys): 0.0636
Loading precomputed analytic solution snapshots from ./AnalyticBurger/Gaussian_6.0e-02_analytic_solution.npz...

Generating observation data for the Gaussian initial condition...

======================================================================
Training PINN  (data + physics (normal + extrapolated) + IC loss)
======================================================================
  Parameters: 11954
  [PINN (ext. phy.)] epoch      1  L_data=0.10048  L_phys=0.00001  L_ic=0.10333  L_total=0.23058  L_val=0.08138  patience=0/30  (0.0s)
  [PINN (ext. phy.)] epoch   1000  L_data=0.00282  L_phys=0.00210  L_ic=0.00012  L_total=0.00464  L_val=0.00042  patience=1/30  (7.3s)
  [PINN (ext. phy.)] epoch   2000  L_data=0.00257  L_phys=0.00041  L_ic=0.00008  L_total=0.00300  L_val=0.00020  patience=1/30  (12.5s)
  [PINN (ext. phy.)] epoch   3000  L_data=0.00247  L_phys=0.00016  L_ic=0.00003  L_total=0.00264  L_val=0.00009  patience=1/30  (20.4s)
  [PINN (ext. phy.)] epoch   4000  L_data=0.00242  L_phys=0.00092  L_ic=0.00003  L_total=0.00319  L_val=0.00005  patience=0/30  (28.3s)
  [PINN (ext. phy.)] epoch   5000  L_data=0.00240  L_phys=0.00030  L_ic=0.00001  L_total=0.00264  L_val=0.00003  patience=0/30  (36.1s)
  [PINN (ext. phy.)] epoch   6000  L_data=0.00238  L_phys=0.00054  L_ic=0.00003  L_total=0.00285  L_val=0.00002  patience=0/30  (44.0s)
  [PINN (ext. phy.)] epoch   7000  L_data=0.00237  L_phys=0.00043  L_ic=0.00001  L_total=0.00272  L_val=0.00001  patience=7/30  (51.9s)
  [PINN (ext. phy.)] epoch   8000  L_data=0.00237  L_phys=0.00043  L_ic=0.00005  L_total=0.00277  L_val=0.00002  patience=3/30  (58.4s)
  [PINN (ext. phy.)] epoch   9000  L_data=0.00236  L_phys=0.00045  L_ic=0.00001  L_total=0.00273  L_val=0.00001  patience=13/30  (66.3s)
  [PINN (ext. phy.)] epoch  10000  L_data=0.00235  L_phys=0.00070  L_ic=0.00001  L_total=0.00292  L_val=0.00001  patience=5/30  (74.2s)
  [PINN (ext. phy.)] epoch  11000  L_data=0.00236  L_phys=0.00039  L_ic=0.00001  L_total=0.00267  L_val=0.00001  patience=15/30  (82.1s)
  [PINN (ext. phy.)] epoch  12000  L_data=0.00235  L_phys=0.00067  L_ic=0.00000  L_total=0.00289  L_val=0.00001  patience=25/30  (90.2s)

  [PINN (ext. phy.)] Early stopping triggered at epoch 12500. Best val loss: 0.000008
  [PINN (ext. phy.)] early stop after 12500 epochs in 94.1s  (7.53 ms/epoch)  best val loss: 0.000008

======================================================================
Training PINN  (data + physics (only normal region) + IC loss)
======================================================================
  Parameters: 11954
  [PINN (blind)] epoch      1  L_data=0.09536  L_phys=0.00000  L_ic=0.09803  L_total=0.21877  L_val=0.08081  patience=0/30  (0.0s)
  [PINN (blind)] epoch   1000  L_data=0.00297  L_phys=0.00110  L_ic=0.00007  L_total=0.00394  L_val=0.00051  patience=0/30  (7.8s)
  [PINN (blind)] epoch   2000  L_data=0.00259  L_phys=0.00036  L_ic=0.00010  L_total=0.00300  L_val=0.00023  patience=0/30  (14.5s)
  [PINN (blind)] epoch   3000  L_data=0.00247  L_phys=0.00016  L_ic=0.00010  L_total=0.00273  L_val=0.00010  patience=0/30  (22.4s)
  [PINN (blind)] epoch   4000  L_data=0.00243  L_phys=0.00020  L_ic=0.00007  L_total=0.00268  L_val=0.00006  patience=0/30  (30.4s)
  [PINN (blind)] epoch   5000  L_data=0.00240  L_phys=0.00026  L_ic=0.00003  L_total=0.00264  L_val=0.00004  patience=1/30  (38.3s)
  [PINN (blind)] epoch   6000  L_data=0.00239  L_phys=0.00005  L_ic=0.00003  L_total=0.00246  L_val=0.00002  patience=0/30  (46.2s)
  [PINN (blind)] epoch   7000  L_data=0.00238  L_phys=0.00005  L_ic=0.00002  L_total=0.00245  L_val=0.00001  patience=0/30  (53.9s)
  [PINN (blind)] epoch   8000  L_data=0.00237  L_phys=0.00021  L_ic=0.00002  L_total=0.00256  L_val=0.00002  patience=8/30  (60.7s)
  [PINN (blind)] epoch   9000  L_data=0.00238  L_phys=0.00062  L_ic=0.00003  L_total=0.00291  L_val=0.00002  patience=18/30  (68.6s)
  [PINN (blind)] epoch  10000  L_data=0.00237  L_phys=0.00003  L_ic=0.00001  L_total=0.00240  L_val=0.00001  patience=3/30  (76.4s)
  [PINN (blind)] epoch  11000  L_data=0.00236  L_phys=0.00004  L_ic=0.00004  L_total=0.00244  L_val=0.00001  patience=13/30  (84.3s)
  [PINN (blind)] epoch  12000  L_data=0.00237  L_phys=0.00013  L_ic=0.00002  L_total=0.00249  L_val=0.00001  patience=23/30  (92.2s)

  [PINN (blind)] Early stopping triggered at epoch 12700. Best val loss: 0.000006
  [PINN (blind)] early stop after 12700 epochs in 97.7s  (7.70 ms/epoch)  best val loss: 0.000006

======================================================================
RESULTS SUMMARY  (best-val checkpoint)
======================================================================
  Metric                                 PINN (extended physics) PINN (blind)
  RMSE  (training interval)                    0.0028      0.0025
  RMSE  (extrapolation)                        0.0044      0.0062
  Physics Residual                             0.0081      0.0090
  True nu                                     0.0600
  nu_hat                                      0.0725     0.0707
  --------------------------------------------------------------
Viscosity: 6.0e-02, Nu Hat (blind): 0.0707, Nu Hat (ext phys): 0.0725
Loading precomputed analytic solution snapshots from ./AnalyticBurger/Gaussian_7.0e-02_analytic_solution.npz...

Generating observation data for the Gaussian initial condition...

======================================================================
Training PINN  (data + physics (normal + extrapolated) + IC loss)
======================================================================
  Parameters: 11954
  [PINN (ext. phy.)] epoch      1  L_data=0.09935  L_phys=0.00001  L_ic=0.10333  L_total=0.22945  L_val=0.08041  patience=0/30  (0.0s)
  [PINN (ext. phy.)] epoch   1000  L_data=0.00303  L_phys=0.00209  L_ic=0.00050  L_total=0.00533  L_val=0.00068  patience=1/30  (6.7s)
  [PINN (ext. phy.)] epoch   2000  L_data=0.00253  L_phys=0.00039  L_ic=0.00007  L_total=0.00293  L_val=0.00017  patience=1/30  (14.6s)
  [PINN (ext. phy.)] epoch   3000  L_data=0.00245  L_phys=0.00013  L_ic=0.00003  L_total=0.00259  L_val=0.00007  patience=1/30  (22.5s)
  [PINN (ext. phy.)] epoch   4000  L_data=0.00240  L_phys=0.00089  L_ic=0.00003  L_total=0.00315  L_val=0.00004  patience=0/30  (30.4s)
  [PINN (ext. phy.)] epoch   5000  L_data=0.00238  L_phys=0.00028  L_ic=0.00001  L_total=0.00262  L_val=0.00002  patience=6/30  (38.3s)
  [PINN (ext. phy.)] epoch   6000  L_data=0.00238  L_phys=0.00053  L_ic=0.00003  L_total=0.00284  L_val=0.00002  patience=0/30  (46.0s)
  [PINN (ext. phy.)] epoch   7000  L_data=0.00236  L_phys=0.00043  L_ic=0.00001  L_total=0.00271  L_val=0.00001  patience=7/30  (51.2s)
  [PINN (ext. phy.)] epoch   8000  L_data=0.00236  L_phys=0.00042  L_ic=0.00005  L_total=0.00276  L_val=0.00001  patience=3/30  (58.6s)
  [PINN (ext. phy.)] epoch   9000  L_data=0.00236  L_phys=0.00045  L_ic=0.00001  L_total=0.00273  L_val=0.00001  patience=13/30  (66.5s)
  [PINN (ext. phy.)] epoch  10000  L_data=0.00235  L_phys=0.00069  L_ic=0.00001  L_total=0.00291  L_val=0.00001  patience=23/30  (74.4s)

  [PINN (ext. phy.)] Early stopping triggered at epoch 10700. Best val loss: 0.000008
  [PINN (ext. phy.)] early stop after 10700 epochs in 79.9s  (7.46 ms/epoch)  best val loss: 0.000008

======================================================================
Training PINN  (data + physics (only normal region) + IC loss)
======================================================================
  Parameters: 11954
  [PINN (blind)] epoch      1  L_data=0.14288  L_phys=0.00012  L_ic=0.15298  L_total=0.33556  L_val=0.10322  patience=0/30  (0.0s)
  [PINN (blind)] epoch   1000  L_data=0.00286  L_phys=0.00045  L_ic=0.00013  L_total=0.00338  L_val=0.00053  patience=0/30  (7.9s)
  [PINN (blind)] epoch   2000  L_data=0.00256  L_phys=0.00028  L_ic=0.00012  L_total=0.00293  L_val=0.00016  patience=0/30  (15.7s)
  [PINN (blind)] epoch   3000  L_data=0.00254  L_phys=0.00026  L_ic=0.00012  L_total=0.00290  L_val=0.00010  patience=1/30  (22.4s)
  [PINN (blind)] epoch   4000  L_data=0.00243  L_phys=0.00011  L_ic=0.00002  L_total=0.00254  L_val=0.00005  patience=1/30  (30.3s)
  [PINN (blind)] epoch   5000  L_data=0.00240  L_phys=0.00005  L_ic=0.00002  L_total=0.00247  L_val=0.00003  patience=2/30  (38.3s)
  [PINN (blind)] epoch   6000  L_data=0.00237  L_phys=0.00027  L_ic=0.00001  L_total=0.00260  L_val=0.00001  patience=0/30  (46.2s)
  [PINN (blind)] epoch   7000  L_data=0.00237  L_phys=0.00005  L_ic=0.00002  L_total=0.00244  L_val=0.00001  patience=3/30  (54.1s)
  [PINN (blind)] epoch   8000  L_data=0.00237  L_phys=0.00015  L_ic=0.00001  L_total=0.00250  L_val=0.00001  patience=5/30  (62.0s)
  [PINN (blind)] epoch   9000  L_data=0.00236  L_phys=0.00043  L_ic=0.00001  L_total=0.00271  L_val=0.00001  patience=15/30  (68.4s)
  [PINN (blind)] epoch  10000  L_data=0.00236  L_phys=0.00004  L_ic=0.00001  L_total=0.00240  L_val=0.00001  patience=8/30  (76.5s)
  [PINN (blind)] epoch  11000  L_data=0.00236  L_phys=0.00002  L_ic=0.00001  L_total=0.00238  L_val=0.00001  patience=18/30  (84.5s)
  [PINN (blind)] epoch  12000  L_data=0.00236  L_phys=0.00046  L_ic=0.00002  L_total=0.00275  L_val=0.00001  patience=28/30  (92.5s)

  [PINN (blind)] Early stopping triggered at epoch 12200. Best val loss: 0.000004
  [PINN (blind)] early stop after 12200 epochs in 94.1s  (7.71 ms/epoch)  best val loss: 0.000004

======================================================================
RESULTS SUMMARY  (best-val checkpoint)
======================================================================
  Metric                                 PINN (extended physics) PINN (blind)
  RMSE  (training interval)                    0.0028      0.0021
  RMSE  (extrapolation)                        0.0047      0.0060
  Physics Residual                             0.0079      0.0074
  True nu                                     0.0700
  nu_hat                                      0.0849     0.0788
  --------------------------------------------------------------
Viscosity: 7.0e-02, Nu Hat (blind): 0.0788, Nu Hat (ext phys): 0.0849
Loading precomputed analytic solution snapshots from ./AnalyticBurger/Gaussian_8.0e-02_analytic_solution.npz...

Generating observation data for the Gaussian initial condition...

======================================================================
Training PINN  (data + physics (normal + extrapolated) + IC loss)
======================================================================
  Parameters: 11954
  [PINN (ext. phy.)] epoch      1  L_data=0.09828  L_phys=0.00001  L_ic=0.10333  L_total=0.22838  L_val=0.07948  patience=0/30  (0.0s)
  [PINN (ext. phy.)] epoch   1000  L_data=0.00269  L_phys=0.00198  L_ic=0.00017  L_total=0.00448  L_val=0.00033  patience=1/30  (8.0s)
  [PINN (ext. phy.)] epoch   2000  L_data=0.00258  L_phys=0.00039  L_ic=0.00012  L_total=0.00305  L_val=0.00010  patience=0/30  (15.4s)
  [PINN (ext. phy.)] epoch   3000  L_data=0.00244  L_phys=0.00011  L_ic=0.00003  L_total=0.00257  L_val=0.00005  patience=0/30  (22.4s)
  [PINN (ext. phy.)] epoch   4000  L_data=0.00239  L_phys=0.00088  L_ic=0.00003  L_total=0.00313  L_val=0.00003  patience=0/30  (30.3s)
  [PINN (ext. phy.)] epoch   5000  L_data=0.00238  L_phys=0.00027  L_ic=0.00001  L_total=0.00261  L_val=0.00002  patience=6/30  (38.3s)
  [PINN (ext. phy.)] epoch   6000  L_data=0.00238  L_phys=0.00051  L_ic=0.00003  L_total=0.00282  L_val=0.00001  patience=0/30  (46.3s)
  [PINN (ext. phy.)] epoch   7000  L_data=0.00236  L_phys=0.00043  L_ic=0.00001  L_total=0.00271  L_val=0.00001  patience=7/30  (54.4s)
  [PINN (ext. phy.)] epoch   8000  L_data=0.00236  L_phys=0.00041  L_ic=0.00005  L_total=0.00275  L_val=0.00001  patience=17/30  (62.2s)
  [PINN (ext. phy.)] epoch   9000  L_data=0.00236  L_phys=0.00045  L_ic=0.00001  L_total=0.00272  L_val=0.00001  patience=27/30  (69.0s)

  [PINN (ext. phy.)] Early stopping triggered at epoch 9300. Best val loss: 0.000007
  [PINN (ext. phy.)] early stop after 9300 epochs in 71.4s  (7.67 ms/epoch)  best val loss: 0.000007

======================================================================
Training PINN  (data + physics (only normal region) + IC loss)
======================================================================
  Parameters: 11954
  [PINN (blind)] epoch      1  L_data=0.09740  L_phys=0.00005  L_ic=0.10369  L_total=0.22798  L_val=0.08059  patience=0/30  (0.0s)
  [PINN (blind)] epoch   1000  L_data=0.00283  L_phys=0.00200  L_ic=0.00015  L_total=0.00461  L_val=0.00046  patience=1/30  (8.0s)
  [PINN (blind)] epoch   2000  L_data=0.00254  L_phys=0.00037  L_ic=0.00006  L_total=0.00291  L_val=0.00015  patience=0/30  (16.0s)
  [PINN (blind)] epoch   3000  L_data=0.00251  L_phys=0.00034  L_ic=0.00009  L_total=0.00289  L_val=0.00009  patience=1/30  (23.8s)
  [PINN (blind)] epoch   4000  L_data=0.00241  L_phys=0.00033  L_ic=0.00004  L_total=0.00272  L_val=0.00003  patience=2/30  (31.7s)
  [PINN (blind)] epoch   5000  L_data=0.00238  L_phys=0.00020  L_ic=0.00006  L_total=0.00262  L_val=0.00004  patience=3/30  (38.8s)
  [PINN (blind)] epoch   6000  L_data=0.00237  L_phys=0.00009  L_ic=0.00001  L_total=0.00246  L_val=0.00001  patience=2/30  (44.4s)
  [PINN (blind)] epoch   7000  L_data=0.00237  L_phys=0.00017  L_ic=0.00001  L_total=0.00252  L_val=0.00001  patience=2/30  (52.3s)
  [PINN (blind)] epoch   8000  L_data=0.00237  L_phys=0.00050  L_ic=0.00002  L_total=0.00279  L_val=0.00001  patience=12/30  (60.1s)
  [PINN (blind)] epoch   9000  L_data=0.00237  L_phys=0.00020  L_ic=0.00003  L_total=0.00256  L_val=0.00002  patience=22/30  (68.0s)
  [PINN (blind)] epoch  10000  L_data=0.00236  L_phys=0.00051  L_ic=0.00002  L_total=0.00279  L_val=0.00001  patience=4/30  (75.9s)
  [PINN (blind)] epoch  11000  L_data=0.00236  L_phys=0.00003  L_ic=0.00002  L_total=0.00240  L_val=0.00002  patience=14/30  (83.8s)
  [PINN (blind)] epoch  12000  L_data=0.00236  L_phys=0.00002  L_ic=0.00002  L_total=0.00241  L_val=0.00001  patience=24/30  (90.4s)

  [PINN (blind)] Early stopping triggered at epoch 12600. Best val loss: 0.000007
  [PINN (blind)] early stop after 12600 epochs in 95.0s  (7.54 ms/epoch)  best val loss: 0.000007

======================================================================
RESULTS SUMMARY  (best-val checkpoint)
======================================================================
  Metric                                 PINN (extended physics) PINN (blind)
  RMSE  (training interval)                    0.0027      0.0026
  RMSE  (extrapolation)                        0.0049      0.0059
  Physics Residual                             0.0078      0.0089
  True nu                                     0.0800
  nu_hat                                      0.0970     0.0839
  --------------------------------------------------------------
Viscosity: 8.0e-02, Nu Hat (blind): 0.0839, Nu Hat (ext phys): 0.0970
Loading precomputed analytic solution snapshots from ./AnalyticBurger/Gaussian_9.0e-02_analytic_solution.npz...

Generating observation data for the Gaussian initial condition...

======================================================================
Training PINN  (data + physics (normal + extrapolated) + IC loss)
======================================================================
  Parameters: 11954
  [PINN (ext. phy.)] epoch      1  L_data=0.09726  L_phys=0.00001  L_ic=0.10333  L_total=0.22735  L_val=0.07857  patience=0/30  (0.0s)
  [PINN (ext. phy.)] epoch   1000  L_data=0.00264  L_phys=0.00194  L_ic=0.00017  L_total=0.00440  L_val=0.00033  patience=1/30  (7.9s)
  [PINN (ext. phy.)] epoch   2000  L_data=0.00251  L_phys=0.00036  L_ic=0.00008  L_total=0.00291  L_val=0.00009  patience=0/30  (15.8s)
  [PINN (ext. phy.)] epoch   3000  L_data=0.00246  L_phys=0.00010  L_ic=0.00006  L_total=0.00261  L_val=0.00006  patience=4/30  (23.7s)
  [PINN (ext. phy.)] epoch   4000  L_data=0.00238  L_phys=0.00087  L_ic=0.00003  L_total=0.00311  L_val=0.00002  patience=6/30  (31.6s)
  [PINN (ext. phy.)] epoch   5000  L_data=0.00237  L_phys=0.00026  L_ic=0.00001  L_total=0.00260  L_val=0.00002  patience=6/30  (38.1s)
  [PINN (ext. phy.)] epoch   6000  L_data=0.00237  L_phys=0.00051  L_ic=0.00003  L_total=0.00281  L_val=0.00001  patience=16/30  (46.1s)
  [PINN (ext. phy.)] epoch   7000  L_data=0.00236  L_phys=0.00044  L_ic=0.00001  L_total=0.00271  L_val=0.00001  patience=7/30  (54.1s)
  [PINN (ext. phy.)] epoch   8000  L_data=0.00236  L_phys=0.00040  L_ic=0.00004  L_total=0.00273  L_val=0.00001  patience=17/30  (62.2s)
  [PINN (ext. phy.)] epoch   9000  L_data=0.00236  L_phys=0.00044  L_ic=0.00001  L_total=0.00272  L_val=0.00001  patience=27/30  (70.2s)

  [PINN (ext. phy.)] Early stopping triggered at epoch 9300. Best val loss: 0.000006
  [PINN (ext. phy.)] early stop after 9300 epochs in 72.5s  (7.80 ms/epoch)  best val loss: 0.000006

======================================================================
Training PINN  (data + physics (only normal region) + IC loss)
======================================================================
  Parameters: 11954
  [PINN (blind)] epoch      1  L_data=0.09638  L_phys=0.00005  L_ic=0.10369  L_total=0.22696  L_val=0.07969  patience=0/30  (0.0s)
  [PINN (blind)] epoch   1000  L_data=0.00275  L_phys=0.00195  L_ic=0.00014  L_total=0.00447  L_val=0.00043  patience=1/30  (7.9s)
  [PINN (blind)] epoch   2000  L_data=0.00252  L_phys=0.00034  L_ic=0.00006  L_total=0.00287  L_val=0.00012  patience=1/30  (14.4s)
  [PINN (blind)] epoch   3000  L_data=0.00244  L_phys=0.00031  L_ic=0.00006  L_total=0.00276  L_val=0.00005  patience=0/30  (22.3s)
  [PINN (blind)] epoch   4000  L_data=0.00240  L_phys=0.00031  L_ic=0.00004  L_total=0.00270  L_val=0.00003  patience=2/30  (30.2s)
  [PINN (blind)] epoch   5000  L_data=0.00238  L_phys=0.00020  L_ic=0.00007  L_total=0.00262  L_val=0.00005  patience=7/30  (38.1s)
  [PINN (blind)] epoch   6000  L_data=0.00237  L_phys=0.00009  L_ic=0.00001  L_total=0.00245  L_val=0.00001  patience=2/30  (46.1s)
  [PINN (blind)] epoch   7000  L_data=0.00237  L_phys=0.00017  L_ic=0.00001  L_total=0.00252  L_val=0.00001  patience=2/30  (54.0s)
  [PINN (blind)] epoch   8000  L_data=0.00237  L_phys=0.00048  L_ic=0.00002  L_total=0.00278  L_val=0.00001  patience=12/30  (60.6s)
  [PINN (blind)] epoch   9000  L_data=0.00237  L_phys=0.00020  L_ic=0.00004  L_total=0.00257  L_val=0.00002  patience=22/30  (68.5s)

  [PINN (blind)] Early stopping triggered at epoch 9800. Best val loss: 0.000007
  [PINN (blind)] early stop after 9800 epochs in 74.8s  (7.64 ms/epoch)  best val loss: 0.000007

======================================================================
RESULTS SUMMARY  (best-val checkpoint)
======================================================================
  Metric                                 PINN (extended physics) PINN (blind)
  RMSE  (training interval)                    0.0025      0.0026
  RMSE  (extrapolation)                        0.0034      0.0075
  Physics Residual                             0.0066      0.0096
  True nu                                     0.0900
  nu_hat                                      0.1025     0.0996
  --------------------------------------------------------------
Viscosity: 9.0e-02, Nu Hat (blind): 0.0996, Nu Hat (ext phys): 0.1025
Loading precomputed analytic solution snapshots from ./AnalyticBurger/Gaussian_2.0e+00_analytic_solution.npz...

Generating observation data for the Gaussian initial condition...

======================================================================
Training PINN  (data + physics (normal + extrapolated) + IC loss)
======================================================================
  Parameters: 11954
  [PINN (ext. phy.)] epoch      1  L_data=0.04341  L_phys=0.00001  L_ic=0.10333  L_total=0.17351  L_val=0.02874  patience=0/30  (0.0s)
  [PINN (ext. phy.)] epoch   1000  L_data=0.00388  L_phys=0.00478  L_ic=0.00040  L_total=0.00818  L_val=0.00154  patience=1/30  (7.9s)
  [PINN (ext. phy.)] epoch   2000  L_data=0.00326  L_phys=0.00083  L_ic=0.00047  L_total=0.00452  L_val=0.00085  patience=0/30  (15.9s)
  [PINN (ext. phy.)] epoch   3000  L_data=0.00286  L_phys=0.00118  L_ic=0.00029  L_total=0.00416  L_val=0.00049  patience=0/30  (23.9s)
  [PINN (ext. phy.)] epoch   4000  L_data=0.00279  L_phys=0.00095  L_ic=0.00015  L_total=0.00373  L_val=0.00038  patience=0/30  (29.7s)
  [PINN (ext. phy.)] epoch   5000  L_data=0.00266  L_phys=0.00154  L_ic=0.00039  L_total=0.00438  L_val=0.00031  patience=3/30  (36.4s)
  [PINN (ext. phy.)] epoch   6000  L_data=0.00261  L_phys=0.00153  L_ic=0.00016  L_total=0.00402  L_val=0.00022  patience=1/30  (44.4s)
  [PINN (ext. phy.)] epoch   7000  L_data=0.00256  L_phys=0.00199  L_ic=0.00013  L_total=0.00431  L_val=0.00018  patience=2/30  (52.4s)
  [PINN (ext. phy.)] epoch   8000  L_data=0.00253  L_phys=0.00039  L_ic=0.00011  L_total=0.00298  L_val=0.00015  patience=7/30  (60.3s)
  [PINN (ext. phy.)] epoch   9000  L_data=0.00250  L_phys=0.00112  L_ic=0.00011  L_total=0.00353  L_val=0.00012  patience=0/30  (68.1s)
  [PINN (ext. phy.)] epoch  10000  L_data=0.00249  L_phys=0.00061  L_ic=0.00009  L_total=0.00309  L_val=0.00011  patience=1/30  (75.9s)
  [PINN (ext. phy.)] epoch  11000  L_data=0.00247  L_phys=0.00114  L_ic=0.00013  L_total=0.00355  L_val=0.00009  patience=6/30  (82.6s)
  [PINN (ext. phy.)] epoch  12000  L_data=0.00248  L_phys=0.00122  L_ic=0.00008  L_total=0.00355  L_val=0.00009  patience=2/30  (90.5s)
  [PINN (ext. phy.)] epoch  13000  L_data=0.00248  L_phys=0.00016  L_ic=0.00006  L_total=0.00269  L_val=0.00010  patience=1/30  (98.5s)
  [PINN (ext. phy.)] epoch  14000  L_data=0.00246  L_phys=0.00045  L_ic=0.00008  L_total=0.00293  L_val=0.00009  patience=2/30  (106.5s)
  [PINN (ext. phy.)] epoch  15000  L_data=0.00244  L_phys=0.00029  L_ic=0.00009  L_total=0.00279  L_val=0.00007  patience=8/30  (114.3s)
  [PINN (ext. phy.)] epoch  16000  L_data=0.00245  L_phys=0.00032  L_ic=0.00006  L_total=0.00278  L_val=0.00007  patience=18/30  (122.1s)
  [PINN (ext. phy.)] epoch  17000  L_data=0.00245  L_phys=0.00049  L_ic=0.00008  L_total=0.00293  L_val=0.00007  patience=28/30  (128.7s)

  [PINN (ext. phy.)] Early stopping triggered at epoch 17200. Best val loss: 0.000062
  [PINN (ext. phy.)] early stop after 17200 epochs in 130.3s  (7.58 ms/epoch)  best val loss: 0.000062

======================================================================
Training PINN  (data + physics (only normal region) + IC loss)
======================================================================
  Parameters: 11954
  [PINN (blind)] epoch      1  L_data=0.03855  L_phys=0.00001  L_ic=0.09728  L_total=0.16103  L_val=0.03007  patience=0/30  (0.0s)
  [PINN (blind)] epoch   1000  L_data=0.00423  L_phys=0.00175  L_ic=0.00066  L_total=0.00645  L_val=0.00185  patience=1/30  (7.9s)
  [PINN (blind)] epoch   2000  L_data=0.00341  L_phys=0.00116  L_ic=0.00058  L_total=0.00506  L_val=0.00098  patience=0/30  (15.8s)
  [PINN (blind)] epoch   3000  L_data=0.00305  L_phys=0.00081  L_ic=0.00135  L_total=0.00539  L_val=0.00075  patience=4/30  (23.7s)
  [PINN (blind)] epoch   4000  L_data=0.00287  L_phys=0.00115  L_ic=0.00110  L_total=0.00517  L_val=0.00043  patience=0/30  (31.6s)
  [PINN (blind)] epoch   5000  L_data=0.00274  L_phys=0.00036  L_ic=0.00042  L_total=0.00356  L_val=0.00033  patience=2/30  (39.4s)
  [PINN (blind)] epoch   6000  L_data=0.00269  L_phys=0.00031  L_ic=0.00040  L_total=0.00343  L_val=0.00030  patience=3/30  (46.1s)
  [PINN (blind)] epoch   7000  L_data=0.00267  L_phys=0.00031  L_ic=0.00027  L_total=0.00325  L_val=0.00027  patience=3/30  (54.2s)
  [PINN (blind)] epoch   8000  L_data=0.00261  L_phys=0.00051  L_ic=0.00015  L_total=0.00321  L_val=0.00022  patience=13/30  (62.2s)
  [PINN (blind)] epoch   9000  L_data=0.00255  L_phys=0.00019  L_ic=0.00028  L_total=0.00306  L_val=0.00017  patience=4/30  (70.2s)
  [PINN (blind)] epoch  10000  L_data=0.00258  L_phys=0.00104  L_ic=0.00008  L_total=0.00351  L_val=0.00019  patience=9/30  (78.1s)
  [PINN (blind)] epoch  11000  L_data=0.00256  L_phys=0.00168  L_ic=0.00017  L_total=0.00410  L_val=0.00017  patience=4/30  (85.9s)
  [PINN (blind)] epoch  12000  L_data=0.00253  L_phys=0.00017  L_ic=0.00019  L_total=0.00291  L_val=0.00014  patience=1/30  (92.5s)
  [PINN (blind)] epoch  13000  L_data=0.00254  L_phys=0.00182  L_ic=0.00011  L_total=0.00412  L_val=0.00015  patience=8/30  (100.5s)
  [PINN (blind)] epoch  14000  L_data=0.00254  L_phys=0.00018  L_ic=0.00005  L_total=0.00275  L_val=0.00015  patience=18/30  (108.4s)
  [PINN (blind)] epoch  15000  L_data=0.00252  L_phys=0.00094  L_ic=0.00012  L_total=0.00342  L_val=0.00014  patience=28/30  (116.4s)

  [PINN (blind)] Early stopping triggered at epoch 15200. Best val loss: 0.000127
  [PINN (blind)] early stop after 15200 epochs in 117.9s  (7.76 ms/epoch)  best val loss: 0.000127

======================================================================
RESULTS SUMMARY  (best-val checkpoint)
======================================================================
  Metric                                 PINN (extended physics) PINN (blind)
  RMSE  (training interval)                    0.0079      0.0113
  RMSE  (extrapolation)                        0.0084      0.0129
  Physics Residual                             0.0207      0.0288
  True nu                                     2.0000
  nu_hat                                      1.6060     1.5007
  --------------------------------------------------------------
Viscosity: 2.0e+00, Nu Hat (blind): 1.5007, Nu Hat (ext phys): 1.6060
Loading precomputed analytic solution snapshots from ./AnalyticBurger/Gaussian_3.0e+00_analytic_solution.npz...

Generating observation data for the Gaussian initial condition...

======================================================================
Training PINN  (data + physics (normal + extrapolated) + IC loss)
======================================================================
  Parameters: 11954
  [PINN (ext. phy.)] epoch      1  L_data=0.03520  L_phys=0.00001  L_ic=0.10333  L_total=0.16530  L_val=0.02163  patience=0/30  (0.0s)
  [PINN (ext. phy.)] epoch   1000  L_data=0.00485  L_phys=0.00609  L_ic=0.00060  L_total=0.01045  L_val=0.00254  patience=1/30  (7.9s)
  [PINN (ext. phy.)] epoch   2000  L_data=0.00390  L_phys=0.00159  L_ic=0.00058  L_total=0.00590  L_val=0.00159  patience=0/30  (14.5s)
  [PINN (ext. phy.)] epoch   3000  L_data=0.00335  L_phys=0.00173  L_ic=0.00034  L_total=0.00516  L_val=0.00099  patience=0/30  (20.4s)
  [PINN (ext. phy.)] epoch   4000  L_data=0.00329  L_phys=0.00103  L_ic=0.00031  L_total=0.00449  L_val=0.00090  patience=2/30  (28.4s)
  [PINN (ext. phy.)] epoch   5000  L_data=0.00300  L_phys=0.00213  L_ic=0.00045  L_total=0.00525  L_val=0.00066  patience=3/30  (36.4s)
  [PINN (ext. phy.)] epoch   6000  L_data=0.00295  L_phys=0.00210  L_ic=0.00022  L_total=0.00490  L_val=0.00053  patience=3/30  (44.5s)
  [PINN (ext. phy.)] epoch   7000  L_data=0.00278  L_phys=0.00258  L_ic=0.00016  L_total=0.00503  L_val=0.00039  patience=2/30  (52.5s)
  [PINN (ext. phy.)] epoch   8000  L_data=0.00275  L_phys=0.00063  L_ic=0.00015  L_total=0.00344  L_val=0.00036  patience=7/30  (60.3s)
  [PINN (ext. phy.)] epoch   9000  L_data=0.00265  L_phys=0.00117  L_ic=0.00016  L_total=0.00379  L_val=0.00025  patience=7/30  (67.1s)
  [PINN (ext. phy.)] epoch  10000  L_data=0.00265  L_phys=0.00083  L_ic=0.00018  L_total=0.00354  L_val=0.00026  patience=17/30  (75.1s)
  [PINN (ext. phy.)] epoch  11000  L_data=0.00262  L_phys=0.00167  L_ic=0.00015  L_total=0.00414  L_val=0.00022  patience=0/30  (83.1s)
  [PINN (ext. phy.)] epoch  12000  L_data=0.00264  L_phys=0.00136  L_ic=0.00010  L_total=0.00384  L_val=0.00024  patience=10/30  (91.0s)
  [PINN (ext. phy.)] epoch  13000  L_data=0.00263  L_phys=0.00022  L_ic=0.00011  L_total=0.00294  L_val=0.00023  patience=1/30  (99.0s)
  [PINN (ext. phy.)] epoch  14000  L_data=0.00259  L_phys=0.00072  L_ic=0.00009  L_total=0.00328  L_val=0.00020  patience=2/30  (106.9s)
  [PINN (ext. phy.)] epoch  15000  L_data=0.00259  L_phys=0.00039  L_ic=0.00015  L_total=0.00310  L_val=0.00020  patience=9/30  (113.6s)
  [PINN (ext. phy.)] epoch  16000  L_data=0.00259  L_phys=0.00062  L_ic=0.00008  L_total=0.00319  L_val=0.00020  patience=5/30  (121.7s)
  [PINN (ext. phy.)] epoch  17000  L_data=0.00256  L_phys=0.00062  L_ic=0.00014  L_total=0.00322  L_val=0.00017  patience=15/30  (129.7s)
  [PINN (ext. phy.)] epoch  18000  L_data=0.00257  L_phys=0.00061  L_ic=0.00010  L_total=0.00319  L_val=0.00018  patience=4/30  (137.7s)
  [PINN (ext. phy.)] epoch  19000  L_data=0.00256  L_phys=0.00030  L_ic=0.00008  L_total=0.00290  L_val=0.00017  patience=14/30  (145.7s)
  [PINN (ext. phy.)] epoch  20000  L_data=0.00256  L_phys=0.00024  L_ic=0.00008  L_total=0.00285  L_val=0.00017  patience=24/30  (153.6s)

  [PINN (ext. phy.)] Early stopping triggered at epoch 20600. Best val loss: 0.000156
  [PINN (ext. phy.)] early stop after 20600 epochs in 157.3s  (7.63 ms/epoch)  best val loss: 0.000156

======================================================================
Training PINN  (data + physics (only normal region) + IC loss)
======================================================================
  Parameters: 11954
  [PINN (blind)] epoch      1  L_data=0.06725  L_phys=0.00003  L_ic=0.13383  L_total=0.23575  L_val=0.03606  patience=0/30  (0.0s)
  [PINN (blind)] epoch   1000  L_data=0.00512  L_phys=0.00403  L_ic=0.00082  L_total=0.00934  L_val=0.00286  patience=2/30  (7.9s)
  [PINN (blind)] epoch   2000  L_data=0.00419  L_phys=0.00245  L_ic=0.00072  L_total=0.00705  L_val=0.00184  patience=0/30  (16.0s)
  [PINN (blind)] epoch   3000  L_data=0.00381  L_phys=0.00335  L_ic=0.00087  L_total=0.00756  L_val=0.00146  patience=1/30  (23.9s)
  [PINN (blind)] epoch   4000  L_data=0.00336  L_phys=0.00103  L_ic=0.00039  L_total=0.00467  L_val=0.00094  patience=0/30  (31.8s)
  [PINN (blind)] epoch   5000  L_data=0.00306  L_phys=0.00329  L_ic=0.00060  L_total=0.00642  L_val=0.00063  patience=1/30  (39.8s)
  [PINN (blind)] epoch   6000  L_data=0.00297  L_phys=0.00088  L_ic=0.00062  L_total=0.00445  L_val=0.00071  patience=5/30  (46.8s)
  [PINN (blind)] epoch   7000  L_data=0.00294  L_phys=0.00070  L_ic=0.00084  L_total=0.00456  L_val=0.00055  patience=4/30  (54.2s)
  [PINN (blind)] epoch   8000  L_data=0.00289  L_phys=0.00081  L_ic=0.00035  L_total=0.00397  L_val=0.00051  patience=5/30  (62.2s)
  [PINN (blind)] epoch   9000  L_data=0.00283  L_phys=0.00159  L_ic=0.00031  L_total=0.00448  L_val=0.00044  patience=2/30  (70.3s)
  [PINN (blind)] epoch  10000  L_data=0.00283  L_phys=0.00223  L_ic=0.00011  L_total=0.00474  L_val=0.00042  patience=12/30  (78.4s)
  [PINN (blind)] epoch  11000  L_data=0.00284  L_phys=0.00028  L_ic=0.00025  L_total=0.00337  L_val=0.00043  patience=5/30  (86.5s)
  [PINN (blind)] epoch  12000  L_data=0.00277  L_phys=0.00035  L_ic=0.00016  L_total=0.00326  L_val=0.00038  patience=1/30  (93.7s)
  [PINN (blind)] epoch  13000  L_data=0.00278  L_phys=0.00037  L_ic=0.00022  L_total=0.00335  L_val=0.00038  patience=11/30  (99.0s)
  [PINN (blind)] epoch  14000  L_data=0.00280  L_phys=0.00309  L_ic=0.00013  L_total=0.00541  L_val=0.00039  patience=21/30  (107.0s)

  [PINN (blind)] Early stopping triggered at epoch 14900. Best val loss: 0.000322
  [PINN (blind)] early stop after 14900 epochs in 114.2s  (7.67 ms/epoch)  best val loss: 0.000322

======================================================================
RESULTS SUMMARY  (best-val checkpoint)
======================================================================
  Metric                                 PINN (extended physics) PINN (blind)
  RMSE  (training interval)                    0.0125      0.0180
  RMSE  (extrapolation)                        0.0102      0.0163
  Physics Residual                             0.0378      0.0542
  True nu                                     3.0000
  nu_hat                                      2.1587     1.9276
  --------------------------------------------------------------
Viscosity: 3.0e+00, Nu Hat (blind): 1.9276, Nu Hat (ext phys): 2.1587
Loading precomputed analytic solution snapshots from ./AnalyticBurger/Gaussian_4.0e+00_analytic_solution.npz...

Generating observation data for the Gaussian initial condition...

======================================================================
Training PINN  (data + physics (normal + extrapolated) + IC loss)
======================================================================
  Parameters: 11954
  [PINN (ext. phy.)] epoch      1  L_data=0.02986  L_phys=0.00001  L_ic=0.10333  L_total=0.15995  L_val=0.01729  patience=0/30  (0.0s)
  [PINN (ext. phy.)] epoch   1000  L_data=0.00561  L_phys=0.00703  L_ic=0.00082  L_total=0.01223  L_val=0.00333  patience=1/30  (8.0s)
  [PINN (ext. phy.)] epoch   2000  L_data=0.00447  L_phys=0.00212  L_ic=0.00139  L_total=0.00790  L_val=0.00219  patience=0/30  (16.0s)
  [PINN (ext. phy.)] epoch   3000  L_data=0.00385  L_phys=0.00220  L_ic=0.00056  L_total=0.00631  L_val=0.00149  patience=0/30  (23.8s)
  [PINN (ext. phy.)] epoch   4000  L_data=0.00376  L_phys=0.00123  L_ic=0.00041  L_total=0.00525  L_val=0.00134  patience=2/30  (30.6s)
  [PINN (ext. phy.)] epoch   5000  L_data=0.00336  L_phys=0.00282  L_ic=0.00066  L_total=0.00644  L_val=0.00107  patience=3/30  (38.5s)
  [PINN (ext. phy.)] epoch   6000  L_data=0.00333  L_phys=0.00244  L_ic=0.00029  L_total=0.00563  L_val=0.00089  patience=5/30  (46.4s)
  [PINN (ext. phy.)] epoch   7000  L_data=0.00307  L_phys=0.00312  L_ic=0.00027  L_total=0.00588  L_val=0.00069  patience=2/30  (54.4s)
  [PINN (ext. phy.)] epoch   8000  L_data=0.00303  L_phys=0.00096  L_ic=0.00025  L_total=0.00410  L_val=0.00064  patience=7/30  (62.3s)
  [PINN (ext. phy.)] epoch   9000  L_data=0.00288  L_phys=0.00174  L_ic=0.00023  L_total=0.00455  L_val=0.00049  patience=7/30  (70.0s)
  [PINN (ext. phy.)] epoch  10000  L_data=0.00287  L_phys=0.00129  L_ic=0.00027  L_total=0.00424  L_val=0.00050  patience=17/30  (76.7s)
  [PINN (ext. phy.)] epoch  11000  L_data=0.00284  L_phys=0.00226  L_ic=0.00021  L_total=0.00491  L_val=0.00047  patience=5/30  (84.6s)
  [PINN (ext. phy.)] epoch  12000  L_data=0.00286  L_phys=0.00148  L_ic=0.00023  L_total=0.00433  L_val=0.00046  patience=6/30  (92.5s)
  [PINN (ext. phy.)] epoch  13000  L_data=0.00283  L_phys=0.00035  L_ic=0.00017  L_total=0.00331  L_val=0.00044  patience=1/30  (100.4s)
  [PINN (ext. phy.)] epoch  14000  L_data=0.00279  L_phys=0.00092  L_ic=0.00015  L_total=0.00372  L_val=0.00041  patience=2/30  (108.3s)
  [PINN (ext. phy.)] epoch  15000  L_data=0.00280  L_phys=0.00062  L_ic=0.00028  L_total=0.00364  L_val=0.00041  patience=9/30  (116.3s)
  [PINN (ext. phy.)] epoch  16000  L_data=0.00277  L_phys=0.00089  L_ic=0.00013  L_total=0.00364  L_val=0.00038  patience=5/30  (122.8s)
  [PINN (ext. phy.)] epoch  17000  L_data=0.00274  L_phys=0.00083  L_ic=0.00014  L_total=0.00358  L_val=0.00036  patience=1/30  (130.7s)
  [PINN (ext. phy.)] epoch  18000  L_data=0.00275  L_phys=0.00095  L_ic=0.00016  L_total=0.00371  L_val=0.00037  patience=4/30  (138.6s)
  [PINN (ext. phy.)] epoch  19000  L_data=0.00275  L_phys=0.00033  L_ic=0.00011  L_total=0.00315  L_val=0.00036  patience=14/30  (146.7s)
  [PINN (ext. phy.)] epoch  20000  L_data=0.00273  L_phys=0.00033  L_ic=0.00013  L_total=0.00315  L_val=0.00035  patience=9/30  (154.7s)
  [PINN (ext. phy.)] epoch  21000  L_data=0.00272  L_phys=0.00061  L_ic=0.00013  L_total=0.00337  L_val=0.00034  patience=19/30  (162.7s)
  [PINN (ext. phy.)] epoch  22000  L_data=0.00273  L_phys=0.00047  L_ic=0.00013  L_total=0.00326  L_val=0.00035  patience=5/30  (169.3s)
  [PINN (ext. phy.)] epoch  23000  L_data=0.00272  L_phys=0.00038  L_ic=0.00011  L_total=0.00316  L_val=0.00033  patience=15/30  (177.3s)
  [PINN (ext. phy.)] epoch  24000  L_data=0.00271  L_phys=0.00043  L_ic=0.00012  L_total=0.00320  L_val=0.00033  patience=25/30  (185.3s)

  [PINN (ext. phy.)] Early stopping triggered at epoch 24500. Best val loss: 0.000321
  [PINN (ext. phy.)] early stop after 24500 epochs in 189.3s  (7.72 ms/epoch)  best val loss: 0.000321

======================================================================
Training PINN  (data + physics (only normal region) + IC loss)
======================================================================
  Parameters: 11954
  [PINN (blind)] epoch      1  L_data=0.11619  L_phys=0.00005  L_ic=0.18421  L_total=0.34813  L_val=0.06893  patience=0/30  (0.0s)
  [PINN (blind)] epoch   1000  L_data=0.00602  L_phys=0.00402  L_ic=0.00118  L_total=0.01070  L_val=0.00383  patience=1/30  (8.0s)
  [PINN (blind)] epoch   2000  L_data=0.00492  L_phys=0.00478  L_ic=0.00200  L_total=0.01124  L_val=0.00303  patience=1/30  (15.9s)
  [PINN (blind)] epoch   3000  L_data=0.00436  L_phys=0.00256  L_ic=0.00054  L_total=0.00707  L_val=0.00180  patience=0/30  (23.7s)
  [PINN (blind)] epoch   4000  L_data=0.00404  L_phys=0.00276  L_ic=0.00048  L_total=0.00684  L_val=0.00163  patience=0/30  (28.2s)
  [PINN (blind)] epoch   5000  L_data=0.00374  L_phys=0.00186  L_ic=0.00079  L_total=0.00621  L_val=0.00138  patience=1/30  (36.2s)
  [PINN (blind)] epoch   6000  L_data=0.00346  L_phys=0.00144  L_ic=0.00054  L_total=0.00527  L_val=0.00110  patience=5/30  (44.3s)
  [PINN (blind)] epoch   7000  L_data=0.00331  L_phys=0.00870  L_ic=0.00060  L_total=0.01097  L_val=0.00087  patience=0/30  (52.4s)
  [PINN (blind)] epoch   8000  L_data=0.00316  L_phys=0.00100  L_ic=0.00142  L_total=0.00575  L_val=0.00073  patience=0/30  (60.3s)
  [PINN (blind)] epoch   9000  L_data=0.00325  L_phys=0.00082  L_ic=0.00023  L_total=0.00419  L_val=0.00086  patience=10/30  (68.3s)
  [PINN (blind)] epoch  10000  L_data=0.00316  L_phys=0.00062  L_ic=0.00085  L_total=0.00472  L_val=0.00079  patience=20/30  (75.0s)
  [PINN (blind)] epoch  11000  L_data=0.00326  L_phys=0.00350  L_ic=0.00052  L_total=0.00669  L_val=0.00088  patience=30/30  (82.8s)

  [PINN (blind)] Early stopping triggered at epoch 11000. Best val loss: 0.000733
  [PINN (blind)] early stop after 11000 epochs in 82.8s  (7.53 ms/epoch)  best val loss: 0.000733

======================================================================
RESULTS SUMMARY  (best-val checkpoint)
======================================================================
  Metric                                 PINN (extended physics) PINN (blind)
  RMSE  (training interval)                    0.0180      0.0272
  RMSE  (extrapolation)                        0.0134      0.0212
  Physics Residual                             0.0606      0.0939
  True nu                                     4.0000
  nu_hat                                      2.5482     1.9722
  --------------------------------------------------------------
Viscosity: 4.0e+00, Nu Hat (blind): 1.9722, Nu Hat (ext phys): 2.5482
Loading precomputed analytic solution snapshots from ./AnalyticBurger/Gaussian_5.0e+00_analytic_solution.npz...

Generating observation data for the Gaussian initial condition...

======================================================================
Training PINN  (data + physics (normal + extrapolated) + IC loss)
======================================================================
  Parameters: 11954
  [PINN (ext. phy.)] epoch      1  L_data=0.02604  L_phys=0.00001  L_ic=0.10333  L_total=0.15613  L_val=0.01442  patience=0/30  (0.0s)
  [PINN (ext. phy.)] epoch   1000  L_data=0.00630  L_phys=0.00766  L_ic=0.00111  L_total=0.01378  L_val=0.00402  patience=1/30  (8.0s)
  [PINN (ext. phy.)] epoch   2000  L_data=0.00495  L_phys=0.00243  L_ic=0.00089  L_total=0.00800  L_val=0.00270  patience=1/30  (15.9s)
  [PINN (ext. phy.)] epoch   3000  L_data=0.00442  L_phys=0.00282  L_ic=0.00078  L_total=0.00764  L_val=0.00201  patience=0/30  (23.9s)
  [PINN (ext. phy.)] epoch   4000  L_data=0.00421  L_phys=0.00155  L_ic=0.00061  L_total=0.00622  L_val=0.00189  patience=2/30  (31.9s)
  [PINN (ext. phy.)] epoch   5000  L_data=0.00383  L_phys=0.00345  L_ic=0.00070  L_total=0.00745  L_val=0.00157  patience=3/30  (38.4s)
  [PINN (ext. phy.)] epoch   6000  L_data=0.00371  L_phys=0.00250  L_ic=0.00042  L_total=0.00623  L_val=0.00127  patience=3/30  (46.0s)
  [PINN (ext. phy.)] epoch   7000  L_data=0.00339  L_phys=0.00314  L_ic=0.00031  L_total=0.00628  L_val=0.00101  patience=2/30  (52.3s)
  [PINN (ext. phy.)] epoch   8000  L_data=0.00332  L_phys=0.00120  L_ic=0.00026  L_total=0.00460  L_val=0.00094  patience=7/30  (59.6s)
  [PINN (ext. phy.)] epoch   9000  L_data=0.00314  L_phys=0.00172  L_ic=0.00042  L_total=0.00503  L_val=0.00074  patience=7/30  (66.9s)
  [PINN (ext. phy.)] epoch  10000  L_data=0.00312  L_phys=0.00157  L_ic=0.00029  L_total=0.00474  L_val=0.00076  patience=17/30  (72.8s)
  [PINN (ext. phy.)] epoch  11000  L_data=0.00308  L_phys=0.00261  L_ic=0.00027  L_total=0.00550  L_val=0.00071  patience=6/30  (78.4s)
  [PINN (ext. phy.)] epoch  12000  L_data=0.00309  L_phys=0.00204  L_ic=0.00017  L_total=0.00493  L_val=0.00069  patience=0/30  (84.6s)
  [PINN (ext. phy.)] epoch  13000  L_data=0.00306  L_phys=0.00034  L_ic=0.00021  L_total=0.00360  L_val=0.00068  patience=1/30  (90.8s)
  [PINN (ext. phy.)] epoch  14000  L_data=0.00300  L_phys=0.00115  L_ic=0.00018  L_total=0.00414  L_val=0.00063  patience=2/30  (97.0s)
  [PINN (ext. phy.)] epoch  15000  L_data=0.00302  L_phys=0.00067  L_ic=0.00023  L_total=0.00384  L_val=0.00063  patience=8/30  (103.1s)
  [PINN (ext. phy.)] epoch  16000  L_data=0.00300  L_phys=0.00106  L_ic=0.00018  L_total=0.00407  L_val=0.00062  patience=5/30  (109.1s)
  [PINN (ext. phy.)] epoch  17000  L_data=0.00295  L_phys=0.00120  L_ic=0.00018  L_total=0.00413  L_val=0.00058  patience=1/30  (114.6s)
  [PINN (ext. phy.)] epoch  18000  L_data=0.00297  L_phys=0.00093  L_ic=0.00020  L_total=0.00395  L_val=0.00059  patience=4/30  (120.8s)
  [PINN (ext. phy.)] epoch  19000  L_data=0.00295  L_phys=0.00049  L_ic=0.00017  L_total=0.00355  L_val=0.00057  patience=14/30  (127.0s)
  [PINN (ext. phy.)] epoch  20000  L_data=0.00294  L_phys=0.00050  L_ic=0.00016  L_total=0.00354  L_val=0.00056  patience=4/30  (134.0s)
  [PINN (ext. phy.)] epoch  21000  L_data=0.00292  L_phys=0.00068  L_ic=0.00017  L_total=0.00368  L_val=0.00055  patience=14/30  (140.6s)
  [PINN (ext. phy.)] epoch  22000  L_data=0.00292  L_phys=0.00062  L_ic=0.00015  L_total=0.00361  L_val=0.00055  patience=5/30  (145.9s)
  [PINN (ext. phy.)] epoch  23000  L_data=0.00292  L_phys=0.00055  L_ic=0.00015  L_total=0.00354  L_val=0.00054  patience=15/30  (150.8s)
  [PINN (ext. phy.)] epoch  24000  L_data=0.00291  L_phys=0.00057  L_ic=0.00017  L_total=0.00357  L_val=0.00053  patience=25/30  (157.0s)

  [PINN (ext. phy.)] Early stopping triggered at epoch 24500. Best val loss: 0.000522
  [PINN (ext. phy.)] early stop after 24500 epochs in 160.0s  (6.53 ms/epoch)  best val loss: 0.000522

======================================================================
Training PINN  (data + physics (only normal region) + IC loss)
======================================================================
  Parameters: 11954
  [PINN (blind)] epoch      1  L_data=0.11105  L_phys=0.00005  L_ic=0.18421  L_total=0.34300  L_val=0.06465  patience=0/30  (0.0s)
  [PINN (blind)] epoch   1000  L_data=0.00672  L_phys=0.00464  L_ic=0.00152  L_total=0.01232  L_val=0.00455  patience=1/30  (6.2s)
  [PINN (blind)] epoch   2000  L_data=0.00572  L_phys=0.00534  L_ic=0.00158  L_total=0.01195  L_val=0.00368  patience=1/30  (12.3s)
  [PINN (blind)] epoch   3000  L_data=0.00491  L_phys=0.00331  L_ic=0.00069  L_total=0.00841  L_val=0.00251  patience=0/30  (18.4s)
  [PINN (blind)] epoch   4000  L_data=0.00472  L_phys=0.00340  L_ic=0.00060  L_total=0.00818  L_val=0.00234  patience=1/30  (23.9s)
  [PINN (blind)] epoch   5000  L_data=0.00426  L_phys=0.00227  L_ic=0.00092  L_total=0.00723  L_val=0.00198  patience=1/30  (30.7s)
  [PINN (blind)] epoch   6000  L_data=0.00394  L_phys=0.00171  L_ic=0.00065  L_total=0.00612  L_val=0.00156  patience=5/30  (36.9s)
  [PINN (blind)] epoch   7000  L_data=0.00375  L_phys=0.00984  L_ic=0.00063  L_total=0.01235  L_val=0.00133  patience=0/30  (43.0s)
  [PINN (blind)] epoch   8000  L_data=0.00353  L_phys=0.00126  L_ic=0.00170  L_total=0.00668  L_val=0.00113  patience=0/30  (49.2s)
  [PINN (blind)] epoch   9000  L_data=0.00367  L_phys=0.00134  L_ic=0.00032  L_total=0.00514  L_val=0.00130  patience=10/30  (55.4s)
  [PINN (blind)] epoch  10000  L_data=0.00352  L_phys=0.00089  L_ic=0.00093  L_total=0.00540  L_val=0.00117  patience=20/30  (60.6s)
  [PINN (blind)] epoch  11000  L_data=0.00364  L_phys=0.00451  L_ic=0.00059  L_total=0.00796  L_val=0.00127  patience=30/30  (66.7s)

  [PINN (blind)] Early stopping triggered at epoch 11000. Best val loss: 0.001131
  [PINN (blind)] early stop after 11000 epochs in 66.7s  (6.07 ms/epoch)  best val loss: 0.001131

======================================================================
RESULTS SUMMARY  (best-val checkpoint)
======================================================================
  Metric                                 PINN (extended physics) PINN (blind)
  RMSE  (training interval)                    0.0229      0.0337
  RMSE  (extrapolation)                        0.0156      0.0243
  Physics Residual                             0.0872      0.1334
  True nu                                     5.0000
  nu_hat                                      2.8102     2.0665
  --------------------------------------------------------------
Viscosity: 5.0e+00, Nu Hat (blind): 2.0665, Nu Hat (ext phys): 2.8102
Loading precomputed analytic solution snapshots from ./AnalyticBurger/Gaussian_6.0e+00_analytic_solution.npz...

Generating observation data for the Gaussian initial condition...

======================================================================
Training PINN  (data + physics (normal + extrapolated) + IC loss)
======================================================================
  Parameters: 11954
  [PINN (ext. phy.)] epoch      1  L_data=0.02315  L_phys=0.00001  L_ic=0.10333  L_total=0.15325  L_val=0.01239  patience=0/30  (0.0s)
  [PINN (ext. phy.)] epoch   1000  L_data=0.00684  L_phys=0.00821  L_ic=0.00131  L_total=0.01501  L_val=0.00461  patience=1/30  (6.2s)
  [PINN (ext. phy.)] epoch   2000  L_data=0.00536  L_phys=0.00279  L_ic=0.00105  L_total=0.00891  L_val=0.00314  patience=1/30  (12.3s)
  [PINN (ext. phy.)] epoch   3000  L_data=0.00493  L_phys=0.00318  L_ic=0.00098  L_total=0.00869  L_val=0.00250  patience=0/30  (18.4s)
  [PINN (ext. phy.)] epoch   4000  L_data=0.00466  L_phys=0.00182  L_ic=0.00067  L_total=0.00696  L_val=0.00238  patience=2/30  (24.5s)
  [PINN (ext. phy.)] epoch   5000  L_data=0.00426  L_phys=0.00403  L_ic=0.00074  L_total=0.00840  L_val=0.00201  patience=3/30  (29.9s)
  [PINN (ext. phy.)] epoch   6000  L_data=0.00414  L_phys=0.00287  L_ic=0.00048  L_total=0.00703  L_val=0.00171  patience=3/30  (36.0s)
  [PINN (ext. phy.)] epoch   7000  L_data=0.00371  L_phys=0.00371  L_ic=0.00038  L_total=0.00713  L_val=0.00135  patience=2/30  (42.2s)
  [PINN (ext. phy.)] epoch   8000  L_data=0.00364  L_phys=0.00152  L_ic=0.00033  L_total=0.00526  L_val=0.00126  patience=12/30  (48.3s)
  [PINN (ext. phy.)] epoch   9000  L_data=0.00341  L_phys=0.00201  L_ic=0.00056  L_total=0.00571  L_val=0.00103  patience=7/30  (54.4s)
  [PINN (ext. phy.)] epoch  10000  L_data=0.00339  L_phys=0.00199  L_ic=0.00035  L_total=0.00540  L_val=0.00105  patience=17/30  (60.5s)
  [PINN (ext. phy.)] epoch  11000  L_data=0.00334  L_phys=0.00310  L_ic=0.00029  L_total=0.00617  L_val=0.00099  patience=6/30  (65.9s)
  [PINN (ext. phy.)] epoch  12000  L_data=0.00336  L_phys=0.00231  L_ic=0.00027  L_total=0.00554  L_val=0.00097  patience=9/30  (72.0s)
  [PINN (ext. phy.)] epoch  13000  L_data=0.00331  L_phys=0.00043  L_ic=0.00028  L_total=0.00400  L_val=0.00095  patience=1/30  (78.1s)
  [PINN (ext. phy.)] epoch  14000  L_data=0.00325  L_phys=0.00138  L_ic=0.00025  L_total=0.00466  L_val=0.00089  patience=2/30  (84.3s)
  [PINN (ext. phy.)] epoch  15000  L_data=0.00327  L_phys=0.00080  L_ic=0.00037  L_total=0.00437  L_val=0.00090  patience=8/30  (90.5s)
  [PINN (ext. phy.)] epoch  16000  L_data=0.00324  L_phys=0.00127  L_ic=0.00024  L_total=0.00454  L_val=0.00087  patience=5/30  (96.5s)
  [PINN (ext. phy.)] epoch  17000  L_data=0.00318  L_phys=0.00150  L_ic=0.00023  L_total=0.00466  L_val=0.00082  patience=1/30  (100.8s)
  [PINN (ext. phy.)] epoch  18000  L_data=0.00320  L_phys=0.00110  L_ic=0.00024  L_total=0.00437  L_val=0.00083  patience=4/30  (108.2s)
  [PINN (ext. phy.)] epoch  19000  L_data=0.00318  L_phys=0.00062  L_ic=0.00021  L_total=0.00394  L_val=0.00082  patience=14/30  (116.2s)
  [PINN (ext. phy.)] epoch  20000  L_data=0.00316  L_phys=0.00066  L_ic=0.00021  L_total=0.00395  L_val=0.00080  patience=4/30  (123.9s)
  [PINN (ext. phy.)] epoch  21000  L_data=0.00315  L_phys=0.00089  L_ic=0.00021  L_total=0.00412  L_val=0.00078  patience=14/30  (131.5s)
  [PINN (ext. phy.)] epoch  22000  L_data=0.00314  L_phys=0.00082  L_ic=0.00019  L_total=0.00404  L_val=0.00078  patience=5/30  (137.5s)
  [PINN (ext. phy.)] epoch  23000  L_data=0.00313  L_phys=0.00071  L_ic=0.00019  L_total=0.00393  L_val=0.00077  patience=15/30  (143.7s)
  [PINN (ext. phy.)] epoch  24000  L_data=0.00313  L_phys=0.00078  L_ic=0.00021  L_total=0.00401  L_val=0.00076  patience=25/30  (149.8s)

  [PINN (ext. phy.)] Early stopping triggered at epoch 24500. Best val loss: 0.000743
  [PINN (ext. phy.)] early stop after 24500 epochs in 152.9s  (6.24 ms/epoch)  best val loss: 0.000743

======================================================================
Training PINN  (data + physics (only normal region) + IC loss)
======================================================================
  Parameters: 11954
  [PINN (blind)] epoch      1  L_data=0.10680  L_phys=0.00005  L_ic=0.18421  L_total=0.33874  L_val=0.06116  patience=0/30  (0.0s)
  [PINN (blind)] epoch   1000  L_data=0.00729  L_phys=0.00504  L_ic=0.00162  L_total=0.01333  L_val=0.00521  patience=1/30  (6.2s)
  [PINN (blind)] epoch   2000  L_data=0.00648  L_phys=0.00535  L_ic=0.00131  L_total=0.01238  L_val=0.00427  patience=6/30  (12.3s)
  [PINN (blind)] epoch   3000  L_data=0.00529  L_phys=0.00391  L_ic=0.00087  L_total=0.00949  L_val=0.00289  patience=0/30  (17.8s)
  [PINN (blind)] epoch   4000  L_data=0.00527  L_phys=0.00367  L_ic=0.00084  L_total=0.00924  L_val=0.00288  patience=1/30  (23.7s)
  [PINN (blind)] epoch   5000  L_data=0.00468  L_phys=0.00264  L_ic=0.00120  L_total=0.00829  L_val=0.00244  patience=1/30  (30.6s)
  [PINN (blind)] epoch   6000  L_data=0.00437  L_phys=0.00197  L_ic=0.00064  L_total=0.00674  L_val=0.00203  patience=5/30  (38.7s)
  [PINN (blind)] epoch   7000  L_data=0.00415  L_phys=0.01039  L_ic=0.00077  L_total=0.01336  L_val=0.00176  patience=0/30  (46.7s)
  [PINN (blind)] epoch   8000  L_data=0.00388  L_phys=0.00171  L_ic=0.00193  L_total=0.00767  L_val=0.00151  patience=0/30  (52.6s)
  [PINN (blind)] epoch   9000  L_data=0.00411  L_phys=0.00197  L_ic=0.00041  L_total=0.00619  L_val=0.00176  patience=10/30  (58.7s)
  [PINN (blind)] epoch  10000  L_data=0.00392  L_phys=0.00109  L_ic=0.00096  L_total=0.00599  L_val=0.00157  patience=20/30  (64.9s)
  [PINN (blind)] epoch  11000  L_data=0.00402  L_phys=0.00504  L_ic=0.00062  L_total=0.00880  L_val=0.00167  patience=30/30  (72.0s)

  [PINN (blind)] Early stopping triggered at epoch 11000. Best val loss: 0.001506
  [PINN (blind)] early stop after 11000 epochs in 72.0s  (6.54 ms/epoch)  best val loss: 0.001506

======================================================================
RESULTS SUMMARY  (best-val checkpoint)
======================================================================
  Metric                                 PINN (extended physics) PINN (blind)
  RMSE  (training interval)                    0.0274      0.0390
  RMSE  (extrapolation)                        0.0179      0.0245
  Physics Residual                             0.1160      0.1737
  True nu                                     6.0000
  nu_hat                                      2.9861     2.1375
  --------------------------------------------------------------
Viscosity: 6.0e+00, Nu Hat (blind): 2.1375, Nu Hat (ext phys): 2.9861
Loading precomputed analytic solution snapshots from ./AnalyticBurger/Gaussian_7.0e+00_analytic_solution.npz...

Generating observation data for the Gaussian initial condition...

======================================================================
Training PINN  (data + physics (normal + extrapolated) + IC loss)
======================================================================
  Parameters: 11954
  [PINN (ext. phy.)] epoch      1  L_data=0.02088  L_phys=0.00001  L_ic=0.10333  L_total=0.15098  L_val=0.01092  patience=0/30  (0.0s)
  [PINN (ext. phy.)] epoch   1000  L_data=0.00728  L_phys=0.00865  L_ic=0.00147  L_total=0.01600  L_val=0.00509  patience=1/30  (7.8s)
  [PINN (ext. phy.)] epoch   2000  L_data=0.00569  L_phys=0.00313  L_ic=0.00120  L_total=0.00968  L_val=0.00350  patience=1/30  (13.2s)
  [PINN (ext. phy.)] epoch   3000  L_data=0.00530  L_phys=0.00346  L_ic=0.00088  L_total=0.00916  L_val=0.00290  patience=0/30  (19.4s)
  [PINN (ext. phy.)] epoch   4000  L_data=0.00508  L_phys=0.00200  L_ic=0.00072  L_total=0.00757  L_val=0.00286  patience=2/30  (25.6s)
  [PINN (ext. phy.)] epoch   5000  L_data=0.00463  L_phys=0.00465  L_ic=0.00063  L_total=0.00912  L_val=0.00241  patience=3/30  (31.8s)
  [PINN (ext. phy.)] epoch   6000  L_data=0.00450  L_phys=0.00316  L_ic=0.00052  L_total=0.00767  L_val=0.00204  patience=3/30  (38.0s)
  [PINN (ext. phy.)] epoch   7000  L_data=0.00400  L_phys=0.00392  L_ic=0.00047  L_total=0.00770  L_val=0.00164  patience=2/30  (44.1s)
  [PINN (ext. phy.)] epoch   8000  L_data=0.00389  L_phys=0.00144  L_ic=0.00042  L_total=0.00556  L_val=0.00151  patience=8/30  (49.2s)
  [PINN (ext. phy.)] epoch   9000  L_data=0.00364  L_phys=0.00237  L_ic=0.00052  L_total=0.00617  L_val=0.00130  patience=7/30  (54.1s)
  [PINN (ext. phy.)] epoch  10000  L_data=0.00362  L_phys=0.00203  L_ic=0.00036  L_total=0.00570  L_val=0.00129  patience=9/30  (60.3s)
  [PINN (ext. phy.)] epoch  11000  L_data=0.00355  L_phys=0.00307  L_ic=0.00041  L_total=0.00650  L_val=0.00119  patience=0/30  (66.5s)
  [PINN (ext. phy.)] epoch  12000  L_data=0.00351  L_phys=0.00189  L_ic=0.00034  L_total=0.00543  L_val=0.00112  patience=9/30  (72.7s)
  [PINN (ext. phy.)] epoch  13000  L_data=0.00346  L_phys=0.00054  L_ic=0.00039  L_total=0.00437  L_val=0.00112  patience=1/30  (78.8s)
  [PINN (ext. phy.)] epoch  14000  L_data=0.00340  L_phys=0.00141  L_ic=0.00032  L_total=0.00493  L_val=0.00105  patience=11/30  (84.9s)
  [PINN (ext. phy.)] epoch  15000  L_data=0.00346  L_phys=0.00094  L_ic=0.00031  L_total=0.00460  L_val=0.00110  patience=4/30  (90.2s)
  [PINN (ext. phy.)] epoch  16000  L_data=0.00335  L_phys=0.00143  L_ic=0.00027  L_total=0.00483  L_val=0.00099  patience=1/30  (96.4s)
  [PINN (ext. phy.)] epoch  17000  L_data=0.00333  L_phys=0.00194  L_ic=0.00030  L_total=0.00525  L_val=0.00098  patience=1/30  (102.5s)
  [PINN (ext. phy.)] epoch  18000  L_data=0.00334  L_phys=0.00116  L_ic=0.00032  L_total=0.00467  L_val=0.00099  patience=5/30  (108.7s)
  [PINN (ext. phy.)] epoch  19000  L_data=0.00331  L_phys=0.00066  L_ic=0.00028  L_total=0.00418  L_val=0.00095  patience=15/30  (114.8s)
  [PINN (ext. phy.)] epoch  20000  L_data=0.00329  L_phys=0.00069  L_ic=0.00027  L_total=0.00417  L_val=0.00093  patience=4/30  (120.9s)
  [PINN (ext. phy.)] epoch  21000  L_data=0.00328  L_phys=0.00118  L_ic=0.00029  L_total=0.00458  L_val=0.00092  patience=7/30  (126.2s)
  [PINN (ext. phy.)] epoch  22000  L_data=0.00326  L_phys=0.00097  L_ic=0.00026  L_total=0.00436  L_val=0.00091  patience=5/30  (132.4s)
  [PINN (ext. phy.)] epoch  23000  L_data=0.00326  L_phys=0.00065  L_ic=0.00026  L_total=0.00411  L_val=0.00091  patience=1/30  (138.5s)
  [PINN (ext. phy.)] epoch  24000  L_data=0.00326  L_phys=0.00081  L_ic=0.00028  L_total=0.00426  L_val=0.00091  patience=9/30  (144.7s)
  [PINN (ext. phy.)] epoch  25000  L_data=0.00325  L_phys=0.00088  L_ic=0.00025  L_total=0.00427  L_val=0.00090  patience=3/30  (150.8s)
  [PINN (ext. phy.)] epoch  26000  L_data=0.00325  L_phys=0.00223  L_ic=0.00025  L_total=0.00535  L_val=0.00090  patience=13/30  (156.9s)
  [PINN (ext. phy.)] epoch  27000  L_data=0.00326  L_phys=0.00063  L_ic=0.00026  L_total=0.00408  L_val=0.00090  patience=3/30  (162.3s)
  [PINN (ext. phy.)] epoch  28000  L_data=0.00325  L_phys=0.00133  L_ic=0.00024  L_total=0.00462  L_val=0.00089  patience=13/30  (168.4s)
  [PINN (ext. phy.)] epoch  29000  L_data=0.00324  L_phys=0.00082  L_ic=0.00025  L_total=0.00420  L_val=0.00088  patience=23/30  (174.6s)

  [PINN (ext. phy.)] Early stopping triggered at epoch 29700. Best val loss: 0.000874
  [PINN (ext. phy.)] early stop after 29700 epochs in 178.9s  (6.03 ms/epoch)  best val loss: 0.000874

======================================================================
Training PINN  (data + physics (only normal region) + IC loss)
======================================================================
  Parameters: 11954
  [PINN (blind)] epoch      1  L_data=0.10058  L_phys=0.00003  L_ic=0.18437  L_total=0.33272  L_val=0.05648  patience=0/30  (0.0s)
  [PINN (blind)] epoch   1000  L_data=0.00773  L_phys=0.00702  L_ic=0.00159  L_total=0.01531  L_val=0.00534  patience=0/30  (6.2s)
  [PINN (blind)] epoch   2000  L_data=0.00654  L_phys=0.00589  L_ic=0.00121  L_total=0.01274  L_val=0.00440  patience=4/30  (12.4s)
  [PINN (blind)] epoch   3000  L_data=0.00599  L_phys=0.00407  L_ic=0.00076  L_total=0.01019  L_val=0.00355  patience=0/30  (17.6s)
  [PINN (blind)] epoch   4000  L_data=0.00549  L_phys=0.00244  L_ic=0.00093  L_total=0.00860  L_val=0.00323  patience=1/30  (24.0s)
  [PINN (blind)] epoch   5000  L_data=0.00510  L_phys=0.00176  L_ic=0.00110  L_total=0.00789  L_val=0.00271  patience=0/30  (30.2s)
  [PINN (blind)] epoch   6000  L_data=0.00516  L_phys=0.00291  L_ic=0.00121  L_total=0.00900  L_val=0.00278  patience=2/30  (36.6s)
  [PINN (blind)] epoch   7000  L_data=0.00434  L_phys=0.00243  L_ic=0.00216  L_total=0.00899  L_val=0.00209  patience=0/30  (42.7s)
  [PINN (blind)] epoch   8000  L_data=0.00461  L_phys=0.00589  L_ic=0.00060  L_total=0.01004  L_val=0.00224  patience=10/30  (48.9s)
  [PINN (blind)] epoch   9000  L_data=0.00429  L_phys=0.00389  L_ic=0.00069  L_total=0.00825  L_val=0.00196  patience=3/30  (53.9s)
  [PINN (blind)] epoch  10000  L_data=0.00435  L_phys=0.00481  L_ic=0.00071  L_total=0.00906  L_val=0.00198  patience=13/30  (59.1s)
  [PINN (blind)] epoch  11000  L_data=0.00409  L_phys=0.00145  L_ic=0.00069  L_total=0.00611  L_val=0.00174  patience=5/30  (65.2s)
  [PINN (blind)] epoch  12000  L_data=0.00427  L_phys=0.01642  L_ic=0.00043  L_total=0.01786  L_val=0.00186  patience=15/30  (71.4s)
  [PINN (blind)] epoch  13000  L_data=0.00419  L_phys=0.00242  L_ic=0.00059  L_total=0.00685  L_val=0.00185  patience=25/30  (77.6s)

  [PINN (blind)] Early stopping triggered at epoch 13500. Best val loss: 0.001666
  [PINN (blind)] early stop after 13500 epochs in 80.6s  (5.97 ms/epoch)  best val loss: 0.001666

======================================================================
RESULTS SUMMARY  (best-val checkpoint)
======================================================================
  Metric                                 PINN (extended physics) PINN (blind)
  RMSE  (training interval)                    0.0297      0.0410
  RMSE  (extrapolation)                        0.0194      0.0297
  Physics Residual                             0.1345      0.1965
  True nu                                     7.0000
  nu_hat                                      3.2894     2.3940
  --------------------------------------------------------------
Viscosity: 7.0e+00, Nu Hat (blind): 2.3940, Nu Hat (ext phys): 3.2894
Loading precomputed analytic solution snapshots from ./AnalyticBurger/Gaussian_8.0e+00_analytic_solution.npz...

Generating observation data for the Gaussian initial condition...

======================================================================
Training PINN  (data + physics (normal + extrapolated) + IC loss)
======================================================================
  Parameters: 11954
  [PINN (ext. phy.)] epoch      1  L_data=0.01904  L_phys=0.00001  L_ic=0.10333  L_total=0.14914  L_val=0.00982  patience=0/30  (0.0s)
  [PINN (ext. phy.)] epoch   1000  L_data=0.00766  L_phys=0.00910  L_ic=0.00162  L_total=0.01693  L_val=0.00549  patience=6/30  (6.3s)
  [PINN (ext. phy.)] epoch   2000  L_data=0.00606  L_phys=0.00334  L_ic=0.00127  L_total=0.01031  L_val=0.00383  patience=1/30  (11.7s)
  [PINN (ext. phy.)] epoch   3000  L_data=0.00564  L_phys=0.00379  L_ic=0.00105  L_total=0.00997  L_val=0.00337  patience=0/30  (18.7s)
  [PINN (ext. phy.)] epoch   4000  L_data=0.00543  L_phys=0.00219  L_ic=0.00084  L_total=0.00823  L_val=0.00324  patience=2/30  (26.5s)
  [PINN (ext. phy.)] epoch   5000  L_data=0.00501  L_phys=0.00517  L_ic=0.00092  L_total=0.01028  L_val=0.00282  patience=3/30  (34.1s)
  [PINN (ext. phy.)] epoch   6000  L_data=0.00490  L_phys=0.00360  L_ic=0.00060  L_total=0.00852  L_val=0.00248  patience=3/30  (41.0s)
  [PINN (ext. phy.)] epoch   7000  L_data=0.00434  L_phys=0.00468  L_ic=0.00050  L_total=0.00869  L_val=0.00203  patience=2/30  (47.3s)
  [PINN (ext. phy.)] epoch   8000  L_data=0.00419  L_phys=0.00198  L_ic=0.00043  L_total=0.00630  L_val=0.00183  patience=8/30  (53.5s)
  [PINN (ext. phy.)] epoch   9000  L_data=0.00398  L_phys=0.00276  L_ic=0.00053  L_total=0.00684  L_val=0.00165  patience=7/30  (59.7s)
  [PINN (ext. phy.)] epoch  10000  L_data=0.00394  L_phys=0.00282  L_ic=0.00043  L_total=0.00673  L_val=0.00164  patience=17/30  (65.8s)
  [PINN (ext. phy.)] epoch  11000  L_data=0.00388  L_phys=0.00354  L_ic=0.00041  L_total=0.00721  L_val=0.00153  patience=0/30  (71.9s)
  [PINN (ext. phy.)] epoch  12000  L_data=0.00384  L_phys=0.00230  L_ic=0.00034  L_total=0.00610  L_val=0.00147  patience=9/30  (77.6s)
  [PINN (ext. phy.)] epoch  13000  L_data=0.00379  L_phys=0.00066  L_ic=0.00044  L_total=0.00487  L_val=0.00146  patience=1/30  (83.4s)
  [PINN (ext. phy.)] epoch  14000  L_data=0.00375  L_phys=0.00191  L_ic=0.00036  L_total=0.00572  L_val=0.00142  patience=11/30  (89.5s)
  [PINN (ext. phy.)] epoch  15000  L_data=0.00380  L_phys=0.00112  L_ic=0.00036  L_total=0.00514  L_val=0.00145  patience=4/30  (95.6s)
  [PINN (ext. phy.)] epoch  16000  L_data=0.00370  L_phys=0.00167  L_ic=0.00034  L_total=0.00546  L_val=0.00136  patience=5/30  (101.7s)
  [PINN (ext. phy.)] epoch  17000  L_data=0.00365  L_phys=0.00207  L_ic=0.00038  L_total=0.00576  L_val=0.00131  patience=1/30  (108.3s)
  [PINN (ext. phy.)] epoch  18000  L_data=0.00365  L_phys=0.00143  L_ic=0.00038  L_total=0.00526  L_val=0.00130  patience=5/30  (114.1s)
  [PINN (ext. phy.)] epoch  19000  L_data=0.00363  L_phys=0.00088  L_ic=0.00033  L_total=0.00474  L_val=0.00128  patience=15/30  (120.4s)
  [PINN (ext. phy.)] epoch  20000  L_data=0.00360  L_phys=0.00090  L_ic=0.00032  L_total=0.00472  L_val=0.00126  patience=4/30  (126.5s)
  [PINN (ext. phy.)] epoch  21000  L_data=0.00358  L_phys=0.00145  L_ic=0.00033  L_total=0.00515  L_val=0.00124  patience=7/30  (132.7s)
  [PINN (ext. phy.)] epoch  22000  L_data=0.00357  L_phys=0.00119  L_ic=0.00032  L_total=0.00491  L_val=0.00123  patience=5/30  (138.8s)
  [PINN (ext. phy.)] epoch  23000  L_data=0.00356  L_phys=0.00085  L_ic=0.00031  L_total=0.00463  L_val=0.00122  patience=15/30  (145.0s)
  [PINN (ext. phy.)] epoch  24000  L_data=0.00357  L_phys=0.00109  L_ic=0.00032  L_total=0.00483  L_val=0.00122  patience=25/30  (150.5s)

  [PINN (ext. phy.)] Early stopping triggered at epoch 24500. Best val loss: 0.001195
  [PINN (ext. phy.)] early stop after 24500 epochs in 152.3s  (6.22 ms/epoch)  best val loss: 0.001195

======================================================================
Training PINN  (data + physics (only normal region) + IC loss)
======================================================================
  Parameters: 11954
  [PINN (blind)] epoch      1  L_data=0.09997  L_phys=0.00005  L_ic=0.18421  L_total=0.33192  L_val=0.05581  patience=0/30  (0.0s)
  [PINN (blind)] epoch   1000  L_data=0.00812  L_phys=0.00565  L_ic=0.00204  L_total=0.01518  L_val=0.00604  patience=0/30  (6.6s)
  [PINN (blind)] epoch   2000  L_data=0.00723  L_phys=0.00663  L_ic=0.00226  L_total=0.01534  L_val=0.00538  patience=6/30  (12.7s)
  [PINN (blind)] epoch   3000  L_data=0.00609  L_phys=0.00469  L_ic=0.00113  L_total=0.01123  L_val=0.00374  patience=0/30  (18.9s)
  [PINN (blind)] epoch   4000  L_data=0.00619  L_phys=0.00444  L_ic=0.00117  L_total=0.01118  L_val=0.00378  patience=1/30  (25.1s)
  [PINN (blind)] epoch   5000  L_data=0.00551  L_phys=0.00301  L_ic=0.00095  L_total=0.00909  L_val=0.00334  patience=1/30  (31.3s)
  [PINN (blind)] epoch   6000  L_data=0.00513  L_phys=0.00243  L_ic=0.00089  L_total=0.00818  L_val=0.00281  patience=5/30  (36.5s)
  [PINN (blind)] epoch   7000  L_data=0.00483  L_phys=0.01149  L_ic=0.00109  L_total=0.01533  L_val=0.00248  patience=2/30  (43.3s)
  [PINN (blind)] epoch   8000  L_data=0.00449  L_phys=0.00196  L_ic=0.00229  L_total=0.00893  L_val=0.00215  patience=0/30  (49.5s)
  [PINN (blind)] epoch   9000  L_data=0.00470  L_phys=0.00210  L_ic=0.00063  L_total=0.00717  L_val=0.00238  patience=10/30  (55.6s)
  [PINN (blind)] epoch  10000  L_data=0.00451  L_phys=0.00144  L_ic=0.00123  L_total=0.00720  L_val=0.00219  patience=1/30  (61.9s)
  [PINN (blind)] epoch  11000  L_data=0.00462  L_phys=0.00602  L_ic=0.00080  L_total=0.01041  L_val=0.00231  patience=11/30  (68.0s)
  [PINN (blind)] epoch  12000  L_data=0.00454  L_phys=0.00169  L_ic=0.00096  L_total=0.00710  L_val=0.00221  patience=1/30  (73.3s)
  [PINN (blind)] epoch  13000  L_data=0.00451  L_phys=0.00131  L_ic=0.00050  L_total=0.00618  L_val=0.00218  patience=11/30  (79.4s)
  [PINN (blind)] epoch  14000  L_data=0.00441  L_phys=0.00133  L_ic=0.00052  L_total=0.00613  L_val=0.00207  patience=21/30  (85.6s)

  [PINN (blind)] Early stopping triggered at epoch 14900. Best val loss: 0.001993
  [PINN (blind)] early stop after 14900 epochs in 91.1s  (6.11 ms/epoch)  best val loss: 0.001993

======================================================================
RESULTS SUMMARY  (best-val checkpoint)
======================================================================
  Metric                                 PINN (extended physics) PINN (blind)
  RMSE  (training interval)                    0.0347      0.0448
  RMSE  (extrapolation)                        0.0220      0.0283
  Physics Residual                             0.1755      0.2292
  True nu                                     8.0000
  nu_hat                                      3.2126     2.5601
  --------------------------------------------------------------
Viscosity: 8.0e+00, Nu Hat (blind): 2.5601, Nu Hat (ext phys): 3.2126
Loading precomputed analytic solution snapshots from ./AnalyticBurger/Gaussian_9.0e+00_analytic_solution.npz...

Generating observation data for the Gaussian initial condition...

======================================================================
Training PINN  (data + physics (normal + extrapolated) + IC loss)
======================================================================
  Parameters: 11954
  [PINN (ext. phy.)] epoch      1  L_data=0.01752  L_phys=0.00001  L_ic=0.10333  L_total=0.14762  L_val=0.00898  patience=0/30  (0.0s)
  [PINN (ext. phy.)] epoch   1000  L_data=0.00801  L_phys=0.00937  L_ic=0.00177  L_total=0.01769  L_val=0.00593  patience=6/30  (6.2s)
  [PINN (ext. phy.)] epoch   2000  L_data=0.00636  L_phys=0.00360  L_ic=0.00147  L_total=0.01108  L_val=0.00417  patience=1/30  (12.2s)
  [PINN (ext. phy.)] epoch   3000  L_data=0.00602  L_phys=0.00412  L_ic=0.00107  L_total=0.01065  L_val=0.00370  patience=0/30  (18.3s)
  [PINN (ext. phy.)] epoch   4000  L_data=0.00588  L_phys=0.00229  L_ic=0.00103  L_total=0.00900  L_val=0.00357  patience=2/30  (25.9s)
  [PINN (ext. phy.)] epoch   5000  L_data=0.00526  L_phys=0.00534  L_ic=0.00100  L_total=0.01076  L_val=0.00310  patience=3/30  (32.3s)
  [PINN (ext. phy.)] epoch   6000  L_data=0.00508  L_phys=0.00374  L_ic=0.00070  L_total=0.00894  L_val=0.00266  patience=3/30  (39.1s)
  [PINN (ext. phy.)] epoch   7000  L_data=0.00462  L_phys=0.00407  L_ic=0.00062  L_total=0.00863  L_val=0.00229  patience=2/30  (45.8s)
  [PINN (ext. phy.)] epoch   8000  L_data=0.00439  L_phys=0.00199  L_ic=0.00048  L_total=0.00657  L_val=0.00203  patience=8/30  (51.3s)
  [PINN (ext. phy.)] epoch   9000  L_data=0.00414  L_phys=0.00278  L_ic=0.00087  L_total=0.00744  L_val=0.00179  patience=0/30  (57.7s)
  [PINN (ext. phy.)] epoch  10000  L_data=0.00417  L_phys=0.00268  L_ic=0.00042  L_total=0.00682  L_val=0.00185  patience=9/30  (63.8s)
  [PINN (ext. phy.)] epoch  11000  L_data=0.00403  L_phys=0.00314  L_ic=0.00054  L_total=0.00721  L_val=0.00168  patience=0/30  (70.0s)
  [PINN (ext. phy.)] epoch  12000  L_data=0.00401  L_phys=0.00276  L_ic=0.00042  L_total=0.00674  L_val=0.00161  patience=9/30  (76.2s)
  [PINN (ext. phy.)] epoch  13000  L_data=0.00395  L_phys=0.00067  L_ic=0.00041  L_total=0.00500  L_val=0.00161  patience=1/30  (82.3s)
  [PINN (ext. phy.)] epoch  14000  L_data=0.00388  L_phys=0.00150  L_ic=0.00037  L_total=0.00553  L_val=0.00155  patience=9/30  (86.9s)
  [PINN (ext. phy.)] epoch  15000  L_data=0.00394  L_phys=0.00110  L_ic=0.00034  L_total=0.00523  L_val=0.00158  patience=4/30  (92.6s)
  [PINN (ext. phy.)] epoch  16000  L_data=0.00384  L_phys=0.00155  L_ic=0.00035  L_total=0.00551  L_val=0.00150  patience=14/30  (98.7s)
  [PINN (ext. phy.)] epoch  17000  L_data=0.00378  L_phys=0.00233  L_ic=0.00032  L_total=0.00604  L_val=0.00144  patience=6/30  (104.9s)
  [PINN (ext. phy.)] epoch  18000  L_data=0.00378  L_phys=0.00141  L_ic=0.00037  L_total=0.00537  L_val=0.00144  patience=5/30  (111.1s)
  [PINN (ext. phy.)] epoch  19000  L_data=0.00374  L_phys=0.00098  L_ic=0.00031  L_total=0.00490  L_val=0.00139  patience=1/30  (117.2s)
  [PINN (ext. phy.)] epoch  20000  L_data=0.00372  L_phys=0.00083  L_ic=0.00030  L_total=0.00476  L_val=0.00138  patience=4/30  (123.1s)
  [PINN (ext. phy.)] epoch  21000  L_data=0.00369  L_phys=0.00137  L_ic=0.00034  L_total=0.00521  L_val=0.00135  patience=7/30  (128.7s)
  [PINN (ext. phy.)] epoch  22000  L_data=0.00369  L_phys=0.00116  L_ic=0.00029  L_total=0.00497  L_val=0.00135  patience=5/30  (134.9s)
  [PINN (ext. phy.)] epoch  23000  L_data=0.00368  L_phys=0.00098  L_ic=0.00029  L_total=0.00483  L_val=0.00134  patience=15/30  (141.0s)
  [PINN (ext. phy.)] epoch  24000  L_data=0.00367  L_phys=0.00105  L_ic=0.00031  L_total=0.00490  L_val=0.00133  patience=9/30  (147.2s)
  [PINN (ext. phy.)] epoch  25000  L_data=0.00366  L_phys=0.00099  L_ic=0.00029  L_total=0.00481  L_val=0.00132  patience=3/30  (153.4s)
  [PINN (ext. phy.)] epoch  26000  L_data=0.00366  L_phys=0.00226  L_ic=0.00029  L_total=0.00582  L_val=0.00132  patience=13/30  (159.3s)
  [PINN (ext. phy.)] epoch  27000  L_data=0.00368  L_phys=0.00105  L_ic=0.00030  L_total=0.00489  L_val=0.00134  patience=3/30  (164.8s)
  [PINN (ext. phy.)] epoch  28000  L_data=0.00366  L_phys=0.00169  L_ic=0.00028  L_total=0.00535  L_val=0.00132  patience=13/30  (170.9s)
  [PINN (ext. phy.)] epoch  29000  L_data=0.00365  L_phys=0.00114  L_ic=0.00029  L_total=0.00492  L_val=0.00131  patience=23/30  (177.1s)

  [PINN (ext. phy.)] Early stopping triggered at epoch 29700. Best val loss: 0.001298
  [PINN (ext. phy.)] early stop after 29700 epochs in 181.4s  (6.11 ms/epoch)  best val loss: 0.001298

======================================================================
Training PINN  (data + physics (only normal region) + IC loss)
======================================================================
  Parameters: 11954
  [PINN (blind)] epoch      1  L_data=0.09480  L_phys=0.00003  L_ic=0.18437  L_total=0.32694  L_val=0.05193  patience=0/30  (0.0s)
  [PINN (blind)] epoch   1000  L_data=0.00860  L_phys=0.00772  L_ic=0.00190  L_total=0.01712  L_val=0.00624  patience=3/30  (6.2s)
  [PINN (blind)] epoch   2000  L_data=0.00733  L_phys=0.00621  L_ic=0.00152  L_total=0.01418  L_val=0.00510  patience=4/30  (12.3s)
  [PINN (blind)] epoch   3000  L_data=0.00663  L_phys=0.00485  L_ic=0.00100  L_total=0.01174  L_val=0.00443  patience=0/30  (17.6s)
  [PINN (blind)] epoch   4000  L_data=0.00621  L_phys=0.00296  L_ic=0.00123  L_total=0.01011  L_val=0.00401  patience=5/30  (23.7s)
  [PINN (blind)] epoch   5000  L_data=0.00595  L_phys=0.00198  L_ic=0.00173  L_total=0.00970  L_val=0.00354  patience=1/30  (29.9s)
  [PINN (blind)] epoch   6000  L_data=0.00601  L_phys=0.00321  L_ic=0.00118  L_total=0.01004  L_val=0.00363  patience=2/30  (36.1s)
  [PINN (blind)] epoch   7000  L_data=0.00498  L_phys=0.00294  L_ic=0.00231  L_total=0.01023  L_val=0.00283  patience=0/30  (42.4s)
  [PINN (blind)] epoch   8000  L_data=0.00523  L_phys=0.00651  L_ic=0.00082  L_total=0.01144  L_val=0.00294  patience=10/30  (48.9s)
  [PINN (blind)] epoch   9000  L_data=0.00490  L_phys=0.00410  L_ic=0.00084  L_total=0.00921  L_val=0.00259  patience=3/30  (54.7s)
  [PINN (blind)] epoch  10000  L_data=0.00495  L_phys=0.00539  L_ic=0.00097  L_total=0.01045  L_val=0.00262  patience=13/30  (61.6s)
  [PINN (blind)] epoch  11000  L_data=0.00467  L_phys=0.00187  L_ic=0.00088  L_total=0.00727  L_val=0.00234  patience=5/30  (68.5s)
  [PINN (blind)] epoch  12000  L_data=0.00486  L_phys=0.01782  L_ic=0.00055  L_total=0.01972  L_val=0.00247  patience=15/30  (74.6s)
  [PINN (blind)] epoch  13000  L_data=0.00480  L_phys=0.00292  L_ic=0.00071  L_total=0.00802  L_val=0.00249  patience=25/30  (80.8s)

  [PINN (blind)] Early stopping triggered at epoch 13500. Best val loss: 0.002260
  [PINN (blind)] early stop after 13500 epochs in 83.8s  (6.21 ms/epoch)  best val loss: 0.002260

======================================================================
RESULTS SUMMARY  (best-val checkpoint)
======================================================================
  Metric                                 PINN (extended physics) PINN (blind)
  RMSE  (training interval)                    0.0362      0.0477
  RMSE  (extrapolation)                        0.0228      0.0322
  Physics Residual                             0.1945      0.2697
  True nu                                     9.0000
  nu_hat                                      3.4405     2.4959
  --------------------------------------------------------------
Viscosity: 9.0e+00, Nu Hat (blind): 2.4959, Nu Hat (ext phys): 3.4405
Loading precomputed analytic solution snapshots from ./AnalyticBurger/Step_1.0e-05_analytic_solution.npz...

Generating observation data for the Step initial condition...

======================================================================
Training PINN  (data + physics (normal + extrapolated) + IC loss)
======================================================================
  Parameters: 11954
  [PINN (ext. phy.)] epoch      1  L_data=0.36121  L_phys=0.00001  L_ic=0.40476  L_total=0.87078  L_val=0.27828  patience=0/30  (0.0s)
  [PINN (ext. phy.)] epoch   1000  L_data=0.00433  L_phys=0.01171  L_ic=0.00320  L_total=0.01765  L_val=0.00193  patience=1/30  (4.8s)
  [PINN (ext. phy.)] epoch   2000  L_data=0.00450  L_phys=0.00034  L_ic=0.00152  L_total=0.00668  L_val=0.00196  patience=4/30  (11.0s)
  [PINN (ext. phy.)] epoch   3000  L_data=0.00356  L_phys=0.00071  L_ic=0.00125  L_total=0.00569  L_val=0.00109  patience=2/30  (17.2s)
  [PINN (ext. phy.)] epoch   4000  L_data=0.00349  L_phys=0.00033  L_ic=0.00047  L_total=0.00434  L_val=0.00104  patience=12/30  (23.4s)
  [PINN (ext. phy.)] epoch   5000  L_data=0.00541  L_phys=0.00069  L_ic=0.01177  L_total=0.02077  L_val=0.00257  patience=4/30  (29.5s)
  [PINN (ext. phy.)] epoch   6000  L_data=0.00320  L_phys=0.00104  L_ic=0.00023  L_total=0.00432  L_val=0.00079  patience=14/30  (35.6s)
  [PINN (ext. phy.)] epoch   7000  L_data=0.00310  L_phys=0.00051  L_ic=0.00014  L_total=0.00368  L_val=0.00069  patience=24/30  (40.9s)

  [PINN (ext. phy.)] Early stopping triggered at epoch 7600. Best val loss: 0.000658
  [PINN (ext. phy.)] early stop after 7600 epochs in 44.6s  (5.86 ms/epoch)  best val loss: 0.000658

======================================================================
Training PINN  (data + physics (only normal region) + IC loss)
======================================================================
  Parameters: 11954
  [PINN (blind)] epoch      1  L_data=0.38463  L_phys=0.00003  L_ic=0.43434  L_total=0.93146  L_val=0.31334  patience=0/30  (0.0s)
  [PINN (blind)] epoch   1000  L_data=0.00453  L_phys=0.00250  L_ic=0.00384  L_total=0.01134  L_val=0.00193  patience=0/30  (6.2s)
  [PINN (blind)] epoch   2000  L_data=0.00483  L_phys=0.00062  L_ic=0.00286  L_total=0.00893  L_val=0.00259  patience=3/30  (12.3s)
  [PINN (blind)] epoch   3000  L_data=0.00425  L_phys=0.00142  L_ic=0.00247  L_total=0.00849  L_val=0.00153  patience=4/30  (18.7s)
  [PINN (blind)] epoch   4000  L_data=0.00382  L_phys=0.00052  L_ic=0.00223  L_total=0.00703  L_val=0.00125  patience=7/30  (26.5s)
  [PINN (blind)] epoch   5000  L_data=0.00393  L_phys=0.00087  L_ic=0.00274  L_total=0.00806  L_val=0.00143  patience=4/30  (32.0s)
  [PINN (blind)] epoch   6000  L_data=0.00397  L_phys=0.00024  L_ic=0.00253  L_total=0.00734  L_val=0.00136  patience=3/30  (39.1s)
  [PINN (blind)] epoch   7000  L_data=0.00341  L_phys=0.00108  L_ic=0.00135  L_total=0.00597  L_val=0.00088  patience=5/30  (45.3s)
  [PINN (blind)] epoch   8000  L_data=0.00333  L_phys=0.00045  L_ic=0.00143  L_total=0.00549  L_val=0.00079  patience=3/30  (51.5s)
  [PINN (blind)] epoch   9000  L_data=0.00344  L_phys=0.00046  L_ic=0.00182  L_total=0.00610  L_val=0.00085  patience=13/30  (57.6s)
  [PINN (blind)] epoch  10000  L_data=0.00332  L_phys=0.00050  L_ic=0.00140  L_total=0.00549  L_val=0.00078  patience=23/30  (63.7s)
  [PINN (blind)] epoch  11000  L_data=0.00318  L_phys=0.00072  L_ic=0.00135  L_total=0.00545  L_val=0.00065  patience=0/30  (69.0s)
  [PINN (blind)] epoch  12000  L_data=0.00318  L_phys=0.00043  L_ic=0.00134  L_total=0.00521  L_val=0.00064  patience=0/30  (75.1s)
  [PINN (blind)] epoch  13000  L_data=0.00320  L_phys=0.00054  L_ic=0.00122  L_total=0.00516  L_val=0.00069  patience=10/30  (81.3s)
  [PINN (blind)] epoch  14000  L_data=0.00320  L_phys=0.00035  L_ic=0.00114  L_total=0.00492  L_val=0.00069  patience=4/30  (87.4s)
  [PINN (blind)] epoch  15000  L_data=0.00314  L_phys=0.00049  L_ic=0.00113  L_total=0.00495  L_val=0.00064  patience=8/30  (93.5s)
  [PINN (blind)] epoch  16000  L_data=0.00317  L_phys=0.00040  L_ic=0.00110  L_total=0.00487  L_val=0.00066  patience=18/30  (99.6s)
  [PINN (blind)] epoch  17000  L_data=0.00321  L_phys=0.00040  L_ic=0.00112  L_total=0.00494  L_val=0.00071  patience=6/30  (104.8s)
  [PINN (blind)] epoch  18000  L_data=0.00313  L_phys=0.00044  L_ic=0.00106  L_total=0.00481  L_val=0.00063  patience=4/30  (111.0s)
  [PINN (blind)] epoch  19000  L_data=0.00314  L_phys=0.00033  L_ic=0.00105  L_total=0.00473  L_val=0.00065  patience=14/30  (117.1s)
  [PINN (blind)] epoch  20000  L_data=0.00310  L_phys=0.00032  L_ic=0.00103  L_total=0.00465  L_val=0.00061  patience=24/30  (123.3s)

  [PINN (blind)] Early stopping triggered at epoch 20600. Best val loss: 0.000605
  [PINN (blind)] early stop after 20600 epochs in 127.0s  (6.16 ms/epoch)  best val loss: 0.000605

======================================================================
RESULTS SUMMARY  (best-val checkpoint)
======================================================================
  Metric                                 PINN (extended physics) PINN (blind)
  RMSE  (training interval)                    0.0260      0.0248
  RMSE  (extrapolation)                        0.0214      0.0211
  Physics Residual                             0.0399      0.0311
  True nu                                     0.0000
  nu_hat                                      0.1199     0.0812
  --------------------------------------------------------------
Viscosity: 1.0e-05, Nu Hat (blind): 0.0812, Nu Hat (ext phys): 0.1199
Loading precomputed analytic solution snapshots from ./AnalyticBurger/Step_1.0e-04_analytic_solution.npz...

Generating observation data for the Step initial condition...

======================================================================
Training PINN  (data + physics (normal + extrapolated) + IC loss)
======================================================================
  Parameters: 11954
  [PINN (ext. phy.)] epoch      1  L_data=0.36118  L_phys=0.00001  L_ic=0.40476  L_total=0.87075  L_val=0.27826  patience=0/30  (0.0s)
  [PINN (ext. phy.)] epoch   1000  L_data=0.00431  L_phys=0.01171  L_ic=0.00320  L_total=0.01764  L_val=0.00192  patience=1/30  (6.1s)
  [PINN (ext. phy.)] epoch   2000  L_data=0.00448  L_phys=0.00034  L_ic=0.00152  L_total=0.00666  L_val=0.00195  patience=4/30  (10.1s)
  [PINN (ext. phy.)] epoch   3000  L_data=0.00354  L_phys=0.00071  L_ic=0.00124  L_total=0.00567  L_val=0.00108  patience=2/30  (16.1s)
  [PINN (ext. phy.)] epoch   4000  L_data=0.00348  L_phys=0.00033  L_ic=0.00047  L_total=0.00433  L_val=0.00103  patience=12/30  (22.3s)
  [PINN (ext. phy.)] epoch   5000  L_data=0.00351  L_phys=0.00072  L_ic=0.00067  L_total=0.00492  L_val=0.00110  patience=4/30  (28.4s)
  [PINN (ext. phy.)] epoch   6000  L_data=0.00317  L_phys=0.00103  L_ic=0.00025  L_total=0.00430  L_val=0.00076  patience=14/30  (34.5s)
  [PINN (ext. phy.)] epoch   7000  L_data=0.00309  L_phys=0.00048  L_ic=0.00014  L_total=0.00365  L_val=0.00069  patience=24/30  (40.7s)

  [PINN (ext. phy.)] Early stopping triggered at epoch 7600. Best val loss: 0.000651
  [PINN (ext. phy.)] early stop after 7600 epochs in 44.3s  (5.83 ms/epoch)  best val loss: 0.000651

======================================================================
Training PINN  (data + physics (only normal region) + IC loss)
======================================================================
  Parameters: 11954
  [PINN (blind)] epoch      1  L_data=0.38460  L_phys=0.00003  L_ic=0.43434  L_total=0.93143  L_val=0.31332  patience=0/30  (0.0s)
  [PINN (blind)] epoch   1000  L_data=0.00452  L_phys=0.00249  L_ic=0.00384  L_total=0.01132  L_val=0.00192  patience=0/30  (5.4s)
  [PINN (blind)] epoch   2000  L_data=0.00482  L_phys=0.00062  L_ic=0.00286  L_total=0.00891  L_val=0.00258  patience=3/30  (11.5s)
  [PINN (blind)] epoch   3000  L_data=0.00424  L_phys=0.00142  L_ic=0.00247  L_total=0.00848  L_val=0.00152  patience=4/30  (17.7s)
  [PINN (blind)] epoch   4000  L_data=0.00380  L_phys=0.00052  L_ic=0.00223  L_total=0.00702  L_val=0.00124  patience=7/30  (23.8s)
  [PINN (blind)] epoch   5000  L_data=0.00398  L_phys=0.00074  L_ic=0.00269  L_total=0.00795  L_val=0.00145  patience=4/30  (30.0s)
  [PINN (blind)] epoch   6000  L_data=0.00382  L_phys=0.00028  L_ic=0.00237  L_total=0.00703  L_val=0.00123  patience=3/30  (36.1s)
  [PINN (blind)] epoch   7000  L_data=0.00338  L_phys=0.00120  L_ic=0.00129  L_total=0.00597  L_val=0.00086  patience=5/30  (41.3s)
  [PINN (blind)] epoch   8000  L_data=0.00332  L_phys=0.00041  L_ic=0.00142  L_total=0.00544  L_val=0.00078  patience=15/30  (47.5s)
  [PINN (blind)] epoch   9000  L_data=0.00390  L_phys=0.00146  L_ic=0.00264  L_total=0.00838  L_val=0.00114  patience=25/30  (53.6s)

  [PINN (blind)] Early stopping triggered at epoch 9500. Best val loss: 0.000704
  [PINN (blind)] early stop after 9500 epochs in 56.7s  (5.97 ms/epoch)  best val loss: 0.000704

======================================================================
RESULTS SUMMARY  (best-val checkpoint)
======================================================================
  Metric                                 PINN (extended physics) PINN (blind)
  RMSE  (training interval)                    0.0257      0.0267
  RMSE  (extrapolation)                        0.0208      0.0206
  Physics Residual                             0.0399      0.0270
  True nu                                     0.0001
  nu_hat                                      0.1200     0.0945
  --------------------------------------------------------------
Viscosity: 1.0e-04, Nu Hat (blind): 0.0945, Nu Hat (ext phys): 0.1200
Loading precomputed analytic solution snapshots from ./AnalyticBurger/Step_1.0e-03_analytic_solution.npz...

Generating observation data for the Step initial condition...

======================================================================
Training PINN  (data + physics (normal + extrapolated) + IC loss)
======================================================================
  Parameters: 11954
  [PINN (ext. phy.)] epoch      1  L_data=0.36091  L_phys=0.00001  L_ic=0.40476  L_total=0.87048  L_val=0.27802  patience=0/30  (0.0s)
  [PINN (ext. phy.)] epoch   1000  L_data=0.00421  L_phys=0.01167  L_ic=0.00319  L_total=0.01750  L_val=0.00184  patience=1/30  (6.2s)
  [PINN (ext. phy.)] epoch   2000  L_data=0.00438  L_phys=0.00032  L_ic=0.00152  L_total=0.00654  L_val=0.00186  patience=4/30  (12.3s)
  [PINN (ext. phy.)] epoch   3000  L_data=0.00346  L_phys=0.00067  L_ic=0.00121  L_total=0.00551  L_val=0.00102  patience=2/30  (17.7s)
  [PINN (ext. phy.)] epoch   4000  L_data=0.00341  L_phys=0.00031  L_ic=0.00048  L_total=0.00426  L_val=0.00098  patience=12/30  (23.8s)
  [PINN (ext. phy.)] epoch   5000  L_data=0.00341  L_phys=0.00072  L_ic=0.00066  L_total=0.00482  L_val=0.00096  patience=7/30  (30.0s)
  [PINN (ext. phy.)] epoch   6000  L_data=0.00314  L_phys=0.00090  L_ic=0.00029  L_total=0.00421  L_val=0.00073  patience=17/30  (36.2s)
  [PINN (ext. phy.)] epoch   7000  L_data=0.00305  L_phys=0.00045  L_ic=0.00014  L_total=0.00359  L_val=0.00065  patience=2/30  (42.3s)
  [PINN (ext. phy.)] epoch   8000  L_data=0.00304  L_phys=0.00030  L_ic=0.00016  L_total=0.00348  L_val=0.00064  patience=12/30  (48.4s)
  [PINN (ext. phy.)] epoch   9000  L_data=0.00298  L_phys=0.00044  L_ic=0.00012  L_total=0.00348  L_val=0.00058  patience=3/30  (53.6s)
  [PINN (ext. phy.)] epoch  10000  L_data=0.00295  L_phys=0.00055  L_ic=0.00007  L_total=0.00347  L_val=0.00055  patience=13/30  (59.8s)
  [PINN (ext. phy.)] epoch  11000  L_data=0.00297  L_phys=0.00020  L_ic=0.00007  L_total=0.00322  L_val=0.00056  patience=4/30  (65.9s)
  [PINN (ext. phy.)] epoch  12000  L_data=0.00302  L_phys=0.00025  L_ic=0.00005  L_total=0.00328  L_val=0.00061  patience=3/30  (72.1s)
  [PINN (ext. phy.)] epoch  13000  L_data=0.00294  L_phys=0.00013  L_ic=0.00004  L_total=0.00309  L_val=0.00054  patience=13/30  (78.2s)
  [PINN (ext. phy.)] epoch  14000  L_data=0.00290  L_phys=0.00047  L_ic=0.00004  L_total=0.00332  L_val=0.00051  patience=6/30  (84.4s)
  [PINN (ext. phy.)] epoch  15000  L_data=0.00303  L_phys=0.00032  L_ic=0.00008  L_total=0.00339  L_val=0.00055  patience=9/30  (89.0s)
  [PINN (ext. phy.)] epoch  16000  L_data=0.00293  L_phys=0.00034  L_ic=0.00003  L_total=0.00323  L_val=0.00052  patience=19/30  (94.5s)
  [PINN (ext. phy.)] epoch  17000  L_data=0.00288  L_phys=0.00036  L_ic=0.00002  L_total=0.00320  L_val=0.00048  patience=29/30  (100.6s)

  [PINN (ext. phy.)] Early stopping triggered at epoch 17100. Best val loss: 0.000439
  [PINN (ext. phy.)] early stop after 17100 epochs in 101.2s  (5.92 ms/epoch)  best val loss: 0.000439

======================================================================
Training PINN  (data + physics (only normal region) + IC loss)
======================================================================
  Parameters: 11954
  [PINN (blind)] epoch      1  L_data=0.35201  L_phys=0.00002  L_ic=0.39508  L_total=0.84941  L_val=0.27734  patience=0/30  (0.0s)
  [PINN (blind)] epoch   1000  L_data=0.00509  L_phys=0.00089  L_ic=0.00341  L_total=0.01008  L_val=0.00251  patience=1/30  (6.2s)
  [PINN (blind)] epoch   2000  L_data=0.00482  L_phys=0.00041  L_ic=0.00363  L_total=0.00972  L_val=0.00235  patience=3/30  (12.3s)
  [PINN (blind)] epoch   3000  L_data=0.00402  L_phys=0.00071  L_ic=0.00301  L_total=0.00837  L_val=0.00142  patience=4/30  (18.5s)
  [PINN (blind)] epoch   4000  L_data=0.00375  L_phys=0.00067  L_ic=0.00207  L_total=0.00688  L_val=0.00125  patience=0/30  (24.3s)
  [PINN (blind)] epoch   5000  L_data=0.00410  L_phys=0.00056  L_ic=0.00310  L_total=0.00845  L_val=0.00163  patience=9/30  (29.8s)
  [PINN (blind)] epoch   6000  L_data=0.00340  L_phys=0.00088  L_ic=0.00201  L_total=0.00662  L_val=0.00090  patience=0/30  (36.0s)
  [PINN (blind)] epoch   7000  L_data=0.00368  L_phys=0.00147  L_ic=0.00281  L_total=0.00839  L_val=0.00114  patience=2/30  (42.1s)
  [PINN (blind)] epoch   8000  L_data=0.00380  L_phys=0.00020  L_ic=0.00267  L_total=0.00731  L_val=0.00108  patience=12/30  (48.9s)
  [PINN (blind)] epoch   9000  L_data=0.00338  L_phys=0.00053  L_ic=0.00174  L_total=0.00600  L_val=0.00080  patience=22/30  (55.1s)

  [PINN (blind)] Early stopping triggered at epoch 9800. Best val loss: 0.000689
  [PINN (blind)] early stop after 9800 epochs in 59.9s  (6.11 ms/epoch)  best val loss: 0.000689

======================================================================
RESULTS SUMMARY  (best-val checkpoint)
======================================================================
  Metric                                 PINN (extended physics) PINN (blind)
  RMSE  (training interval)                    0.0211      0.0263
  RMSE  (extrapolation)                        0.0184      0.0220
  Physics Residual                             0.0372      0.0298
  True nu                                     0.0010
  nu_hat                                      0.0873     0.1020
  --------------------------------------------------------------
Viscosity: 1.0e-03, Nu Hat (blind): 0.1020, Nu Hat (ext phys): 0.0873
Loading precomputed analytic solution snapshots from ./AnalyticBurger/Step_1.0e-02_analytic_solution.npz...

Generating observation data for the Step initial condition...

======================================================================
Training PINN  (data + physics (normal + extrapolated) + IC loss)
======================================================================
  Parameters: 11954
  [PINN (ext. phy.)] epoch      1  L_data=0.35884  L_phys=0.00001  L_ic=0.40476  L_total=0.86841  L_val=0.27619  patience=0/30  (0.0s)
  [PINN (ext. phy.)] epoch   1000  L_data=0.00363  L_phys=0.01147  L_ic=0.00317  L_total=0.01674  L_val=0.00138  patience=1/30  (6.2s)
  [PINN (ext. phy.)] epoch   2000  L_data=0.00399  L_phys=0.00019  L_ic=0.00151  L_total=0.00604  L_val=0.00156  patience=4/30  (12.3s)
  [PINN (ext. phy.)] epoch   3000  L_data=0.00313  L_phys=0.00035  L_ic=0.00104  L_total=0.00472  L_val=0.00072  patience=2/30  (18.5s)
  [PINN (ext. phy.)] epoch   4000  L_data=0.00299  L_phys=0.00018  L_ic=0.00040  L_total=0.00363  L_val=0.00065  patience=2/30  (24.7s)
  [PINN (ext. phy.)] epoch   5000  L_data=0.00385  L_phys=0.00048  L_ic=0.00731  L_total=0.01344  L_val=0.00120  patience=12/30  (30.8s)
  [PINN (ext. phy.)] epoch   6000  L_data=0.00283  L_phys=0.00058  L_ic=0.00022  L_total=0.00357  L_val=0.00046  patience=22/30  (36.0s)

  [PINN (ext. phy.)] Early stopping triggered at epoch 6800. Best val loss: 0.000344
  [PINN (ext. phy.)] early stop after 6800 epochs in 40.9s  (6.02 ms/epoch)  best val loss: 0.000344

======================================================================
Training PINN  (data + physics (only normal region) + IC loss)
======================================================================
  Parameters: 11954
  [PINN (blind)] epoch      1  L_data=0.46707  L_phys=0.00002  L_ic=0.52249  L_total=1.12486  L_val=0.36578  patience=0/30  (0.0s)
  [PINN (blind)] epoch   1000  L_data=0.00464  L_phys=0.01699  L_ic=0.00390  L_total=0.02305  L_val=0.00199  patience=3/30  (6.1s)
  [PINN (blind)] epoch   2000  L_data=0.00384  L_phys=0.00057  L_ic=0.00365  L_total=0.00890  L_val=0.00148  patience=2/30  (12.3s)
  [PINN (blind)] epoch   3000  L_data=0.00357  L_phys=0.00057  L_ic=0.00233  L_total=0.00696  L_val=0.00124  patience=4/30  (18.4s)
  [PINN (blind)] epoch   4000  L_data=0.00330  L_phys=0.00049  L_ic=0.00235  L_total=0.00665  L_val=0.00085  patience=6/30  (24.6s)
  [PINN (blind)] epoch   5000  L_data=0.00307  L_phys=0.00294  L_ic=0.00189  L_total=0.00778  L_val=0.00062  patience=0/30  (30.1s)
  [PINN (blind)] epoch   6000  L_data=0.00311  L_phys=0.00139  L_ic=0.00150  L_total=0.00610  L_val=0.00070  patience=1/30  (36.0s)
  [PINN (blind)] epoch   7000  L_data=0.00294  L_phys=0.00034  L_ic=0.00172  L_total=0.00538  L_val=0.00052  patience=3/30  (42.2s)
  [PINN (blind)] epoch   8000  L_data=0.00290  L_phys=0.00051  L_ic=0.00152  L_total=0.00522  L_val=0.00047  patience=13/30  (48.3s)
  [PINN (blind)] epoch   9000  L_data=0.00283  L_phys=0.00948  L_ic=0.00142  L_total=0.01214  L_val=0.00041  patience=0/30  (54.5s)
  [PINN (blind)] epoch  10000  L_data=0.00290  L_phys=0.00030  L_ic=0.00150  L_total=0.00503  L_val=0.00046  patience=10/30  (61.4s)
  [PINN (blind)] epoch  11000  L_data=0.00289  L_phys=0.00026  L_ic=0.00134  L_total=0.00478  L_val=0.00046  patience=20/30  (66.7s)
  [PINN (blind)] epoch  12000  L_data=0.00290  L_phys=0.00041  L_ic=0.00171  L_total=0.00538  L_val=0.00046  patience=2/30  (71.4s)
  [PINN (blind)] epoch  13000  L_data=0.00280  L_phys=0.00036  L_ic=0.00122  L_total=0.00463  L_val=0.00038  patience=12/30  (77.6s)
  [PINN (blind)] epoch  14000  L_data=0.00283  L_phys=0.00042  L_ic=0.00124  L_total=0.00472  L_val=0.00038  patience=4/30  (83.7s)
  [PINN (blind)] epoch  15000  L_data=0.00281  L_phys=0.00021  L_ic=0.00111  L_total=0.00437  L_val=0.00040  patience=14/30  (89.9s)
  [PINN (blind)] epoch  16000  L_data=0.00276  L_phys=0.00024  L_ic=0.00107  L_total=0.00431  L_val=0.00035  patience=0/30  (96.0s)
  [PINN (blind)] epoch  17000  L_data=0.00280  L_phys=0.00023  L_ic=0.00111  L_total=0.00438  L_val=0.00040  patience=10/30  (102.1s)
  [PINN (blind)] epoch  18000  L_data=0.00276  L_phys=0.00036  L_ic=0.00104  L_total=0.00436  L_val=0.00036  patience=20/30  (107.4s)
  [PINN (blind)] epoch  19000  L_data=0.00276  L_phys=0.00073  L_ic=0.00103  L_total=0.00464  L_val=0.00036  patience=1/30  (113.6s)
  [PINN (blind)] epoch  20000  L_data=0.00274  L_phys=0.00138  L_ic=0.00099  L_total=0.00508  L_val=0.00033  patience=0/30  (119.7s)
  [PINN (blind)] epoch  21000  L_data=0.00276  L_phys=0.00022  L_ic=0.00099  L_total=0.00418  L_val=0.00036  patience=10/30  (125.9s)
  [PINN (blind)] epoch  22000  L_data=0.00274  L_phys=0.00030  L_ic=0.00098  L_total=0.00421  L_val=0.00034  patience=20/30  (132.1s)
  [PINN (blind)] epoch  23000  L_data=0.00275  L_phys=0.00020  L_ic=0.00097  L_total=0.00412  L_val=0.00035  patience=30/30  (138.1s)

  [PINN (blind)] Early stopping triggered at epoch 23000. Best val loss: 0.000333
  [PINN (blind)] early stop after 23000 epochs in 138.1s  (6.01 ms/epoch)  best val loss: 0.000333

======================================================================
RESULTS SUMMARY  (best-val checkpoint)
======================================================================
  Metric                                 PINN (extended physics) PINN (blind)
  RMSE  (training interval)                    0.0186      0.0182
  RMSE  (extrapolation)                        0.0146      0.0193
  Physics Residual                             0.0361      0.0304
  True nu                                     0.0100
  nu_hat                                      0.1347     0.0891
  --------------------------------------------------------------
Viscosity: 1.0e-02, Nu Hat (blind): 0.0891, Nu Hat (ext phys): 0.1347
Loading precomputed analytic solution snapshots from ./AnalyticBurger/Step_1.0e-01_analytic_solution.npz...

Generating observation data for the Step initial condition...

======================================================================
Training PINN  (data + physics (normal + extrapolated) + IC loss)
======================================================================
  Parameters: 11954
  [PINN (ext. phy.)] epoch      1  L_data=0.34897  L_phys=0.00001  L_ic=0.40476  L_total=0.85854  L_val=0.26668  patience=0/30  (0.0s)
  [PINN (ext. phy.)] epoch   1000  L_data=0.00271  L_phys=0.01148  L_ic=0.00374  L_total=0.01654  L_val=0.00044  patience=1/30  (5.8s)
  [PINN (ext. phy.)] epoch   2000  L_data=0.00268  L_phys=0.00003  L_ic=0.00159  L_total=0.00472  L_val=0.00028  patience=4/30  (12.0s)
  [PINN (ext. phy.)] epoch   3000  L_data=0.00248  L_phys=0.00032  L_ic=0.00153  L_total=0.00466  L_val=0.00017  patience=5/30  (18.1s)
  [PINN (ext. phy.)] epoch   4000  L_data=0.00243  L_phys=0.00012  L_ic=0.00049  L_total=0.00314  L_val=0.00006  patience=4/30  (24.3s)
  [PINN (ext. phy.)] epoch   5000  L_data=0.00280  L_phys=0.00010  L_ic=0.00255  L_total=0.00609  L_val=0.00020  patience=9/30  (30.4s)
  [PINN (ext. phy.)] epoch   6000  L_data=0.00242  L_phys=0.00003  L_ic=0.00022  L_total=0.00272  L_val=0.00003  patience=7/30  (36.1s)
  [PINN (ext. phy.)] epoch   7000  L_data=0.00243  L_phys=0.00014  L_ic=0.00013  L_total=0.00270  L_val=0.00005  patience=17/30  (41.9s)
  [PINN (ext. phy.)] epoch   8000  L_data=0.00240  L_phys=0.00005  L_ic=0.00010  L_total=0.00257  L_val=0.00002  patience=27/30  (48.1s)

  [PINN (ext. phy.)] Early stopping triggered at epoch 8300. Best val loss: 0.000014
  [PINN (ext. phy.)] early stop after 8300 epochs in 49.9s  (6.01 ms/epoch)  best val loss: 0.000014

======================================================================
Training PINN  (data + physics (only normal region) + IC loss)
======================================================================
  Parameters: 11954
  [PINN (blind)] epoch      1  L_data=0.57963  L_phys=0.00004  L_ic=0.66497  L_total=1.41681  L_val=0.47878  patience=0/30  (0.0s)
  [PINN (blind)] epoch   1000  L_data=0.00277  L_phys=0.00031  L_ic=0.00359  L_total=0.00753  L_val=0.00034  patience=0/30  (6.5s)
  [PINN (blind)] epoch   2000  L_data=0.00294  L_phys=0.00111  L_ic=0.00542  L_total=0.01065  L_val=0.00036  patience=1/30  (12.6s)
  [PINN (blind)] epoch   3000  L_data=0.00250  L_phys=0.00367  L_ic=0.00312  L_total=0.00934  L_val=0.00011  patience=0/30  (18.8s)
  [PINN (blind)] epoch   4000  L_data=0.00249  L_phys=0.00037  L_ic=0.00267  L_total=0.00615  L_val=0.00011  patience=1/30  (24.0s)
  [PINN (blind)] epoch   5000  L_data=0.00243  L_phys=0.00051  L_ic=0.00211  L_total=0.00549  L_val=0.00004  patience=0/30  (30.1s)
  [PINN (blind)] epoch   6000  L_data=0.00267  L_phys=0.00032  L_ic=0.00285  L_total=0.00650  L_val=0.00029  patience=10/30  (36.3s)
  [PINN (blind)] epoch   7000  L_data=0.00243  L_phys=0.00003  L_ic=0.00176  L_total=0.00467  L_val=0.00005  patience=4/30  (42.4s)
  [PINN (blind)] epoch   8000  L_data=0.00240  L_phys=0.00004  L_ic=0.00148  L_total=0.00430  L_val=0.00003  patience=14/30  (48.6s)
  [PINN (blind)] epoch   9000  L_data=0.00240  L_phys=0.00004  L_ic=0.00142  L_total=0.00422  L_val=0.00003  patience=9/30  (54.7s)
  [PINN (blind)] epoch  10000  L_data=0.00243  L_phys=0.00030  L_ic=0.00145  L_total=0.00449  L_val=0.00006  patience=19/30  (59.8s)
  [PINN (blind)] epoch  11000  L_data=0.00241  L_phys=0.00003  L_ic=0.00138  L_total=0.00417  L_val=0.00003  patience=29/30  (64.8s)
  [PINN (blind)] epoch  12000  L_data=0.00239  L_phys=0.00008  L_ic=0.00132  L_total=0.00411  L_val=0.00002  patience=5/30  (71.0s)
  [PINN (blind)] epoch  13000  L_data=0.00239  L_phys=0.00003  L_ic=0.00121  L_total=0.00394  L_val=0.00002  patience=15/30  (77.1s)
  [PINN (blind)] epoch  14000  L_data=0.00239  L_phys=0.00026  L_ic=0.00118  L_total=0.00408  L_val=0.00002  patience=25/30  (83.3s)

  [PINN (blind)] Early stopping triggered at epoch 14500. Best val loss: 0.000020
  [PINN (blind)] early stop after 14500 epochs in 86.3s  (5.96 ms/epoch)  best val loss: 0.000020

======================================================================
RESULTS SUMMARY  (best-val checkpoint)
======================================================================
  Metric                                 PINN (extended physics) PINN (blind)
  RMSE  (training interval)                    0.0039      0.0042
  RMSE  (extrapolation)                        0.0030      0.0034
  Physics Residual                             0.0146      0.0112
  True nu                                     0.1000
  nu_hat                                      0.1450     0.1203
  --------------------------------------------------------------
Viscosity: 1.0e-01, Nu Hat (blind): 0.1203, Nu Hat (ext phys): 0.1450
Loading precomputed analytic solution snapshots from ./AnalyticBurger/Step_1.0e+00_analytic_solution.npz...

Generating observation data for the Step initial condition...

======================================================================
Training PINN  (data + physics (normal + extrapolated) + IC loss)
======================================================================
  Parameters: 11954
  [PINN (ext. phy.)] epoch      1  L_data=0.31136  L_phys=0.00001  L_ic=0.40476  L_total=0.82093  L_val=0.23264  patience=0/30  (0.0s)
  [PINN (ext. phy.)] epoch   1000  L_data=0.00351  L_phys=0.01286  L_ic=0.00334  L_total=0.01794  L_val=0.00072  patience=7/30  (6.0s)
  [PINN (ext. phy.)] epoch   2000  L_data=0.00348  L_phys=0.00046  L_ic=0.00249  L_total=0.00698  L_val=0.00118  patience=17/30  (11.7s)
  [PINN (ext. phy.)] epoch   3000  L_data=0.00315  L_phys=0.00114  L_ic=0.00166  L_total=0.00615  L_val=0.00104  patience=27/30  (18.9s)

  [PINN (ext. phy.)] Early stopping triggered at epoch 3300. Best val loss: 0.000463
  [PINN (ext. phy.)] early stop after 3300 epochs in 21.2s  (6.43 ms/epoch)  best val loss: 0.000463

======================================================================
Training PINN  (data + physics (only normal region) + IC loss)
======================================================================
  Parameters: 11954
  [PINN (blind)] epoch      1  L_data=0.44255  L_phys=0.00008  L_ic=0.55788  L_total=1.14494  L_val=0.35224  patience=0/30  (0.0s)
  [PINN (blind)] epoch   1000  L_data=0.00385  L_phys=0.00076  L_ic=0.00389  L_total=0.00935  L_val=0.00151  patience=2/30  (7.9s)
  [PINN (blind)] epoch   2000  L_data=0.00314  L_phys=0.00082  L_ic=0.00376  L_total=0.00853  L_val=0.00084  patience=12/30  (15.8s)
  [PINN (blind)] epoch   3000  L_data=0.00371  L_phys=0.00098  L_ic=0.00677  L_total=0.01301  L_val=0.00120  patience=22/30  (21.6s)

  [PINN (blind)] Early stopping triggered at epoch 3800. Best val loss: 0.000627
  [PINN (blind)] early stop after 3800 epochs in 26.5s  (6.97 ms/epoch)  best val loss: 0.000627

======================================================================
RESULTS SUMMARY  (best-val checkpoint)
======================================================================
  Metric                                 PINN (extended physics) PINN (blind)
  RMSE  (training interval)                    0.0215      0.0251
  RMSE  (extrapolation)                        0.0192      0.0188
  Physics Residual                             0.1010      0.1056
  True nu                                     1.0000
  nu_hat                                      0.2917     0.2556
  --------------------------------------------------------------
Viscosity: 1.0e+00, Nu Hat (blind): 0.2556, Nu Hat (ext phys): 0.2917
Loading precomputed analytic solution snapshots from ./AnalyticBurger/Step_1.0e+01_analytic_solution.npz...

Generating observation data for the Step initial condition...

======================================================================
Training PINN  (data + physics (normal + extrapolated) + IC loss)
======================================================================
  Parameters: 11954
  [PINN (ext. phy.)] epoch      1  L_data=0.21701  L_phys=0.00001  L_ic=0.40476  L_total=0.72658  L_val=0.15371  patience=0/30  (0.0s)
  [PINN (ext. phy.)] epoch   1000  L_data=0.00765  L_phys=0.01914  L_ic=0.00492  L_total=0.02905  L_val=0.00397  patience=6/30  (6.8s)
  [PINN (ext. phy.)] epoch   2000  L_data=0.00772  L_phys=0.00494  L_ic=0.00321  L_total=0.01569  L_val=0.00492  patience=9/30  (13.5s)
  [PINN (ext. phy.)] epoch   3000  L_data=0.00676  L_phys=0.00825  L_ic=0.00283  L_total=0.01688  L_val=0.00408  patience=19/30  (21.5s)
  [PINN (ext. phy.)] epoch   4000  L_data=0.00717  L_phys=0.00906  L_ic=0.00246  L_total=0.01747  L_val=0.00423  patience=29/30  (27.9s)

  [PINN (ext. phy.)] Early stopping triggered at epoch 4100. Best val loss: 0.002722
  [PINN (ext. phy.)] early stop after 4100 epochs in 28.7s  (6.99 ms/epoch)  best val loss: 0.002722

======================================================================
Training PINN  (data + physics (only normal region) + IC loss)
======================================================================
  Parameters: 11954
  [PINN (blind)] epoch      1  L_data=0.35113  L_phys=0.00002  L_ic=0.55749  L_total=1.05298  L_val=0.29180  patience=0/30  (0.0s)
  [PINN (blind)] epoch   1000  L_data=0.00796  L_phys=0.01088  L_ic=0.01101  L_total=0.03045  L_val=0.00404  patience=0/30  (6.6s)
  [PINN (blind)] epoch   2000  L_data=0.00924  L_phys=0.00699  L_ic=0.00609  L_total=0.02246  L_val=0.00660  patience=10/30  (12.8s)
  [PINN (blind)] epoch   3000  L_data=0.00855  L_phys=0.00752  L_ic=0.00657  L_total=0.02279  L_val=0.00529  patience=20/30  (19.2s)
  [PINN (blind)] epoch   4000  L_data=0.00893  L_phys=0.00758  L_ic=0.00466  L_total=0.02082  L_val=0.00622  patience=30/30  (25.9s)

  [PINN (blind)] Early stopping triggered at epoch 4000. Best val loss: 0.004042
  [PINN (blind)] early stop after 4000 epochs in 25.9s  (6.47 ms/epoch)  best val loss: 0.004042

======================================================================
RESULTS SUMMARY  (best-val checkpoint)
======================================================================
  Metric                                 PINN (extended physics) PINN (blind)
  RMSE  (training interval)                    0.0526      0.0640
  RMSE  (extrapolation)                        0.0472      0.0437
  Physics Residual                             1.1296      1.2078
  True nu                                    10.0000
  nu_hat                                      0.2820     0.3322
  --------------------------------------------------------------
Viscosity: 1.0e+01, Nu Hat (blind): 0.3322, Nu Hat (ext phys): 0.2820
Loading precomputed analytic solution snapshots from ./AnalyticBurger/Step_2.0e-01_analytic_solution.npz...

Generating observation data for the Step initial condition...

======================================================================
Training PINN  (data + physics (normal + extrapolated) + IC loss)
======================================================================
  Parameters: 11954
  [PINN (ext. phy.)] epoch      1  L_data=0.34223  L_phys=0.00001  L_ic=0.40476  L_total=0.85180  L_val=0.26030  patience=0/30  (0.0s)
  [PINN (ext. phy.)] epoch   1000  L_data=0.00264  L_phys=0.01220  L_ic=0.00320  L_total=0.01636  L_val=0.00019  patience=3/30  (5.2s)
  [PINN (ext. phy.)] epoch   2000  L_data=0.00256  L_phys=0.00010  L_ic=0.00161  L_total=0.00466  L_val=0.00014  patience=4/30  (11.4s)
  [PINN (ext. phy.)] epoch   3000  L_data=0.00249  L_phys=0.00055  L_ic=0.00276  L_total=0.00640  L_val=0.00013  patience=14/30  (17.6s)
  [PINN (ext. phy.)] epoch   4000  L_data=0.00243  L_phys=0.00024  L_ic=0.00035  L_total=0.00306  L_val=0.00004  patience=24/30  (23.7s)

  [PINN (ext. phy.)] Early stopping triggered at epoch 4600. Best val loss: 0.000035
  [PINN (ext. phy.)] early stop after 4600 epochs in 27.4s  (5.96 ms/epoch)  best val loss: 0.000035

======================================================================
Training PINN  (data + physics (only normal region) + IC loss)
======================================================================
  Parameters: 11954
  [PINN (blind)] epoch      1  L_data=0.55751  L_phys=0.00001  L_ic=0.64672  L_total=1.37168  L_val=0.45078  patience=0/30  (0.0s)
  [PINN (blind)] epoch   1000  L_data=0.00271  L_phys=0.00041  L_ic=0.00415  L_total=0.00826  L_val=0.00018  patience=1/30  (6.2s)
  [PINN (blind)] epoch   2000  L_data=0.00249  L_phys=0.00017  L_ic=0.00250  L_total=0.00578  L_val=0.00011  patience=7/30  (11.9s)
  [PINN (blind)] epoch   3000  L_data=0.00245  L_phys=0.00014  L_ic=0.00316  L_total=0.00653  L_val=0.00032  patience=2/30  (16.2s)
  [PINN (blind)] epoch   4000  L_data=0.00251  L_phys=0.00005  L_ic=0.00224  L_total=0.00537  L_val=0.00010  patience=3/30  (22.4s)
  [PINN (blind)] epoch   5000  L_data=0.00245  L_phys=0.00014  L_ic=0.00199  L_total=0.00506  L_val=0.00009  patience=13/30  (28.6s)
  [PINN (blind)] epoch   6000  L_data=0.00247  L_phys=0.00078  L_ic=0.00159  L_total=0.00509  L_val=0.00009  patience=23/30  (34.7s)

  [PINN (blind)] Early stopping triggered at epoch 6700. Best val loss: 0.000038
  [PINN (blind)] early stop after 6700 epochs in 39.0s  (5.83 ms/epoch)  best val loss: 0.000038

======================================================================
RESULTS SUMMARY  (best-val checkpoint)
======================================================================
  Metric                                 PINN (extended physics) PINN (blind)
  RMSE  (training interval)                    0.0057      0.0058
  RMSE  (extrapolation)                        0.0034      0.0041
  Physics Residual                             0.0114      0.0127
  True nu                                     0.2000
  nu_hat                                      0.2057     0.1526
  --------------------------------------------------------------
Viscosity: 2.0e-01, Nu Hat (blind): 0.1526, Nu Hat (ext phys): 0.2057
Loading precomputed analytic solution snapshots from ./AnalyticBurger/Step_3.0e-01_analytic_solution.npz...

Generating observation data for the Step initial condition...

======================================================================
Training PINN  (data + physics (normal + extrapolated) + IC loss)
======================================================================
  Parameters: 11954
  [PINN (ext. phy.)] epoch      1  L_data=0.33682  L_phys=0.00001  L_ic=0.40476  L_total=0.84639  L_val=0.25528  patience=0/30  (0.0s)
  [PINN (ext. phy.)] epoch   1000  L_data=0.00249  L_phys=0.01243  L_ic=0.00286  L_total=0.01596  L_val=0.00019  patience=3/30  (6.1s)
  [PINN (ext. phy.)] epoch   2000  L_data=0.00260  L_phys=0.00009  L_ic=0.00158  L_total=0.00467  L_val=0.00011  patience=3/30  (11.5s)
  [PINN (ext. phy.)] epoch   3000  L_data=0.00249  L_phys=0.00019  L_ic=0.00103  L_total=0.00393  L_val=0.00012  patience=13/30  (17.7s)
  [PINN (ext. phy.)] epoch   4000  L_data=0.00250  L_phys=0.00035  L_ic=0.00050  L_total=0.00340  L_val=0.00011  patience=23/30  (23.8s)

  [PINN (ext. phy.)] Early stopping triggered at epoch 4700. Best val loss: 0.000082
  [PINN (ext. phy.)] early stop after 4700 epochs in 28.1s  (5.98 ms/epoch)  best val loss: 0.000082

======================================================================
Training PINN  (data + physics (only normal region) + IC loss)
======================================================================
  Parameters: 11954
  [PINN (blind)] epoch      1  L_data=0.52065  L_phys=0.00005  L_ic=0.60202  L_total=1.27858  L_val=0.40686  patience=0/30  (0.0s)
  [PINN (blind)] epoch   1000  L_data=0.00257  L_phys=0.00022  L_ic=0.00307  L_total=0.00661  L_val=0.00028  patience=3/30  (6.2s)
  [PINN (blind)] epoch   2000  L_data=0.00263  L_phys=0.00019  L_ic=0.00565  L_total=0.00989  L_val=0.00012  patience=13/30  (12.3s)
  [PINN (blind)] epoch   3000  L_data=0.00262  L_phys=0.00029  L_ic=0.00319  L_total=0.00686  L_val=0.00028  patience=9/30  (17.6s)
  [PINN (blind)] epoch   4000  L_data=0.00254  L_phys=0.00026  L_ic=0.00174  L_total=0.00493  L_val=0.00016  patience=19/30  (23.8s)
  [PINN (blind)] epoch   5000  L_data=0.00252  L_phys=0.00168  L_ic=0.00273  L_total=0.00729  L_val=0.00025  patience=29/30  (29.9s)

  [PINN (blind)] Early stopping triggered at epoch 5100. Best val loss: 0.000050
  [PINN (blind)] early stop after 5100 epochs in 30.5s  (5.99 ms/epoch)  best val loss: 0.000050

======================================================================
RESULTS SUMMARY  (best-val checkpoint)
======================================================================
  Metric                                 PINN (extended physics) PINN (blind)
  RMSE  (training interval)                    0.0090      0.0068
  RMSE  (extrapolation)                        0.0102      0.0087
  Physics Residual                             0.0189      0.0163
  True nu                                     0.3000
  nu_hat                                      0.2086     0.1962
  --------------------------------------------------------------
Viscosity: 3.0e-01, Nu Hat (blind): 0.1962, Nu Hat (ext phys): 0.2086
Loading precomputed analytic solution snapshots from ./AnalyticBurger/Step_4.0e-01_analytic_solution.npz...

Generating observation data for the Step initial condition...

======================================================================
Training PINN  (data + physics (normal + extrapolated) + IC loss)
======================================================================
  Parameters: 11954
  [PINN (ext. phy.)] epoch      1  L_data=0.33217  L_phys=0.00001  L_ic=0.40476  L_total=0.84173  L_val=0.25099  patience=0/30  (0.0s)
  [PINN (ext. phy.)] epoch   1000  L_data=0.00275  L_phys=0.01223  L_ic=0.00326  L_total=0.01658  L_val=0.00020  patience=3/30  (6.2s)
  [PINN (ext. phy.)] epoch   2000  L_data=0.00282  L_phys=0.00012  L_ic=0.00210  L_total=0.00556  L_val=0.00035  patience=1/30  (12.3s)
  [PINN (ext. phy.)] epoch   3000  L_data=0.00263  L_phys=0.00014  L_ic=0.00128  L_total=0.00435  L_val=0.00029  patience=11/30  (18.2s)
  [PINN (ext. phy.)] epoch   4000  L_data=0.00266  L_phys=0.00031  L_ic=0.00064  L_total=0.00372  L_val=0.00028  patience=21/30  (23.8s)

  [PINN (ext. phy.)] Early stopping triggered at epoch 4900. Best val loss: 0.000138
  [PINN (ext. phy.)] early stop after 4900 epochs in 29.3s  (5.98 ms/epoch)  best val loss: 0.000138

======================================================================
Training PINN  (data + physics (only normal region) + IC loss)
======================================================================
  Parameters: 11954
  [PINN (blind)] epoch      1  L_data=0.44389  L_phys=0.00000  L_ic=0.53036  L_total=1.11159  L_val=0.34691  patience=0/30  (0.0s)
  [PINN (blind)] epoch   1000  L_data=0.00254  L_phys=0.00025  L_ic=0.00373  L_total=0.00743  L_val=0.00020  patience=1/30  (6.2s)
  [PINN (blind)] epoch   2000  L_data=0.00251  L_phys=0.00536  L_ic=0.00321  L_total=0.01081  L_val=0.00019  patience=11/30  (12.3s)
  [PINN (blind)] epoch   3000  L_data=0.00271  L_phys=0.00028  L_ic=0.00253  L_total=0.00612  L_val=0.00036  patience=21/30  (18.5s)

  [PINN (blind)] Early stopping triggered at epoch 3900. Best val loss: 0.000167
  [PINN (blind)] early stop after 3900 epochs in 24.0s  (6.14 ms/epoch)  best val loss: 0.000167

======================================================================
RESULTS SUMMARY  (best-val checkpoint)
======================================================================
  Metric                                 PINN (extended physics) PINN (blind)
  RMSE  (training interval)                    0.0117      0.0128
  RMSE  (extrapolation)                        0.0151      0.0083
  Physics Residual                             0.0237      0.0346
  True nu                                     0.4000
  nu_hat                                      0.2079     0.2413
  --------------------------------------------------------------
Viscosity: 4.0e-01, Nu Hat (blind): 0.2413, Nu Hat (ext phys): 0.2079
Loading precomputed analytic solution snapshots from ./AnalyticBurger/Step_5.0e-01_analytic_solution.npz...

Generating observation data for the Step initial condition...

======================================================================
Training PINN  (data + physics (normal + extrapolated) + IC loss)
======================================================================
  Parameters: 11954
  [PINN (ext. phy.)] epoch      1  L_data=0.32800  L_phys=0.00001  L_ic=0.40476  L_total=0.83757  L_val=0.24720  patience=0/30  (0.0s)
  [PINN (ext. phy.)] epoch   1000  L_data=0.00290  L_phys=0.01226  L_ic=0.00329  L_total=0.01677  L_val=0.00033  patience=3/30  (6.2s)
  [PINN (ext. phy.)] epoch   2000  L_data=0.00311  L_phys=0.00021  L_ic=0.00232  L_total=0.00620  L_val=0.00075  patience=3/30  (12.3s)
  [PINN (ext. phy.)] epoch   3000  L_data=0.00259  L_phys=0.00055  L_ic=0.00150  L_total=0.00491  L_val=0.00029  patience=13/30  (18.4s)
  [PINN (ext. phy.)] epoch   4000  L_data=0.00271  L_phys=0.00043  L_ic=0.00091  L_total=0.00421  L_val=0.00036  patience=23/30  (24.6s)

  [PINN (ext. phy.)] Early stopping triggered at epoch 4700. Best val loss: 0.000155
  [PINN (ext. phy.)] early stop after 4700 epochs in 28.9s  (6.15 ms/epoch)  best val loss: 0.000155

======================================================================
Training PINN  (data + physics (only normal region) + IC loss)
======================================================================
  Parameters: 11954
  [PINN (blind)] epoch      1  L_data=0.51177  L_phys=0.00005  L_ic=0.60202  L_total=1.26970  L_val=0.39916  patience=0/30  (0.0s)
  [PINN (blind)] epoch   1000  L_data=0.00276  L_phys=0.00036  L_ic=0.00318  L_total=0.00705  L_val=0.00054  patience=3/30  (6.0s)
  [PINN (blind)] epoch   2000  L_data=0.00268  L_phys=0.00036  L_ic=0.00475  L_total=0.00895  L_val=0.00028  patience=8/30  (10.2s)
  [PINN (blind)] epoch   3000  L_data=0.00267  L_phys=0.00050  L_ic=0.00279  L_total=0.00658  L_val=0.00033  patience=18/30  (16.3s)
  [PINN (blind)] epoch   4000  L_data=0.00279  L_phys=0.00055  L_ic=0.00167  L_total=0.00533  L_val=0.00041  patience=28/30  (22.5s)

  [PINN (blind)] Early stopping triggered at epoch 4200. Best val loss: 0.000242
  [PINN (blind)] early stop after 4200 epochs in 23.7s  (5.64 ms/epoch)  best val loss: 0.000242

======================================================================
RESULTS SUMMARY  (best-val checkpoint)
======================================================================
  Metric                                 PINN (extended physics) PINN (blind)
  RMSE  (training interval)                    0.0124      0.0155
  RMSE  (extrapolation)                        0.0114      0.0081
  Physics Residual                             0.0312      0.0444
  True nu                                     0.5000
  nu_hat                                      0.2170     0.2350
  --------------------------------------------------------------
Viscosity: 5.0e-01, Nu Hat (blind): 0.2350, Nu Hat (ext phys): 0.2170
Loading precomputed analytic solution snapshots from ./AnalyticBurger/Step_6.0e-01_analytic_solution.npz...

Generating observation data for the Step initial condition...

======================================================================
Training PINN  (data + physics (normal + extrapolated) + IC loss)
======================================================================
  Parameters: 11954
  [PINN (ext. phy.)] epoch      1  L_data=0.32420  L_phys=0.00001  L_ic=0.40476  L_total=0.83377  L_val=0.24383  patience=0/30  (0.0s)
  [PINN (ext. phy.)] epoch   1000  L_data=0.00303  L_phys=0.01233  L_ic=0.00330  L_total=0.01698  L_val=0.00045  patience=2/30  (6.2s)
  [PINN (ext. phy.)] epoch   2000  L_data=0.00317  L_phys=0.00026  L_ic=0.00233  L_total=0.00631  L_val=0.00086  patience=8/30  (12.3s)
  [PINN (ext. phy.)] epoch   3000  L_data=0.00267  L_phys=0.00078  L_ic=0.00165  L_total=0.00536  L_val=0.00044  patience=18/30  (17.9s)
  [PINN (ext. phy.)] epoch   4000  L_data=0.00279  L_phys=0.00048  L_ic=0.00094  L_total=0.00436  L_val=0.00045  patience=28/30  (23.8s)

  [PINN (ext. phy.)] Early stopping triggered at epoch 4200. Best val loss: 0.000218
  [PINN (ext. phy.)] early stop after 4200 epochs in 25.0s  (5.95 ms/epoch)  best val loss: 0.000218

======================================================================
Training PINN  (data + physics (only normal region) + IC loss)
======================================================================
  Parameters: 11954
  [PINN (blind)] epoch      1  L_data=0.30845  L_phys=0.00000  L_ic=0.38965  L_total=0.79900  L_val=0.24062  patience=0/30  (0.0s)
  [PINN (blind)] epoch   1000  L_data=0.00282  L_phys=0.00060  L_ic=0.00351  L_total=0.00772  L_val=0.00051  patience=2/30  (6.2s)
  [PINN (blind)] epoch   2000  L_data=0.00276  L_phys=0.00074  L_ic=0.00366  L_total=0.00795  L_val=0.00039  patience=12/30  (12.3s)
  [PINN (blind)] epoch   3000  L_data=0.00290  L_phys=0.01669  L_ic=0.00258  L_total=0.01941  L_val=0.00072  patience=4/30  (18.8s)
  [PINN (blind)] epoch   4000  L_data=0.00317  L_phys=0.00070  L_ic=0.00210  L_total=0.00637  L_val=0.00082  patience=14/30  (25.0s)
  [PINN (blind)] epoch   5000  L_data=0.00287  L_phys=0.00055  L_ic=0.00181  L_total=0.00559  L_val=0.00057  patience=24/30  (30.2s)

  [PINN (blind)] Early stopping triggered at epoch 5600. Best val loss: 0.000304
  [PINN (blind)] early stop after 5600 epochs in 33.9s  (6.06 ms/epoch)  best val loss: 0.000304

======================================================================
RESULTS SUMMARY  (best-val checkpoint)
======================================================================
  Metric                                 PINN (extended physics) PINN (blind)
  RMSE  (training interval)                    0.0147      0.0174
  RMSE  (extrapolation)                        0.0151      0.0122
  Physics Residual                             0.0339      0.0511
  True nu                                     0.6000
  nu_hat                                      0.2326     0.2101
  --------------------------------------------------------------
Viscosity: 6.0e-01, Nu Hat (blind): 0.2101, Nu Hat (ext phys): 0.2326
Loading precomputed analytic solution snapshots from ./AnalyticBurger/Step_7.0e-01_analytic_solution.npz...

Generating observation data for the Step initial condition...

======================================================================
Training PINN  (data + physics (normal + extrapolated) + IC loss)
======================================================================
  Parameters: 11954
  [PINN (ext. phy.)] epoch      1  L_data=0.32069  L_phys=0.00001  L_ic=0.40476  L_total=0.83026  L_val=0.24073  patience=0/30  (0.0s)
  [PINN (ext. phy.)] epoch   1000  L_data=0.00316  L_phys=0.01246  L_ic=0.00330  L_total=0.01721  L_val=0.00054  patience=2/30  (6.1s)
  [PINN (ext. phy.)] epoch   2000  L_data=0.00322  L_phys=0.00030  L_ic=0.00233  L_total=0.00639  L_val=0.00092  patience=8/30  (12.3s)
  [PINN (ext. phy.)] epoch   3000  L_data=0.00280  L_phys=0.00084  L_ic=0.00166  L_total=0.00555  L_val=0.00071  patience=18/30  (18.4s)
  [PINN (ext. phy.)] epoch   4000  L_data=0.00291  L_phys=0.00058  L_ic=0.00096  L_total=0.00457  L_val=0.00058  patience=28/30  (24.6s)

  [PINN (ext. phy.)] Early stopping triggered at epoch 4200. Best val loss: 0.000289
  [PINN (ext. phy.)] early stop after 4200 epochs in 25.7s  (6.12 ms/epoch)  best val loss: 0.000289

======================================================================
Training PINN  (data + physics (only normal region) + IC loss)
======================================================================
  Parameters: 11954
  [PINN (blind)] epoch      1  L_data=0.30490  L_phys=0.00000  L_ic=0.38965  L_total=0.79545  L_val=0.23746  patience=0/30  (0.0s)
  [PINN (blind)] epoch   1000  L_data=0.00293  L_phys=0.00077  L_ic=0.00354  L_total=0.00799  L_val=0.00062  patience=2/30  (5.4s)
  [PINN (blind)] epoch   2000  L_data=0.00283  L_phys=0.00088  L_ic=0.00390  L_total=0.00844  L_val=0.00055  patience=3/30  (11.6s)
  [PINN (blind)] epoch   3000  L_data=0.00293  L_phys=0.00186  L_ic=0.00237  L_total=0.00738  L_val=0.00058  patience=4/30  (17.7s)
  [PINN (blind)] epoch   4000  L_data=0.00292  L_phys=0.00122  L_ic=0.00213  L_total=0.00657  L_val=0.00057  patience=14/30  (23.9s)
  [PINN (blind)] epoch   5000  L_data=0.00299  L_phys=0.09850  L_ic=0.00140  L_total=0.08300  L_val=0.00084  patience=24/30  (31.4s)

  [PINN (blind)] Early stopping triggered at epoch 5600. Best val loss: 0.000277
  [PINN (blind)] early stop after 5600 epochs in 35.8s  (6.40 ms/epoch)  best val loss: 0.000277

======================================================================
RESULTS SUMMARY  (best-val checkpoint)
======================================================================
  Metric                                 PINN (extended physics) PINN (blind)
  RMSE  (training interval)                    0.0170      0.0166
  RMSE  (extrapolation)                        0.0183      0.0109
  Physics Residual                             0.0433      0.0572
  True nu                                     0.7000
  nu_hat                                      0.2351     0.2164
  --------------------------------------------------------------
Viscosity: 7.0e-01, Nu Hat (blind): 0.2164, Nu Hat (ext phys): 0.2351
Loading precomputed analytic solution snapshots from ./AnalyticBurger/Step_8.0e-01_analytic_solution.npz...

Generating observation data for the Step initial condition...

======================================================================
Training PINN  (data + physics (normal + extrapolated) + IC loss)
======================================================================
  Parameters: 11954
  [PINN (ext. phy.)] epoch      1  L_data=0.31740  L_phys=0.00001  L_ic=0.40476  L_total=0.82697  L_val=0.23786  patience=0/30  (0.0s)
  [PINN (ext. phy.)] epoch   1000  L_data=0.00328  L_phys=0.01259  L_ic=0.00332  L_total=0.01745  L_val=0.00060  patience=7/30  (6.1s)
  [PINN (ext. phy.)] epoch   2000  L_data=0.00330  L_phys=0.00035  L_ic=0.00238  L_total=0.00656  L_val=0.00100  patience=17/30  (12.3s)
  [PINN (ext. phy.)] epoch   3000  L_data=0.00295  L_phys=0.00090  L_ic=0.00164  L_total=0.00572  L_val=0.00088  patience=27/30  (18.5s)

  [PINN (ext. phy.)] Early stopping triggered at epoch 3300. Best val loss: 0.000364
  [PINN (ext. phy.)] early stop after 3300 epochs in 20.3s  (6.15 ms/epoch)  best val loss: 0.000364

======================================================================
Training PINN  (data + physics (only normal region) + IC loss)
======================================================================
  Parameters: 11954
  [PINN (blind)] epoch      1  L_data=0.44896  L_phys=0.00008  L_ic=0.55788  L_total=1.15135  L_val=0.35783  patience=0/30  (0.0s)
  [PINN (blind)] epoch   1000  L_data=0.00325  L_phys=0.00056  L_ic=0.00395  L_total=0.00866  L_val=0.00103  patience=2/30  (6.2s)
  [PINN (blind)] epoch   2000  L_data=0.00296  L_phys=0.00062  L_ic=0.00365  L_total=0.00804  L_val=0.00066  patience=9/30  (12.3s)
  [PINN (blind)] epoch   3000  L_data=0.00360  L_phys=0.00076  L_ic=0.00701  L_total=0.01303  L_val=0.00107  patience=19/30  (17.0s)
  [PINN (blind)] epoch   4000  L_data=0.00314  L_phys=0.00099  L_ic=0.00364  L_total=0.00851  L_val=0.00097  patience=29/30  (22.4s)

  [PINN (blind)] Early stopping triggered at epoch 4100. Best val loss: 0.000442
  [PINN (blind)] early stop after 4100 epochs in 23.0s  (5.61 ms/epoch)  best val loss: 0.000442

======================================================================
RESULTS SUMMARY  (best-val checkpoint)
======================================================================
  Metric                                 PINN (extended physics) PINN (blind)
  RMSE  (training interval)                    0.0190      0.0210
  RMSE  (extrapolation)                        0.0160      0.0172
  Physics Residual                             0.0809      0.0719
  True nu                                     0.8000
  nu_hat                                      0.2908     0.2408
  --------------------------------------------------------------
Viscosity: 8.0e-01, Nu Hat (blind): 0.2408, Nu Hat (ext phys): 0.2908
Loading precomputed analytic solution snapshots from ./AnalyticBurger/Step_9.0e-01_analytic_solution.npz...

Generating observation data for the Step initial condition...

======================================================================
Training PINN  (data + physics (normal + extrapolated) + IC loss)
======================================================================
  Parameters: 11954
  [PINN (ext. phy.)] epoch      1  L_data=0.31430  L_phys=0.00001  L_ic=0.40476  L_total=0.82387  L_val=0.23517  patience=0/30  (0.0s)
  [PINN (ext. phy.)] epoch   1000  L_data=0.00339  L_phys=0.01272  L_ic=0.00333  L_total=0.01769  L_val=0.00067  patience=7/30  (6.2s)
  [PINN (ext. phy.)] epoch   2000  L_data=0.00338  L_phys=0.00041  L_ic=0.00244  L_total=0.00677  L_val=0.00108  patience=17/30  (12.3s)
  [PINN (ext. phy.)] epoch   3000  L_data=0.00307  L_phys=0.00100  L_ic=0.00164  L_total=0.00593  L_val=0.00097  patience=27/30  (18.4s)

  [PINN (ext. phy.)] Early stopping triggered at epoch 3300. Best val loss: 0.000408
  [PINN (ext. phy.)] early stop after 3300 epochs in 20.3s  (6.15 ms/epoch)  best val loss: 0.000408

======================================================================
Training PINN  (data + physics (only normal region) + IC loss)
======================================================================
  Parameters: 11954
  [PINN (blind)] epoch      1  L_data=0.44567  L_phys=0.00008  L_ic=0.55788  L_total=1.14806  L_val=0.35496  patience=0/30  (0.0s)
  [PINN (blind)] epoch   1000  L_data=0.00352  L_phys=0.00066  L_ic=0.00394  L_total=0.00900  L_val=0.00120  patience=2/30  (6.1s)
  [PINN (blind)] epoch   2000  L_data=0.00306  L_phys=0.00071  L_ic=0.00370  L_total=0.00828  L_val=0.00075  patience=12/30  (11.5s)
  [PINN (blind)] epoch   3000  L_data=0.00364  L_phys=0.00085  L_ic=0.00684  L_total=0.01294  L_val=0.00115  patience=22/30  (17.6s)

  [PINN (blind)] Early stopping triggered at epoch 3800. Best val loss: 0.000538
  [PINN (blind)] early stop after 3800 epochs in 22.6s  (5.94 ms/epoch)  best val loss: 0.000538

======================================================================
RESULTS SUMMARY  (best-val checkpoint)
======================================================================
  Metric                                 PINN (extended physics) PINN (blind)
  RMSE  (training interval)                    0.0201      0.0232
  RMSE  (extrapolation)                        0.0175      0.0175
  Physics Residual                             0.0907      0.0931
  True nu                                     0.9000
  nu_hat                                      0.2913     0.2534
  --------------------------------------------------------------
Viscosity: 9.0e-01, Nu Hat (blind): 0.2534, Nu Hat (ext phys): 0.2913
Loading precomputed analytic solution snapshots from ./AnalyticBurger/Step_2.0e-02_analytic_solution.npz...

Generating observation data for the Step initial condition...

======================================================================
Training PINN  (data + physics (normal + extrapolated) + IC loss)
======================================================================
  Parameters: 11954
  [PINN (ext. phy.)] epoch      1  L_data=0.35716  L_phys=0.00001  L_ic=0.40476  L_total=0.86673  L_val=0.27461  patience=0/30  (0.0s)
  [PINN (ext. phy.)] epoch   1000  L_data=0.00331  L_phys=0.01138  L_ic=0.00314  L_total=0.01631  L_val=0.00108  patience=1/30  (6.2s)
  [PINN (ext. phy.)] epoch   2000  L_data=0.00375  L_phys=0.00014  L_ic=0.00148  L_total=0.00572  L_val=0.00135  patience=4/30  (12.3s)
  [PINN (ext. phy.)] epoch   3000  L_data=0.00287  L_phys=0.00028  L_ic=0.00088  L_total=0.00421  L_val=0.00049  patience=2/30  (17.8s)
  [PINN (ext. phy.)] epoch   4000  L_data=0.00284  L_phys=0.00014  L_ic=0.00063  L_total=0.00375  L_val=0.00050  patience=2/30  (23.7s)
  [PINN (ext. phy.)] epoch   5000  L_data=0.00290  L_phys=0.00053  L_ic=0.00070  L_total=0.00420  L_val=0.00054  patience=12/30  (29.9s)
  [PINN (ext. phy.)] epoch   6000  L_data=0.00272  L_phys=0.00036  L_ic=0.00036  L_total=0.00346  L_val=0.00035  patience=22/30  (36.1s)

  [PINN (ext. phy.)] Early stopping triggered at epoch 6800. Best val loss: 0.000197
  [PINN (ext. phy.)] early stop after 6800 epochs in 41.0s  (6.03 ms/epoch)  best val loss: 0.000197

======================================================================
Training PINN  (data + physics (only normal region) + IC loss)
======================================================================
  Parameters: 11954
  [PINN (blind)] epoch      1  L_data=0.46538  L_phys=0.00002  L_ic=0.52249  L_total=1.12317  L_val=0.36425  patience=0/30  (0.0s)
  [PINN (blind)] epoch   1000  L_data=0.00421  L_phys=0.01650  L_ic=0.00394  L_total=0.02228  L_val=0.00160  patience=3/30  (6.2s)
  [PINN (blind)] epoch   2000  L_data=0.00350  L_phys=0.00046  L_ic=0.00372  L_total=0.00855  L_val=0.00119  patience=2/30  (12.2s)
  [PINN (blind)] epoch   3000  L_data=0.00329  L_phys=0.00049  L_ic=0.00236  L_total=0.00665  L_val=0.00097  patience=3/30  (17.5s)
  [PINN (blind)] epoch   4000  L_data=0.00299  L_phys=0.00044  L_ic=0.00231  L_total=0.00625  L_val=0.00059  patience=6/30  (23.7s)
  [PINN (blind)] epoch   5000  L_data=0.00283  L_phys=0.00277  L_ic=0.00187  L_total=0.00739  L_val=0.00043  patience=0/30  (29.8s)
  [PINN (blind)] epoch   6000  L_data=0.00276  L_phys=0.00064  L_ic=0.00141  L_total=0.00504  L_val=0.00038  patience=0/30  (36.0s)
  [PINN (blind)] epoch   7000  L_data=0.00276  L_phys=0.00027  L_ic=0.00161  L_total=0.00501  L_val=0.00036  patience=4/30  (42.1s)
  [PINN (blind)] epoch   8000  L_data=0.00298  L_phys=0.00035  L_ic=0.00242  L_total=0.00630  L_val=0.00055  patience=14/30  (48.5s)
  [PINN (blind)] epoch   9000  L_data=0.00269  L_phys=0.00031  L_ic=0.00136  L_total=0.00465  L_val=0.00030  patience=1/30  (55.1s)
  [PINN (blind)] epoch  10000  L_data=0.00271  L_phys=0.00022  L_ic=0.00151  L_total=0.00479  L_val=0.00031  patience=11/30  (63.1s)
  [PINN (blind)] epoch  11000  L_data=0.00269  L_phys=0.00020  L_ic=0.00126  L_total=0.00444  L_val=0.00030  patience=1/30  (71.0s)
  [PINN (blind)] epoch  12000  L_data=0.00268  L_phys=0.00023  L_ic=0.00124  L_total=0.00442  L_val=0.00029  patience=8/30  (78.6s)
  [PINN (blind)] epoch  13000  L_data=0.00264  L_phys=0.00031  L_ic=0.00118  L_total=0.00436  L_val=0.00026  patience=4/30  (83.9s)
  [PINN (blind)] epoch  14000  L_data=0.00269  L_phys=0.00016  L_ic=0.00117  L_total=0.00428  L_val=0.00030  patience=8/30  (89.8s)
  [PINN (blind)] epoch  15000  L_data=0.00265  L_phys=0.00020  L_ic=0.00108  L_total=0.00417  L_val=0.00027  patience=6/30  (96.7s)
  [PINN (blind)] epoch  16000  L_data=0.00262  L_phys=0.00021  L_ic=0.00106  L_total=0.00412  L_val=0.00024  patience=0/30  (102.9s)
  [PINN (blind)] epoch  17000  L_data=0.00263  L_phys=0.00019  L_ic=0.00104  L_total=0.00409  L_val=0.00025  patience=10/30  (109.1s)
  [PINN (blind)] epoch  18000  L_data=0.00263  L_phys=0.00028  L_ic=0.00103  L_total=0.00415  L_val=0.00026  patience=20/30  (115.3s)
  [PINN (blind)] epoch  19000  L_data=0.00263  L_phys=0.00053  L_ic=0.00101  L_total=0.00433  L_val=0.00025  patience=1/30  (120.8s)
  [PINN (blind)] epoch  20000  L_data=0.00260  L_phys=0.00113  L_ic=0.00098  L_total=0.00474  L_val=0.00022  patience=0/30  (126.7s)
  [PINN (blind)] epoch  21000  L_data=0.00262  L_phys=0.00019  L_ic=0.00098  L_total=0.00400  L_val=0.00025  patience=10/30  (132.8s)
  [PINN (blind)] epoch  22000  L_data=0.00260  L_phys=0.00022  L_ic=0.00096  L_total=0.00399  L_val=0.00023  patience=20/30  (139.0s)
  [PINN (blind)] epoch  23000  L_data=0.00261  L_phys=0.00015  L_ic=0.00095  L_total=0.00392  L_val=0.00024  patience=30/30  (145.2s)

  [PINN (blind)] Early stopping triggered at epoch 23000. Best val loss: 0.000224
  [PINN (blind)] early stop after 23000 epochs in 145.2s  (6.31 ms/epoch)  best val loss: 0.000224

======================================================================
RESULTS SUMMARY  (best-val checkpoint)
======================================================================
  Metric                                 PINN (extended physics) PINN (blind)
  RMSE  (training interval)                    0.0141      0.0150
  RMSE  (extrapolation)                        0.0136      0.0172
  Physics Residual                             0.0319      0.0282
  True nu                                     0.0200
  nu_hat                                      0.1376     0.0965
  --------------------------------------------------------------
Viscosity: 2.0e-02, Nu Hat (blind): 0.0965, Nu Hat (ext phys): 0.1376
Loading precomputed analytic solution snapshots from ./AnalyticBurger/Step_3.0e-02_analytic_solution.npz...

Generating observation data for the Step initial condition...

======================================================================
Training PINN  (data + physics (normal + extrapolated) + IC loss)
======================================================================
  Parameters: 11954
  [PINN (ext. phy.)] epoch      1  L_data=0.35578  L_phys=0.00001  L_ic=0.40476  L_total=0.86535  L_val=0.27328  patience=0/30  (0.0s)
  [PINN (ext. phy.)] epoch   1000  L_data=0.00312  L_phys=0.01138  L_ic=0.00314  L_total=0.01611  L_val=0.00088  patience=1/30  (6.1s)
  [PINN (ext. phy.)] epoch   2000  L_data=0.00349  L_phys=0.00010  L_ic=0.00147  L_total=0.00542  L_val=0.00111  patience=4/30  (11.5s)
  [PINN (ext. phy.)] epoch   3000  L_data=0.00270  L_phys=0.00027  L_ic=0.00076  L_total=0.00387  L_val=0.00033  patience=2/30  (17.7s)
  [PINN (ext. phy.)] epoch   4000  L_data=0.00272  L_phys=0.00011  L_ic=0.00064  L_total=0.00362  L_val=0.00038  patience=2/30  (23.9s)
  [PINN (ext. phy.)] epoch   5000  L_data=0.00289  L_phys=0.00034  L_ic=0.00113  L_total=0.00460  L_val=0.00047  patience=12/30  (30.3s)
  [PINN (ext. phy.)] epoch   6000  L_data=0.00259  L_phys=0.00032  L_ic=0.00033  L_total=0.00326  L_val=0.00023  patience=22/30  (36.6s)

  [PINN (ext. phy.)] Early stopping triggered at epoch 6800. Best val loss: 0.000137
  [PINN (ext. phy.)] early stop after 6800 epochs in 41.5s  (6.10 ms/epoch)  best val loss: 0.000137

======================================================================
Training PINN  (data + physics (only normal region) + IC loss)
======================================================================
  Parameters: 11954
  [PINN (blind)] epoch      1  L_data=0.46397  L_phys=0.00002  L_ic=0.52249  L_total=1.12176  L_val=0.36294  patience=0/30  (0.0s)
  [PINN (blind)] epoch   1000  L_data=0.00393  L_phys=0.01613  L_ic=0.00397  L_total=0.02175  L_val=0.00132  patience=3/30  (5.7s)
  [PINN (blind)] epoch   2000  L_data=0.00329  L_phys=0.00037  L_ic=0.00371  L_total=0.00825  L_val=0.00099  patience=2/30  (12.2s)
  [PINN (blind)] epoch   3000  L_data=0.00311  L_phys=0.00044  L_ic=0.00239  L_total=0.00647  L_val=0.00079  patience=3/30  (18.4s)
  [PINN (blind)] epoch   4000  L_data=0.00281  L_phys=0.00041  L_ic=0.00229  L_total=0.00602  L_val=0.00044  patience=6/30  (24.6s)
  [PINN (blind)] epoch   5000  L_data=0.00270  L_phys=0.00254  L_ic=0.00188  L_total=0.00708  L_val=0.00031  patience=0/30  (30.7s)
  [PINN (blind)] epoch   6000  L_data=0.00264  L_phys=0.00118  L_ic=0.00140  L_total=0.00534  L_val=0.00029  patience=1/30  (36.8s)
  [PINN (blind)] epoch   7000  L_data=0.00264  L_phys=0.00030  L_ic=0.00159  L_total=0.00488  L_val=0.00025  patience=4/30  (42.2s)
  [PINN (blind)] epoch   8000  L_data=0.00263  L_phys=0.00023  L_ic=0.00158  L_total=0.00480  L_val=0.00025  patience=2/30  (48.4s)
  [PINN (blind)] epoch   9000  L_data=0.00264  L_phys=0.02192  L_ic=0.00167  L_total=0.02215  L_val=0.00029  patience=1/30  (54.5s)
  [PINN (blind)] epoch  10000  L_data=0.00258  L_phys=0.00016  L_ic=0.00138  L_total=0.00444  L_val=0.00019  patience=11/30  (60.7s)
  [PINN (blind)] epoch  11000  L_data=0.00261  L_phys=0.00018  L_ic=0.00141  L_total=0.00453  L_val=0.00022  patience=1/30  (66.9s)
  [PINN (blind)] epoch  12000  L_data=0.00260  L_phys=0.00017  L_ic=0.00154  L_total=0.00468  L_val=0.00021  patience=2/30  (73.0s)
  [PINN (blind)] epoch  13000  L_data=0.00255  L_phys=0.00023  L_ic=0.00119  L_total=0.00424  L_val=0.00018  patience=12/30  (77.2s)
  [PINN (blind)] epoch  14000  L_data=0.00261  L_phys=0.00011  L_ic=0.00122  L_total=0.00423  L_val=0.00023  patience=5/30  (83.1s)
  [PINN (blind)] epoch  15000  L_data=0.00256  L_phys=0.00018  L_ic=0.00111  L_total=0.00409  L_val=0.00018  patience=15/30  (89.3s)
  [PINN (blind)] epoch  16000  L_data=0.00253  L_phys=0.00019  L_ic=0.00108  L_total=0.00405  L_val=0.00016  patience=25/30  (95.5s)

  [PINN (blind)] Early stopping triggered at epoch 16500. Best val loss: 0.000144
  [PINN (blind)] early stop after 16500 epochs in 98.6s  (5.98 ms/epoch)  best val loss: 0.000144

======================================================================
RESULTS SUMMARY  (best-val checkpoint)
======================================================================
  Metric                                 PINN (extended physics) PINN (blind)
  RMSE  (training interval)                    0.0118      0.0120
  RMSE  (extrapolation)                        0.0128      0.0125
  Physics Residual                             0.0291      0.0248
  True nu                                     0.0300
  nu_hat                                      0.1415     0.1023
  --------------------------------------------------------------
Viscosity: 3.0e-02, Nu Hat (blind): 0.1023, Nu Hat (ext phys): 0.1415
Loading precomputed analytic solution snapshots from ./AnalyticBurger/Step_4.0e-02_analytic_solution.npz...

Generating observation data for the Step initial condition...

======================================================================
Training PINN  (data + physics (normal + extrapolated) + IC loss)
======================================================================
  Parameters: 11954
  [PINN (ext. phy.)] epoch      1  L_data=0.35456  L_phys=0.00001  L_ic=0.40476  L_total=0.86413  L_val=0.27211  patience=0/30  (0.0s)
  [PINN (ext. phy.)] epoch   1000  L_data=0.00298  L_phys=0.01129  L_ic=0.00317  L_total=0.01594  L_val=0.00074  patience=1/30  (6.2s)
  [PINN (ext. phy.)] epoch   2000  L_data=0.00335  L_phys=0.00008  L_ic=0.00147  L_total=0.00527  L_val=0.00097  patience=4/30  (11.6s)
  [PINN (ext. phy.)] epoch   3000  L_data=0.00262  L_phys=0.00024  L_ic=0.00075  L_total=0.00375  L_val=0.00025  patience=2/30  (17.8s)
  [PINN (ext. phy.)] epoch   4000  L_data=0.00267  L_phys=0.00007  L_ic=0.00062  L_total=0.00351  L_val=0.00033  patience=2/30  (25.3s)
  [PINN (ext. phy.)] epoch   5000  L_data=0.00333  L_phys=0.00031  L_ic=0.01062  L_total=0.01694  L_val=0.00073  patience=12/30  (31.4s)
  [PINN (ext. phy.)] epoch   6000  L_data=0.00251  L_phys=0.00026  L_ic=0.00024  L_total=0.00302  L_val=0.00014  patience=22/30  (37.6s)
  [PINN (ext. phy.)] epoch   7000  L_data=0.00247  L_phys=0.00016  L_ic=0.00013  L_total=0.00277  L_val=0.00012  patience=2/30  (43.7s)
  [PINN (ext. phy.)] epoch   8000  L_data=0.00249  L_phys=0.00010  L_ic=0.00015  L_total=0.00275  L_val=0.00013  patience=12/30  (49.0s)
  [PINN (ext. phy.)] epoch   9000  L_data=0.00250  L_phys=0.00010  L_ic=0.00009  L_total=0.00269  L_val=0.00015  patience=3/30  (55.2s)
  [PINN (ext. phy.)] epoch  10000  L_data=0.00249  L_phys=0.00015  L_ic=0.00005  L_total=0.00267  L_val=0.00012  patience=3/30  (61.4s)
  [PINN (ext. phy.)] epoch  11000  L_data=0.00248  L_phys=0.00004  L_ic=0.00004  L_total=0.00257  L_val=0.00011  patience=13/30  (67.5s)
  [PINN (ext. phy.)] epoch  12000  L_data=0.00250  L_phys=0.00006  L_ic=0.00004  L_total=0.00260  L_val=0.00013  patience=23/30  (73.7s)

  [PINN (ext. phy.)] Early stopping triggered at epoch 12700. Best val loss: 0.000083
  [PINN (ext. phy.)] early stop after 12700 epochs in 78.0s  (6.14 ms/epoch)  best val loss: 0.000083

======================================================================
Training PINN  (data + physics (only normal region) + IC loss)
======================================================================
  Parameters: 11954
  [PINN (blind)] epoch      1  L_data=0.36873  L_phys=0.00005  L_ic=0.41898  L_total=0.89624  L_val=0.30138  patience=0/30  (0.0s)
  [PINN (blind)] epoch   1000  L_data=0.00325  L_phys=0.00071  L_ic=0.00378  L_total=0.00858  L_val=0.00091  patience=0/30  (5.4s)
  [PINN (blind)] epoch   2000  L_data=0.00311  L_phys=0.00007  L_ic=0.00266  L_total=0.00652  L_val=0.00075  patience=5/30  (11.4s)
  [PINN (blind)] epoch   3000  L_data=0.00295  L_phys=0.00023  L_ic=0.00317  L_total=0.00713  L_val=0.00067  patience=4/30  (17.5s)
  [PINN (blind)] epoch   4000  L_data=0.00261  L_phys=0.00017  L_ic=0.00193  L_total=0.00517  L_val=0.00025  patience=0/30  (23.7s)
  [PINN (blind)] epoch   5000  L_data=0.00263  L_phys=0.00241  L_ic=0.00196  L_total=0.00702  L_val=0.00025  patience=2/30  (29.8s)
  [PINN (blind)] epoch   6000  L_data=0.00259  L_phys=0.00026  L_ic=0.00164  L_total=0.00486  L_val=0.00020  patience=2/30  (36.0s)
  [PINN (blind)] epoch   7000  L_data=0.00253  L_phys=0.00013  L_ic=0.00158  L_total=0.00462  L_val=0.00014  patience=3/30  (41.6s)
  [PINN (blind)] epoch   8000  L_data=0.00251  L_phys=0.00061  L_ic=0.00147  L_total=0.00484  L_val=0.00012  patience=13/30  (47.4s)
  [PINN (blind)] epoch   9000  L_data=0.00252  L_phys=0.00015  L_ic=0.00130  L_total=0.00428  L_val=0.00014  patience=2/30  (53.6s)
  [PINN (blind)] epoch  10000  L_data=0.00249  L_phys=0.00013  L_ic=0.00129  L_total=0.00422  L_val=0.00010  patience=9/30  (59.7s)
  [PINN (blind)] epoch  11000  L_data=0.00250  L_phys=0.00006  L_ic=0.00127  L_total=0.00415  L_val=0.00012  patience=19/30  (65.8s)
  [PINN (blind)] epoch  12000  L_data=0.00248  L_phys=0.00029  L_ic=0.00131  L_total=0.00436  L_val=0.00010  patience=0/30  (72.0s)
  [PINN (blind)] epoch  13000  L_data=0.00247  L_phys=0.00008  L_ic=0.00123  L_total=0.00408  L_val=0.00010  patience=5/30  (77.7s)
  [PINN (blind)] epoch  14000  L_data=0.00246  L_phys=0.00014  L_ic=0.00111  L_total=0.00397  L_val=0.00009  patience=0/30  (82.2s)
  [PINN (blind)] epoch  15000  L_data=0.00250  L_phys=0.00015  L_ic=0.00116  L_total=0.00408  L_val=0.00012  patience=10/30  (89.9s)
  [PINN (blind)] epoch  16000  L_data=0.00248  L_phys=0.00010  L_ic=0.00112  L_total=0.00397  L_val=0.00011  patience=20/30  (97.6s)
  [PINN (blind)] epoch  17000  L_data=0.00247  L_phys=0.00005  L_ic=0.00109  L_total=0.00388  L_val=0.00010  patience=30/30  (105.0s)

  [PINN (blind)] Early stopping triggered at epoch 17000. Best val loss: 0.000085
  [PINN (blind)] early stop after 17000 epochs in 105.0s  (6.18 ms/epoch)  best val loss: 0.000085

======================================================================
RESULTS SUMMARY  (best-val checkpoint)
======================================================================
  Metric                                 PINN (extended physics) PINN (blind)
  RMSE  (training interval)                    0.0092      0.0092
  RMSE  (extrapolation)                        0.0092      0.0101
  Physics Residual                             0.0273      0.0216
  True nu                                     0.0400
  nu_hat                                      0.1162     0.0987
  --------------------------------------------------------------
Viscosity: 4.0e-02, Nu Hat (blind): 0.0987, Nu Hat (ext phys): 0.1162
Loading precomputed analytic solution snapshots from ./AnalyticBurger/Step_5.0e-02_analytic_solution.npz...

Generating observation data for the Step initial condition...

======================================================================
Training PINN  (data + physics (normal + extrapolated) + IC loss)
======================================================================
  Parameters: 11954
  [PINN (ext. phy.)] epoch      1  L_data=0.35346  L_phys=0.00001  L_ic=0.40476  L_total=0.86303  L_val=0.27104  patience=0/30  (0.0s)
  [PINN (ext. phy.)] epoch   1000  L_data=0.00288  L_phys=0.01118  L_ic=0.00326  L_total=0.01586  L_val=0.00063  patience=1/30  (5.9s)
  [PINN (ext. phy.)] epoch   2000  L_data=0.00318  L_phys=0.00006  L_ic=0.00147  L_total=0.00507  L_val=0.00079  patience=4/30  (11.4s)
  [PINN (ext. phy.)] epoch   3000  L_data=0.00262  L_phys=0.00021  L_ic=0.00101  L_total=0.00406  L_val=0.00025  patience=2/30  (17.6s)
  [PINN (ext. phy.)] epoch   4000  L_data=0.00260  L_phys=0.00005  L_ic=0.00065  L_total=0.00345  L_val=0.00025  patience=2/30  (23.7s)
  [PINN (ext. phy.)] epoch   5000  L_data=0.00277  L_phys=0.00038  L_ic=0.00091  L_total=0.00421  L_val=0.00034  patience=7/30  (29.9s)
  [PINN (ext. phy.)] epoch   6000  L_data=0.00246  L_phys=0.00021  L_ic=0.00028  L_total=0.00298  L_val=0.00010  patience=17/30  (36.0s)
  [PINN (ext. phy.)] epoch   7000  L_data=0.00245  L_phys=0.00009  L_ic=0.00015  L_total=0.00272  L_val=0.00009  patience=27/30  (42.2s)

  [PINN (ext. phy.)] Early stopping triggered at epoch 7300. Best val loss: 0.000064
  [PINN (ext. phy.)] early stop after 7300 epochs in 43.5s  (5.96 ms/epoch)  best val loss: 0.000064

======================================================================
Training PINN  (data + physics (only normal region) + IC loss)
======================================================================
  Parameters: 11954
  [PINN (blind)] epoch      1  L_data=0.51077  L_phys=0.00005  L_ic=0.58815  L_total=1.25124  L_val=0.39001  patience=0/30  (0.0s)
  [PINN (blind)] epoch   1000  L_data=0.00342  L_phys=0.00155  L_ic=0.00411  L_total=0.00983  L_val=0.00092  patience=1/30  (6.2s)
  [PINN (blind)] epoch   2000  L_data=0.00288  L_phys=0.00022  L_ic=0.00279  L_total=0.00657  L_val=0.00050  patience=3/30  (12.3s)
  [PINN (blind)] epoch   3000  L_data=0.00296  L_phys=0.00054  L_ic=0.00406  L_total=0.00851  L_val=0.00039  patience=1/30  (18.6s)
  [PINN (blind)] epoch   4000  L_data=0.00259  L_phys=0.00083  L_ic=0.00203  L_total=0.00580  L_val=0.00020  patience=3/30  (24.8s)
  [PINN (blind)] epoch   5000  L_data=0.00259  L_phys=0.00078  L_ic=0.00247  L_total=0.00632  L_val=0.00022  patience=13/30  (30.9s)
  [PINN (blind)] epoch   6000  L_data=0.00252  L_phys=0.00079  L_ic=0.00169  L_total=0.00528  L_val=0.00015  patience=0/30  (36.2s)
  [PINN (blind)] epoch   7000  L_data=0.00254  L_phys=0.00010  L_ic=0.00169  L_total=0.00474  L_val=0.00016  patience=5/30  (42.4s)
  [PINN (blind)] epoch   8000  L_data=0.00253  L_phys=0.00009  L_ic=0.00178  L_total=0.00484  L_val=0.00013  patience=2/30  (48.6s)
  [PINN (blind)] epoch   9000  L_data=0.00253  L_phys=0.00007  L_ic=0.00145  L_total=0.00442  L_val=0.00017  patience=12/30  (54.7s)
  [PINN (blind)] epoch  10000  L_data=0.00248  L_phys=0.00010  L_ic=0.00146  L_total=0.00440  L_val=0.00011  patience=22/30  (60.9s)
  [PINN (blind)] epoch  11000  L_data=0.00249  L_phys=0.00023  L_ic=0.00152  L_total=0.00459  L_val=0.00010  patience=3/30  (67.1s)
  [PINN (blind)] epoch  12000  L_data=0.00247  L_phys=0.00016  L_ic=0.00134  L_total=0.00429  L_val=0.00010  patience=13/30  (72.3s)
  [PINN (blind)] epoch  13000  L_data=0.00245  L_phys=0.00015  L_ic=0.00123  L_total=0.00413  L_val=0.00009  patience=23/30  (78.4s)

  [PINN (blind)] Early stopping triggered at epoch 13700. Best val loss: 0.000081
  [PINN (blind)] early stop after 13700 epochs in 82.7s  (6.04 ms/epoch)  best val loss: 0.000081

======================================================================
RESULTS SUMMARY  (best-val checkpoint)
======================================================================
  Metric                                 PINN (extended physics) PINN (blind)
  RMSE  (training interval)                    0.0081      0.0089
  RMSE  (extrapolation)                        0.0092      0.0085
  Physics Residual                             0.0254      0.0180
  True nu                                     0.0500
  nu_hat                                      0.1413     0.1078
  --------------------------------------------------------------
Viscosity: 5.0e-02, Nu Hat (blind): 0.1078, Nu Hat (ext phys): 0.1413
Loading precomputed analytic solution snapshots from ./AnalyticBurger/Step_6.0e-02_analytic_solution.npz...

Generating observation data for the Step initial condition...

======================================================================
Training PINN  (data + physics (normal + extrapolated) + IC loss)
======================================================================
  Parameters: 11954
  [PINN (ext. phy.)] epoch      1  L_data=0.35245  L_phys=0.00001  L_ic=0.40476  L_total=0.86202  L_val=0.27006  patience=0/30  (0.0s)
  [PINN (ext. phy.)] epoch   1000  L_data=0.00281  L_phys=0.01104  L_ic=0.00345  L_total=0.01592  L_val=0.00060  patience=1/30  (6.2s)
  [PINN (ext. phy.)] epoch   2000  L_data=0.00306  L_phys=0.00005  L_ic=0.00147  L_total=0.00495  L_val=0.00067  patience=4/30  (12.3s)
  [PINN (ext. phy.)] epoch   3000  L_data=0.00253  L_phys=0.00017  L_ic=0.00111  L_total=0.00406  L_val=0.00022  patience=2/30  (19.1s)
  [PINN (ext. phy.)] epoch   4000  L_data=0.00251  L_phys=0.00007  L_ic=0.00047  L_total=0.00316  L_val=0.00017  patience=2/30  (23.7s)
  [PINN (ext. phy.)] epoch   5000  L_data=0.00293  L_phys=0.00023  L_ic=0.00356  L_total=0.00760  L_val=0.00043  patience=12/30  (29.2s)
  [PINN (ext. phy.)] epoch   6000  L_data=0.00246  L_phys=0.00011  L_ic=0.00023  L_total=0.00284  L_val=0.00009  patience=22/30  (35.4s)
  [PINN (ext. phy.)] epoch   7000  L_data=0.00243  L_phys=0.00014  L_ic=0.00011  L_total=0.00268  L_val=0.00007  patience=2/30  (41.6s)
  [PINN (ext. phy.)] epoch   8000  L_data=0.00243  L_phys=0.00008  L_ic=0.00009  L_total=0.00260  L_val=0.00006  patience=5/30  (47.7s)
  [PINN (ext. phy.)] epoch   9000  L_data=0.00243  L_phys=0.00012  L_ic=0.00007  L_total=0.00261  L_val=0.00005  patience=4/30  (53.9s)
  [PINN (ext. phy.)] epoch  10000  L_data=0.00245  L_phys=0.00009  L_ic=0.00005  L_total=0.00257  L_val=0.00007  patience=3/30  (59.8s)
  [PINN (ext. phy.)] epoch  11000  L_data=0.00243  L_phys=0.00003  L_ic=0.00004  L_total=0.00250  L_val=0.00005  patience=13/30  (65.3s)
  [PINN (ext. phy.)] epoch  12000  L_data=0.00245  L_phys=0.00004  L_ic=0.00004  L_total=0.00253  L_val=0.00007  patience=23/30  (71.4s)

  [PINN (ext. phy.)] Early stopping triggered at epoch 12700. Best val loss: 0.000037
  [PINN (ext. phy.)] early stop after 12700 epochs in 75.8s  (5.97 ms/epoch)  best val loss: 0.000037

======================================================================
Training PINN  (data + physics (only normal region) + IC loss)
======================================================================
  Parameters: 11954
  [PINN (blind)] epoch      1  L_data=0.36659  L_phys=0.00005  L_ic=0.41898  L_total=0.89410  L_val=0.29930  patience=0/30  (0.0s)
  [PINN (blind)] epoch   1000  L_data=0.00299  L_phys=0.00055  L_ic=0.00377  L_total=0.00817  L_val=0.00063  patience=0/30  (6.2s)
  [PINN (blind)] epoch   2000  L_data=0.00285  L_phys=0.00005  L_ic=0.00266  L_total=0.00624  L_val=0.00053  patience=5/30  (12.4s)
  [PINN (blind)] epoch   3000  L_data=0.00277  L_phys=0.00019  L_ic=0.00318  L_total=0.00692  L_val=0.00048  patience=4/30  (18.4s)
  [PINN (blind)] epoch   4000  L_data=0.00251  L_phys=0.00010  L_ic=0.00189  L_total=0.00497  L_val=0.00014  patience=0/30  (23.8s)
  [PINN (blind)] epoch   5000  L_data=0.00254  L_phys=0.00138  L_ic=0.00199  L_total=0.00614  L_val=0.00015  patience=2/30  (30.0s)
  [PINN (blind)] epoch   6000  L_data=0.00245  L_phys=0.00015  L_ic=0.00142  L_total=0.00437  L_val=0.00009  patience=2/30  (36.1s)
  [PINN (blind)] epoch   7000  L_data=0.00244  L_phys=0.00010  L_ic=0.00151  L_total=0.00443  L_val=0.00007  patience=0/30  (42.3s)
  [PINN (blind)] epoch   8000  L_data=0.00245  L_phys=0.00043  L_ic=0.00145  L_total=0.00461  L_val=0.00007  patience=10/30  (48.5s)
  [PINN (blind)] epoch   9000  L_data=0.00245  L_phys=0.00015  L_ic=0.00135  L_total=0.00427  L_val=0.00008  patience=1/30  (54.5s)
  [PINN (blind)] epoch  10000  L_data=0.00243  L_phys=0.00008  L_ic=0.00131  L_total=0.00414  L_val=0.00005  patience=5/30  (59.8s)
  [PINN (blind)] epoch  11000  L_data=0.00243  L_phys=0.00004  L_ic=0.00130  L_total=0.00411  L_val=0.00006  patience=15/30  (66.0s)
  [PINN (blind)] epoch  12000  L_data=0.00243  L_phys=0.00008  L_ic=0.00135  L_total=0.00420  L_val=0.00005  patience=4/30  (72.2s)
  [PINN (blind)] epoch  13000  L_data=0.00242  L_phys=0.00005  L_ic=0.00127  L_total=0.00406  L_val=0.00004  patience=0/30  (78.3s)
  [PINN (blind)] epoch  14000  L_data=0.00241  L_phys=0.00007  L_ic=0.00115  L_total=0.00392  L_val=0.00005  patience=10/30  (84.5s)
  [PINN (blind)] epoch  15000  L_data=0.00243  L_phys=0.00010  L_ic=0.00125  L_total=0.00408  L_val=0.00006  patience=20/30  (90.6s)
  [PINN (blind)] epoch  16000  L_data=0.00242  L_phys=0.00010  L_ic=0.00115  L_total=0.00394  L_val=0.00006  patience=30/30  (95.9s)

  [PINN (blind)] Early stopping triggered at epoch 16000. Best val loss: 0.000043
  [PINN (blind)] early stop after 16000 epochs in 95.9s  (6.00 ms/epoch)  best val loss: 0.000043

======================================================================
RESULTS SUMMARY  (best-val checkpoint)
======================================================================
  Metric                                 PINN (extended physics) PINN (blind)
  RMSE  (training interval)                    0.0062      0.0064
  RMSE  (extrapolation)                        0.0063      0.0073
  Physics Residual                             0.0211      0.0176
  True nu                                     0.0600
  nu_hat                                      0.1212     0.1062
  --------------------------------------------------------------
Viscosity: 6.0e-02, Nu Hat (blind): 0.1062, Nu Hat (ext phys): 0.1212
Loading precomputed analytic solution snapshots from ./AnalyticBurger/Step_7.0e-02_analytic_solution.npz...

Generating observation data for the Step initial condition...

======================================================================
Training PINN  (data + physics (normal + extrapolated) + IC loss)
======================================================================
  Parameters: 11954
  [PINN (ext. phy.)] epoch      1  L_data=0.35151  L_phys=0.00001  L_ic=0.40476  L_total=0.86108  L_val=0.26915  patience=0/30  (0.0s)
  [PINN (ext. phy.)] epoch   1000  L_data=0.00273  L_phys=0.01130  L_ic=0.00334  L_total=0.01591  L_val=0.00060  patience=1/30  (7.1s)
  [PINN (ext. phy.)] epoch   2000  L_data=0.00280  L_phys=0.00003  L_ic=0.00146  L_total=0.00466  L_val=0.00043  patience=4/30  (13.6s)
  [PINN (ext. phy.)] epoch   3000  L_data=0.00252  L_phys=0.00031  L_ic=0.00126  L_total=0.00436  L_val=0.00022  patience=2/30  (20.0s)
  [PINN (ext. phy.)] epoch   4000  L_data=0.00249  L_phys=0.00011  L_ic=0.00047  L_total=0.00317  L_val=0.00014  patience=4/30  (26.1s)
  [PINN (ext. phy.)] epoch   5000  L_data=0.00263  L_phys=0.00021  L_ic=0.00244  L_total=0.00586  L_val=0.00018  patience=1/30  (31.1s)
  [PINN (ext. phy.)] epoch   6000  L_data=0.00243  L_phys=0.00009  L_ic=0.00019  L_total=0.00274  L_val=0.00006  patience=7/30  (36.1s)
  [PINN (ext. phy.)] epoch   7000  L_data=0.00243  L_phys=0.00019  L_ic=0.00013  L_total=0.00274  L_val=0.00007  patience=2/30  (43.5s)
  [PINN (ext. phy.)] epoch   8000  L_data=0.00243  L_phys=0.00006  L_ic=0.00008  L_total=0.00257  L_val=0.00005  patience=12/30  (50.9s)
  [PINN (ext. phy.)] epoch   9000  L_data=0.00243  L_phys=0.00008  L_ic=0.00007  L_total=0.00259  L_val=0.00005  patience=22/30  (59.0s)
  [PINN (ext. phy.)] epoch  10000  L_data=0.00243  L_phys=0.00006  L_ic=0.00003  L_total=0.00252  L_val=0.00005  patience=3/30  (66.0s)
  [PINN (ext. phy.)] epoch  11000  L_data=0.00242  L_phys=0.00003  L_ic=0.00003  L_total=0.00248  L_val=0.00004  patience=13/30  (72.8s)
  [PINN (ext. phy.)] epoch  12000  L_data=0.00243  L_phys=0.00004  L_ic=0.00005  L_total=0.00252  L_val=0.00007  patience=23/30  (79.8s)

  [PINN (ext. phy.)] Early stopping triggered at epoch 12700. Best val loss: 0.000028
  [PINN (ext. phy.)] early stop after 12700 epochs in 84.1s  (6.62 ms/epoch)  best val loss: 0.000028

======================================================================
Training PINN  (data + physics (only normal region) + IC loss)
======================================================================
  Parameters: 11954
  [PINN (blind)] epoch      1  L_data=0.36563  L_phys=0.00005  L_ic=0.41898  L_total=0.89314  L_val=0.29836  patience=0/30  (0.0s)
  [PINN (blind)] epoch   1000  L_data=0.00289  L_phys=0.00049  L_ic=0.00377  L_total=0.00803  L_val=0.00053  patience=0/30  (7.1s)
  [PINN (blind)] epoch   2000  L_data=0.00276  L_phys=0.00005  L_ic=0.00268  L_total=0.00617  L_val=0.00045  patience=5/30  (14.5s)
  [PINN (blind)] epoch   3000  L_data=0.00271  L_phys=0.00018  L_ic=0.00318  L_total=0.00685  L_val=0.00041  patience=4/30  (20.4s)
  [PINN (blind)] epoch   4000  L_data=0.00248  L_phys=0.00009  L_ic=0.00188  L_total=0.00492  L_val=0.00011  patience=0/30  (27.4s)
  [PINN (blind)] epoch   5000  L_data=0.00250  L_phys=0.00110  L_ic=0.00198  L_total=0.00587  L_val=0.00011  patience=2/30  (34.2s)
  [PINN (blind)] epoch   6000  L_data=0.00250  L_phys=0.00022  L_ic=0.00174  L_total=0.00486  L_val=0.00015  patience=5/30  (40.4s)
  [PINN (blind)] epoch   7000  L_data=0.00247  L_phys=0.00014  L_ic=0.00203  L_total=0.00514  L_val=0.00008  patience=15/30  (46.5s)
  [PINN (blind)] epoch   8000  L_data=0.00244  L_phys=0.00030  L_ic=0.00169  L_total=0.00481  L_val=0.00006  patience=0/30  (52.3s)
  [PINN (blind)] epoch   9000  L_data=0.00243  L_phys=0.00015  L_ic=0.00145  L_total=0.00438  L_val=0.00006  patience=5/30  (58.0s)
  [PINN (blind)] epoch  10000  L_data=0.00241  L_phys=0.00019  L_ic=0.00137  L_total=0.00428  L_val=0.00003  patience=0/30  (64.1s)
  [PINN (blind)] epoch  11000  L_data=0.00243  L_phys=0.00010  L_ic=0.00139  L_total=0.00426  L_val=0.00006  patience=10/30  (70.3s)
  [PINN (blind)] epoch  12000  L_data=0.00241  L_phys=0.00053  L_ic=0.00146  L_total=0.00467  L_val=0.00003  patience=20/30  (76.6s)
  [PINN (blind)] epoch  13000  L_data=0.00241  L_phys=0.00003  L_ic=0.00125  L_total=0.00401  L_val=0.00004  patience=30/30  (82.8s)

  [PINN (blind)] Early stopping triggered at epoch 13000. Best val loss: 0.000029
  [PINN (blind)] early stop after 13000 epochs in 82.8s  (6.37 ms/epoch)  best val loss: 0.000029

======================================================================
RESULTS SUMMARY  (best-val checkpoint)
======================================================================
  Metric                                 PINN (extended physics) PINN (blind)
  RMSE  (training interval)                    0.0054      0.0052
  RMSE  (extrapolation)                        0.0052      0.0048
  Physics Residual                             0.0188      0.0155
  True nu                                     0.0700
  nu_hat                                      0.1261     0.1099
  --------------------------------------------------------------
Viscosity: 7.0e-02, Nu Hat (blind): 0.1099, Nu Hat (ext phys): 0.1261
Loading precomputed analytic solution snapshots from ./AnalyticBurger/Step_8.0e-02_analytic_solution.npz...

Generating observation data for the Step initial condition...

======================================================================
Training PINN  (data + physics (normal + extrapolated) + IC loss)
======================================================================
  Parameters: 11954
  [PINN (ext. phy.)] epoch      1  L_data=0.35062  L_phys=0.00001  L_ic=0.40476  L_total=0.86019  L_val=0.26829  patience=0/30  (0.0s)
  [PINN (ext. phy.)] epoch   1000  L_data=0.00269  L_phys=0.01141  L_ic=0.00339  L_total=0.01602  L_val=0.00056  patience=1/30  (5.3s)
  [PINN (ext. phy.)] epoch   2000  L_data=0.00269  L_phys=0.00003  L_ic=0.00144  L_total=0.00452  L_val=0.00031  patience=4/30  (11.5s)
  [PINN (ext. phy.)] epoch   3000  L_data=0.00251  L_phys=0.00030  L_ic=0.00127  L_total=0.00435  L_val=0.00021  patience=2/30  (17.6s)
  [PINN (ext. phy.)] epoch   4000  L_data=0.00247  L_phys=0.00016  L_ic=0.00046  L_total=0.00319  L_val=0.00011  patience=4/30  (23.8s)
  [PINN (ext. phy.)] epoch   5000  L_data=0.00255  L_phys=0.00020  L_ic=0.00105  L_total=0.00403  L_val=0.00013  patience=14/30  (30.0s)
  [PINN (ext. phy.)] epoch   6000  L_data=0.00244  L_phys=0.00005  L_ic=0.00020  L_total=0.00273  L_val=0.00005  patience=7/30  (36.1s)
  [PINN (ext. phy.)] epoch   7000  L_data=0.00243  L_phys=0.00015  L_ic=0.00013  L_total=0.00270  L_val=0.00006  patience=2/30  (40.7s)
  [PINN (ext. phy.)] epoch   8000  L_data=0.00242  L_phys=0.00005  L_ic=0.00008  L_total=0.00256  L_val=0.00004  patience=8/30  (46.1s)
  [PINN (ext. phy.)] epoch   9000  L_data=0.00246  L_phys=0.00010  L_ic=0.00007  L_total=0.00263  L_val=0.00007  patience=1/30  (52.2s)
  [PINN (ext. phy.)] epoch  10000  L_data=0.00242  L_phys=0.00004  L_ic=0.00004  L_total=0.00249  L_val=0.00003  patience=11/30  (58.8s)
  [PINN (ext. phy.)] epoch  11000  L_data=0.00241  L_phys=0.00002  L_ic=0.00003  L_total=0.00246  L_val=0.00002  patience=21/30  (65.6s)

  [PINN (ext. phy.)] Early stopping triggered at epoch 11900. Best val loss: 0.000022
  [PINN (ext. phy.)] early stop after 11900 epochs in 71.7s  (6.03 ms/epoch)  best val loss: 0.000022

======================================================================
Training PINN  (data + physics (only normal region) + IC loss)
======================================================================
  Parameters: 11954
  [PINN (blind)] epoch      1  L_data=0.45518  L_phys=0.00001  L_ic=0.52572  L_total=1.11703  L_val=0.37399  patience=0/30  (0.0s)
  [PINN (blind)] epoch   1000  L_data=0.00305  L_phys=0.00022  L_ic=0.00360  L_total=0.00775  L_val=0.00064  patience=2/30  (5.6s)
  [PINN (blind)] epoch   2000  L_data=0.00263  L_phys=0.00022  L_ic=0.00319  L_total=0.00682  L_val=0.00029  patience=2/30  (11.6s)
  [PINN (blind)] epoch   3000  L_data=0.00262  L_phys=0.00101  L_ic=0.00246  L_total=0.00651  L_val=0.00019  patience=2/30  (17.7s)
  [PINN (blind)] epoch   4000  L_data=0.00248  L_phys=0.00036  L_ic=0.00209  L_total=0.00539  L_val=0.00010  patience=1/30  (23.9s)
  [PINN (blind)] epoch   5000  L_data=0.00253  L_phys=0.00074  L_ic=0.00181  L_total=0.00540  L_val=0.00014  patience=1/30  (30.1s)
  [PINN (blind)] epoch   6000  L_data=0.00246  L_phys=0.00007  L_ic=0.00170  L_total=0.00466  L_val=0.00007  patience=0/30  (36.2s)
  [PINN (blind)] epoch   7000  L_data=0.00247  L_phys=0.00024  L_ic=0.00215  L_total=0.00538  L_val=0.00009  patience=4/30  (41.8s)
  [PINN (blind)] epoch   8000  L_data=0.00242  L_phys=0.00011  L_ic=0.00155  L_total=0.00446  L_val=0.00006  patience=5/30  (47.6s)
  [PINN (blind)] epoch   9000  L_data=0.00243  L_phys=0.00007  L_ic=0.00138  L_total=0.00422  L_val=0.00005  patience=15/30  (53.7s)
  [PINN (blind)] epoch  10000  L_data=0.00241  L_phys=0.00008  L_ic=0.00137  L_total=0.00420  L_val=0.00004  patience=0/30  (59.9s)
  [PINN (blind)] epoch  11000  L_data=0.00245  L_phys=0.00023  L_ic=0.00193  L_total=0.00507  L_val=0.00008  patience=10/30  (66.0s)
  [PINN (blind)] epoch  12000  L_data=0.00243  L_phys=0.00027  L_ic=0.00149  L_total=0.00451  L_val=0.00005  patience=6/30  (72.2s)
  [PINN (blind)] epoch  13000  L_data=0.00240  L_phys=0.00054  L_ic=0.00126  L_total=0.00442  L_val=0.00003  patience=0/30  (77.9s)
  [PINN (blind)] epoch  14000  L_data=0.00242  L_phys=0.04968  L_ic=0.00137  L_total=0.04361  L_val=0.00006  patience=7/30  (83.6s)
  [PINN (blind)] epoch  15000  L_data=0.00240  L_phys=0.00004  L_ic=0.00109  L_total=0.00380  L_val=0.00004  patience=17/30  (89.8s)
  [PINN (blind)] epoch  16000  L_data=0.00240  L_phys=0.00004  L_ic=0.00103  L_total=0.00373  L_val=0.00003  patience=27/30  (96.0s)
  [PINN (blind)] epoch  17000  L_data=0.00240  L_phys=0.00007  L_ic=0.00103  L_total=0.00375  L_val=0.00004  patience=9/30  (102.1s)
  [PINN (blind)] epoch  18000  L_data=0.00240  L_phys=0.00004  L_ic=0.00098  L_total=0.00366  L_val=0.00004  patience=19/30  (108.3s)
  [PINN (blind)] epoch  19000  L_data=0.00240  L_phys=0.00004  L_ic=0.00097  L_total=0.00365  L_val=0.00004  patience=29/30  (114.1s)

  [PINN (blind)] Early stopping triggered at epoch 19100. Best val loss: 0.000030
  [PINN (blind)] early stop after 19100 epochs in 114.5s  (5.99 ms/epoch)  best val loss: 0.000030

======================================================================
RESULTS SUMMARY  (best-val checkpoint)
======================================================================
  Metric                                 PINN (extended physics) PINN (blind)
  RMSE  (training interval)                    0.0048      0.0054
  RMSE  (extrapolation)                        0.0049      0.0086
  Physics Residual                             0.0174      0.0142
  True nu                                     0.0800
  nu_hat                                      0.1298     0.1216
  --------------------------------------------------------------
Viscosity: 8.0e-02, Nu Hat (blind): 0.1216, Nu Hat (ext phys): 0.1298
Loading precomputed analytic solution snapshots from ./AnalyticBurger/Step_9.0e-02_analytic_solution.npz...

Generating observation data for the Step initial condition...

======================================================================
Training PINN  (data + physics (normal + extrapolated) + IC loss)
======================================================================
  Parameters: 11954
  [PINN (ext. phy.)] epoch      1  L_data=0.34977  L_phys=0.00001  L_ic=0.40476  L_total=0.85934  L_val=0.26746  patience=0/30  (0.0s)
  [PINN (ext. phy.)] epoch   1000  L_data=0.00268  L_phys=0.01143  L_ic=0.00357  L_total=0.01625  L_val=0.00051  patience=1/30  (6.2s)
  [PINN (ext. phy.)] epoch   2000  L_data=0.00268  L_phys=0.00003  L_ic=0.00151  L_total=0.00460  L_val=0.00029  patience=4/30  (12.3s)
  [PINN (ext. phy.)] epoch   3000  L_data=0.00250  L_phys=0.00030  L_ic=0.00141  L_total=0.00451  L_val=0.00019  patience=5/30  (18.5s)
  [PINN (ext. phy.)] epoch   4000  L_data=0.00244  L_phys=0.00016  L_ic=0.00043  L_total=0.00311  L_val=0.00008  patience=4/30  (24.6s)
  [PINN (ext. phy.)] epoch   5000  L_data=0.00293  L_phys=0.00017  L_ic=0.00930  L_total=0.01478  L_val=0.00032  patience=9/30  (30.7s)
  [PINN (ext. phy.)] epoch   6000  L_data=0.00242  L_phys=0.00005  L_ic=0.00018  L_total=0.00268  L_val=0.00003  patience=7/30  (35.2s)
  [PINN (ext. phy.)] epoch   7000  L_data=0.00242  L_phys=0.00020  L_ic=0.00016  L_total=0.00279  L_val=0.00008  patience=2/30  (40.8s)
  [PINN (ext. phy.)] epoch   8000  L_data=0.00241  L_phys=0.00005  L_ic=0.00008  L_total=0.00255  L_val=0.00003  patience=5/30  (47.0s)
  [PINN (ext. phy.)] epoch   9000  L_data=0.00245  L_phys=0.00008  L_ic=0.00007  L_total=0.00261  L_val=0.00006  patience=15/30  (53.1s)
  [PINN (ext. phy.)] epoch  10000  L_data=0.00240  L_phys=0.00003  L_ic=0.00005  L_total=0.00250  L_val=0.00002  patience=25/30  (59.3s)

  [PINN (ext. phy.)] Early stopping triggered at epoch 10500. Best val loss: 0.000017
  [PINN (ext. phy.)] early stop after 10500 epochs in 62.3s  (5.94 ms/epoch)  best val loss: 0.000017

======================================================================
Training PINN  (data + physics (only normal region) + IC loss)
======================================================================
  Parameters: 11954
  [PINN (blind)] epoch      1  L_data=0.43382  L_phys=0.00001  L_ic=0.50061  L_total=1.06405  L_val=0.33882  patience=0/30  (0.0s)
  [PINN (blind)] epoch   1000  L_data=0.00350  L_phys=0.00113  L_ic=0.00513  L_total=0.01085  L_val=0.00066  patience=1/30  (6.2s)
  [PINN (blind)] epoch   2000  L_data=0.00259  L_phys=0.00012  L_ic=0.00292  L_total=0.00636  L_val=0.00026  patience=3/30  (11.5s)
  [PINN (blind)] epoch   3000  L_data=0.00256  L_phys=0.00057  L_ic=0.00246  L_total=0.00612  L_val=0.00017  patience=2/30  (17.6s)
  [PINN (blind)] epoch   4000  L_data=0.00254  L_phys=0.00040  L_ic=0.00315  L_total=0.00683  L_val=0.00024  patience=6/30  (23.8s)
  [PINN (blind)] epoch   5000  L_data=0.00252  L_phys=0.00009  L_ic=0.00208  L_total=0.00520  L_val=0.00008  patience=16/30  (30.0s)
  [PINN (blind)] epoch   6000  L_data=0.00249  L_phys=0.00004  L_ic=0.00231  L_total=0.00542  L_val=0.00010  patience=6/30  (36.1s)
  [PINN (blind)] epoch   7000  L_data=0.00245  L_phys=0.00034  L_ic=0.00214  L_total=0.00540  L_val=0.00005  patience=16/30  (42.3s)
  [PINN (blind)] epoch   8000  L_data=0.00241  L_phys=0.00036  L_ic=0.00158  L_total=0.00468  L_val=0.00003  patience=0/30  (47.5s)
  [PINN (blind)] epoch   9000  L_data=0.00247  L_phys=0.00102  L_ic=0.00180  L_total=0.00555  L_val=0.00005  patience=1/30  (53.7s)
  [PINN (blind)] epoch  10000  L_data=0.00242  L_phys=0.00004  L_ic=0.00148  L_total=0.00432  L_val=0.00004  patience=2/30  (59.9s)
  [PINN (blind)] epoch  11000  L_data=0.00240  L_phys=0.00004  L_ic=0.00133  L_total=0.00411  L_val=0.00003  patience=12/30  (66.0s)
  [PINN (blind)] epoch  12000  L_data=0.00243  L_phys=0.00005  L_ic=0.00132  L_total=0.00412  L_val=0.00004  patience=22/30  (72.2s)

  [PINN (blind)] Early stopping triggered at epoch 12800. Best val loss: 0.000023
  [PINN (blind)] early stop after 12800 epochs in 77.1s  (6.03 ms/epoch)  best val loss: 0.000023

======================================================================
RESULTS SUMMARY  (best-val checkpoint)
======================================================================
  Metric                                 PINN (extended physics) PINN (blind)
  RMSE  (training interval)                    0.0044      0.0046
  RMSE  (extrapolation)                        0.0045      0.0048
  Physics Residual                             0.0166      0.0114
  True nu                                     0.0900
  nu_hat                                      0.1367     0.1168
  --------------------------------------------------------------
Viscosity: 9.0e-02, Nu Hat (blind): 0.1168, Nu Hat (ext phys): 0.1367
Loading precomputed analytic solution snapshots from ./AnalyticBurger/Step_2.0e+00_analytic_solution.npz...

Generating observation data for the Step initial condition...

======================================================================
Training PINN  (data + physics (normal + extrapolated) + IC loss)
======================================================================
  Parameters: 11954
  [PINN (ext. phy.)] epoch      1  L_data=0.28791  L_phys=0.00001  L_ic=0.40476  L_total=0.79748  L_val=0.21285  patience=0/30  (0.0s)
  [PINN (ext. phy.)] epoch   1000  L_data=0.00428  L_phys=0.01421  L_ic=0.00350  L_total=0.01997  L_val=0.00107  patience=3/30  (5.3s)
  [PINN (ext. phy.)] epoch   2000  L_data=0.00406  L_phys=0.00111  L_ic=0.00264  L_total=0.00827  L_val=0.00159  patience=5/30  (11.4s)
  [PINN (ext. phy.)] epoch   3000  L_data=0.00381  L_phys=0.00267  L_ic=0.00203  L_total=0.00849  L_val=0.00142  patience=15/30  (17.6s)
  [PINN (ext. phy.)] epoch   4000  L_data=0.00390  L_phys=0.00338  L_ic=0.00127  L_total=0.00818  L_val=0.00163  patience=25/30  (23.8s)

  [PINN (ext. phy.)] Early stopping triggered at epoch 4500. Best val loss: 0.000883
  [PINN (ext. phy.)] early stop after 4500 epochs in 26.8s  (5.96 ms/epoch)  best val loss: 0.000883

======================================================================
Training PINN  (data + physics (only normal region) + IC loss)
======================================================================
  Parameters: 11954
  [PINN (blind)] epoch      1  L_data=0.41234  L_phys=0.00001  L_ic=0.54867  L_total=1.10309  L_val=0.33924  patience=0/30  (0.0s)
  [PINN (blind)] epoch   1000  L_data=0.00417  L_phys=0.00242  L_ic=0.00428  L_total=0.01149  L_val=0.00173  patience=5/30  (6.1s)
  [PINN (blind)] epoch   2000  L_data=0.00417  L_phys=0.00224  L_ic=0.00491  L_total=0.01212  L_val=0.00160  patience=2/30  (11.6s)
  [PINN (blind)] epoch   3000  L_data=0.00442  L_phys=0.00269  L_ic=0.00321  L_total=0.01059  L_val=0.00186  patience=7/30  (17.6s)
  [PINN (blind)] epoch   4000  L_data=0.00438  L_phys=0.00180  L_ic=0.00388  L_total=0.01070  L_val=0.00185  patience=17/30  (23.8s)
  [PINN (blind)] epoch   5000  L_data=0.00415  L_phys=0.00441  L_ic=0.00372  L_total=0.01233  L_val=0.00173  patience=27/30  (30.0s)

  [PINN (blind)] Early stopping triggered at epoch 5300. Best val loss: 0.001128
  [PINN (blind)] early stop after 5300 epochs in 31.8s  (6.00 ms/epoch)  best val loss: 0.001128

======================================================================
RESULTS SUMMARY  (best-val checkpoint)
======================================================================
  Metric                                 PINN (extended physics) PINN (blind)
  RMSE  (training interval)                    0.0300      0.0338
  RMSE  (extrapolation)                        0.0280      0.0275
  Physics Residual                             0.2371      0.2089
  True nu                                     2.0000
  nu_hat                                      0.2486     0.2570
  --------------------------------------------------------------
Viscosity: 2.0e+00, Nu Hat (blind): 0.2570, Nu Hat (ext phys): 0.2486
Loading precomputed analytic solution snapshots from ./AnalyticBurger/Step_3.0e+00_analytic_solution.npz...

Generating observation data for the Step initial condition...

======================================================================
Training PINN  (data + physics (normal + extrapolated) + IC loss)
======================================================================
  Parameters: 11954
  [PINN (ext. phy.)] epoch      1  L_data=0.27109  L_phys=0.00001  L_ic=0.40476  L_total=0.78066  L_val=0.19865  patience=0/30  (0.0s)
  [PINN (ext. phy.)] epoch   1000  L_data=0.00457  L_phys=0.01509  L_ic=0.00412  L_total=0.02175  L_val=0.00145  patience=0/30  (6.2s)
  [PINN (ext. phy.)] epoch   2000  L_data=0.00499  L_phys=0.00170  L_ic=0.00271  L_total=0.00976  L_val=0.00202  patience=5/30  (12.0s)
  [PINN (ext. phy.)] epoch   3000  L_data=0.00418  L_phys=0.00338  L_ic=0.00266  L_total=0.01022  L_val=0.00178  patience=15/30  (16.1s)
  [PINN (ext. phy.)] epoch   4000  L_data=0.00448  L_phys=0.00384  L_ic=0.00160  L_total=0.00955  L_val=0.00195  patience=25/30  (22.3s)

  [PINN (ext. phy.)] Early stopping triggered at epoch 4500. Best val loss: 0.001102
  [PINN (ext. phy.)] early stop after 4500 epochs in 25.4s  (5.64 ms/epoch)  best val loss: 0.001102

======================================================================
Training PINN  (data + physics (only normal region) + IC loss)
======================================================================
  Parameters: 11954
  [PINN (blind)] epoch      1  L_data=0.39461  L_phys=0.00001  L_ic=0.54867  L_total=1.08536  L_val=0.32371  patience=0/30  (0.0s)
  [PINN (blind)] epoch   1000  L_data=0.00493  L_phys=0.00327  L_ic=0.00446  L_total=0.01314  L_val=0.00256  patience=5/30  (6.2s)
  [PINN (blind)] epoch   2000  L_data=0.00443  L_phys=0.00317  L_ic=0.00563  L_total=0.01404  L_val=0.00209  patience=1/30  (12.4s)
  [PINN (blind)] epoch   3000  L_data=0.00528  L_phys=0.00363  L_ic=0.00354  L_total=0.01262  L_val=0.00271  patience=11/30  (18.5s)
  [PINN (blind)] epoch   4000  L_data=0.00482  L_phys=0.00283  L_ic=0.00439  L_total=0.01259  L_val=0.00237  patience=21/30  (24.6s)

  [PINN (blind)] Early stopping triggered at epoch 4900. Best val loss: 0.001997
  [PINN (blind)] early stop after 4900 epochs in 29.3s  (5.97 ms/epoch)  best val loss: 0.001997

======================================================================
RESULTS SUMMARY  (best-val checkpoint)
======================================================================
  Metric                                 PINN (extended physics) PINN (blind)
  RMSE  (training interval)                    0.0335      0.0449
  RMSE  (extrapolation)                        0.0301      0.0392
  Physics Residual                             0.3726      0.3461
  True nu                                     3.0000
  nu_hat                                      0.2563     0.2689
  --------------------------------------------------------------
Viscosity: 3.0e+00, Nu Hat (blind): 0.2689, Nu Hat (ext phys): 0.2563
Loading precomputed analytic solution snapshots from ./AnalyticBurger/Step_4.0e+00_analytic_solution.npz...

Generating observation data for the Step initial condition...

======================================================================
Training PINN  (data + physics (normal + extrapolated) + IC loss)
======================================================================
  Parameters: 11954
  [PINN (ext. phy.)] epoch      1  L_data=0.25820  L_phys=0.00001  L_ic=0.40476  L_total=0.76777  L_val=0.18792  patience=0/30  (0.0s)
  [PINN (ext. phy.)] epoch   1000  L_data=0.00548  L_phys=0.01575  L_ic=0.00403  L_total=0.02307  L_val=0.00187  patience=0/30  (6.2s)
  [PINN (ext. phy.)] epoch   2000  L_data=0.00579  L_phys=0.00225  L_ic=0.00237  L_total=0.01056  L_val=0.00266  patience=5/30  (12.3s)
  [PINN (ext. phy.)] epoch   3000  L_data=0.00605  L_phys=0.00311  L_ic=0.00219  L_total=0.01128  L_val=0.00298  patience=15/30  (18.5s)
  [PINN (ext. phy.)] epoch   4000  L_data=0.00500  L_phys=0.00476  L_ic=0.00146  L_total=0.01062  L_val=0.00235  patience=25/30  (24.6s)

  [PINN (ext. phy.)] Early stopping triggered at epoch 4500. Best val loss: 0.001499
  [PINN (ext. phy.)] early stop after 4500 epochs in 27.6s  (6.13 ms/epoch)  best val loss: 0.001499

======================================================================
Training PINN  (data + physics (only normal region) + IC loss)
======================================================================
  Parameters: 11954
  [PINN (blind)] epoch      1  L_data=0.38106  L_phys=0.00001  L_ic=0.54867  L_total=1.07181  L_val=0.31166  patience=0/30  (0.0s)
  [PINN (blind)] epoch   1000  L_data=0.00561  L_phys=0.00389  L_ic=0.00483  L_total=0.01478  L_val=0.00323  patience=4/30  (5.3s)
  [PINN (blind)] epoch   2000  L_data=0.00466  L_phys=0.00395  L_ic=0.00671  L_total=0.01625  L_val=0.00229  patience=1/30  (11.5s)
  [PINN (blind)] epoch   3000  L_data=0.00620  L_phys=0.00452  L_ic=0.00376  L_total=0.01452  L_val=0.00329  patience=11/30  (17.6s)
  [PINN (blind)] epoch   4000  L_data=0.00536  L_phys=0.00369  L_ic=0.00463  L_total=0.01411  L_val=0.00257  patience=21/30  (23.8s)

  [PINN (blind)] Early stopping triggered at epoch 4900. Best val loss: 0.002197
  [PINN (blind)] early stop after 4900 epochs in 29.3s  (5.98 ms/epoch)  best val loss: 0.002197

======================================================================
RESULTS SUMMARY  (best-val checkpoint)
======================================================================
  Metric                                 PINN (extended physics) PINN (blind)
  RMSE  (training interval)                    0.0391      0.0472
  RMSE  (extrapolation)                        0.0364      0.0357
  Physics Residual                             0.5288      0.4489
  True nu                                     4.0000
  nu_hat                                      0.2617     0.2773
  --------------------------------------------------------------
Viscosity: 4.0e+00, Nu Hat (blind): 0.2773, Nu Hat (ext phys): 0.2617
Loading precomputed analytic solution snapshots from ./AnalyticBurger/Step_5.0e+00_analytic_solution.npz...

Generating observation data for the Step initial condition...

======================================================================
Training PINN  (data + physics (normal + extrapolated) + IC loss)
======================================================================
  Parameters: 11954
  [PINN (ext. phy.)] epoch      1  L_data=0.24796  L_phys=0.00001  L_ic=0.40476  L_total=0.75753  L_val=0.17938  patience=0/30  (0.0s)
  [PINN (ext. phy.)] epoch   1000  L_data=0.00571  L_phys=0.01574  L_ic=0.00436  L_total=0.02370  L_val=0.00250  patience=2/30  (5.6s)
  [PINN (ext. phy.)] epoch   2000  L_data=0.00627  L_phys=0.00262  L_ic=0.00267  L_total=0.01170  L_val=0.00353  patience=5/30  (12.2s)
  [PINN (ext. phy.)] epoch   3000  L_data=0.00542  L_phys=0.00460  L_ic=0.00223  L_total=0.01188  L_val=0.00247  patience=15/30  (18.3s)
  [PINN (ext. phy.)] epoch   4000  L_data=0.00545  L_phys=0.00539  L_ic=0.00154  L_total=0.01167  L_val=0.00262  patience=25/30  (24.5s)

  [PINN (ext. phy.)] Early stopping triggered at epoch 4500. Best val loss: 0.001513
  [PINN (ext. phy.)] early stop after 4500 epochs in 27.5s  (6.12 ms/epoch)  best val loss: 0.001513

======================================================================
Training PINN  (data + physics (only normal region) + IC loss)
======================================================================
  Parameters: 11954
  [PINN (blind)] epoch      1  L_data=0.37031  L_phys=0.00001  L_ic=0.54867  L_total=1.06106  L_val=0.30210  patience=0/30  (0.0s)
  [PINN (blind)] epoch   1000  L_data=0.00629  L_phys=0.00457  L_ic=0.00506  L_total=0.01630  L_val=0.00392  patience=5/30  (6.2s)
  [PINN (blind)] epoch   2000  L_data=0.00496  L_phys=0.00476  L_ic=0.00709  L_total=0.01767  L_val=0.00276  patience=1/30  (12.2s)
  [PINN (blind)] epoch   3000  L_data=0.00676  L_phys=0.00533  L_ic=0.00401  L_total=0.01604  L_val=0.00371  patience=11/30  (17.5s)
  [PINN (blind)] epoch   4000  L_data=0.00579  L_phys=0.00447  L_ic=0.00496  L_total=0.01559  L_val=0.00294  patience=21/30  (23.6s)

  [PINN (blind)] Early stopping triggered at epoch 4900. Best val loss: 0.002565
  [PINN (blind)] early stop after 4900 epochs in 29.2s  (5.95 ms/epoch)  best val loss: 0.002565

======================================================================
RESULTS SUMMARY  (best-val checkpoint)
======================================================================
  Metric                                 PINN (extended physics) PINN (blind)
  RMSE  (training interval)                    0.0393      0.0510
  RMSE  (extrapolation)                        0.0317      0.0388
  Physics Residual                             0.6581      0.5684
  True nu                                     5.0000
  nu_hat                                      0.2661     0.2819
  --------------------------------------------------------------
Viscosity: 5.0e+00, Nu Hat (blind): 0.2819, Nu Hat (ext phys): 0.2661
Loading precomputed analytic solution snapshots from ./AnalyticBurger/Step_6.0e+00_analytic_solution.npz...

Generating observation data for the Step initial condition...

======================================================================
Training PINN  (data + physics (normal + extrapolated) + IC loss)
======================================================================
  Parameters: 11954
  [PINN (ext. phy.)] epoch      1  L_data=0.23957  L_phys=0.00001  L_ic=0.40476  L_total=0.74914  L_val=0.17247  patience=0/30  (0.0s)
  [PINN (ext. phy.)] epoch   1000  L_data=0.00617  L_phys=0.01609  L_ic=0.00472  L_total=0.02489  L_val=0.00283  patience=2/30  (6.1s)
  [PINN (ext. phy.)] epoch   2000  L_data=0.00664  L_phys=0.00312  L_ic=0.00286  L_total=0.01273  L_val=0.00386  patience=5/30  (12.3s)
  [PINN (ext. phy.)] epoch   3000  L_data=0.00557  L_phys=0.00541  L_ic=0.00251  L_total=0.01302  L_val=0.00253  patience=15/30  (17.9s)
  [PINN (ext. phy.)] epoch   4000  L_data=0.00598  L_phys=0.00516  L_ic=0.00179  L_total=0.01234  L_val=0.00320  patience=25/30  (22.3s)

  [PINN (ext. phy.)] Early stopping triggered at epoch 4500. Best val loss: 0.001802
  [PINN (ext. phy.)] early stop after 4500 epochs in 25.4s  (5.64 ms/epoch)  best val loss: 0.001802

======================================================================
Training PINN  (data + physics (only normal region) + IC loss)
======================================================================
  Parameters: 11954
  [PINN (blind)] epoch      1  L_data=0.36154  L_phys=0.00001  L_ic=0.54867  L_total=1.05229  L_val=0.29427  patience=0/30  (0.0s)
  [PINN (blind)] epoch   1000  L_data=0.00735  L_phys=0.00504  L_ic=0.00499  L_total=0.01763  L_val=0.00437  patience=4/30  (6.2s)
  [PINN (blind)] epoch   2000  L_data=0.00535  L_phys=0.00540  L_ic=0.00741  L_total=0.01897  L_val=0.00317  patience=1/30  (13.1s)
  [PINN (blind)] epoch   3000  L_data=0.00765  L_phys=0.00605  L_ic=0.00400  L_total=0.01750  L_val=0.00422  patience=11/30  (19.8s)
  [PINN (blind)] epoch   4000  L_data=0.00642  L_phys=0.00522  L_ic=0.00498  L_total=0.01684  L_val=0.00339  patience=21/30  (25.9s)

  [PINN (blind)] Early stopping triggered at epoch 4900. Best val loss: 0.002894
  [PINN (blind)] early stop after 4900 epochs in 30.8s  (6.30 ms/epoch)  best val loss: 0.002894

======================================================================
RESULTS SUMMARY  (best-val checkpoint)
======================================================================
  Metric                                 PINN (extended physics) PINN (blind)
  RMSE  (training interval)                    0.0429      0.0542
  RMSE  (extrapolation)                        0.0345      0.0398
  Physics Residual                             0.8084      0.6833
  True nu                                     6.0000
  nu_hat                                      0.2685     0.2879
  --------------------------------------------------------------
Viscosity: 6.0e+00, Nu Hat (blind): 0.2879, Nu Hat (ext phys): 0.2685
Loading precomputed analytic solution snapshots from ./AnalyticBurger/Step_7.0e+00_analytic_solution.npz...

Generating observation data for the Step initial condition...

======================================================================
Training PINN  (data + physics (normal + extrapolated) + IC loss)
======================================================================
  Parameters: 11954
  [PINN (ext. phy.)] epoch      1  L_data=0.23257  L_phys=0.00001  L_ic=0.40476  L_total=0.74214  L_val=0.16665  patience=0/30  (0.0s)
  [PINN (ext. phy.)] epoch   1000  L_data=0.00674  L_phys=0.01709  L_ic=0.00477  L_total=0.02633  L_val=0.00310  patience=2/30  (6.2s)
  [PINN (ext. phy.)] epoch   2000  L_data=0.00707  L_phys=0.00360  L_ic=0.00305  L_total=0.01377  L_val=0.00415  patience=5/30  (12.9s)
  [PINN (ext. phy.)] epoch   3000  L_data=0.00589  L_phys=0.00616  L_ic=0.00261  L_total=0.01407  L_val=0.00279  patience=15/30  (19.4s)
  [PINN (ext. phy.)] epoch   4000  L_data=0.00627  L_phys=0.00599  L_ic=0.00195  L_total=0.01348  L_val=0.00349  patience=25/30  (25.6s)

  [PINN (ext. phy.)] Early stopping triggered at epoch 4500. Best val loss: 0.002194
  [PINN (ext. phy.)] early stop after 4500 epochs in 29.2s  (6.49 ms/epoch)  best val loss: 0.002194

======================================================================
Training PINN  (data + physics (only normal region) + IC loss)
======================================================================
  Parameters: 11954
  [PINN (blind)] epoch      1  L_data=0.35423  L_phys=0.00001  L_ic=0.54867  L_total=1.04499  L_val=0.28771  patience=0/30  (0.0s)
  [PINN (blind)] epoch   1000  L_data=0.00745  L_phys=0.00565  L_ic=0.00564  L_total=0.01904  L_val=0.00463  patience=4/30  (5.5s)
  [PINN (blind)] epoch   2000  L_data=0.00611  L_phys=0.00616  L_ic=0.00660  L_total=0.01931  L_val=0.00409  patience=1/30  (11.7s)
  [PINN (blind)] epoch   3000  L_data=0.00786  L_phys=0.00656  L_ic=0.00453  L_total=0.01877  L_val=0.00452  patience=11/30  (17.8s)
  [PINN (blind)] epoch   4000  L_data=0.00652  L_phys=0.00561  L_ic=0.00547  L_total=0.01787  L_val=0.00351  patience=21/30  (24.0s)

  [PINN (blind)] Early stopping triggered at epoch 4900. Best val loss: 0.003157
  [PINN (blind)] early stop after 4900 epochs in 29.5s  (6.02 ms/epoch)  best val loss: 0.003157

======================================================================
RESULTS SUMMARY  (best-val checkpoint)
======================================================================
  Metric                                 PINN (extended physics) PINN (blind)
  RMSE  (training interval)                    0.0473      0.0566
  RMSE  (extrapolation)                        0.0390      0.0396
  Physics Residual                             0.9634      0.8083
  True nu                                     7.0000
  nu_hat                                      0.2706     0.2898
  --------------------------------------------------------------
Viscosity: 7.0e+00, Nu Hat (blind): 0.2898, Nu Hat (ext phys): 0.2706
Loading precomputed analytic solution snapshots from ./AnalyticBurger/Step_8.0e+00_analytic_solution.npz...

Generating observation data for the Step initial condition...

======================================================================
Training PINN  (data + physics (normal + extrapolated) + IC loss)
======================================================================
  Parameters: 11954
  [PINN (ext. phy.)] epoch      1  L_data=0.22661  L_phys=0.00001  L_ic=0.40476  L_total=0.73618  L_val=0.16169  patience=0/30  (0.0s)
  [PINN (ext. phy.)] epoch   1000  L_data=0.00670  L_phys=0.01714  L_ic=0.00534  L_total=0.02703  L_val=0.00313  patience=6/30  (6.1s)
  [PINN (ext. phy.)] epoch   2000  L_data=0.00712  L_phys=0.00408  L_ic=0.00341  L_total=0.01466  L_val=0.00412  patience=9/30  (11.8s)
  [PINN (ext. phy.)] epoch   3000  L_data=0.00643  L_phys=0.00672  L_ic=0.00253  L_total=0.01495  L_val=0.00334  patience=19/30  (17.9s)
  [PINN (ext. phy.)] epoch   4000  L_data=0.00657  L_phys=0.00713  L_ic=0.00197  L_total=0.01471  L_val=0.00339  patience=29/30  (24.1s)

  [PINN (ext. phy.)] Early stopping triggered at epoch 4100. Best val loss: 0.002427
  [PINN (ext. phy.)] early stop after 4100 epochs in 24.7s  (6.03 ms/epoch)  best val loss: 0.002427

======================================================================
Training PINN  (data + physics (only normal region) + IC loss)
======================================================================
  Parameters: 11954
  [PINN (blind)] epoch      1  L_data=0.36084  L_phys=0.00002  L_ic=0.55749  L_total=1.06269  L_val=0.30095  patience=0/30  (0.0s)
  [PINN (blind)] epoch   1000  L_data=0.00728  L_phys=0.00954  L_ic=0.01102  L_total=0.02874  L_val=0.00357  patience=0/30  (6.2s)
  [PINN (blind)] epoch   2000  L_data=0.00841  L_phys=0.00595  L_ic=0.00561  L_total=0.02020  L_val=0.00573  patience=10/30  (12.4s)
  [PINN (blind)] epoch   3000  L_data=0.00788  L_phys=0.00635  L_ic=0.00606  L_total=0.02056  L_val=0.00480  patience=20/30  (18.2s)
  [PINN (blind)] epoch   4000  L_data=0.00790  L_phys=0.00659  L_ic=0.00454  L_total=0.01885  L_val=0.00532  patience=30/30  (25.9s)

  [PINN (blind)] Early stopping triggered at epoch 4000. Best val loss: 0.003569
  [PINN (blind)] early stop after 4000 epochs in 25.9s  (6.47 ms/epoch)  best val loss: 0.003569

======================================================================
RESULTS SUMMARY  (best-val checkpoint)
======================================================================
  Metric                                 PINN (extended physics) PINN (blind)
  RMSE  (training interval)                    0.0497      0.0602
  RMSE  (extrapolation)                        0.0490      0.0419
  Physics Residual                             0.9097      0.9711
  True nu                                     8.0000
  nu_hat                                      0.2779     0.3258
  --------------------------------------------------------------
Viscosity: 8.0e+00, Nu Hat (blind): 0.3258, Nu Hat (ext phys): 0.2779
Loading precomputed analytic solution snapshots from ./AnalyticBurger/Step_9.0e+00_analytic_solution.npz...

Generating observation data for the Step initial condition...

======================================================================
Training PINN  (data + physics (normal + extrapolated) + IC loss)
======================================================================
  Parameters: 11954
  [PINN (ext. phy.)] epoch      1  L_data=0.22148  L_phys=0.00001  L_ic=0.40476  L_total=0.73105  L_val=0.15742  patience=0/30  (0.0s)
  [PINN (ext. phy.)] epoch   1000  L_data=0.00740  L_phys=0.01849  L_ic=0.00489  L_total=0.02824  L_val=0.00358  patience=6/30  (6.3s)
  [PINN (ext. phy.)] epoch   2000  L_data=0.00754  L_phys=0.00452  L_ic=0.00319  L_total=0.01514  L_val=0.00477  patience=9/30  (12.5s)
  [PINN (ext. phy.)] epoch   3000  L_data=0.00632  L_phys=0.00766  L_ic=0.00282  L_total=0.01595  L_val=0.00341  patience=19/30  (19.1s)
  [PINN (ext. phy.)] epoch   4000  L_data=0.00687  L_phys=0.00745  L_ic=0.00238  L_total=0.01579  L_val=0.00378  patience=29/30  (24.5s)

  [PINN (ext. phy.)] Early stopping triggered at epoch 4100. Best val loss: 0.002560
  [PINN (ext. phy.)] early stop after 4100 epochs in 24.8s  (6.06 ms/epoch)  best val loss: 0.002560

======================================================================
Training PINN  (data + physics (only normal region) + IC loss)
======================================================================
  Parameters: 11954
  [PINN (blind)] epoch      1  L_data=0.35565  L_phys=0.00002  L_ic=0.55749  L_total=1.05750  L_val=0.29622  patience=0/30  (0.0s)
  [PINN (blind)] epoch   1000  L_data=0.00773  L_phys=0.01027  L_ic=0.01105  L_total=0.02980  L_val=0.00378  patience=0/30  (5.1s)
  [PINN (blind)] epoch   2000  L_data=0.00883  L_phys=0.00647  L_ic=0.00592  L_total=0.02141  L_val=0.00622  patience=10/30  (11.8s)
  [PINN (blind)] epoch   3000  L_data=0.00826  L_phys=0.00689  L_ic=0.00636  L_total=0.02175  L_val=0.00509  patience=20/30  (18.8s)
  [PINN (blind)] epoch   4000  L_data=0.00841  L_phys=0.00712  L_ic=0.00459  L_total=0.01985  L_val=0.00579  patience=30/30  (25.5s)

  [PINN (blind)] Early stopping triggered at epoch 4000. Best val loss: 0.003783
  [PINN (blind)] early stop after 4000 epochs in 25.5s  (6.39 ms/epoch)  best val loss: 0.003783

======================================================================
RESULTS SUMMARY  (best-val checkpoint)
======================================================================
  Metric                                 PINN (extended physics) PINN (blind)
  RMSE  (training interval)                    0.0510      0.0619
  RMSE  (extrapolation)                        0.0472      0.0423
  Physics Residual                             1.0072      1.0905
  True nu                                     9.0000
  nu_hat                                      0.2803     0.3292
  --------------------------------------------------------------
Viscosity: 9.0e+00, Nu Hat (blind): 0.3292, Nu Hat (ext phys): 0.2803
Loading precomputed analytic solution snapshots from ./AnalyticBurger/N-wave_1.0e-05_analytic_solution.npz...

Generating observation data for the N-wave initial condition...

======================================================================
Training PINN  (data + physics (normal + extrapolated) + IC loss)
======================================================================
  Parameters: 11954
  [PINN (ext. phy.)] epoch      1  L_data=0.04538  L_phys=0.00001  L_ic=0.05599  L_total=0.11587  L_val=0.03240  patience=0/30  (0.0s)
  [PINN (ext. phy.)] epoch   1000  L_data=0.01550  L_phys=0.00699  L_ic=0.00890  L_total=0.03226  L_val=0.01264  patience=0/30  (6.7s)
  [PINN (ext. phy.)] epoch   2000  L_data=0.01203  L_phys=0.00256  L_ic=0.00680  L_total=0.02263  L_val=0.00906  patience=0/30  (12.1s)
  [PINN (ext. phy.)] epoch   3000  L_data=0.01053  L_phys=0.00183  L_ic=0.00698  L_total=0.02078  L_val=0.00737  patience=2/30  (18.3s)
  [PINN (ext. phy.)] epoch   4000  L_data=0.00880  L_phys=0.00524  L_ic=0.00519  L_total=0.01949  L_val=0.00569  patience=5/30  (24.4s)
  [PINN (ext. phy.)] epoch   5000  L_data=0.00742  L_phys=0.00286  L_ic=0.00393  L_total=0.01464  L_val=0.00428  patience=0/30  (30.8s)
  [PINN (ext. phy.)] epoch   6000  L_data=0.00665  L_phys=0.00276  L_ic=0.00346  L_total=0.01320  L_val=0.00364  patience=2/30  (36.9s)
  [PINN (ext. phy.)] epoch   7000  L_data=0.00635  L_phys=0.00177  L_ic=0.00377  L_total=0.01250  L_val=0.00344  patience=1/30  (43.3s)
  [PINN (ext. phy.)] epoch   8000  L_data=0.00601  L_phys=0.00162  L_ic=0.00359  L_total=0.01181  L_val=0.00310  patience=1/30  (49.7s)
  [PINN (ext. phy.)] epoch   9000  L_data=0.00546  L_phys=0.00317  L_ic=0.00299  L_total=0.01175  L_val=0.00260  patience=0/30  (55.8s)
  [PINN (ext. phy.)] epoch  10000  L_data=0.00517  L_phys=0.00377  L_ic=0.00276  L_total=0.01164  L_val=0.00238  patience=0/30  (62.0s)
  [PINN (ext. phy.)] epoch  11000  L_data=0.00513  L_phys=0.00110  L_ic=0.00271  L_total=0.00943  L_val=0.00240  patience=2/30  (68.1s)
  [PINN (ext. phy.)] epoch  12000  L_data=0.00523  L_phys=0.00499  L_ic=0.00348  L_total=0.01358  L_val=0.00242  patience=1/30  (74.3s)
  [PINN (ext. phy.)] epoch  13000  L_data=0.00481  L_phys=0.00060  L_ic=0.00239  L_total=0.00829  L_val=0.00206  patience=11/30  (79.8s)
  [PINN (ext. phy.)] epoch  14000  L_data=0.00477  L_phys=0.00052  L_ic=0.00229  L_total=0.00807  L_val=0.00207  patience=2/30  (85.8s)
  [PINN (ext. phy.)] epoch  15000  L_data=0.00467  L_phys=0.00097  L_ic=0.00241  L_total=0.00848  L_val=0.00197  patience=0/30  (92.1s)
  [PINN (ext. phy.)] epoch  16000  L_data=0.00465  L_phys=0.00402  L_ic=0.00226  L_total=0.01068  L_val=0.00195  patience=6/30  (98.3s)
  [PINN (ext. phy.)] epoch  17000  L_data=0.00464  L_phys=0.00143  L_ic=0.00242  L_total=0.00882  L_val=0.00196  patience=2/30  (104.5s)
  [PINN (ext. phy.)] epoch  18000  L_data=0.00460  L_phys=0.00044  L_ic=0.00223  L_total=0.00775  L_val=0.00191  patience=3/30  (110.8s)
  [PINN (ext. phy.)] epoch  19000  L_data=0.00455  L_phys=0.00085  L_ic=0.00220  L_total=0.00799  L_val=0.00188  patience=13/30  (116.2s)
  [PINN (ext. phy.)] epoch  20000  L_data=0.00455  L_phys=0.00084  L_ic=0.00218  L_total=0.00796  L_val=0.00187  patience=6/30  (123.5s)
  [PINN (ext. phy.)] epoch  21000  L_data=0.00450  L_phys=0.00350  L_ic=0.00207  L_total=0.00988  L_val=0.00183  patience=6/30  (131.1s)
  [PINN (ext. phy.)] epoch  22000  L_data=0.00452  L_phys=0.00114  L_ic=0.00210  L_total=0.00807  L_val=0.00184  patience=16/30  (138.4s)
  [PINN (ext. phy.)] epoch  23000  L_data=0.00448  L_phys=0.00044  L_ic=0.00206  L_total=0.00742  L_val=0.00182  patience=1/30  (144.6s)
  [PINN (ext. phy.)] epoch  24000  L_data=0.00448  L_phys=0.00057  L_ic=0.00213  L_total=0.00761  L_val=0.00182  patience=11/30  (150.3s)
  [PINN (ext. phy.)] epoch  25000  L_data=0.00450  L_phys=0.00074  L_ic=0.00206  L_total=0.00769  L_val=0.00183  patience=21/30  (154.6s)

  [PINN (ext. phy.)] Early stopping triggered at epoch 25900. Best val loss: 0.001799
  [PINN (ext. phy.)] early stop after 25900 epochs in 160.2s  (6.18 ms/epoch)  best val loss: 0.001799

======================================================================
Training PINN  (data + physics (only normal region) + IC loss)
======================================================================
  Parameters: 11954
  [PINN (blind)] epoch      1  L_data=0.05871  L_phys=0.00002  L_ic=0.06805  L_total=0.14439  L_val=0.03523  patience=0/30  (0.0s)
  [PINN (blind)] epoch   1000  L_data=0.01653  L_phys=0.00193  L_ic=0.00907  L_total=0.02948  L_val=0.01328  patience=0/30  (6.2s)
  [PINN (blind)] epoch   2000  L_data=0.01369  L_phys=0.00153  L_ic=0.00680  L_total=0.02346  L_val=0.01055  patience=1/30  (12.4s)
  [PINN (blind)] epoch   3000  L_data=0.01044  L_phys=0.00466  L_ic=0.00451  L_total=0.01983  L_val=0.00730  patience=0/30  (19.4s)
  [PINN (blind)] epoch   4000  L_data=0.00886  L_phys=0.00214  L_ic=0.00312  L_total=0.01448  L_val=0.00577  patience=0/30  (25.6s)
  [PINN (blind)] epoch   5000  L_data=0.00779  L_phys=0.00216  L_ic=0.00273  L_total=0.01294  L_val=0.00461  patience=0/30  (30.8s)
  [PINN (blind)] epoch   6000  L_data=0.00711  L_phys=0.00121  L_ic=0.00266  L_total=0.01142  L_val=0.00409  patience=4/30  (37.0s)
  [PINN (blind)] epoch   7000  L_data=0.00650  L_phys=0.00175  L_ic=0.00170  L_total=0.01003  L_val=0.00349  patience=0/30  (43.2s)
  [PINN (blind)] epoch   8000  L_data=0.00634  L_phys=0.00146  L_ic=0.00165  L_total=0.00957  L_val=0.00338  patience=2/30  (49.3s)
  [PINN (blind)] epoch   9000  L_data=0.00589  L_phys=0.00152  L_ic=0.00163  L_total=0.00915  L_val=0.00296  patience=0/30  (55.5s)
  [PINN (blind)] epoch  10000  L_data=0.00570  L_phys=0.00184  L_ic=0.00094  L_total=0.00834  L_val=0.00279  patience=2/30  (61.6s)
  [PINN (blind)] epoch  11000  L_data=0.00555  L_phys=0.00096  L_ic=0.00104  L_total=0.00761  L_val=0.00265  patience=0/30  (66.9s)
  [PINN (blind)] epoch  12000  L_data=0.00544  L_phys=0.00098  L_ic=0.00100  L_total=0.00748  L_val=0.00256  patience=1/30  (73.1s)
  [PINN (blind)] epoch  13000  L_data=0.00533  L_phys=0.00132  L_ic=0.00061  L_total=0.00714  L_val=0.00247  patience=3/30  (79.3s)
  [PINN (blind)] epoch  14000  L_data=0.00527  L_phys=0.00945  L_ic=0.00043  L_total=0.01332  L_val=0.00238  patience=2/30  (85.5s)
  [PINN (blind)] epoch  15000  L_data=0.00515  L_phys=0.00127  L_ic=0.00037  L_total=0.00663  L_val=0.00230  patience=0/30  (91.6s)
  [PINN (blind)] epoch  16000  L_data=0.00511  L_phys=0.00152  L_ic=0.00030  L_total=0.00669  L_val=0.00226  patience=0/30  (97.8s)
  [PINN (blind)] epoch  17000  L_data=0.00513  L_phys=0.00059  L_ic=0.00033  L_total=0.00601  L_val=0.00229  patience=6/30  (103.0s)
  [PINN (blind)] epoch  18000  L_data=0.00508  L_phys=0.00052  L_ic=0.00026  L_total=0.00582  L_val=0.00225  patience=7/30  (109.2s)
  [PINN (blind)] epoch  19000  L_data=0.00508  L_phys=0.00118  L_ic=0.00023  L_total=0.00630  L_val=0.00223  patience=7/30  (115.3s)
  [PINN (blind)] epoch  20000  L_data=0.00503  L_phys=0.00169  L_ic=0.00024  L_total=0.00668  L_val=0.00220  patience=3/30  (121.5s)
  [PINN (blind)] epoch  21000  L_data=0.00503  L_phys=0.00064  L_ic=0.00022  L_total=0.00582  L_val=0.00222  patience=1/30  (127.6s)
  [PINN (blind)] epoch  22000  L_data=0.00501  L_phys=0.00113  L_ic=0.00020  L_total=0.00616  L_val=0.00218  patience=11/30  (133.8s)
  [PINN (blind)] epoch  23000  L_data=0.00499  L_phys=0.00063  L_ic=0.00021  L_total=0.00576  L_val=0.00217  patience=1/30  (139.1s)
  [PINN (blind)] epoch  24000  L_data=0.00497  L_phys=0.00076  L_ic=0.00019  L_total=0.00582  L_val=0.00215  patience=3/30  (146.3s)
  [PINN (blind)] epoch  25000  L_data=0.00497  L_phys=0.00148  L_ic=0.00018  L_total=0.00637  L_val=0.00215  patience=1/30  (154.3s)
  [PINN (blind)] epoch  26000  L_data=0.00495  L_phys=0.00210  L_ic=0.00018  L_total=0.00685  L_val=0.00213  patience=0/30  (162.2s)
  [PINN (blind)] epoch  27000  L_data=0.00496  L_phys=0.00112  L_ic=0.00019  L_total=0.00608  L_val=0.00214  patience=7/30  (168.8s)
  [PINN (blind)] epoch  28000  L_data=0.00495  L_phys=0.00097  L_ic=0.00018  L_total=0.00595  L_val=0.00214  patience=17/30  (173.6s)
  [PINN (blind)] epoch  29000  L_data=0.00495  L_phys=0.00093  L_ic=0.00017  L_total=0.00591  L_val=0.00213  patience=27/30  (178.9s)

  [PINN (blind)] Early stopping triggered at epoch 29300. Best val loss: 0.002118
  [PINN (blind)] early stop after 29300 epochs in 180.7s  (6.17 ms/epoch)  best val loss: 0.002118

======================================================================
RESULTS SUMMARY  (best-val checkpoint)
======================================================================
  Metric                                 PINN (extended physics) PINN (blind)
  RMSE  (training interval)                    0.0432      0.0468
  RMSE  (extrapolation)                        0.0409      0.0433
  Physics Residual                             0.1281      0.1146
  True nu                                     0.0000
  nu_hat                                      0.0368     0.0386
  --------------------------------------------------------------
Viscosity: 1.0e-05, Nu Hat (blind): 0.0386, Nu Hat (ext phys): 0.0368
Loading precomputed analytic solution snapshots from ./AnalyticBurger/N-wave_1.0e-04_analytic_solution.npz...

Generating observation data for the N-wave initial condition...

======================================================================
Training PINN  (data + physics (normal + extrapolated) + IC loss)
======================================================================
  Parameters: 11954
  [PINN (ext. phy.)] epoch      1  L_data=0.04536  L_phys=0.00001  L_ic=0.05599  L_total=0.11585  L_val=0.03238  patience=0/30  (0.0s)
  [PINN (ext. phy.)] epoch   1000  L_data=0.01546  L_phys=0.00697  L_ic=0.00890  L_total=0.03220  L_val=0.01260  patience=0/30  (6.2s)
  [PINN (ext. phy.)] epoch   2000  L_data=0.01199  L_phys=0.00255  L_ic=0.00681  L_total=0.02259  L_val=0.00902  patience=0/30  (12.3s)
  [PINN (ext. phy.)] epoch   3000  L_data=0.01048  L_phys=0.00184  L_ic=0.00697  L_total=0.02072  L_val=0.00732  patience=2/30  (18.5s)
  [PINN (ext. phy.)] epoch   4000  L_data=0.00874  L_phys=0.00530  L_ic=0.00516  L_total=0.01945  L_val=0.00565  patience=5/30  (24.7s)
  [PINN (ext. phy.)] epoch   5000  L_data=0.00739  L_phys=0.00286  L_ic=0.00392  L_total=0.01460  L_val=0.00426  patience=0/30  (30.1s)
  [PINN (ext. phy.)] epoch   6000  L_data=0.00667  L_phys=0.00262  L_ic=0.00367  L_total=0.01338  L_val=0.00363  patience=2/30  (36.3s)
  [PINN (ext. phy.)] epoch   7000  L_data=0.00632  L_phys=0.00175  L_ic=0.00377  L_total=0.01245  L_val=0.00342  patience=1/30  (42.5s)
  [PINN (ext. phy.)] epoch   8000  L_data=0.00606  L_phys=0.00188  L_ic=0.00361  L_total=0.01209  L_val=0.00313  patience=1/30  (48.7s)
  [PINN (ext. phy.)] epoch   9000  L_data=0.00542  L_phys=0.00331  L_ic=0.00298  L_total=0.01180  L_val=0.00258  patience=0/30  (54.9s)
  [PINN (ext. phy.)] epoch  10000  L_data=0.00515  L_phys=0.00377  L_ic=0.00275  L_total=0.01161  L_val=0.00236  patience=0/30  (61.4s)
  [PINN (ext. phy.)] epoch  11000  L_data=0.00511  L_phys=0.00110  L_ic=0.00268  L_total=0.00936  L_val=0.00238  patience=2/30  (66.7s)
  [PINN (ext. phy.)] epoch  12000  L_data=0.00524  L_phys=0.00475  L_ic=0.00343  L_total=0.01334  L_val=0.00243  patience=1/30  (72.9s)
  [PINN (ext. phy.)] epoch  13000  L_data=0.00480  L_phys=0.00058  L_ic=0.00239  L_total=0.00827  L_val=0.00206  patience=11/30  (79.0s)
  [PINN (ext. phy.)] epoch  14000  L_data=0.00476  L_phys=0.00053  L_ic=0.00229  L_total=0.00807  L_val=0.00206  patience=2/30  (85.2s)
  [PINN (ext. phy.)] epoch  15000  L_data=0.00466  L_phys=0.00101  L_ic=0.00242  L_total=0.00851  L_val=0.00197  patience=0/30  (91.3s)
  [PINN (ext. phy.)] epoch  16000  L_data=0.00464  L_phys=0.00399  L_ic=0.00227  L_total=0.01066  L_val=0.00195  patience=6/30  (97.4s)
  [PINN (ext. phy.)] epoch  17000  L_data=0.00463  L_phys=0.00139  L_ic=0.00242  L_total=0.00879  L_val=0.00195  patience=2/30  (102.8s)
  [PINN (ext. phy.)] epoch  18000  L_data=0.00459  L_phys=0.00044  L_ic=0.00223  L_total=0.00774  L_val=0.00191  patience=3/30  (109.0s)
  [PINN (ext. phy.)] epoch  19000  L_data=0.00454  L_phys=0.00084  L_ic=0.00220  L_total=0.00798  L_val=0.00187  patience=13/30  (115.2s)
  [PINN (ext. phy.)] epoch  20000  L_data=0.00454  L_phys=0.00086  L_ic=0.00219  L_total=0.00798  L_val=0.00187  patience=2/30  (121.3s)
  [PINN (ext. phy.)] epoch  21000  L_data=0.00449  L_phys=0.00334  L_ic=0.00207  L_total=0.00975  L_val=0.00183  patience=6/30  (127.5s)
  [PINN (ext. phy.)] epoch  22000  L_data=0.00451  L_phys=0.00114  L_ic=0.00211  L_total=0.00807  L_val=0.00184  patience=16/30  (133.6s)
  [PINN (ext. phy.)] epoch  23000  L_data=0.00447  L_phys=0.00045  L_ic=0.00206  L_total=0.00743  L_val=0.00182  patience=1/30  (138.9s)
  [PINN (ext. phy.)] epoch  24000  L_data=0.00447  L_phys=0.00059  L_ic=0.00214  L_total=0.00763  L_val=0.00182  patience=11/30  (145.1s)
  [PINN (ext. phy.)] epoch  25000  L_data=0.00449  L_phys=0.00076  L_ic=0.00207  L_total=0.00770  L_val=0.00182  patience=21/30  (151.3s)

  [PINN (ext. phy.)] Early stopping triggered at epoch 25900. Best val loss: 0.001796
  [PINN (ext. phy.)] early stop after 25900 epochs in 156.8s  (6.06 ms/epoch)  best val loss: 0.001796

======================================================================
Training PINN  (data + physics (only normal region) + IC loss)
======================================================================
  Parameters: 11954
  [PINN (blind)] epoch      1  L_data=0.05869  L_phys=0.00002  L_ic=0.06805  L_total=0.14438  L_val=0.03521  patience=0/30  (0.0s)
  [PINN (blind)] epoch   1000  L_data=0.01650  L_phys=0.00193  L_ic=0.00909  L_total=0.02947  L_val=0.01325  patience=0/30  (6.2s)
  [PINN (blind)] epoch   2000  L_data=0.01368  L_phys=0.00154  L_ic=0.00677  L_total=0.02343  L_val=0.01056  patience=1/30  (12.3s)
  [PINN (blind)] epoch   3000  L_data=0.01039  L_phys=0.00474  L_ic=0.00451  L_total=0.01983  L_val=0.00726  patience=0/30  (16.8s)
  [PINN (blind)] epoch   4000  L_data=0.00883  L_phys=0.00207  L_ic=0.00312  L_total=0.01440  L_val=0.00575  patience=0/30  (22.4s)
  [PINN (blind)] epoch   5000  L_data=0.00777  L_phys=0.00205  L_ic=0.00274  L_total=0.01284  L_val=0.00459  patience=0/30  (28.5s)
  [PINN (blind)] epoch   6000  L_data=0.00709  L_phys=0.00121  L_ic=0.00266  L_total=0.01141  L_val=0.00408  patience=0/30  (34.7s)
  [PINN (blind)] epoch   7000  L_data=0.00649  L_phys=0.00179  L_ic=0.00172  L_total=0.01009  L_val=0.00348  patience=0/30  (40.9s)
  [PINN (blind)] epoch   8000  L_data=0.00633  L_phys=0.00141  L_ic=0.00166  L_total=0.00953  L_val=0.00337  patience=2/30  (47.1s)
  [PINN (blind)] epoch   9000  L_data=0.00588  L_phys=0.00154  L_ic=0.00169  L_total=0.00923  L_val=0.00295  patience=0/30  (53.1s)
  [PINN (blind)] epoch  10000  L_data=0.00569  L_phys=0.00187  L_ic=0.00100  L_total=0.00843  L_val=0.00277  patience=0/30  (58.5s)
  [PINN (blind)] epoch  11000  L_data=0.00555  L_phys=0.00101  L_ic=0.00112  L_total=0.00776  L_val=0.00265  patience=3/30  (64.7s)
  [PINN (blind)] epoch  12000  L_data=0.00539  L_phys=0.00116  L_ic=0.00086  L_total=0.00740  L_val=0.00250  patience=0/30  (70.9s)
  [PINN (blind)] epoch  13000  L_data=0.00531  L_phys=0.00122  L_ic=0.00063  L_total=0.00707  L_val=0.00246  patience=3/30  (77.0s)
  [PINN (blind)] epoch  14000  L_data=0.00525  L_phys=0.00999  L_ic=0.00043  L_total=0.01373  L_val=0.00237  patience=2/30  (83.2s)
  [PINN (blind)] epoch  15000  L_data=0.00513  L_phys=0.00128  L_ic=0.00037  L_total=0.00661  L_val=0.00229  patience=0/30  (89.3s)
  [PINN (blind)] epoch  16000  L_data=0.00508  L_phys=0.00159  L_ic=0.00029  L_total=0.00671  L_val=0.00224  patience=0/30  (94.7s)
  [PINN (blind)] epoch  17000  L_data=0.00510  L_phys=0.00061  L_ic=0.00031  L_total=0.00598  L_val=0.00227  patience=6/30  (100.9s)
  [PINN (blind)] epoch  18000  L_data=0.00505  L_phys=0.00051  L_ic=0.00024  L_total=0.00577  L_val=0.00223  patience=7/30  (107.1s)
  [PINN (blind)] epoch  19000  L_data=0.00505  L_phys=0.00114  L_ic=0.00022  L_total=0.00624  L_val=0.00221  patience=7/30  (113.3s)
  [PINN (blind)] epoch  20000  L_data=0.00500  L_phys=0.00180  L_ic=0.00023  L_total=0.00672  L_val=0.00218  patience=3/30  (119.5s)
  [PINN (blind)] epoch  21000  L_data=0.00500  L_phys=0.00062  L_ic=0.00021  L_total=0.00575  L_val=0.00219  patience=1/30  (125.6s)
  [PINN (blind)] epoch  22000  L_data=0.00497  L_phys=0.00115  L_ic=0.00019  L_total=0.00612  L_val=0.00216  patience=11/30  (130.8s)
  [PINN (blind)] epoch  23000  L_data=0.00495  L_phys=0.00063  L_ic=0.00020  L_total=0.00570  L_val=0.00214  patience=1/30  (137.0s)
  [PINN (blind)] epoch  24000  L_data=0.00494  L_phys=0.00087  L_ic=0.00018  L_total=0.00586  L_val=0.00213  patience=3/30  (143.2s)
  [PINN (blind)] epoch  25000  L_data=0.00493  L_phys=0.00135  L_ic=0.00017  L_total=0.00622  L_val=0.00212  patience=1/30  (150.0s)
  [PINN (blind)] epoch  26000  L_data=0.00492  L_phys=0.00216  L_ic=0.00017  L_total=0.00684  L_val=0.00211  patience=0/30  (156.9s)
  [PINN (blind)] epoch  27000  L_data=0.00492  L_phys=0.00116  L_ic=0.00017  L_total=0.00606  L_val=0.00212  patience=7/30  (162.4s)
  [PINN (blind)] epoch  28000  L_data=0.00492  L_phys=0.00097  L_ic=0.00016  L_total=0.00590  L_val=0.00211  patience=17/30  (168.3s)
  [PINN (blind)] epoch  29000  L_data=0.00492  L_phys=0.00097  L_ic=0.00016  L_total=0.00589  L_val=0.00210  patience=27/30  (175.0s)

  [PINN (blind)] Early stopping triggered at epoch 29300. Best val loss: 0.002094
  [PINN (blind)] early stop after 29300 epochs in 176.9s  (6.04 ms/epoch)  best val loss: 0.002094

======================================================================
RESULTS SUMMARY  (best-val checkpoint)
======================================================================
  Metric                                 PINN (extended physics) PINN (blind)
  RMSE  (training interval)                    0.0429      0.0463
  RMSE  (extrapolation)                        0.0408      0.0428
  Physics Residual                             0.1275      0.1144
  True nu                                     0.0001
  nu_hat                                      0.0369     0.0385
  --------------------------------------------------------------
Viscosity: 1.0e-04, Nu Hat (blind): 0.0385, Nu Hat (ext phys): 0.0369
Loading precomputed analytic solution snapshots from ./AnalyticBurger/N-wave_1.0e-03_analytic_solution.npz...

Generating observation data for the N-wave initial condition...

======================================================================
Training PINN  (data + physics (normal + extrapolated) + IC loss)
======================================================================
  Parameters: 11954
  [PINN (ext. phy.)] epoch      1  L_data=0.04512  L_phys=0.00001  L_ic=0.05599  L_total=0.11561  L_val=0.03214  patience=0/30  (0.0s)
  [PINN (ext. phy.)] epoch   1000  L_data=0.01510  L_phys=0.00691  L_ic=0.00892  L_total=0.03182  L_val=0.01226  patience=0/30  (6.2s)
  [PINN (ext. phy.)] epoch   2000  L_data=0.01168  L_phys=0.00253  L_ic=0.00680  L_total=0.02225  L_val=0.00870  patience=0/30  (12.3s)
  [PINN (ext. phy.)] epoch   3000  L_data=0.01020  L_phys=0.00184  L_ic=0.00698  L_total=0.02045  L_val=0.00704  patience=2/30  (18.0s)
  [PINN (ext. phy.)] epoch   4000  L_data=0.00851  L_phys=0.00523  L_ic=0.00518  L_total=0.01919  L_val=0.00542  patience=1/30  (22.4s)
  [PINN (ext. phy.)] epoch   5000  L_data=0.00718  L_phys=0.00281  L_ic=0.00387  L_total=0.01428  L_val=0.00408  patience=0/30  (29.7s)
  [PINN (ext. phy.)] epoch   6000  L_data=0.00645  L_phys=0.00271  L_ic=0.00352  L_total=0.01304  L_val=0.00345  patience=2/30  (37.5s)
  [PINN (ext. phy.)] epoch   7000  L_data=0.00616  L_phys=0.00175  L_ic=0.00376  L_total=0.01229  L_val=0.00328  patience=1/30  (44.2s)
  [PINN (ext. phy.)] epoch   8000  L_data=0.00587  L_phys=0.00168  L_ic=0.00358  L_total=0.01170  L_val=0.00297  patience=8/30  (50.4s)
  [PINN (ext. phy.)] epoch   9000  L_data=0.00529  L_phys=0.00323  L_ic=0.00300  L_total=0.01163  L_val=0.00245  patience=0/30  (55.8s)
  [PINN (ext. phy.)] epoch  10000  L_data=0.00502  L_phys=0.00374  L_ic=0.00276  L_total=0.01147  L_val=0.00225  patience=0/30  (61.8s)
  [PINN (ext. phy.)] epoch  11000  L_data=0.00498  L_phys=0.00107  L_ic=0.00271  L_total=0.00924  L_val=0.00226  patience=2/30  (68.1s)
  [PINN (ext. phy.)] epoch  12000  L_data=0.00507  L_phys=0.00570  L_ic=0.00330  L_total=0.01375  L_val=0.00224  patience=1/30  (74.3s)
  [PINN (ext. phy.)] epoch  13000  L_data=0.00468  L_phys=0.00053  L_ic=0.00239  L_total=0.00811  L_val=0.00195  patience=11/30  (80.5s)
  [PINN (ext. phy.)] epoch  14000  L_data=0.00463  L_phys=0.00048  L_ic=0.00230  L_total=0.00791  L_val=0.00194  patience=2/30  (86.7s)
  [PINN (ext. phy.)] epoch  15000  L_data=0.00455  L_phys=0.00109  L_ic=0.00243  L_total=0.00847  L_val=0.00187  patience=2/30  (92.1s)
  [PINN (ext. phy.)] epoch  16000  L_data=0.00451  L_phys=0.00375  L_ic=0.00226  L_total=0.01034  L_val=0.00183  patience=6/30  (98.0s)
  [PINN (ext. phy.)] epoch  17000  L_data=0.00451  L_phys=0.00141  L_ic=0.00243  L_total=0.00869  L_val=0.00184  patience=2/30  (104.2s)
  [PINN (ext. phy.)] epoch  18000  L_data=0.00447  L_phys=0.00041  L_ic=0.00224  L_total=0.00761  L_val=0.00179  patience=3/30  (110.4s)
  [PINN (ext. phy.)] epoch  19000  L_data=0.00442  L_phys=0.00081  L_ic=0.00221  L_total=0.00785  L_val=0.00176  patience=13/30  (116.6s)
  [PINN (ext. phy.)] epoch  20000  L_data=0.00442  L_phys=0.00076  L_ic=0.00220  L_total=0.00779  L_val=0.00175  patience=23/30  (122.7s)
  [PINN (ext. phy.)] epoch  21000  L_data=0.00438  L_phys=0.00344  L_ic=0.00209  L_total=0.00974  L_val=0.00172  patience=6/30  (128.3s)
  [PINN (ext. phy.)] epoch  22000  L_data=0.00440  L_phys=0.00111  L_ic=0.00212  L_total=0.00795  L_val=0.00173  patience=16/30  (134.2s)
  [PINN (ext. phy.)] epoch  23000  L_data=0.00436  L_phys=0.00042  L_ic=0.00208  L_total=0.00732  L_val=0.00171  patience=1/30  (140.4s)
  [PINN (ext. phy.)] epoch  24000  L_data=0.00435  L_phys=0.00063  L_ic=0.00216  L_total=0.00757  L_val=0.00171  patience=11/30  (146.6s)
  [PINN (ext. phy.)] epoch  25000  L_data=0.00437  L_phys=0.00073  L_ic=0.00209  L_total=0.00758  L_val=0.00172  patience=21/30  (152.8s)

  [PINN (ext. phy.)] Early stopping triggered at epoch 25900. Best val loss: 0.001692
  [PINN (ext. phy.)] early stop after 25900 epochs in 158.3s  (6.11 ms/epoch)  best val loss: 0.001692

======================================================================
Training PINN  (data + physics (only normal region) + IC loss)
======================================================================
  Parameters: 11954
  [PINN (blind)] epoch      1  L_data=0.05846  L_phys=0.00002  L_ic=0.06805  L_total=0.14414  L_val=0.03498  patience=0/30  (0.0s)
  [PINN (blind)] epoch   1000  L_data=0.01615  L_phys=0.00191  L_ic=0.00910  L_total=0.02912  L_val=0.01291  patience=0/30  (5.8s)
  [PINN (blind)] epoch   2000  L_data=0.01338  L_phys=0.00157  L_ic=0.00664  L_total=0.02299  L_val=0.01031  patience=1/30  (11.4s)
  [PINN (blind)] epoch   3000  L_data=0.01009  L_phys=0.00463  L_ic=0.00445  L_total=0.01938  L_val=0.00697  patience=2/30  (17.6s)
  [PINN (blind)] epoch   4000  L_data=0.00859  L_phys=0.00198  L_ic=0.00308  L_total=0.01405  L_val=0.00551  patience=0/30  (24.7s)
  [PINN (blind)] epoch   5000  L_data=0.00754  L_phys=0.00203  L_ic=0.00275  L_total=0.01262  L_val=0.00438  patience=0/30  (31.7s)
  [PINN (blind)] epoch   6000  L_data=0.00692  L_phys=0.00119  L_ic=0.00271  L_total=0.01128  L_val=0.00392  patience=0/30  (37.9s)
  [PINN (blind)] epoch   7000  L_data=0.00633  L_phys=0.00176  L_ic=0.00173  L_total=0.00990  L_val=0.00331  patience=0/30  (43.0s)
  [PINN (blind)] epoch   8000  L_data=0.00616  L_phys=0.00135  L_ic=0.00164  L_total=0.00930  L_val=0.00320  patience=2/30  (49.4s)
  [PINN (blind)] epoch   9000  L_data=0.00574  L_phys=0.00141  L_ic=0.00171  L_total=0.00902  L_val=0.00281  patience=0/30  (57.4s)
  [PINN (blind)] epoch  10000  L_data=0.00555  L_phys=0.00184  L_ic=0.00102  L_total=0.00829  L_val=0.00261  patience=0/30  (65.2s)
  [PINN (blind)] epoch  11000  L_data=0.00543  L_phys=0.00105  L_ic=0.00115  L_total=0.00771  L_val=0.00253  patience=3/30  (71.4s)
  [PINN (blind)] epoch  12000  L_data=0.00525  L_phys=0.00130  L_ic=0.00092  L_total=0.00745  L_val=0.00234  patience=0/30  (78.0s)
  [PINN (blind)] epoch  13000  L_data=0.00520  L_phys=0.00111  L_ic=0.00065  L_total=0.00690  L_val=0.00233  patience=3/30  (83.7s)
  [PINN (blind)] epoch  14000  L_data=0.00514  L_phys=0.01043  L_ic=0.00046  L_total=0.01400  L_val=0.00226  patience=2/30  (90.3s)
  [PINN (blind)] epoch  15000  L_data=0.00502  L_phys=0.00128  L_ic=0.00040  L_total=0.00654  L_val=0.00217  patience=1/30  (96.7s)
  [PINN (blind)] epoch  16000  L_data=0.00498  L_phys=0.00147  L_ic=0.00030  L_total=0.00653  L_val=0.00212  patience=0/30  (103.1s)
  [PINN (blind)] epoch  17000  L_data=0.00498  L_phys=0.00066  L_ic=0.00032  L_total=0.00591  L_val=0.00214  patience=6/30  (109.2s)
  [PINN (blind)] epoch  18000  L_data=0.00494  L_phys=0.00048  L_ic=0.00025  L_total=0.00564  L_val=0.00211  patience=7/30  (114.7s)
  [PINN (blind)] epoch  19000  L_data=0.00494  L_phys=0.00110  L_ic=0.00023  L_total=0.00610  L_val=0.00209  patience=7/30  (122.3s)
  [PINN (blind)] epoch  20000  L_data=0.00488  L_phys=0.00188  L_ic=0.00024  L_total=0.00668  L_val=0.00206  patience=3/30  (128.9s)
  [PINN (blind)] epoch  21000  L_data=0.00489  L_phys=0.00057  L_ic=0.00021  L_total=0.00561  L_val=0.00207  patience=1/30  (135.0s)
  [PINN (blind)] epoch  22000  L_data=0.00486  L_phys=0.00109  L_ic=0.00020  L_total=0.00597  L_val=0.00204  patience=11/30  (142.1s)
  [PINN (blind)] epoch  23000  L_data=0.00484  L_phys=0.00066  L_ic=0.00020  L_total=0.00562  L_val=0.00203  patience=1/30  (148.2s)
  [PINN (blind)] epoch  24000  L_data=0.00483  L_phys=0.00099  L_ic=0.00019  L_total=0.00586  L_val=0.00201  patience=4/30  (154.4s)
  [PINN (blind)] epoch  25000  L_data=0.00482  L_phys=0.00119  L_ic=0.00017  L_total=0.00599  L_val=0.00201  patience=1/30  (160.6s)
  [PINN (blind)] epoch  26000  L_data=0.00481  L_phys=0.00235  L_ic=0.00018  L_total=0.00689  L_val=0.00199  patience=0/30  (166.8s)
  [PINN (blind)] epoch  27000  L_data=0.00481  L_phys=0.00119  L_ic=0.00018  L_total=0.00598  L_val=0.00200  patience=7/30  (173.0s)
  [PINN (blind)] epoch  28000  L_data=0.00481  L_phys=0.00087  L_ic=0.00017  L_total=0.00572  L_val=0.00199  patience=17/30  (179.1s)
  [PINN (blind)] epoch  29000  L_data=0.00481  L_phys=0.00103  L_ic=0.00017  L_total=0.00583  L_val=0.00199  patience=27/30  (185.1s)

  [PINN (blind)] Early stopping triggered at epoch 29300. Best val loss: 0.001979
  [PINN (blind)] early stop after 29300 epochs in 186.3s  (6.36 ms/epoch)  best val loss: 0.001979

======================================================================
RESULTS SUMMARY  (best-val checkpoint)
======================================================================
  Metric                                 PINN (extended physics) PINN (blind)
  RMSE  (training interval)                    0.0400      0.0435
  RMSE  (extrapolation)                        0.0381      0.0402
  Physics Residual                             0.1236      0.1110
  True nu                                     0.0010
  nu_hat                                      0.0372     0.0388
  --------------------------------------------------------------
Viscosity: 1.0e-03, Nu Hat (blind): 0.0388, Nu Hat (ext phys): 0.0372
Loading precomputed analytic solution snapshots from ./AnalyticBurger/N-wave_1.0e-02_analytic_solution.npz...

Generating observation data for the N-wave initial condition...

======================================================================
Training PINN  (data + physics (normal + extrapolated) + IC loss)
======================================================================
  Parameters: 11954
  [PINN (ext. phy.)] epoch      1  L_data=0.04173  L_phys=0.00001  L_ic=0.05599  L_total=0.11222  L_val=0.02911  patience=0/30  (0.0s)
  [PINN (ext. phy.)] epoch   1000  L_data=0.01162  L_phys=0.00660  L_ic=0.00895  L_total=0.02813  L_val=0.00919  patience=0/30  (6.2s)
  [PINN (ext. phy.)] epoch   2000  L_data=0.00864  L_phys=0.00231  L_ic=0.00680  L_total=0.01903  L_val=0.00604  patience=0/30  (12.4s)
  [PINN (ext. phy.)] epoch   3000  L_data=0.00756  L_phys=0.00147  L_ic=0.00707  L_total=0.01762  L_val=0.00479  patience=1/30  (18.6s)
  [PINN (ext. phy.)] epoch   4000  L_data=0.00619  L_phys=0.00490  L_ic=0.00518  L_total=0.01660  L_val=0.00346  patience=1/30  (24.8s)
  [PINN (ext. phy.)] epoch   5000  L_data=0.00511  L_phys=0.00224  L_ic=0.00390  L_total=0.01181  L_val=0.00233  patience=0/30  (30.9s)
  [PINN (ext. phy.)] epoch   6000  L_data=0.00456  L_phys=0.00232  L_ic=0.00374  L_total=0.01111  L_val=0.00184  patience=2/30  (34.8s)
  [PINN (ext. phy.)] epoch   7000  L_data=0.00441  L_phys=0.00145  L_ic=0.00382  L_total=0.01037  L_val=0.00179  patience=1/30  (41.0s)
  [PINN (ext. phy.)] epoch   8000  L_data=0.00418  L_phys=0.00159  L_ic=0.00363  L_total=0.01002  L_val=0.00156  patience=8/30  (47.2s)
  [PINN (ext. phy.)] epoch   9000  L_data=0.00380  L_phys=0.00229  L_ic=0.00308  L_total=0.00950  L_val=0.00118  patience=0/30  (53.4s)
  [PINN (ext. phy.)] epoch  10000  L_data=0.00358  L_phys=0.00335  L_ic=0.00284  L_total=0.00982  L_val=0.00102  patience=0/30  (59.5s)
  [PINN (ext. phy.)] epoch  11000  L_data=0.00358  L_phys=0.00092  L_ic=0.00280  L_total=0.00783  L_val=0.00105  patience=2/30  (65.7s)
  [PINN (ext. phy.)] epoch  12000  L_data=0.00368  L_phys=0.00651  L_ic=0.00340  L_total=0.01313  L_val=0.00110  patience=1/30  (71.0s)
  [PINN (ext. phy.)] epoch  13000  L_data=0.00337  L_phys=0.00039  L_ic=0.00247  L_total=0.00679  L_val=0.00084  patience=11/30  (77.1s)
  [PINN (ext. phy.)] epoch  14000  L_data=0.00336  L_phys=0.00024  L_ic=0.00241  L_total=0.00658  L_val=0.00084  patience=1/30  (83.2s)
  [PINN (ext. phy.)] epoch  15000  L_data=0.00332  L_phys=0.00091  L_ic=0.00251  L_total=0.00720  L_val=0.00080  patience=0/30  (89.4s)
  [PINN (ext. phy.)] epoch  16000  L_data=0.00328  L_phys=0.00320  L_ic=0.00234  L_total=0.00876  L_val=0.00076  patience=6/30  (95.5s)
  [PINN (ext. phy.)] epoch  17000  L_data=0.00330  L_phys=0.00128  L_ic=0.00248  L_total=0.00744  L_val=0.00078  patience=2/30  (101.7s)
  [PINN (ext. phy.)] epoch  18000  L_data=0.00326  L_phys=0.00023  L_ic=0.00231  L_total=0.00635  L_val=0.00075  patience=3/30  (107.2s)
  [PINN (ext. phy.)] epoch  19000  L_data=0.00323  L_phys=0.00055  L_ic=0.00228  L_total=0.00654  L_val=0.00073  patience=13/30  (113.0s)
  [PINN (ext. phy.)] epoch  20000  L_data=0.00323  L_phys=0.00057  L_ic=0.00226  L_total=0.00653  L_val=0.00072  patience=23/30  (119.2s)
  [PINN (ext. phy.)] epoch  21000  L_data=0.00320  L_phys=0.00298  L_ic=0.00218  L_total=0.00831  L_val=0.00071  patience=6/30  (125.4s)
  [PINN (ext. phy.)] epoch  22000  L_data=0.00321  L_phys=0.00085  L_ic=0.00220  L_total=0.00666  L_val=0.00071  patience=16/30  (131.5s)
  [PINN (ext. phy.)] epoch  23000  L_data=0.00320  L_phys=0.00022  L_ic=0.00216  L_total=0.00609  L_val=0.00070  patience=1/30  (137.6s)
  [PINN (ext. phy.)] epoch  24000  L_data=0.00319  L_phys=0.00041  L_ic=0.00223  L_total=0.00633  L_val=0.00070  patience=11/30  (143.4s)
  [PINN (ext. phy.)] epoch  25000  L_data=0.00320  L_phys=0.00042  L_ic=0.00217  L_total=0.00626  L_val=0.00070  patience=21/30  (149.1s)

  [PINN (ext. phy.)] Early stopping triggered at epoch 25900. Best val loss: 0.000689
  [PINN (ext. phy.)] early stop after 25900 epochs in 154.7s  (5.97 ms/epoch)  best val loss: 0.000689

======================================================================
Training PINN  (data + physics (only normal region) + IC loss)
======================================================================
  Parameters: 11954
  [PINN (blind)] epoch      1  L_data=0.05514  L_phys=0.00002  L_ic=0.06805  L_total=0.14082  L_val=0.03197  patience=0/30  (0.0s)
  [PINN (blind)] epoch   1000  L_data=0.01266  L_phys=0.00174  L_ic=0.00908  L_total=0.02546  L_val=0.00979  patience=0/30  (6.3s)
  [PINN (blind)] epoch   2000  L_data=0.01013  L_phys=0.00148  L_ic=0.00624  L_total=0.01916  L_val=0.00750  patience=1/30  (12.6s)
  [PINN (blind)] epoch   3000  L_data=0.00731  L_phys=0.00398  L_ic=0.00489  L_total=0.01663  L_val=0.00458  patience=0/30  (18.7s)
  [PINN (blind)] epoch   4000  L_data=0.00615  L_phys=0.00151  L_ic=0.00322  L_total=0.01139  L_val=0.00340  patience=0/30  (24.6s)
  [PINN (blind)] epoch   5000  L_data=0.00539  L_phys=0.00181  L_ic=0.00281  L_total=0.01037  L_val=0.00255  patience=0/30  (30.1s)
  [PINN (blind)] epoch   6000  L_data=0.00488  L_phys=0.00104  L_ic=0.00296  L_total=0.00942  L_val=0.00216  patience=4/30  (36.3s)
  [PINN (blind)] epoch   7000  L_data=0.00448  L_phys=0.00148  L_ic=0.00180  L_total=0.00793  L_val=0.00172  patience=0/30  (42.4s)
  [PINN (blind)] epoch   8000  L_data=0.00432  L_phys=0.00122  L_ic=0.00170  L_total=0.00743  L_val=0.00161  patience=0/30  (48.5s)
  [PINN (blind)] epoch   9000  L_data=0.00412  L_phys=0.00097  L_ic=0.00221  L_total=0.00768  L_val=0.00146  patience=6/30  (54.7s)
  [PINN (blind)] epoch  10000  L_data=0.00398  L_phys=0.00122  L_ic=0.00112  L_total=0.00636  L_val=0.00127  patience=2/30  (60.8s)
  [PINN (blind)] epoch  11000  L_data=0.00388  L_phys=0.00062  L_ic=0.00130  L_total=0.00600  L_val=0.00118  patience=3/30  (64.6s)
  [PINN (blind)] epoch  12000  L_data=0.00371  L_phys=0.00064  L_ic=0.00102  L_total=0.00550  L_val=0.00104  patience=0/30  (70.8s)
  [PINN (blind)] epoch  13000  L_data=0.00370  L_phys=0.00067  L_ic=0.00068  L_total=0.00509  L_val=0.00107  patience=3/30  (76.9s)
  [PINN (blind)] epoch  14000  L_data=0.00366  L_phys=0.00943  L_ic=0.00041  L_total=0.01168  L_val=0.00100  patience=2/30  (83.2s)
  [PINN (blind)] epoch  15000  L_data=0.00357  L_phys=0.00071  L_ic=0.00036  L_total=0.00459  L_val=0.00096  patience=0/30  (90.4s)
  [PINN (blind)] epoch  16000  L_data=0.00355  L_phys=0.00082  L_ic=0.00024  L_total=0.00450  L_val=0.00091  patience=0/30  (96.6s)
  [PINN (blind)] epoch  17000  L_data=0.00353  L_phys=0.00117  L_ic=0.00023  L_total=0.00475  L_val=0.00090  patience=1/30  (101.9s)
  [PINN (blind)] epoch  18000  L_data=0.00352  L_phys=0.00030  L_ic=0.00018  L_total=0.00398  L_val=0.00089  patience=8/30  (108.0s)
  [PINN (blind)] epoch  19000  L_data=0.00350  L_phys=0.00049  L_ic=0.00015  L_total=0.00408  L_val=0.00087  patience=5/30  (114.2s)
  [PINN (blind)] epoch  20000  L_data=0.00347  L_phys=0.00105  L_ic=0.00014  L_total=0.00449  L_val=0.00085  patience=3/30  (120.4s)
  [PINN (blind)] epoch  21000  L_data=0.00347  L_phys=0.00052  L_ic=0.00012  L_total=0.00404  L_val=0.00086  patience=9/30  (127.3s)
  [PINN (blind)] epoch  22000  L_data=0.00345  L_phys=0.00057  L_ic=0.00011  L_total=0.00405  L_val=0.00084  patience=0/30  (133.7s)
  [PINN (blind)] epoch  23000  L_data=0.00344  L_phys=0.00044  L_ic=0.00011  L_total=0.00393  L_val=0.00084  patience=1/30  (139.0s)
  [PINN (blind)] epoch  24000  L_data=0.00344  L_phys=0.00086  L_ic=0.00012  L_total=0.00426  L_val=0.00083  patience=1/30  (146.3s)
  [PINN (blind)] epoch  25000  L_data=0.00343  L_phys=0.00091  L_ic=0.00010  L_total=0.00427  L_val=0.00082  patience=11/30  (154.3s)
  [PINN (blind)] epoch  26000  L_data=0.00342  L_phys=0.00208  L_ic=0.00010  L_total=0.00519  L_val=0.00082  patience=21/30  (162.4s)

  [PINN (blind)] Early stopping triggered at epoch 26900. Best val loss: 0.000814
  [PINN (blind)] early stop after 26900 epochs in 169.0s  (6.28 ms/epoch)  best val loss: 0.000814

======================================================================
RESULTS SUMMARY  (best-val checkpoint)
======================================================================
  Metric                                 PINN (extended physics) PINN (blind)
  RMSE  (training interval)                    0.0250      0.0275
  RMSE  (extrapolation)                        0.0255      0.0268
  Physics Residual                             0.0829      0.0797
  True nu                                     0.0100
  nu_hat                                      0.0403     0.0417
  --------------------------------------------------------------
Viscosity: 1.0e-02, Nu Hat (blind): 0.0417, Nu Hat (ext phys): 0.0403
Loading precomputed analytic solution snapshots from ./AnalyticBurger/N-wave_1.0e-01_analytic_solution.npz...

Generating observation data for the N-wave initial condition...

======================================================================
Training PINN  (data + physics (normal + extrapolated) + IC loss)
======================================================================
  Parameters: 11954
  [PINN (ext. phy.)] epoch      1  L_data=0.02799  L_phys=0.00001  L_ic=0.05599  L_total=0.09849  L_val=0.01607  patience=0/30  (0.0s)
  [PINN (ext. phy.)] epoch   1000  L_data=0.00337  L_phys=0.00591  L_ic=0.00871  L_total=0.01903  L_val=0.00115  patience=0/30  (6.2s)
  [PINN (ext. phy.)] epoch   2000  L_data=0.00279  L_phys=0.00067  L_ic=0.00694  L_total=0.01206  L_val=0.00048  patience=0/30  (12.3s)
  [PINN (ext. phy.)] epoch   3000  L_data=0.00267  L_phys=0.00029  L_ic=0.00667  L_total=0.01131  L_val=0.00031  patience=1/30  (18.5s)
  [PINN (ext. phy.)] epoch   4000  L_data=0.00245  L_phys=0.00628  L_ic=0.00515  L_total=0.01392  L_val=0.00016  patience=5/30  (24.6s)
  [PINN (ext. phy.)] epoch   5000  L_data=0.00244  L_phys=0.00034  L_ic=0.00425  L_total=0.00807  L_val=0.00017  patience=15/30  (30.8s)
  [PINN (ext. phy.)] epoch   6000  L_data=0.00241  L_phys=0.00034  L_ic=0.00405  L_total=0.00778  L_val=0.00013  patience=9/30  (36.1s)
  [PINN (ext. phy.)] epoch   7000  L_data=0.00243  L_phys=0.00063  L_ic=0.00371  L_total=0.00759  L_val=0.00010  patience=9/30  (42.2s)
  [PINN (ext. phy.)] epoch   8000  L_data=0.00241  L_phys=0.00061  L_ic=0.00420  L_total=0.00818  L_val=0.00013  patience=19/30  (48.4s)
  [PINN (ext. phy.)] epoch   9000  L_data=0.00239  L_phys=0.00089  L_ic=0.00389  L_total=0.00800  L_val=0.00010  patience=29/30  (54.5s)

  [PINN (ext. phy.)] Early stopping triggered at epoch 9100. Best val loss: 0.000068
  [PINN (ext. phy.)] early stop after 9100 epochs in 55.2s  (6.06 ms/epoch)  best val loss: 0.000068

======================================================================
Training PINN  (data + physics (only normal region) + IC loss)
======================================================================
  Parameters: 11954
  [PINN (blind)] epoch      1  L_data=0.02240  L_phys=0.00001  L_ic=0.05061  L_total=0.08613  L_val=0.01541  patience=0/30  (0.0s)
  [PINN (blind)] epoch   1000  L_data=0.00368  L_phys=0.00068  L_ic=0.00906  L_total=0.01562  L_val=0.00127  patience=0/30  (6.2s)
  [PINN (blind)] epoch   2000  L_data=0.00283  L_phys=0.00628  L_ic=0.00672  L_total=0.01628  L_val=0.00065  patience=1/30  (12.3s)
  [PINN (blind)] epoch   3000  L_data=0.00261  L_phys=0.00049  L_ic=0.00551  L_total=0.00993  L_val=0.00021  patience=0/30  (17.2s)
  [PINN (blind)] epoch   4000  L_data=0.00244  L_phys=0.00017  L_ic=0.00404  L_total=0.00766  L_val=0.00010  patience=0/30  (22.4s)
  [PINN (blind)] epoch   5000  L_data=0.00247  L_phys=0.00050  L_ic=0.00347  L_total=0.00724  L_val=0.00017  patience=3/30  (28.6s)
  [PINN (blind)] epoch   6000  L_data=0.00241  L_phys=0.00017  L_ic=0.00289  L_total=0.00619  L_val=0.00007  patience=3/30  (34.7s)
  [PINN (blind)] epoch   7000  L_data=0.00239  L_phys=0.00016  L_ic=0.00232  L_total=0.00543  L_val=0.00006  patience=8/30  (40.9s)
  [PINN (blind)] epoch   8000  L_data=0.00242  L_phys=0.00027  L_ic=0.00249  L_total=0.00576  L_val=0.00008  patience=18/30  (47.1s)
  [PINN (blind)] epoch   9000  L_data=0.00240  L_phys=0.00042  L_ic=0.00248  L_total=0.00585  L_val=0.00008  patience=28/30  (53.2s)

  [PINN (blind)] Early stopping triggered at epoch 9200. Best val loss: 0.000054
  [PINN (blind)] early stop after 9200 epochs in 54.2s  (5.89 ms/epoch)  best val loss: 0.000054

======================================================================
RESULTS SUMMARY  (best-val checkpoint)
======================================================================
  Metric                                 PINN (extended physics) PINN (blind)
  RMSE  (training interval)                    0.0075      0.0067
  RMSE  (extrapolation)                        0.0033      0.0080
  Physics Residual                             0.0136      0.0122
  True nu                                     0.1000
  nu_hat                                      0.0943     0.0922
  --------------------------------------------------------------
Viscosity: 1.0e-01, Nu Hat (blind): 0.0922, Nu Hat (ext phys): 0.0943
Loading precomputed analytic solution snapshots from ./AnalyticBurger/N-wave_1.0e+00_analytic_solution.npz...

Generating observation data for the N-wave initial condition...

======================================================================
Training PINN  (data + physics (normal + extrapolated) + IC loss)
======================================================================
  Parameters: 11954
  [PINN (ext. phy.)] epoch      1  L_data=0.01564  L_phys=0.00001  L_ic=0.05599  L_total=0.08613  L_val=0.00379  patience=0/30  (0.0s)
  [PINN (ext. phy.)] epoch   1000  L_data=0.00396  L_phys=0.00563  L_ic=0.00837  L_total=0.01897  L_val=0.00167  patience=1/30  (6.2s)
  [PINN (ext. phy.)] epoch   2000  L_data=0.00387  L_phys=0.00174  L_ic=0.00728  L_total=0.01442  L_val=0.00154  patience=11/30  (12.3s)
  [PINN (ext. phy.)] epoch   3000  L_data=0.00361  L_phys=0.00117  L_ic=0.00688  L_total=0.01320  L_val=0.00144  patience=21/30  (18.5s)

  [PINN (ext. phy.)] Early stopping triggered at epoch 3900. Best val loss: 0.000911
  [PINN (ext. phy.)] early stop after 3900 epochs in 24.0s  (6.15 ms/epoch)  best val loss: 0.000911

======================================================================
Training PINN  (data + physics (only normal region) + IC loss)
======================================================================
  Parameters: 11954
  [PINN (blind)] epoch      1  L_data=0.05092  L_phys=0.00003  L_ic=0.09024  L_total=0.16455  L_val=0.01605  patience=0/30  (0.0s)
  [PINN (blind)] epoch   1000  L_data=0.00377  L_phys=0.00280  L_ic=0.00934  L_total=0.01775  L_val=0.00126  patience=0/30  (6.2s)
  [PINN (blind)] epoch   2000  L_data=0.00411  L_phys=0.01209  L_ic=0.00596  L_total=0.02122  L_val=0.00167  patience=10/30  (11.4s)
  [PINN (blind)] epoch   3000  L_data=0.00389  L_phys=0.00124  L_ic=0.00892  L_total=0.01610  L_val=0.00159  patience=20/30  (17.5s)
  [PINN (blind)] epoch   4000  L_data=0.00431  L_phys=0.01527  L_ic=0.00454  L_total=0.02215  L_val=0.00219  patience=30/30  (23.6s)

  [PINN (blind)] Early stopping triggered at epoch 4000. Best val loss: 0.001259
  [PINN (blind)] early stop after 4000 epochs in 23.6s  (5.91 ms/epoch)  best val loss: 0.001259

======================================================================
RESULTS SUMMARY  (best-val checkpoint)
======================================================================
  Metric                                 PINN (extended physics) PINN (blind)
  RMSE  (training interval)                    0.0299      0.0354
  RMSE  (extrapolation)                        0.0165      0.0175
  Physics Residual                             0.1778      0.2078
  True nu                                     1.0000
  nu_hat                                      0.2565     0.2528
  --------------------------------------------------------------
Viscosity: 1.0e+00, Nu Hat (blind): 0.2528, Nu Hat (ext phys): 0.2565
Loading precomputed analytic solution snapshots from ./AnalyticBurger/N-wave_1.0e+01_analytic_solution.npz...

Generating observation data for the N-wave initial condition...

======================================================================
Training PINN  (data + physics (normal + extrapolated) + IC loss)
======================================================================
  Parameters: 11954
  [PINN (ext. phy.)] epoch      1  L_data=0.01260  L_phys=0.00001  L_ic=0.05599  L_total=0.08309  L_val=0.00167  patience=0/30  (0.0s)
  [PINN (ext. phy.)] epoch   1000  L_data=0.00604  L_phys=0.00685  L_ic=0.00826  L_total=0.02189  L_val=0.00382  patience=10/30  (6.2s)
  [PINN (ext. phy.)] epoch   2000  L_data=0.00564  L_phys=0.00076  L_ic=0.00712  L_total=0.01521  L_val=0.00353  patience=20/30  (12.3s)
  [PINN (ext. phy.)] epoch   3000  L_data=0.00527  L_phys=0.00158  L_ic=0.00744  L_total=0.01589  L_val=0.00325  patience=30/30  (18.3s)

  [PINN (ext. phy.)] Early stopping triggered at epoch 3000. Best val loss: 0.001675
  [PINN (ext. phy.)] early stop after 3000 epochs in 18.3s  (6.12 ms/epoch)  best val loss: 0.001675

======================================================================
Training PINN  (data + physics (only normal region) + IC loss)
======================================================================
  Parameters: 11954
  [PINN (blind)] epoch      1  L_data=0.00648  L_phys=0.00022  L_ic=0.04782  L_total=0.06685  L_val=0.00282  patience=0/30  (0.0s)
  [PINN (blind)] epoch   1000  L_data=0.00580  L_phys=0.00240  L_ic=0.00946  L_total=0.01961  L_val=0.00365  patience=10/30  (5.4s)
  [PINN (blind)] epoch   2000  L_data=0.00596  L_phys=0.00164  L_ic=0.00774  L_total=0.01702  L_val=0.00387  patience=20/30  (11.5s)
  [PINN (blind)] epoch   3000  L_data=0.00609  L_phys=0.00167  L_ic=0.00647  L_total=0.01557  L_val=0.00397  patience=8/30  (17.9s)
  [PINN (blind)] epoch   4000  L_data=0.00623  L_phys=0.00192  L_ic=0.00486  L_total=0.01388  L_val=0.00404  patience=18/30  (24.8s)
  [PINN (blind)] epoch   5000  L_data=0.00614  L_phys=0.00438  L_ic=0.00487  L_total=0.01575  L_val=0.00408  patience=28/30  (31.0s)

  [PINN (blind)] Early stopping triggered at epoch 5200. Best val loss: 0.002717
  [PINN (blind)] early stop after 5200 epochs in 32.2s  (6.19 ms/epoch)  best val loss: 0.002717

======================================================================
RESULTS SUMMARY  (best-val checkpoint)
======================================================================
  Metric                                 PINN (extended physics) PINN (blind)
  RMSE  (training interval)                    0.0401      0.0525
  RMSE  (extrapolation)                        0.0312      0.0178
  Physics Residual                             0.0442      2.8801
  True nu                                    10.0000
  nu_hat                                      0.3299     0.2278
  --------------------------------------------------------------
Viscosity: 1.0e+01, Nu Hat (blind): 0.2278, Nu Hat (ext phys): 0.3299
Loading precomputed analytic solution snapshots from ./AnalyticBurger/N-wave_2.0e-01_analytic_solution.npz...

Generating observation data for the N-wave initial condition...

======================================================================
Training PINN  (data + physics (normal + extrapolated) + IC loss)
======================================================================
  Parameters: 11954
  [PINN (ext. phy.)] epoch      1  L_data=0.02313  L_phys=0.00001  L_ic=0.05599  L_total=0.09362  L_val=0.01116  patience=0/30  (0.0s)
  [PINN (ext. phy.)] epoch   1000  L_data=0.00260  L_phys=0.00597  L_ic=0.00868  L_total=0.01827  L_val=0.00030  patience=0/30  (5.3s)
  [PINN (ext. phy.)] epoch   2000  L_data=0.00258  L_phys=0.00048  L_ic=0.00686  L_total=0.01159  L_val=0.00021  patience=3/30  (11.5s)
  [PINN (ext. phy.)] epoch   3000  L_data=0.00250  L_phys=0.00021  L_ic=0.00583  L_total=0.01000  L_val=0.00021  patience=9/30  (17.7s)
  [PINN (ext. phy.)] epoch   4000  L_data=0.00252  L_phys=0.01013  L_ic=0.00575  L_total=0.01780  L_val=0.00022  patience=19/30  (23.8s)
  [PINN (ext. phy.)] epoch   5000  L_data=0.00252  L_phys=0.00039  L_ic=0.00436  L_total=0.00832  L_val=0.00030  patience=29/30  (30.0s)

  [PINN (ext. phy.)] Early stopping triggered at epoch 5100. Best val loss: 0.000121
  [PINN (ext. phy.)] early stop after 5100 epochs in 30.6s  (5.99 ms/epoch)  best val loss: 0.000121

======================================================================
Training PINN  (data + physics (only normal region) + IC loss)
======================================================================
  Parameters: 11954
  [PINN (blind)] epoch      1  L_data=0.01681  L_phys=0.00003  L_ic=0.04879  L_total=0.07826  L_val=0.01059  patience=0/30  (0.0s)
  [PINN (blind)] epoch   1000  L_data=0.00288  L_phys=0.00103  L_ic=0.00931  L_total=0.01542  L_val=0.00043  patience=2/30  (6.1s)
  [PINN (blind)] epoch   2000  L_data=0.00241  L_phys=0.00194  L_ic=0.00608  L_total=0.01161  L_val=0.00014  patience=0/30  (10.2s)
  [PINN (blind)] epoch   3000  L_data=0.00252  L_phys=0.00229  L_ic=0.00477  L_total=0.01034  L_val=0.00020  patience=10/30  (16.3s)
  [PINN (blind)] epoch   4000  L_data=0.00251  L_phys=0.00028  L_ic=0.00460  L_total=0.00852  L_val=0.00021  patience=20/30  (23.0s)
  [PINN (blind)] epoch   5000  L_data=0.00253  L_phys=0.00014  L_ic=0.00407  L_total=0.00776  L_val=0.00023  patience=30/30  (29.6s)

  [PINN (blind)] Early stopping triggered at epoch 5000. Best val loss: 0.000138
  [PINN (blind)] early stop after 5000 epochs in 29.6s  (5.93 ms/epoch)  best val loss: 0.000138

======================================================================
RESULTS SUMMARY  (best-val checkpoint)
======================================================================
  Metric                                 PINN (extended physics) PINN (blind)
  RMSE  (training interval)                    0.0103      0.0111
  RMSE  (extrapolation)                        0.0064      0.0096
  Physics Residual                             0.0307      0.0198
  True nu                                     0.2000
  nu_hat                                      0.1784     0.1775
  --------------------------------------------------------------
Viscosity: 2.0e-01, Nu Hat (blind): 0.1775, Nu Hat (ext phys): 0.1784
Loading precomputed analytic solution snapshots from ./AnalyticBurger/N-wave_3.0e-01_analytic_solution.npz...

Generating observation data for the N-wave initial condition...

======================================================================
Training PINN  (data + physics (normal + extrapolated) + IC loss)
======================================================================
  Parameters: 11954
  [PINN (ext. phy.)] epoch      1  L_data=0.02069  L_phys=0.00001  L_ic=0.05599  L_total=0.09118  L_val=0.00869  patience=0/30  (0.0s)
  [PINN (ext. phy.)] epoch   1000  L_data=0.00266  L_phys=0.00603  L_ic=0.00853  L_total=0.01819  L_val=0.00033  patience=3/30  (6.2s)
  [PINN (ext. phy.)] epoch   2000  L_data=0.00273  L_phys=0.00088  L_ic=0.00705  L_total=0.01231  L_val=0.00039  patience=13/30  (12.5s)
  [PINN (ext. phy.)] epoch   3000  L_data=0.00271  L_phys=0.00051  L_ic=0.00593  L_total=0.01058  L_val=0.00045  patience=23/30  (18.5s)

  [PINN (ext. phy.)] Early stopping triggered at epoch 3700. Best val loss: 0.000190
  [PINN (ext. phy.)] early stop after 3700 epochs in 22.8s  (6.17 ms/epoch)  best val loss: 0.000190

======================================================================
Training PINN  (data + physics (only normal region) + IC loss)
======================================================================
  Parameters: 11954
  [PINN (blind)] epoch      1  L_data=0.01824  L_phys=0.00004  L_ic=0.05193  L_total=0.08365  L_val=0.00797  patience=0/30  (0.0s)
  [PINN (blind)] epoch   1000  L_data=0.00257  L_phys=0.00328  L_ic=0.00896  L_total=0.01646  L_val=0.00029  patience=2/30  (6.2s)
  [PINN (blind)] epoch   2000  L_data=0.00258  L_phys=0.00107  L_ic=0.00644  L_total=0.01153  L_val=0.00029  patience=8/30  (12.3s)
  [PINN (blind)] epoch   3000  L_data=0.00262  L_phys=0.00295  L_ic=0.00594  L_total=0.01244  L_val=0.00038  patience=18/30  (18.5s)
  [PINN (blind)] epoch   4000  L_data=0.00267  L_phys=0.00720  L_ic=0.00460  L_total=0.01418  L_val=0.00041  patience=28/30  (24.6s)

  [PINN (blind)] Early stopping triggered at epoch 4200. Best val loss: 0.000225
  [PINN (blind)] early stop after 4200 epochs in 25.5s  (6.08 ms/epoch)  best val loss: 0.000225

======================================================================
RESULTS SUMMARY  (best-val checkpoint)
======================================================================
  Metric                                 PINN (extended physics) PINN (blind)
  RMSE  (training interval)                    0.0130      0.0144
  RMSE  (extrapolation)                        0.0101      0.0115
  Physics Residual                             0.0405      0.0360
  True nu                                     0.3000
  nu_hat                                      0.2573     0.2241
  --------------------------------------------------------------
Viscosity: 3.0e-01, Nu Hat (blind): 0.2241, Nu Hat (ext phys): 0.2573
Loading precomputed analytic solution snapshots from ./AnalyticBurger/N-wave_4.0e-01_analytic_solution.npz...

Generating observation data for the N-wave initial condition...

======================================================================
Training PINN  (data + physics (normal + extrapolated) + IC loss)
======================================================================
  Parameters: 11954
  [PINN (ext. phy.)] epoch      1  L_data=0.01918  L_phys=0.00001  L_ic=0.05599  L_total=0.08967  L_val=0.00718  patience=0/30  (0.0s)
  [PINN (ext. phy.)] epoch   1000  L_data=0.00286  L_phys=0.00590  L_ic=0.00844  L_total=0.01818  L_val=0.00055  patience=3/30  (6.2s)
  [PINN (ext. phy.)] epoch   2000  L_data=0.00299  L_phys=0.00110  L_ic=0.00710  L_total=0.01280  L_val=0.00056  patience=13/30  (12.4s)
  [PINN (ext. phy.)] epoch   3000  L_data=0.00290  L_phys=0.00064  L_ic=0.00609  L_total=0.01108  L_val=0.00066  patience=23/30  (18.5s)

  [PINN (ext. phy.)] Early stopping triggered at epoch 3700. Best val loss: 0.000263
  [PINN (ext. phy.)] early stop after 3700 epochs in 22.9s  (6.18 ms/epoch)  best val loss: 0.000263

======================================================================
Training PINN  (data + physics (only normal region) + IC loss)
======================================================================
  Parameters: 11954
  [PINN (blind)] epoch      1  L_data=0.01673  L_phys=0.00004  L_ic=0.05193  L_total=0.08214  L_val=0.00646  patience=0/30  (0.0s)
  [PINN (blind)] epoch   1000  L_data=0.00265  L_phys=0.00327  L_ic=0.00878  L_total=0.01630  L_val=0.00046  patience=4/30  (6.2s)
  [PINN (blind)] epoch   2000  L_data=0.00283  L_phys=0.00149  L_ic=0.00714  L_total=0.01301  L_val=0.00056  patience=14/30  (11.5s)
  [PINN (blind)] epoch   3000  L_data=0.00287  L_phys=0.00340  L_ic=0.00549  L_total=0.01248  L_val=0.00062  patience=24/30  (17.6s)

  [PINN (blind)] Early stopping triggered at epoch 3600. Best val loss: 0.000318
  [PINN (blind)] early stop after 3600 epochs in 21.3s  (5.92 ms/epoch)  best val loss: 0.000318

======================================================================
RESULTS SUMMARY  (best-val checkpoint)
======================================================================
  Metric                                 PINN (extended physics) PINN (blind)
  RMSE  (training interval)                    0.0156      0.0173
  RMSE  (extrapolation)                        0.0100      0.0141
  Physics Residual                             0.0596      0.0513
  True nu                                     0.4000
  nu_hat                                      0.2603     0.2628
  --------------------------------------------------------------
Viscosity: 4.0e-01, Nu Hat (blind): 0.2628, Nu Hat (ext phys): 0.2603
Loading precomputed analytic solution snapshots from ./AnalyticBurger/N-wave_5.0e-01_analytic_solution.npz...

Generating observation data for the N-wave initial condition...

======================================================================
Training PINN  (data + physics (normal + extrapolated) + IC loss)
======================================================================
  Parameters: 11954
  [PINN (ext. phy.)] epoch      1  L_data=0.01814  L_phys=0.00001  L_ic=0.05599  L_total=0.08864  L_val=0.00615  patience=0/30  (0.0s)
  [PINN (ext. phy.)] epoch   1000  L_data=0.00309  L_phys=0.00601  L_ic=0.00839  L_total=0.01842  L_val=0.00076  patience=2/30  (6.2s)
  [PINN (ext. phy.)] epoch   2000  L_data=0.00322  L_phys=0.00142  L_ic=0.00735  L_total=0.01360  L_val=0.00086  patience=12/30  (12.4s)
  [PINN (ext. phy.)] epoch   3000  L_data=0.00311  L_phys=0.00075  L_ic=0.00619  L_total=0.01150  L_val=0.00086  patience=22/30  (18.5s)

  [PINN (ext. phy.)] Early stopping triggered at epoch 3800. Best val loss: 0.000412
  [PINN (ext. phy.)] early stop after 3800 epochs in 22.8s  (6.00 ms/epoch)  best val loss: 0.000412

======================================================================
Training PINN  (data + physics (only normal region) + IC loss)
======================================================================
  Parameters: 11954
  [PINN (blind)] epoch      1  L_data=0.00893  L_phys=0.00013  L_ic=0.04674  L_total=0.06787  L_val=0.00701  patience=0/30  (0.0s)
  [PINN (blind)] epoch   1000  L_data=0.00290  L_phys=0.00053  L_ic=0.00818  L_total=0.01362  L_val=0.00052  patience=0/30  (5.9s)
  [PINN (blind)] epoch   2000  L_data=0.00302  L_phys=0.00090  L_ic=0.00552  L_total=0.01069  L_val=0.00070  patience=10/30  (12.1s)
  [PINN (blind)] epoch   3000  L_data=0.00336  L_phys=0.00156  L_ic=0.01119  L_total=0.01869  L_val=0.00081  patience=20/30  (18.2s)
  [PINN (blind)] epoch   4000  L_data=0.00322  L_phys=0.00058  L_ic=0.00462  L_total=0.00951  L_val=0.00095  patience=30/30  (24.3s)

  [PINN (blind)] Early stopping triggered at epoch 4000. Best val loss: 0.000522
  [PINN (blind)] early stop after 4000 epochs in 24.3s  (6.08 ms/epoch)  best val loss: 0.000522

======================================================================
RESULTS SUMMARY  (best-val checkpoint)
======================================================================
  Metric                                 PINN (extended physics) PINN (blind)
  RMSE  (training interval)                    0.0199      0.0225
  RMSE  (extrapolation)                        0.0091      0.0125
  Physics Residual                             0.0851      0.0731
  True nu                                     0.5000
  nu_hat                                      0.2560     0.2492
  --------------------------------------------------------------
Viscosity: 5.0e-01, Nu Hat (blind): 0.2492, Nu Hat (ext phys): 0.2560
Loading precomputed analytic solution snapshots from ./AnalyticBurger/N-wave_6.0e-01_analytic_solution.npz...

Generating observation data for the N-wave initial condition...

======================================================================
Training PINN  (data + physics (normal + extrapolated) + IC loss)
======================================================================
  Parameters: 11954
  [PINN (ext. phy.)] epoch      1  L_data=0.01739  L_phys=0.00001  L_ic=0.05599  L_total=0.08788  L_val=0.00542  patience=0/30  (0.0s)
  [PINN (ext. phy.)] epoch   1000  L_data=0.00330  L_phys=0.00587  L_ic=0.00834  L_total=0.01846  L_val=0.00099  patience=2/30  (6.1s)
  [PINN (ext. phy.)] epoch   2000  L_data=0.00337  L_phys=0.00160  L_ic=0.00754  L_total=0.01413  L_val=0.00111  patience=12/30  (10.6s)
  [PINN (ext. phy.)] epoch   3000  L_data=0.00325  L_phys=0.00090  L_ic=0.00622  L_total=0.01179  L_val=0.00100  patience=22/30  (16.2s)

  [PINN (ext. phy.)] Early stopping triggered at epoch 3800. Best val loss: 0.000561
  [PINN (ext. phy.)] early stop after 3800 epochs in 21.1s  (5.55 ms/epoch)  best val loss: 0.000561

======================================================================
Training PINN  (data + physics (only normal region) + IC loss)
======================================================================
  Parameters: 11954
  [PINN (blind)] epoch      1  L_data=0.00820  L_phys=0.00013  L_ic=0.04674  L_total=0.06714  L_val=0.00626  patience=0/30  (0.0s)
  [PINN (blind)] epoch   1000  L_data=0.00298  L_phys=0.00067  L_ic=0.00816  L_total=0.01379  L_val=0.00077  patience=2/30  (6.2s)
  [PINN (blind)] epoch   2000  L_data=0.00325  L_phys=0.00098  L_ic=0.00556  L_total=0.01102  L_val=0.00092  patience=12/30  (12.3s)
  [PINN (blind)] epoch   3000  L_data=0.00347  L_phys=0.00154  L_ic=0.01123  L_total=0.01883  L_val=0.00100  patience=22/30  (18.5s)

  [PINN (blind)] Early stopping triggered at epoch 3800. Best val loss: 0.000702
  [PINN (blind)] early stop after 3800 epochs in 23.3s  (6.14 ms/epoch)  best val loss: 0.000702

======================================================================
RESULTS SUMMARY  (best-val checkpoint)
======================================================================
  Metric                                 PINN (extended physics) PINN (blind)
  RMSE  (training interval)                    0.0233      0.0262
  RMSE  (extrapolation)                        0.0104      0.0148
  Physics Residual                             0.1100      0.0933
  True nu                                     0.6000
  nu_hat                                      0.2577     0.2616
  --------------------------------------------------------------
Viscosity: 6.0e-01, Nu Hat (blind): 0.2616, Nu Hat (ext phys): 0.2577
Loading precomputed analytic solution snapshots from ./AnalyticBurger/N-wave_7.0e-01_analytic_solution.npz...

Generating observation data for the N-wave initial condition...

======================================================================
Training PINN  (data + physics (normal + extrapolated) + IC loss)
======================================================================
  Parameters: 11954
  [PINN (ext. phy.)] epoch      1  L_data=0.01680  L_phys=0.00001  L_ic=0.05599  L_total=0.08730  L_val=0.00485  patience=0/30  (0.0s)
  [PINN (ext. phy.)] epoch   1000  L_data=0.00349  L_phys=0.00586  L_ic=0.00835  L_total=0.01865  L_val=0.00118  patience=3/30  (5.9s)
  [PINN (ext. phy.)] epoch   2000  L_data=0.00359  L_phys=0.00176  L_ic=0.00730  L_total=0.01418  L_val=0.00122  patience=13/30  (12.1s)
  [PINN (ext. phy.)] epoch   3000  L_data=0.00336  L_phys=0.00089  L_ic=0.00633  L_total=0.01204  L_val=0.00114  patience=23/30  (18.1s)

  [PINN (ext. phy.)] Early stopping triggered at epoch 3700. Best val loss: 0.000680
  [PINN (ext. phy.)] early stop after 3700 epochs in 22.5s  (6.07 ms/epoch)  best val loss: 0.000680

======================================================================
Training PINN  (data + physics (only normal region) + IC loss)
======================================================================
  Parameters: 11954
  [PINN (blind)] epoch      1  L_data=0.01432  L_phys=0.00004  L_ic=0.05193  L_total=0.07973  L_val=0.00413  patience=0/30  (0.0s)
  [PINN (blind)] epoch   1000  L_data=0.00334  L_phys=0.00379  L_ic=0.00847  L_total=0.01701  L_val=0.00102  patience=2/30  (6.2s)
  [PINN (blind)] epoch   2000  L_data=0.00345  L_phys=0.00223  L_ic=0.00692  L_total=0.01392  L_val=0.00115  patience=12/30  (12.2s)
  [PINN (blind)] epoch   3000  L_data=0.00360  L_phys=0.00469  L_ic=0.00637  L_total=0.01534  L_val=0.00127  patience=22/30  (17.6s)

  [PINN (blind)] Early stopping triggered at epoch 3800. Best val loss: 0.000865
  [PINN (blind)] early stop after 3800 epochs in 22.5s  (5.93 ms/epoch)  best val loss: 0.000865

======================================================================
RESULTS SUMMARY  (best-val checkpoint)
======================================================================
  Metric                                 PINN (extended physics) PINN (blind)
  RMSE  (training interval)                    0.0258      0.0292
  RMSE  (extrapolation)                        0.0119      0.0210
  Physics Residual                             0.1306      0.1285
  True nu                                     0.7000
  nu_hat                                      0.2653     0.2548
  --------------------------------------------------------------
Viscosity: 7.0e-01, Nu Hat (blind): 0.2548, Nu Hat (ext phys): 0.2653
Loading precomputed analytic solution snapshots from ./AnalyticBurger/N-wave_8.0e-01_analytic_solution.npz...

Generating observation data for the N-wave initial condition...

======================================================================
Training PINN  (data + physics (normal + extrapolated) + IC loss)
======================================================================
  Parameters: 11954
  [PINN (ext. phy.)] epoch      1  L_data=0.01634  L_phys=0.00001  L_ic=0.05599  L_total=0.08683  L_val=0.00442  patience=0/30  (0.0s)
  [PINN (ext. phy.)] epoch   1000  L_data=0.00367  L_phys=0.00580  L_ic=0.00831  L_total=0.01874  L_val=0.00136  patience=1/30  (6.2s)
  [PINN (ext. phy.)] epoch   2000  L_data=0.00372  L_phys=0.00163  L_ic=0.00721  L_total=0.01410  L_val=0.00133  patience=11/30  (12.3s)
  [PINN (ext. phy.)] epoch   3000  L_data=0.00355  L_phys=0.00108  L_ic=0.00616  L_total=0.01216  L_val=0.00130  patience=21/30  (18.4s)

  [PINN (ext. phy.)] Early stopping triggered at epoch 3900. Best val loss: 0.000768
  [PINN (ext. phy.)] early stop after 3900 epochs in 23.8s  (6.10 ms/epoch)  best val loss: 0.000768

======================================================================
Training PINN  (data + physics (only normal region) + IC loss)
======================================================================
  Parameters: 11954
  [PINN (blind)] epoch      1  L_data=0.05156  L_phys=0.00003  L_ic=0.09024  L_total=0.16519  L_val=0.01667  patience=0/30  (0.0s)
  [PINN (blind)] epoch   1000  L_data=0.00351  L_phys=0.00264  L_ic=0.00948  L_total=0.01755  L_val=0.00109  patience=4/30  (5.4s)
  [PINN (blind)] epoch   2000  L_data=0.00372  L_phys=0.01182  L_ic=0.00608  L_total=0.02076  L_val=0.00134  patience=8/30  (11.6s)
  [PINN (blind)] epoch   3000  L_data=0.00362  L_phys=0.00146  L_ic=0.00909  L_total=0.01622  L_val=0.00142  patience=18/30  (17.7s)
  [PINN (blind)] epoch   4000  L_data=0.00400  L_phys=0.01558  L_ic=0.00446  L_total=0.02199  L_val=0.00188  patience=28/30  (23.9s)

  [PINN (blind)] Early stopping triggered at epoch 4200. Best val loss: 0.000942
  [PINN (blind)] early stop after 4200 epochs in 25.1s  (5.97 ms/epoch)  best val loss: 0.000942

======================================================================
RESULTS SUMMARY  (best-val checkpoint)
======================================================================
  Metric                                 PINN (extended physics) PINN (blind)
  RMSE  (training interval)                    0.0274      0.0305
  RMSE  (extrapolation)                        0.0161      0.0134
  Physics Residual                             0.1379      0.1523
  True nu                                     0.8000
  nu_hat                                      0.2547     0.2418
  --------------------------------------------------------------
Viscosity: 8.0e-01, Nu Hat (blind): 0.2418, Nu Hat (ext phys): 0.2547
Loading precomputed analytic solution snapshots from ./AnalyticBurger/N-wave_9.0e-01_analytic_solution.npz...

Generating observation data for the N-wave initial condition...

======================================================================
Training PINN  (data + physics (normal + extrapolated) + IC loss)
======================================================================
  Parameters: 11954
  [PINN (ext. phy.)] epoch      1  L_data=0.01596  L_phys=0.00001  L_ic=0.05599  L_total=0.08645  L_val=0.00407  patience=0/30  (0.0s)
  [PINN (ext. phy.)] epoch   1000  L_data=0.00381  L_phys=0.00571  L_ic=0.00832  L_total=0.01882  L_val=0.00152  patience=1/30  (6.1s)
  [PINN (ext. phy.)] epoch   2000  L_data=0.00384  L_phys=0.00154  L_ic=0.00728  L_total=0.01423  L_val=0.00146  patience=11/30  (11.5s)
  [PINN (ext. phy.)] epoch   3000  L_data=0.00370  L_phys=0.00123  L_ic=0.00624  L_total=0.01253  L_val=0.00143  patience=21/30  (17.6s)

  [PINN (ext. phy.)] Early stopping triggered at epoch 3900. Best val loss: 0.000824
  [PINN (ext. phy.)] early stop after 3900 epochs in 23.2s  (5.94 ms/epoch)  best val loss: 0.000824

======================================================================
Training PINN  (data + physics (only normal region) + IC loss)
======================================================================
  Parameters: 11954
  [PINN (blind)] epoch      1  L_data=0.05121  L_phys=0.00003  L_ic=0.09024  L_total=0.16484  L_val=0.01633  patience=0/30  (0.0s)
  [PINN (blind)] epoch   1000  L_data=0.00366  L_phys=0.00278  L_ic=0.00962  L_total=0.01797  L_val=0.00119  patience=4/30  (6.2s)
  [PINN (blind)] epoch   2000  L_data=0.00390  L_phys=0.01156  L_ic=0.00596  L_total=0.02059  L_val=0.00151  patience=8/30  (12.4s)
  [PINN (blind)] epoch   3000  L_data=0.00373  L_phys=0.00142  L_ic=0.00968  L_total=0.01705  L_val=0.00150  patience=18/30  (18.5s)
  [PINN (blind)] epoch   4000  L_data=0.00416  L_phys=0.01467  L_ic=0.00450  L_total=0.02147  L_val=0.00205  patience=28/30  (23.2s)

  [PINN (blind)] Early stopping triggered at epoch 4200. Best val loss: 0.001084
  [PINN (blind)] early stop after 4200 epochs in 24.0s  (5.70 ms/epoch)  best val loss: 0.001084

======================================================================
RESULTS SUMMARY  (best-val checkpoint)
======================================================================
  Metric                                 PINN (extended physics) PINN (blind)
  RMSE  (training interval)                    0.0284      0.0328
  RMSE  (extrapolation)                        0.0162      0.0146
  Physics Residual                             0.1571      0.1771
  True nu                                     0.9000
  nu_hat                                      0.2560     0.2438
  --------------------------------------------------------------
Viscosity: 9.0e-01, Nu Hat (blind): 0.2438, Nu Hat (ext phys): 0.2560
Loading precomputed analytic solution snapshots from ./AnalyticBurger/N-wave_2.0e-02_analytic_solution.npz...

Generating observation data for the N-wave initial condition...

======================================================================
Training PINN  (data + physics (normal + extrapolated) + IC loss)
======================================================================
  Parameters: 11954
  [PINN (ext. phy.)] epoch      1  L_data=0.03885  L_phys=0.00001  L_ic=0.05599  L_total=0.10935  L_val=0.02651  patience=0/30  (0.0s)
  [PINN (ext. phy.)] epoch   1000  L_data=0.00913  L_phys=0.00634  L_ic=0.00893  L_total=0.02541  L_val=0.00696  patience=0/30  (6.2s)
  [PINN (ext. phy.)] epoch   2000  L_data=0.00662  L_phys=0.00198  L_ic=0.00682  L_total=0.01678  L_val=0.00427  patience=0/30  (12.4s)
  [PINN (ext. phy.)] epoch   3000  L_data=0.00573  L_phys=0.00118  L_ic=0.00692  L_total=0.01538  L_val=0.00318  patience=1/30  (18.6s)
  [PINN (ext. phy.)] epoch   4000  L_data=0.00476  L_phys=0.00464  L_ic=0.00525  L_total=0.01505  L_val=0.00229  patience=5/30  (24.7s)
  [PINN (ext. phy.)] epoch   5000  L_data=0.00394  L_phys=0.00168  L_ic=0.00394  L_total=0.01023  L_val=0.00137  patience=2/30  (30.8s)
  [PINN (ext. phy.)] epoch   6000  L_data=0.00356  L_phys=0.00164  L_ic=0.00376  L_total=0.00959  L_val=0.00100  patience=2/30  (36.1s)
  [PINN (ext. phy.)] epoch   7000  L_data=0.00352  L_phys=0.00117  L_ic=0.00391  L_total=0.00938  L_val=0.00106  patience=4/30  (42.2s)
  [PINN (ext. phy.)] epoch   8000  L_data=0.00326  L_phys=0.00141  L_ic=0.00359  L_total=0.00890  L_val=0.00079  patience=8/30  (48.4s)
  [PINN (ext. phy.)] epoch   9000  L_data=0.00306  L_phys=0.00186  L_ic=0.00315  L_total=0.00850  L_val=0.00059  patience=0/30  (54.6s)
  [PINN (ext. phy.)] epoch  10000  L_data=0.00291  L_phys=0.00322  L_ic=0.00288  L_total=0.00910  L_val=0.00047  patience=0/30  (60.7s)
  [PINN (ext. phy.)] epoch  11000  L_data=0.00295  L_phys=0.00079  L_ic=0.00284  L_total=0.00715  L_val=0.00051  patience=2/30  (66.8s)
  [PINN (ext. phy.)] epoch  12000  L_data=0.00299  L_phys=0.00845  L_ic=0.00339  L_total=0.01397  L_val=0.00054  patience=1/30  (72.1s)
  [PINN (ext. phy.)] epoch  13000  L_data=0.00280  L_phys=0.00027  L_ic=0.00252  L_total=0.00618  L_val=0.00037  patience=5/30  (78.2s)
  [PINN (ext. phy.)] epoch  14000  L_data=0.00280  L_phys=0.00017  L_ic=0.00247  L_total=0.00604  L_val=0.00037  patience=2/30  (84.4s)
  [PINN (ext. phy.)] epoch  15000  L_data=0.00279  L_phys=0.00064  L_ic=0.00260  L_total=0.00657  L_val=0.00036  patience=4/30  (90.5s)
  [PINN (ext. phy.)] epoch  16000  L_data=0.00275  L_phys=0.00279  L_ic=0.00238  L_total=0.00797  L_val=0.00032  patience=6/30  (96.7s)
  [PINN (ext. phy.)] epoch  17000  L_data=0.00277  L_phys=0.00097  L_ic=0.00252  L_total=0.00672  L_val=0.00034  patience=2/30  (102.8s)
  [PINN (ext. phy.)] epoch  18000  L_data=0.00274  L_phys=0.00018  L_ic=0.00237  L_total=0.00588  L_val=0.00032  patience=3/30  (108.1s)
  [PINN (ext. phy.)] epoch  19000  L_data=0.00273  L_phys=0.00043  L_ic=0.00233  L_total=0.00600  L_val=0.00031  patience=13/30  (114.3s)
  [PINN (ext. phy.)] epoch  20000  L_data=0.00272  L_phys=0.00038  L_ic=0.00230  L_total=0.00592  L_val=0.00030  patience=23/30  (120.4s)
  [PINN (ext. phy.)] epoch  21000  L_data=0.00271  L_phys=0.00245  L_ic=0.00223  L_total=0.00746  L_val=0.00029  patience=4/30  (126.6s)
  [PINN (ext. phy.)] epoch  22000  L_data=0.00272  L_phys=0.00072  L_ic=0.00225  L_total=0.00613  L_val=0.00030  patience=14/30  (132.8s)
  [PINN (ext. phy.)] epoch  23000  L_data=0.00271  L_phys=0.00016  L_ic=0.00221  L_total=0.00562  L_val=0.00029  patience=2/30  (138.9s)
  [PINN (ext. phy.)] epoch  24000  L_data=0.00271  L_phys=0.00028  L_ic=0.00227  L_total=0.00579  L_val=0.00029  patience=6/30  (144.1s)
  [PINN (ext. phy.)] epoch  25000  L_data=0.00271  L_phys=0.00021  L_ic=0.00221  L_total=0.00567  L_val=0.00029  patience=16/30  (150.3s)
  [PINN (ext. phy.)] epoch  26000  L_data=0.00271  L_phys=0.00342  L_ic=0.00220  L_total=0.00820  L_val=0.00029  patience=26/30  (156.5s)

  [PINN (ext. phy.)] Early stopping triggered at epoch 26400. Best val loss: 0.000283
  [PINN (ext. phy.)] early stop after 26400 epochs in 158.9s  (6.02 ms/epoch)  best val loss: 0.000283

======================================================================
Training PINN  (data + physics (only normal region) + IC loss)
======================================================================
  Parameters: 11954
  [PINN (blind)] epoch      1  L_data=0.03936  L_phys=0.00002  L_ic=0.05831  L_total=0.11278  L_val=0.02674  patience=0/30  (0.0s)
  [PINN (blind)] epoch   1000  L_data=0.01048  L_phys=0.00316  L_ic=0.00971  L_total=0.02522  L_val=0.00773  patience=1/30  (6.2s)
  [PINN (blind)] epoch   2000  L_data=0.00749  L_phys=0.00130  L_ic=0.00590  L_total=0.01595  L_val=0.00492  patience=0/30  (12.8s)
  [PINN (blind)] epoch   3000  L_data=0.00624  L_phys=0.00157  L_ic=0.00546  L_total=0.01436  L_val=0.00357  patience=3/30  (18.8s)
  [PINN (blind)] epoch   4000  L_data=0.00516  L_phys=0.01337  L_ic=0.00378  L_total=0.02053  L_val=0.00267  patience=1/30  (22.8s)
  [PINN (blind)] epoch   5000  L_data=0.00442  L_phys=0.00067  L_ic=0.00311  L_total=0.00886  L_val=0.00181  patience=3/30  (29.0s)
  [PINN (blind)] epoch   6000  L_data=0.00383  L_phys=0.00089  L_ic=0.00223  L_total=0.00735  L_val=0.00124  patience=0/30  (35.1s)
  [PINN (blind)] epoch   7000  L_data=0.00363  L_phys=0.00718  L_ic=0.00169  L_total=0.01146  L_val=0.00106  patience=1/30  (41.2s)
  [PINN (blind)] epoch   8000  L_data=0.00389  L_phys=0.00047  L_ic=0.00392  L_total=0.00920  L_val=0.00137  patience=4/30  (47.4s)
  [PINN (blind)] epoch   9000  L_data=0.00327  L_phys=0.00114  L_ic=0.00136  L_total=0.00589  L_val=0.00071  patience=0/30  (53.6s)
  [PINN (blind)] epoch  10000  L_data=0.00326  L_phys=0.00055  L_ic=0.00121  L_total=0.00522  L_val=0.00070  patience=0/30  (58.9s)
  [PINN (blind)] epoch  11000  L_data=0.00334  L_phys=0.00683  L_ic=0.00158  L_total=0.01075  L_val=0.00087  patience=2/30  (65.0s)
  [PINN (blind)] epoch  12000  L_data=0.00321  L_phys=0.00036  L_ic=0.00123  L_total=0.00505  L_val=0.00066  patience=1/30  (71.2s)
  [PINN (blind)] epoch  13000  L_data=0.00310  L_phys=0.00112  L_ic=0.00091  L_total=0.00514  L_val=0.00056  patience=0/30  (77.3s)
  [PINN (blind)] epoch  14000  L_data=0.00312  L_phys=0.00039  L_ic=0.00092  L_total=0.00458  L_val=0.00057  patience=1/30  (83.5s)
  [PINN (blind)] epoch  15000  L_data=0.00304  L_phys=0.00065  L_ic=0.00078  L_total=0.00454  L_val=0.00051  patience=0/30  (89.7s)
  [PINN (blind)] epoch  16000  L_data=0.00305  L_phys=0.00160  L_ic=0.00081  L_total=0.00534  L_val=0.00052  patience=1/30  (95.2s)
  [PINN (blind)] epoch  17000  L_data=0.00302  L_phys=0.00066  L_ic=0.00063  L_total=0.00434  L_val=0.00048  patience=0/30  (101.3s)
  [PINN (blind)] epoch  18000  L_data=0.00302  L_phys=0.00027  L_ic=0.00062  L_total=0.00402  L_val=0.00049  patience=2/30  (107.4s)
  [PINN (blind)] epoch  19000  L_data=0.00302  L_phys=0.00030  L_ic=0.00064  L_total=0.00406  L_val=0.00048  patience=7/30  (113.6s)
  [PINN (blind)] epoch  20000  L_data=0.00297  L_phys=0.00043  L_ic=0.00063  L_total=0.00411  L_val=0.00045  patience=5/30  (119.7s)
  [PINN (blind)] epoch  21000  L_data=0.00296  L_phys=0.00105  L_ic=0.00056  L_total=0.00450  L_val=0.00044  patience=0/30  (125.9s)
  [PINN (blind)] epoch  22000  L_data=0.00297  L_phys=0.00256  L_ic=0.00056  L_total=0.00571  L_val=0.00044  patience=10/30  (131.4s)
  [PINN (blind)] epoch  23000  L_data=0.00297  L_phys=0.00052  L_ic=0.00057  L_total=0.00410  L_val=0.00045  patience=8/30  (137.2s)
  [PINN (blind)] epoch  24000  L_data=0.00295  L_phys=0.00021  L_ic=0.00054  L_total=0.00380  L_val=0.00043  patience=6/30  (143.4s)
  [PINN (blind)] epoch  25000  L_data=0.00297  L_phys=0.00028  L_ic=0.00056  L_total=0.00389  L_val=0.00044  patience=9/30  (149.6s)
  [PINN (blind)] epoch  26000  L_data=0.00296  L_phys=0.00047  L_ic=0.00055  L_total=0.00402  L_val=0.00043  patience=19/30  (155.7s)
  [PINN (blind)] epoch  27000  L_data=0.00295  L_phys=0.00028  L_ic=0.00053  L_total=0.00384  L_val=0.00043  patience=3/30  (161.9s)
  [PINN (blind)] epoch  28000  L_data=0.00295  L_phys=0.00265  L_ic=0.00052  L_total=0.00571  L_val=0.00043  patience=13/30  (167.5s)
  [PINN (blind)] epoch  29000  L_data=0.00296  L_phys=0.00042  L_ic=0.00052  L_total=0.00394  L_val=0.00043  patience=23/30  (173.3s)

  [PINN (blind)] Early stopping triggered at epoch 29700. Best val loss: 0.000426
  [PINN (blind)] early stop after 29700 epochs in 178.1s  (6.00 ms/epoch)  best val loss: 0.000426

======================================================================
RESULTS SUMMARY  (best-val checkpoint)
======================================================================
  Metric                                 PINN (extended physics) PINN (blind)
  RMSE  (training interval)                    0.0165      0.0205
  RMSE  (extrapolation)                        0.0178      0.0221
  Physics Residual                             0.0550      0.0554
  True nu                                     0.0200
  nu_hat                                      0.0451     0.0498
  --------------------------------------------------------------
Viscosity: 2.0e-02, Nu Hat (blind): 0.0498, Nu Hat (ext phys): 0.0451
Loading precomputed analytic solution snapshots from ./AnalyticBurger/N-wave_3.0e-02_analytic_solution.npz...

Generating observation data for the N-wave initial condition...

======================================================================
Training PINN  (data + physics (normal + extrapolated) + IC loss)
======================================================================
  Parameters: 11954
  [PINN (ext. phy.)] epoch      1  L_data=0.03660  L_phys=0.00001  L_ic=0.05599  L_total=0.10709  L_val=0.02440  patience=0/30  (0.0s)
  [PINN (ext. phy.)] epoch   1000  L_data=0.00744  L_phys=0.00613  L_ic=0.00889  L_total=0.02351  L_val=0.00539  patience=0/30  (6.4s)
  [PINN (ext. phy.)] epoch   2000  L_data=0.00537  L_phys=0.00165  L_ic=0.00685  L_total=0.01531  L_val=0.00310  patience=0/30  (12.6s)
  [PINN (ext. phy.)] epoch   3000  L_data=0.00474  L_phys=0.00099  L_ic=0.00690  L_total=0.01421  L_val=0.00226  patience=1/30  (18.7s)
  [PINN (ext. phy.)] epoch   4000  L_data=0.00391  L_phys=0.00456  L_ic=0.00532  L_total=0.01423  L_val=0.00155  patience=5/30  (23.5s)
  [PINN (ext. phy.)] epoch   5000  L_data=0.00331  L_phys=0.00124  L_ic=0.00400  L_total=0.00932  L_val=0.00086  patience=0/30  (28.7s)
  [PINN (ext. phy.)] epoch   6000  L_data=0.00307  L_phys=0.00121  L_ic=0.00362  L_total=0.00859  L_val=0.00059  patience=2/30  (34.8s)
  [PINN (ext. phy.)] epoch   7000  L_data=0.00307  L_phys=0.00094  L_ic=0.00405  L_total=0.00891  L_val=0.00067  patience=12/30  (41.0s)
  [PINN (ext. phy.)] epoch   8000  L_data=0.00290  L_phys=0.00144  L_ic=0.00377  L_total=0.00879  L_val=0.00051  patience=8/30  (47.2s)
  [PINN (ext. phy.)] epoch   9000  L_data=0.00274  L_phys=0.00150  L_ic=0.00317  L_total=0.00793  L_val=0.00032  patience=0/30  (53.4s)
  [PINN (ext. phy.)] epoch  10000  L_data=0.00264  L_phys=0.00310  L_ic=0.00293  L_total=0.00880  L_val=0.00024  patience=0/30  (59.5s)
  [PINN (ext. phy.)] epoch  11000  L_data=0.00269  L_phys=0.00069  L_ic=0.00315  L_total=0.00720  L_val=0.00029  patience=3/30  (64.7s)
  [PINN (ext. phy.)] epoch  12000  L_data=0.00269  L_phys=0.00987  L_ic=0.00318  L_total=0.01454  L_val=0.00029  patience=1/30  (70.9s)
  [PINN (ext. phy.)] epoch  13000  L_data=0.00258  L_phys=0.00014  L_ic=0.00256  L_total=0.00592  L_val=0.00018  patience=11/30  (77.1s)
  [PINN (ext. phy.)] epoch  14000  L_data=0.00259  L_phys=0.00019  L_ic=0.00253  L_total=0.00593  L_val=0.00019  patience=2/30  (83.2s)
  [PINN (ext. phy.)] epoch  15000  L_data=0.00259  L_phys=0.00042  L_ic=0.00277  L_total=0.00641  L_val=0.00020  patience=12/30  (89.4s)
  [PINN (ext. phy.)] epoch  16000  L_data=0.00255  L_phys=0.00261  L_ic=0.00245  L_total=0.00772  L_val=0.00016  patience=0/30  (95.4s)
  [PINN (ext. phy.)] epoch  17000  L_data=0.00257  L_phys=0.00090  L_ic=0.00257  L_total=0.00653  L_val=0.00017  patience=2/30  (100.7s)
  [PINN (ext. phy.)] epoch  18000  L_data=0.00256  L_phys=0.00015  L_ic=0.00243  L_total=0.00575  L_val=0.00016  patience=3/30  (107.0s)
  [PINN (ext. phy.)] epoch  19000  L_data=0.00255  L_phys=0.00033  L_ic=0.00239  L_total=0.00582  L_val=0.00015  patience=13/30  (114.6s)
  [PINN (ext. phy.)] epoch  20000  L_data=0.00254  L_phys=0.00037  L_ic=0.00236  L_total=0.00580  L_val=0.00015  patience=23/30  (122.2s)
  [PINN (ext. phy.)] epoch  21000  L_data=0.00253  L_phys=0.00218  L_ic=0.00229  L_total=0.00714  L_val=0.00014  patience=4/30  (128.4s)
  [PINN (ext. phy.)] epoch  22000  L_data=0.00254  L_phys=0.00067  L_ic=0.00232  L_total=0.00599  L_val=0.00014  patience=14/30  (133.6s)
  [PINN (ext. phy.)] epoch  23000  L_data=0.00254  L_phys=0.00014  L_ic=0.00227  L_total=0.00551  L_val=0.00014  patience=2/30  (139.8s)
  [PINN (ext. phy.)] epoch  24000  L_data=0.00254  L_phys=0.00020  L_ic=0.00231  L_total=0.00561  L_val=0.00014  patience=6/30  (145.9s)
  [PINN (ext. phy.)] epoch  25000  L_data=0.00254  L_phys=0.00013  L_ic=0.00227  L_total=0.00550  L_val=0.00014  patience=16/30  (152.1s)
  [PINN (ext. phy.)] epoch  26000  L_data=0.00254  L_phys=0.00367  L_ic=0.00226  L_total=0.00829  L_val=0.00014  patience=26/30  (158.4s)

  [PINN (ext. phy.)] Early stopping triggered at epoch 26400. Best val loss: 0.000134
  [PINN (ext. phy.)] early stop after 26400 epochs in 160.8s  (6.09 ms/epoch)  best val loss: 0.000134

======================================================================
Training PINN  (data + physics (only normal region) + IC loss)
======================================================================
  Parameters: 11954
  [PINN (blind)] epoch      1  L_data=0.03710  L_phys=0.00002  L_ic=0.05831  L_total=0.11052  L_val=0.02463  patience=0/30  (0.0s)
  [PINN (blind)] epoch   1000  L_data=0.00867  L_phys=0.00299  L_ic=0.00953  L_total=0.02305  L_val=0.00608  patience=1/30  (6.2s)
  [PINN (blind)] epoch   2000  L_data=0.00615  L_phys=0.00113  L_ic=0.00598  L_total=0.01458  L_val=0.00357  patience=0/30  (11.4s)
  [PINN (blind)] epoch   3000  L_data=0.00514  L_phys=0.00134  L_ic=0.00549  L_total=0.01312  L_val=0.00258  patience=3/30  (17.6s)
  [PINN (blind)] epoch   4000  L_data=0.00423  L_phys=0.01305  L_ic=0.00380  L_total=0.01938  L_val=0.00184  patience=1/30  (23.8s)
  [PINN (blind)] epoch   5000  L_data=0.00364  L_phys=0.00047  L_ic=0.00307  L_total=0.00788  L_val=0.00117  patience=5/30  (29.9s)
  [PINN (blind)] epoch   6000  L_data=0.00324  L_phys=0.00075  L_ic=0.00225  L_total=0.00667  L_val=0.00074  patience=0/30  (36.1s)
  [PINN (blind)] epoch   7000  L_data=0.00311  L_phys=0.00519  L_ic=0.00176  L_total=0.00944  L_val=0.00062  patience=1/30  (42.2s)
  [PINN (blind)] epoch   8000  L_data=0.00340  L_phys=0.00037  L_ic=0.00420  L_total=0.00898  L_val=0.00096  patience=1/30  (46.6s)
  [PINN (blind)] epoch   9000  L_data=0.00288  L_phys=0.00091  L_ic=0.00139  L_total=0.00535  L_val=0.00038  patience=0/30  (52.3s)
  [PINN (blind)] epoch  10000  L_data=0.00286  L_phys=0.00043  L_ic=0.00127  L_total=0.00480  L_val=0.00036  patience=0/30  (58.4s)
  [PINN (blind)] epoch  11000  L_data=0.00298  L_phys=0.00687  L_ic=0.00164  L_total=0.01050  L_val=0.00059  patience=10/30  (64.6s)
  [PINN (blind)] epoch  12000  L_data=0.00285  L_phys=0.00036  L_ic=0.00130  L_total=0.00477  L_val=0.00037  patience=1/30  (70.8s)
  [PINN (blind)] epoch  13000  L_data=0.00277  L_phys=0.00104  L_ic=0.00099  L_total=0.00485  L_val=0.00029  patience=3/30  (76.9s)
  [PINN (blind)] epoch  14000  L_data=0.00279  L_phys=0.00024  L_ic=0.00099  L_total=0.00423  L_val=0.00030  patience=3/30  (82.8s)
  [PINN (blind)] epoch  15000  L_data=0.00273  L_phys=0.00035  L_ic=0.00086  L_total=0.00410  L_val=0.00025  patience=0/30  (88.4s)
  [PINN (blind)] epoch  16000  L_data=0.00274  L_phys=0.00153  L_ic=0.00090  L_total=0.00509  L_val=0.00026  patience=2/30  (94.6s)
  [PINN (blind)] epoch  17000  L_data=0.00273  L_phys=0.00050  L_ic=0.00073  L_total=0.00404  L_val=0.00025  patience=0/30  (100.8s)
  [PINN (blind)] epoch  18000  L_data=0.00274  L_phys=0.00020  L_ic=0.00073  L_total=0.00382  L_val=0.00026  patience=2/30  (107.0s)
  [PINN (blind)] epoch  19000  L_data=0.00273  L_phys=0.00022  L_ic=0.00075  L_total=0.00384  L_val=0.00025  patience=7/30  (113.2s)
  [PINN (blind)] epoch  20000  L_data=0.00269  L_phys=0.00029  L_ic=0.00074  L_total=0.00385  L_val=0.00022  patience=0/30  (119.0s)
  [PINN (blind)] epoch  21000  L_data=0.00269  L_phys=0.00094  L_ic=0.00067  L_total=0.00428  L_val=0.00022  patience=0/30  (124.6s)
  [PINN (blind)] epoch  22000  L_data=0.00270  L_phys=0.00229  L_ic=0.00067  L_total=0.00536  L_val=0.00022  patience=10/30  (130.7s)
  [PINN (blind)] epoch  23000  L_data=0.00270  L_phys=0.00037  L_ic=0.00067  L_total=0.00383  L_val=0.00022  patience=6/30  (136.9s)
  [PINN (blind)] epoch  24000  L_data=0.00269  L_phys=0.00012  L_ic=0.00064  L_total=0.00359  L_val=0.00022  patience=16/30  (143.1s)
  [PINN (blind)] epoch  25000  L_data=0.00270  L_phys=0.00017  L_ic=0.00066  L_total=0.00367  L_val=0.00022  patience=26/30  (149.2s)

  [PINN (blind)] Early stopping triggered at epoch 25400. Best val loss: 0.000215
  [PINN (blind)] early stop after 25400 epochs in 151.7s  (5.97 ms/epoch)  best val loss: 0.000215

======================================================================
RESULTS SUMMARY  (best-val checkpoint)
======================================================================
  Metric                                 PINN (extended physics) PINN (blind)
  RMSE  (training interval)                    0.0112      0.0146
  RMSE  (extrapolation)                        0.0119      0.0157
  Physics Residual                             0.0373      0.0396
  True nu                                     0.0300
  nu_hat                                      0.0505     0.0558
  --------------------------------------------------------------
Viscosity: 3.0e-02, Nu Hat (blind): 0.0558, Nu Hat (ext phys): 0.0505
Loading precomputed analytic solution snapshots from ./AnalyticBurger/N-wave_4.0e-02_analytic_solution.npz...

Generating observation data for the N-wave initial condition...

======================================================================
Training PINN  (data + physics (normal + extrapolated) + IC loss)
======================================================================
  Parameters: 11954
  [PINN (ext. phy.)] epoch      1  L_data=0.03473  L_phys=0.00001  L_ic=0.05599  L_total=0.10523  L_val=0.02263  patience=0/30  (0.0s)
  [PINN (ext. phy.)] epoch   1000  L_data=0.00628  L_phys=0.00599  L_ic=0.00888  L_total=0.02222  L_val=0.00422  patience=0/30  (5.3s)
  [PINN (ext. phy.)] epoch   2000  L_data=0.00455  L_phys=0.00141  L_ic=0.00683  L_total=0.01427  L_val=0.00232  patience=0/30  (11.5s)
  [PINN (ext. phy.)] epoch   3000  L_data=0.00394  L_phys=0.00061  L_ic=0.00651  L_total=0.01262  L_val=0.00141  patience=1/30  (17.6s)
  [PINN (ext. phy.)] epoch   4000  L_data=0.00339  L_phys=0.00474  L_ic=0.00526  L_total=0.01377  L_val=0.00108  patience=5/30  (23.8s)
  [PINN (ext. phy.)] epoch   5000  L_data=0.00294  L_phys=0.00089  L_ic=0.00402  L_total=0.00872  L_val=0.00055  patience=0/30  (30.0s)
  [PINN (ext. phy.)] epoch   6000  L_data=0.00278  L_phys=0.00111  L_ic=0.00373  L_total=0.00836  L_val=0.00036  patience=2/30  (36.0s)
  [PINN (ext. phy.)] epoch   7000  L_data=0.00284  L_phys=0.00077  L_ic=0.00408  L_total=0.00859  L_val=0.00047  patience=12/30  (41.4s)
  [PINN (ext. phy.)] epoch   8000  L_data=0.00268  L_phys=0.00145  L_ic=0.00380  L_total=0.00861  L_val=0.00031  patience=8/30  (47.5s)
  [PINN (ext. phy.)] epoch   9000  L_data=0.00257  L_phys=0.00116  L_ic=0.00323  L_total=0.00755  L_val=0.00018  patience=0/30  (53.7s)
  [PINN (ext. phy.)] epoch  10000  L_data=0.00250  L_phys=0.00309  L_ic=0.00297  L_total=0.00869  L_val=0.00013  patience=0/30  (59.9s)
  [PINN (ext. phy.)] epoch  11000  L_data=0.00254  L_phys=0.00066  L_ic=0.00318  L_total=0.00707  L_val=0.00017  patience=1/30  (66.0s)
  [PINN (ext. phy.)] epoch  12000  L_data=0.00253  L_phys=0.00823  L_ic=0.00317  L_total=0.01307  L_val=0.00017  patience=1/30  (72.1s)
  [PINN (ext. phy.)] epoch  13000  L_data=0.00247  L_phys=0.00008  L_ic=0.00262  L_total=0.00584  L_val=0.00010  patience=11/30  (76.2s)
  [PINN (ext. phy.)] epoch  14000  L_data=0.00248  L_phys=0.00027  L_ic=0.00258  L_total=0.00593  L_val=0.00011  patience=1/30  (82.2s)
  [PINN (ext. phy.)] epoch  15000  L_data=0.00249  L_phys=0.00028  L_ic=0.00293  L_total=0.00640  L_val=0.00013  patience=11/30  (88.4s)
  [PINN (ext. phy.)] epoch  16000  L_data=0.00246  L_phys=0.00252  L_ic=0.00248  L_total=0.00759  L_val=0.00008  patience=0/30  (94.6s)
  [PINN (ext. phy.)] epoch  17000  L_data=0.00247  L_phys=0.00090  L_ic=0.00258  L_total=0.00644  L_val=0.00009  patience=2/30  (100.8s)
  [PINN (ext. phy.)] epoch  18000  L_data=0.00246  L_phys=0.00015  L_ic=0.00245  L_total=0.00567  L_val=0.00009  patience=3/30  (107.0s)
  [PINN (ext. phy.)] epoch  19000  L_data=0.00246  L_phys=0.00028  L_ic=0.00242  L_total=0.00573  L_val=0.00008  patience=13/30  (112.5s)
  [PINN (ext. phy.)] epoch  20000  L_data=0.00246  L_phys=0.00031  L_ic=0.00238  L_total=0.00570  L_val=0.00008  patience=23/30  (118.4s)
  [PINN (ext. phy.)] epoch  21000  L_data=0.00245  L_phys=0.00188  L_ic=0.00231  L_total=0.00685  L_val=0.00008  patience=4/30  (124.5s)
  [PINN (ext. phy.)] epoch  22000  L_data=0.00245  L_phys=0.00060  L_ic=0.00234  L_total=0.00588  L_val=0.00008  patience=14/30  (130.7s)
  [PINN (ext. phy.)] epoch  23000  L_data=0.00245  L_phys=0.00012  L_ic=0.00230  L_total=0.00544  L_val=0.00007  patience=1/30  (136.9s)
  [PINN (ext. phy.)] epoch  24000  L_data=0.00245  L_phys=0.00013  L_ic=0.00234  L_total=0.00551  L_val=0.00007  patience=11/30  (143.1s)
  [PINN (ext. phy.)] epoch  25000  L_data=0.00245  L_phys=0.00007  L_ic=0.00230  L_total=0.00541  L_val=0.00007  patience=21/30  (148.6s)

  [PINN (ext. phy.)] Early stopping triggered at epoch 25900. Best val loss: 0.000072
  [PINN (ext. phy.)] early stop after 25900 epochs in 153.9s  (5.94 ms/epoch)  best val loss: 0.000072

======================================================================
Training PINN  (data + physics (only normal region) + IC loss)
======================================================================
  Parameters: 11954
  [PINN (blind)] epoch      1  L_data=0.04818  L_phys=0.00002  L_ic=0.06805  L_total=0.13386  L_val=0.02552  patience=0/30  (0.0s)
  [PINN (blind)] epoch   1000  L_data=0.00693  L_phys=0.00141  L_ic=0.00888  L_total=0.01922  L_val=0.00472  patience=0/30  (6.2s)
  [PINN (blind)] epoch   2000  L_data=0.00531  L_phys=0.00095  L_ic=0.00602  L_total=0.01363  L_val=0.00298  patience=1/30  (12.3s)
  [PINN (blind)] epoch   3000  L_data=0.00395  L_phys=0.00309  L_ic=0.00459  L_total=0.01217  L_val=0.00162  patience=1/30  (18.5s)
  [PINN (blind)] epoch   4000  L_data=0.00328  L_phys=0.00066  L_ic=0.00362  L_total=0.00835  L_val=0.00090  patience=0/30  (24.7s)
  [PINN (blind)] epoch   5000  L_data=0.00292  L_phys=0.00077  L_ic=0.00294  L_total=0.00723  L_val=0.00046  patience=0/30  (30.6s)
  [PINN (blind)] epoch   6000  L_data=0.00288  L_phys=0.00037  L_ic=0.00291  L_total=0.00683  L_val=0.00044  patience=0/30  (36.9s)
  [PINN (blind)] epoch   7000  L_data=0.00272  L_phys=0.00064  L_ic=0.00215  L_total=0.00594  L_val=0.00027  patience=0/30  (44.2s)
  [PINN (blind)] epoch   8000  L_data=0.00267  L_phys=0.00053  L_ic=0.00222  L_total=0.00588  L_val=0.00024  patience=2/30  (50.6s)
  [PINN (blind)] epoch   9000  L_data=0.00261  L_phys=0.00023  L_ic=0.00219  L_total=0.00555  L_val=0.00020  patience=0/30  (56.8s)
  [PINN (blind)] epoch  10000  L_data=0.00260  L_phys=0.00113  L_ic=0.00175  L_total=0.00570  L_val=0.00017  patience=2/30  (63.0s)
  [PINN (blind)] epoch  11000  L_data=0.00264  L_phys=0.00018  L_ic=0.00212  L_total=0.00545  L_val=0.00020  patience=5/30  (68.2s)
  [PINN (blind)] epoch  12000  L_data=0.00254  L_phys=0.00012  L_ic=0.00159  L_total=0.00464  L_val=0.00014  patience=8/30  (74.3s)
  [PINN (blind)] epoch  13000  L_data=0.00254  L_phys=0.00016  L_ic=0.00158  L_total=0.00465  L_val=0.00013  patience=3/30  (80.5s)
  [PINN (blind)] epoch  14000  L_data=0.00254  L_phys=0.01472  L_ic=0.00149  L_total=0.01612  L_val=0.00011  patience=7/30  (86.7s)
  [PINN (blind)] epoch  15000  L_data=0.00252  L_phys=0.00038  L_ic=0.00134  L_total=0.00452  L_val=0.00010  patience=3/30  (92.9s)
  [PINN (blind)] epoch  16000  L_data=0.00252  L_phys=0.00024  L_ic=0.00121  L_total=0.00423  L_val=0.00010  patience=7/30  (99.0s)
  [PINN (blind)] epoch  17000  L_data=0.00254  L_phys=0.00029  L_ic=0.00132  L_total=0.00443  L_val=0.00012  patience=4/30  (104.1s)
  [PINN (blind)] epoch  18000  L_data=0.00251  L_phys=0.00011  L_ic=0.00115  L_total=0.00404  L_val=0.00009  patience=14/30  (109.0s)
  [PINN (blind)] epoch  19000  L_data=0.00251  L_phys=0.00014  L_ic=0.00103  L_total=0.00393  L_val=0.00009  patience=7/30  (115.1s)
  [PINN (blind)] epoch  20000  L_data=0.00250  L_phys=0.00059  L_ic=0.00106  L_total=0.00430  L_val=0.00008  patience=9/30  (121.3s)
  [PINN (blind)] epoch  21000  L_data=0.00250  L_phys=0.00020  L_ic=0.00096  L_total=0.00386  L_val=0.00008  patience=8/30  (127.5s)
  [PINN (blind)] epoch  22000  L_data=0.00249  L_phys=0.00020  L_ic=0.00099  L_total=0.00390  L_val=0.00008  patience=18/30  (133.6s)
  [PINN (blind)] epoch  23000  L_data=0.00249  L_phys=0.00027  L_ic=0.00099  L_total=0.00396  L_val=0.00008  patience=1/30  (139.7s)
  [PINN (blind)] epoch  24000  L_data=0.00250  L_phys=0.00243  L_ic=0.00091  L_total=0.00557  L_val=0.00008  patience=2/30  (145.1s)
  [PINN (blind)] epoch  25000  L_data=0.00249  L_phys=0.00153  L_ic=0.00090  L_total=0.00484  L_val=0.00007  patience=12/30  (151.3s)
  [PINN (blind)] epoch  26000  L_data=0.00249  L_phys=0.00257  L_ic=0.00092  L_total=0.00569  L_val=0.00008  patience=22/30  (157.5s)

  [PINN (blind)] Early stopping triggered at epoch 26800. Best val loss: 0.000073
  [PINN (blind)] early stop after 26800 epochs in 162.4s  (6.06 ms/epoch)  best val loss: 0.000073

======================================================================
RESULTS SUMMARY  (best-val checkpoint)
======================================================================
  Metric                                 PINN (extended physics) PINN (blind)
  RMSE  (training interval)                    0.0081      0.0084
  RMSE  (extrapolation)                        0.0079      0.0097
  Physics Residual                             0.0271      0.0258
  True nu                                     0.0400
  nu_hat                                      0.0558     0.0565
  --------------------------------------------------------------
Viscosity: 4.0e-02, Nu Hat (blind): 0.0565, Nu Hat (ext phys): 0.0558
Loading precomputed analytic solution snapshots from ./AnalyticBurger/N-wave_5.0e-02_analytic_solution.npz...

Generating observation data for the N-wave initial condition...

======================================================================
Training PINN  (data + physics (normal + extrapolated) + IC loss)
======================================================================
  Parameters: 11954
  [PINN (ext. phy.)] epoch      1  L_data=0.03316  L_phys=0.00001  L_ic=0.05599  L_total=0.10366  L_val=0.02113  patience=0/30  (0.0s)
  [PINN (ext. phy.)] epoch   1000  L_data=0.00552  L_phys=0.00601  L_ic=0.00890  L_total=0.02150  L_val=0.00333  patience=0/30  (6.2s)
  [PINN (ext. phy.)] epoch   2000  L_data=0.00398  L_phys=0.00119  L_ic=0.00680  L_total=0.01349  L_val=0.00174  patience=0/30  (12.0s)
  [PINN (ext. phy.)] epoch   3000  L_data=0.00350  L_phys=0.00048  L_ic=0.00656  L_total=0.01214  L_val=0.00103  patience=1/30  (17.5s)
  [PINN (ext. phy.)] epoch   4000  L_data=0.00303  L_phys=0.00510  L_ic=0.00516  L_total=0.01358  L_val=0.00074  patience=5/30  (23.7s)
  [PINN (ext. phy.)] epoch   5000  L_data=0.00273  L_phys=0.00064  L_ic=0.00409  L_total=0.00839  L_val=0.00037  patience=0/30  (29.9s)
  [PINN (ext. phy.)] epoch   6000  L_data=0.00262  L_phys=0.00093  L_ic=0.00377  L_total=0.00810  L_val=0.00024  patience=2/30  (36.0s)
  [PINN (ext. phy.)] epoch   7000  L_data=0.00270  L_phys=0.00063  L_ic=0.00407  L_total=0.00833  L_val=0.00033  patience=12/30  (42.4s)
  [PINN (ext. phy.)] epoch   8000  L_data=0.00255  L_phys=0.00121  L_ic=0.00385  L_total=0.00835  L_val=0.00021  patience=8/30  (48.4s)
  [PINN (ext. phy.)] epoch   9000  L_data=0.00247  L_phys=0.00093  L_ic=0.00330  L_total=0.00737  L_val=0.00012  patience=0/30  (54.0s)
  [PINN (ext. phy.)] epoch  10000  L_data=0.00243  L_phys=0.00323  L_ic=0.00298  L_total=0.00874  L_val=0.00008  patience=0/30  (60.1s)
  [PINN (ext. phy.)] epoch  11000  L_data=0.00246  L_phys=0.00072  L_ic=0.00305  L_total=0.00687  L_val=0.00010  patience=1/30  (66.3s)
  [PINN (ext. phy.)] epoch  12000  L_data=0.00245  L_phys=0.00780  L_ic=0.00322  L_total=0.01270  L_val=0.00012  patience=1/30  (72.5s)
  [PINN (ext. phy.)] epoch  13000  L_data=0.00242  L_phys=0.00005  L_ic=0.00264  L_total=0.00579  L_val=0.00006  patience=11/30  (78.7s)
  [PINN (ext. phy.)] epoch  14000  L_data=0.00242  L_phys=0.00034  L_ic=0.00261  L_total=0.00597  L_val=0.00007  patience=21/30  (84.6s)

  [PINN (ext. phy.)] Early stopping triggered at epoch 14900. Best val loss: 0.000058
  [PINN (ext. phy.)] early stop after 14900 epochs in 89.5s  (6.01 ms/epoch)  best val loss: 0.000058

======================================================================
Training PINN  (data + physics (only normal region) + IC loss)
======================================================================
  Parameters: 11954
  [PINN (blind)] epoch      1  L_data=0.04292  L_phys=0.00002  L_ic=0.06402  L_total=0.12353  L_val=0.02410  patience=0/30  (0.0s)
  [PINN (blind)] epoch   1000  L_data=0.00631  L_phys=0.00123  L_ic=0.00896  L_total=0.01857  L_val=0.00375  patience=1/30  (6.2s)
  [PINN (blind)] epoch   2000  L_data=0.00420  L_phys=0.00162  L_ic=0.00521  L_total=0.01205  L_val=0.00192  patience=0/30  (12.4s)
  [PINN (blind)] epoch   3000  L_data=0.00326  L_phys=0.00742  L_ic=0.00422  L_total=0.01447  L_val=0.00095  patience=0/30  (18.6s)
  [PINN (blind)] epoch   4000  L_data=0.00302  L_phys=0.00079  L_ic=0.00340  L_total=0.00792  L_val=0.00059  patience=0/30  (24.9s)
  [PINN (blind)] epoch   5000  L_data=0.00285  L_phys=0.00057  L_ic=0.00265  L_total=0.00664  L_val=0.00043  patience=0/30  (30.9s)
  [PINN (blind)] epoch   6000  L_data=0.00269  L_phys=0.00090  L_ic=0.00240  L_total=0.00642  L_val=0.00032  patience=0/30  (34.8s)
  [PINN (blind)] epoch   7000  L_data=0.00266  L_phys=0.00034  L_ic=0.00203  L_total=0.00548  L_val=0.00029  patience=6/30  (41.1s)
  [PINN (blind)] epoch   8000  L_data=0.00259  L_phys=0.00086  L_ic=0.00176  L_total=0.00548  L_val=0.00014  patience=0/30  (47.2s)
  [PINN (blind)] epoch   9000  L_data=0.00257  L_phys=0.00189  L_ic=0.00210  L_total=0.00672  L_val=0.00017  patience=10/30  (53.4s)
  [PINN (blind)] epoch  10000  L_data=0.00254  L_phys=0.00074  L_ic=0.00122  L_total=0.00466  L_val=0.00012  patience=0/30  (59.6s)
  [PINN (blind)] epoch  11000  L_data=0.00255  L_phys=0.00034  L_ic=0.00109  L_total=0.00419  L_val=0.00012  patience=10/30  (65.8s)
  [PINN (blind)] epoch  12000  L_data=0.00256  L_phys=0.00010  L_ic=0.00095  L_total=0.00383  L_val=0.00013  patience=1/30  (71.1s)
  [PINN (blind)] epoch  13000  L_data=0.00253  L_phys=0.00027  L_ic=0.00068  L_total=0.00361  L_val=0.00010  patience=4/30  (77.2s)
  [PINN (blind)] epoch  14000  L_data=0.00251  L_phys=0.00031  L_ic=0.00062  L_total=0.00354  L_val=0.00009  patience=0/30  (83.4s)
  [PINN (blind)] epoch  15000  L_data=0.00252  L_phys=0.00011  L_ic=0.00070  L_total=0.00349  L_val=0.00009  patience=10/30  (89.5s)
  [PINN (blind)] epoch  16000  L_data=0.00252  L_phys=0.00017  L_ic=0.00041  L_total=0.00316  L_val=0.00009  patience=3/30  (95.7s)
  [PINN (blind)] epoch  17000  L_data=0.00252  L_phys=0.00008  L_ic=0.00035  L_total=0.00302  L_val=0.00009  patience=4/30  (101.9s)
  [PINN (blind)] epoch  18000  L_data=0.00250  L_phys=0.00073  L_ic=0.00032  L_total=0.00349  L_val=0.00007  patience=0/30  (107.3s)
  [PINN (blind)] epoch  19000  L_data=0.00250  L_phys=0.00030  L_ic=0.00030  L_total=0.00312  L_val=0.00008  patience=10/30  (113.2s)
  [PINN (blind)] epoch  20000  L_data=0.00250  L_phys=0.00019  L_ic=0.00029  L_total=0.00302  L_val=0.00008  patience=6/30  (119.4s)
  [PINN (blind)] epoch  21000  L_data=0.00250  L_phys=0.00022  L_ic=0.00023  L_total=0.00297  L_val=0.00008  patience=1/30  (125.5s)
  [PINN (blind)] epoch  22000  L_data=0.00250  L_phys=0.00009  L_ic=0.00023  L_total=0.00286  L_val=0.00007  patience=11/30  (131.7s)
  [PINN (blind)] epoch  23000  L_data=0.00249  L_phys=0.00009  L_ic=0.00022  L_total=0.00284  L_val=0.00007  patience=21/30  (137.9s)

  [PINN (blind)] Early stopping triggered at epoch 23900. Best val loss: 0.000067
  [PINN (blind)] early stop after 23900 epochs in 143.1s  (5.99 ms/epoch)  best val loss: 0.000067

======================================================================
RESULTS SUMMARY  (best-val checkpoint)
======================================================================
  Metric                                 PINN (extended physics) PINN (blind)
  RMSE  (training interval)                    0.0071      0.0082
  RMSE  (extrapolation)                        0.0057      0.0103
  Physics Residual                             0.0203      0.0220
  True nu                                     0.0500
  nu_hat                                      0.0637     0.0685
  --------------------------------------------------------------
Viscosity: 5.0e-02, Nu Hat (blind): 0.0685, Nu Hat (ext phys): 0.0637
Loading precomputed analytic solution snapshots from ./AnalyticBurger/N-wave_6.0e-02_analytic_solution.npz...

Generating observation data for the N-wave initial condition...

======================================================================
Training PINN  (data + physics (normal + extrapolated) + IC loss)
======================================================================
  Parameters: 11954
  [PINN (ext. phy.)] epoch      1  L_data=0.03183  L_phys=0.00001  L_ic=0.05599  L_total=0.10232  L_val=0.01984  patience=0/30  (0.0s)
  [PINN (ext. phy.)] epoch   1000  L_data=0.00481  L_phys=0.00579  L_ic=0.00894  L_total=0.02067  L_val=0.00275  patience=1/30  (7.0s)
  [PINN (ext. phy.)] epoch   2000  L_data=0.00358  L_phys=0.00104  L_ic=0.00698  L_total=0.01319  L_val=0.00131  patience=0/30  (13.2s)
  [PINN (ext. phy.)] epoch   3000  L_data=0.00310  L_phys=0.00056  L_ic=0.00626  L_total=0.01143  L_val=0.00074  patience=1/30  (19.4s)
  [PINN (ext. phy.)] epoch   4000  L_data=0.00284  L_phys=0.00483  L_ic=0.00541  L_total=0.01349  L_val=0.00058  patience=5/30  (25.5s)
  [PINN (ext. phy.)] epoch   5000  L_data=0.00257  L_phys=0.00064  L_ic=0.00432  L_total=0.00851  L_val=0.00023  patience=0/30  (31.6s)
  [PINN (ext. phy.)] epoch   6000  L_data=0.00255  L_phys=0.00046  L_ic=0.00458  L_total=0.00868  L_val=0.00028  patience=2/30  (37.5s)
  [PINN (ext. phy.)] epoch   7000  L_data=0.00259  L_phys=0.00057  L_ic=0.00416  L_total=0.00828  L_val=0.00025  patience=12/30  (43.9s)
  [PINN (ext. phy.)] epoch   8000  L_data=0.00248  L_phys=0.00118  L_ic=0.00394  L_total=0.00838  L_val=0.00016  patience=8/30  (50.1s)
  [PINN (ext. phy.)] epoch   9000  L_data=0.00241  L_phys=0.00105  L_ic=0.00343  L_total=0.00756  L_val=0.00009  patience=7/30  (56.3s)
  [PINN (ext. phy.)] epoch  10000  L_data=0.00239  L_phys=0.00365  L_ic=0.00305  L_total=0.00913  L_val=0.00006  patience=0/30  (62.5s)
  [PINN (ext. phy.)] epoch  11000  L_data=0.00241  L_phys=0.00078  L_ic=0.00332  L_total=0.00721  L_val=0.00009  patience=9/30  (68.6s)
  [PINN (ext. phy.)] epoch  12000  L_data=0.00243  L_phys=0.00391  L_ic=0.00340  L_total=0.00981  L_val=0.00011  patience=1/30  (72.5s)
  [PINN (ext. phy.)] epoch  13000  L_data=0.00239  L_phys=0.00006  L_ic=0.00267  L_total=0.00579  L_val=0.00005  patience=11/30  (78.7s)
  [PINN (ext. phy.)] epoch  14000  L_data=0.00239  L_phys=0.00027  L_ic=0.00275  L_total=0.00607  L_val=0.00006  patience=2/30  (84.8s)
  [PINN (ext. phy.)] epoch  15000  L_data=0.00239  L_phys=0.00011  L_ic=0.00283  L_total=0.00605  L_val=0.00006  patience=12/30  (91.0s)
  [PINN (ext. phy.)] epoch  16000  L_data=0.00239  L_phys=0.00262  L_ic=0.00254  L_total=0.00767  L_val=0.00005  patience=3/30  (97.2s)
  [PINN (ext. phy.)] epoch  17000  L_data=0.00239  L_phys=0.00100  L_ic=0.00260  L_total=0.00645  L_val=0.00005  patience=13/30  (103.4s)
  [PINN (ext. phy.)] epoch  18000  L_data=0.00239  L_phys=0.00021  L_ic=0.00250  L_total=0.00570  L_val=0.00005  patience=23/30  (108.7s)

  [PINN (ext. phy.)] Early stopping triggered at epoch 18700. Best val loss: 0.000043
  [PINN (ext. phy.)] early stop after 18700 epochs in 113.0s  (6.04 ms/epoch)  best val loss: 0.000043

======================================================================
Training PINN  (data + physics (only normal region) + IC loss)
======================================================================
  Parameters: 11954
  [PINN (blind)] epoch      1  L_data=0.06156  L_phys=0.00002  L_ic=0.08637  L_total=0.17030  L_val=0.03594  patience=0/30  (0.0s)
  [PINN (blind)] epoch   1000  L_data=0.00495  L_phys=0.00486  L_ic=0.00772  L_total=0.01853  L_val=0.00269  patience=0/30  (6.2s)
  [PINN (blind)] epoch   2000  L_data=0.00455  L_phys=0.00165  L_ic=0.00775  L_total=0.01562  L_val=0.00174  patience=1/30  (12.4s)
  [PINN (blind)] epoch   3000  L_data=0.00318  L_phys=0.00107  L_ic=0.00480  L_total=0.01008  L_val=0.00082  patience=0/30  (19.0s)
  [PINN (blind)] epoch   4000  L_data=0.00286  L_phys=0.02498  L_ic=0.00315  L_total=0.02666  L_val=0.00053  patience=2/30  (25.9s)
  [PINN (blind)] epoch   5000  L_data=0.00266  L_phys=0.01727  L_ic=0.00293  L_total=0.02007  L_val=0.00038  patience=5/30  (31.4s)
  [PINN (blind)] epoch   6000  L_data=0.00255  L_phys=0.00017  L_ic=0.00285  L_total=0.00628  L_val=0.00019  patience=2/30  (38.0s)
  [PINN (blind)] epoch   7000  L_data=0.00251  L_phys=0.00054  L_ic=0.00243  L_total=0.00600  L_val=0.00012  patience=0/30  (44.9s)
  [PINN (blind)] epoch   8000  L_data=0.00253  L_phys=0.00237  L_ic=0.00246  L_total=0.00750  L_val=0.00016  patience=5/30  (52.6s)
  [PINN (blind)] epoch   9000  L_data=0.00257  L_phys=0.00032  L_ic=0.00290  L_total=0.00648  L_val=0.00029  patience=4/30  (59.7s)
  [PINN (blind)] epoch  10000  L_data=0.00249  L_phys=0.00019  L_ic=0.00217  L_total=0.00537  L_val=0.00010  patience=2/30  (66.1s)
  [PINN (blind)] epoch  11000  L_data=0.00246  L_phys=0.00078  L_ic=0.00194  L_total=0.00552  L_val=0.00007  patience=6/30  (72.0s)
  [PINN (blind)] epoch  12000  L_data=0.00247  L_phys=0.00013  L_ic=0.00183  L_total=0.00487  L_val=0.00008  patience=16/30  (78.2s)
  [PINN (blind)] epoch  13000  L_data=0.00244  L_phys=0.00009  L_ic=0.00161  L_total=0.00453  L_val=0.00005  patience=26/30  (84.4s)

  [PINN (blind)] Early stopping triggered at epoch 13400. Best val loss: 0.000050
  [PINN (blind)] early stop after 13400 epochs in 86.8s  (6.48 ms/epoch)  best val loss: 0.000050

======================================================================
RESULTS SUMMARY  (best-val checkpoint)
======================================================================
  Metric                                 PINN (extended physics) PINN (blind)
  RMSE  (training interval)                    0.0059      0.0066
  RMSE  (extrapolation)                        0.0026      0.0075
  Physics Residual                             0.0174      0.0178
  True nu                                     0.0600
  nu_hat                                      0.0666     0.0760
  --------------------------------------------------------------
Viscosity: 6.0e-02, Nu Hat (blind): 0.0760, Nu Hat (ext phys): 0.0666
Loading precomputed analytic solution snapshots from ./AnalyticBurger/N-wave_7.0e-02_analytic_solution.npz...

Generating observation data for the N-wave initial condition...

======================================================================
Training PINN  (data + physics (normal + extrapolated) + IC loss)
======================================================================
  Parameters: 11954
  [PINN (ext. phy.)] epoch      1  L_data=0.03067  L_phys=0.00001  L_ic=0.05599  L_total=0.10117  L_val=0.01871  patience=0/30  (0.0s)
  [PINN (ext. phy.)] epoch   1000  L_data=0.00438  L_phys=0.00596  L_ic=0.00885  L_total=0.02025  L_val=0.00246  patience=1/30  (6.2s)
  [PINN (ext. phy.)] epoch   2000  L_data=0.00328  L_phys=0.00096  L_ic=0.00695  L_total=0.01279  L_val=0.00100  patience=0/30  (11.9s)
  [PINN (ext. phy.)] epoch   3000  L_data=0.00310  L_phys=0.00041  L_ic=0.00672  L_total=0.01189  L_val=0.00067  patience=1/30  (17.6s)
  [PINN (ext. phy.)] epoch   4000  L_data=0.00267  L_phys=0.00545  L_ic=0.00523  L_total=0.01359  L_val=0.00039  patience=5/30  (23.8s)
  [PINN (ext. phy.)] epoch   5000  L_data=0.00250  L_phys=0.00034  L_ic=0.00419  L_total=0.00804  L_val=0.00018  patience=0/30  (30.0s)
  [PINN (ext. phy.)] epoch   6000  L_data=0.00251  L_phys=0.00063  L_ic=0.00385  L_total=0.00785  L_val=0.00020  patience=2/30  (36.2s)
  [PINN (ext. phy.)] epoch   7000  L_data=0.00251  L_phys=0.00059  L_ic=0.00405  L_total=0.00807  L_val=0.00020  patience=1/30  (42.4s)
  [PINN (ext. phy.)] epoch   8000  L_data=0.00244  L_phys=0.00104  L_ic=0.00402  L_total=0.00833  L_val=0.00014  patience=8/30  (48.1s)
  [PINN (ext. phy.)] epoch   9000  L_data=0.00239  L_phys=0.00078  L_ic=0.00336  L_total=0.00723  L_val=0.00007  patience=8/30  (52.4s)
  [PINN (ext. phy.)] epoch  10000  L_data=0.00238  L_phys=0.00367  L_ic=0.00305  L_total=0.00913  L_val=0.00006  patience=7/30  (58.5s)
  [PINN (ext. phy.)] epoch  11000  L_data=0.00240  L_phys=0.00086  L_ic=0.00352  L_total=0.00752  L_val=0.00009  patience=3/30  (64.7s)
  [PINN (ext. phy.)] epoch  12000  L_data=0.00239  L_phys=0.00822  L_ic=0.00335  L_total=0.01314  L_val=0.00008  patience=9/30  (70.9s)
  [PINN (ext. phy.)] epoch  13000  L_data=0.00238  L_phys=0.00004  L_ic=0.00266  L_total=0.00576  L_val=0.00005  patience=6/30  (77.1s)
  [PINN (ext. phy.)] epoch  14000  L_data=0.00238  L_phys=0.00031  L_ic=0.00281  L_total=0.00616  L_val=0.00006  patience=16/30  (83.3s)
  [PINN (ext. phy.)] epoch  15000  L_data=0.00238  L_phys=0.00010  L_ic=0.00290  L_total=0.00612  L_val=0.00006  patience=26/30  (88.4s)

  [PINN (ext. phy.)] Early stopping triggered at epoch 15400. Best val loss: 0.000044
  [PINN (ext. phy.)] early stop after 15400 epochs in 90.9s  (5.90 ms/epoch)  best val loss: 0.000044

======================================================================
Training PINN  (data + physics (only normal region) + IC loss)
======================================================================
  Parameters: 11954
  [PINN (blind)] epoch      1  L_data=0.02521  L_phys=0.00008  L_ic=0.05169  L_total=0.09035  L_val=0.01807  patience=0/30  (0.0s)
  [PINN (blind)] epoch   1000  L_data=0.00469  L_phys=0.00169  L_ic=0.00867  L_total=0.01695  L_val=0.00265  patience=3/30  (6.2s)
  [PINN (blind)] epoch   2000  L_data=0.00356  L_phys=0.01098  L_ic=0.00574  L_total=0.01950  L_val=0.00137  patience=0/30  (12.3s)
  [PINN (blind)] epoch   3000  L_data=0.00310  L_phys=0.00056  L_ic=0.00478  L_total=0.00956  L_val=0.00056  patience=0/30  (18.5s)
  [PINN (blind)] epoch   4000  L_data=0.00286  L_phys=0.00136  L_ic=0.00372  L_total=0.00862  L_val=0.00048  patience=5/30  (25.3s)
  [PINN (blind)] epoch   5000  L_data=0.00266  L_phys=0.00035  L_ic=0.00353  L_total=0.00738  L_val=0.00018  patience=0/30  (31.8s)
  [PINN (blind)] epoch   6000  L_data=0.00258  L_phys=0.00031  L_ic=0.00328  L_total=0.00695  L_val=0.00028  patience=5/30  (37.4s)
  [PINN (blind)] epoch   7000  L_data=0.00246  L_phys=0.00016  L_ic=0.00270  L_total=0.00598  L_val=0.00008  patience=2/30  (43.5s)
  [PINN (blind)] epoch   8000  L_data=0.00243  L_phys=0.00013  L_ic=0.00260  L_total=0.00581  L_val=0.00007  patience=9/30  (49.7s)
  [PINN (blind)] epoch   9000  L_data=0.00247  L_phys=0.00028  L_ic=0.00215  L_total=0.00539  L_val=0.00010  patience=19/30  (55.8s)
  [PINN (blind)] epoch  10000  L_data=0.00244  L_phys=0.00153  L_ic=0.00231  L_total=0.00656  L_val=0.00005  patience=5/30  (62.1s)
  [PINN (blind)] epoch  11000  L_data=0.00241  L_phys=0.00012  L_ic=0.00207  L_total=0.00511  L_val=0.00005  patience=15/30  (68.0s)
  [PINN (blind)] epoch  12000  L_data=0.00241  L_phys=0.00082  L_ic=0.00168  L_total=0.00518  L_val=0.00006  patience=8/30  (73.5s)
  [PINN (blind)] epoch  13000  L_data=0.00241  L_phys=0.00006  L_ic=0.00155  L_total=0.00441  L_val=0.00003  patience=2/30  (79.7s)
  [PINN (blind)] epoch  14000  L_data=0.00241  L_phys=0.00007  L_ic=0.00148  L_total=0.00432  L_val=0.00004  patience=12/30  (85.9s)
  [PINN (blind)] epoch  15000  L_data=0.00240  L_phys=0.01051  L_ic=0.00118  L_total=0.01224  L_val=0.00003  patience=8/30  (92.1s)
  [PINN (blind)] epoch  16000  L_data=0.00239  L_phys=0.00003  L_ic=0.00097  L_total=0.00363  L_val=0.00002  patience=7/30  (98.2s)
  [PINN (blind)] epoch  17000  L_data=0.00239  L_phys=0.00026  L_ic=0.00087  L_total=0.00369  L_val=0.00002  patience=17/30  (104.2s)
  [PINN (blind)] epoch  18000  L_data=0.00239  L_phys=0.00209  L_ic=0.00078  L_total=0.00504  L_val=0.00002  patience=27/30  (109.6s)
  [PINN (blind)] epoch  19000  L_data=0.00240  L_phys=0.00011  L_ic=0.00082  L_total=0.00352  L_val=0.00002  patience=9/30  (115.8s)
  [PINN (blind)] epoch  20000  L_data=0.00239  L_phys=0.00011  L_ic=0.00070  L_total=0.00336  L_val=0.00002  patience=19/30  (122.0s)
  [PINN (blind)] epoch  21000  L_data=0.00239  L_phys=0.00081  L_ic=0.00068  L_total=0.00389  L_val=0.00002  patience=29/30  (128.1s)

  [PINN (blind)] Early stopping triggered at epoch 21100. Best val loss: 0.000016
  [PINN (blind)] early stop after 21100 epochs in 128.7s  (6.10 ms/epoch)  best val loss: 0.000016

======================================================================
RESULTS SUMMARY  (best-val checkpoint)
======================================================================
  Metric                                 PINN (extended physics) PINN (blind)
  RMSE  (training interval)                    0.0059      0.0038
  RMSE  (extrapolation)                        0.0027      0.0040
  Physics Residual                             0.0160      0.0112
  True nu                                     0.0700
  nu_hat                                      0.0722     0.0746
  --------------------------------------------------------------
Viscosity: 7.0e-02, Nu Hat (blind): 0.0746, Nu Hat (ext phys): 0.0722
Loading precomputed analytic solution snapshots from ./AnalyticBurger/N-wave_8.0e-02_analytic_solution.npz...

Generating observation data for the N-wave initial condition...

======================================================================
Training PINN  (data + physics (normal + extrapolated) + IC loss)
======================================================================
  Parameters: 11954
  [PINN (ext. phy.)] epoch      1  L_data=0.02967  L_phys=0.00001  L_ic=0.05599  L_total=0.10016  L_val=0.01773  patience=0/30  (0.0s)
  [PINN (ext. phy.)] epoch   1000  L_data=0.00390  L_phys=0.00583  L_ic=0.00880  L_total=0.01961  L_val=0.00197  patience=1/30  (6.2s)
  [PINN (ext. phy.)] epoch   2000  L_data=0.00305  L_phys=0.00082  L_ic=0.00687  L_total=0.01235  L_val=0.00081  patience=1/30  (10.8s)
  [PINN (ext. phy.)] epoch   3000  L_data=0.00300  L_phys=0.00065  L_ic=0.00720  L_total=0.01258  L_val=0.00063  patience=2/30  (16.1s)
  [PINN (ext. phy.)] epoch   4000  L_data=0.00260  L_phys=0.00531  L_ic=0.00532  L_total=0.01352  L_val=0.00030  patience=1/30  (22.3s)
  [PINN (ext. phy.)] epoch   5000  L_data=0.00246  L_phys=0.00031  L_ic=0.00419  L_total=0.00798  L_val=0.00014  patience=0/30  (28.4s)
  [PINN (ext. phy.)] epoch   6000  L_data=0.00249  L_phys=0.00066  L_ic=0.00394  L_total=0.00798  L_val=0.00017  patience=3/30  (34.6s)
  [PINN (ext. phy.)] epoch   7000  L_data=0.00247  L_phys=0.00059  L_ic=0.00416  L_total=0.00818  L_val=0.00011  patience=9/30  (40.8s)
  [PINN (ext. phy.)] epoch   8000  L_data=0.00242  L_phys=0.00066  L_ic=0.00408  L_total=0.00808  L_val=0.00014  patience=19/30  (46.8s)
  [PINN (ext. phy.)] epoch   9000  L_data=0.00237  L_phys=0.00140  L_ic=0.00361  L_total=0.00803  L_val=0.00008  patience=29/30  (52.8s)
  [PINN (ext. phy.)] epoch  10000  L_data=0.00237  L_phys=0.00380  L_ic=0.00310  L_total=0.00929  L_val=0.00008  patience=7/30  (59.9s)
  [PINN (ext. phy.)] epoch  11000  L_data=0.00238  L_phys=0.00076  L_ic=0.00335  L_total=0.00720  L_val=0.00008  patience=3/30  (66.8s)
  [PINN (ext. phy.)] epoch  12000  L_data=0.00240  L_phys=0.00456  L_ic=0.00328  L_total=0.01015  L_val=0.00008  patience=13/30  (73.7s)
  [PINN (ext. phy.)] epoch  13000  L_data=0.00237  L_phys=0.00004  L_ic=0.00270  L_total=0.00580  L_val=0.00005  patience=3/30  (80.3s)
  [PINN (ext. phy.)] epoch  14000  L_data=0.00237  L_phys=0.00028  L_ic=0.00278  L_total=0.00609  L_val=0.00006  patience=13/30  (85.7s)
  [PINN (ext. phy.)] epoch  15000  L_data=0.00237  L_phys=0.00015  L_ic=0.00290  L_total=0.00615  L_val=0.00006  patience=23/30  (91.9s)

  [PINN (ext. phy.)] Early stopping triggered at epoch 15700. Best val loss: 0.000052
  [PINN (ext. phy.)] early stop after 15700 epochs in 96.2s  (6.13 ms/epoch)  best val loss: 0.000052

======================================================================
Training PINN  (data + physics (only normal region) + IC loss)
======================================================================
  Parameters: 11954
  [PINN (blind)] epoch      1  L_data=0.03278  L_phys=0.00003  L_ic=0.05893  L_total=0.10699  L_val=0.01897  patience=0/30  (0.0s)
  [PINN (blind)] epoch   1000  L_data=0.00416  L_phys=0.00865  L_ic=0.00825  L_total=0.02142  L_val=0.00196  patience=0/30  (6.2s)
  [PINN (blind)] epoch   2000  L_data=0.00321  L_phys=0.00267  L_ic=0.00577  L_total=0.01259  L_val=0.00092  patience=0/30  (12.3s)
  [PINN (blind)] epoch   3000  L_data=0.00263  L_phys=0.00097  L_ic=0.00460  L_total=0.00919  L_val=0.00039  patience=1/30  (18.5s)
  [PINN (blind)] epoch   4000  L_data=0.00257  L_phys=0.00139  L_ic=0.00366  L_total=0.00828  L_val=0.00021  patience=1/30  (23.7s)
  [PINN (blind)] epoch   5000  L_data=0.00282  L_phys=0.00039  L_ic=0.00480  L_total=0.00918  L_val=0.00044  patience=1/30  (29.9s)
  [PINN (blind)] epoch   6000  L_data=0.00247  L_phys=0.00020  L_ic=0.00340  L_total=0.00691  L_val=0.00011  patience=4/30  (36.1s)
  [PINN (blind)] epoch   7000  L_data=0.00239  L_phys=0.02697  L_ic=0.00230  L_total=0.02671  L_val=0.00005  patience=5/30  (42.2s)
  [PINN (blind)] epoch   8000  L_data=0.00239  L_phys=0.01716  L_ic=0.00220  L_total=0.01878  L_val=0.00006  patience=2/30  (49.3s)
  [PINN (blind)] epoch   9000  L_data=0.00239  L_phys=0.00008  L_ic=0.00240  L_total=0.00547  L_val=0.00004  patience=12/30  (56.2s)
  [PINN (blind)] epoch  10000  L_data=0.00242  L_phys=0.00047  L_ic=0.00196  L_total=0.00526  L_val=0.00006  patience=4/30  (61.7s)
  [PINN (blind)] epoch  11000  L_data=0.00239  L_phys=0.00127  L_ic=0.00174  L_total=0.00559  L_val=0.00005  patience=14/30  (68.2s)
  [PINN (blind)] epoch  12000  L_data=0.00241  L_phys=0.00017  L_ic=0.00175  L_total=0.00474  L_val=0.00006  patience=24/30  (74.4s)
  [PINN (blind)] epoch  13000  L_data=0.00239  L_phys=0.00015  L_ic=0.00157  L_total=0.00448  L_val=0.00004  patience=5/30  (80.6s)
  [PINN (blind)] epoch  14000  L_data=0.00240  L_phys=0.00134  L_ic=0.00140  L_total=0.00523  L_val=0.00004  patience=8/30  (86.8s)
  [PINN (blind)] epoch  15000  L_data=0.00238  L_phys=0.00011  L_ic=0.00125  L_total=0.00404  L_val=0.00003  patience=18/30  (92.9s)
  [PINN (blind)] epoch  16000  L_data=0.00239  L_phys=0.00008  L_ic=0.00119  L_total=0.00394  L_val=0.00003  patience=28/30  (97.2s)

  [PINN (blind)] Early stopping triggered at epoch 16200. Best val loss: 0.000022
  [PINN (blind)] early stop after 16200 epochs in 98.0s  (6.05 ms/epoch)  best val loss: 0.000022

======================================================================
RESULTS SUMMARY  (best-val checkpoint)
======================================================================
  Metric                                 PINN (extended physics) PINN (blind)
  RMSE  (training interval)                    0.0066      0.0040
  RMSE  (extrapolation)                        0.0047      0.0071
  Physics Residual                             0.0158      0.0120
  True nu                                     0.0800
  nu_hat                                      0.0754     0.0808
  --------------------------------------------------------------
Viscosity: 8.0e-02, Nu Hat (blind): 0.0808, Nu Hat (ext phys): 0.0754
Loading precomputed analytic solution snapshots from ./AnalyticBurger/N-wave_9.0e-02_analytic_solution.npz...

Generating observation data for the N-wave initial condition...

======================================================================
Training PINN  (data + physics (normal + extrapolated) + IC loss)
======================================================================
  Parameters: 11954
  [PINN (ext. phy.)] epoch      1  L_data=0.02878  L_phys=0.00001  L_ic=0.05599  L_total=0.09927  L_val=0.01686  patience=0/30  (0.0s)
  [PINN (ext. phy.)] epoch   1000  L_data=0.00380  L_phys=0.00593  L_ic=0.00888  L_total=0.01969  L_val=0.00143  patience=0/30  (6.2s)
  [PINN (ext. phy.)] epoch   2000  L_data=0.00292  L_phys=0.00071  L_ic=0.00694  L_total=0.01222  L_val=0.00060  patience=0/30  (12.4s)
  [PINN (ext. phy.)] epoch   3000  L_data=0.00275  L_phys=0.00030  L_ic=0.00667  L_total=0.01139  L_val=0.00037  patience=1/30  (18.6s)
  [PINN (ext. phy.)] epoch   4000  L_data=0.00249  L_phys=0.00609  L_ic=0.00517  L_total=0.01384  L_val=0.00020  patience=5/30  (24.8s)
  [PINN (ext. phy.)] epoch   5000  L_data=0.00244  L_phys=0.00033  L_ic=0.00428  L_total=0.00810  L_val=0.00015  patience=2/30  (30.9s)
  [PINN (ext. phy.)] epoch   6000  L_data=0.00243  L_phys=0.00041  L_ic=0.00410  L_total=0.00791  L_val=0.00015  patience=9/30  (36.2s)
  [PINN (ext. phy.)] epoch   7000  L_data=0.00243  L_phys=0.00066  L_ic=0.00377  L_total=0.00771  L_val=0.00012  patience=9/30  (42.4s)
  [PINN (ext. phy.)] epoch   8000  L_data=0.00241  L_phys=0.00115  L_ic=0.00413  L_total=0.00853  L_val=0.00014  patience=19/30  (48.6s)
  [PINN (ext. phy.)] epoch   9000  L_data=0.00238  L_phys=0.00065  L_ic=0.00379  L_total=0.00767  L_val=0.00010  patience=29/30  (54.7s)

  [PINN (ext. phy.)] Early stopping triggered at epoch 9100. Best val loss: 0.000069
  [PINN (ext. phy.)] early stop after 9100 epochs in 55.4s  (6.08 ms/epoch)  best val loss: 0.000069

======================================================================
Training PINN  (data + physics (only normal region) + IC loss)
======================================================================
  Parameters: 11954
  [PINN (blind)] epoch      1  L_data=0.02311  L_phys=0.00001  L_ic=0.05061  L_total=0.08683  L_val=0.01620  patience=0/30  (0.0s)
  [PINN (blind)] epoch   1000  L_data=0.00399  L_phys=0.00083  L_ic=0.00928  L_total=0.01633  L_val=0.00152  patience=0/30  (6.2s)
  [PINN (blind)] epoch   2000  L_data=0.00322  L_phys=0.00331  L_ic=0.00782  L_total=0.01569  L_val=0.00096  patience=1/30  (12.3s)
  [PINN (blind)] epoch   3000  L_data=0.00262  L_phys=0.00070  L_ic=0.00467  L_total=0.00906  L_val=0.00036  patience=0/30  (17.5s)
  [PINN (blind)] epoch   4000  L_data=0.00245  L_phys=0.00021  L_ic=0.00359  L_total=0.00714  L_val=0.00010  patience=0/30  (23.7s)
  [PINN (blind)] epoch   5000  L_data=0.00244  L_phys=0.00070  L_ic=0.00361  L_total=0.00754  L_val=0.00012  patience=4/30  (29.8s)
  [PINN (blind)] epoch   6000  L_data=0.00240  L_phys=0.00030  L_ic=0.00319  L_total=0.00666  L_val=0.00005  patience=5/30  (36.0s)
  [PINN (blind)] epoch   7000  L_data=0.00238  L_phys=0.00030  L_ic=0.00203  L_total=0.00517  L_val=0.00004  patience=8/30  (42.2s)
  [PINN (blind)] epoch   8000  L_data=0.00246  L_phys=0.00070  L_ic=0.00335  L_total=0.00724  L_val=0.00011  patience=18/30  (48.2s)
  [PINN (blind)] epoch   9000  L_data=0.00238  L_phys=0.00012  L_ic=0.00189  L_total=0.00486  L_val=0.00005  patience=28/30  (53.6s)

  [PINN (blind)] Early stopping triggered at epoch 9200. Best val loss: 0.000036
  [PINN (blind)] early stop after 9200 epochs in 54.8s  (5.96 ms/epoch)  best val loss: 0.000036

======================================================================
RESULTS SUMMARY  (best-val checkpoint)
======================================================================
  Metric                                 PINN (extended physics) PINN (blind)
  RMSE  (training interval)                    0.0076      0.0052
  RMSE  (extrapolation)                        0.0019      0.0079
  Physics Residual                             0.0128      0.0129
  True nu                                     0.0900
  nu_hat                                      0.0916     0.0910
  --------------------------------------------------------------
Viscosity: 9.0e-02, Nu Hat (blind): 0.0910, Nu Hat (ext phys): 0.0916
Loading precomputed analytic solution snapshots from ./AnalyticBurger/N-wave_2.0e+00_analytic_solution.npz...

Generating observation data for the N-wave initial condition...

======================================================================
Training PINN  (data + physics (normal + extrapolated) + IC loss)
======================================================================
  Parameters: 11954
  [PINN (ext. phy.)] epoch      1  L_data=0.01410  L_phys=0.00001  L_ic=0.05599  L_total=0.08460  L_val=0.00256  patience=0/30  (0.0s)
  [PINN (ext. phy.)] epoch   1000  L_data=0.00488  L_phys=0.00588  L_ic=0.00832  L_total=0.02003  L_val=0.00260  patience=1/30  (6.2s)
  [PINN (ext. phy.)] epoch   2000  L_data=0.00454  L_phys=0.00173  L_ic=0.00760  L_total=0.01548  L_val=0.00216  patience=11/30  (12.4s)
  [PINN (ext. phy.)] epoch   3000  L_data=0.00438  L_phys=0.00176  L_ic=0.00623  L_total=0.01362  L_val=0.00223  patience=21/30  (18.6s)

  [PINN (ext. phy.)] Early stopping triggered at epoch 3900. Best val loss: 0.001387
  [PINN (ext. phy.)] early stop after 3900 epochs in 24.2s  (6.20 ms/epoch)  best val loss: 0.001387

======================================================================
Training PINN  (data + physics (only normal region) + IC loss)
======================================================================
  Parameters: 11954
  [PINN (blind)] epoch      1  L_data=0.04958  L_phys=0.00003  L_ic=0.09024  L_total=0.16322  L_val=0.01484  patience=0/30  (0.0s)
  [PINN (blind)] epoch   1000  L_data=0.00470  L_phys=0.00304  L_ic=0.00963  L_total=0.01924  L_val=0.00212  patience=4/30  (5.2s)
  [PINN (blind)] epoch   2000  L_data=0.00510  L_phys=0.01264  L_ic=0.00615  L_total=0.02288  L_val=0.00281  patience=8/30  (11.3s)
  [PINN (blind)] epoch   3000  L_data=0.00440  L_phys=0.00124  L_ic=0.00987  L_total=0.01781  L_val=0.00217  patience=18/30  (18.1s)
  [PINN (blind)] epoch   4000  L_data=0.00505  L_phys=0.01597  L_ic=0.00516  L_total=0.02423  L_val=0.00293  patience=28/30  (24.7s)

  [PINN (blind)] Early stopping triggered at epoch 4200. Best val loss: 0.002020
  [PINN (blind)] early stop after 4200 epochs in 26.1s  (6.20 ms/epoch)  best val loss: 0.002020

======================================================================
RESULTS SUMMARY  (best-val checkpoint)
======================================================================
  Metric                                 PINN (extended physics) PINN (blind)
  RMSE  (training interval)                    0.0371      0.0450
  RMSE  (extrapolation)                        0.0155      0.0186
  Physics Residual                             0.3951      0.4540
  True nu                                     2.0000
  nu_hat                                      0.2590     0.2492
  --------------------------------------------------------------
Viscosity: 2.0e+00, Nu Hat (blind): 0.2492, Nu Hat (ext phys): 0.2590
Loading precomputed analytic solution snapshots from ./AnalyticBurger/N-wave_3.0e+00_analytic_solution.npz...

Generating observation data for the N-wave initial condition...

======================================================================
Training PINN  (data + physics (normal + extrapolated) + IC loss)
======================================================================
  Parameters: 11954
  [PINN (ext. phy.)] epoch      1  L_data=0.01354  L_phys=0.00001  L_ic=0.05599  L_total=0.08403  L_val=0.00218  patience=0/30  (0.0s)
  [PINN (ext. phy.)] epoch   1000  L_data=0.00522  L_phys=0.00609  L_ic=0.00837  L_total=0.02060  L_val=0.00298  patience=1/30  (6.6s)
  [PINN (ext. phy.)] epoch   2000  L_data=0.00490  L_phys=0.00161  L_ic=0.00758  L_total=0.01573  L_val=0.00272  patience=11/30  (11.3s)
  [PINN (ext. phy.)] epoch   3000  L_data=0.00485  L_phys=0.00187  L_ic=0.00640  L_total=0.01440  L_val=0.00269  patience=21/30  (16.5s)

  [PINN (ext. phy.)] Early stopping triggered at epoch 3900. Best val loss: 0.001606
  [PINN (ext. phy.)] early stop after 3900 epochs in 22.1s  (5.66 ms/epoch)  best val loss: 0.001606

======================================================================
Training PINN  (data + physics (only normal region) + IC loss)
======================================================================
  Parameters: 11954
  [PINN (blind)] epoch      1  L_data=0.04915  L_phys=0.00003  L_ic=0.09024  L_total=0.16279  L_val=0.01446  patience=0/30  (0.0s)
  [PINN (blind)] epoch   1000  L_data=0.00513  L_phys=0.00326  L_ic=0.00977  L_total=0.02002  L_val=0.00250  patience=1/30  (6.2s)
  [PINN (blind)] epoch   2000  L_data=0.00545  L_phys=0.01297  L_ic=0.00629  L_total=0.02367  L_val=0.00312  patience=8/30  (12.3s)
  [PINN (blind)] epoch   3000  L_data=0.00469  L_phys=0.00077  L_ic=0.01077  L_total=0.01886  L_val=0.00244  patience=18/30  (18.6s)
  [PINN (blind)] epoch   4000  L_data=0.00542  L_phys=0.01482  L_ic=0.00538  L_total=0.02397  L_val=0.00334  patience=28/30  (24.7s)

  [PINN (blind)] Early stopping triggered at epoch 4200. Best val loss: 0.002357
  [PINN (blind)] early stop after 4200 epochs in 25.8s  (6.15 ms/epoch)  best val loss: 0.002357

======================================================================
RESULTS SUMMARY  (best-val checkpoint)
======================================================================
  Metric                                 PINN (extended physics) PINN (blind)
  RMSE  (training interval)                    0.0400      0.0487
  RMSE  (extrapolation)                        0.0150      0.0193
  Physics Residual                             0.6085      0.6978
  True nu                                     3.0000
  nu_hat                                      0.2595     0.2496
  --------------------------------------------------------------
Viscosity: 3.0e+00, Nu Hat (blind): 0.2496, Nu Hat (ext phys): 0.2595
Loading precomputed analytic solution snapshots from ./AnalyticBurger/N-wave_4.0e+00_analytic_solution.npz...

Generating observation data for the N-wave initial condition...

======================================================================
Training PINN  (data + physics (normal + extrapolated) + IC loss)
======================================================================
  Parameters: 11954
  [PINN (ext. phy.)] epoch      1  L_data=0.01322  L_phys=0.00001  L_ic=0.05599  L_total=0.08371  L_val=0.00199  patience=0/30  (0.0s)
  [PINN (ext. phy.)] epoch   1000  L_data=0.00547  L_phys=0.00633  L_ic=0.00836  L_total=0.02102  L_val=0.00323  patience=1/30  (6.2s)
  [PINN (ext. phy.)] epoch   2000  L_data=0.00508  L_phys=0.00148  L_ic=0.00747  L_total=0.01567  L_val=0.00294  patience=11/30  (12.4s)
  [PINN (ext. phy.)] epoch   3000  L_data=0.00496  L_phys=0.00184  L_ic=0.00682  L_total=0.01502  L_val=0.00295  patience=21/30  (18.8s)

  [PINN (ext. phy.)] Early stopping triggered at epoch 3900. Best val loss: 0.001732
  [PINN (ext. phy.)] early stop after 3900 epochs in 25.9s  (6.63 ms/epoch)  best val loss: 0.001732

======================================================================
Training PINN  (data + physics (only normal region) + IC loss)
======================================================================
  Parameters: 11954
  [PINN (blind)] epoch      1  L_data=0.04893  L_phys=0.00003  L_ic=0.09024  L_total=0.16257  L_val=0.01427  patience=0/30  (0.0s)
  [PINN (blind)] epoch   1000  L_data=0.00540  L_phys=0.00316  L_ic=0.00976  L_total=0.02020  L_val=0.00304  patience=1/30  (6.5s)
  [PINN (blind)] epoch   2000  L_data=0.00567  L_phys=0.01329  L_ic=0.00654  L_total=0.02446  L_val=0.00331  patience=8/30  (11.8s)
  [PINN (blind)] epoch   3000  L_data=0.00484  L_phys=0.00080  L_ic=0.01064  L_total=0.01887  L_val=0.00261  patience=18/30  (18.0s)
  [PINN (blind)] epoch   4000  L_data=0.00562  L_phys=0.01534  L_ic=0.00564  L_total=0.02491  L_val=0.00358  patience=28/30  (24.2s)

  [PINN (blind)] Early stopping triggered at epoch 4200. Best val loss: 0.002534
  [PINN (blind)] early stop after 4200 epochs in 25.5s  (6.07 ms/epoch)  best val loss: 0.002534

======================================================================
RESULTS SUMMARY  (best-val checkpoint)
======================================================================
  Metric                                 PINN (extended physics) PINN (blind)
  RMSE  (training interval)                    0.0416      0.0505
  RMSE  (extrapolation)                        0.0153      0.0190
  Physics Residual                             0.8215      0.9665
  True nu                                     4.0000
  nu_hat                                      0.2595     0.2476
  --------------------------------------------------------------
Viscosity: 4.0e+00, Nu Hat (blind): 0.2476, Nu Hat (ext phys): 0.2595
Loading precomputed analytic solution snapshots from ./AnalyticBurger/N-wave_5.0e+00_analytic_solution.npz...

Generating observation data for the N-wave initial condition...

======================================================================
Training PINN  (data + physics (normal + extrapolated) + IC loss)
======================================================================
  Parameters: 11954
  [PINN (ext. phy.)] epoch      1  L_data=0.01301  L_phys=0.00001  L_ic=0.05599  L_total=0.08351  L_val=0.00188  patience=0/30  (0.0s)
  [PINN (ext. phy.)] epoch   1000  L_data=0.00564  L_phys=0.00666  L_ic=0.00831  L_total=0.02139  L_val=0.00339  patience=1/30  (6.2s)
  [PINN (ext. phy.)] epoch   2000  L_data=0.00526  L_phys=0.00143  L_ic=0.00753  L_total=0.01587  L_val=0.00314  patience=11/30  (12.3s)
  [PINN (ext. phy.)] epoch   3000  L_data=0.00495  L_phys=0.00175  L_ic=0.00672  L_total=0.01479  L_val=0.00285  patience=21/30  (17.6s)

  [PINN (ext. phy.)] Early stopping triggered at epoch 3900. Best val loss: 0.001803
  [PINN (ext. phy.)] early stop after 3900 epochs in 23.1s  (5.93 ms/epoch)  best val loss: 0.001803

======================================================================
Training PINN  (data + physics (only normal region) + IC loss)
======================================================================
  Parameters: 11954
  [PINN (blind)] epoch      1  L_data=0.04880  L_phys=0.00003  L_ic=0.09024  L_total=0.16243  L_val=0.01415  patience=0/30  (0.0s)
  [PINN (blind)] epoch   1000  L_data=0.00562  L_phys=0.00326  L_ic=0.00930  L_total=0.01992  L_val=0.00330  patience=1/30  (6.2s)
  [PINN (blind)] epoch   2000  L_data=0.00586  L_phys=0.01278  L_ic=0.00657  L_total=0.02428  L_val=0.00347  patience=8/30  (12.4s)
  [PINN (blind)] epoch   3000  L_data=0.00487  L_phys=0.00086  L_ic=0.01106  L_total=0.01948  L_val=0.00268  patience=18/30  (18.5s)
  [PINN (blind)] epoch   4000  L_data=0.00576  L_phys=0.01602  L_ic=0.00573  L_total=0.02569  L_val=0.00375  patience=28/30  (24.7s)

  [PINN (blind)] Early stopping triggered at epoch 4200. Best val loss: 0.002669
  [PINN (blind)] early stop after 4200 epochs in 25.8s  (6.15 ms/epoch)  best val loss: 0.002669

======================================================================
RESULTS SUMMARY  (best-val checkpoint)
======================================================================
  Metric                                 PINN (extended physics) PINN (blind)
  RMSE  (training interval)                    0.0425      0.0519
  RMSE  (extrapolation)                        0.0158      0.0187
  Physics Residual                             1.0250      1.2147
  True nu                                     5.0000
  nu_hat                                      0.2593     0.2467
  --------------------------------------------------------------
Viscosity: 5.0e+00, Nu Hat (blind): 0.2467, Nu Hat (ext phys): 0.2593
Loading precomputed analytic solution snapshots from ./AnalyticBurger/N-wave_6.0e+00_analytic_solution.npz...

Generating observation data for the N-wave initial condition...

======================================================================
Training PINN  (data + physics (normal + extrapolated) + IC loss)
======================================================================
  Parameters: 11954
  [PINN (ext. phy.)] epoch      1  L_data=0.01287  L_phys=0.00001  L_ic=0.05599  L_total=0.08337  L_val=0.00180  patience=0/30  (0.0s)
  [PINN (ext. phy.)] epoch   1000  L_data=0.00578  L_phys=0.00688  L_ic=0.00827  L_total=0.02166  L_val=0.00354  patience=10/30  (6.0s)
  [PINN (ext. phy.)] epoch   2000  L_data=0.00531  L_phys=0.00173  L_ic=0.00763  L_total=0.01629  L_val=0.00313  patience=20/30  (12.1s)
  [PINN (ext. phy.)] epoch   3000  L_data=0.00515  L_phys=0.00182  L_ic=0.00682  L_total=0.01519  L_val=0.00317  patience=30/30  (18.3s)

  [PINN (ext. phy.)] Early stopping triggered at epoch 3000. Best val loss: 0.001799
  [PINN (ext. phy.)] early stop after 3000 epochs in 18.3s  (6.10 ms/epoch)  best val loss: 0.001799

======================================================================
Training PINN  (data + physics (only normal region) + IC loss)
======================================================================
  Parameters: 11954
  [PINN (blind)] epoch      1  L_data=0.00671  L_phys=0.00022  L_ic=0.04782  L_total=0.06708  L_val=0.00288  patience=0/30  (0.0s)
  [PINN (blind)] epoch   1000  L_data=0.00556  L_phys=0.00225  L_ic=0.00946  L_total=0.01926  L_val=0.00338  patience=10/30  (6.6s)
  [PINN (blind)] epoch   2000  L_data=0.00570  L_phys=0.00178  L_ic=0.00764  L_total=0.01673  L_val=0.00358  patience=20/30  (14.3s)
  [PINN (blind)] epoch   3000  L_data=0.00577  L_phys=0.00160  L_ic=0.00668  L_total=0.01545  L_val=0.00366  patience=8/30  (18.8s)
  [PINN (blind)] epoch   4000  L_data=0.00586  L_phys=0.00204  L_ic=0.00495  L_total=0.01372  L_val=0.00365  patience=18/30  (24.5s)
  [PINN (blind)] epoch   5000  L_data=0.00589  L_phys=0.00349  L_ic=0.00501  L_total=0.01496  L_val=0.00384  patience=28/30  (30.7s)

  [PINN (blind)] Early stopping triggered at epoch 5200. Best val loss: 0.002511
  [PINN (blind)] early stop after 5200 epochs in 31.9s  (6.14 ms/epoch)  best val loss: 0.002511

======================================================================
RESULTS SUMMARY  (best-val checkpoint)
======================================================================
  Metric                                 PINN (extended physics) PINN (blind)
  RMSE  (training interval)                    0.0416      0.0504
  RMSE  (extrapolation)                        0.0308      0.0169
  Physics Residual                             0.0258      1.6872
  True nu                                     6.0000
  nu_hat                                      0.3299     0.2325
  --------------------------------------------------------------
Viscosity: 6.0e+00, Nu Hat (blind): 0.2325, Nu Hat (ext phys): 0.3299
Loading precomputed analytic solution snapshots from ./AnalyticBurger/N-wave_7.0e+00_analytic_solution.npz...

Generating observation data for the N-wave initial condition...

======================================================================
Training PINN  (data + physics (normal + extrapolated) + IC loss)
======================================================================
  Parameters: 11954
  [PINN (ext. phy.)] epoch      1  L_data=0.01277  L_phys=0.00001  L_ic=0.05599  L_total=0.08327  L_val=0.00175  patience=0/30  (0.0s)
  [PINN (ext. phy.)] epoch   1000  L_data=0.00585  L_phys=0.00684  L_ic=0.00831  L_total=0.02174  L_val=0.00362  patience=10/30  (6.2s)
  [PINN (ext. phy.)] epoch   2000  L_data=0.00528  L_phys=0.00157  L_ic=0.00779  L_total=0.01634  L_val=0.00306  patience=20/30  (12.4s)
  [PINN (ext. phy.)] epoch   3000  L_data=0.00520  L_phys=0.00163  L_ic=0.00685  L_total=0.01512  L_val=0.00315  patience=30/30  (18.4s)

  [PINN (ext. phy.)] Early stopping triggered at epoch 3000. Best val loss: 0.001752
  [PINN (ext. phy.)] early stop after 3000 epochs in 18.4s  (6.13 ms/epoch)  best val loss: 0.001752

======================================================================
Training PINN  (data + physics (only normal region) + IC loss)
======================================================================
  Parameters: 11954
  [PINN (blind)] epoch      1  L_data=0.00662  L_phys=0.00022  L_ic=0.04782  L_total=0.06700  L_val=0.00286  patience=0/30  (0.0s)
  [PINN (blind)] epoch   1000  L_data=0.00554  L_phys=0.00228  L_ic=0.00970  L_total=0.01956  L_val=0.00339  patience=10/30  (5.4s)
  [PINN (blind)] epoch   2000  L_data=0.00582  L_phys=0.00183  L_ic=0.00785  L_total=0.01716  L_val=0.00370  patience=20/30  (11.6s)
  [PINN (blind)] epoch   3000  L_data=0.00576  L_phys=0.00178  L_ic=0.00684  L_total=0.01578  L_val=0.00365  patience=8/30  (17.7s)
  [PINN (blind)] epoch   4000  L_data=0.00594  L_phys=0.00212  L_ic=0.00499  L_total=0.01391  L_val=0.00376  patience=18/30  (23.9s)
  [PINN (blind)] epoch   5000  L_data=0.00595  L_phys=0.00382  L_ic=0.00496  L_total=0.01524  L_val=0.00393  patience=28/30  (30.1s)

  [PINN (blind)] Early stopping triggered at epoch 5200. Best val loss: 0.002582
  [PINN (blind)] early stop after 5200 epochs in 31.3s  (6.02 ms/epoch)  best val loss: 0.002582

======================================================================
RESULTS SUMMARY  (best-val checkpoint)
======================================================================
  Metric                                 PINN (extended physics) PINN (blind)
  RMSE  (training interval)                    0.0410      0.0511
  RMSE  (extrapolation)                        0.0310      0.0182
  Physics Residual                             0.0304      1.9840
  True nu                                     7.0000
  nu_hat                                      0.3299     0.2326
  --------------------------------------------------------------
Viscosity: 7.0e+00, Nu Hat (blind): 0.2326, Nu Hat (ext phys): 0.3299
Loading precomputed analytic solution snapshots from ./AnalyticBurger/N-wave_8.0e+00_analytic_solution.npz...

Generating observation data for the N-wave initial condition...

======================================================================
Training PINN  (data + physics (normal + extrapolated) + IC loss)
======================================================================
  Parameters: 11954
  [PINN (ext. phy.)] epoch      1  L_data=0.01270  L_phys=0.00001  L_ic=0.05599  L_total=0.08319  L_val=0.00172  patience=0/30  (0.0s)
  [PINN (ext. phy.)] epoch   1000  L_data=0.00594  L_phys=0.00684  L_ic=0.00825  L_total=0.02176  L_val=0.00370  patience=10/30  (5.2s)
  [PINN (ext. phy.)] epoch   2000  L_data=0.00542  L_phys=0.00196  L_ic=0.00748  L_total=0.01640  L_val=0.00327  patience=20/30  (11.3s)
  [PINN (ext. phy.)] epoch   3000  L_data=0.00551  L_phys=0.00177  L_ic=0.00747  L_total=0.01632  L_val=0.00342  patience=30/30  (17.5s)

  [PINN (ext. phy.)] Early stopping triggered at epoch 3000. Best val loss: 0.001720
  [PINN (ext. phy.)] early stop after 3000 epochs in 17.5s  (5.83 ms/epoch)  best val loss: 0.001720

======================================================================
Training PINN  (data + physics (only normal region) + IC loss)
======================================================================
  Parameters: 11954
  [PINN (blind)] epoch      1  L_data=0.00656  L_phys=0.00022  L_ic=0.04782  L_total=0.06693  L_val=0.00282  patience=0/30  (0.0s)
  [PINN (blind)] epoch   1000  L_data=0.00563  L_phys=0.00219  L_ic=0.01080  L_total=0.02097  L_val=0.00343  patience=10/30  (6.2s)
  [PINN (blind)] epoch   2000  L_data=0.00591  L_phys=0.00171  L_ic=0.00809  L_total=0.01745  L_val=0.00379  patience=20/30  (12.4s)
  [PINN (blind)] epoch   3000  L_data=0.00580  L_phys=0.00192  L_ic=0.00692  L_total=0.01604  L_val=0.00376  patience=8/30  (18.5s)
  [PINN (blind)] epoch   4000  L_data=0.00599  L_phys=0.00202  L_ic=0.00519  L_total=0.01413  L_val=0.00380  patience=18/30  (23.8s)
  [PINN (blind)] epoch   5000  L_data=0.00596  L_phys=0.00401  L_ic=0.00501  L_total=0.01545  L_val=0.00395  patience=28/30  (30.0s)

  [PINN (blind)] Early stopping triggered at epoch 5200. Best val loss: 0.002693
  [PINN (blind)] early stop after 5200 epochs in 31.3s  (6.01 ms/epoch)  best val loss: 0.002693

======================================================================
RESULTS SUMMARY  (best-val checkpoint)
======================================================================
  Metric                                 PINN (extended physics) PINN (blind)
  RMSE  (training interval)                    0.0406      0.0522
  RMSE  (extrapolation)                        0.0311      0.0179
  Physics Residual                             0.0350      2.2954
  True nu                                     8.0000
  nu_hat                                      0.3299     0.2314
  --------------------------------------------------------------
Viscosity: 8.0e+00, Nu Hat (blind): 0.2314, Nu Hat (ext phys): 0.3299
Loading precomputed analytic solution snapshots from ./AnalyticBurger/N-wave_9.0e+00_analytic_solution.npz...

Generating observation data for the N-wave initial condition...

======================================================================
Training PINN  (data + physics (normal + extrapolated) + IC loss)
======================================================================
  Parameters: 11954
  [PINN (ext. phy.)] epoch      1  L_data=0.01264  L_phys=0.00001  L_ic=0.05599  L_total=0.08314  L_val=0.00169  patience=0/30  (0.0s)
  [PINN (ext. phy.)] epoch   1000  L_data=0.00604  L_phys=0.00701  L_ic=0.00823  L_total=0.02197  L_val=0.00379  patience=10/30  (6.2s)
  [PINN (ext. phy.)] epoch   2000  L_data=0.00546  L_phys=0.00174  L_ic=0.00774  L_total=0.01659  L_val=0.00330  patience=20/30  (12.4s)
  [PINN (ext. phy.)] epoch   3000  L_data=0.00516  L_phys=0.00186  L_ic=0.00737  L_total=0.01593  L_val=0.00315  patience=30/30  (18.5s)

  [PINN (ext. phy.)] Early stopping triggered at epoch 3000. Best val loss: 0.001694
  [PINN (ext. phy.)] early stop after 3000 epochs in 18.5s  (6.18 ms/epoch)  best val loss: 0.001694

======================================================================
Training PINN  (data + physics (only normal region) + IC loss)
======================================================================
  Parameters: 11954
  [PINN (blind)] epoch      1  L_data=0.00651  L_phys=0.00022  L_ic=0.04782  L_total=0.06689  L_val=0.00282  patience=0/30  (0.0s)
  [PINN (blind)] epoch   1000  L_data=0.00572  L_phys=0.00239  L_ic=0.00953  L_total=0.01962  L_val=0.00347  patience=10/30  (5.6s)
  [PINN (blind)] epoch   2000  L_data=0.00594  L_phys=0.00170  L_ic=0.00783  L_total=0.01715  L_val=0.00382  patience=20/30  (11.4s)
  [PINN (blind)] epoch   3000  L_data=0.00597  L_phys=0.00202  L_ic=0.00676  L_total=0.01607  L_val=0.00387  patience=8/30  (17.6s)
  [PINN (blind)] epoch   4000  L_data=0.00613  L_phys=0.00205  L_ic=0.00487  L_total=0.01389  L_val=0.00395  patience=18/30  (23.7s)
  [PINN (blind)] epoch   5000  L_data=0.00607  L_phys=0.00412  L_ic=0.00502  L_total=0.01566  L_val=0.00403  patience=28/30  (29.9s)

  [PINN (blind)] Early stopping triggered at epoch 5200. Best val loss: 0.002723
  [PINN (blind)] early stop after 5200 epochs in 31.1s  (5.98 ms/epoch)  best val loss: 0.002723

======================================================================
RESULTS SUMMARY  (best-val checkpoint)
======================================================================
  Metric                                 PINN (extended physics) PINN (blind)
  RMSE  (training interval)                    0.0403      0.0525
  RMSE  (extrapolation)                        0.0312      0.0200
  Physics Residual                             0.0396      2.5792
  True nu                                     9.0000
  nu_hat                                      0.3299     0.2293
  --------------------------------------------------------------
Viscosity: 9.0e+00, Nu Hat (blind): 0.2293, Nu Hat (ext phys): 0.3299
