run,zeta_true,zeta_pred,omega_0_true,omega_0_pred,abs_error_zeta,rel_error_zeta_pct,abs_error_omega_0,rel_error_omega_0_pct,best_val_loss,damped_case
1,1.0,0.9682941436767578,2.195791192095637,2.1751718521118164,0.03170585632324219,3.1705856323242188,0.020619339983820595,0.9390391972627298,5.1756983339146245e-06,critically_damped
2,0.9412559697933223,0.9272913932800293,1.591249200910941,1.5889108180999756,0.01396457651329297,1.4836109370290915,0.0023383828109653226,0.1469526463627866,4.058368631376652e-06,underdamped
3,1.8761122398929615,1.6704576015472412,0.5211786722721677,0.4593283534049988,0.2056546383457203,10.961744930434095,0.06185031886716896,11.867392538823951,8.216651622205973e-06,overdamped
4,0.7109636404426565,0.7059757113456726,3.9092234098429435,3.000812530517578,0.0049879290969838674,0.7015730219168885,0.9084108793253654,23.237630191155066,7.197167724370956e-05,underdamped
5,1.4019706739511377,1.328933596611023,1.4960077764081776,1.4301718473434448,0.07303707734011478,5.209600935109168,0.06583592906473279,4.400774521560362,1.060855902323965e-05,overdamped
6,0.8857050242111864,0.7949961423873901,3.9693839739126986,2.950096368789673,0.09070888182379622,10.241432457107493,1.0192876051230257,25.678735335808145,7.193149940576404e-05,underdamped
7,1.8309807446731232,1.6576396226882935,0.3980633052889766,0.378389835357666,0.17334112198482976,9.46711878260498,0.019673469931310583,4.942296782927153,2.0274849248380633e-06,overdamped
8,1.1042437553420554,0.8952853083610535,3.591291150906078,2.3280999660491943,0.20895844698100197,18.923217448150666,1.2631911848568835,35.17373367342222,5.098437759443186e-05,overdamped
9,0.2897621708449739,0.30152764916419983,0.7077978447786131,0.700807511806488,0.01176547831922592,4.060391418561184,0.006990332972125035,0.987617159856073,2.3694097762927413e-05,underdamped
10,1.158436373461796,1.1235228776931763,1.7234546713690706,1.7107242345809937,0.034913495768619685,3.013846644359626,0.012730436788076949,0.7386580569574365,1.38971590786241e-05,overdamped
11,1.0,1.0459593534469604,0.4141092131002158,0.42707979679107666,0.04595935344696045,4.595935344696045,0.012970583690860849,3.132164965313613,2.9838258797099115e-06,critically_damped
12,0.52757013716155,0.5355794429779053,3.1641070964522804,3.2755777835845947,0.008009305816355283,1.5181499581168887,0.11147068713231434,3.5229745307072444,2.4471417418681085e-05,underdamped
13,0.6896612185261433,0.6855785846710205,3.6321185582595144,3.7586398124694824,0.0040826338551227526,0.5919767192140571,0.12652125420996807,3.4834010008361664,3.4587130357977e-05,underdamped
14,0.40844063525822355,0.44972994923591614,3.534897554751696,3.081249952316284,0.04128931397769259,10.109012280717058,0.4536476024354119,12.833401687288154,0.00010028378892457113,underdamped
15,1.4382900686937183,1.3065084218978882,2.4959808332306097,2.313988208770752,0.13178164679583015,9.162383142610217,0.18199262445985775,7.291427163096449,2.9149585316190496e-05,overdamped
16,0.8693637410805305,0.8797038793563843,1.0251351922961442,1.0216760635375977,0.010340138275853783,1.1893914810620057,0.0034591287585465924,0.337431470945669,2.5801159608818125e-06,underdamped
17,0.7132195606230263,0.6833844780921936,3.6436405405698795,2.8106980323791504,0.02983508253083267,4.183155395341444,0.8329425081907291,22.86017237201049,4.045074820169248e-05,underdamped
18,0.6459253488676673,0.6410714983940125,0.5329565328330264,0.525572657585144,0.0048538504736548305,0.7514568799883489,0.00738387524788231,1.385455434542099,9.912469067785423e-06,underdamped
19,0.5671229554972448,0.5765863060951233,2.5465724023522656,2.604884386062622,0.009463350597878506,1.6686594161192405,0.05831198371035651,2.289822337526858,1.189670820167521e-05,underdamped
20,0.1128165766239906,0.1150502860546112,1.418156253981225,1.426430344581604,0.002233709430620609,1.9799478919355968,0.008274090600379091,0.5834399825231552,4.803813135367818e-05,underdamped
21,1.851557240249302,1.24537992477417,3.7842117167201392,2.4974963665008545,0.606177315475132,32.73878345740548,1.2867153502192847,34.00220300925736,8.712118142284453e-05,overdamped
22,1.8740982010342506,1.5459836721420288,2.505070047542476,2.0979347229003906,0.3281145288922218,17.507862112622842,0.40713532464208546,16.25245270252995,7.169786840677261e-05,overdamped
23,0.3707194800088717,0.3781649172306061,1.6454313125933118,1.6651521921157837,0.007445437221734352,2.0083749636129653,0.019720879522471924,1.1985234127695354,6.49179273750633e-05,underdamped
24,0.12704606030500262,0.1367221474647522,3.885564042105883,3.882688045501709,0.009676087159749575,7.616204025941419,0.002875996604173814,0.07401748042261305,0.00010136465425603092,underdamped
25,1.950750477698553,1.5497907400131226,3.063062847904738,2.466320276260376,0.40095973768543036,20.55412736120269,0.596742571644362,19.481891207441553,7.804040797054768e-05,overdamped
26,1.4549892043781338,1.0303928852081299,3.7330212080136196,2.470547914505005,0.42459631917000396,29.182094127734615,1.2624732935086147,33.81907637702359,0.00011616194387897849,overdamped
27,0.584035710012435,0.5650357604026794,1.3808993984643574,1.4061970710754395,0.018999949609755595,3.2532171036855018,0.025297672611082067,1.8319707169989783,7.405816631944617e-06,underdamped
28,0.9042744038490269,0.9071314930915833,1.0522981006256968,1.0567841529846191,0.0028570892425563432,0.3159537890705738,0.004486052358922299,0.42631003099358356,4.729949978354853e-06,underdamped
29,1.7235756036821381,1.5816726684570312,1.2686918275904442,1.1640383005142212,0.14190293522510689,8.233055452975455,0.104653527076223,8.248932073203752,2.323269836779218e-05,overdamped
30,1.5875653941937347,1.38083815574646,2.4266370011481233,2.141767978668213,0.2067272384472747,13.021651845230839,0.2848690224799104,11.739251579248537,5.267647793516517e-05,overdamped
31,0.5389980218218218,0.528495192527771,0.8404974267804615,0.8539643883705139,0.010502829294050775,1.948584014937763,0.01346696159005245,1.6022608946749377,2.0277262592571788e-05,underdamped
32,0.8639678980064652,0.8730579018592834,0.4780898952800247,0.47750160098075867,0.009090003852818218,1.052122870976185,0.0005882942992660456,0.12305097954882992,6.594772003154503e-06,underdamped
33,1.3247542873616047,1.2088139057159424,2.2492735715234837,2.087642192840576,0.11594038164566234,8.751840454622757,0.16163137868290756,7.185936861092045,2.8050564651493914e-05,overdamped
34,0.24967605978091487,0.2556154429912567,0.7164502743485607,0.716367244720459,0.005939383210341848,2.378835686350355,8.302962810169401e-05,0.011589028725990718,3.7776062526972964e-05,underdamped
35,0.04583032665409377,0.04685584828257561,2.73568045577854,2.726991653442383,0.0010255216284818375,2.2376485252265454,0.00868880233615732,0.31761027929282026,2.196857712988276e-05,underdamped
36,1.0683831456198636,1.0103657245635986,0.5273531767381455,0.5278018712997437,0.05801742105626495,5.430394638302152,0.0004486945615981286,0.08508426257588006,1.0246578767691972e-06,overdamped
37,0.4028169540240669,0.40112337470054626,2.044162794836778,2.091465711593628,0.0016935793235206553,0.4204339729502721,0.04730291675684972,2.314048415142335,3.367892713868059e-05,underdamped
38,0.05058316189553128,0.0590786375105381,0.9776971481857764,0.9848730564117432,0.008495475615006819,16.79506637515545,0.0071759082259668094,0.733960228817532,2.9298495064722374e-05,underdamped
39,1.0494969760271198,1.0080642700195312,0.5701447950215874,0.573995053768158,0.04143270600758853,3.9478633053743906,0.003850258746570523,0.6753124434688105,3.819522135017905e-06,overdamped
40,1.354011438824325,1.2606617212295532,1.4607348352677716,1.4194661378860474,0.09334971759477173,6.894307900074049,0.04126869738172423,2.825201151183551,1.6570093066547997e-05,overdamped
41,0.0900003779621066,0.09722483903169632,0.7555968379216758,0.7621868848800659,0.007224461069589724,8.027145255580463,0.006590046958390161,0.872164443741793,1.175914439954795e-05,underdamped
42,1.4902379282753926,1.3837838172912598,0.6983730945065834,0.6545473337173462,0.10645411098413282,7.143430519670704,0.04382576078923717,6.2754079637333495,5.160993168829009e-06,overdamped
43,1.5197754098544616,1.3784079551696777,2.7888731028073073,2.54140043258667,0.14136745468478384,9.301864852407476,0.24747267022063735,8.873572267290646,4.9166465032612905e-05,overdamped
44,0.6221021533901351,0.6237773299217224,0.4201369282975218,0.41733431816101074,0.0016751765315873302,0.2692767614544467,0.0028026101365110634,0.6670706495303319,1.2582342606037855e-05,underdamped
45,1.4431866378970941,1.3861773014068604,0.8629352416856448,0.841341495513916,0.057009336490233764,3.9502400447182353,0.021593746171728823,2.5023599835310844,2.961790187328006e-06,overdamped
46,0.7223817257055323,0.7140034437179565,3.598850575627955,2.397334337234497,0.00837828198757573,1.1598136676828128,1.2015162383934581,33.38611073575369,7.144116534618661e-05,underdamped
47,1.3299827077297999,1.0349763631820679,3.538472066013794,2.3994452953338623,0.295006344547732,22.18121655516033,1.1390267706799317,32.18979122712372,1.7485630451119505e-05,overdamped
48,0.9666920386924037,0.9161390066146851,2.808683976759773,2.7415101528167725,0.05055303207771866,5.229486750102881,0.06717382394300042,2.391647636360116,5.1518072723411024e-05,underdamped
49,0.6916474550983541,0.6906419992446899,0.6643976630444293,0.6809021234512329,0.0010054558536641833,0.14537114916749094,0.016504460406803645,2.484123789836384,2.6657971829990856e-05,underdamped
50,1.250832154251179,1.2369725704193115,1.057083038459122,1.058435082435608,0.013859583831867583,1.108029065671464,0.001352043976485806,0.1279032892682338,4.966742380929645e-06,overdamped
51,0.8497411635419564,0.8498682379722595,1.0455816833760794,1.0645040273666382,0.00012707443030313126,0.014954486819662808,0.01892234399055881,1.8097432550138446,6.76773015584331e-06,underdamped
52,1.9000108901255417,1.5940988063812256,2.075058161342345,1.7737765312194824,0.3059120837443161,16.10054370394178,0.3012816301228627,14.519189665891824,5.574898750637658e-05,overdamped
53,1.326389346524201,1.2496997117996216,1.8711978394970543,1.7847048044204712,0.07668963472457935,5.781834340387632,0.08649303507658312,4.6223351294500725,1.985229209822137e-05,overdamped
54,1.2361907479797847,1.1919915676116943,1.2992420349019498,1.2810492515563965,0.04419918036809034,3.5754336812762757,0.0181927833455533,1.400261295188641,1.8165692381444387e-05,overdamped
55,1.1278592631148654,1.0991424322128296,1.1502920280184123,1.1159842014312744,0.028716830902035806,2.5461360154747585,0.034307826587137935,2.98253189203088,7.3144506131939124e-06,overdamped
56,1.0,0.9579644203186035,2.0949576107704813,2.068903923034668,0.042035579681396484,4.203557968139648,0.02605368773581329,1.243637942928654,1.7200229194713756e-05,critically_damped
57,1.0,0.9656996130943298,1.369209443765318,1.3535596132278442,0.034300386905670166,3.4300386905670166,0.015649830537473708,1.1429829533191624,6.148361535451841e-06,critically_damped
58,0.34046109628296456,0.3579697608947754,2.006588517547458,2.0194103717803955,0.01750866461181083,5.1426329771490265,0.012821854232937469,0.6389877207415156,4.07172083214391e-05,underdamped
59,0.05857425300092896,0.07997001707553864,2.572198446552489,2.5572545528411865,0.021395764074609677,36.52759186578163,0.014943893711302447,0.5809774798414838,0.00017430241859983653,underdamped
60,0.0880229819635191,0.09237223118543625,3.0882470397475252,3.0883138179779053,0.004349249221917151,4.941038266256062,6.677823038003794e-05,0.0021623344739123357,4.0004117181524634e-05,underdamped
61,0.14773878353852005,0.15216772258281708,2.3216124245737313,2.328827142715454,0.004428939044297031,2.997817457419548,0.007214718141722809,0.31076324649871284,4.4731546950060874e-05,underdamped
62,1.687921625265201,1.5285875797271729,1.7136130918143926,1.5477278232574463,0.1593340455380281,9.439658995600228,0.1658852685569463,9.68043891292317,2.7879137633135542e-05,overdamped
63,1.2316840955826978,0.9967923760414124,3.304010064887193,2.30253529548645,0.2348917195412854,19.070776377132677,1.0014747694007426,30.3108873681635,2.4853789000189863e-05,overdamped
64,0.4259740571773723,0.4259189963340759,0.8240968392545795,0.8189015984535217,5.506084329637284e-05,0.012925867753830355,0.005195240801057821,0.6304162998315919,1.3422692973108497e-05,underdamped
65,1.0,0.9478897452354431,2.922454173169324,2.8834481239318848,0.052110254764556885,5.2110254764556885,0.03900604923743911,1.334701826825845,5.8890778745990247e-05,critically_damped
66,1.7086391644211223,1.4555737972259521,2.1205009113577007,1.8322917222976685,0.25306536719517014,14.810930971543504,0.28820918906003223,13.591561669053917,2.4552840841352008e-05,overdamped
67,1.7533104197838298,1.1960556507110596,3.747610050827717,2.253732442855835,0.5572547690727703,31.783006750252223,1.493877607971882,39.8621411435786,9.113787200476509e-06,overdamped
68,0.4545788751247753,0.4586690664291382,2.2798382748697925,2.3205864429473877,0.004090191304362889,0.8997759306875383,0.04074816807759518,1.7873271331021239,1.1065110811614431e-05,underdamped
69,0.8816452861050377,0.8789577484130859,1.2968595101300335,1.312668800354004,0.0026875376919517358,0.30483208318674626,0.015809290223970374,1.2190441678902604,4.569410521071404e-06,underdamped
70,1.7179998545969837,1.5875039100646973,0.6749436629730908,0.6142283082008362,0.1304959445322864,7.595806494576145,0.06071535477225465,8.99561816830856,1.0462361387908459e-05,overdamped
71,1.2343347532358142,1.1636959314346313,2.639450012517603,2.5261573791503906,0.07063882180118286,5.722825320765122,0.1132926333672124,4.292281832575787,4.2674902942962945e-05,overdamped
72,1.2223387959069485,1.118890643119812,1.957533969973561,1.81490159034729,0.10344815278713648,8.463132572862522,0.14263237962627096,7.28632972985891,1.1140568858536426e-05,overdamped
73,0.31663144890151795,0.3187169134616852,2.896476094850105,2.9081475734710693,0.0020854645601672273,0.6586410059399597,0.011671478620964404,0.40295442595628994,2.892925294872839e-05,underdamped
74,1.0206861025178626,0.9686897993087769,2.6863438735031777,2.6100547313690186,0.05199630320908577,5.094250140255614,0.07628914213415916,2.8398874353592287,2.538987791922409e-05,overdamped
75,0.26627599892021153,0.2788563072681427,3.230827406980339,3.2245097160339355,0.012580308347931168,4.724537096451117,0.0063176909464033315,0.19554405576582934,5.1773644372588024e-05,underdamped
76,0.8455620572435513,0.8376927971839905,1.9615999680350444,1.9648627042770386,0.00786926005956079,0.9306543490390049,0.0032627362419941353,0.1663303576244678,1.5983960111043416e-05,underdamped
77,1.0,0.9488558769226074,2.7416347634220997,2.6977529525756836,0.05114412307739258,5.114412307739258,0.04388181084641607,1.600570996249075,4.5511656935559586e-05,critically_damped
78,1.8250844104095827,1.5211455821990967,1.8074777298450604,1.5741409063339233,0.303938828210486,16.653412109430956,0.23333682351113705,12.909526887013929,6.580946501344442e-05,overdamped
79,1.627081390365896,1.3346288204193115,3.0682250394499717,2.53643536567688,0.29245256994658453,17.97405905311339,0.5317896737730918,17.332160025277144,9.090304229175672e-05,overdamped
80,0.9744749795015824,0.9138285517692566,3.3040434517685737,3.2488365173339844,0.06064642773232576,6.2234976790625005,0.05520693443458935,1.6708900848455375,5.1975173846585676e-05,underdamped
81,0.06798542746731315,0.06902182847261429,2.321596569001384,2.3204782009124756,0.0010364010053011408,1.524445817156087,0.0011183680889081948,0.04817236999059022,1.0689393093343824e-05,underdamped
82,1.2978073970913964,1.3366260528564453,0.3015585639314602,0.30555787682533264,0.03881865576504895,2.991095277469373,0.003999312893872453,1.3262143318806354,1.3778932270724908e-06,overdamped
83,1.5263310598428572,1.4128739833831787,1.510166770700494,1.3979530334472656,0.11345707645967851,7.433320296276971,0.11221373725322836,7.430552666787774,1.9785427866736427e-05,overdamped
84,1.9379288421094838,1.6371238231658936,1.5222129713482055,1.2937408685684204,0.30080501894359024,15.521984729643451,0.22847210277978514,15.00920745521109,4.5633234549313784e-05,overdamped
85,0.15717126772079326,0.1547822505235672,1.366595381462142,1.3527330160140991,0.002389017197226062,1.5200088615878757,0.01386236544804298,1.014372332592798,4.733958121505566e-05,underdamped
86,1.0,0.9839564561843872,1.9409226259895769,1.8860421180725098,0.016043543815612793,1.6043543815612793,0.05488050791706711,2.8275474345138494,1.007299761113245e-05,critically_damped
87,1.6114473227062311,1.3761552572250366,2.6578554275974517,2.3043105602264404,0.23529206548119452,14.601288057375026,0.3535448673710113,13.301884809084424,0.00010760437726275995,overdamped
88,1.6210052971911835,1.499700903892517,0.4303806452051123,0.41500696539878845,0.12130439329866638,7.483281733184835,0.01537367980632387,3.572112263319143,2.6089255698025227e-06,overdamped
89,1.5364340483009906,1.4080772399902344,1.8159560907216088,1.6805534362792969,0.12835680831075624,8.354202281099857,0.13540265444231192,7.456273592414164,3.83639671781566e-05,overdamped
90,1.457111677105754,1.0426383018493652,3.5759690487144855,2.1217122077941895,0.4144733752563887,28.44485990803759,1.454256840920296,40.66748959818549,2.5595665647415444e-05,overdamped
91,1.832321704644814,1.1510212421417236,3.9978025147514877,2.204423666000366,0.6813004625030903,37.18236054160352,1.7933788487511215,44.859115529937625,1.937110209837556e-05,overdamped
92,0.5811044305208749,0.5780545473098755,2.773521295819543,2.824467658996582,0.0030498832109994156,0.5248425327381591,0.05094636317703882,1.8368837929540673,1.669722951191943e-05,underdamped
93,1.6203293055821812,1.1258023977279663,3.150236938019631,1.935537338256836,0.49452690785421494,30.520148351975422,1.214699599762795,38.5589917095698,3.0248993425630033e-05,overdamped
94,1.6708786097558426,1.5458835363388062,1.1787521168518462,1.0766828060150146,0.12499507341703642,7.480799184765513,0.10206931083683157,8.659098836609797,2.0731893528136425e-05,overdamped
95,0.5445409920010392,0.5636048316955566,3.8943713848603587,3.0346598625183105,0.019063839694517415,3.5009007539474704,0.8597115223420482,22.075745669358522,5.440160020953044e-05,underdamped
96,0.6148255764687347,0.6052941679954529,1.3088599158089733,1.3356884717941284,0.009531408473281822,1.5502621943650576,0.0268285559851551,2.0497652698434914,7.44031149224611e-06,underdamped
97,1.6446810006269432,1.4197481870651245,2.796007140837225,2.4477272033691406,0.2249328135618187,13.676379399778776,0.3482799374680843,12.456332188185927,4.421496487339027e-05,overdamped
98,1.0806460229498187,1.0423129796981812,1.6863777742560622,1.6359835863113403,0.038333043251637555,3.547234009800969,0.050394187944721835,2.9883095421459167,9.701697308628354e-06,overdamped
99,0.8211341427148153,0.7996159195899963,3.4169609195656783,3.448305368423462,0.02151822312481899,2.620549068106695,0.03134444885778365,0.9173195010309853,3.888269930030219e-05,underdamped
100,0.49563136029664395,0.5096680521965027,1.3461426427879608,1.3618202209472656,0.014036691899858733,2.8320830811548183,0.015677578159304817,1.1646297844658866,1.662258364376612e-05,underdamped
101,0.2969177344223742,0.30319729447364807,2.277636528618355,2.2869951725006104,0.006279560051273891,2.1149157908974994,0.009358643882255269,0.41089277260285023,4.363128755358048e-05,underdamped
102,1.6957262257463035,1.4840177297592163,1.9154689909672746,1.7077555656433105,0.2117084959870872,12.484827607941988,0.20771342532396408,10.843998326439774,2.088794281007722e-05,overdamped
103,1.9690151152972177,1.6235915422439575,2.515493971220608,2.0888631343841553,0.3454235730532602,17.54296197980783,0.42663083683645286,16.960121618953284,4.5891618356108665e-05,overdamped
104,0.48896643667411654,0.4946281909942627,3.1202519500925505,3.2484264373779297,0.005661754320146151,1.1579024439093686,0.12817448728537917,4.107824923611612,2.740758645813912e-05,underdamped
105,1.7919293592159602,1.6030389070510864,1.2150612683642568,1.0963549613952637,0.18889045216487377,10.541177373617048,0.11870630696899309,9.769573770448483,1.2023502677038778e-05,overdamped
106,1.5335199412999212,1.3381693363189697,2.879107344352047,2.5869288444519043,0.19535060498095147,12.738706535198904,0.2921784999001429,10.148232245432261,6.783601565985009e-05,overdamped
107,0.7021460547408847,0.7074830532073975,0.4538867878785813,0.4367547035217285,0.00533699846651281,0.7600980494695425,0.01713208435685276,3.7745281013634058,6.25755137662054e-06,underdamped
108,0.5141166925235315,0.5264140963554382,2.059915573858421,2.07985258102417,0.012297403831906695,2.391947978103013,0.019937007165748977,0.9678555480021463,1.4828024177404586e-05,underdamped
109,1.2664281918967617,1.2453885078430176,1.430128764604672,1.375756025314331,0.021039684053744123,1.6613404682844632,0.05437273929034103,3.8019471138580436,2.5398816433153115e-05,overdamped
110,0.17905019600749264,0.18587173521518707,1.7783163132180457,1.7840180397033691,0.0068215392076944326,3.80984738347283,0.005701726485323411,0.3206249890946314,6.921387102920562e-05,underdamped
111,0.6082848756337619,0.6031370759010315,1.8991304784478498,1.9068715572357178,0.005147799732730385,0.8462810664767849,0.007741078787868005,0.4076117399892793,1.3143362593837082e-05,underdamped
112,1.0,0.9679213166236877,0.6523033016886777,0.6146569848060608,0.032078683376312256,3.2078683376312256,0.03764631688261688,5.771290254879654,6.5770150285970885e-06,critically_damped
113,0.840043095395457,0.8100675344467163,3.955142191693458,2.8379807472229004,0.029975560948740654,3.5683360904989545,1.1171614444705575,28.245797251406195,0.00010110495350090787,underdamped
114,1.2036274568477003,1.1564009189605713,1.6388247836279715,1.6064680814743042,0.04722653788712905,3.9236839952800118,0.03235670215366726,1.974384478250149,1.5814965081517585e-05,overdamped
115,0.21359849055683358,0.21890053153038025,1.7067410827127243,1.717393398284912,0.005302040973546668,2.4822464614448756,0.01065231557218782,0.6241319014397217,1.885175697680097e-05,underdamped
116,1.4975684502744675,1.0904268026351929,3.412248004881289,2.4756131172180176,0.40714164763927463,27.186847289995697,0.9366348876632715,27.449203174077514,4.984825864084996e-05,overdamped
117,0.4976958456053058,0.5103355050086975,2.336967517122856,2.4460229873657227,0.012639659403391734,2.5396353043733315,0.10905547024286655,4.666537700837603,2.8523840228444897e-05,underdamped
118,0.7983003023981238,0.7824697494506836,0.47231578097566074,0.464038223028183,0.01583055294744018,1.9830323125125484,0.008277557947477754,1.7525474017359397,2.140251353921485e-06,underdamped
119,0.28812079084349845,0.3023277521133423,2.987184233472539,2.9597911834716797,0.014206961269843832,4.930904579378575,0.027393050000859454,0.9170191009282211,7.29078019503504e-05,underdamped
120,1.8687690623503646,1.5704894065856934,2.334297217071714,1.9806840419769287,0.2982796557646712,15.961290336726929,0.35361317509478507,15.148592583183525,4.922333391732536e-05,overdamped
121,0.07441340325756854,0.07905107736587524,3.6332872368288966,3.629615306854248,0.004637674108306705,6.232310182420007,0.0036719299746486023,0.10106357508506353,8.317392348544672e-05,underdamped
122,0.02730157289034967,0.027771122753620148,1.911102627237753,1.9076601266860962,0.00046954986327047907,1.7198637791174722,0.0034425005516567353,0.18013164246613048,3.430901779211126e-05,underdamped
123,0.7818482312480955,0.7640500068664551,3.036955103128697,3.098302125930786,0.01779822438164047,2.2764295767771263,0.061347022802089146,2.020017442434,2.4129038138198666e-05,underdamped
124,0.5615785425660439,0.5661147832870483,3.7965659033027355,3.849888563156128,0.0045362407210044475,0.8077660339864157,0.05332265985339246,1.4044971485153368,2.9218734198366292e-05,underdamped
125,0.3049240879282146,0.31736862659454346,1.1957749289873938,1.2054966688156128,0.01244453866632883,4.081192388204677,0.009721739828219,0.813007497694534,2.9537472073570825e-05,underdamped
126,1.1466207099150885,0.8777333498001099,3.4655732762095686,2.641613245010376,0.2688873601149786,23.45041893887393,0.8239600311991926,23.77557666593013,5.902084376430139e-05,overdamped
127,1.0,0.9651779532432556,2.552681132834315,2.5277292728424072,0.034822046756744385,3.4822046756744385,0.024951859991907632,0.9774765704560548,1.9040353436139412e-05,critically_damped
128,0.7186886214902853,0.7121782898902893,3.191153745786036,3.2658214569091797,0.006510331599996033,0.9058626233007689,0.07466771112314374,2.339834338027227,2.5655674107838422e-05,underdamped
129,1.6234158463631803,1.3908525705337524,2.88502777723032,2.5305607318878174,0.23256327582942782,14.32555166628577,0.35446704534250273,12.286434402472118,6.388051406247541e-05,overdamped
130,1.6310826062162813,1.462868332862854,2.589474696730553,2.325873613357544,0.1682142733534273,10.313044398385433,0.2636010833730089,10.179712653915068,4.372563125798479e-05,overdamped
131,0.7467188562243302,0.7438209056854248,3.123462280214397,3.225247383117676,0.0028979505389054028,0.38809124943736484,0.1017851029032788,3.258726815689037,2.248278724437114e-05,underdamped
132,0.6901188572887096,0.7019606828689575,2.4413609975287205,2.4709246158599854,0.011841825580247933,1.715911028249723,0.029563618331264863,1.2109482522736612,4.774344233737793e-06,underdamped
133,0.6326019710425854,0.6256390810012817,2.323720290031989,2.3329217433929443,0.006962890041303682,1.1006747307202045,0.009201453360955458,0.3959793870383939,5.567918833548902e-06,underdamped
134,0.8157630821669652,0.8098825216293335,2.3566989701077934,2.3426811695098877,0.005880560537631752,0.720866225278402,0.014017800597905694,0.5948065822451873,1.694013008091133e-05,underdamped
135,0.23097435825632842,0.23415809869766235,2.593038573135725,2.5942344665527344,0.003183740441333932,1.3783956216476256,0.0011958934170093194,0.046119384007586986,2.7613974452833645e-05,underdamped
136,1.2071573346273,1.1553094387054443,0.7673045196423417,0.7478596568107605,0.05184789592185557,4.295040458654314,0.0194448628315812,2.534178065397673,2.075336396956118e-06,overdamped
137,1.0,0.8440859317779541,3.8448473306711946,2.769878625869751,0.1559140682220459,15.59140682220459,1.0749687048014436,27.958683722658666,6.462744204327464e-05,critically_damped
138,1.1303713299926488,1.0979901552200317,1.032253488624461,1.0075358152389526,0.03238117477261704,2.8646493336687535,0.024717673385508343,2.3945352239444704,7.3592100306996144e-06,overdamped
139,0.8801410413746875,0.8713274598121643,2.0300589647543688,2.0365192890167236,0.00881358156252321,1.0013828634507629,0.006460324262354877,0.3182333308794584,1.2173974937468302e-05,underdamped
140,0.8399173420203979,0.8405163884162903,1.000494841758818,1.0230768918991089,0.0005990463958923664,0.07132206538936045,0.02258205014029091,2.257088112577656,8.992354196379893e-06,underdamped
141,1.7781518300858046,1.2069402933120728,3.563986927149973,2.4014134407043457,0.5712115367737318,32.123889934987616,1.1625734864456274,32.62002667824898,0.0001142200781032443,overdamped
142,1.843997415392573,1.5853071212768555,1.9363050024002815,1.687407374382019,0.2586902941157174,14.02877747855434,0.24889762801826243,12.854257346323234,4.565902054309845e-05,overdamped
143,0.6538674086504478,0.655606210231781,0.3899280612107166,0.41069695353507996,0.0017388015813332158,0.2659257149583311,0.020768892324363353,5.326339494489439,7.927495971671306e-06,underdamped
144,1.5504854509917223,1.5144797563552856,0.7496709721526602,0.7009289264678955,0.03600569463643666,2.3222207350224844,0.0487420456847647,6.501791785375286,6.75258661431144e-06,overdamped
145,0.7804897810847279,0.7536421418190002,3.040359686572468,2.969451665878296,0.02684763926572764,3.4398450711826976,0.0709080206941719,2.3322247366761286,5.4234813433140516e-05,underdamped
146,0.5868198368415615,0.5927543640136719,1.3763782561229918,1.4081480503082275,0.005934527172110404,1.01130309500984,0.031769794185235734,2.308216803331774,5.004611921322066e-06,underdamped
147,1.0,0.844482421875,3.2668679986395444,2.2428345680236816,0.155517578125,15.5517578125,1.0240334306158627,31.34603023575827,8.13269434729591e-05,critically_damped
148,1.080004071981453,1.027437448501587,1.545612691744449,1.4614700078964233,0.05256662347986607,4.867261600544113,0.0841426838480257,5.443969520789741,1.5820623957552016e-05,overdamped
149,1.7311314318489863,1.4244407415390015,2.709713832009349,2.278696060180664,0.30669069030998486,17.716199051530985,0.4310177718286847,15.906394495874487,9.930269879987463e-05,overdamped
150,0.5658611889894793,0.5667853355407715,0.7992639055364363,0.7931630611419678,0.0009241465512921376,0.16331682915778123,0.006100844394468563,0.7633078826916251,2.1861284039914608e-05,underdamped
151,1.0446379661596326,1.0151739120483398,2.091360655866937,2.076622247695923,0.029464054111292715,2.820503855475445,0.014738408171014239,0.7047281935647149,1.7893738913699053e-05,overdamped
152,1.4793093691507062,1.316103458404541,2.6804245337164367,2.438852310180664,0.1632059107461652,11.0325746696152,0.24157222353577268,9.012461291004163,5.094860171084292e-05,overdamped
153,0.46790664413009153,0.47961729764938354,2.3990134454495906,2.4538612365722656,0.011710653519292014,2.5027756425779915,0.054847791122675016,2.2862644320193124,3.9494738302892074e-05,underdamped
154,0.49979543346446326,0.49271726608276367,1.493735653228667,1.485594391822815,0.007078167381699585,1.4162128958712987,0.00814126140585203,0.5450269188028635,2.126347681041807e-05,underdamped
155,1.8289061988112598,1.6147204637527466,0.3921700294052106,0.37364470958709717,0.21418573505851324,11.711138340376792,0.01852531981811345,4.723797952181634,2.3689467525400687e-06,overdamped
156,1.3182586569656773,1.2133973836898804,2.0953138578257082,1.9761576652526855,0.10486127327579697,7.9545294636762005,0.11915619257302268,5.686794468904539,2.9217468181741424e-05,overdamped
157,1.0,0.9843078255653381,1.4737141537500977,1.481846570968628,0.015692174434661865,1.5692174434661865,0.008132417218530197,0.5518313845216171,1.0764664693851955e-05,critically_damped
158,1.3216233772738772,1.2865381240844727,1.1186288129629272,1.0982320308685303,0.035085253189404586,2.654708882478699,0.02039678209439688,1.8233735675350298,3.0037740543775726e-06,overdamped
159,1.1513422512796192,0.8112860918045044,3.2537210652504576,2.2462618350982666,0.3400561594751148,29.535627577045076,1.007459230152191,30.96329433127486,9.124203643295914e-05,overdamped
160,1.6927453479716168,1.580003023147583,0.6781623029255079,0.6587390303611755,0.11274232482403379,6.660324009109267,0.019423272564332406,2.8641038407093435,5.2478781071840785e-06,overdamped
161,1.2921846073273695,1.215734601020813,1.9191744918938223,1.8054711818695068,0.07645000630655652,5.916337795160582,0.11370331002431544,5.92459468925695,3.1955332815414295e-05,overdamped
162,1.2487047599216292,1.1416184902191162,2.4770924587033987,2.320028305053711,0.107086269702513,8.575787739387964,0.15706415364968773,6.340665771188084,4.926804831484333e-05,overdamped
163,0.3088657080675412,0.31030914187431335,2.248376735796317,2.2577590942382812,0.001443433806772143,0.46733378587191693,0.009382358441964112,0.41729476615675454,1.054068525263574e-05,underdamped
164,1.0,0.9273395538330078,3.084232385273745,2.9781241416931152,0.07266044616699219,7.266044616699219,0.10610824358062976,3.4403452893907662,5.30749857716728e-05,critically_damped
165,0.22501136360922006,0.22978197038173676,2.539607699081915,2.5533742904663086,0.0047706067725167,2.12016259801077,0.0137665913843934,0.5420755099053335,3.319106326671317e-05,underdamped
166,1.0350821765079325,1.0087906122207642,1.1960754658688395,1.1812551021575928,0.02629156428716839,2.540046083671203,0.014820363711246731,1.239082661099573,6.9668208197981585e-06,overdamped
167,0.6040868071490065,0.5879455208778381,1.2237422024083209,1.2466803789138794,0.016141286271168398,2.6720143661715365,0.022938176505558516,1.8744288184567186,1.6240372133324854e-05,underdamped
168,0.7991001141132542,0.7918108701705933,1.8022549450771326,1.8468027114868164,0.00728924394266095,0.912181566980463,0.04454776640968383,2.471779396769933,3.7403729038487654e-06,underdamped
169,0.23266519619459783,0.2734472155570984,3.774400340036284,3.69661545753479,0.04078201936250056,17.528199330849237,0.07778488250149396,2.0608540561107036,0.0004584432754199952,underdamped
170,1.355889831331147,1.2898859977722168,0.6535025487757045,0.6476934552192688,0.06600383355893014,4.867934844981526,0.005809093556435663,0.8889167406184766,2.511109869374195e-06,overdamped
171,1.2699982069465874,0.937495231628418,3.661715794481582,2.6025092601776123,0.3325029753181694,26.181373603478917,1.0592065343039696,28.926508602886532,8.016473293537274e-05,overdamped
172,0.15462889428296747,0.15713365375995636,3.016207240845755,3.0072684288024902,0.002504759476988888,1.6198521554485372,0.008938812043264743,0.2963593456780599,2.8997510526096448e-05,underdamped
173,0.6438821755295084,0.6497573852539062,1.7462143540128598,1.7783203125,0.005875209724397812,0.9124665890255812,0.03210595848714015,1.8386035147036541,6.313035555649549e-06,underdamped
174,1.7700266820876682,1.6702148914337158,0.5239790890819592,0.49746158719062805,0.0998117906539524,5.638999211934411,0.026517501891331174,5.060793921717625,7.027393280623073e-07,overdamped
175,0.6983700135865879,0.6920398473739624,0.9100321170146219,0.9140710234642029,0.006330166212625499,0.9064201053129335,0.004038906449580937,0.443820209646078,7.606585313624237e-06,underdamped
176,1.819688372921225,1.5443111658096313,2.1044117381899126,1.8682035207748413,0.27537720711159364,15.133206938587984,0.23620821741507125,11.224429760035612,4.2265433876309544e-05,overdamped
177,1.1035318870312003,0.9444266557693481,3.359721769341907,2.5175256729125977,0.15910523126185216,14.417819107147716,0.8421960964293094,25.0674357655002,2.7858157409355044e-05,overdamped
178,1.5894659650577565,1.436842441558838,0.4717681550788716,0.4140951335430145,0.1526235234989186,9.602188839153452,0.05767302153585707,12.224865310422475,1.9185695236956235e-06,overdamped
179,1.9336945486568613,1.6736981868743896,1.3683213266150605,1.2329024076461792,0.25999636178247165,13.445575567406154,0.13541891896888125,9.89671916492592,3.2752592233009636e-05,overdamped
180,0.6746886760810379,0.6856881976127625,2.958589041463746,3.074080228805542,0.010999521531724565,1.6303106783436507,0.11549118734179586,3.903590046580353,1.3704882803722285e-05,underdamped
181,1.0,0.9977810978889465,0.6719915087476298,0.6621132493019104,0.002218902111053467,0.22189021110534668,0.009878259445719406,1.469997658769412,8.308591077366145e-07,critically_damped
182,0.2670714461467273,0.2681402564048767,3.0732251423775,3.1157352924346924,0.0010688102581494219,0.40019637949697723,0.0425101500571925,1.383242297188351,5.9973413044644985e-06,underdamped
183,1.0,0.980419397354126,1.7288638576657154,1.7199013233184814,0.019580602645874023,1.9580602645874023,0.00896253434723393,0.5184060218214639,7.284600087587023e-06,critically_damped
184,1.60739588033459,1.5257033109664917,0.49311418157038633,0.4798344373703003,0.08169256936809832,5.082293065918115,0.013279744200086041,2.693036358799288,2.4296011815749807e-06,overdamped
185,0.18416896500997954,0.18578097224235535,2.4632580565127524,2.473799228668213,0.0016120072323758117,0.8752871214150887,0.010541172155460465,0.4279361688309531,2.591351221781224e-05,underdamped
186,0.7017994092763566,0.5937453508377075,3.420954052141573,2.5242156982421875,0.10805405843864913,15.396715501665417,0.8967383538993854,26.213107227734106,2.7315685656503774e-05,underdamped
187,0.6742677380602377,0.6722813844680786,1.5155257556650232,1.5334676504135132,0.0019863535921590403,0.2945941916001302,0.01794189474848995,1.1838726383516276,8.138368684740271e-06,underdamped
188,1.921452837328368,1.635687232017517,1.7740157545306878,1.5165481567382812,0.2857656053108508,14.872371559646808,0.2574675977924066,14.513264447334015,5.8864836319116876e-05,overdamped
189,1.027217540722452,0.9687005281448364,2.8479953372602886,2.74147891998291,0.058517012577615546,5.696652389372164,0.10651641727737848,3.7400488646812544,3.699292574310675e-05,overdamped
190,0.26303966429600717,0.37359392642974854,3.9559489332797244,3.4503324031829834,0.11055426213374137,42.02950244390939,0.505616530096741,12.781169287682232,0.0005663466872647405,underdamped
191,1.6174245623551478,1.407136082649231,2.3583048185134756,2.114210367202759,0.2102884797059168,13.00143973328275,0.24409445131071683,10.350419903080144,6.677950295852497e-05,overdamped
192,1.0,0.960082471370697,0.371408327878269,0.3909803330898285,0.03991752862930298,3.991752862930298,0.019572005211559496,5.269673225521836,2.3608477022207808e-06,critically_damped
193,0.16699825798056053,0.17012950778007507,2.2033381254085675,2.194247245788574,0.0031312497995145405,1.8750194387530883,0.00909087961999333,0.4125957570995872,3.967425800510682e-05,underdamped
194,1.2260447021358343,0.9061075448989868,3.8255215681963324,2.775622844696045,0.31993715723684746,26.095064615466313,1.0498987235002875,27.444590359355804,0.00011954613000852987,overdamped
195,1.0,0.9535604119300842,2.1080821907862966,2.0763661861419678,0.04643958806991577,4.643958806991577,0.03171600464432878,1.504495639826025,2.9356868253671564e-05,critically_damped
196,0.15011205423942964,0.1555625945329666,2.644367288881744,2.652672290802002,0.005450540293536976,3.630981083533326,0.008305001920257737,0.3140638577392846,5.257403972791508e-05,underdamped
197,1.2254661263289621,0.9913284778594971,3.8990230020621772,3.0393283367156982,0.23413764846946505,19.106007374586014,0.859694665346479,22.048976497235078,9.644441888667643e-05,overdamped
198,0.042497408488176305,0.04654589295387268,1.410340570812581,1.4171967506408691,0.004048484465696375,9.526426692165831,0.006856179828288234,0.4861364673312902,4.005790106020868e-05,underdamped
199,1.3819268107789098,1.2909362316131592,2.313685175738697,2.215441942214966,0.0909905791657506,6.584326930777516,0.0982432335237311,4.246179841315908,2.216909888375085e-05,overdamped
200,0.5677538692563427,0.5645233988761902,2.1240710923715604,2.1689798831939697,0.0032304703801525614,0.5689913455603406,0.044908790822409284,2.1142790833930083,1.0556704182818066e-05,underdamped
201,0.5035812382337491,0.46421459317207336,3.497380607482641,2.4278221130371094,0.039366645061675754,7.817337516335904,1.0695584944455314,30.58170140696762,2.7735195544664748e-05,underdamped
202,1.9592607273725795,1.6817065477371216,0.5095010193758595,0.4540746212005615,0.2775541796354579,14.166270765181183,0.05542639817529793,10.878564726562367,2.7886956104339333e-06,overdamped
203,0.1993722080697284,0.20358210802078247,3.140930593421024,3.1586906909942627,0.004209899951054058,2.1115781340906294,0.01776009757323882,0.565440624840263,1.92613952094689e-05,underdamped
204,0.3406288250682304,0.2672576308250427,0.4233190827959672,0.3731990456581116,0.07337119424318767,21.53992523342406,0.05012003713785562,11.839777410179416,6.5241451920883264e-06,underdamped
205,1.1730718959806656,1.1320279836654663,1.382662838136156,1.3885226249694824,0.04104391231519933,3.4988403060229656,0.00585978683332633,0.4238044642340561,9.791029697225895e-06,overdamped
206,0.42410741924594997,0.4197773337364197,2.2913728000079145,2.310371160507202,0.00433008550953029,1.020987917926324,0.018998360499287603,0.8291256882870383,1.950814839801751e-05,underdamped
207,0.7848284475580507,0.7897949814796448,1.4226028046666113,1.454473853111267,0.004966533921594074,0.6328177752790642,0.031871048444655825,2.2403335871480192,8.440483725280501e-06,underdamped
208,1.0,0.9909573793411255,0.6503718101178502,0.632507860660553,0.009042620658874512,0.9042620658874512,0.01786394945729719,2.746728744909803,1.8590702666188008e-06,critically_damped
209,0.32379963929838973,0.3312150239944458,2.9837894334764603,3.00360107421875,0.007415384696056071,2.2901151811421885,0.019811640742289693,0.6639758328792938,5.3103249229025096e-05,underdamped
210,1.9150768654366659,1.6246775388717651,1.118108375671611,0.9463956952095032,0.29039932656490075,15.16384703956441,0.17171268046210786,15.357427258244593,1.7990587366512045e-05,overdamped
211,1.5215310528651713,1.3258025646209717,2.380648589094777,2.0603621006011963,0.19572848824419964,12.863916768285891,0.32028648849358055,13.45374911529328,6.847019540145993e-05,overdamped
212,1.9842348270417114,1.7858935594558716,0.39840420111514985,0.36991509795188904,0.1983412675858398,9.995856583242524,0.02848910316326081,7.150803903050878,2.7776582101068925e-06,overdamped
213,0.1433021954362912,0.15255911648273468,3.9132688532906363,3.894855260848999,0.00925692104644349,6.459720326168275,0.018413592441637316,0.47054248332959475,7.435845327563584e-05,underdamped
214,0.7499904102358385,0.7446849942207336,0.8920126531576629,0.9036234021186829,0.0053054160151048135,0.7073978470520039,0.01161074896101999,1.3016350070729092,1.1303480278002098e-05,underdamped
215,1.6465612605304332,1.4519429206848145,2.5484593364920887,2.2990469932556152,0.19461833984561872,11.819684120524201,0.24941234323647343,9.786789204954918,3.230025322409347e-05,overdamped
216,0.11660045060243736,0.1285800337791443,3.911095230893696,3.8989624977111816,0.011979583176706929,10.274045353008708,0.01213273318251451,0.31021318751530746,0.00015749096928630024,underdamped
217,0.9179273738287987,0.7464962601661682,3.6204544304201,2.781694173812866,0.17143111366263053,18.675890767650632,0.8387602566072339,23.167264572086,0.00010108515562023968,underdamped
218,0.3427151510560434,0.4411587119102478,3.9212982580321887,3.2183420658111572,0.09844356085420441,28.724601334624445,0.7029561922210315,17.926618838062918,0.00015893779345788062,underdamped
219,1.7602205090202283,1.271246314048767,3.313337254741794,2.191756010055542,0.4889741949714612,27.77914428707761,1.121581244686252,33.85050052122316,8.49520347401267e-06,overdamped
220,1.8447523582385892,1.5579924583435059,2.2193280041373757,1.905861258506775,0.2867598998950833,15.544628449147943,0.31346674563060084,14.124399144525793,5.647193029290065e-05,overdamped
221,0.4888628088666498,0.4960673153400421,2.724093577670932,2.797067642211914,0.007204506473392325,1.473727668115073,0.07297406454098221,2.67883839010311,1.0190881766902748e-05,underdamped
222,1.9547555337230378,1.5810894966125488,2.730812236176339,2.204580545425415,0.37366603711048896,19.115742642191304,0.5262316907509241,19.270152805809506,7.970845035742968e-05,overdamped
223,1.7956761388280518,1.1186200380325317,3.8554098691249052,1.9903714656829834,0.67705610079552,37.70480022290661,1.8650384034419218,48.374581866836515,1.137551043939311e-05,overdamped
224,1.3654874347130495,1.0251128673553467,3.840489473729388,2.5004351139068604,0.3403745673577028,24.926964445427565,1.3400543598225276,34.89280126892887,2.6713301849667914e-05,overdamped
225,0.36457154007851733,0.369070440530777,1.5909874881324906,1.5940006971359253,0.0044989004522596465,1.2340240412871295,0.0030132090034347137,0.18939237586158733,4.771180556417676e-06,underdamped
226,1.0,0.973581075668335,0.3511744564948013,0.35601693391799927,0.02641892433166504,2.641892433166504,0.004842477423197988,1.3789378280904878,2.285052005390753e-06,critically_damped
227,1.683398636593757,1.1251931190490723,3.529936776022921,2.285727024078369,0.5582055175446847,33.159437426786546,1.244209751944552,35.24736647964465,0.00010833477426785976,overdamped
228,0.8067157613724871,0.7904587984085083,1.112298252650463,1.1243665218353271,0.016256962963978827,2.015203339565403,0.012068269184864144,1.084984998952126,5.901123586227186e-06,underdamped
229,1.3344732621772908,1.2925574779510498,1.5629576613020784,1.4998749494552612,0.04191578422624098,3.140998430935387,0.06308271184681713,4.036111368126492,1.007992250379175e-05,overdamped
230,0.8294948797146935,0.798100471496582,3.0925916777536044,3.105156898498535,0.03139440821811146,3.7847621469236348,0.012565220744930716,0.40630067122400837,2.9633520171046257e-05,underdamped
231,0.25418798773401774,0.27410653233528137,3.9155926042528995,3.8624749183654785,0.019918544601263632,7.836147088943635,0.05311768588742094,1.356568245371785,6.0954753280384466e-05,underdamped
232,0.19765312505411126,0.3099406063556671,3.897162371718333,3.4271559715270996,0.11228748130155586,56.81037487811794,0.4700064001912332,12.060221139413251,0.0028305649757385254,underdamped
233,1.6271430140497896,1.1923948526382446,3.0803655623789776,2.0871095657348633,0.43474816141154493,26.718497246870882,0.9932559966441143,32.24474422045607,1.194935612147674e-05,overdamped
234,1.5731976925250242,1.4808310270309448,0.33229074222363797,0.2980620563030243,0.09236666549407935,5.871268813382785,0.03422868592061368,10.300824420072805,4.716052615094668e-07,overdamped
235,0.8006708930903794,0.6681773066520691,3.7431867419727443,2.8258464336395264,0.13249358643831033,16.547821031300373,0.9173403083332179,24.506934106358763,4.5803142711520195e-05,underdamped
236,1.5431692087876927,1.3479351997375488,2.31800394498707,2.078770875930786,0.19523400905014388,12.651497187629793,0.23923306905628383,10.320649780327198,4.930827344651334e-05,overdamped
237,0.14173633390294238,0.14365383982658386,2.5633674391768535,2.5679397583007812,0.0019175059236414826,1.3528682948400124,0.004572319123927748,0.17837158473839426,3.0940413125790656e-05,underdamped
238,0.3662795762165774,0.38292768597602844,1.1796565641082561,1.2138234376907349,0.016648109759451024,4.5451919354649375,0.03416687358247872,2.8963407335682194,1.724494904919993e-05,underdamped
239,0.8362260412266531,0.8118956089019775,2.642996580750247,2.6577134132385254,0.024330432324675577,2.909552097777948,0.014716832488278264,0.5568237429993462,2.524396768421866e-05,underdamped
240,1.0300244016279965,0.7664161920547485,3.714500994034247,2.6817355155944824,0.26360820957324793,25.59242374807861,1.0327654784397646,27.80361292400943,8.865838753990829e-05,overdamped
241,1.127715244756713,1.0780552625656128,0.6027801505005785,0.5733314752578735,0.04965998219110013,4.403592344964132,0.029448675242705002,4.885475279544186,4.016177626908757e-06,overdamped
242,1.5810811529538857,1.3969800472259521,2.40252538401316,2.1587915420532227,0.1841011057279336,11.644001029547605,0.24373384195993752,10.144901842943543,6.127367669250816e-05,overdamped
243,1.1198326572548132,1.0941540002822876,0.9824596995835906,0.9999815225601196,0.025678656972525582,2.2930798460079655,0.017521822976529045,1.7834648061345986,7.609286967635853e-06,overdamped
244,0.13621178081248791,0.1458842009305954,3.578789699036625,3.570005178451538,0.009672420118107483,7.101015830211299,0.008784520585086941,0.24546065356820623,0.00010231101623503491,underdamped
245,1.8324255816009307,1.4679421186447144,3.098127787903771,2.5239109992980957,0.36448346295621636,19.890764821007302,0.5742167886056753,18.534315816398166,8.015945059014484e-05,overdamped
246,1.0,0.9681769609451294,0.482002606188445,0.49666494131088257,0.031823039054870605,3.1823039054870605,0.014662335122437586,3.0419617931910437,2.430761242067092e-06,critically_damped
247,0.06125073949912678,0.12685146927833557,3.067409666565471,2.9850757122039795,0.06560072977920879,107.10193920212836,0.08233395436149138,2.684152536223809,0.002980842487886548,underdamped
248,0.7172378578571444,0.7343541383743286,2.9558781371277787,3.0200400352478027,0.017116280517184168,2.3864162118159267,0.06416189812002404,2.1706543755680685,1.3759500689047854e-05,underdamped
249,0.10854834001390938,0.11682616919279099,3.83769384717035,3.832448720932007,0.008277829178881604,7.625938063926988,0.005245126238343278,0.1366739100934451,8.497278759023175e-05,underdamped
250,1.6012771017014482,1.017366886138916,3.540850060478052,2.178513526916504,0.5839102155625322,36.46528230136397,1.3623365335615483,38.47484390168214,0.00011064997670473531,overdamped
251,0.6291162994062989,0.6396371722221375,2.812045405743629,2.932464838027954,0.010520872815838578,1.6723255820533012,0.12041943228432528,4.282271973218052,2.2771106159780174e-05,underdamped
252,0.8384223519671686,0.7676886916160583,0.3477278342959205,0.34182849526405334,0.07073366035111028,8.436518919748469,0.005899339031867179,1.6965392039472948,2.7796772883448284e-06,underdamped
253,0.7609127634679053,0.7580255270004272,2.5700361991468137,2.5601677894592285,0.002887236467478016,0.37944382143351935,0.009868409687585178,0.3839794042924857,6.437729098252021e-06,underdamped
254,1.0,0.9478697180747986,1.8761309024295396,1.8294874429702759,0.052130281925201416,5.213028192520142,0.046643459459263736,2.486151653856439,1.3705576748179737e-05,critically_damped
255,0.32914967114779864,0.3514825403690338,3.1474051628506996,3.1074142456054688,0.022332869221235174,6.785019454328121,0.03999091724523085,1.27059959477889,4.045678360853344e-05,underdamped
256,1.0,0.9762154221534729,2.412679396253082,2.41528582572937,0.0237845778465271,2.37845778465271,0.0026064294762879747,0.1080304942436939,1.9621480532805435e-05,critically_damped
257,0.07791373856190677,0.09114452451467514,0.9775869622292845,0.9740853905677795,0.013230785952768373,16.981326011273072,0.0035015716615049985,0.3581851842131805,4.4475462345872074e-05,underdamped
258,1.0,0.986312747001648,0.8296479042065175,0.8540451526641846,0.01368725299835205,1.368725299835205,0.02439724845766711,2.9406749940507413,5.796553978143493e-06,critically_damped
259,1.0,0.9674988985061646,2.4468296670123655,2.4122941493988037,0.03250110149383545,3.250110149383545,0.03453551761356177,1.4114393853876401,2.6435986001160927e-05,critically_damped
260,0.025963295658587134,0.027693502604961395,1.5961812254242655,1.5997906923294067,0.0017302069463742617,6.66404977675479,0.00360946690514119,0.22613139709006363,5.605373007711023e-05,underdamped
261,1.0,0.7889115214347839,3.786313038563942,2.4341189861297607,0.21108847856521606,21.108847856521606,1.3521940524341813,35.712685101891,0.00011564066517166793,critically_damped
262,1.9224848137642403,1.5384807586669922,2.4287715411827446,1.9648916721343994,0.3840040550972481,19.97436090771324,0.4638798690483452,19.099362010082206,5.905138095840812e-05,overdamped
263,0.04504001326920953,0.047289054840803146,3.198341276496311,3.182629346847534,0.002249041571593613,4.993430082160107,0.015711929648776657,0.49125244276585195,4.579077722155489e-05,underdamped
264,1.071092054319551,0.8236333727836609,3.535294145492643,2.0464577674865723,0.24745868153589012,23.10339998676369,1.488836378006071,42.11350786480602,0.00012830768537241966,overdamped
265,0.6882584596199053,0.6896697878837585,0.3030766283172564,0.29657575488090515,0.001411328263853262,0.20505788837418376,0.006500873436351251,2.1449603265172352,3.110568513875478e-06,underdamped
266,0.7272085762295208,0.7167239189147949,2.2654399993826884,2.301119565963745,0.01048465731472592,1.4417675557523628,0.035679566581056754,1.57495085240744,3.1575577850162517e-06,underdamped
267,0.11795348509729471,0.12912341952323914,3.496446848756325,3.4913718700408936,0.011169934425944425,9.4697790546255,0.0050749787154313886,0.14514674282083087,0.0001443064393242821,underdamped
268,0.5309556419684931,0.546203076839447,2.902808936368782,3.007200002670288,0.015247434870953924,2.8716965534869874,0.10439106630150619,3.5962086582278596,2.532488178985659e-05,underdamped
269,0.34397732880922666,0.35217028856277466,2.271099128116801,2.29349422454834,0.008192959753548001,2.3818313206600603,0.022395096431538697,0.9860906621944214,2.2560869183507748e-05,underdamped
270,1.0,0.9798075556755066,0.5612584875749445,0.5690600872039795,0.020192444324493408,2.019244432449341,0.007801599629035039,1.3900190022504195,4.102868842892349e-06,critically_damped
271,1.1235443093302286,0.8720818161964417,3.5917013135338696,2.5729241371154785,0.251462493133787,22.381181680648602,1.018777176418391,28.364752174117108,7.870078115956858e-05,overdamped
272,1.9760301407047278,1.2108653783798218,3.8742973099855256,2.1699275970458984,0.765164762324906,38.7223224263178,1.7043697129396271,43.99171195630298,4.282467853045091e-05,overdamped
273,1.0,1.0142207145690918,0.306563243710807,0.31733807921409607,0.014220714569091797,1.4220714569091797,0.01077483550328906,3.5147186508286623,2.756035428319592e-06,critically_damped
274,0.5242139802646357,0.5398663282394409,1.5596459245795686,1.612120270729065,0.015652347974805192,2.9858700004344625,0.05247434614949631,3.364503784000958,3.890723019139841e-05,underdamped
275,0.2849673479147404,0.2875029146671295,1.5992730117510598,1.6065245866775513,0.00253556675238914,0.8897744850219677,0.007251574926491422,0.45342945658487666,2.5070443371078e-05,underdamped
276,1.4502835197050956,1.3845864534378052,0.7287057916149369,0.7321615815162659,0.06569706626729044,4.529946412178044,0.0034557899013289983,0.47423664544649435,6.993306669755839e-06,overdamped
277,1.0,0.9587764739990234,1.936185097750377,1.9078370332717896,0.04122352600097656,4.122352600097656,0.028348064478587398,1.4641195468100943,9.881666301225778e-06,critically_damped
278,0.032756312534816485,0.03846428543329239,0.8759042605523146,0.8785892724990845,0.0057079728984759034,17.425566117703063,0.002685011946769844,0.30654171553826776,5.2558658353518695e-05,underdamped
279,1.5256001984125094,1.423270344734192,2.0930399431060134,1.995086431503296,0.10232985367831748,6.7075144447935084,0.09795351160271748,4.679963797411204,1.1691472536767833e-05,overdamped
280,0.2042238042160269,0.20493584871292114,2.118094919420984,2.111816644668579,0.000712044496894243,0.3486589135030733,0.006278274752404833,0.29641139756480334,1.1770121091103647e-05,underdamped
281,1.426781252517783,1.3326061964035034,1.760108129697132,1.6105449199676514,0.09417505611427957,6.6005251995071195,0.14956320972948056,8.497387586932879,3.561050834832713e-05,overdamped
282,0.22545103196018446,0.2549208104610443,2.817995314984632,2.7794246673583984,0.029469778500859856,13.071476428666044,0.03857064762623352,1.3687264638494927,0.0006175397429615259,underdamped
283,1.1831578491989456,1.1561428308486938,0.5368763530906036,0.5441111326217651,0.027015018350251774,2.2832979021812037,0.007234779531161584,1.3475690425762965,6.8926219682907686e-06,overdamped
284,0.09450059779623483,0.0969933494925499,0.8124395719414208,0.8126180171966553,0.0024927516963150625,2.637815796350847,0.00017844525523447174,0.02196412648980842,6.203193333931267e-05,underdamped
285,0.4399984147978359,0.45177561044692993,1.3528612026816247,1.3732000589370728,0.011777195649094019,2.676645018029266,0.020338856255448068,1.5033956340186738,6.889549240440829e-06,underdamped
286,1.0829468538398321,1.0615386962890625,1.1520199836925664,1.1313469409942627,0.021408157550769635,1.9768428593575194,0.020673042698303723,1.794503827272204,2.9051593628537375e-06,overdamped
287,1.0,0.984733521938324,0.9388524127875646,0.9405681490898132,0.015266478061676025,1.5266478061676025,0.0017157363022486383,0.18274824443965723,4.423150130605791e-06,critically_damped
288,0.9130377763804716,0.7281183004379272,3.350791127008642,2.3128578662872314,0.18491947594254432,20.253211939993886,1.0379332607214105,30.975767255537846,6.322689296212047e-05,underdamped
289,1.0,0.8176339864730835,3.8102861945198114,2.5007524490356445,0.1823660135269165,18.23660135269165,1.309533745484167,34.36838280986922,0.00014188837667461485,critically_damped
290,1.5348190971599165,1.087069034576416,3.9499268901325952,2.406039237976074,0.4477500625835005,29.172823260541453,1.543887652156521,39.086486790764226,8.555945896659978e-06,overdamped
291,1.755249074088597,1.581936001777649,1.2756364577823354,1.159725546836853,0.17331307231094817,9.873987394121828,0.11591091094548234,9.08651600840813,1.7455749912187457e-05,overdamped
292,1.0,0.9788031578063965,1.902822541746709,1.8741474151611328,0.021196842193603516,2.1196842193603516,0.02867512658557625,1.5069784993851145,1.3313298950379249e-05,critically_damped
293,0.5469602438528511,0.5813852548599243,3.884085962382271,3.066906213760376,0.03442501100707318,6.293878100642091,0.817179748621895,21.039177725116176,6.414934614440426e-05,underdamped
294,1.1331818456058609,0.8936641812324524,3.9267443980121883,2.204435110092163,0.2395176643734085,21.136736817853738,1.7223092879200252,43.86099815388797,6.527847290271893e-05,overdamped
295,1.0710765065956578,1.0257941484451294,2.2450260658842103,2.210653066635132,0.04528235815052839,4.227742637587601,0.03437299924907844,1.5310735038410581,2.541649155318737e-05,overdamped
296,1.0,0.9759441018104553,1.013925827116557,0.9674539566040039,0.024055898189544678,2.4055898189544678,0.04647187051255308,4.583359972663055,1.3947569641459268e-06,critically_damped
297,1.9439755560745908,1.5893481969833374,2.7982856450042553,2.279761791229248,0.3546273590912534,18.24237748170771,0.5185238537750072,18.53005445318713,7.475099118892103e-05,overdamped
298,0.29017975736611157,0.29517877101898193,2.2199216769094745,2.2524895668029785,0.0049990136528703655,1.7227299720163636,0.03256788989350401,1.4670738266245635,3.9766757254255936e-05,underdamped
299,1.0,0.9961368441581726,2.8074266181461707,2.8235464096069336,0.0038631558418273926,0.38631558418273926,0.016119791460762922,0.5741838934122279,2.1265823306748644e-05,critically_damped
300,0.8897982690943043,0.8970775604248047,0.6881657476200649,0.6679322719573975,0.007279291330500426,0.8180833322939335,0.02023347566266742,2.940203829185391,4.956353222951293e-06,underdamped
301,0.44197276330692903,0.4419051706790924,2.656339860080925,2.740159034729004,6.759262783662123e-05,0.01529339213821223,0.08381917464807875,3.155438651043892,1.2743961633532308e-05,underdamped
302,1.0,0.9521550536155701,2.568532095917958,2.5441396236419678,0.04784494638442993,4.784494638442993,0.024392472275990063,0.949665854468232,2.4955978005891666e-05,critically_damped
303,1.0,0.9767999053001404,1.5491150001462264,1.5274156332015991,0.02320009469985962,2.320009469985962,0.021699366944627263,1.4007589457579963,6.496642527054064e-06,critically_damped
304,1.426299336454094,1.2544361352920532,2.816414440803789,2.5131375789642334,0.17186320116204068,12.049588523914466,0.3032768618395556,10.7681901301785,6.963552732486278e-05,overdamped
305,0.052363282379726636,0.05469442903995514,2.010401981570594,2.0133421421051025,0.002331146660228503,4.451872675443752,0.002940160534508518,0.14624739536973422,4.715730756288394e-05,underdamped
306,1.0,0.9902296662330627,1.514254978764847,1.5144025087356567,0.009770333766937256,0.9770333766937256,0.00014752997080980101,0.009742742991021156,5.872564997844165e-06,critically_damped
1,1.4000394901330115,1.219085454940796,3.175640853179312,2.820956230163574,0.18095403519221565,12.924923651619569,0.3546846230157379,11.168914855741424,6.981031037867069e-05,overdamped
2,1.0892015883527422,1.033878207206726,2.794295848149711,2.734254837036133,0.05532338114601609,5.079260050445263,0.06004101111357807,2.148699149137527,4.177281152806245e-05,overdamped
3,1.696145626528384,1.4872652292251587,1.745712987139034,1.5586017370224,0.20888039730322538,12.315003737665792,0.1871112501166341,10.718328356099466,2.463816781528294e-05,overdamped
4,1.4124010748187494,1.3466899394989014,1.359597656585362,1.3079675436019897,0.06571113531984807,4.65244161105447,0.05163011298337228,3.797455279015531,1.8089451259584166e-05,overdamped
5,1.0,0.9613591432571411,1.8263915750984256,1.7555733919143677,0.03864085674285889,3.8640856742858887,0.07081818318405797,3.877491779397938,1.263630656467285e-05,critically_damped
6,1.1580417654182396,1.1296552419662476,0.8875230904467588,0.8821164965629578,0.028386523451991996,2.4512521309401905,0.0054065938838010474,0.6091778278218645,3.3567589525773656e-06,overdamped
7,1.4691243220270696,1.282422423362732,2.514791441368784,2.2251265048980713,0.18670189866433762,12.708379805919346,0.2896649364707127,11.518447681412896,8.619731670478359e-05,overdamped
8,0.08823478737546196,0.09140489250421524,2.709529254270136,2.7073616981506348,0.0031701051287532783,3.5928064463550604,0.002167556119501146,0.0799975167673552,4.6631626901216805e-05,underdamped
9,1.866890873034976,1.5114378929138184,2.8317762260457036,2.3448829650878906,0.35545298012115767,19.039837049677317,0.48689326095781293,17.193917248105137,7.654307410120964e-05,overdamped
10,1.5482972714978134,1.3922185897827148,1.287946319703935,1.1792722940444946,0.15607868171509853,10.080666328637843,0.10867402565944029,8.437776015728792,1.3565919289248995e-05,overdamped
11,1.0667791255951526,1.0336699485778809,1.7450378480282414,1.6898640394210815,0.033109177017271785,3.1036581259312026,0.05517380860715981,3.161754266218465,7.749750693619717e-06,overdamped
12,0.059831267750834305,0.06057126820087433,1.4501689262052746,1.4622091054916382,0.0007400004500400237,1.2368122519511628,0.012040179286363584,0.8302604661285694,5.764371599070728e-05,underdamped
13,0.8331707094434335,0.8483722805976868,0.8091294521078689,0.7893882989883423,0.015201571154253246,1.8245445959577782,0.019741153119526622,2.4398015753967184,2.1629291495628422e-06,underdamped
14,1.0610368187547858,1.0489137172698975,1.4720879164483558,1.4611753225326538,0.012123101484888377,1.1425712350977448,0.010912593915701985,0.741300420563898,6.8109015955997165e-06,overdamped
15,0.3715929078673102,0.37552452087402344,0.7815900870193273,0.7881441712379456,0.0039316130067132415,1.0580430690343414,0.00655408421861825,0.8385577462494326,1.3553398275689688e-05,underdamped
16,0.775174948947462,0.7857863306999207,2.0840926806414175,2.1315927505493164,0.010611381752458682,1.3689015320821307,0.0475000699078989,2.2791726274514765,9.640971256885678e-06,underdamped
17,0.9529867916637644,0.8184940814971924,3.806127185713307,2.549276113510132,0.13449271016657205,14.112757001780581,1.2568510722031752,33.02178332140071,9.274802869185805e-05,underdamped
18,1.6158030254218683,1.084302306175232,3.9657061203058226,2.259270429611206,0.5315007192466363,32.89390543800148,1.7064356906946165,43.029807023699014,1.2524651538114995e-05,overdamped
19,0.19213631901477593,0.19706183671951294,2.939512827982693,2.9370059967041016,0.004925517704737009,2.5635536945819286,0.002506831278591637,0.08528050140580629,1.2842423529946245e-05,underdamped
20,1.0,0.9735181927680969,2.866865489260487,2.8289968967437744,0.026481807231903076,2.6481807231903076,0.037868592516712596,1.320905799681619,4.219660331727937e-05,critically_damped
21,1.1767301931555123,1.1033695936203003,2.9530401635573593,2.8250250816345215,0.07336059953521201,6.23427527923701,0.12801508192283784,4.3350267802868405,4.0608876588521525e-05,overdamped
22,0.8115723379445067,0.7980527877807617,1.5501938286616095,1.5952942371368408,0.013519550163744953,1.665846595755878,0.045100408475231335,2.909339957453557,7.691335667914245e-06,underdamped
23,0.3770041864121689,0.37251102924346924,0.8787012957587386,0.8867642879486084,0.004493157168699635,1.191805643183862,0.008062992189869833,0.9176033117041922,1.6339583453373052e-05,underdamped
24,1.8190868090451633,1.593559741973877,2.1214996224115152,1.8665422201156616,0.22552706707128634,12.397817737442956,0.2549574022958536,12.017791547190697,4.253645965945907e-05,overdamped
25,0.525061802586624,0.5276668667793274,2.506484404603324,2.5624139308929443,0.0026050641927033436,0.4961442976560008,0.055929526289620224,2.231393348664047,1.1564292435650714e-05,underdamped
26,1.9859705309003868,1.1352838277816772,3.545729107748796,2.044102430343628,0.8506867031187095,42.83480997741847,1.5016266774051679,42.35029331833417,5.414266342995688e-05,overdamped
27,1.124214706777062,1.0820306539535522,1.7198581376284536,1.690039038658142,0.04218405282350979,3.752312842841605,0.02981909897031154,1.7338115463075163,1.6031204722821712e-05,overdamped
28,1.953024557457062,1.6756534576416016,1.8225267668341492,1.582563042640686,0.2773710998154604,14.202130677589214,0.23996372419346312,13.166540462409568,4.555369014269672e-05,overdamped
29,1.0300793883439485,0.9702904224395752,2.8316932669724686,2.7477359771728516,0.059788965904373326,5.804306598202652,0.08395728979961703,2.964914695346956,4.994411938241683e-05,overdamped
30,1.9522000775866943,1.138282060623169,3.4873220840044943,1.720623254776001,0.8139180169635254,41.69234630754083,1.7666988292284933,50.66061541409997,4.174791229161201e-06,overdamped
31,0.22776452987598592,0.2335900068283081,1.9272337211407018,1.94217848777771,0.005825476952322189,2.557675225152076,0.014944766637008167,0.7754516991412217,3.6573397665051743e-05,underdamped
32,0.090409212924686,0.09317266196012497,2.775891384153861,2.7632017135620117,0.0027634490354389724,3.0566011427851065,0.012689670591849112,0.4571385848988158,1.8358117813477293e-05,underdamped
33,0.888912294896683,0.8908528089523315,0.33545279489161495,0.34259453415870667,0.0019405140556485456,0.21830208298267365,0.007141739267091718,2.128984875323283,4.8430770220875274e-06,underdamped
34,0.42694099180489115,0.42930877208709717,1.76569864384135,1.8075199127197266,0.0023677802822060223,0.5545919290148837,0.04182126887837656,2.3685394460853564,3.205109169357456e-05,underdamped
35,1.2617811435897803,1.240568995475769,0.3028820248135595,0.2926630973815918,0.021212148114011287,1.6811273668001177,0.010218927431967728,3.3738969614515875,6.5119354530907e-07,overdamped
36,1.0,0.8027127981185913,3.733579327664756,2.349458694458008,0.1972872018814087,19.72872018814087,1.3841206332067482,37.07221708002318,0.00011808533599833027,critically_damped
37,0.7211018940156707,0.6866717338562012,3.8276366594499893,2.6724469661712646,0.034430160159469536,4.774659510008347,1.1551896932787247,30.18023381155303,7.041004573693499e-05,underdamped
38,0.301548878282977,0.3146807849407196,0.6447494830396447,0.634382426738739,0.013131906657742609,4.354818606030255,0.01036705630090573,1.6079200640891829,2.2662499759462662e-05,underdamped
39,0.19575574200852275,0.2056921124458313,2.6427818958351956,2.65360426902771,0.00993637043730855,5.0759024156113615,0.010822373192514334,0.40950686129526975,2.4047605620580725e-05,underdamped
40,0.7862385923440355,0.7413878440856934,3.608436698407868,3.5780017375946045,0.04485074825834212,5.704470461647947,0.03043496081326369,0.8434389558972268,6.93230758770369e-05,underdamped
41,0.6504666390544603,0.6461305022239685,2.5265010227691587,2.5614001750946045,0.004336136830491832,0.6666194036937826,0.034899152325445826,1.3813234988203087,1.0112327800015919e-05,underdamped
42,1.7982546462701199,1.4863418340682983,2.2612045154155482,1.9148720502853394,0.31191281220182154,17.345308288166013,0.3463324651302089,15.316282219017344,3.897871283697896e-05,overdamped
43,1.1561638129529201,1.148391604423523,0.8659768116418671,0.8508350849151611,0.007772208529397195,0.6722411169007662,0.015141726726705995,1.7485141083625226,9.693483207229292e-07,overdamped
44,1.1401234093945938,1.0998096466064453,1.4216957103864336,1.3904356956481934,0.040313762788148466,3.535912205289697,0.03126001473824025,2.198783784030931,6.226866844372125e-06,overdamped
45,1.5735000133962895,1.5130441188812256,0.5495110845545695,0.5137195587158203,0.060455894515063946,3.84212863046465,0.03579152583874923,6.513340102640811,5.76386992179323e-06,overdamped
46,1.937356430213613,1.5832988023757935,2.779500566355157,2.2755179405212402,0.3540576278378196,18.275296291182784,0.5039826258339168,18.13212891317394,6.057678911020048e-05,overdamped
47,1.6196125201763172,1.5182578563690186,0.8277971993412978,0.8008798360824585,0.10135466380729863,6.2579575388973145,0.02691736325883931,3.251685712425487,6.320953161775833e-06,overdamped
48,0.6385793427796044,0.6403477191925049,1.610027168949259,1.6204591989517212,0.0017683764129005075,0.2769235229569327,0.01043203000246229,0.6479412399773647,8.219268238462973e-06,underdamped
49,1.3771353290683865,1.0093460083007812,3.740822494818554,2.3452014923095703,0.3677893207676053,26.706839408180006,1.3956210025089835,37.30786489982004,2.381555168540217e-05,overdamped
50,0.5267447742110427,0.5286809802055359,2.788584066384584,2.872490167617798,0.0019362059944931787,0.3675795355337363,0.08390610123321407,3.008914174210241,2.0293620764277875e-05,underdamped
51,1.1347868207065412,1.0950140953063965,1.5353382907647894,1.5256236791610718,0.03977272540014476,3.5048631755682056,0.009714611603717671,0.6327342750553421,1.6641111869830638e-05,overdamped
52,0.9640116357143806,0.9520485997200012,1.2587423174804426,1.2544007301330566,0.011963035994379423,1.2409638588557304,0.004341587347385989,0.34491470470908714,5.855049494130071e-06,underdamped
53,1.8900347446629646,1.4709466695785522,3.355189097551938,2.6227898597717285,0.41908807508441237,22.173564600747333,0.7323992377802093,21.828851265479884,9.916646376950666e-05,overdamped
54,1.4815426108031167,1.3792115449905396,0.5188604024304337,0.49007800221443176,0.10233106581257712,6.907061941141561,0.02878240021600198,5.54723391516873,5.184541805647314e-06,overdamped
55,1.0,0.9886365532875061,1.5251745097742537,1.5476490259170532,0.011363446712493896,1.1363446712493896,0.022474516142799494,1.473570138942725,1.0608087904984131e-05,critically_damped
56,1.0,0.8207071423530579,3.530179591499143,2.13911771774292,0.17929285764694214,17.929285764694214,1.391061873756223,39.40484719547903,0.00011627210187725723,critically_damped
57,1.4534478106404463,1.4190131425857544,0.8985287721475239,0.8619678020477295,0.034434668054691864,2.3691712769183364,0.03656097009979442,4.0689815655443144,5.97846928940271e-06,overdamped
58,0.10559842724954016,0.10774841159582138,3.1377497711564435,3.138505697250366,0.0021499843462812196,2.036000347998158,0.0007559260939227208,0.024091344085864375,3.57870630978141e-05,underdamped
59,1.9507263474187968,1.5965335369110107,2.3457432903484845,1.9520374536514282,0.35419281050778606,18.15697065744021,0.3937058366970563,16.783841536154075,8.719461766304448e-05,overdamped
60,1.739668658674129,1.498037338256836,1.7086127251922036,1.4773528575897217,0.24163132041729307,13.889502418319703,0.23125986760248196,13.534949388631487,1.7975962691707537e-05,overdamped
61,1.0,1.0221706628799438,0.3292925244051622,0.3277321755886078,0.022170662879943848,2.2170662879943848,0.0015603488165544244,0.47384884287095685,3.20354388350097e-06,critically_damped
62,1.9154156100790494,1.5786678791046143,2.1142239102564915,1.776984453201294,0.3367477309744351,17.580922344082676,0.33723945705519753,15.950981133984273,6.207101978361607e-05,overdamped
63,1.2507018153063856,1.2086997032165527,1.201785786375389,1.188143014907837,0.042002112089832844,3.3582834514031266,0.013642771467551995,1.1352082560985248,5.925044206378516e-06,overdamped
64,1.9994805636412212,1.571554183959961,2.012037703247358,1.5947514772415161,0.42792637968126024,21.40187744070743,0.41728622600584186,20.739483426794468,7.14860507287085e-05,overdamped
65,0.46796469351041614,0.4646912217140198,2.406856370660881,2.455822706222534,0.0032734717963963655,0.6995125576334753,0.048966335561653196,2.034451916555698,1.894087290565949e-05,underdamped
66,1.7532358241668158,1.0692498683929443,3.9772887268286308,2.2880616188049316,0.6839859557738714,39.01277548323653,1.6892271080236991,42.47182500553933,0.00014077262312639505,overdamped
67,1.3853646646091986,1.2598634958267212,2.212660805274179,2.0283141136169434,0.1255011687824774,9.059071014914357,0.1843466916572356,8.331448327634318,3.8920385122764856e-05,overdamped
68,0.4277346806460496,0.4754839241504669,3.468064301347129,2.8442232608795166,0.04774924350441734,11.16328548162075,0.6238410404676125,17.98816245204245,1.618051464902237e-05,underdamped
69,0.5301442545094821,0.5891910791397095,3.92673563839154,3.1244492530822754,0.05904682463022737,11.13787881844738,0.8022863853092645,20.431382685030847,0.00011227133654756472,underdamped
70,1.9025934817993242,1.7539138793945312,0.4461158681036107,0.3953370749950409,0.14867960240479294,7.814575411253033,0.05077879310856981,11.382422536195552,3.661055643533473e-06,overdamped
71,0.30292852862678765,0.33042672276496887,3.385943768978012,3.165090560913086,0.02749819413818122,9.077452778328249,0.22085320806492614,6.522648429320692,3.943577758036554e-05,underdamped
72,1.5757939934803713,1.3265116214752197,3.1515788960846276,2.7066457271575928,0.24928237200515158,15.81947723094026,0.44493316892703483,14.117786150928943,8.132165385177359e-05,overdamped
73,1.5890100927688535,1.4465467929840088,1.8839884511586793,1.7647671699523926,0.14246329978484473,8.965537754175125,0.11922128120628672,6.328132273473543,3.2035015465226024e-05,overdamped
74,1.4603359231651005,1.3894104957580566,0.8800511919238658,0.8243663311004639,0.07092542740704388,4.856788515708197,0.05568486082340196,6.327457008684935,2.7154883355251513e-06,overdamped
75,1.404714658538675,0.8946853280067444,3.9847941452207047,2.4991283416748047,0.5100293305319306,36.30839383868281,1.4856658035459,37.283376490797714,0.00024281170044559985,overdamped
76,0.515594659673389,0.566989004611969,3.7128090772834406,2.832038640975952,0.05139434493857997,9.967974643324752,0.8807704363074884,23.72248122577646,3.951295366277918e-05,underdamped
77,1.6493333954360034,1.4991685152053833,0.7017712512059642,0.6600602865219116,0.15016488023062013,9.104580107706111,0.041710964684052554,5.94366962345266,7.404168172797654e-06,overdamped
78,1.4839062010294344,1.3366210460662842,2.791487633343801,2.537611484527588,0.1472851549631502,9.925503031187123,0.2538761488162131,9.094654254731767,5.489269096869975e-05,overdamped
79,0.2135143294723683,0.22086070477962494,2.2207844798062273,2.2365193367004395,0.007346375307256625,3.440694273499497,0.015734856894212168,0.7085269659118429,3.716492574312724e-05,underdamped
80,0.4532260347537241,0.47172147035598755,2.270348643600116,2.3442676067352295,0.018495435602263466,4.080841386861987,0.07391896313511337,3.2558419317439844,5.894956848351285e-05,underdamped
81,1.0,0.9721066951751709,3.265164734171328,3.2359893321990967,0.0278933048248291,2.78933048248291,0.02917540197223145,0.8935353756243458,3.5988599847769365e-05,critically_damped
82,1.3774292457829078,1.3357127904891968,1.095193445667125,1.028944492340088,0.04171645529371104,3.0285733674835766,0.06624895332703717,6.049064079878815,7.4884010246023536e-06,overdamped
83,1.5204901919438423,1.3727145195007324,0.5214938686994661,0.4939117133617401,0.14777567244310985,9.71894940369124,0.02758215533772601,5.289066083655423,3.0759506444155704e-06,overdamped
84,1.4893201623876442,1.3708782196044922,0.5057844532506522,0.47376516461372375,0.11844194278315201,7.952752253972617,0.03201928863692849,6.330619383641009,1.9514361611072673e-06,overdamped
85,0.1735714424277612,0.17885294556617737,2.5059612707372882,2.527590036392212,0.00528150313841616,3.0428410714016345,0.021628765654923665,0.8630925747930727,2.8457869120757096e-05,underdamped
86,0.8518920373443318,0.8304340243339539,0.370272547373189,0.34705835580825806,0.021458013010377974,2.5188653103591245,0.02321419156493093,6.269487632723118,7.357860795309534e-06,underdamped
87,1.0,0.9288110733032227,3.5274300798036307,3.364755868911743,0.07118892669677734,7.118892669677734,0.1626742108918875,4.611692002721241,5.6190321629401296e-05,critically_damped
88,0.6115603149340086,0.6286519169807434,1.6868390899217438,1.7250993251800537,0.017091602046734766,2.79475329405229,0.038260235258309905,2.268161526899693,1.1119823284388985e-05,underdamped
89,1.4536360754178836,1.4611339569091797,0.3543829005606618,0.33996760845184326,0.007497881491296043,0.5158018308771397,0.014415292108818534,4.067716609918932,3.2761931834102143e-06,overdamped
90,0.9282146287789971,0.7917720079421997,3.3062693221431414,2.773968458175659,0.13644262083679737,14.699468916610192,0.5323008639674822,16.09974300649053,3.143510184600018e-05,underdamped
91,0.8108308413673939,0.7929843068122864,2.439125411960588,2.4754722118377686,0.01784653455510754,2.2010182203985913,0.03634679987718048,1.4901570742918315,1.4255198038881645e-05,underdamped
92,0.831057211421824,0.7901442646980286,0.4283458090423482,0.41898173093795776,0.04091294672379542,4.923000024727422,0.009364078104390439,2.1861024216218405,2.714173433560063e-06,underdamped
93,0.31875700000630586,0.3291645348072052,2.420754429697075,2.454293727874756,0.010407534800899343,3.2650372543013813,0.033539298177680976,1.3854894889886857,2.505364318494685e-05,underdamped
94,1.2055706594369542,1.1310949325561523,1.7060219165261221,1.6284620761871338,0.07447572688080184,6.177632666971569,0.07755984033898833,4.546239388115197,2.6364039513282478e-05,overdamped
95,0.2175844775526569,0.22106055915355682,2.0445151572145264,2.0447206497192383,0.003476081600899933,1.5975779338664902,0.00020549250471191272,0.010050916178673791,1.264288312086137e-05,underdamped
96,1.8615522038548222,1.171077013015747,3.7931593711393288,2.074010133743286,0.6904751908390752,37.091368665851476,1.7191492373960426,45.322357148407185,5.402363058237825e-06,overdamped
97,0.021129622197619363,0.02262764610350132,3.2768567751017477,3.2758688926696777,0.0014980239058819574,7.089686184974651,0.0009878824320699309,0.030147256955997313,2.9255948902573436e-05,underdamped
98,1.025001933261847,0.8528106808662415,3.585981059955021,2.262799024581909,0.1721912523956055,16.79911489021724,1.3231820353731116,36.89874578951927,8.973098010756075e-05,overdamped
99,1.48818870137839,1.0170414447784424,3.5195475062685384,2.4351165294647217,0.4711472565999477,31.659107219639672,1.0844309768038167,30.811659023564136,9.244771354133263e-05,overdamped
100,1.0,0.9608622789382935,1.6575006002436625,1.628313660621643,0.03913772106170654,3.9137721061706543,0.02918693962201946,1.760900696972828,8.894325219444e-06,critically_damped
101,0.0795066915497555,0.08663325011730194,0.6628234759585931,0.6536985635757446,0.0071265585675464455,8.963470154064487,0.009124912382848516,1.3766730832295615,2.6747098672785796e-05,underdamped
102,0.33597594142110465,0.3392566442489624,2.0220000360552715,2.0302021503448486,0.003280702827857751,0.9764695692141218,0.008202114289577178,0.4056436272661359,1.6521569705219008e-05,underdamped
103,1.4512842538234274,1.351815938949585,1.2709410945883826,1.199933648109436,0.09946831487384244,6.8538134146906,0.07100744647894652,5.586997444751251,9.474674698140007e-06,overdamped
104,1.0,0.9822578430175781,1.0696349467591835,1.0523619651794434,0.017742156982421875,1.7742156982421875,0.01727298157974011,1.6148482837134652,3.214692242181627e-06,critically_damped
105,1.198525634241384,1.1638199090957642,0.4970409210723638,0.50130295753479,0.03470572514561976,2.8957015314559387,0.004262036462426233,0.8574820063569225,2.2028548301022965e-06,overdamped
106,0.9027633914029366,0.9091086983680725,0.86904358722465,0.8685653805732727,0.006345306965135911,0.7028759723270354,0.000478206651377322,0.05502677407752441,6.860612757009221e-06,underdamped
107,1.2128238633405182,1.1278996467590332,1.3680897842305548,1.282767415046692,0.08492421658148497,7.002188788368294,0.08532236918386293,6.236605971869763,1.5199149174804916e-06,overdamped
108,1.1892459566866498,0.9012767672538757,3.393834345997559,2.5755255222320557,0.28796918943277405,24.214435021926253,0.8183088237655034,24.11163128013473,4.6043929614825174e-05,overdamped
109,1.2179730706328598,1.1318598985671997,2.710177392511417,2.55320143699646,0.08611317206566005,7.07020328626113,0.15697595551495702,5.7920915416349725,4.480946881812997e-05,overdamped
110,1.4870858076437634,1.3375494480133057,2.948878827238762,2.6796576976776123,0.14953635963045775,10.05566449910466,0.26922112956114974,9.129609771495426,4.0672708564670756e-05,overdamped
111,1.641670595655803,1.4039841890335083,2.2017303708115605,1.9353246688842773,0.2376864066222948,14.47832514337905,0.2664057019272832,12.099833179350009,6.655690231127664e-05,overdamped
112,1.815547510832627,1.570478916168213,2.4460756239133232,2.122738838195801,0.24506859466441422,13.498330019026794,0.32333678571752245,13.21859318479435,3.683262912090868e-05,overdamped
113,0.5735477022975837,0.5775154232978821,1.520961878443887,1.5336977243423462,0.003967721000298408,0.6917857022884152,0.01273584589845922,0.8373547081593791,7.78731373429764e-06,underdamped
114,0.5488540698909258,0.5791249871253967,1.062919487915033,1.065696120262146,0.03027091723447095,5.51529430044797,0.002776632347113006,0.26122696767555764,1.1456443644419778e-05,underdamped
115,1.8688319413472791,1.519374966621399,2.715325405189051,2.244410276412964,0.3494569747258802,18.699218853994413,0.4709151287760873,17.342861664983406,7.463286601705477e-05,overdamped
116,1.7393510776113734,1.5554903745651245,0.5079429659739574,0.4772518277168274,0.1838607030462489,10.570649330826427,0.03069113825712999,6.04224102174171,5.570993380388245e-06,overdamped
117,0.2434858575308171,0.2536095380783081,1.1999572988464149,1.2079970836639404,0.010123680547490993,4.157810498792389,0.008039784817525542,0.6700059098148434,3.5270681109977886e-05,underdamped
118,0.9775447608753738,0.916562557220459,2.865012695190136,2.7360198497772217,0.0609822036549148,6.238302949964801,0.12899284541291411,4.50234812674551,5.956902168691158e-05,underdamped
119,1.3170395689735053,1.0396119356155396,3.402380309856503,2.721384286880493,0.2774276333579657,21.064487346738684,0.6809960229760099,20.015282271743786,8.963370783021674e-05,overdamped
120,0.20296807130900044,0.21288757026195526,3.956493917959152,3.9445316791534424,0.009919498952954825,4.887221368849335,0.011962238805709458,0.30234442548770174,5.405105548561551e-05,underdamped
121,1.9688923844217479,1.4590153694152832,3.4092163901368484,2.3860018253326416,0.5098770150064647,25.896642144624504,1.0232145648042068,30.013189182254703,5.991886609990615e-06,overdamped
122,0.46475019011573104,0.4276871383190155,0.4021922006706046,0.37816137075424194,0.03706305179671554,7.974833057623104,0.024030829916362684,5.974961691523186,7.224056389532052e-06,underdamped
123,1.8153679258803987,1.6101269721984863,1.6980110275637017,1.5371557474136353,0.20524095368191242,11.30574969161564,0.16085528015006645,9.47315874507958,2.37129697779892e-05,overdamped
124,0.20328142076205813,0.20515646040439606,1.0474108463829603,1.0531796216964722,0.0018750396423379279,0.9223861360811082,0.005768775313511831,0.550765283120108,1.9426559447310865e-05,underdamped
125,1.9717385819018158,1.5870413780212402,3.2708098662579843,2.620574951171875,0.3846972038805756,19.51055821555821,0.6502349150861093,19.879936213779974,5.339109702617861e-05,overdamped
126,1.7372660508110949,1.2056688070297241,3.337202163220579,2.1393182277679443,0.5315972437813707,30.59964497281108,1.1978839354526345,35.89485673521835,3.3808966691140085e-05,overdamped
127,1.0,0.9829094409942627,2.485627012378954,2.4780080318450928,0.017090559005737305,1.7090559005737305,0.007618980533861119,0.30652147308976635,2.1196648958721198e-05,critically_damped
128,1.0,0.9534192681312561,3.1344126643415966,3.0232315063476562,0.046580731868743896,4.65807318687439,0.11118115799394035,3.5471129650152387,3.434495738474652e-05,critically_damped
129,0.4747153780466525,0.4960048198699951,0.5259968793474036,0.4835245609283447,0.021289441823342636,4.484674987977833,0.04247231841905885,8.074633155952107,7.496839316445403e-06,underdamped
130,1.081296813668134,0.865533709526062,3.922614846694244,2.4992384910583496,0.215763104142072,19.9541052387021,1.4233763556358943,36.286416364212634,8.049541793297976e-05,overdamped
131,0.3356044494313777,0.441713809967041,3.8557958662105905,3.2855679988861084,0.10610936053566333,31.617387884888554,0.570227867324482,14.788850009450632,0.00016179548401851207,underdamped
132,1.0,0.9691932797431946,3.1325021617876385,3.076556921005249,0.03080672025680542,3.080672025680542,0.055945240782389494,1.7859601651627588,5.907565355300903e-05,critically_damped
133,1.047464088185615,1.0063951015472412,2.1472767041000527,2.0953621864318848,0.04106898663837377,3.920801400410033,0.0519145176681679,2.417691095378686,1.041002178681083e-05,overdamped
134,0.607762431689603,0.6026038527488708,2.0935288929133677,2.104956865310669,0.005158578940732128,0.8487821345572611,0.0114279723973012,0.5458712528871748,9.129283171205316e-06,underdamped
135,0.4555710386516843,0.4546374976634979,2.0857282117865017,2.13283634185791,0.0009335409881863765,0.20491666699211172,0.04710813007140846,2.258593895657126,1.8383019778411835e-05,underdamped
136,1.6690144110226555,1.5745543241500854,0.3585192063145967,0.33658909797668457,0.09446008687257001,5.659632789790681,0.021930108337912146,6.11685732637395,4.345550678408472e-06,overdamped
137,1.6336569654619955,1.5150381326675415,1.2987140512022253,1.2054710388183594,0.11861883279445395,7.260938820219748,0.0932430123838659,7.1796414536017705,8.039220119826496e-06,overdamped
138,1.5489217233474148,1.4422169923782349,0.6816067451410869,0.6678072810173035,0.10670473096917998,6.888968587681606,0.013799464123783411,2.024549231966159,1.2316135325818323e-05,overdamped
139,0.8547781027633883,0.8449119329452515,1.0273767332803112,1.0297796726226807,0.009866169818136816,1.1542375484632506,0.002402939342369459,0.2338907690363119,2.174343990191119e-06,underdamped
140,1.4735284347469115,1.3184055089950562,1.4661941226649209,1.3340259790420532,0.15512292575185538,10.527311322533032,0.13216814362286766,9.014368669180167,2.317866346857045e-05,overdamped
141,1.8553660351897998,1.1795192956924438,3.391695041243253,2.0392115116119385,0.675846739497356,36.42659866996102,1.3524835296313147,39.87633066018668,0.00011698861635522917,overdamped
142,1.0,0.994016170501709,0.880921750043602,0.8984493017196655,0.005983829498291016,0.5983829498291016,0.01752755167606357,1.9896831557622487,8.738173164601903e-06,critically_damped
143,0.24873260094369035,0.2509157657623291,1.395064376852543,1.4094079732894897,0.0021831648186387553,0.8777155911029909,0.014343596436946715,1.0281673501912392,1.577779221406672e-05,underdamped
144,0.13510397866563756,0.1425434947013855,3.343348359927462,3.3284733295440674,0.0074395160357479395,5.5065114360248755,0.014875030383394439,0.4449141633484215,6.291658792179078e-05,underdamped
145,1.4442091147992169,1.3055287599563599,1.7630199291194142,1.6189512014389038,0.138680354842857,9.602512089264666,0.14406872768051038,8.17170159570852,2.1124111299286596e-05,overdamped
146,0.9223519658385558,0.9210571646690369,1.4772588155681918,1.5131584405899048,0.0012948011695189665,0.14038037728274355,0.035899625021712955,2.4301513481173598,1.2360647815512493e-05,underdamped
147,1.6574299418400185,1.4198064804077148,3.0042191363975963,2.6245200634002686,0.23762346143230362,14.336863081434542,0.37969907299732775,12.638860740785725,5.457956649479456e-05,overdamped
148,0.021815433005475882,0.026136383414268494,0.9987313624245968,1.0066635608673096,0.004320950408792611,19.806851451025572,0.007932198442712757,0.7942274310337011,4.091922892257571e-05,underdamped
149,1.7036699111887215,1.0949461460113525,3.862416208944553,2.4810314178466797,0.6087237651773689,35.73014708891801,1.3813847910978732,35.76478339902554,0.00010438104072818533,overdamped
150,0.7467813549231308,0.7388411164283752,2.96694720990393,3.03043532371521,0.007940238494755558,1.0632614810760612,0.06348811381127994,2.1398464252869434,1.84287600859534e-05,underdamped
151,1.5114100879462944,1.433470368385315,1.1511409191857023,1.0837546586990356,0.07793971956097945,5.156755283199415,0.06738626048666663,5.85386718198972,1.2960586900589988e-05,overdamped
152,1.9129216575687522,1.6128499507904053,2.5241172788361625,2.1072912216186523,0.30007170677834694,15.68656539545515,0.4168260572175102,16.51373574090437,5.51750126760453e-05,overdamped
153,1.9356932974519867,1.651910662651062,1.4884808916792007,1.2801979780197144,0.2837826348009247,14.660516476162655,0.20828291365948637,13.992985386901141,3.192983058397658e-05,overdamped
154,0.40593943287771406,0.5384157299995422,3.9591003404540066,3.1264984607696533,0.13247629712182818,32.63449825081063,0.8326018796843533,21.030077747129678,0.00022707649623043835,underdamped
155,1.355112932858742,1.2929260730743408,1.009170487369051,0.9903036952018738,0.06218685978440108,4.589053670472459,0.018866792167177238,1.8695346726164914,1.3044258594163693e-05,overdamped
156,0.8056404831171197,0.7315718531608582,3.5046944373158078,2.439406394958496,0.07406862995626151,9.193757204166442,1.0652880423573117,30.39603199111417,8.651826647110283e-05,underdamped
157,1.7530110238251082,1.4119987487792969,3.5227792983719786,2.856147289276123,0.34101227504581133,19.452945270230824,0.6666320090958555,18.92346788241698,0.00010712527728173882,overdamped
158,0.17533183084744156,0.17287789285182953,0.5724935862616938,0.5672908425331116,0.0024539379956120266,1.39959640172082,0.005202743728582204,0.9087863782990866,1.4503912098007277e-05,underdamped
159,1.0,0.9404851198196411,2.7618471722874283,2.687069892883301,0.05951488018035889,5.951488018035889,0.07477727940412748,2.7075096752075223,4.0558752516517416e-05,critically_damped
160,1.517696825816999,1.486688494682312,0.8359372400848166,0.7948516011238098,0.03100833113468693,2.043117611318366,0.04108563896100681,4.914919086131172,8.068353054113686e-06,overdamped
161,0.8713509050110053,0.7504317760467529,3.979319718368781,3.0182104110717773,0.12091912896425239,13.877202430027333,0.9611093072970038,24.152603342236237,0.00013061494973953813,underdamped
162,1.55258646202682,1.3854362964630127,2.793876451167723,2.50714373588562,0.16715016556380724,10.765916723607232,0.2867327152821031,10.262898889543266,3.9919243135955185e-05,overdamped
163,0.8530996860295921,0.8532788157463074,0.43189481290559284,0.46069276332855225,0.00017912971671529831,0.020997512910710964,0.028797950422959406,6.667815764959026,2.1370490230765427e-06,underdamped
164,1.0810771773932966,1.024788498878479,2.8708884194723816,2.8300416469573975,0.05628867851481756,5.206721563629837,0.04084677251498414,1.4227920610892657,3.1231171305989847e-05,overdamped
165,1.0,0.9857916831970215,2.0527909390710803,2.0714240074157715,0.014208316802978516,1.4208316802978516,0.01863306834469114,0.90769439741988,8.231452738982625e-06,critically_damped
166,0.8599413937683561,0.8495712876319885,0.8852022933837076,0.8917607665061951,0.010370106136367574,1.2059084737071033,0.006558473122487474,0.7409010540875971,6.8265467234596144e-06,underdamped
167,0.12661801573416298,0.13016021251678467,1.4940426879781135,1.4824024438858032,0.003542196782621687,2.7975456431560253,0.011640244092310237,0.7791105425550435,2.1720215954701416e-05,underdamped
168,0.2725389482965016,0.2701755166053772,1.772385052946514,1.7860381603240967,0.002363431691124407,0.8671904349440629,0.01365310737758274,0.7703239967457994,1.773489566403441e-05,underdamped
169,1.4192460873996184,1.2424471378326416,3.4431831837483204,3.0665957927703857,0.17679894956697684,12.457244105630243,0.3765873909779347,10.937187215464206,6.744666461599991e-05,overdamped
170,0.7833300930854544,0.7719854712486267,2.7306006472782736,2.772974967956543,0.011344621836827717,1.448255586880679,0.042374320678269406,1.5518314888156939,1.1981324860244058e-05,underdamped
171,1.2235426682551853,1.1621642112731934,1.5021775988075994,1.4319719076156616,0.06137845698199196,5.016454151902997,0.07020569119193776,4.67359460343875,8.799733222986106e-06,overdamped
172,0.47204999449731405,0.478506863117218,2.444740018896056,2.539933681488037,0.006456868619903966,1.3678357579010003,0.09519366259198092,3.89381536916823,2.1743233446613885e-05,underdamped
173,1.0,0.9860451817512512,1.3259779406238963,1.3155359029769897,0.01395481824874878,1.395481824874878,0.010442037646906543,0.7874970862632434,1.153864650405012e-05,critically_damped
174,1.9835847241413416,1.5092947483062744,3.2756701588091786,2.4021241664886475,0.47428997583506716,23.910749566816655,0.8735459923205311,26.66770309493236,5.9500584939087275e-06,overdamped
175,0.62419073569215,0.6063629984855652,1.240781233545817,1.2572001218795776,0.017827737206584815,2.8561361435164634,0.016418888333760595,1.3232702018582159,6.552114882651949e-06,underdamped
176,1.4744273878608112,1.3717913627624512,1.7227150141200616,1.5983304977416992,0.10263602509836,6.96107695389941,0.12438451637836234,7.220260772028866,2.1379501049523242e-05,overdamped
177,1.375819933798323,1.3184133768081665,0.6235810932531877,0.5913509130477905,0.05740655699015651,4.172534179794167,0.03223018020539714,5.168562766592889,7.802869731676765e-06,overdamped
178,0.07281595883153813,0.07942833751440048,1.41729682184844,1.4180612564086914,0.006612378682862352,9.080947073924117,0.0007644345602513258,0.05393609499909479,2.2430409444496036e-05,underdamped
179,0.3324473863364635,0.339071124792099,2.2203362610453707,2.222057580947876,0.0066237384556355194,1.992417064434901,0.0017213199025052361,0.07752518988699533,4.512768646236509e-05,underdamped
180,1.0,0.9778364300727844,2.8621894796091714,2.8547065258026123,0.022163569927215576,2.2163569927215576,0.007482953806559056,0.2614415942714192,2.331437099201139e-05,critically_damped
181,0.9238683026720963,0.8967596888542175,2.338055675427952,2.342381477355957,0.02710861381787877,2.9342508818056383,0.004325801928005024,0.18501706240221333,1.637241439311765e-05,underdamped
182,1.1213975809355605,1.0537487268447876,0.7131257944001259,0.6927331686019897,0.06764885409077293,6.03254860192714,0.020392625798136166,2.8596112997553584,2.0156801383564016e-06,overdamped
183,0.052887542310719016,0.055513300001621246,3.370391670793047,3.3616065979003906,0.0026257576909022307,4.964794309169578,0.008785072892656398,0.26065436159202493,3.703371839947067e-05,underdamped
184,1.6131845303685126,1.3916089534759521,2.267497643041728,1.964738368988037,0.22157557689256047,13.735290211464166,0.30275927405369085,13.352131808505668,5.6749424402369186e-05,overdamped
185,1.17764162329268,1.0939489603042603,2.429181880986976,2.3190417289733887,0.08369266298841982,7.106802386486269,0.1101401520135874,4.53404304040163,4.84134434373118e-05,overdamped
186,1.3489529203341883,0.9424224495887756,3.719205762849068,2.5219497680664062,0.4065304707454127,30.136742700012036,1.1972559947826618,32.19117389906154,0.00010514662426430732,overdamped
187,0.29224410179002347,0.30057746171951294,1.9952223642462257,1.9998557567596436,0.00833335992948947,2.8515066269761586,0.004633392513417878,0.23222436739116672,1.8972648831550032e-05,underdamped
188,1.8809157501108644,1.2183387279510498,3.5134613137683046,2.2189981937408447,0.6625770221598146,35.22629985531044,1.29446312002746,36.842959248044345,0.00011457488290034235,overdamped
189,1.8260299931253596,1.663092017173767,1.2989252748032654,1.1946583986282349,0.16293797595159254,8.92307226962436,0.1042668761750305,8.027165087754776,7.068333616189193e-06,overdamped
190,0.44679860992333437,0.44589319825172424,2.325336611367367,2.393160820007324,0.0009054116716101235,0.20264424541640405,0.0678242086399572,2.9167479799870586,1.1941568118345458e-05,underdamped
191,1.05409631682278,1.0129514932632446,3.376624836900189,3.3288636207580566,0.041144823559535304,3.9033267551444055,0.04776121614213258,1.414466174038403,5.663297633873299e-05,overdamped
192,0.8768849256993039,0.854174792766571,1.9694360975104994,2.007795572280884,0.02271013293273283,2.5898646751877736,0.03835947477038437,1.9477389908143425,1.5452693332917988e-05,underdamped
193,0.5759859648103877,0.5853345990180969,2.1137505816137954,2.1445071697235107,0.009348634207709261,1.6230663208584943,0.030756588109715377,1.4550717751303228,1.2623816473933402e-05,underdamped
194,0.31315885735197696,0.3044370710849762,0.3588200090260412,0.33036676049232483,0.008721786267000764,2.7850996586048513,0.02845324853371639,7.929671650961752,8.021359462873079e-06,underdamped
195,1.0,0.8416033387184143,3.900752327886092,2.451829195022583,0.1583966612815857,15.83966612815857,1.4489231328635088,37.14470981675255,8.958970283856615e-05,critically_damped
196,1.551206233037512,1.0862183570861816,3.918596534369912,2.2604448795318604,0.4649878759513304,29.975890120091197,1.6581516548380515,42.3149370008993,1.1686402103805449e-05,overdamped
197,1.95272194680346,1.6396349668502808,2.0834231854891625,1.776928186416626,0.31308697995317925,16.0333620700936,0.3064949990725365,14.711125478839056,3.7650021113222465e-05,overdamped
198,1.5303305728299246,1.3594872951507568,3.0554198659632545,2.7517285346984863,0.17084327767916774,11.163815237856758,0.3036913312647682,9.939430408495632,3.6934579838998616e-05,overdamped
199,1.5053958056330077,1.3474504947662354,2.316732789198791,2.0951309204101562,0.15794531086677233,10.49194572455697,0.22160186878863497,9.565275279989145,6.169721018522978e-05,overdamped
200,1.9072603249328557,1.467881441116333,2.425700279019336,1.9001729488372803,0.4393788838165227,23.037174216476757,0.5255273301820558,21.66497381096548,7.346508937189355e-05,overdamped
201,0.03544099166399167,0.04037217050790787,1.4616648216111858,1.4619697332382202,0.004931178843916195,13.91377219539348,0.0003049116270343877,0.020860570941174127,6.906313501531258e-05,underdamped
202,1.0,0.9816638827323914,1.2403255391319836,1.2319492101669312,0.018336117267608643,1.8336117267608643,0.00837632896505247,0.6753331041554198,1.7354443116346374e-05,critically_damped
203,0.8733101403105734,0.8734711408615112,2.4484666056208986,2.4392237663269043,0.00016100055093781762,0.018435667182401128,0.009242839293994276,0.3774950114808862,1.7395330360159278e-05,underdamped
204,1.546106874386354,1.4316245317459106,1.266174498057721,1.1922051906585693,0.11448234264044332,7.4045555670840075,0.07396930739915164,5.841952077902268,1.1505534530442674e-05,overdamped
205,1.5652617013678296,1.4105364084243774,1.2105485180068347,1.1162079572677612,0.15472529294345216,9.884947214145912,0.09434056073907349,7.793207734821318,1.724844150885474e-05,overdamped
206,0.7838837053286049,0.7567926049232483,3.1449838440850026,3.1379895210266113,0.02709110040535656,3.4560101480869463,0.006994323058391316,0.2223961522583349,3.9590529922861606e-05,underdamped
207,1.7871616358918117,1.531515121459961,2.386165604747556,2.0543012619018555,0.2556465144318507,14.30461069092279,0.33186434284570066,13.907850410106393,3.8575635699089617e-05,overdamped
208,0.539040676597438,0.5552005767822266,1.2789715756022115,1.2865753173828125,0.016159900184788523,2.9978999519653926,0.00760374178060097,0.5945199976020344,2.579075407993514e-05,underdamped
209,0.3921568132799409,0.3975789248943329,2.8317348542571734,2.8974881172180176,0.005422111614391989,1.3826386360706726,0.06575326296084416,2.3220134067987344,3.338161695864983e-05,underdamped
210,1.3406752879242887,1.1876182556152344,3.3182179165003975,2.9707412719726562,0.15305703230905432,11.416413331972883,0.3474766445277413,10.47178495420253,6.8185523559805e-05,overdamped
211,1.6445920884875815,1.4160629510879517,2.872186269405768,2.4988644123077393,0.22852913739962988,13.8957945255466,0.3733218570980288,12.997828903877673,6.982233026064932e-05,overdamped
212,1.8791859656934617,1.2521625757217407,2.990737305663125,2.02787184715271,0.627023389971721,33.36675568138012,0.9628654585104148,32.19491918220889,7.159657980082557e-05,overdamped
213,1.0,0.9482902884483337,1.9353018850064017,1.8799517154693604,0.05170971155166626,5.170971155166626,0.055350169537041305,2.860027676604997,1.3036578820901923e-05,critically_damped
214,0.37248491572521375,0.44132986664772034,3.764256148934091,3.2097854614257812,0.06884495092250659,18.48261446734511,0.5544706875083096,14.729887275745485,0.00027680190396495163,underdamped
215,0.39129535614974376,0.39307963848114014,0.6896128211989363,0.6882668137550354,0.0017842823313963807,0.4559937406242967,0.0013460074439008984,0.19518306541354288,1.4161983926896937e-05,underdamped
216,0.23440649146139778,0.23944851756095886,3.452907643299002,3.457129716873169,0.005042026099561087,2.150975456407704,0.004222073574167151,0.12227589065003973,1.8554081179900095e-05,underdamped
217,1.1082652706726739,1.0401673316955566,2.0346408253521178,1.9345649480819702,0.06809793897711724,6.144552281764135,0.10007587727014755,4.918601653086769,1.9540821085684e-05,overdamped
218,1.4101103143304166,0.9779374599456787,3.356278488701114,1.832680344581604,0.43217285438473785,30.64815922504282,1.52359814411951,45.39546254128469,3.295721035101451e-05,overdamped
219,0.7738112320320468,0.778095006942749,0.5051681519501348,0.5107271075248718,0.004283774910702198,0.5535943048349017,0.005558955574737068,1.100416871744083,3.187294851159095e-06,underdamped
220,1.0585668492470584,1.024472713470459,2.9590207838232,2.963146686553955,0.034094135776599366,3.2207824948277923,0.004125902730755193,0.13943473304788095,3.2915322663029656e-05,overdamped
221,0.9432531020764408,0.9530903100967407,0.8438405033659209,0.8353896737098694,0.00983720802029997,1.0429022707314424,0.008450829656051484,1.00147238990576,7.22979075362673e-06,underdamped
222,1.2199957214634276,1.1693857908248901,2.6329935781222646,2.5454821586608887,0.05060993063853747,4.148369518692171,0.08751141946137597,3.3236472807421458,3.8759393646614626e-05,overdamped
223,1.590305707136988,1.0575050115585327,3.309656166298221,2.0487546920776367,0.5328006955784552,33.50303612615785,1.2609014742205842,38.097657607463056,6.802675488870591e-05,overdamped
224,0.1351637660628743,0.13399460911750793,1.883653598301235,1.8825294971466064,0.001169156945366373,0.8649928745123266,0.0011241011546285762,0.05967663882798525,3.2492531317984685e-05,underdamped
225,1.329699002202898,0.9635746479034424,3.558242524999438,2.4850521087646484,0.36612435429945567,27.534378358779044,1.0731904162347896,30.16068771857981,0.00010246269084746018,overdamped
226,1.7868161255631532,1.5331872701644897,1.3579599645772713,1.1667989492416382,0.2536288553986634,14.194457491742577,0.19116101533563312,14.077072986105371,1.8416749298921786e-05,overdamped
227,1.367456307163525,1.2871848344802856,2.167496908159217,2.05141019821167,0.08027147268323942,5.870130713700404,0.1160867099475471,5.355795872674886,2.8329968699836172e-05,overdamped
228,1.2098002534992625,1.1929577589035034,0.5818868960035231,0.5699454545974731,0.01684249459575904,1.3921715214592907,0.011941441406049913,2.0521928725436727,4.792821073351661e-06,overdamped
229,0.4075335392038032,0.4142132103443146,1.3036554150594426,1.305834412574768,0.0066796711405113784,1.639048200440491,0.002178997515325465,0.16714520494866422,1.2811215128749609e-05,underdamped
230,1.20878505964858,1.1241192817687988,2.353321436493434,2.1605052947998047,0.08466577787978125,7.004204527841816,0.19281614169362937,8.1933618885882,5.3387841035146266e-05,overdamped
231,1.7877296668332163,1.559987187385559,1.5030460365226777,1.332258701324463,0.22774247944765724,12.73920121553278,0.17078733519821476,11.362748116041352,3.0705108656547964e-05,overdamped
232,0.9377786382851346,0.9005298614501953,2.8111113927515428,2.7676119804382324,0.03724877683493932,3.97202232107293,0.04349941231331034,1.5474097691565576,3.835231109405868e-05,underdamped
233,1.2865994965476957,1.0581895112991333,3.200222195506794,2.5449273586273193,0.22840998524856237,17.75299818330801,0.6552948368794747,20.476541841361136,3.457646380411461e-05,overdamped
234,1.8285638535222843,1.1484321355819702,3.9554411618407035,2.3564565181732178,0.6801317179403141,37.194857408463236,1.5989846436674857,40.42493816096565,0.00014661996101494879,overdamped
235,0.5315603817551471,0.5402613878250122,2.244882540017913,2.3006067276000977,0.008701006069865125,1.6368800927442095,0.05572418758218456,2.4822763146324753,1.562203215144109e-05,underdamped
236,1.715536415973793,1.6347942352294922,0.37869109770620274,0.36481043696403503,0.08074218074430073,4.7065267745114525,0.013880660742167705,3.66543096107758,5.505271019501379e-06,overdamped
237,1.532171321651431,1.3701183795928955,1.3493746922278467,1.22093665599823,0.1620529420585355,10.576685503019911,0.1284380362296167,9.518337417279016,1.1602999620663468e-05,overdamped
238,0.10485825611649777,0.11285542696714401,3.596655316265048,3.589503288269043,0.007997170850646246,7.626648722596883,0.007152027996005117,0.19885219369400542,0.00015392429486382753,underdamped
239,0.771656953175293,0.76896733045578,2.9908394600123858,3.1048498153686523,0.0026896227195130074,0.34855160812657393,0.11401035535626658,3.811985125934992,1.9867742594215088e-05,underdamped
240,1.6425752036911994,1.4943617582321167,1.1167500479832255,1.0159828662872314,0.14821344545908266,9.023236508503052,0.10076718169599408,9.023252954228454,1.3442232557281386e-05,overdamped
241,1.4152668378916833,1.3108603954315186,2.3297233192562286,2.200608968734741,0.10440644246016473,7.377156000892279,0.12911435052148734,5.5420465363546905,3.158105391776189e-05,overdamped
242,1.0,0.9495354890823364,2.557331895010437,2.4858291149139404,0.050464510917663574,5.046451091766357,0.07150278009649647,2.7959914094844014,3.699286753544584e-05,critically_damped
243,1.4717649280230631,1.393023133277893,1.7688685403489184,1.7064372301101685,0.07874179474517007,5.350161105614833,0.062431310238749926,3.5294488434078333,1.4432344869419467e-05,overdamped
244,0.7773424443679342,0.7575359344482422,2.6008819905711977,2.5785834789276123,0.019806509919692017,2.547977414998471,0.022298511643585428,0.8573442287817257,1.3678002687811386e-05,underdamped
245,0.7284691300915346,0.7222694158554077,3.048711253717331,3.032827138900757,0.006199714236126863,0.8510606668189011,0.015884114816574257,0.5210107975035865,3.190211282344535e-05,underdamped
246,1.5449870358612774,1.0668156147003174,3.9349548395553144,2.697279691696167,0.47817142116096,30.94986624883851,1.2376751478591475,31.453350758124987,9.952193795470521e-05,overdamped
247,0.8273552007136025,0.7865197062492371,0.4528673307247276,0.4562004804611206,0.04083549446436541,4.935666619263935,0.003333149736392982,0.7360101977457532,2.798123205138836e-06,underdamped
248,1.1417405720833185,0.9351749420166016,3.464252237668715,2.4515304565429688,0.2065656300667169,18.092168669262527,1.0127217811257463,29.233488546644114,3.663543247967027e-05,overdamped
249,0.3035738015111729,0.32017746567726135,3.9770280398674007,3.934857130050659,0.01660366416608844,5.469399560645996,0.04217090981674154,1.0603623960908148,2.293562465638388e-05,underdamped
250,0.852574607631981,0.8460386991500854,2.1330992075968127,2.1657066345214844,0.006535908481895558,0.7666083910297294,0.03260742692467167,1.528640899989259,8.029835953493603e-06,underdamped
251,0.6710815463392282,0.6526172757148743,0.644692526459947,0.6326659321784973,0.018464270624353962,2.7514198125514198,0.012026594281449698,1.865477539733335,1.3774460967397317e-05,underdamped
252,0.5297503278392949,0.5341087579727173,3.1120382097062627,3.2090909481048584,0.0043584301334224085,0.8227328808269435,0.09705273839859574,3.118622968570694,2.114148264809046e-05,underdamped
253,0.09540928409781124,0.09686055034399033,2.146108394355143,2.1426496505737305,0.0014512662461790837,1.5210954152965674,0.003458743781412643,0.16116351767273698,2.71253284154227e-05,underdamped
254,1.1806188089951117,1.1181128025054932,2.7778741206275046,2.6717894077301025,0.06250600648961857,5.294342764437303,0.10608471289740207,3.818917211174356,5.836641867063008e-05,overdamped
255,0.8793422099312649,0.8815054297447205,2.573329605637493,2.588975191116333,0.0021632198134555747,0.24600431879923815,0.015645585478840207,0.607989953737944,1.385496580041945e-05,underdamped
256,0.620578179655474,0.6354161500930786,3.281747959227273,3.3718531131744385,0.014837970437604597,2.3909913245486947,0.09010515394716556,2.7456451582095873,2.8526197638711892e-05,underdamped
257,1.1736328063040609,0.9172570109367371,3.7664305575149237,2.1758594512939453,0.2563757953673238,21.844634368622344,1.5905711062209784,42.2301986438436,5.025152859161608e-05,overdamped
258,0.45537665090119195,0.45866379141807556,1.5385360004953463,1.5401670932769775,0.003287140516883613,0.7218509140462848,0.0016310927816312049,0.10601589960235308,2.5392680981894955e-05,underdamped
259,0.15825289640189402,0.059856876730918884,0.5143656685512509,0.3498874008655548,0.09839601967097514,62.17644157430884,0.16447826768569607,31.976914040348248,6.276589556364343e-05,underdamped
260,1.7056556484442131,1.5629197359085083,1.64949431030938,1.503142237663269,0.14273591253570483,8.3683897547491,0.14635207264611094,8.872541828814255,3.023436147486791e-05,overdamped
261,1.0,0.988686203956604,1.8204878882268851,1.8525738716125488,0.011313796043395996,1.1313796043395996,0.03208598338566371,1.7624936476185373,7.1526033025293145e-06,critically_damped
262,1.3975367101015088,0.9520203471183777,3.950436003108671,2.5103204250335693,0.44551636298313113,31.878687676889108,1.4401155780751016,36.454598351722396,0.00018081258167512715,overdamped
263,0.6720104075180344,0.6507912278175354,1.5923242706271121,1.5980494022369385,0.021219179700499025,3.157567124424271,0.0057251316098263505,0.3595455847427105,5.163663900020765e-06,underdamped
264,1.0,1.0020358562469482,1.7595474529956676,1.7559905052185059,0.002035856246948242,0.20358562469482422,0.0035569477771617564,0.20215128447408315,8.90659612196032e-06,critically_damped
265,1.5944843811476406,1.4315584897994995,2.431811488034778,2.215059280395508,0.16292589134814106,10.218092649541921,0.21675220763927028,8.913199427906084,4.906774847768247e-05,overdamped
266,1.869089444704541,1.5477532148361206,2.117497326917435,1.7716572284698486,0.32133622986842036,17.192126935327916,0.34584009844758645,16.33249279946181,4.603256456903182e-05,overdamped
267,1.6135237684637216,1.565543293952942,0.34623730167812666,0.3243861794471741,0.04798047451077969,2.973645349920266,0.02185112223095259,6.311024873705288,1.0931886436083005e-06,overdamped
268,1.310725323366183,1.2250920534133911,1.377804517997503,1.322520136833191,0.08563326995279197,6.533273480432195,0.055284381164312,4.01249817678506,2.3965059881447814e-05,overdamped
269,0.6428154484618483,0.6497705578804016,1.7268766383010554,1.762927770614624,0.0069551094185532625,1.0819760843015978,0.0360511323135686,2.0876495468163037,1.3535125617636368e-05,underdamped
270,1.3558160514403075,1.1894416809082031,3.2743062590131973,2.947953462600708,0.16637437053210435,12.271160999706554,0.32635279641248927,9.967082202959375,8.874536433722824e-05,overdamped
271,0.16413993975379185,0.17765748500823975,1.9646863164748287,1.9611806869506836,0.013517545254447899,8.235378467132419,0.0035056295241451263,0.17843202218841533,2.8460188332246616e-05,underdamped
272,1.559640050245994,1.3751990795135498,2.4627353966350496,2.1843361854553223,0.18444097073244414,11.825867815035478,0.2783992111797273,11.304471099904486,5.05318384966813e-05,overdamped
273,0.11137133262652153,0.11185773462057114,2.4691119950188596,2.4688162803649902,0.00048640199404960394,0.4367389547907538,0.00029571465386935003,0.011976558959898104,1.282985249417834e-05,underdamped
274,1.0958950905464133,1.0257123708724976,3.2038271580699793,3.065366744995117,0.07018271967391576,6.40414582375058,0.13846041307486212,4.321719189067371,5.7487370213493705e-05,overdamped
275,1.0,0.9594115018844604,2.8762229433717246,2.8379409313201904,0.04058849811553955,4.058849811553955,0.03828201205153414,1.3309820832823582,4.798071677214466e-05,critically_damped
276,0.3374777725882015,0.34518155455589294,2.291915388237595,2.313699722290039,0.007703781967691448,2.282752404287019,0.021784334052444176,0.9504859631487351,3.504185951896943e-05,underdamped
277,1.1458871064852154,1.0676850080490112,2.7453802969874017,2.633241653442383,0.07820209843620418,6.824590135765976,0.1121386435450189,4.0846305944598065,4.421634002937935e-05,overdamped
278,1.7330430424860452,1.5420522689819336,2.4324557650553347,2.161719799041748,0.19099077350411164,11.020544142408369,0.2707359660135866,11.130149616818533,4.3363874283386394e-05,overdamped
279,0.12373323245467624,0.1306149959564209,2.5973757339964147,2.5898406505584717,0.006881763501744659,5.561774605917181,0.007535083437943069,0.2901037127327482,3.817040487774648e-05,underdamped
280,1.1863614653141303,1.104539155960083,2.858453716158191,2.7311062812805176,0.08182230935404733,6.896912260411462,0.1273474348776733,4.455116210481461,3.543015554896556e-05,overdamped
281,0.7503988677834112,0.7355133891105652,2.1923810426752213,2.209306478500366,0.014885478672846064,1.9836755240337705,0.01692543582514494,0.7720115935910449,1.426387552783126e-05,underdamped
282,1.5894880465579662,1.3981349468231201,0.3289598404339884,0.2975205183029175,0.19135309973484604,12.038662395053608,0.031439322131070924,9.5571915676983,1.4628258213633671e-06,overdamped
283,1.0221673552072716,0.8172555565834045,3.847184589299676,2.672119140625,0.2049117986238671,20.04679542738046,1.175065448674676,30.543516210345906,0.00013284078158903867,overdamped
284,0.7237434696010928,0.7364600300788879,1.161743087141838,1.1737931966781616,0.012716560477795125,1.7570535710400452,0.012050109536323683,1.0372439199074381,1.4952709534554742e-05,underdamped
285,0.22711273473404622,0.23667964339256287,1.9887933786602132,1.9983601570129395,0.009566908658516643,4.21240520471901,0.009566778352726235,0.48103430227483307,1.1718824680428952e-05,underdamped
286,1.923267435396542,1.6994603872299194,0.44779952141337803,0.4222775101661682,0.22380704816662256,11.636813687352726,0.02552201124720982,5.699427986580994,4.852613983530318e-06,overdamped
287,0.8952768744533429,0.8858431577682495,1.9277948634899338,1.9211317300796509,0.009433716685093407,1.0537205812284212,0.0066631334102829065,0.345634981007288,7.72222028899705e-06,underdamped
288,0.3346872622542576,0.3499831259250641,2.983488757801068,2.9729433059692383,0.015295863670806487,4.5701959398701035,0.010545451831829755,0.3534604179169795,1.8683447706280276e-05,underdamped
289,1.3429870587511445,1.276418685913086,1.0169666822020418,0.9800812602043152,0.06656837283805861,4.956739709760206,0.0368854219977266,3.6270039759668875,4.571209956338862e-06,overdamped
290,0.38925716979743386,0.432435005903244,3.2874011405009047,2.826730728149414,0.04317783610581016,11.092367580096095,0.46067041235149064,14.013209604268065,6.919825682416558e-05,underdamped
291,0.5515784281560031,0.5425778031349182,3.3653480936993985,2.4143569469451904,0.009000625021084896,1.6317942402452414,0.950991146754208,28.25832931026222,2.491863415343687e-05,underdamped
292,0.8325948273605055,0.8281179070472717,1.7315093614337447,1.7073404788970947,0.004476920313233768,0.5377069573476109,0.02416888253664995,1.3958274251914726,4.040236945002107e-06,underdamped
293,0.3805711241055321,0.39315730333328247,3.1231190705602083,3.176408529281616,0.01258617922775035,3.3071818723325443,0.05328945872140789,1.7062896904487577,2.920947372331284e-05,underdamped
294,1.808485750222645,1.5385982990264893,2.66192347244851,2.2902753353118896,0.26988745119615576,14.923393848302624,0.37164813713662026,13.961638679070221,4.53035427199211e-05,overdamped
295,1.4152587886744137,0.9936278462409973,3.7330638139249275,2.368675947189331,0.42163094243341637,29.79179114148673,1.3643878667355964,36.54874212560232,0.00013578768994193524,overdamped
296,0.8883122927278799,0.9080836176872253,1.2701122031973564,1.2738324403762817,0.019771324959345415,2.2257178158179602,0.003720237178925334,0.2929061833718375,1.1009103218384553e-05,underdamped
297,1.7607929183020958,1.2834888696670532,2.6043206401667,1.8565261363983154,0.4773040486350426,27.107335773209446,0.7477945037683846,28.713611228781684,2.8253853088244796e-05,overdamped
298,1.4339439450873808,1.3610365390777588,1.2458210690368503,1.1938406229019165,0.07290740600962198,5.084397215065419,0.0519804461349338,4.172384576472134,1.610403342056088e-05,overdamped
299,0.1330576463197615,0.13598093390464783,2.9070135259048904,2.90598201751709,0.0029232875848863304,2.1970083386723553,0.0010315083878005282,0.035483439571525284,4.3832398660015315e-05,underdamped
300,1.200663879519016,1.1289418935775757,2.7189994163543174,2.641737461090088,0.07172198594144041,5.973527409700384,0.07726195526422952,2.841558361488129,4.3393596570240334e-05,overdamped
301,1.0,0.9919912815093994,0.4355079084568513,0.4397222697734833,0.008008718490600586,0.8008718490600586,0.004214361316631998,0.9676888145533052,2.9362033728830284e-06,critically_damped
302,0.9459619815465208,0.9045272469520569,3.023423804547066,3.0200772285461426,0.041434734594463896,4.380169119135599,0.0033465760009234735,0.1106882864350808,4.6780907723587006e-05,underdamped
303,0.18597051140881013,0.2130502462387085,0.3206722599041691,0.30503812432289124,0.027079734829898366,14.561305781630224,0.015634135581277853,4.875425016791293,9.993957064580172e-06,underdamped
304,1.784068949118819,1.1939873695373535,3.1990295772965958,2.1714487075805664,0.5900815795814656,33.07504342099091,1.0275808697160294,32.121643294852156,8.958592661656439e-05,overdamped
305,1.5838947229706126,1.4448540210723877,1.3289470188240504,1.2624932527542114,0.13904070189822493,8.778405526691351,0.066453766069839,5.00048272267785,1.51722479131422e-05,overdamped
306,1.3003753001179816,1.24972403049469,0.6483723279953029,0.6377184987068176,0.050651269623291695,3.895127015923492,0.01065382928848524,1.643165327771734,5.118095941725187e-06,overdamped
307,1.3406855631166956,1.2278437614440918,1.2364829455254012,1.1885192394256592,0.11284180167260383,8.416723859566307,0.04796370609974199,3.879043077246929,8.065275324042886e-06,overdamped
308,0.6082470142165765,0.6214179396629333,3.250575407603271,3.3539953231811523,0.013170925446356896,2.1653908919423266,0.10341991557788122,3.181587953196731,1.8318714865017682e-05,underdamped
309,0.9581517108847563,0.9180775284767151,2.940861651233758,2.9306447505950928,0.04007418240804117,4.182446469884891,0.010216900638665205,0.34741180818142137,3.853092493955046e-05,underdamped
310,1.1661472487736428,0.9284622669219971,3.636585543853847,2.5708932876586914,0.23768498185164577,20.382072855859565,1.0656922561951556,29.304748735974883,8.675689605297521e-05,overdamped
311,0.7874292900369622,0.8240742683410645,0.4534799266014772,0.466930627822876,0.036644978304102294,4.6537484403688065,0.013450701221398798,2.9661073031837666,3.5181651583116036e-06,underdamped
312,1.0676770226272487,1.0500919818878174,1.6638955624995615,1.6738983392715454,0.017585040739431346,1.6470374810689075,0.010002776771983912,0.6011661427209647,3.390822166693397e-05,overdamped
313,1.8755261093143105,1.4878383874893188,2.7589594466831913,2.1732189655303955,0.38768772182499167,20.670878421774127,0.5857404811527958,21.230485350445086,8.177778363460675e-05,overdamped
314,1.5679632346236436,1.4398962259292603,2.167342014402749,2.0063343048095703,0.12806700869438337,8.167730331070112,0.16100770959317856,7.42880950598594,2.6080446332343854e-05,overdamped
315,0.023069063854282597,0.02501792274415493,2.1473043156234493,2.145531177520752,0.0019488588898723333,8.447932270604653,0.0017731381026973025,0.08257507283882531,6.577091699000448e-05,underdamped
316,1.0,0.8297792077064514,3.8123165666391623,2.6286067962646484,0.17022079229354858,17.02207922935486,1.1837097703745139,31.04961903565215,8.151684596668929e-05,critically_damped
317,1.8895721016318188,1.5638892650604248,2.73342371202935,2.2648627758026123,0.32568283657139396,17.23579832122505,0.46856093622673756,17.141906472994936,5.718415923183784e-05,overdamped
318,0.659726260301479,0.6594592332839966,1.1475641007954909,1.1643229722976685,0.00026702701748237967,0.040475426483759305,0.016758871502177586,1.4603865257339737,8.54749850986991e-06,underdamped
319,1.8518438768218672,1.7200449705123901,0.34596304381442466,0.335157573223114,0.1317989063094771,7.117171590926459,0.01080547059131065,3.123301978203987,6.4864066189329606e-06,overdamped
320,1.278312436523878,1.2427120208740234,0.9686657008355983,0.9559625387191772,0.03560041564985461,2.784954181206514,0.012703162116421085,1.3114082707236334,3.808969267993234e-06,overdamped
321,1.4395383506493338,1.3854219913482666,1.2147909828880972,1.1655585765838623,0.054116359301067174,3.759285695768846,0.049232406304234866,4.052747097874203,6.77764637657674e-06,overdamped
322,0.11485380596070272,0.1232135146856308,3.371074723501161,3.3651745319366455,0.008359708724928083,7.278564828568555,0.005900191564515378,0.17502405162907528,0.0001144717971328646,underdamped
323,0.43393123482108625,0.4242861270904541,0.397671091503378,0.3778212368488312,0.009645107730632152,2.2227272334080577,0.019849854654546806,4.99152568005517,1.729078394419048e-05,underdamped
324,0.7965931232802441,0.7954524755477905,2.2608188206603415,2.2789714336395264,0.0011406477324535924,0.14319075813215484,0.018152612979184912,0.8029220569688501,7.781982276355848e-06,underdamped
325,0.8696552827961294,0.8497325778007507,2.663151090962689,2.6759707927703857,0.019922704995378626,2.2908737967212516,0.01281970180769676,0.4813734320669966,1.4298181667982135e-05,underdamped
326,0.5937803815932976,0.6054980158805847,3.9938690618949177,2.8830766677856445,0.011717634287287115,1.9733953243529292,1.1107923941092732,27.812438938152127,6.632004078710452e-05,underdamped
327,1.0,0.7873959541320801,3.2234304944177206,2.2005674839019775,0.21260404586791992,21.260404586791992,1.022863010515743,31.732125519291294,9.498659346718341e-05,critically_damped
328,1.550012808305089,1.1314588785171509,3.4430962318508764,2.4912798404693604,0.41855392978793815,27.0032562018387,0.9518163913815161,27.64419950208177,9.001024591270834e-05,overdamped
329,1.9571293248252608,1.51220703125,2.986706447884884,2.3804562091827393,0.4449222935752608,22.733413062265825,0.6062502387021449,20.298286734254624,8.796127076493576e-05,overdamped
330,0.9171341110130213,0.869757354259491,2.9293754807223564,2.8742454051971436,0.04737675675353037,5.16573925063155,0.055130075525212874,1.8819736796464999,3.246358028263785e-05,underdamped
331,0.8554690113560623,0.8039372563362122,3.4095551274610596,3.3272457122802734,0.05153175501985019,6.023801486177002,0.08230941518078616,2.414080784846504,4.983594408258796e-05,underdamped
332,1.4762810087613996,1.3651677370071411,1.176637026630782,1.1030293703079224,0.11111327175425845,7.5265664934267855,0.0736076563228596,6.25576576776867,1.3134831533534452e-05,overdamped
333,1.8039902749269123,1.42413330078125,3.3004570522055667,2.6433827877044678,0.37985697414566233,21.05648680179565,0.657074264501099,19.908583996328684,8.601605804869905e-05,overdamped
334,1.9175539392780896,1.6664345264434814,0.9365763430527241,0.827419102191925,0.25111941283460815,13.095820028361144,0.10915724086079903,11.654921851325692,6.3267989389714785e-06,overdamped
335,0.6176628971857531,0.6204690337181091,2.904995957164399,2.9548168182373047,0.0028061365323560628,0.45431521710978834,0.04982086107290584,1.7150062102508596,8.9796358224703e-06,underdamped
336,1.3595870018756961,1.284659504890442,2.777360415337079,2.6716508865356445,0.07492749698525425,5.511048346437832,0.10570952880143425,3.8061149074382787,3.3818560041254386e-05,overdamped
337,1.1000374852936703,1.05316960811615,2.5526455196963345,2.5149455070495605,0.04686787717752039,4.260570917272729,0.03770001264677392,1.4768996461074921,1.6063340808614157e-05,overdamped
338,0.8496367653716365,0.655653178691864,3.75505129045093,2.364574432373047,0.19398358667977245,22.831355066764655,1.390476858077883,37.02950374110352,8.775779861025512e-05,underdamped
339,0.13155854313723156,0.1373925507068634,0.899435863715075,0.884110152721405,0.005834007569631844,4.4345334255839735,0.015325710993669972,1.7039248279880552,9.130211765295826e-06,underdamped
340,1.946546503217129,1.8044934272766113,0.3994721472256345,0.3601486086845398,0.14205307594051764,7.29769752254782,0.039323538541094716,9.843874927000488,7.93745039118221e-06,overdamped
341,0.48357225074560295,0.4625166058540344,3.8528290020603793,2.809525728225708,0.021055644891568526,4.354187995507098,1.0433032738346713,27.078888610855646,4.119514414924197e-05,underdamped
342,1.0,0.9780755043029785,1.091703303568111,1.0930927991867065,0.021924495697021484,2.1924495697021484,0.001389495618595582,0.12727776988987485,8.012712896743324e-06,critically_damped
343,1.6521663099232557,1.0327320098876953,3.9958550454128154,2.4112889766693115,0.6194343000355604,37.49224858993364,1.584566068743504,39.655244014984056,0.00019280148262623698,overdamped
344,1.6204048689417467,1.4822447299957275,1.0890424200974955,1.0314239263534546,0.1381601389460192,8.526272760229903,0.05761849374404093,5.290748338240368,1.8069529687636532e-05,overdamped
345,0.4492272487555221,0.4419540464878082,1.2357299659581162,1.2351276874542236,0.007273202267713885,1.6190474393222076,0.000602278503892606,0.048738682437439534,1.0463730177434627e-05,underdamped
346,1.062376255417534,0.9981971383094788,3.5318042961289122,3.379305601119995,0.06417911710805524,6.041091071150835,0.1524986950089171,4.31786934446129,0.0001016208334476687,overdamped
347,1.5767672772385817,1.1865049600601196,3.215210951680682,2.3749501705169678,0.39026231717846205,24.750787437822456,0.8402607811637144,26.133923832415608,6.391736678779125e-05,overdamped
348,1.930799983142398,1.5999923944473267,2.526201941891449,2.0997886657714844,0.33080758869507143,17.133187879807128,0.4264132761199648,16.87961952086441,7.568982255179435e-05,overdamped
349,1.4409914782155486,1.3316797018051147,1.0870720654438317,1.0307948589324951,0.10931177641043388,7.5858725095168555,0.05627720651133661,5.176952687893755,5.7537422435416374e-06,overdamped
350,1.2013336175969456,0.8919235467910767,3.5383530348339165,2.5449516773223877,0.3094100708058689,25.755549189141046,0.9934013575115288,28.07524709184812,6.903081521159038e-05,overdamped
351,1.0228901658479876,1.0065926313400269,2.0005180953776223,1.9836008548736572,0.016297534507960787,1.5932829400554405,0.016917240503965036,0.8456429633430385,8.501085176249035e-06,overdamped
352,1.3498997470833234,1.3310587406158447,0.8830009610486433,0.8799949884414673,0.01884100646747866,1.3957337578725904,0.003005972607176055,0.3404268783134949,4.3638847273541614e-06,overdamped
353,0.7102221918117911,0.710062563419342,3.5751492944689764,3.6580610275268555,0.000159628392449096,0.02247583844738514,0.08291173305787902,2.319112468565989,3.728541560121812e-05,underdamped
354,1.0,1.007989525794983,0.44416848775194495,0.45611587166786194,0.00798952579498291,0.798952579498291,0.011947383915916987,2.689831504343291,1.409336050528509e-06,critically_damped
355,1.8918975317179523,1.5456602573394775,2.9110895808528343,2.4212827682495117,0.34623727437847474,18.301058517903517,0.4898068126033226,16.825549300335464,5.369573409552686e-05,overdamped
356,1.0,0.9505627751350403,2.742540409935814,2.6979336738586426,0.04943722486495972,4.943722486495972,0.04460673607717158,1.6264750709075442,3.57134485966526e-05,critically_damped
357,0.11715850263417049,0.12731213867664337,1.436620027246743,1.4469144344329834,0.01015363604247288,8.666580584575913,0.010294407186240306,0.7165713265162644,2.3103048079065047e-05,underdamped
358,0.4575012307243932,0.46826300024986267,1.8671650992878057,1.9109528064727783,0.010761769525469478,2.352293021907204,0.0437877071849726,2.3451438333800576,3.78465156245511e-05,underdamped
359,1.7032774516333662,1.0857669115066528,3.1422007375499508,1.8422774076461792,0.6175105401267134,36.25425438084374,1.2999233299037716,41.36983720897962,7.936449401313439e-05,overdamped
360,0.7750069664191485,0.7794551849365234,1.8122880632977594,1.8432865142822266,0.00444821851737498,0.5739585203895111,0.030998450984467185,1.7104593696909505,4.6656368795083836e-06,underdamped
361,1.2681320554211155,1.1629806756973267,0.43023063052432986,0.39877256751060486,0.10515137972378885,8.291832011838125,0.031458063013725,7.311906866181632,2.0498862340900814e-06,overdamped
362,0.3480153358454871,0.45881617069244385,3.5077355149824654,2.665142297744751,0.11080083484695674,31.837917308377016,0.8425932172377144,24.021001972320207,6.304574526438955e-06,underdamped
363,0.10627431101660122,0.11013102531433105,2.940738811815135,2.944519519805908,0.003856714297729838,3.6290183966729046,0.0037807079907730134,0.1285632024028485,3.71572605217807e-05,underdamped
364,1.689369555227485,1.4210811853408813,2.12255777498894,1.8351680040359497,0.26828836988660365,15.880975779185084,0.28738977095299045,13.539785552102954,7.590909081045538e-05,overdamped
365,1.9203405157405038,1.5844345092773438,2.4600471689424857,2.070608377456665,0.33590600646316005,17.492002262610757,0.3894387914858206,15.830541641737335,5.32178019057028e-05,overdamped
366,1.2659742672969252,1.1694601774215698,2.542199353845433,2.381840705871582,0.09651408987535537,7.6237007630044245,0.16035864797385102,6.307870692016583,5.173799581825733e-05,overdamped
367,1.9889121888883443,1.2193450927734375,2.9118472208992037,1.549395203590393,0.7695670961149068,38.69286439161692,1.3624520173088106,46.78995544581056,4.71852445116383e-06,overdamped
368,0.9368827815699259,0.8810024857521057,3.476814493248201,3.392026662826538,0.05588029581782017,5.9644917077227175,0.08478783042166294,2.4386642021401097,9.857543773250654e-05,underdamped
369,0.11456504229583903,0.1192699745297432,1.356517379244826,1.3575631380081177,0.004704932233904169,4.106778245457035,0.0010457587632917154,0.07709143865697393,2.888155540858861e-05,underdamped
370,1.0,0.9714325070381165,1.9936758155066747,1.9860303401947021,0.028567492961883545,2.8567492961883545,0.007645475311972572,0.3834863849230946,1.5581774277961813e-05,critically_damped
371,1.6392938552623426,1.0620313882827759,3.558387105220667,1.853722095489502,0.5772624669795667,35.214093258904164,1.704665009731165,47.905552693527234,9.615286217012908e-06,overdamped
372,1.0,0.8465725779533386,3.3977712640303053,2.106029748916626,0.15342742204666138,15.342742204666138,1.2917415151136793,38.01731825765886,9.904296166496351e-05,critically_damped
373,1.9394109778312836,1.211957335472107,3.125250717555483,1.9765733480453491,0.7274536423591766,37.508998900926116,1.1486773695101338,36.75472700662586,3.848052438115701e-05,overdamped
374,1.1906930247513845,1.1514947414398193,2.1315837518563403,2.09425687789917,0.03919828331156516,3.292056180454213,0.03732687395717038,1.7511333497763522,2.4989454686874524e-05,overdamped
375,0.9433506549570425,0.8989202380180359,2.401702432004556,2.38090181350708,0.04443041693900662,4.709851708432837,0.02080061849747583,0.8660780877885363,1.4844533325231168e-05,underdamped
376,1.322829876044039,1.2441802024841309,1.1698829725603481,1.1223372220993042,0.07864967355990804,5.9455622362500735,0.04754575046104392,4.064145865546504,1.857941060734447e-05,overdamped
377,1.3950498036190944,1.0178372859954834,3.1110235943093234,2.2452402114868164,0.37721251762361097,27.03935849781356,0.865783382822507,27.82953444667523,6.194169691298157e-05,overdamped
378,1.0,0.9848454594612122,1.7046033455865428,1.6943188905715942,0.015154540538787842,1.5154540538787842,0.010284455014948568,0.6033342033251586,2.7048350602854043e-05,critically_damped
379,1.648480581900267,1.5312672853469849,0.38713290242194015,0.36640655994415283,0.11721329655328216,7.1103838189083115,0.02072634247778732,5.3538054627032095,1.5758489553263644e-06,overdamped
380,0.16044643192605984,0.17063841223716736,0.9657779374030804,0.9585334658622742,0.010191980311107518,6.35226361144908,0.007244471540806208,0.7501177299914473,4.920420178677887e-05,underdamped
381,1.8409893595628049,1.5802210569381714,1.3798702605559288,1.214909315109253,0.26076830262463346,14.16457413347355,0.16496094544667583,11.95481562014501,2.07552729989402e-05,overdamped
382,0.8079546134979123,0.803939700126648,1.5363657189109916,1.5476527214050293,0.004014913371264361,0.49692313209060424,0.01128700249403769,0.7346559712382905,5.094006610306678e-06,underdamped
383,1.0,1.0036321878433228,1.932600646466472,1.9461368322372437,0.003632187843322754,0.3632187843322754,0.013536185770771647,0.7004129795527564,2.014616438827943e-05,critically_damped
384,1.5913152123766228,1.499173641204834,0.7783521892530345,0.7518852353096008,0.09214157117178878,5.7902777812433355,0.02646695394343368,3.400382797000079,6.030146323610097e-06,overdamped
385,1.938664762945928,1.5469835996627808,1.8511629196517292,1.483737587928772,0.39168116328314717,20.20365618488686,0.3674253317229572,19.84835196418494,5.694535138900392e-05,overdamped
386,1.9851338739945241,1.2311415672302246,3.68101483822929,2.2503256797790527,0.7539923067642995,37.98193747241348,1.4306891584502375,38.86670446399108,0.00015950774832163006,overdamped
387,1.538974696389753,1.4734768867492676,0.3352736588322468,0.31821945309638977,0.06549780964048546,4.255938047203462,0.01705420573585703,5.086652436477287,1.2580032944242703e-06,overdamped
388,0.3964104644655223,0.4537186622619629,3.1631249073871914,2.426363468170166,0.057308197796440585,14.456782283411428,0.7367614392170254,23.2922018822711,2.1456076865433715e-05,underdamped
389,0.4658547890393907,0.4871612787246704,3.9264162001252054,3.791158676147461,0.021306489685279706,4.573633283713677,0.1352575239777445,3.4448086265901052,2.610577030282002e-05,underdamped
390,1.691436520124196,1.443305253982544,1.6488730357798345,1.4424761533737183,0.24813126614165215,14.66985388984227,0.2063968824061162,12.517451491254498,2.3057569705997594e-05,overdamped
391,1.254938574744957,1.022148609161377,3.157465047212523,2.478567123413086,0.23278996558358012,18.54990915638165,0.678897923799437,21.501359908917518,3.4189077268820256e-05,overdamped
392,0.15304244883113302,0.21418827772140503,3.7466760534603383,3.634287118911743,0.06114582889027201,39.95350921085972,0.11238893454859511,2.9996971434131714,0.001349924597889185,underdamped
393,0.2203040495263784,0.2306043803691864,2.624373652868601,2.619516372680664,0.010300330842808014,4.675506812041006,0.004857280187936741,0.185083407716254,4.701163561549038e-05,underdamped
394,1.1099088174305414,1.001100778579712,3.544003310211897,3.2876901626586914,0.10880803885082946,9.803331331552261,0.25631314755320567,7.232305534666124,8.763370715314522e-05,overdamped
395,1.029945292505699,0.8982124924659729,3.8371927336705793,3.0511205196380615,0.1317328000397262,12.790271580273984,0.7860722140325178,20.48560675972555,3.785352237173356e-05,overdamped
396,1.0,0.9357475638389587,2.1716873999543194,2.0881426334381104,0.06425243616104126,6.425243616104126,0.08354476651620901,3.846997800786906,1.1467271178844385e-05,critically_damped
397,1.6028709906783956,1.5239067077636719,0.8204253666102825,0.7983694672584534,0.07896428291472368,4.926427851894869,0.022055899351829167,2.6883492697156126,6.64484832668677e-06,overdamped
398,0.7152438324216526,0.7086160778999329,3.4816737761909473,3.5846338272094727,0.006627754521719709,0.9266426666385423,0.10296005101852534,2.9571998307999623,2.6271787646692246e-05,underdamped
399,1.5950510453787445,1.427450180053711,2.056612476338717,1.8601996898651123,0.1676008653250336,10.507554965755771,0.1964127864736045,9.550306085046623,5.2178696932969615e-05,overdamped
400,1.646036879971962,1.5279526710510254,1.1320488821702186,1.0912702083587646,0.11808420892093663,7.173849526563951,0.04077867381145395,3.60220079306808,2.0921175746480003e-05,overdamped
401,1.1732235603872223,1.0509353876113892,3.05419908419231,2.85532283782959,0.12228817277583315,10.423262616331362,0.19887624636272028,6.5115678736218845,7.341993477893993e-05,overdamped
402,1.6875182782209714,1.3723695278167725,3.3054473205288635,2.588486909866333,0.315148750404199,18.675279223430845,0.7169604106625305,21.690268854377585,5.24548840985517e-06,overdamped
403,1.5689112921294042,1.3620994091033936,2.751432275413758,2.4225594997406006,0.2068118830260106,13.18187229982361,0.3288727756731573,11.952784686430332,6.679620855720714e-05,overdamped
404,1.7343047992663148,1.540711522102356,2.002024249224179,1.801163911819458,0.1935932771639588,11.162586717505311,0.2008603374047211,10.032862363308444,3.346496669109911e-05,overdamped
405,0.5379082841054031,0.5379459857940674,2.3427163887152,2.441704034805298,3.770168866423784e-05,0.007008943676511626,0.09898764609009802,4.2253363047665005,2.2077907487982884e-05,underdamped
406,0.14527371627540647,0.06388689577579498,0.5103350754652243,0.3485652208328247,0.08138682049961149,56.02308702926019,0.16176985463239957,31.69875291933036,2.7352532924851403e-05,underdamped
407,1.377113276871853,1.3298670053482056,1.0508088175372603,1.0012236833572388,0.047246271523647465,3.430819549642898,0.04958513418002153,4.718758860078114,9.37432014325168e-06,overdamped
408,0.9659209407348262,0.749050498008728,3.4992634350740044,2.360081672668457,0.21687044272609812,22.452193919837118,1.1391817624055474,32.554901439749855,7.202229608083144e-05,underdamped
409,1.0,0.9548313021659851,2.8228097680817132,2.771656036376953,0.04516869783401489,4.516869783401489,0.05115373170476012,1.8121565357740164,4.297112536733039e-05,critically_damped
410,1.2410558271339815,1.1864148378372192,1.7019267599685741,1.6462455987930298,0.05464098929676231,4.402782542260558,0.055681161175544336,3.2716543675811574,9.640323696658015e-06,overdamped
411,1.0,0.962358832359314,2.535662662552375,2.52414608001709,0.037641167640686035,3.7641167640686035,0.011516582535285202,0.45418433237853156,3.410978752071969e-05,critically_damped
412,1.0208929153034674,0.8003665208816528,3.418239539403105,2.574620485305786,0.22052639442181454,21.60132479284192,0.843619054097319,24.67992790945927,6.975584255997092e-05,overdamped
413,0.7539237336508924,0.7385161519050598,2.314950941354004,2.345583438873291,0.015407581745832566,2.0436525683070106,0.030632497519286872,1.3232460771445145,1.2609093573701102e-05,underdamped
414,0.6332215836242742,0.6371358036994934,0.4262884715513453,0.434861958026886,0.0039142200752192435,0.618143818284907,0.008573486475540681,2.011193604260543,7.374505457846681e-06,underdamped
415,0.6288125374019619,0.6180369257926941,1.1546531819801649,1.1739920377731323,0.010775611609267766,1.7136445233405975,0.019338855792967458,1.6748627288933993,7.281862053787336e-06,underdamped
416,0.5624038945522335,0.5843522548675537,3.9968094056558665,3.1508400440216064,0.021948360315320214,3.9025974976213025,0.8459693616342601,21.166117164284408,3.266791100031696e-05,underdamped
417,1.977081076784048,1.1306487321853638,3.385903546906899,1.8500146865844727,0.8464323445986843,42.81222224712731,1.5358888603224266,45.361270309235366,0.00014756040764041245,overdamped
418,1.4536165675850206,1.3668477535247803,0.4540868155214977,0.4318048059940338,0.08676881406024028,5.969167935695344,0.022282009527463897,4.9069932809817525,3.7340037124522496e-06,overdamped
419,0.048660505181077625,0.04950818419456482,3.6483933220958624,3.640798568725586,0.0008476790134871945,1.7420267429053067,0.007594753370276486,0.20816706697384235,3.2776199077488855e-05,underdamped
420,1.0,0.9535662531852722,0.7135544428267209,0.6999125480651855,0.04643374681472778,4.643374681472778,0.013641894761535323,1.9118225523890562,6.2134722611517645e-06,critically_damped
421,1.94405160832966,1.5886892080307007,1.6316275275037073,1.372401475906372,0.35536240029895927,18.279473588887317,0.25922605159733525,15.887575272399065,3.349106555106118e-05,overdamped
422,1.0326599311505675,1.0048751831054688,2.46441159398232,2.472459554672241,0.027784748045098784,2.690599993953635,0.008047960689921307,0.3265672304729079,2.2671596525469795e-05,overdamped
423,1.2147709669194515,1.130394697189331,2.9717780506989513,2.8558802604675293,0.08437626973012047,6.945858275168611,0.115897790231422,3.899947716625852,3.0802239052718505e-05,overdamped
424,1.0,0.9246572852134705,2.880070026355913,2.770749807357788,0.07534271478652954,7.534271478652954,0.10932021899812483,3.795748644919069,4.402390186442062e-05,critically_damped
425,0.5983567237030194,0.6272468566894531,3.8110470522404065,2.82472825050354,0.028890132986433725,4.828245734023485,0.9863188017368665,25.88052018819966,7.48526508687064e-05,underdamped
426,1.0,0.9850529432296753,1.0817008612165475,1.0763778686523438,0.014947056770324707,1.4947056770324707,0.005322992564203766,0.49209469596032307,2.4575226689194096e-06,critically_damped
427,0.7105576946300896,0.6216566562652588,3.975109537228079,2.9805984497070312,0.08890103836483076,12.511445451464981,0.9945110875210479,25.018457433868345,9.526623034616932e-05,underdamped
428,1.0,0.9889212250709534,1.6249191864798367,1.5750735998153687,0.01107877492904663,1.107877492904663,0.04984558666446803,3.067573272517732,1.0036545063485391e-05,critically_damped
429,1.178947818209168,1.1056069135665894,2.7910641073841544,2.677274227142334,0.07334090464257859,6.2208779311355835,0.11378988024182046,4.076935386069179,5.12582300871145e-05,overdamped
430,1.1532488574885924,1.0776500701904297,2.7223159005682316,2.6199185848236084,0.07559878729816272,6.5552882890161905,0.10239731574462319,3.761404608599968,3.823109727818519e-05,overdamped
431,1.0,0.9537363648414612,2.553596565817342,2.509382486343384,0.04626363515853882,4.626363515853882,0.04421407947395828,1.7314434106707244,2.5802997697610408e-05,critically_damped
432,1.0298588169752514,0.7936480045318604,3.394628735537201,2.247854471206665,0.23621081244339104,22.936232476715052,1.1467742643305359,33.782023121567036,8.267420344054699e-05,overdamped
433,1.0,0.9769420623779297,0.6537046901391499,0.6606506109237671,0.023057937622070312,2.3057937622070312,0.006945920784617199,1.062547185203561,6.640640549449017e-06,critically_damped
434,1.4758276586157948,1.3425527811050415,1.388371894343206,1.2941315174102783,0.1332748775107533,9.030517671403054,0.09424037693292764,6.787833815773816,2.0935032807756215e-05,overdamped
435,1.636706634612386,1.3929893970489502,2.164011063985333,1.858733892440796,0.24371723756343577,14.890709942112151,0.30527717154453704,14.107006041934273,4.0450551750836894e-05,overdamped
436,0.31413225957182755,0.3119237720966339,0.572786985643591,0.5749744176864624,0.0022084874751936434,0.703043831984618,0.002187432042871418,0.3818927625273452,1.4504505088552833e-05,underdamped
437,1.2282158004379091,1.1915388107299805,1.1140347563936654,1.0997378826141357,0.03667698970792865,2.986200771464738,0.014296873779529706,1.2833418075582583,5.976815828034887e-06,overdamped
438,0.6030941843843479,0.6107940077781677,2.5017655246897936,2.569992780685425,0.007699823393819805,1.2767198877369308,0.06822725599563118,2.7271642894707733,1.2052340935042594e-05,underdamped
439,0.5499191149792659,0.519008994102478,0.34380172692582733,0.33140528202056885,0.030910120876787905,5.620848600244298,0.012396444905258486,3.6056959387911767,4.951923074258957e-06,underdamped
440,1.295834757193238,1.2368882894515991,1.0420475645614566,1.0215500593185425,0.05894646774163892,4.548918557279342,0.02049750524291416,1.967041231130413,9.097055226447992e-06,overdamped
441,0.737139622294869,0.7384441494941711,1.4368111799612702,1.4432326555252075,0.0013045271993021856,0.17697152070606667,0.006421475563937351,0.4469255009632125,7.270828064065427e-06,underdamped
442,1.7253186696437608,1.2240179777145386,3.3063205343087154,2.165236473083496,0.5013006919292222,29.055542071699104,1.1410840612252193,34.5122031994335,2.0398378183017485e-05,overdamped
443,1.1126138322202155,1.0810198783874512,2.090731724384936,2.001776933670044,0.03159395383276431,2.8396154099323687,0.08895479071489198,4.254720473094713,2.532054168113973e-05,overdamped
444,1.1709407396312674,0.8831545114517212,3.8700207952520347,2.720595359802246,0.28778622817954624,24.57735207591897,1.1494254354497886,29.700756049165683,0.0001653012295719236,overdamped
445,0.18394646189835462,0.18661245703697205,2.7263649699181918,2.730393171310425,0.0026659951386174274,1.4493321106065125,0.004028201392233033,0.14774989543508932,2.3270906240213662e-05,underdamped
446,1.7005185687974518,1.5316084623336792,1.5431508309867534,1.4250657558441162,0.16891010646377258,9.93285869164134,0.11808507514263722,7.6522056542670445,1.820061879698187e-05,overdamped
447,0.9109075317754874,0.9036415815353394,1.4151797427670094,1.3905677795410156,0.007265950240148089,0.7976605732950441,0.024611963225993794,1.7391404414729406,1.0656593758540112e-06,underdamped
448,1.473014009014759,1.401408314704895,1.4094660544110984,1.335487723350525,0.07160569430986397,4.861168588461571,0.0739783310605735,5.248677740698271,3.3123309549409896e-05,overdamped
449,0.41623786931252754,0.41806596517562866,2.106616438576823,2.150254964828491,0.0018280958631011202,0.4391949887021247,0.043638526251668086,2.0714984205263858,2.2679758330923505e-05,underdamped
450,1.2924958456983204,1.005620002746582,3.8003585924653427,2.809572696685791,0.2868758429517384,22.195494392227058,0.9907858957795517,26.07085283330634,0.00013052149733994156,overdamped
451,1.104414069667265,1.0641769170761108,2.1007667054637587,2.022836685180664,0.040237152591154235,3.6433031501741717,0.07793002028309459,3.7095989802395026,2.4165372451534495e-05,overdamped
452,1.3787046001701335,1.0157618522644043,3.705327494625201,2.3509397506713867,0.3629427479057292,26.324910199105865,1.3543877439538141,36.55244363469719,3.826513420790434e-05,overdamped
453,1.5725845645514536,0.9600363969802856,3.315982736790317,1.9928741455078125,0.6125481675711679,38.95168383176165,1.3231085912825047,39.90094932047803,7.751377415843308e-05,overdamped
454,0.9021643032185896,0.8708155751228333,2.3340168398126737,2.297663450241089,0.031348728095756395,3.474835790322859,0.03635338957158485,1.5575461561152466,1.445352791051846e-05,underdamped
455,1.3482598115939044,1.2501616477966309,2.809665682849593,2.5978474617004395,0.09809816379727354,7.275909505995176,0.21181822114915372,7.538911922585943,4.808806625078432e-05,overdamped
456,0.5945396050931679,0.608633279800415,1.952684204473626,1.9733781814575195,0.014093674707247095,2.370519068286213,0.020693976983893636,1.0597707983955345,7.59098202252062e-06,underdamped
457,1.0,1.0107755661010742,0.8230908263652101,0.8110976219177246,0.010775566101074219,1.0775566101074219,0.011993204447485528,1.4570936843565396,1.4924059996701544e-06,critically_damped
458,0.25926956128539663,0.2572648525238037,0.5617667612236648,0.5720504522323608,0.0020047087615929216,0.7732140833092993,0.010283691008696083,1.8305979845257665,1.5489837096538395e-05,underdamped
459,0.45003881853562144,0.4510747194290161,2.6485859444844633,2.687807321548462,0.00103590089339467,0.2301803423903257,0.03922137706399864,1.4808421507210303,2.0373929146444425e-05,underdamped
460,1.187178458644909,1.1544352769851685,2.1663356051415743,2.1050965785980225,0.03274318165974055,2.758067367320232,0.061239026543551844,2.8268485454519294,3.633311280282214e-05,overdamped
461,0.14426029723431702,0.15581096708774567,2.69326576690144,2.7015459537506104,0.011550669853428647,8.006825214471375,0.008280186849170423,0.3074403926611613,0.00030107839847914875,underdamped
462,1.2396844604334785,1.1258375644683838,2.577215540082004,2.4059388637542725,0.11384689596509467,9.183538198525616,0.17127667632773136,6.645803335575167,6.002479130984284e-05,overdamped
463,0.21162782311230943,0.3278232216835022,3.741534533860948,3.23294734954834,0.11619539857119277,54.905539764272234,0.5085871843126082,13.59301056050361,0.0020111927296966314,underdamped
464,1.3000251222540284,0.9341042637825012,3.086504230272715,2.117596387863159,0.3659208584715272,28.147214404370974,0.9689078424095556,31.39175488264099,4.620852632797323e-05,overdamped
465,0.1367414102228999,0.13691066205501556,2.098239132753898,2.11075758934021,0.0001692518321156633,0.12377511087516847,0.012518456586311899,0.5966172487633318,1.6282680007861927e-05,underdamped
466,0.7099152906230976,0.7236883044242859,1.1104644798575567,1.1665773391723633,0.013773013801188339,1.9400925692274733,0.056112859314806585,5.053098080364028,1.4528571227856446e-05,underdamped
467,1.7358727295352787,1.4647254943847656,2.3803586014554483,2.0267817974090576,0.2711472351505131,15.62022552327921,0.3535768040463907,14.853930152801324,6.331122131086886e-05,overdamped
468,0.4822937354136733,0.4741668999195099,1.3769746197841062,1.374070167541504,0.008126835494163431,1.6850385765829774,0.0029044522426022734,0.21092997654943402,1.0218025636277162e-05,underdamped
469,0.35719113889648824,0.365872323513031,2.212455564181763,2.2354631423950195,0.00868118461654277,2.4304031290816885,0.023007578213256608,1.0399114262783193,2.7341431632521562e-05,underdamped
470,0.5940822786093157,0.6012717485427856,2.7739634213143627,2.84612774848938,0.007189469933469916,1.2101808440237791,0.0721643271750172,2.6014880593062837,1.5821859051357023e-05,underdamped
471,0.2502602513829207,0.2619657814502716,1.501379156601017,1.5076971054077148,0.011705530067350922,4.6773428871212985,0.006317948806697782,0.4208096788156451,2.910868170147296e-05,underdamped
472,0.0815872986232192,0.07643024623394012,0.9217174455724133,0.9158403873443604,0.0051570523892790765,6.32090101805554,0.005877058228052956,0.6376203744742113,3.094958083238453e-05,underdamped
473,0.2138272041142558,0.2550966143608093,3.7761797258449064,3.5432722568511963,0.041269410246553534,19.300355358199305,0.23290746899371007,6.167806775711606,0.00043111108243465424,underdamped
474,1.6155041031312147,1.4550162553787231,2.578752783636403,2.3287103176116943,0.16048784775249159,9.93422718279883,0.2500424660247087,9.696255787346693,2.3662963940296322e-05,overdamped
475,1.4328452119992505,0.997706949710846,3.8440762539564215,2.121584892272949,0.4351382622884046,30.368825511951542,1.7224913616834723,44.808980048474325,2.7219868570682593e-05,overdamped
476,1.3675326877330714,1.2692455053329468,1.8128893697864803,1.7141209840774536,0.09828718240012457,7.187190718128504,0.09876838570902668,5.448119855248502,2.2809615984442644e-05,overdamped
477,0.583445128378582,0.6058734655380249,2.8130469679189485,2.9327642917633057,0.022428337159442924,3.844121078150433,0.11971732384435718,4.255788303915961,2.1234902305877768e-05,underdamped
478,0.8800048946221029,0.7836717367172241,3.978358992390444,2.8221569061279297,0.09633315790487873,10.94688887454958,1.1562020862625144,29.06228644710106,9.421403228770941e-05,underdamped
479,1.427481252716332,1.2473750114440918,2.909332821731091,2.563120126724243,0.18010624127224029,12.617065262995144,0.34621269500684804,11.900071810995035,7.019790064077824e-05,overdamped
480,0.9123798530444167,0.8154014945030212,3.92546604143457,2.997750759124756,0.09697835854139547,10.629164839381252,0.9277152823098143,23.63325201434627,4.7886569518595934e-05,underdamped
481,1.5778512844733004,1.4567240476608276,1.8403461909504046,1.6788005828857422,0.12112723681247273,7.676720740694265,0.16154560806466245,8.778001055401209,2.8560314603964798e-05,overdamped
482,1.2170583520307945,1.1550400257110596,2.1693773002935264,2.0403382778167725,0.06201832631973492,5.0957561908392135,0.12903902247675392,5.948205619155984,1.678379157965537e-05,overdamped
483,1.9097990467227486,1.1233739852905273,3.984098433486829,2.3158578872680664,0.7864250614322212,41.17841941442696,1.6682405462187626,41.872473134624364,0.00013966721598990262,overdamped
484,1.0,0.964409589767456,0.6357670081545184,0.6155444979667664,0.035590410232543945,3.5590410232543945,0.020222510187752007,3.180805220839185,6.40420466879732e-07,critically_damped
485,0.8059314292533745,0.820881187915802,0.963005182313516,0.9722825884819031,0.014949758662427537,1.8549665790149408,0.009277406168387126,0.9633807105896521,7.3442738539597485e-06,underdamped
486,1.0312358896704803,0.9907417893409729,2.5263075177557113,2.521904945373535,0.0404941003295074,3.9267543667867133,0.004402572382176118,0.1742690607233445,2.964838313346263e-05,overdamped
487,0.27678489583317134,0.28501373529434204,0.9214740212366974,0.9125143885612488,0.0082288394611707,2.9730088545476594,0.008959632675448637,0.9723152762813692,1.6600461094640195e-05,underdamped
488,0.060423293534240585,-0.011690190061926842,0.5372518446150251,0.3185637295246124,0.07211348359616743,119.34715798850365,0.21868811509041264,40.70495379073412,0.00017419160576537251,underdamped
489,0.7666583355202456,0.7652386426925659,1.8977273838862452,1.9314855337142944,0.0014196928276797305,0.18517933764019445,0.033758149828049255,1.7788724615923446,1.1532309144968167e-05,underdamped
490,0.5821955524052493,0.5432870984077454,3.787558355640368,3.106313943862915,0.03890845399750398,6.683055862718261,0.681244411777453,17.98637401224341,1.414691905665677e-05,underdamped
491,0.6833025925553644,0.6839261651039124,0.8399065841573137,0.8405748009681702,0.000623572548547946,0.09125862470621626,0.0006682168108564923,0.07955846798449862,1.1854210242745467e-05,underdamped
492,1.460548072401439,1.3874366283416748,0.9342324488657425,0.8959245681762695,0.07311144405976422,5.0057540344806375,0.038307880689472995,4.100465653487292,2.338738522666972e-05,overdamped
493,0.9114969978023418,0.8894354701042175,1.7360725117747007,1.7258607149124146,0.022061527698124306,2.420362080326714,0.010211796862286127,0.5882125771260046,6.142100573924836e-06,underdamped
494,1.8938388533769577,1.7163761854171753,0.7779538239675479,0.7080202102661133,0.17746266795978238,9.370526306572687,0.06993361370143458,8.989429905334823,3.1217082323564682e-06,overdamped
495,0.4706781052558345,0.4733821749687195,1.800850590903241,1.832707166671753,0.0027040697128850044,0.5745050986417187,0.03185657576851186,1.7689738354437146,2.56670518865576e-05,underdamped
496,1.0,0.9571458101272583,3.0572092109921236,3.0001580715179443,0.0428541898727417,4.28541898727417,0.05705113947417928,1.8661182646268777,5.0732505769701675e-05,critically_damped
497,1.341764441418389,1.2560045719146729,2.1759054653068968,2.0520851612091064,0.08575986950371606,6.391574173262386,0.12382030409779032,5.690518548347242,4.1903986129909754e-05,overdamped
498,0.3252460099880874,0.32410743832588196,2.718754750490405,2.7354962825775146,0.0011385716622054343,0.35006475936388465,0.0167415320871096,0.615779414604785,1.702268491499126e-05,underdamped
499,0.1382718176645373,0.15007451176643372,2.9936989765857964,3.0000357627868652,0.01180269410189641,8.535863852264566,0.006336786201068811,0.21167078756514401,0.0001907250116346404,underdamped
500,1.2477930374874182,1.1685010194778442,3.3000821388353265,3.127227306365967,0.07929201800957397,6.354580898226361,0.17285483246935973,5.237894852228258,4.654294389183633e-05,overdamped
501,1.7389649683788693,1.5695315599441528,0.6233586695949251,0.5760470628738403,0.16943340843471644,9.743347998129535,0.04731160672108481,7.58978883727231,1.0310646985089988e-06,overdamped
502,0.026310044273962666,-0.0008597687119618058,0.36630750729623657,0.3088923990726471,0.027169812985924472,103.26783453121233,0.05741510822358947,15.674018981313779,1.5473257008125074e-05,underdamped
503,1.0,0.8444187045097351,3.282659681480106,2.163424015045166,0.1555812954902649,15.55812954902649,1.1192356664349399,34.0953913909922,8.425396663369611e-05,critically_damped
504,1.0,0.992348313331604,0.7777207071026682,0.7611986398696899,0.007651686668395996,0.7651686668395996,0.01652206723297822,2.1244216698986667,1.3269542250782251e-05,critically_damped
505,0.27106936062414844,0.2715880870819092,1.7049864100747842,1.699257731437683,0.0005187264577607431,0.1913629989632004,0.005728678637101137,0.33599556003791636,7.242065294121858e-06,underdamped
506,1.0,1.004990577697754,1.499199040961268,1.5019336938858032,0.004990577697753906,0.4990577697753906,0.002734652924535119,0.1824075956439842,6.94722029948025e-06,critically_damped
507,0.6331770330907049,0.6401552557945251,2.754053994116529,2.8202295303344727,0.006978222703820203,1.102096623713221,0.0661755362179437,2.402840915948422,1.5016630641184747e-05,underdamped
508,1.4431944934220553,1.3226076364517212,3.0082045695542785,2.7919161319732666,0.12058685697033411,8.35555134945135,0.2162884375810119,7.1899511013993,3.4840824810089543e-05,overdamped
509,1.550854896967927,1.2296429872512817,3.0713332940945253,2.2648069858551025,0.32121190971664526,20.71192542543122,0.8065263082394227,26.25981067538939,4.556272415356943e-06,overdamped
510,1.339694450013452,0.9911783933639526,3.964620608693606,2.5458738803863525,0.34851605664949936,26.014592853318145,1.4187467283072537,35.78518270313762,5.0115937483496964e-05,overdamped
511,0.3348389167905728,0.315546452999115,0.6627573431756082,0.6555912494659424,0.019292463791457826,5.7617149094782265,0.007166093709665811,1.0812545169744032,1.3545818546845112e-05,underdamped
512,0.4788481711887566,0.4873020648956299,0.7980221890006746,0.7903016805648804,0.008453893706873272,1.7654643403745698,0.007720508435794193,0.9674553592879692,7.640501280548051e-06,underdamped
513,0.4382634713663306,0.4380384683609009,1.0793991423680067,1.0757125616073608,0.00022500300542971363,0.051339666691418304,0.0036865807606458745,0.3415400861407192,2.8031696274410933e-05,underdamped
514,1.6408887929302036,1.4884928464889526,1.9860003488968,1.793716311454773,0.15239594644125098,9.287402479549584,0.19228403744202716,9.681974001104214,3.2689447834854946e-05,overdamped
515,1.585092156726779,1.447962999343872,1.1479410097304534,1.0780278444290161,0.13712915738290699,8.65117884792763,0.06991316530143732,6.090309929588938,2.097104152198881e-05,overdamped
516,1.301229640050906,0.9891623258590698,3.9686050235319157,2.458805799484253,0.3120673141918362,23.98249352663283,1.5097992240476628,38.04357488576668,2.095621675834991e-05,overdamped
517,1.9656942952137073,1.1502926349639893,3.7805766707590718,2.1170289516448975,0.815401660249718,41.481610962353066,1.6635477191141743,44.00248596942656,0.00014715643192175776,overdamped
518,0.44056486342753093,0.4350322484970093,1.5198491016751623,1.5218380689620972,0.005532614930521651,1.2558003122352308,0.001988967286934873,0.1308661027428745,4.1589308239053935e-05,underdamped
519,0.5045560613498792,0.5223516821861267,0.6095371152220358,0.6082971692085266,0.017795620836247528,3.5269858395194933,0.0012399460135091855,0.2034242021599474,3.124202703475021e-05,underdamped
520,1.648699305107758,1.4156999588012695,3.3853603044393816,2.9436697959899902,0.23299934630648855,14.132313004842315,0.4416905084493914,13.047075310423589,6.854773528175429e-05,overdamped
521,0.827496149382944,0.8429729342460632,0.7354878874431321,0.7460824847221375,0.015476784863119208,1.8703150310318784,0.010594597279005358,1.4404856232013108,1.4924241440894548e-05,underdamped
522,0.5242619569829308,0.5233477354049683,3.0393008492792126,3.134122848510742,0.000914221577962504,0.1743825898075358,0.09482199923152956,3.119862229302411,2.492619569238741e-05,underdamped
523,1.7480909256338495,1.1670405864715576,3.591915140938562,2.1651053428649902,0.5810503391622919,33.23913708616763,1.4268097980735717,39.72281476841205,6.28195921308361e-05,overdamped
524,1.0,0.7689722776412964,3.3084048236502865,2.484182834625244,0.2310277223587036,23.10277223587036,0.8242219890250424,24.912972654768637,4.2175073758699e-05,critically_damped
525,1.0,0.7710369229316711,3.2985559203170465,2.327113389968872,0.22896307706832886,22.896307706832886,0.9714425303481744,29.450539988262577,0.00011525173613335937,critically_damped
526,1.4804471327810584,1.3491040468215942,2.684598639935032,2.402116298675537,0.1313430859594642,8.87185249990878,0.2824823412594948,10.52233049132182,4.0705908759264275e-06,overdamped
527,1.2095140911040327,1.1501390933990479,2.1299526196085177,2.0048229694366455,0.05937499770498489,4.908995946528243,0.12512965017187216,5.874762143529315,3.227960769436322e-05,overdamped
528,0.28936271534565794,0.2943635582923889,2.6222914159194644,2.628702163696289,0.005000842946730977,1.7282264374514265,0.00641074777682471,0.2444712184887691,1.77530491782818e-05,underdamped
529,0.4087192678903853,0.467802494764328,3.6093113409711366,3.0323081016540527,0.059083226873942685,14.455698939495129,0.5770032393170839,15.9865188898288,4.160228854743764e-05,underdamped
530,0.6772714393600991,0.6030478477478027,3.5645570782734612,2.5029115676879883,0.07422359161229641,10.959208863498583,1.061645510585473,29.78337805435548,3.710181044880301e-05,underdamped
531,1.6701758143310381,1.4291770458221436,2.358153066940664,2.0396220684051514,0.24099876850889457,14.429544868330089,0.3185309985355125,13.507647277059789,3.3667929528746754e-05,overdamped
532,1.7820013103892376,1.6600059270858765,1.0338097874179673,0.9386877417564392,0.12199538330336113,6.845976071516693,0.09512204566152804,9.20111676434249,2.16674216062529e-05,overdamped
533,1.449912524665706,1.313538908958435,1.5299564969689468,1.4129140377044678,0.13637361570727102,9.405644367318885,0.11704245926447898,7.650051455473153,1.572475775901694e-05,overdamped
534,1.0,0.9940887689590454,1.0404511714491282,1.0089356899261475,0.00591123104095459,0.591123104095459,0.03151548152298078,3.029020715992504,5.3346457207226194e-06,critically_damped
535,0.17083384356969114,0.311957985162735,3.9353249159092405,3.5096259117126465,0.14112414159304384,82.60900688303761,0.425699004196594,10.817378826221722,0.004036701750010252,underdamped
536,1.710298422017771,1.0273984670639038,3.7665835555984217,1.746232509613037,0.6828999549538672,39.928701691029886,2.0203510459853846,53.63882192344989,9.381453310197685e-06,overdamped
537,1.0,0.9506137371063232,2.390453763912401,2.327125072479248,0.04938626289367676,4.938626289367676,0.06332869143315278,2.6492330614880486,1.6455716831842437e-05,critically_damped
538,1.490443342715872,1.3801831007003784,1.7533567328073436,1.6525962352752686,0.11026024201549367,7.397815056463568,0.10076049753207506,5.746719743149181,2.8577427656273358e-05,overdamped
539,1.6190237408789,1.5300575494766235,0.7679296747161719,0.7194880843162537,0.08896619140227657,5.495051687999371,0.048441590399918244,6.308076376632058,2.129807398887351e-06,overdamped
