number,value,datetime_start,datetime_complete,duration,params_hidden,params_lambda_ic,params_lambda_phys,params_lr,params_n_layers,params_scheduler_gamma,params_scheduler_step,state
0,4.5873606723034754e-05,2026-05-19 00:31:52.241123,2026-05-19 00:31:58.198307,0 days 00:00:05.957184,48,15.75132049977973,0.8471801418819978,0.0002051338263087451,6,0.3935967122017216,1000,COMPLETE
1,1.0427471352159046e-05,2026-05-19 00:31:58.210439,2026-05-19 00:32:03.054433,0 days 00:00:04.843994,112,1.0994335574766196,0.679657809075816,0.008706020878304856,5,0.7994655844802532,2000,COMPLETE
2,4.377520235721022e-05,2026-05-19 00:32:03.067447,2026-05-19 00:32:12.348680,0 days 00:00:09.281233,32,11.207606211860567,0.016480446427978974,0.0007309539835912913,2,0.47473748411882516,4000,COMPLETE
3,2.01622060558293e-05,2026-05-19 00:32:12.358113,2026-05-19 00:32:17.381440,0 days 00:00:05.023327,32,8.168455894760163,0.029204338471814112,0.0037183641805732083,3,0.41980426929501585,3000,COMPLETE
4,7.970280421432108e-05,2026-05-19 00:32:17.389423,2026-05-19 00:32:21.904855,0 days 00:00:04.515432,80,2.1930485556643684,0.26926469100861794,0.00013492834268013249,2,0.8693313223520001,5000,COMPLETE
5,0.08186183124780655,2026-05-19 00:32:21.913259,2026-05-19 00:32:22.077943,0 days 00:00:00.164684,112,23.359635026261596,0.002458603276328005,0.0007591104805282694,3,0.3732229409068673,3000,PRUNED
6,0.15550988912582397,2026-05-19 00:32:22.085454,2026-05-19 00:32:22.337318,0 days 00:00:00.251864,16,21.137059440645725,0.010842262717330166,0.0004201672054372534,6,0.6120408127066865,3000,PRUNED
7,0.00010517054761294276,2026-05-19 00:32:22.344590,2026-05-19 00:32:25.769517,0 days 00:00:03.424927,32,75.68292060167619,1.2604664585649468,0.006161049539380964,6,0.6587399872866511,5000,PRUNED
8,0.13186325132846832,2026-05-19 00:32:25.776354,2026-05-19 00:32:25.920866,0 days 00:00:00.144512,16,4.473636174621264,0.0015167330688076208,0.0005989003672254305,2,0.4628094190643376,5000,PRUNED
9,2.248569580842741e-05,2026-05-19 00:32:25.927292,2026-05-19 00:32:29.565945,0 days 00:00:03.638653,48,1.9135880487692298,0.14817820606039092,0.0040215545266902904,3,0.3447303862078625,5000,COMPLETE
10,0.04671500250697136,2026-05-19 00:32:29.576196,2026-05-19 00:32:29.794492,0 days 00:00:00.218296,128,1.0862348973937128,7.553503645583189,0.0020124870829750945,5,0.8445988771695108,1000,PRUNED
11,0.0001840990298660472,2026-05-19 00:32:29.802478,2026-05-19 00:32:31.776087,0 days 00:00:01.973609,96,5.614406187645643,0.03299263281612611,0.007791470666172783,4,0.7165828206726954,2000,PRUNED
12,0.023846644908189774,2026-05-19 00:32:31.783907,2026-05-19 00:32:31.991368,0 days 00:00:00.207461,80,50.45980465205415,0.06323499520723179,0.0025997524114633797,4,0.7584476214151429,2000,PRUNED
13,4.133775655645877e-05,2026-05-19 00:32:31.997844,2026-05-19 00:32:35.978333,0 days 00:00:03.980489,128,4.957547237088645,0.6719370370554077,0.009481614884546465,5,0.5014692429438355,2000,COMPLETE
14,0.04865691438317299,2026-05-19 00:32:35.987148,2026-05-19 00:32:36.156663,0 days 00:00:00.169515,64,1.0497049531791511,7.967004230244099,0.0017311542042698074,3,0.5689023635135214,4000,PRUNED
15,0.0001937922352226451,2026-05-19 00:32:36.163181,2026-05-19 00:32:37.315890,0 days 00:00:01.152709,96,2.398016259789459,0.0058427702892325075,0.0039443310923374785,4,0.7684014107661562,3000,PRUNED
16,6.165888771647587e-05,2026-05-19 00:32:37.325009,2026-05-19 00:32:40.246381,0 days 00:00:02.921372,64,32.84333378375951,1.9137667848854465,0.004894057592170794,5,0.30318989941462504,2000,PRUNED
17,0.0003555551520548761,2026-05-19 00:32:40.253850,2026-05-19 00:32:41.474060,0 days 00:00:01.220210,112,9.1743040013787,0.24868362348057765,0.0014622504526962926,4,0.5658843807284422,4000,PRUNED
18,3.7480549508472905e-05,2026-05-19 00:32:41.480656,2026-05-19 00:32:45.302816,0 days 00:00:03.822160,48,3.590730683942248,0.08152728131129283,0.002941856699291304,3,0.8028443402811506,1000,COMPLETE
19,5.12219121446833e-05,2026-05-19 00:32:45.311503,2026-05-19 00:32:48.081538,0 days 00:00:02.770035,96,7.21912832410066,2.691351544793156,0.0011982448134112169,5,0.6857084583543333,2000,PRUNED
20,3.608047336456366e-05,2026-05-19 00:32:48.088716,2026-05-19 00:32:51.734205,0 days 00:00:03.645489,64,1.4551434647715578,0.3819990699050781,0.006535836560620915,4,0.5140223818248426,3000,COMPLETE
21,0.008342582732439041,2026-05-19 00:32:51.742853,2026-05-19 00:32:51.918723,0 days 00:00:00.175870,32,2.511081129051861,0.15143917440559612,0.0038644387988336624,3,0.30735355067611037,4000,PRUNED
22,4.2102790757780895e-05,2026-05-19 00:32:51.925799,2026-05-19 00:32:55.419963,0 days 00:00:03.494164,48,1.8043456627990686,0.051223328680669505,0.009924546987960532,3,0.38580956102708863,3000,COMPLETE
23,0.007377979811280966,2026-05-19 00:32:55.428222,2026-05-19 00:32:55.594525,0 days 00:00:00.166303,48,1.4831901169305548,0.0219323663938008,0.002892490476412582,3,0.4186352888748215,3000,PRUNED
24,0.019802600145339966,2026-05-19 00:32:55.602211,2026-05-19 00:32:55.772316,0 days 00:00:00.170105,32,3.1417639113887175,0.14777191851123586,0.004818178716505787,2,0.3478364425916031,4000,PRUNED
25,0.02325291745364666,2026-05-19 00:32:55.779200,2026-05-19 00:32:55.990543,0 days 00:00:00.211343,16,1.3343376463783772,0.007490447302888235,0.00554575836055187,4,0.8995296906256215,2000,PRUNED
26,7.279647252289578e-05,2026-05-19 00:32:55.997742,2026-05-19 00:32:58.781119,0 days 00:00:02.783377,80,12.412015871037324,0.6345849655555876,0.0022365294016646314,5,0.3409783494501535,5000,PRUNED
27,0.02024274505674839,2026-05-19 00:32:58.788613,2026-05-19 00:32:58.974326,0 days 00:00:00.185713,112,3.3822468030183894,3.3121114260311004,0.0034501876435724236,3,0.41690927744468353,3000,PRUNED
28,1.1983622243860736e-05,2026-05-19 00:32:58.980690,2026-05-19 00:33:01.429416,0 days 00:00:02.448726,48,1.8045227061384181,0.12907456676817416,0.00703070327536018,2,0.629245839345924,4000,COMPLETE
29,0.006279786583036184,2026-05-19 00:33:01.439725,2026-05-19 00:33:01.578216,0 days 00:00:00.138491,64,6.646081869560622,0.0399900938088983,0.0074276795757318576,2,0.6416624460475785,4000,PRUNED
30,0.0332849957048893,2026-05-19 00:33:01.584814,2026-05-19 00:33:01.731769,0 days 00:00:00.146955,32,1.0316925823458831,0.3522735776738417,0.00036843835523768704,2,0.5593372142756072,1000,PRUNED
31,2.0040228264406323e-05,2026-05-19 00:33:01.738149,2026-05-19 00:33:05.718005,0 days 00:00:03.979856,48,1.7907929613796831,0.12965471521992442,0.004422801680739028,3,0.4339089382220102,5000,COMPLETE
32,1.2293999134271871e-05,2026-05-19 00:33:05.728901,2026-05-19 00:33:08.702137,0 days 00:00:02.973236,48,1.7418713132529744,0.10017513906421632,0.007351677769373115,2,0.4482570249311303,4000,COMPLETE
33,1.0616597137413919e-05,2026-05-19 00:33:08.710417,2026-05-19 00:33:11.289589,0 days 00:00:02.579172,48,1.5535517336264937,0.10456280462252597,0.007938830815443679,2,0.5211504309787146,4000,COMPLETE
34,0.003987292759120464,2026-05-19 00:33:11.298656,2026-05-19 00:33:11.447050,0 days 00:00:00.148394,48,2.671623305354119,1.0229677468655096,0.00812723138509936,2,0.5194632546128337,4000,PRUNED
35,0.00036064189043827355,2026-05-19 00:33:11.453491,2026-05-19 00:33:11.705495,0 days 00:00:00.252004,64,1.3421520618538603,0.09447951508497698,0.00994571565700748,2,0.47083681857958537,4000,PRUNED
36,0.004143821075558662,2026-05-19 00:33:11.711732,2026-05-19 00:33:11.858735,0 days 00:00:00.147003,80,1.9110618077661141,0.015685614828799984,0.0062365961989451725,2,0.5977767256650558,4000,PRUNED
37,0.020207993686199188,2026-05-19 00:33:11.864867,2026-05-19 00:33:12.106375,0 days 00:00:00.241508,48,4.252381896651979,0.22029345485768376,0.00019607547923012453,6,0.7264606008878294,4000,PRUNED
38,0.05657663568854332,2026-05-19 00:33:12.112737,2026-05-19 00:33:12.260478,0 days 00:00:00.147741,32,1.4996282686175946,0.5411830240165267,0.0001113717572032857,2,0.5357466301982978,4000,PRUNED
39,0.016355840489268303,2026-05-19 00:33:12.266770,2026-05-19 00:33:12.412922,0 days 00:00:00.146152,16,2.2861143113084794,0.06082523722313295,0.00578443687985337,2,0.6460548735927814,5000,PRUNED
40,0.00037417354178614914,2026-05-19 00:33:12.419492,2026-05-19 00:33:12.670102,0 days 00:00:00.250610,64,2.963712214806334,0.2128477385711956,0.008167124095597179,2,0.828821519874891,3000,PRUNED
41,0.004462943412363529,2026-05-19 00:33:12.676431,2026-05-19 00:33:12.820246,0 days 00:00:00.143815,48,1.8380513474310385,0.11823905652056405,0.0047900524313294595,2,0.4410251569070323,5000,PRUNED
42,1.6163168766070157e-05,2026-05-19 00:33:12.826695,2026-05-19 00:33:15.944083,0 days 00:00:03.117388,32,1.7603721854396042,0.3595683086881991,0.007187124388431463,3,0.4902141025492326,5000,COMPLETE
43,0.004690622445195913,2026-05-19 00:33:15.955523,2026-05-19 00:33:16.094738,0 days 00:00:00.139215,32,1.2172975271436266,0.3795422019349791,0.0066112754484969815,2,0.6124767367704378,5000,PRUNED
44,0.032770995050668716,2026-05-19 00:33:16.102819,2026-05-19 00:33:16.267505,0 days 00:00:00.164686,16,1.644385570048436,1.1075036889443892,0.00786270693962302,3,0.4854883966256377,5000,PRUNED
45,0.005222393199801445,2026-05-19 00:33:16.274186,2026-05-19 00:33:16.419270,0 days 00:00:00.145084,32,2.2533009658652894,0.4703048852005512,0.005321054763647334,2,0.4532488915339297,3000,PRUNED
46,0.021423446014523506,2026-05-19 00:33:16.425602,2026-05-19 00:33:16.671202,0 days 00:00:00.245600,48,1.2156430709150865,1.441832304258239,0.0007319683286893146,6,0.5452302323415884,5000,PRUNED
47,0.008259826339781284,2026-05-19 00:33:16.678892,2026-05-19 00:33:16.851931,0 days 00:00:00.173039,32,3.871619692502239,0.20478377070664489,0.0031720508220271348,3,0.5903529452082773,4000,PRUNED
48,0.0004144588892813772,2026-05-19 00:33:16.859919,2026-05-19 00:33:17.101305,0 days 00:00:00.241386,80,1.017154036594369,0.029407195367001808,0.0069598849428835815,2,0.49956998286989523,4000,PRUNED
49,0.00026934273773804307,2026-05-19 00:33:17.108815,2026-05-19 00:33:17.497411,0 days 00:00:00.388596,128,16.067666171088224,0.07800210337745926,0.008621278245641085,5,0.6824487135703412,5000,PRUNED
50,0.004718714859336615,2026-05-19 00:33:17.505387,2026-05-19 00:33:17.673835,0 days 00:00:00.168448,64,2.049139472242947,0.7163797948957996,0.0004399805708204624,3,0.4805097916474388,2000,PRUNED
51,0.00020927593868691474,2026-05-19 00:33:17.681209,2026-05-19 00:33:17.975636,0 days 00:00:00.294427,48,2.7178463307359078,0.1386181084042286,0.004228203857545652,3,0.40524441760845875,5000,PRUNED
52,0.0003181457577738911,2026-05-19 00:33:17.982678,2026-05-19 00:33:18.319891,0 days 00:00:00.337213,48,1.5347076130058717,0.08257732044566557,0.00454079209014995,4,0.4531960198831538,5000,PRUNED
53,0.005139157176017761,2026-05-19 00:33:18.328071,2026-05-19 00:33:18.469438,0 days 00:00:00.141367,32,1.70876609624785,0.30498651067466803,0.006083473742345245,2,0.4300041980860095,5000,PRUNED
54,0.0001138666775659658,2026-05-19 00:33:18.478650,2026-05-19 00:33:18.938378,0 days 00:00:00.459728,96,1.193545056240931,0.04735352693608804,0.009841965876914941,3,0.3772855073574551,4000,PRUNED
55,0.0001877898903330788,2026-05-19 00:33:18.944608,2026-05-19 00:33:19.236194,0 days 00:00:00.291586,48,1.8849990782536246,0.1957097096001634,0.007355837747109048,3,0.7884878336646605,4000,PRUNED
56,0.00019436550792306662,2026-05-19 00:33:19.242411,2026-05-19 00:33:19.736197,0 days 00:00:00.493786,64,5.234950285435358,0.09542973764208701,0.0037880358998842885,4,0.5229227209058432,3000,PRUNED
57,0.0006083985790610313,2026-05-19 00:33:19.742582,2026-05-19 00:33:19.993029,0 days 00:00:00.250447,112,2.150427282925036,0.29672059059264,0.005647916279228246,2,0.5017646421611102,5000,PRUNED
58,0.006316313985735178,2026-05-19 00:33:19.999008,2026-05-19 00:33:20.208609,0 days 00:00:00.209601,48,1.2706050541352218,0.019783641488953396,0.0022824386460323794,5,0.3993072369380064,4000,PRUNED
59,0.011415745131671429,2026-05-19 00:33:20.214817,2026-05-19 00:33:20.401600,0 days 00:00:00.186783,16,32.081587962305086,0.46480219676539763,0.008639812178072139,4,0.7501379419496651,1000,PRUNED
60,0.14531104266643524,2026-05-19 00:33:20.407790,2026-05-19 00:33:20.585722,0 days 00:00:00.177932,32,79.6930450353803,0.06343462515173688,0.0009296879330626272,3,0.8667746208747988,5000,PRUNED
61,0.04275178909301758,2026-05-19 00:33:20.592111,2026-05-19 00:33:20.767503,0 days 00:00:00.175392,32,8.664806022699544,0.03026023057618604,0.0051362870369709435,3,0.43579421375815885,2000,PRUNED
62,0.04303884878754616,2026-05-19 00:33:20.775016,2026-05-19 00:33:20.984266,0 days 00:00:00.209250,48,26.613694487007553,0.011913298919249363,0.007018248895502616,3,0.3611121833318959,3000,PRUNED
63,0.05780206248164177,2026-05-19 00:33:20.993289,2026-05-19 00:33:21.192559,0 days 00:00:00.199270,32,12.473245328896434,0.1206612899115299,0.0017466910062293242,4,0.466743220015262,2000,PRUNED
64,0.011536452919244766,2026-05-19 00:33:21.200767,2026-05-19 00:33:21.342043,0 days 00:00:00.141276,16,2.954178604469808,0.1520344180887459,0.0035371097892221413,2,0.5789906237706611,3000,PRUNED
65,0.01054641418159008,2026-05-19 00:33:21.349707,2026-05-19 00:33:21.515558,0 days 00:00:00.165851,48,2.4831315368698097,0.0062490737584765515,0.004280788514883062,3,0.5466561981338447,4000,PRUNED
66,0.0038418264593929052,2026-05-19 00:33:21.522421,2026-05-19 00:33:21.710669,0 days 00:00:00.188248,48,1.5654558108081755,0.04087273736265355,0.002715655582953468,4,0.6280617532504228,4000,PRUNED
67,0.005763388704508543,2026-05-19 00:33:21.717155,2026-05-19 00:33:21.951493,0 days 00:00:00.234338,64,18.981954544220844,0.003765470566667462,0.008800184397667565,6,0.4161117062282915,1000,PRUNED
68,0.07170496135950089,2026-05-19 00:33:21.959987,2026-05-19 00:33:22.102232,0 days 00:00:00.142245,32,48.91397721056889,0.1659862432395182,0.006472290408374208,2,0.4943434277183384,3000,PRUNED
69,0.003980966284871101,2026-05-19 00:33:22.110030,2026-05-19 00:33:22.250047,0 days 00:00:00.140017,80,6.712016679968713,0.8370224643969431,0.004871342565112882,2,0.4571358406137323,4000,PRUNED
70,0.04270004481077194,2026-05-19 00:33:22.257934,2026-05-19 00:33:22.424818,0 days 00:00:00.166884,96,1.4039055639196194,3.944568768649447,0.003276143432804717,3,0.3293374681900416,5000,PRUNED
71,0.00029762228950858116,2026-05-19 00:33:22.430933,2026-05-19 00:33:22.740588,0 days 00:00:00.309655,48,1.7146118826542156,0.2510074101884628,0.0058881047355419085,3,0.3219176523329512,5000,PRUNED
72,0.00013894846779294312,2026-05-19 00:33:22.747070,2026-05-19 00:33:23.181829,0 days 00:00:00.434759,48,1.1115540571894282,0.10492626004491917,0.007261058177550544,3,0.36205054700051986,5000,PRUNED
73,0.07066351920366287,2026-05-19 00:33:23.190056,2026-05-19 00:33:23.351822,0 days 00:00:00.161766,64,99.03907648466542,0.06629015316182688,0.004149437893674885,3,0.38865580684788326,5000,PRUNED
74,1.7730697436491027e-05,2026-05-19 00:33:23.359750,2026-05-19 00:33:25.847924,0 days 00:00:02.488174,128,1.9590790807890366,1.8889037465869791,0.009040410447602171,2,0.690173123370255,5000,COMPLETE
75,1.7444828699808568e-05,2026-05-19 00:33:25.856166,2026-05-19 00:33:28.616333,0 days 00:00:02.760167,128,2.0544108635960674,1.6265832169406027,0.009155027274159568,2,0.6759007697054317,5000,COMPLETE
76,1.794309719116427e-05,2026-05-19 00:33:28.624720,2026-05-19 00:33:31.282047,0 days 00:00:02.657327,128,2.2421681596299994,1.7689517379460575,0.009094119244862059,2,0.7078585157580604,5000,COMPLETE
77,1.7737520465743728e-05,2026-05-19 00:33:31.289946,2026-05-19 00:33:34.156657,0 days 00:00:02.866711,128,2.0230448663136067,1.7879898451988285,0.009090557546143607,2,0.6937744999810559,5000,COMPLETE
78,0.011499789543449879,2026-05-19 00:33:34.164351,2026-05-19 00:33:34.317792,0 days 00:00:00.153441,128,3.6196599852496845,2.681617552116792,0.0077243704584166245,2,0.6859208484229739,5000,PRUNED
79,0.01612851209938526,2026-05-19 00:33:34.324426,2026-05-19 00:33:34.471530,0 days 00:00:00.147104,112,1.3947685582149079,2.379888271312918,0.009721098889619311,2,0.6587956783938766,5000,PRUNED
80,0.020626435056328773,2026-05-19 00:33:34.477768,2026-05-19 00:33:34.619396,0 days 00:00:00.141628,128,2.0793554789475044,4.637859962352568,0.008147425275954303,2,0.666543975796752,4000,PRUNED
81,0.00255031930282712,2026-05-19 00:33:34.625665,2026-05-19 00:33:34.763836,0 days 00:00:00.138171,128,2.4345153140025255,1.2592358840451696,0.009077705213304296,2,0.7097296271643186,5000,PRUNED
82,0.014271289110183716,2026-05-19 00:33:34.770023,2026-05-19 00:33:34.920223,0 days 00:00:00.150200,128,1.9937453589270766,2.027021747359957,0.006783137358541165,2,0.7081012607841983,5000,PRUNED
83,0.014069254510104656,2026-05-19 00:33:34.926992,2026-05-19 00:33:35.091888,0 days 00:00:00.164896,128,2.6641202682455583,6.1582880118466035,0.00883126437525816,2,0.7357661031124328,5000,PRUNED
84,0.024901041761040688,2026-05-19 00:33:35.098741,2026-05-19 00:33:35.244694,0 days 00:00:00.145953,112,1.6108872811986519,1.8536407878248717,0.007858581151479907,2,0.619850349081969,5000,PRUNED
85,0.008866919204592705,2026-05-19 00:33:35.250820,2026-05-19 00:33:35.390809,0 days 00:00:00.139989,128,3.1518147987612894,1.5067101482276593,0.006282656623091877,2,0.6887720112224622,5000,PRUNED
86,0.0032627189066261053,2026-05-19 00:33:35.396845,2026-05-19 00:33:35.540314,0 days 00:00:00.143469,128,1.104837295516506,0.8229379962006813,0.00541881901562307,2,0.6707258136248468,5000,PRUNED
87,0.000454489461844787,2026-05-19 00:33:35.546669,2026-05-19 00:33:35.797252,0 days 00:00:00.250583,112,2.2679614861251354,0.0010011048409199251,0.009729671655012864,2,0.6443246992418503,4000,PRUNED
88,0.03152213990688324,2026-05-19 00:33:35.803683,2026-05-19 00:33:35.947526,0 days 00:00:00.143843,128,1.3080611274091003,3.4044196534826114,0.007279267041031578,2,0.7022918116499172,5000,PRUNED
89,0.009341170080006123,2026-05-19 00:33:35.953697,2026-05-19 00:33:36.098323,0 days 00:00:00.144626,112,1.8149474825721112,1.0826925748169451,0.008832083774921642,2,0.7822851647233466,4000,PRUNED
90,1.3750409380008932e-05,2026-05-19 00:33:36.104619,2026-05-19 00:33:38.505729,0 days 00:00:02.401110,128,1.4920453247009278,0.5606255495887809,0.009951104774270735,2,0.7358391227137557,5000,COMPLETE
91,0.008089148439466953,2026-05-19 00:33:38.514857,2026-05-19 00:33:38.683007,0 days 00:00:00.168150,128,1.440499310061184,0.6573381821191691,0.00803812134954193,2,0.7499055791150608,5000,PRUNED
92,0.011897849850356579,2026-05-19 00:33:38.691721,2026-05-19 00:33:38.843543,0 days 00:00:00.151822,128,1.9791816202354753,0.5112061428506982,0.006901166469508249,2,0.8141843402375786,5000,PRUNED
93,1.4825975085841492e-05,2026-05-19 00:33:38.850911,2026-05-19 00:33:41.432037,0 days 00:00:02.581126,128,1.6067608223536505,1.6188873486377342,0.009696710579011353,2,0.7308252867976862,5000,COMPLETE
94,0.00014013914915267378,2026-05-19 00:33:41.443413,2026-05-19 00:33:41.715391,0 days 00:00:00.271978,112,1.1440055578202375,0.38207784384661575,0.0097422143236564,2,0.7394844578848154,5000,PRUNED
95,0.008770558051764965,2026-05-19 00:33:41.724478,2026-05-19 00:33:41.879158,0 days 00:00:00.154680,128,1.582245534959673,1.0422043783919128,0.006196174850132617,2,0.7745605563621931,5000,PRUNED
96,0.009973706677556038,2026-05-19 00:33:41.886343,2026-05-19 00:33:42.039188,0 days 00:00:00.152845,128,1.001288533755588,1.3780429845277427,0.008230053378967865,2,0.7298208159727065,5000,PRUNED
97,0.03411037474870682,2026-05-19 00:33:42.045810,2026-05-19 00:33:42.204882,0 days 00:00:00.159072,112,1.7075830998296262,2.3546404385753608,0.0005437731849549475,2,0.7605630851285774,4000,PRUNED
98,0.058904726058244705,2026-05-19 00:33:42.211461,2026-05-19 00:33:42.364827,0 days 00:00:00.153366,128,1.2609985468534577,9.379950990620863,0.007573457907086242,2,0.6344929118175466,5000,PRUNED
99,1.7175118045997806e-05,2026-05-19 00:33:42.371148,2026-05-19 00:33:46.494734,0 days 00:00:04.123586,128,2.7281813042390404,0.8672591837859137,0.005430623867000044,5,0.6773295448676594,4000,COMPLETE
100,6.465781916631386e-05,2026-05-19 00:33:46.504215,2026-05-19 00:33:47.341998,0 days 00:00:00.837783,112,2.8280453337250724,0.5892793477693883,0.005599949889294678,5,0.6058223294666985,4000,PRUNED
101,0.04815559461712837,2026-05-19 00:33:47.348233,2026-05-19 00:33:47.558473,0 days 00:00:00.210240,128,1.8817147091907453,0.8552431843285627,0.009956224583905831,5,0.6537760364686579,4000,PRUNED
102,0.007101876195520163,2026-05-19 00:33:47.565694,2026-05-19 00:33:47.775289,0 days 00:00:00.209595,128,1.5282133757774168,0.910548442764746,0.006570782005104419,5,0.7223995262047775,4000,PRUNED
103,0.04593940079212189,2026-05-19 00:33:47.782575,2026-05-19 00:33:48.000009,0 days 00:00:00.217434,128,1.3519784971056021,0.720950380051022,0.008540846736287914,5,0.6855558457505656,4000,PRUNED
104,0.012308347038924694,2026-05-19 00:33:48.007688,2026-05-19 00:33:48.150157,0 days 00:00:00.142469,128,2.528109170295796,1.6659311696626509,0.007415752353115715,2,0.695444861378877,5000,PRUNED
105,2.320938256161753e-05,2026-05-19 00:33:48.157616,2026-05-19 00:33:52.465145,0 days 00:00:04.307529,128,2.07691300509035,0.45181529205950444,0.005144262724703465,5,0.6720194778621591,4000,COMPLETE
106,0.00013815755664836615,2026-05-19 00:33:52.475282,2026-05-19 00:33:52.964829,0 days 00:00:00.489547,112,1.709035756011743,0.3324659848928133,0.009039137733270076,6,0.8019661302694508,5000,PRUNED
107,0.018309665843844414,2026-05-19 00:33:52.971919,2026-05-19 00:33:53.125986,0 days 00:00:00.154067,96,3.20424762430658,0.18237908915388648,0.0002124768869749892,2,0.8352602627873587,5000,PRUNED
108,0.007553139701485634,2026-05-19 00:33:53.133099,2026-05-19 00:33:53.291687,0 days 00:00:00.158588,128,4.203463657248806,1.3370360475396923,0.006030748515043813,2,0.7157105420663569,1000,PRUNED
109,0.02659717947244644,2026-05-19 00:33:53.298742,2026-05-19 00:33:53.454689,0 days 00:00:00.155947,112,2.370498412439589,3.273860440288435,0.007008196947344215,2,0.7431842180877238,3000,PRUNED
110,0.012286216020584106,2026-05-19 00:33:53.461571,2026-05-19 00:33:53.681072,0 days 00:00:00.219501,128,1.4606097388979369,1.2184421109225816,0.00812140402295835,5,0.5924857457484414,4000,PRUNED
111,1.7960392142413184e-05,2026-05-19 00:33:53.687340,2026-05-19 00:33:56.288501,0 days 00:00:02.601161,128,2.2749364052445964,1.8786687851226824,0.009092250829679668,2,0.7015682947342059,5000,COMPLETE
112,1.7115984519477934e-05,2026-05-19 00:33:56.296561,2026-05-19 00:33:58.878633,0 days 00:00:02.582072,128,1.8565901437236927,1.7256596037943386,0.009190573031654386,2,0.6780129642528957,5000,COMPLETE
113,1.3352992937143426e-05,2026-05-19 00:33:58.886513,2026-05-19 00:34:01.501412,0 days 00:00:02.614899,128,1.849632283920488,2.113061835459501,0.009977612999952108,2,0.6511012635920782,5000,COMPLETE
114,0.01614750362932682,2026-05-19 00:34:01.509743,2026-05-19 00:34:01.655388,0 days 00:00:00.145645,128,1.8195578255472238,2.295187161615621,0.0012076708641730704,2,0.6294293820771659,5000,PRUNED
115,0.0034188120625913143,2026-05-19 00:34:01.661866,2026-05-19 00:34:01.812480,0 days 00:00:00.150614,128,1.619294313561867,2.828805109200998,0.009986302633923324,2,0.6547396676052453,5000,PRUNED
116,0.05077752470970154,2026-05-19 00:34:01.819201,2026-05-19 00:34:01.962917,0 days 00:00:00.143716,112,1.218680172584517,5.399717746198606,0.00767023960652482,2,0.5738685156993608,5000,PRUNED
117,0.011345644481480122,2026-05-19 00:34:01.969084,2026-05-19 00:34:02.109760,0 days 00:00:00.140676,128,1.4085126102958903,1.0165001834290683,0.006706763742486791,2,0.6672891114888084,5000,PRUNED
118,0.00012708395661320537,2026-05-19 00:34:02.116206,2026-05-19 00:34:02.364674,0 days 00:00:00.248468,128,1.9330886653332497,0.25103895046189373,0.00846789820779315,2,0.6163258039814808,2000,PRUNED
119,0.007776061538606882,2026-05-19 00:34:02.371063,2026-05-19 00:34:02.516420,0 days 00:00:00.145357,112,1.695657459867864,0.6103834692957182,0.0073524465652863155,2,0.6410845098800539,5000,PRUNED
120,0.0022506655659526587,2026-05-19 00:34:02.523465,2026-05-19 00:34:02.666623,0 days 00:00:00.143158,128,1.1714190186256912,0.0790081553376961,0.0058885141050863555,2,0.6782659619905111,4000,PRUNED
121,0.004967719316482544,2026-05-19 00:34:02.674471,2026-05-19 00:34:02.815236,0 days 00:00:00.140765,128,2.0444192428566454,1.551741996333997,0.008517232279418545,2,0.7221562753872061,5000,PRUNED
122,1.7146920072264038e-05,2026-05-19 00:34:02.823173,2026-05-19 00:34:05.245249,0 days 00:00:02.422076,128,2.1639156605466106,2.0764930824364463,0.009222217482531797,2,0.6974329534037778,5000,COMPLETE
123,0.001383453607559204,2026-05-19 00:34:05.255097,2026-05-19 00:34:05.400637,0 days 00:00:00.145540,128,2.6664530863546645,2.1398505325207435,0.009947608830559179,2,0.4789317589896319,5000,PRUNED
124,0.0075949751771986485,2026-05-19 00:34:05.408661,2026-05-19 00:34:05.558504,0 days 00:00:00.149843,128,2.1783794797474396,0.7701527139814952,0.008086609414589448,2,0.6563172082923493,5000,PRUNED
125,0.030629267916083336,2026-05-19 00:34:05.567015,2026-05-19 00:34:05.709912,0 days 00:00:00.142897,48,1.5692021652647665,3.7935420661822254,0.009152773790139913,2,0.6726637777174522,5000,PRUNED
126,0.026838840916752815,2026-05-19 00:34:05.716645,2026-05-19 00:34:05.866304,0 days 00:00:00.149659,128,1.3035229991696475,2.7389528192412667,0.006897760065717669,2,0.6994967070918185,5000,PRUNED
127,0.0026870514266192913,2026-05-19 00:34:05.872462,2026-05-19 00:34:06.023298,0 days 00:00:00.150836,128,1.8353460654952785,0.0535365191498271,0.007573511573563665,2,0.5140607378794195,5000,PRUNED
128,2.1960628146189265e-05,2026-05-19 00:34:06.029582,2026-05-19 00:34:09.947193,0 days 00:00:03.917611,16,10.127908631542326,1.2087032468942187,0.00631421768079037,5,0.44704513896044923,3000,PRUNED
129,0.0030729908030480146,2026-05-19 00:34:09.954716,2026-05-19 00:34:10.096332,0 days 00:00:00.141616,64,2.4544617227929346,0.4264724476689333,0.008368080055674035,2,0.5359447667109126,4000,PRUNED
130,0.0034434059634804726,2026-05-19 00:34:10.103049,2026-05-19 00:34:10.246069,0 days 00:00:00.143020,80,1.490097485719108,0.10850855461101397,0.004747896905715955,2,0.7569324665535538,5000,PRUNED
131,1.7614482203498483e-05,2026-05-19 00:34:10.252781,2026-05-19 00:34:12.686280,0 days 00:00:02.433499,128,1.9717524315698804,1.6818211502101752,0.009102241283355196,2,0.6950970791025305,5000,COMPLETE
132,0.002056194469332695,2026-05-19 00:34:12.693857,2026-05-19 00:34:12.842233,0 days 00:00:00.148376,128,1.8147210810000483,1.5469684365339715,0.00897559049079198,2,0.6823442142907735,5000,PRUNED
133,0.018698101863265038,2026-05-19 00:34:12.848673,2026-05-19 00:34:13.000762,0 days 00:00:00.152089,128,2.1452768147012775,2.989234872217062,0.007433825524803163,2,0.716804663155865,5000,PRUNED
134,4.9917882279260084e-05,2026-05-19 00:34:13.008341,2026-05-19 00:34:13.481089,0 days 00:00:00.472748,128,1.7262337489096706,1.030611059968357,0.009470940011646433,2,0.66362224019104,5000,PRUNED
135,0.011552429758012295,2026-05-19 00:34:13.487395,2026-05-19 00:34:13.633354,0 days 00:00:00.145959,128,1.9418191392813202,2.258553374951988,0.008009096362170929,2,0.7326623304043782,5000,PRUNED
136,0.0038522137328982353,2026-05-19 00:34:13.640121,2026-05-19 00:34:13.780719,0 days 00:00:00.140598,48,1.5840972206067723,0.5401408739324877,0.0068305198607426,2,0.6526832791903796,5000,PRUNED
137,0.022481603547930717,2026-05-19 00:34:13.788205,2026-05-19 00:34:13.932850,0 days 00:00:00.144645,128,1.3568499166199979,4.182331720490064,0.008669373670362772,2,0.8848858229789036,4000,PRUNED
138,0.011080010794103146,2026-05-19 00:34:13.940843,2026-05-19 00:34:14.135323,0 days 00:00:00.194480,128,2.272277666215408,1.3884069513983854,0.005678371102929939,4,0.6919987198738322,2000,PRUNED
139,0.0001538154756417498,2026-05-19 00:34:14.142561,2026-05-19 00:34:14.406474,0 days 00:00:00.263913,112,2.5952357416552463,0.9416905247207074,0.009842882549394564,2,0.8576261825303059,5000,PRUNED
140,0.00015732922474853694,2026-05-19 00:34:14.413946,2026-05-19 00:34:14.676196,0 days 00:00:00.262250,128,1.0834586872277594,0.13397206355577,0.00767954445950958,2,0.6395541135218835,5000,PRUNED
141,0.0014281815383583307,2026-05-19 00:34:14.683756,2026-05-19 00:34:14.825292,0 days 00:00:00.141536,128,1.9966239711191072,1.9197374719194789,0.009069896438358638,2,0.6968326918976446,5000,PRUNED
142,0.0014234863920137286,2026-05-19 00:34:14.832974,2026-05-19 00:34:14.975942,0 days 00:00:00.142968,128,2.0870351747543014,1.7427550615699205,0.009979655559477765,2,0.6769452035645055,5000,PRUNED
143,0.0035437082406133413,2026-05-19 00:34:14.983079,2026-05-19 00:34:15.131738,0 days 00:00:00.148659,128,1.6806332158154822,1.2117775161187354,0.008690336849792858,2,0.7135529384110784,5000,PRUNED
144,0.01217789389193058,2026-05-19 00:34:15.138879,2026-05-19 00:34:15.308486,0 days 00:00:00.169607,128,2.8946269308708574,2.5180109678414433,0.0065272008805789886,2,0.6277204161368652,5000,PRUNED
145,0.014196472242474556,2026-05-19 00:34:15.315476,2026-05-19 00:34:15.459499,0 days 00:00:00.144023,128,1.4458057912967088,1.9105248986303474,0.007902915245324812,2,0.49045153719778395,5000,PRUNED
146,0.004235069267451763,2026-05-19 00:34:15.465780,2026-05-19 00:34:15.611301,0 days 00:00:00.145521,48,1.8604000533950518,0.7307771208710416,0.007239925331056977,2,0.6885605377134253,5000,PRUNED
147,0.005389007739722729,2026-05-19 00:34:15.617882,2026-05-19 00:34:15.765253,0 days 00:00:00.147371,128,2.4201085914631264,0.09096478291584974,0.00923927938172294,2,0.4690495092761913,4000,PRUNED
148,0.002833814825862646,2026-05-19 00:34:15.772802,2026-05-19 00:34:16.001346,0 days 00:00:00.228544,32,1.635676410341257,1.60291174702638,0.00843592696320955,5,0.727667788690693,5000,PRUNED
149,0.01569054089486599,2026-05-19 00:34:16.007943,2026-05-19 00:34:16.149743,0 days 00:00:00.141800,128,1.984117262889066,2.137717069804161,0.0070549971249816885,2,0.7042914750863712,5000,PRUNED
150,0.030278252437710762,2026-05-19 00:34:16.156328,2026-05-19 00:34:16.302997,0 days 00:00:00.146669,112,1.3042855518113068,3.4500305866385155,0.009152825942973486,2,0.7923070809929016,4000,PRUNED
151,0.002527563599869609,2026-05-19 00:34:16.309403,2026-05-19 00:34:16.453217,0 days 00:00:00.143814,128,2.2516887468367726,1.4478003297342652,0.009003007337135117,2,0.7134037738836096,5000,PRUNED
152,0.01375059224665165,2026-05-19 00:34:16.459734,2026-05-19 00:34:16.605701,0 days 00:00:00.145967,128,2.158655728942256,2.8312393905957443,0.00794620069945224,2,0.6653771504745737,5000,PRUNED
153,1.4043275768926833e-05,2026-05-19 00:34:16.612064,2026-05-19 00:34:19.066504,0 days 00:00:02.454440,128,1.8970890515743757,1.8964197802136216,0.00988981335989306,2,0.7456206639731765,5000,COMPLETE
154,0.0019046477973461151,2026-05-19 00:34:19.078381,2026-05-19 00:34:19.231060,0 days 00:00:00.152679,128,1.76629747349338,1.1201846976310734,0.009956365270157069,2,0.7737267395539941,5000,PRUNED
155,0.00915905088186264,2026-05-19 00:34:19.238175,2026-05-19 00:34:19.393123,0 days 00:00:00.154948,128,1.5298961988842128,1.8888941067774452,0.008223651102138987,2,0.7422222765898412,5000,PRUNED
156,0.0033490522764623165,2026-05-19 00:34:19.399127,2026-05-19 00:34:19.552024,0 days 00:00:00.152897,80,1.886038435922676,0.0701761049548339,0.007480905798097626,2,0.7533227168506177,5000,PRUNED
157,0.003173126606270671,2026-05-19 00:34:19.558831,2026-05-19 00:34:19.710008,0 days 00:00:00.151177,128,1.6591952751978247,2.4083424465188075,0.00915169764129123,2,0.7639881100453108,5000,PRUNED
158,0.009440968744456768,2026-05-19 00:34:19.717453,2026-05-19 00:34:19.861234,0 days 00:00:00.143781,32,2.054592876585459,1.33966894390711,0.006035552170586443,2,0.6794953963364309,4000,PRUNED
159,0.001986012328416109,2026-05-19 00:34:19.870019,2026-05-19 00:34:20.011540,0 days 00:00:00.141521,128,1.483804143543257,0.9552049124068736,0.009981491756599096,2,0.6495130001551521,5000,PRUNED
160,0.010387272574007511,2026-05-19 00:34:20.019033,2026-05-19 00:34:20.161437,0 days 00:00:00.142404,128,2.4734257479211927,1.7047278791260554,0.006481738097843011,2,0.5586278702037637,5000,PRUNED
161,0.005140446126461029,2026-05-19 00:34:20.168879,2026-05-19 00:34:20.315196,0 days 00:00:00.146317,128,2.264239647096776,2.1104386045733343,0.008495949624423566,2,0.6965199032175158,5000,PRUNED
162,1.7549795302329585e-05,2026-05-19 00:34:20.321593,2026-05-19 00:34:22.812532,0 days 00:00:02.490939,128,1.8693330216231874,1.6076083441447442,0.009097284924531135,2,0.7301088872081103,5000,COMPLETE
163,0.0066259633749723434,2026-05-19 00:34:22.820395,2026-05-19 00:34:22.962952,0 days 00:00:00.142557,128,1.8966280511879456,0.6546694655139434,0.008186273796720643,2,0.7372539575250044,5000,PRUNED
164,0.001829609856940806,2026-05-19 00:34:22.969458,2026-05-19 00:34:23.131564,0 days 00:00:00.162106,128,1.7101942281107478,1.5948373939256961,0.009033240468109521,2,0.7261390180728315,5000,PRUNED
165,0.004058420192450285,2026-05-19 00:34:23.138580,2026-05-19 00:34:23.392604,0 days 00:00:00.254024,128,1.7956139519284395,1.2375798178924893,0.0002981578618308691,6,0.7108083635745129,5000,PRUNED
166,0.012579638510942459,2026-05-19 00:34:23.399031,2026-05-19 00:34:23.550089,0 days 00:00:00.151058,128,2.051985897502603,0.804177414239568,0.007264716935925238,2,0.6869920765004065,5000,PRUNED
167,3.962963819503784e-05,2026-05-19 00:34:23.557021,2026-05-19 00:34:24.472393,0 days 00:00:00.915372,96,1.2278237513333972,0.2971162055043111,0.008080805166502046,5,0.7457018810814852,5000,PRUNED
168,0.027174925431609154,2026-05-19 00:34:24.478824,2026-05-19 00:34:24.626596,0 days 00:00:00.147772,64,1.4035459405601713,2.567416328375063,0.009956530859922604,2,0.4247304918102132,4000,PRUNED
169,0.035758696496486664,2026-05-19 00:34:24.632999,2026-05-19 00:34:24.787441,0 days 00:00:00.154442,112,1.6220724145656489,3.08331837481369,0.007607651082187733,2,0.6656836558513635,5000,PRUNED
170,0.00014571691281162202,2026-05-19 00:34:24.794285,2026-05-19 00:34:25.049755,0 days 00:00:00.255470,128,2.6712504254829814,0.5121604096953242,0.009012026413274662,2,0.8233582640455406,2000,PRUNED
171,0.001635088468901813,2026-05-19 00:34:25.056264,2026-05-19 00:34:25.201903,0 days 00:00:00.145639,128,2.279114871368993,1.7769533081134694,0.009094699557776594,2,0.7032051555594365,5000,PRUNED
172,0.0057786088436841965,2026-05-19 00:34:25.208630,2026-05-19 00:34:25.356196,0 days 00:00:00.147566,128,1.93823266485866,1.4573955872383872,0.008382254442078706,2,0.7157865178687061,5000,PRUNED
173,0.014806020073592663,2026-05-19 00:34:25.362962,2026-05-19 00:34:25.507177,0 days 00:00:00.144215,128,2.147015228285573,2.116114795830691,0.007037850897767874,2,0.6755544611451919,5000,PRUNED
174,0.0013665857259184122,2026-05-19 00:34:25.513318,2026-05-19 00:34:25.667405,0 days 00:00:00.154087,128,1.8251777651810799,1.1337201029539496,0.009309421576434733,2,0.7243143705725361,5000,PRUNED
175,0.00016656031948514283,2026-05-19 00:34:25.674428,2026-05-19 00:34:25.925927,0 days 00:00:00.251499,128,1.551073312308594,0.1788362297926468,0.007781567858319294,2,0.692553644301312,5000,PRUNED
176,0.009009169414639473,2026-05-19 00:34:25.932022,2026-05-19 00:34:26.126035,0 days 00:00:00.194013,128,2.4376058288044176,1.5988858596624198,0.009946945908984582,4,0.5052354073637119,5000,PRUNED
177,0.00011974824155913666,2026-05-19 00:34:26.132576,2026-05-19 00:34:26.402176,0 days 00:00:00.269600,48,2.926617058960394,0.1262522833015932,0.008546216106730276,2,0.7071254308650236,3000,PRUNED
178,0.011228344403207302,2026-05-19 00:34:26.408459,2026-05-19 00:34:26.561431,0 days 00:00:00.152972,128,2.059599398058659,0.375756547593981,0.006676598171423659,2,0.607675021420146,5000,PRUNED
179,0.042167339473962784,2026-05-19 00:34:26.567978,2026-05-19 00:34:26.786772,0 days 00:00:00.218794,16,1.8155120907659241,4.663106295861658,0.008649341043056771,5,0.7348495405142228,1000,PRUNED
180,0.011720561422407627,2026-05-19 00:34:26.793317,2026-05-19 00:34:26.944191,0 days 00:00:00.150874,128,1.6901935311931584,0.932264362652122,0.007674010965109719,2,0.6808116200736065,4000,PRUNED
181,1.7160111383418553e-05,2026-05-19 00:34:26.950839,2026-05-19 00:34:29.496806,0 days 00:00:02.545967,128,2.3230442273814327,1.8751952524956856,0.009250272907704242,2,0.6964131089829894,5000,COMPLETE
182,0.0015499951550737023,2026-05-19 00:34:29.505152,2026-05-19 00:34:29.663756,0 days 00:00:00.158604,128,2.3057334867876738,1.9220544183085628,0.009053818626541393,2,0.695966308581465,5000,PRUNED
183,0.0013944588135927916,2026-05-19 00:34:29.671085,2026-05-19 00:34:29.816005,0 days 00:00:00.144920,128,5.734106054318177,2.3473494744337238,0.009311908778274312,2,0.6564439197908082,5000,PRUNED
184,0.0023447072599083185,2026-05-19 00:34:29.823666,2026-05-19 00:34:30.042420,0 days 00:00:00.218754,128,3.4583525021225023,1.3456275951086183,0.009979901524488292,2,0.7058404161053073,5000,PRUNED
185,0.007352696266025305,2026-05-19 00:34:30.052687,2026-05-19 00:34:30.199165,0 days 00:00:00.146478,128,2.022943761950902,1.716040965293102,0.00818129132130147,2,0.7250288237571613,5000,PRUNED
186,0.01582072488963604,2026-05-19 00:34:30.206792,2026-05-19 00:34:30.354761,0 days 00:00:00.147969,128,2.6759438611723536,2.9512176701855317,0.007199145787660769,2,0.6692083440829095,5000,PRUNED
187,0.00013191785546950996,2026-05-19 00:34:30.362526,2026-05-19 00:34:30.613129,0 days 00:00:00.250603,48,2.204688953479425,0.10557665138028863,0.008308793517917492,2,0.6889786745480655,5000,PRUNED
188,0.016055557876825333,2026-05-19 00:34:30.620844,2026-05-19 00:34:30.768872,0 days 00:00:00.148028,128,1.507753147043191,2.067134272389578,0.0006582917447323631,2,0.6395050277753717,5000,PRUNED
189,0.0031357647385448217,2026-05-19 00:34:30.776582,2026-05-19 00:34:30.922472,0 days 00:00:00.145890,128,1.8925461220314044,2.6571239108193874,0.009109325091156847,2,0.6247961124640313,5000,PRUNED
190,0.0014674639096483588,2026-05-19 00:34:30.929535,2026-05-19 00:34:31.069657,0 days 00:00:00.140122,128,1.7210354043593759,1.3886281571001093,0.009963176203702021,2,0.717779714639644,5000,PRUNED
191,0.0032235493417829275,2026-05-19 00:34:31.075843,2026-05-19 00:34:31.220253,0 days 00:00:00.144410,128,2.2321779052317647,1.8055227735674815,0.008776538719453466,2,0.6995813418745458,5000,PRUNED
192,0.010185868479311466,2026-05-19 00:34:31.227715,2026-05-19 00:34:31.369763,0 days 00:00:00.142048,128,2.475983900842806,1.9875656853508865,0.007894459146686869,2,0.6833230537075535,5000,PRUNED
193,0.0019169037695974112,2026-05-19 00:34:31.377400,2026-05-19 00:34:31.521103,0 days 00:00:00.143703,128,2.015011464565329,1.1606039115927156,0.009151067088208816,2,0.7000786239311126,5000,PRUNED
194,0.01442702580243349,2026-05-19 00:34:31.528191,2026-05-19 00:34:31.671996,0 days 00:00:00.143805,128,2.3983157393973986,2.387667732543763,0.007557507078913217,2,0.6720272722138154,5000,PRUNED
195,0.008496573194861412,2026-05-19 00:34:31.678441,2026-05-19 00:34:31.825467,0 days 00:00:00.147026,128,2.1715178197880727,1.5739049370081735,0.0014328704499709797,2,0.4093287534688725,5000,PRUNED
196,0.012635900638997555,2026-05-19 00:34:31.832031,2026-05-19 00:34:31.974860,0 days 00:00:00.142829,128,1.9022684941300865,3.6182680960452474,0.008574968432318645,2,0.751005362657978,5000,PRUNED
197,1.3149362530384678e-05,2026-05-19 00:34:31.981365,2026-05-19 00:34:34.456110,0 days 00:00:02.474745,128,1.592227058744399,1.7863480141825079,0.00996095166907571,2,0.5276077818791646,5000,COMPLETE
198,0.010277481749653816,2026-05-19 00:34:34.466426,2026-05-19 00:34:34.612432,0 days 00:00:00.146006,128,1.5832701344361118,1.3938537098469044,0.0008147850115936949,2,0.4609010879867816,4000,PRUNED
199,0.011920581571757793,2026-05-19 00:34:34.618983,2026-05-19 00:34:34.765450,0 days 00:00:00.146467,48,1.3833402459637707,1.0419674175456661,0.009313812714443422,2,0.5539309446000957,5000,PRUNED
200,0.004128707572817802,2026-05-19 00:34:34.772344,2026-05-19 00:34:34.918725,0 days 00:00:00.146381,112,1.7185359738871626,0.5854917521880643,0.0067447728187355425,2,0.5224899529514258,5000,PRUNED
201,0.002381173660978675,2026-05-19 00:34:34.925606,2026-05-19 00:34:35.067898,0 days 00:00:00.142292,128,45.22216827158165,1.7398417671846496,0.008616068099156615,2,0.5044920027020592,5000,PRUNED
202,1.6568752471357584e-05,2026-05-19 00:34:35.074223,2026-05-19 00:34:37.704772,0 days 00:00:02.630549,128,1.8156208072979445,2.122203113633229,0.00932729694864707,2,0.7068094076228741,5000,COMPLETE
203,1.5814268408576027e-05,2026-05-19 00:34:37.712760,2026-05-19 00:34:40.273803,0 days 00:00:02.561043,128,1.7997320554092415,2.211784386585954,0.00954031645360812,2,0.5815673173310144,5000,COMPLETE
204,0.0017575847450643778,2026-05-19 00:34:40.286015,2026-05-19 00:34:40.441338,0 days 00:00:00.155323,128,1.5109271210015045,2.2886525477400244,0.009813028215297368,2,0.5469685628845313,5000,PRUNED
205,0.0032565470319241285,2026-05-19 00:34:40.449047,2026-05-19 00:34:40.604328,0 days 00:00:00.155281,128,1.7824614589318721,0.08797959374268476,0.009995764138888022,2,0.5848188736510521,3000,PRUNED
206,0.017258906736969948,2026-05-19 00:34:40.613518,2026-05-19 00:34:40.768040,0 days 00:00:00.154522,128,1.643440243167645,2.7806337923805007,0.007970845329773137,2,0.5154888171194478,5000,PRUNED
207,0.04692905396223068,2026-05-19 00:34:40.778130,2026-05-19 00:34:41.003462,0 days 00:00:00.225332,128,1.3006316587605897,2.210152178984213,0.008424739898896997,5,0.7665856489576389,5000,PRUNED
208,0.0001179734681500122,2026-05-19 00:34:41.009915,2026-05-19 00:34:41.259667,0 days 00:00:00.249752,128,1.9345475073426326,0.15171434811188467,0.009250135799769093,2,0.4779855255473433,5000,PRUNED
209,0.015096006914973259,2026-05-19 00:34:41.265817,2026-05-19 00:34:41.410730,0 days 00:00:00.144913,32,1.4124099547249207,1.612790177434693,0.007299277995474881,2,0.5402473497616198,5000,PRUNED
210,0.016027437523007393,2026-05-19 00:34:41.417281,2026-05-19 00:34:41.570805,0 days 00:00:00.153524,128,1.8015435570223284,3.183048040289736,0.008103331942773032,2,0.6583428651278891,5000,PRUNED
211,0.001296273316256702,2026-05-19 00:34:41.577845,2026-05-19 00:34:41.728118,0 days 00:00:00.150273,128,2.073797492149749,1.9826258885000527,0.009123251500683362,2,0.5691041603793914,5000,PRUNED
212,0.0043946229852736,2026-05-19 00:34:41.736038,2026-05-19 00:34:41.889100,0 days 00:00:00.153062,128,1.5974780391976153,2.4588705056669484,0.00905572573095696,2,0.7124284345775568,5000,PRUNED
213,0.006384833715856075,2026-05-19 00:34:41.897556,2026-05-19 00:34:42.037449,0 days 00:00:00.139893,128,7.7675432514635405,1.2841495572086787,0.009988059000927177,2,0.5252075166265513,5000,PRUNED
214,0.0053765904158353806,2026-05-19 00:34:42.045637,2026-05-19 00:34:42.189862,0 days 00:00:00.144225,128,2.016743202263997,1.6673882187831504,0.008432265414070916,2,0.7320164893543687,5000,PRUNED
215,0.015265149995684624,2026-05-19 00:34:42.197899,2026-05-19 00:34:42.345148,0 days 00:00:00.147249,128,1.825700644820547,1.9605202904864738,0.007426954577606372,2,0.6888816306667083,5000,PRUNED
216,1.6357287677237764e-05,2026-05-19 00:34:42.352242,2026-05-19 00:34:44.797676,0 days 00:00:02.445434,128,1.706263197380334,1.471640451925102,0.009330374056444614,2,0.48843227162094643,4000,COMPLETE
217,0.001999683678150177,2026-05-19 00:34:44.808502,2026-05-19 00:34:44.955619,0 days 00:00:00.147117,128,1.6712273110702933,0.7690725480173798,0.009905187916793318,2,0.4843881273865166,4000,PRUNED
218,0.023917479440569878,2026-05-19 00:34:44.963009,2026-05-19 00:34:45.114457,0 days 00:00:00.151448,128,1.4852425513462848,1.4947769037039789,0.00010617704850040005,2,0.6476867983706618,4000,PRUNED
219,0.010757209733128548,2026-05-19 00:34:45.120779,2026-05-19 00:34:45.269974,0 days 00:00:00.149195,48,1.7614635528999512,1.2711658824225025,0.007988320557089486,2,0.49252239396918507,4000,PRUNED
220,4.77056710224133e-05,2026-05-19 00:34:45.276367,2026-05-19 00:34:45.748267,0 days 00:00:00.471900,96,1.9352946830688247,0.8950921982579839,0.00875638391963146,2,0.6670224728206232,4000,PRUNED
221,1.6801644960651174e-05,2026-05-19 00:34:45.754949,2026-05-19 00:34:48.364302,0 days 00:00:02.609353,128,2.1260758807131968,1.7844897499259778,0.009333465382446995,2,0.7111231780265093,4000,COMPLETE
222,0.0018351376056671143,2026-05-19 00:34:48.374978,2026-05-19 00:34:48.561976,0 days 00:00:00.186998,128,2.1256751187716567,2.0413566926922933,0.009039628085009301,2,0.4444626524570087,4000,PRUNED
223,0.0037651078309863806,2026-05-19 00:34:48.569437,2026-05-19 00:34:48.720794,0 days 00:00:00.151357,128,1.5960189999629744,2.581320931158104,0.00927530674298659,2,0.7196641118531152,4000,PRUNED
224,1.389681074215332e-05,2026-05-19 00:34:48.727314,2026-05-19 00:34:51.177955,0 days 00:00:02.450641,128,1.9188727805791863,1.7113462199083302,0.009942100765739094,2,0.6820475221191425,4000,COMPLETE
225,0.0014207711210474372,2026-05-19 00:34:51.186697,2026-05-19 00:34:51.335961,0 days 00:00:00.149264,128,1.886773736338676,1.5069491359476916,0.00994721136605511,2,0.5976642526343307,4000,PRUNED
226,0.005823953077197075,2026-05-19 00:34:51.342454,2026-05-19 00:34:51.505782,0 days 00:00:00.163328,128,1.7266122875992695,1.130929880439793,0.008353185112863131,2,0.526974332041418,4000,PRUNED
227,5.8970763348042965e-05,2026-05-19 00:34:51.512358,2026-05-19 00:34:51.805533,0 days 00:00:00.293175,128,1.5067711495312246,1.7924886243051357,0.009968413909029304,2,0.6780120398558125,4000,PRUNED
228,0.010295141488313675,2026-05-19 00:34:51.812242,2026-05-19 00:34:51.975031,0 days 00:00:00.162789,128,1.887613559395023,1.5056593913723337,0.007875762633627414,2,0.47132985195409166,4000,PRUNED
229,0.004303694702684879,2026-05-19 00:34:51.981951,2026-05-19 00:34:52.139687,0 days 00:00:00.157736,128,2.119153497178662,2.0736395638267355,0.00864642240114842,2,0.6907713144853169,4000,PRUNED
230,0.002348892390727997,2026-05-19 00:34:52.146963,2026-05-19 00:34:52.366118,0 days 00:00:00.219155,128,1.6529004987658475,0.07281773725942049,0.0021125165598523663,4,0.7370454658010729,4000,PRUNED
231,0.0013830875977873802,2026-05-19 00:34:52.373223,2026-05-19 00:34:52.519385,0 days 00:00:00.146162,128,1.9965558066592801,1.779573624306431,0.009079230236506568,2,0.7063511772176587,4000,PRUNED
232,1.7186637705890462e-05,2026-05-19 00:34:52.525802,2026-05-19 00:34:55.070482,0 days 00:00:02.544680,128,2.348730666914075,2.2527401356079766,0.009243581241537568,2,0.6770575644896549,4000,COMPLETE
233,1.7198392015416175e-05,2026-05-19 00:34:55.078762,2026-05-19 00:34:57.570476,0 days 00:00:02.491714,128,2.348104158746273,2.4044516370327433,0.009232658443268617,2,0.6796553746601818,4000,COMPLETE
234,5.85225316172e-05,2026-05-19 00:34:57.579153,2026-05-19 00:34:57.838462,0 days 00:00:00.259309,128,2.398291636153218,3.064446906694506,0.00997831159695651,2,0.6776625252741324,4000,PRUNED
235,0.021215124055743217,2026-05-19 00:34:57.845246,2026-05-19 00:34:58.003635,0 days 00:00:00.158389,128,2.6290303941811213,2.4401196902877653,0.00013122040607041957,2,0.6598802784997754,4000,PRUNED
236,0.004693812690675259,2026-05-19 00:34:58.012151,2026-05-19 00:34:58.165522,0 days 00:00:00.153371,128,2.2846670266806095,0.0026200609721900225,0.008404374601828465,2,0.6733437067247992,4000,PRUNED
237,0.002026129746809602,2026-05-19 00:34:58.173634,2026-05-19 00:34:58.320122,0 days 00:00:00.146488,128,2.1862100254150745,2.2671501093887017,0.009036600383073657,2,0.5026227157730864,4000,PRUNED
238,0.015150731429457664,2026-05-19 00:34:58.328018,2026-05-19 00:34:58.536972,0 days 00:00:00.208954,64,1.789889116305869,2.455268674126641,0.007799376245250327,5,0.6847472943785925,4000,PRUNED
239,0.005221425089985132,2026-05-19 00:34:58.544854,2026-05-19 00:34:58.696922,0 days 00:00:00.152068,128,2.42925926722346,0.10337404293677832,0.009163154961110026,2,0.6992827125171561,4000,PRUNED
240,0.012540403753519058,2026-05-19 00:34:58.703613,2026-05-19 00:34:58.851363,0 days 00:00:00.147750,128,1.1155118905960029,0.44508011500790107,0.007115935504235427,2,0.6463521432679858,4000,PRUNED
241,1.6976304323179647e-05,2026-05-19 00:34:58.857655,2026-05-19 00:35:01.414091,0 days 00:00:02.556436,128,1.946337305615796,2.0489871062445757,0.009224494858986892,2,0.6911305192475372,4000,COMPLETE
242,5.847125066793524e-05,2026-05-19 00:35:01.423240,2026-05-19 00:35:01.698675,0 days 00:00:00.275435,128,1.9529200745618245,1.955125270504667,0.009942914018853638,2,0.7131720982731861,4000,PRUNED
243,0.005621661432087421,2026-05-19 00:35:01.707707,2026-05-19 00:35:01.865853,0 days 00:00:00.158146,128,1.7556774807512676,1.6177554067192244,0.00843870411644205,2,0.6895411044996288,4000,PRUNED
244,0.002086245222017169,2026-05-19 00:35:01.873745,2026-05-19 00:35:02.024110,0 days 00:00:00.150365,128,2.1521029644718577,2.7247750230048813,0.009178538296765909,2,0.6639058960974531,4000,PRUNED
245,0.008648338727653027,2026-05-19 00:35:02.031594,2026-05-19 00:35:02.185426,0 days 00:00:00.153832,128,1.5804497036385936,2.105881168972041,0.008331826799522928,2,0.6766015774947889,4000,PRUNED
246,0.009396799840033054,2026-05-19 00:35:02.191755,2026-05-19 00:35:02.347451,0 days 00:00:00.155696,16,1.8965040956556205,1.3997172320770077,0.009155655437399643,2,0.6980283103909395,4000,PRUNED
247,0.003447897033765912,2026-05-19 00:35:02.353802,2026-05-19 00:35:02.507969,0 days 00:00:00.154167,48,1.3941826254952767,0.22039696989477006,0.007727605399562204,2,0.7288191858247639,4000,PRUNED
248,1.705536305962596e-05,2026-05-19 00:35:02.514472,2026-05-19 00:35:05.097731,0 days 00:00:02.583259,128,1.773161683819198,1.7657758157430503,0.00919112507092101,2,0.845693747593088,4000,COMPLETE
249,0.001292734988965094,2026-05-19 00:35:05.105223,2026-05-19 00:35:05.262207,0 days 00:00:00.156984,128,1.7009703507839053,2.289192844657818,0.00996323764209573,2,0.8657991913614435,4000,PRUNED
250,0.024397581815719604,2026-05-19 00:35:05.268712,2026-05-19 00:35:05.450827,0 days 00:00:00.182115,128,1.5832487058593046,3.2399681220318675,0.008372848899712378,3,0.8304253619222904,4000,PRUNED
251,0.05672750249505043,2026-05-19 00:35:05.457788,2026-05-19 00:35:05.673814,0 days 00:00:00.216026,128,1.804329668754115,1.786473595556858,0.009086669964990048,5,0.45412600109970436,4000,PRUNED
252,0.0032414624001830816,2026-05-19 00:35:05.680155,2026-05-19 00:35:05.829975,0 days 00:00:00.149820,80,2.2937167714353057,0.02257370973163129,0.009967617277615587,2,0.851216421643711,4000,PRUNED
253,0.009660671465098858,2026-05-19 00:35:05.836559,2026-05-19 00:35:05.983974,0 days 00:00:00.147415,128,2.0988346230184938,1.3401023704756547,0.007901324661092706,2,0.7982624746235746,4000,PRUNED
254,0.001692574005573988,2026-05-19 00:35:05.990207,2026-05-19 00:35:06.144602,0 days 00:00:00.154395,128,14.432381514810409,0.12255561932887324,0.008487228150983291,2,0.7796573871021882,4000,PRUNED
255,0.022124217823147774,2026-05-19 00:35:06.150901,2026-05-19 00:35:06.296734,0 days 00:00:00.145833,32,1.238629168552235,2.541858454052748,0.007299206618768308,2,0.8115681135521653,1000,PRUNED
256,0.0013816371792927384,2026-05-19 00:35:06.302919,2026-05-19 00:35:06.447736,0 days 00:00:00.144817,128,1.6952671083671058,0.6822615862414212,0.009185506716411804,2,0.8844976008192746,2000,PRUNED
257,0.010583268478512764,2026-05-19 00:35:06.453920,2026-05-19 00:35:06.602218,0 days 00:00:00.148298,48,2.9349843352324223,2.03656873895956,0.008339122982137735,2,0.6344327837920711,3000,PRUNED
258,0.01138013694435358,2026-05-19 00:35:06.608890,2026-05-19 00:35:06.754664,0 days 00:00:00.145774,128,1.4585098823022857,1.1914603461451452,0.006441651773412251,2,0.43475826619325875,4000,PRUNED
259,0.0020231774542480707,2026-05-19 00:35:06.761032,2026-05-19 00:35:06.906980,0 days 00:00:00.145948,128,1.9501272077525766,0.05419859131674247,0.009316008389382206,2,0.7458440349829917,4000,PRUNED
260,0.024443140253424644,2026-05-19 00:35:06.914515,2026-05-19 00:35:07.081927,0 days 00:00:00.167412,112,2.092380820418688,3.783365459065965,0.007804575921976499,3,0.7076984018987242,4000,PRUNED
261,0.0020663226023316383,2026-05-19 00:35:07.089714,2026-05-19 00:35:07.252933,0 days 00:00:00.163219,128,2.6475500804449683,1.6198903985148365,0.009981730003702555,2,0.6619707627473846,4000,PRUNED
262,0.008597711101174355,2026-05-19 00:35:07.259265,2026-05-19 00:35:07.409057,0 days 00:00:00.149792,128,1.8194898024293533,2.9053872234503944,0.00873045626138011,2,0.5328078129698662,4000,PRUNED
263,0.017984312027692795,2026-05-19 00:35:07.415346,2026-05-19 00:35:07.560041,0 days 00:00:00.144695,128,1.5990029240385444,2.091551271668457,0.007057364996725821,2,0.8416641138109339,4000,PRUNED
264,0.007679926697164774,2026-05-19 00:35:07.567007,2026-05-19 00:35:07.713011,0 days 00:00:00.146004,128,21.89601868926106,1.4728689506173012,0.00912620768104115,2,0.7219339801465746,4000,PRUNED
265,0.012145277112722397,2026-05-19 00:35:07.720862,2026-05-19 00:35:07.865217,0 days 00:00:00.144355,128,1.3521456678002224,1.0236448696677396,0.007640313509113516,2,0.6125752403508323,4000,PRUNED
266,0.021027931943535805,2026-05-19 00:35:07.872688,2026-05-19 00:35:08.105584,0 days 00:00:00.232896,128,2.418712852338525,1.8564024821766612,0.009994585901660044,6,0.6827880002757702,4000,PRUNED
267,0.0073570492677390575,2026-05-19 00:35:08.113113,2026-05-19 00:35:08.258956,0 days 00:00:00.145843,128,1.8414915137127752,2.3685157826948786,0.008498725375709374,2,0.812332522925189,5000,PRUNED
268,0.00592687726020813,2026-05-19 00:35:08.265798,2026-05-19 00:35:08.412982,0 days 00:00:00.147184,128,1.0156763774632278,0.03660238359759846,0.00921432927482158,2,0.7608615665746864,4000,PRUNED
269,0.0075491792522370815,2026-05-19 00:35:08.419250,2026-05-19 00:35:08.567664,0 days 00:00:00.148414,128,1.5349871250111584,0.08974550902108945,0.008025324693991106,2,0.513678219651674,5000,PRUNED
270,0.0014702057233080268,2026-05-19 00:35:08.574015,2026-05-19 00:35:08.721346,0 days 00:00:00.147331,128,2.0555529442264278,0.5328335975691694,0.008698791453464253,2,0.6702502599116267,4000,PRUNED
271,0.014240202493965626,2026-05-19 00:35:08.727839,2026-05-19 00:35:08.875800,0 days 00:00:00.147961,128,1.7258819822546199,1.7316433285903206,0.006817846182338603,2,0.4913741977291303,5000,PRUNED
272,0.004858427681028843,2026-05-19 00:35:08.882005,2026-05-19 00:35:09.024253,0 days 00:00:00.142248,112,2.2649492847178387,1.1999018680189286,0.009264126147317092,2,0.6508935209481532,3000,PRUNED
273,0.024285251274704933,2026-05-19 00:35:09.030419,2026-05-19 00:35:09.179757,0 days 00:00:00.149338,64,1.9342346970238764,2.8965024170428126,0.007617432817413547,2,0.7071920204570992,5000,PRUNED
274,0.04819314926862717,2026-05-19 00:35:09.185952,2026-05-19 00:35:09.402223,0 days 00:00:00.216271,128,1.4713743472674723,1.449232427309555,0.009948785537921064,5,0.6862358320155905,2000,PRUNED
275,0.019905921071767807,2026-05-19 00:35:09.408488,2026-05-19 00:35:09.554866,0 days 00:00:00.146378,48,1.6649132988249271,2.0952493613951733,0.008176335530661114,2,0.736128289890308,4000,PRUNED
276,0.007805203553289175,2026-05-19 00:35:09.561263,2026-05-19 00:35:09.709686,0 days 00:00:00.148423,128,2.188335901800786,1.7010118666154146,0.0004861097304566625,2,0.7175055187722091,5000,PRUNED
277,0.0029583072755485773,2026-05-19 00:35:09.715918,2026-05-19 00:35:09.861853,0 days 00:00:00.145935,128,2.525655951218684,0.9105237972159651,0.008858089701459829,2,0.5785486812884446,5000,PRUNED
278,1.671741483733058e-05,2026-05-19 00:35:09.867927,2026-05-19 00:35:12.316502,0 days 00:00:02.448575,128,1.8705679046040622,2.1545596800838815,0.009301626978660424,2,0.6934523963305355,4000,COMPLETE
279,0.03475581109523773,2026-05-19 00:35:12.324791,2026-05-19 00:35:12.531305,0 days 00:00:00.206514,128,2.026892298413414,2.6512766408319055,0.00999040674593709,4,0.6793358178529031,4000,PRUNED
280,0.016886688768863678,2026-05-19 00:35:12.540535,2026-05-19 00:35:12.694721,0 days 00:00:00.154186,32,1.7605911837896673,2.2749468265931543,0.006087576152126693,2,0.6983230408646403,4000,PRUNED
281,0.04979816824197769,2026-05-19 00:35:12.703018,2026-05-19 00:35:12.925213,0 days 00:00:00.222195,128,1.3269153484127196,3.2798625235274406,0.007361589512652612,5,0.669355896245015,4000,PRUNED
282,0.009580317884683609,2026-05-19 00:35:12.933449,2026-05-19 00:35:13.083408,0 days 00:00:00.149959,96,1.592253089353606,1.9116701033918242,0.008390136285569602,2,0.6901742591878651,4000,PRUNED
283,0.00012913983664475381,2026-05-19 00:35:13.091409,2026-05-19 00:35:13.364344,0 days 00:00:00.272935,128,1.8807117315390847,0.34893572707183446,0.0091882972380382,2,0.701647746896596,4000,PRUNED
284,0.014180401340126991,2026-05-19 00:35:13.372363,2026-05-19 00:35:13.515848,0 days 00:00:00.143485,128,2.2823005424116793,2.4702527873753093,0.0010704047469940812,2,0.678262368536324,4000,PRUNED
285,0.031196841970086098,2026-05-19 00:35:13.523291,2026-05-19 00:35:13.673943,0 days 00:00:00.150652,112,2.7707339868861895,4.336368938270113,0.00812293529712396,2,0.46645055848579897,4000,PRUNED
286,0.009252256713807583,2026-05-19 00:35:13.681775,2026-05-19 00:35:13.835435,0 days 00:00:00.153660,128,1.464452164818392,0.11124689919762865,0.009960538928494751,2,0.6556494227342693,4000,PRUNED
287,0.0026877212803810835,2026-05-19 00:35:13.844019,2026-05-19 00:35:13.987560,0 days 00:00:00.143541,128,3.164667908927309,0.13967575526765386,0.008523244027411796,2,0.5103449262807187,4000,PRUNED
288,0.011628849431872368,2026-05-19 00:35:13.994358,2026-05-19 00:35:14.148592,0 days 00:00:00.154234,128,1.1727821023674971,0.613181835642919,0.006910413852162978,2,0.5554002820927642,4000,PRUNED
289,0.03184495493769646,2026-05-19 00:35:14.155249,2026-05-19 00:35:14.314216,0 days 00:00:00.158967,48,2.0511075660185423,2.0572838301775582,0.00031202719858326137,2,0.6928732064390624,4000,PRUNED
290,1.6565638361498713e-05,2026-05-19 00:35:14.321021,2026-05-19 00:35:16.779521,0 days 00:00:02.458500,128,1.745377661337409,1.4558070465702944,0.009253001406516234,2,0.6416601689439655,4000,COMPLETE
291,0.011372203938663006,2026-05-19 00:35:16.787113,2026-05-19 00:35:16.941091,0 days 00:00:00.153978,128,1.7011499732075193,1.3194304130821501,0.007760525294871102,2,0.6310038876309716,4000,PRUNED
292,0.005641933996230364,2026-05-19 00:35:16.947418,2026-05-19 00:35:17.094562,0 days 00:00:00.147144,128,1.535316218163769,2.7211893379363463,0.009127232348352325,2,0.6263703817290148,4000,PRUNED
293,0.00384186627343297,2026-05-19 00:35:17.102433,2026-05-19 00:35:17.254826,0 days 00:00:00.152393,128,1.7893905852622454,0.797985193579444,0.008636460962949908,2,0.6394868098261126,4000,PRUNED
294,0.005420750938355923,2026-05-19 00:35:17.261126,2026-05-19 00:35:17.407483,0 days 00:00:00.146357,128,1.6628410258819728,0.07902785220110284,0.009964525932111551,2,0.4791998809546675,4000,PRUNED
295,0.009526805020868778,2026-05-19 00:35:17.413740,2026-05-19 00:35:17.585743,0 days 00:00:00.172003,128,1.419994616436687,0.008752809282760064,0.001649122579876713,2,0.5951376787192494,4000,PRUNED
296,0.014461995102465153,2026-05-19 00:35:17.592068,2026-05-19 00:35:17.761385,0 days 00:00:00.169317,128,1.9227336424754862,1.8480799557249732,0.007481904524275534,3,0.878412157841695,4000,PRUNED
297,0.012702563777565956,2026-05-19 00:35:17.767696,2026-05-19 00:35:17.924650,0 days 00:00:00.156954,32,1.6697185725919776,1.4382906941677147,0.009098527615318994,2,0.8998037716582729,4000,PRUNED
298,0.006832421757280827,2026-05-19 00:35:17.931102,2026-05-19 00:35:18.079921,0 days 00:00:00.148819,128,1.8363901419872504,1.1386467977284678,0.008218906087377797,2,0.6562690421564285,4000,PRUNED
299,0.004884887486696243,2026-05-19 00:35:18.086032,2026-05-19 00:35:18.239980,0 days 00:00:00.153948,128,1.2849313306461168,2.282203726016198,0.009272854476135758,2,0.6169898041008122,4000,PRUNED
300,0.003183006541803479,2026-05-19 00:35:18.247080,2026-05-19 00:35:18.400325,0 days 00:00:00.153245,64,2.182460034658484,0.43075981385016027,0.008544660787025947,2,0.7123248144462022,4000,PRUNED
301,0.009893477894365788,2026-05-19 00:35:18.408092,2026-05-19 00:35:18.627413,0 days 00:00:00.219321,128,2.4503741579657468,1.7266244795529964,0.005412579197758917,5,0.6476843691885756,4000,PRUNED
302,0.020429857075214386,2026-05-19 00:35:18.634785,2026-05-19 00:35:18.790685,0 days 00:00:00.155900,48,1.564537396541843,2.1455939168740477,0.006350299844531571,2,0.5377904219658184,4000,PRUNED
303,0.00010820329043781385,2026-05-19 00:35:18.797637,2026-05-19 00:35:19.149612,0 days 00:00:00.351975,128,4.746115853057486,0.06269026920392472,0.009978616372174134,4,0.6691734465954527,3000,PRUNED
304,0.025059668347239494,2026-05-19 00:35:19.155821,2026-05-19 00:35:19.312487,0 days 00:00:00.156666,16,2.00159551581934,3.436257377080279,0.007654103632799225,2,0.5657620809076499,4000,PRUNED
305,1.6622087059658952e-05,2026-05-19 00:35:19.319168,2026-05-19 00:35:21.797239,0 days 00:00:02.478071,128,1.7847935731055369,1.5488415474981945,0.009269503859342875,2,0.49477845997512443,5000,COMPLETE
306,0.012102729640901089,2026-05-19 00:35:21.806567,2026-05-19 00:35:21.947501,0 days 00:00:00.140934,128,1.800305236372734,1.0048271180467796,0.0070128308725739595,2,0.492344111547817,5000,PRUNED
307,0.005615918431431055,2026-05-19 00:35:21.954876,2026-05-19 00:35:22.096523,0 days 00:00:00.141647,128,1.5918874721156249,1.3054092527270462,0.008357624412758854,2,0.49064848790728743,5000,PRUNED
308,0.01099048089236021,2026-05-19 00:35:22.104233,2026-05-19 00:35:22.259927,0 days 00:00:00.155694,128,1.757736656343786,1.469228465887856,0.002438160069999025,2,0.5052445668411436,5000,PRUNED
309,0.0012114574201405048,2026-05-19 00:35:22.268016,2026-05-19 00:35:22.412702,0 days 00:00:00.144686,128,1.3972206817989807,1.6533728015094982,0.009289788362137072,2,0.4823251836190162,5000,PRUNED
310,0.0028611007146537304,2026-05-19 00:35:22.419382,2026-05-19 00:35:22.663473,0 days 00:00:00.244091,128,6.180383056336309,1.1887332106977955,0.00781949530608206,6,0.5264804913304878,5000,PRUNED
311,0.0018871064530685544,2026-05-19 00:35:22.669679,2026-05-19 00:35:22.816559,0 days 00:00:00.146880,128,2.0050642176644504,0.1637027678672525,0.008703829199979356,2,0.4602986140458653,5000,PRUNED
312,0.0024331840686500072,2026-05-19 00:35:22.822978,2026-05-19 00:35:22.965617,0 days 00:00:00.142639,128,1.4850737163134955,0.7154925812914771,0.009997800371440548,2,0.5010264071654627,5000,PRUNED
313,0.020217597484588623,2026-05-19 00:35:22.971693,2026-05-19 00:35:23.188902,0 days 00:00:00.217209,80,1.6525572149121954,1.9142348610251045,0.009106421956740432,5,0.7901028425915494,2000,PRUNED
314,0.021791016682982445,2026-05-19 00:35:23.195162,2026-05-19 00:35:23.373403,0 days 00:00:00.178241,48,1.8621791708594206,1.5272074009200323,0.007261954526698165,3,0.39081352109755846,5000,PRUNED
315,0.00014406326226890087,2026-05-19 00:35:23.380113,2026-05-19 00:35:23.636833,0 days 00:00:00.256720,128,1.7259746625831036,0.2615658229489699,0.008101605993040677,2,0.7259438518450684,5000,PRUNED
316,0.0014176502590999007,2026-05-19 00:35:23.643361,2026-05-19 00:35:23.791787,0 days 00:00:00.148426,128,2.0962466039804646,0.8559959077084233,0.009277988162200507,2,0.703339147466701,5000,PRUNED
317,0.00897776335477829,2026-05-19 00:35:23.798295,2026-05-19 00:35:23.944580,0 days 00:00:00.146285,112,29.66716656195291,1.8712941957640916,0.008498370496646134,2,0.5176663206636833,5000,PRUNED
318,0.010716737248003483,2026-05-19 00:35:23.951106,2026-05-19 00:35:24.095364,0 days 00:00:00.144258,128,1.8805399847700468,1.3497586088103055,0.006568526395101105,2,0.8200064184654211,5000,PRUNED
319,0.00012195343151688576,2026-05-19 00:35:24.102271,2026-05-19 00:35:24.366244,0 days 00:00:00.263973,128,1.5609979523417599,0.5170987300671482,0.009316573832033614,2,0.7483747364677088,5000,PRUNED
320,0.027659157291054726,2026-05-19 00:35:24.372911,2026-05-19 00:35:24.526322,0 days 00:00:00.153411,128,1.3111951171685692,2.1566787790759063,0.0001824002850225942,2,0.637654643085983,5000,PRUNED
321,0.0014558337861672044,2026-05-19 00:35:24.532787,2026-05-19 00:35:24.681773,0 days 00:00:00.148986,128,1.9391743743562444,0.09354520831217256,0.007817081254491971,2,0.41870743043989117,5000,PRUNED
322,0.010409274138510227,2026-05-19 00:35:24.688358,2026-05-19 00:35:24.835648,0 days 00:00:00.147290,112,2.1521167883815115,1.0492881644793286,0.00846048193955957,2,0.7166248322522023,5000,PRUNED
323,0.0029685914050787687,2026-05-19 00:35:24.842049,2026-05-19 00:35:24.989044,0 days 00:00:00.146995,128,1.703490343081568,2.84861218380951,0.009991987357784834,2,0.47248213356263846,4000,PRUNED
324,0.011733456514775753,2026-05-19 00:35:24.995222,2026-05-19 00:35:25.143863,0 days 00:00:00.148641,128,1.4643841446602228,1.4845595336364232,0.002878871330525873,2,0.6938898071965482,5000,PRUNED
325,0.014782290905714035,2026-05-19 00:35:25.150857,2026-05-19 00:35:25.299223,0 days 00:00:00.148366,48,1.8180825845442246,1.7482489148149805,0.0071034355029202835,2,0.7051328009061347,4000,PRUNED
326,0.00989350862801075,2026-05-19 00:35:25.306914,2026-05-19 00:35:25.453957,0 days 00:00:00.147043,128,39.00582161459588,2.526960276476913,0.009960067664294095,2,0.6115479291142722,3000,PRUNED
327,0.010329842567443848,2026-05-19 00:35:25.461663,2026-05-19 00:35:25.607794,0 days 00:00:00.146131,128,1.1717939331131968,2.1180139677431953,0.008661105862116176,2,0.7724882107110559,4000,PRUNED
328,0.010802415199577808,2026-05-19 00:35:25.615668,2026-05-19 00:35:25.763094,0 days 00:00:00.147426,48,1.6346808745467996,1.1954398631799823,0.0078014655477189245,2,0.6843851412951418,1000,PRUNED
329,0.0012324717827141285,2026-05-19 00:35:25.771037,2026-05-19 00:35:25.918688,0 days 00:00:00.147651,128,2.006896262459279,1.6749207363728889,0.009132439484020432,2,0.5434210767283055,5000,PRUNED
330,0.00020516803488135338,2026-05-19 00:35:25.925053,2026-05-19 00:35:26.323394,0 days 00:00:00.398341,32,2.1866195547140115,0.11626295849100513,0.0059049199948814565,5,0.8515582391635044,4000,PRUNED
331,0.0023185191676020622,2026-05-19 00:35:26.350671,2026-05-19 00:35:26.502829,0 days 00:00:00.152158,128,1.8152157516182033,0.6826682128369616,0.009978308022264088,2,0.6618043185182403,5000,PRUNED
332,0.006211800035089254,2026-05-19 00:35:26.509232,2026-05-19 00:35:26.678824,0 days 00:00:00.169592,128,1.5364690159430716,1.9073341209103238,0.008604356809288425,2,0.5000975789388908,4000,PRUNED
333,0.00016520178178325295,2026-05-19 00:35:26.685099,2026-05-19 00:35:26.940075,0 days 00:00:00.254976,128,1.969965078186433,0.2138192131837228,0.007855295300979413,2,0.72442227472865,5000,PRUNED
334,0.0027347165159881115,2026-05-19 00:35:26.946252,2026-05-19 00:35:27.095308,0 days 00:00:00.149056,128,63.38682272644446,3.004132416440649,0.008884018668479985,2,0.4404214843249836,4000,PRUNED
335,0.012590797618031502,2026-05-19 00:35:27.101879,2026-05-19 00:35:27.276010,0 days 00:00:00.174131,64,2.2869482304663022,1.5174590690537995,0.007303960669304686,3,0.7363004541661328,5000,PRUNED
336,0.0013427063822746277,2026-05-19 00:35:27.282857,2026-05-19 00:35:27.483093,0 days 00:00:00.200236,128,11.640298425755914,2.5167801540566073,0.009099049038722861,4,0.6942186129114788,4000,PRUNED
337,0.00836791843175888,2026-05-19 00:35:27.489770,2026-05-19 00:35:27.647258,0 days 00:00:00.157488,128,1.3949509630059072,0.9809204209503445,0.008067500810475366,2,0.6455134080449505,3000,PRUNED
338,0.0115260761231184,2026-05-19 00:35:27.653889,2026-05-19 00:35:27.800946,0 days 00:00:00.147057,128,1.7151489952630636,1.299009767502091,0.0066672737952476226,2,0.7119077873922433,5000,PRUNED
339,0.0017383998492732644,2026-05-19 00:35:27.807493,2026-05-19 00:35:27.952337,0 days 00:00:00.144844,96,2.5483256451014644,0.04586870104327366,0.009259294404797891,2,0.7590509437764523,4000,PRUNED
340,0.01695513166487217,2026-05-19 00:35:27.958501,2026-05-19 00:35:28.104702,0 days 00:00:00.146201,16,1.6084535746285153,1.8427678191614711,0.008278145192914399,2,0.6201142820944567,5000,PRUNED
341,5.9116016927873716e-05,2026-05-19 00:35:28.111198,2026-05-19 00:35:28.370095,0 days 00:00:00.258897,128,1.9040478512327623,2.196042756498864,0.009981354936526894,2,0.4811495134761777,4000,PRUNED
342,0.0001338857546215877,2026-05-19 00:35:28.376446,2026-05-19 00:35:28.635950,0 days 00:00:00.259504,128,2.1559778599989436,0.588875723106872,0.009225989382048971,2,0.6675790162951809,5000,PRUNED
343,0.002325191395357251,2026-05-19 00:35:28.642575,2026-05-19 00:35:28.863612,0 days 00:00:00.221037,128,1.7949376877012448,0.2985332632259643,0.007451579673639064,5,0.6767118526363302,4000,PRUNED
344,0.016605746001005173,2026-05-19 00:35:28.869976,2026-05-19 00:35:29.019942,0 days 00:00:00.149966,32,1.5019248501531741,1.68507516145338,0.008550537554465795,2,0.6885012836778798,5000,PRUNED
345,0.014876998029649258,2026-05-19 00:35:29.026220,2026-05-19 00:35:29.172320,0 days 00:00:00.146100,128,1.0949734808764566,3.5768975151606397,0.009982462356473522,2,0.7188177273267863,5000,PRUNED
346,0.011231064796447754,2026-05-19 00:35:29.178917,2026-05-19 00:35:29.329776,0 days 00:00:00.150859,128,1.269164515748238,2.2301710011074736,0.008476857419039564,2,0.8398725181397617,4000,PRUNED
347,1.654876359680202e-05,2026-05-19 00:35:29.336482,2026-05-19 00:35:31.867987,0 days 00:00:02.531505,128,1.666237475658406,1.4260061559679602,0.009223472277452356,2,0.5246189706436983,5000,COMPLETE
348,0.019213030114769936,2026-05-19 00:35:31.875710,2026-05-19 00:35:32.031179,0 days 00:00:00.155469,112,1.5956706916856191,1.3597593032314987,0.007555142171831993,2,0.5456492800941138,5000,PRUNED
349,0.0015035489341244102,2026-05-19 00:35:32.038711,2026-05-19 00:35:32.185802,0 days 00:00:00.147091,128,1.4105139819023393,0.9680243529995288,0.00922714452899103,2,0.5073064443265224,5000,PRUNED
350,0.0074025350622832775,2026-05-19 00:35:32.192134,2026-05-19 00:35:32.349465,0 days 00:00:00.157331,128,1.7047947829722572,0.8317540889432741,0.00812315021438473,2,0.5249066556675063,5000,PRUNED
351,0.005253258161246777,2026-05-19 00:35:32.356777,2026-05-19 00:35:32.512946,0 days 00:00:00.156169,128,1.9497885037984746,1.481802416373553,0.003966277137853651,2,0.5292764726708992,5000,PRUNED
352,0.010923611931502819,2026-05-19 00:35:32.521133,2026-05-19 00:35:32.676476,0 days 00:00:00.155343,128,1.7137905063686432,1.0939793599736727,0.006717243733717661,2,0.49849653024254936,5000,PRUNED
353,0.01125696487724781,2026-05-19 00:35:32.684399,2026-05-19 00:35:32.840546,0 days 00:00:00.156147,48,1.573665933979503,1.1260993998754183,0.00919495174979511,2,0.513152785928876,5000,PRUNED
354,0.013170542195439339,2026-05-19 00:35:32.848566,2026-05-19 00:35:32.990168,0 days 00:00:00.141602,64,1.8440300140533488,1.5394716370549009,0.009948343202108067,2,0.45419184527634054,5000,PRUNED
355,0.0036722319200634956,2026-05-19 00:35:32.997439,2026-05-19 00:35:33.144540,0 days 00:00:00.147101,128,1.368613487895718,0.4022922424103981,0.008466787352990925,2,0.7394472461407648,5000,PRUNED
356,0.01240923348814249,2026-05-19 00:35:33.151214,2026-05-19 00:35:33.305813,0 days 00:00:00.154599,128,2.0184407971894873,1.2655958933965,0.007311061308447443,2,0.5364634250471744,5000,PRUNED
357,0.004345279652625322,2026-05-19 00:35:33.312154,2026-05-19 00:35:33.489082,0 days 00:00:00.176928,128,1.4897887947892963,0.13206717023171774,0.008023403931016419,3,0.48557344503675187,5000,PRUNED
358,0.005315865855664015,2026-05-19 00:35:33.495553,2026-05-19 00:35:33.644656,0 days 00:00:00.149103,112,8.831174458972859,1.8653923637687333,0.008851541663323076,2,0.5154780808838896,5000,PRUNED
359,0.01388050988316536,2026-05-19 00:35:33.651319,2026-05-19 00:35:33.808082,0 days 00:00:00.156763,48,1.7544959611664472,1.658664637321225,0.009989861553512254,2,0.5837888989732999,2000,PRUNED
360,0.0017250555101782084,2026-05-19 00:35:33.815109,2026-05-19 00:35:33.971741,0 days 00:00:00.156632,128,1.6612200756702804,2.003387941255344,0.009194192489512781,2,0.630079041675675,5000,PRUNED
361,0.008926521986722946,2026-05-19 00:35:33.978367,2026-05-19 00:35:34.126459,0 days 00:00:00.148092,128,2.096064920478428,1.355476747520873,0.007991091587049038,2,0.6017003035354247,5000,PRUNED
362,0.008685526438057423,2026-05-19 00:35:34.133148,2026-05-19 00:35:34.349267,0 days 00:00:00.216119,128,1.894238147466829,0.07619102014584368,0.008635109880560604,5,0.46793277913176673,5000,PRUNED
363,0.0273837149143219,2026-05-19 00:35:34.355768,2026-05-19 00:35:34.510368,0 days 00:00:00.154600,128,1.2120919550321947,2.752002638409979,0.006122286559833932,2,0.7532262263447392,3000,PRUNED
364,0.004483271390199661,2026-05-19 00:35:34.516954,2026-05-19 00:35:34.672781,0 days 00:00:00.155827,128,1.5841667499588743,0.004116711267505244,0.006878282260831346,2,0.704921441783105,5000,PRUNED
365,0.006583370268344879,2026-05-19 00:35:34.679164,2026-05-19 00:35:34.829560,0 days 00:00:00.150396,80,1.7597166419582377,1.6666186861611716,0.009987670163935198,2,0.5553415379770034,5000,PRUNED
366,0.00714802136644721,2026-05-19 00:35:34.836065,2026-05-19 00:35:34.985580,0 days 00:00:00.149515,128,9.926406736106479,0.09937721121571072,0.004945373452586842,2,0.7217214192324564,5000,PRUNED
367,0.009751323610544205,2026-05-19 00:35:34.992032,2026-05-19 00:35:35.145843,0 days 00:00:00.153811,32,1.0022367646070773,0.714147598500528,0.0075768347081807685,2,0.8039071382400239,5000,PRUNED
368,0.04302392527461052,2026-05-19 00:35:35.152252,2026-05-19 00:35:35.347324,0 days 00:00:00.195072,128,1.9929192361497223,1.9958493634602879,0.009177072741910318,4,0.6520892223842742,4000,PRUNED
369,0.005292272660881281,2026-05-19 00:35:35.353785,2026-05-19 00:35:35.506518,0 days 00:00:00.152733,128,1.4603230608179194,0.5196116296841634,0.008351481216346978,2,0.4910627578661757,2000,PRUNED
370,0.0001235227391589433,2026-05-19 00:35:35.513002,2026-05-19 00:35:35.782340,0 days 00:00:00.269338,128,3.792783337246026,1.2472228287897664,0.009265657096203006,2,0.7000676586543266,5000,PRUNED
371,0.013260608538985252,2026-05-19 00:35:35.788993,2026-05-19 00:35:36.030201,0 days 00:00:00.241208,128,1.8204628713768225,2.546659792846544,0.008640033680141743,6,0.5264644470645071,4000,PRUNED
372,0.0033239487092942,2026-05-19 00:35:36.037217,2026-05-19 00:35:36.185352,0 days 00:00:00.148135,128,2.19409212773353,0.014127492405479006,0.00774982234314072,2,0.37764881464921607,4000,PRUNED
373,0.0074086436070501804,2026-05-19 00:35:36.191655,2026-05-19 00:35:36.348826,0 days 00:00:00.157171,48,1.6353168533828824,0.8624124225315426,0.009315512083710994,2,0.865220291758347,5000,PRUNED
374,0.02349984087049961,2026-05-19 00:35:36.355446,2026-05-19 00:35:36.504645,0 days 00:00:00.149199,112,1.3195176616072741,1.561844963127714,0.008530421948635387,2,0.7840341353045336,4000,PRUNED
375,0.015212655998766422,2026-05-19 00:35:36.511866,2026-05-19 00:35:36.664546,0 days 00:00:00.152680,128,1.9508697996722484,2.007864649961798,0.007131336505083598,2,0.707973136915049,1000,PRUNED
376,0.0014663939364254475,2026-05-19 00:35:36.672646,2026-05-19 00:35:36.819691,0 days 00:00:00.147045,128,1.4892077494514084,1.0573819003987759,0.009914169517356736,2,0.6923388407503404,4000,PRUNED
377,0.0023474511690437794,2026-05-19 00:35:36.828062,2026-05-19 00:35:36.974372,0 days 00:00:00.146310,128,19.37019682690033,0.18458422512519862,0.0080703096607103,2,0.6405709808788478,5000,PRUNED
378,0.023982331156730652,2026-05-19 00:35:36.982293,2026-05-19 00:35:37.203750,0 days 00:00:00.221457,128,1.789342133001996,2.433474975244811,0.003393801463521226,5,0.7298647817657827,4000,PRUNED
379,0.0015115467831492424,2026-05-19 00:35:37.211386,2026-05-19 00:35:37.367953,0 days 00:00:00.156567,128,2.2986657876011023,1.7048665327386208,0.009972275946540602,2,0.6589223683502626,5000,PRUNED
380,0.0031871413812041283,2026-05-19 00:35:37.374302,2026-05-19 00:35:37.527273,0 days 00:00:00.152971,128,1.6700131681426145,1.4223002517257644,0.008793194710922301,2,0.5161928490292429,5000,PRUNED
381,0.013486976735293865,2026-05-19 00:35:37.533873,2026-05-19 00:35:37.691622,0 days 00:00:00.157749,48,2.039681092674404,1.8292721000428531,0.005570170189049896,2,0.7135269154738253,4000,PRUNED
382,0.025880686938762665,2026-05-19 00:35:37.698009,2026-05-19 00:35:37.880396,0 days 00:00:00.182387,128,1.9150734040387676,3.1564499559202193,0.0008865987276355111,3,0.6842539455491099,5000,PRUNED
383,0.012785516679286957,2026-05-19 00:35:37.887009,2026-05-19 00:35:38.042331,0 days 00:00:00.155322,128,1.5598150635260017,1.2173702950128755,0.007578173701890116,2,0.5017512926398484,4000,PRUNED
384,0.023267893120646477,2026-05-19 00:35:38.048706,2026-05-19 00:35:38.243383,0 days 00:00:00.194677,128,2.133333131583668,2.1064016726209913,0.006458138090046654,4,0.74027994134219,5000,PRUNED
385,0.007907739840447903,2026-05-19 00:35:38.249968,2026-05-19 00:35:38.406198,0 days 00:00:00.156230,128,1.3492340069912845,0.15393903412945473,0.00912127563869626,2,0.47485287566891254,5000,PRUNED
386,0.011188802309334278,2026-05-19 00:35:38.412482,2026-05-19 00:35:38.570911,0 days 00:00:00.158429,16,1.7682601431464358,1.4673491474729259,0.008386436821995883,2,0.42972947277118134,4000,PRUNED
387,0.012904844246804714,2026-05-19 00:35:38.577683,2026-05-19 00:35:38.734881,0 days 00:00:00.157198,112,2.3604247322434206,2.4362290091338674,0.009247947859579324,2,0.6694097164505226,4000,PRUNED
388,0.006455347873270512,2026-05-19 00:35:38.741325,2026-05-19 00:35:38.898508,0 days 00:00:00.157183,128,1.6400582117010718,0.08313229577043209,0.007163841023169615,2,0.8308212830451075,5000,PRUNED
389,0.008157048374414444,2026-05-19 00:35:38.904858,2026-05-19 00:35:39.060568,0 days 00:00:00.155710,128,1.887442105923485,1.746715137162905,0.008143041844138011,2,0.699297947519332,5000,PRUNED
390,0.0023324396461248398,2026-05-19 00:35:39.066663,2026-05-19 00:35:39.211442,0 days 00:00:00.144779,128,1.4572843932950272,0.595017856137429,0.009970972792947187,2,0.6839656222596895,4000,PRUNED
391,0.003937766887247562,2026-05-19 00:35:39.217745,2026-05-19 00:35:39.443533,0 days 00:00:00.225788,128,2.0630299620981654,0.34958497016428225,0.008731645350853558,5,0.40603024441071367,5000,PRUNED
392,0.0019661891274154186,2026-05-19 00:35:39.450218,2026-05-19 00:35:39.607104,0 days 00:00:00.156886,64,1.7413230006797193,0.11025651461772298,0.009250568330458253,2,0.5461302600301305,4000,PRUNED
393,0.011557252146303654,2026-05-19 00:35:39.613478,2026-05-19 00:35:39.762488,0 days 00:00:00.149010,128,1.8863365725245183,0.916316992732035,0.007580697301091247,2,0.7092573132796279,5000,PRUNED
394,7.30499523342587e-05,2026-05-19 00:35:39.769064,2026-05-19 00:35:40.086536,0 days 00:00:00.317472,128,1.5725431460154207,0.44404462055709004,0.008117026497408822,3,0.7239985132735336,5000,PRUNED
395,0.001174457254819572,2026-05-19 00:35:40.093057,2026-05-19 00:35:40.251162,0 days 00:00:00.158105,128,97.79473788125243,2.1892906803659953,0.009968958275390296,2,0.6219993976095914,5000,PRUNED
396,0.012213478796184063,2026-05-19 00:35:40.258003,2026-05-19 00:35:40.416281,0 days 00:00:00.158278,128,1.224439279464745,2.752655125998062,0.008871672455665993,2,0.5330871833228628,3000,PRUNED
397,0.005517164710909128,2026-05-19 00:35:40.423904,2026-05-19 00:35:40.578101,0 days 00:00:00.154197,96,2.5765626284463505,0.06239543685102717,0.004381749947326958,2,0.5696036682321365,4000,PRUNED
398,0.059954509139060974,2026-05-19 00:35:40.585745,2026-05-19 00:35:40.741723,0 days 00:00:00.155978,48,2.1694570793630397,0.0014132656268582276,0.0006133337486450784,2,0.7487031545034252,5000,PRUNED
399,0.001825281186029315,2026-05-19 00:35:40.749706,2026-05-19 00:35:40.903852,0 days 00:00:00.154146,128,1.692700254977742,1.1683321415911718,0.00998856493928489,2,0.6953756078244137,4000,PRUNED
400,0.013171259313821793,2026-05-19 00:35:40.911599,2026-05-19 00:35:41.063249,0 days 00:00:00.151650,32,1.420722116022016,1.3777140317018959,0.006474676205935545,2,0.44881020242520697,4000,PRUNED
401,0.004614788573235273,2026-05-19 00:35:41.070557,2026-05-19 00:35:41.231424,0 days 00:00:00.160867,128,1.8711243540700968,1.8418044121500468,0.00860768098053971,2,0.6640966099562726,5000,PRUNED
402,0.003525074338540435,2026-05-19 00:35:41.238721,2026-05-19 00:35:41.385981,0 days 00:00:00.147260,128,2.049572346253744,0.7328833841629998,0.0013301719447349229,2,0.4921385735467358,4000,PRUNED
403,0.012053964659571648,2026-05-19 00:35:41.392411,2026-05-19 00:35:41.538999,0 days 00:00:00.146588,128,1.6383352126249768,1.5565232148305446,0.007794624224946965,2,0.6471419491505652,5000,PRUNED
404,0.0012418122496455908,2026-05-19 00:35:41.545763,2026-05-19 00:35:41.695737,0 days 00:00:00.149974,128,2.3674847490038298,2.121200073098835,0.009121237953732044,2,0.5082907675928261,4000,PRUNED
405,0.020815813913941383,2026-05-19 00:35:41.702229,2026-05-19 00:35:41.851153,0 days 00:00:00.148924,128,1.788180494390421,2.891860695106848,0.007311093450452042,2,0.6769661847405849,5000,PRUNED
406,0.005768815521150827,2026-05-19 00:35:41.857311,2026-05-19 00:35:42.006175,0 days 00:00:00.148864,128,1.5173107934854202,1.0368290193043725,0.008366434189501327,2,0.766776741965056,5000,PRUNED
407,0.018490277230739594,2026-05-19 00:35:42.012671,2026-05-19 00:35:42.160380,0 days 00:00:00.147709,80,1.9709836712324111,3.750171295003938,0.009276797267674292,2,0.7321429750209251,5000,PRUNED
408,0.014089026488363743,2026-05-19 00:35:42.166934,2026-05-19 00:35:42.322975,0 days 00:00:00.156041,112,2.8302960091797686,1.772629659511638,0.007995821397233533,2,0.6031684636791106,4000,PRUNED
409,0.011246937327086926,2026-05-19 00:35:42.329930,2026-05-19 00:35:42.560355,0 days 00:00:00.230425,128,1.3681606488510265,1.305630951911193,0.006860413615036808,5,0.7157824212626808,4000,PRUNED
410,0.013633789494633675,2026-05-19 00:35:42.566998,2026-05-19 00:35:42.720816,0 days 00:00:00.153818,128,2.1422259569816977,5.8210892735737545,0.0091910934284342,2,0.46162383989468597,2000,PRUNED
411,0.007147361058741808,2026-05-19 00:35:42.727157,2026-05-19 00:35:42.876882,0 days 00:00:00.149725,128,1.7288639275891837,2.3721747483562097,0.00862145899346797,2,0.6942889218060597,5000,PRUNED
412,1.6141975720529445e-05,2026-05-19 00:35:42.883206,2026-05-19 00:35:45.357783,0 days 00:00:02.474577,128,1.554070443023111,1.8425249933754766,0.00937055807945783,2,0.6351934587359451,4000,COMPLETE
413,0.0174198430031538,2026-05-19 00:35:45.365449,2026-05-19 00:35:45.518086,0 days 00:00:00.152637,128,1.5123131444688518,2.146358807257487,0.00035885849322143124,2,0.612841486253787,4000,PRUNED
414,0.020858699455857277,2026-05-19 00:35:45.524171,2026-05-19 00:35:45.678058,0 days 00:00:00.153887,48,1.2461460571609992,1.6356699316187306,0.009273678055407075,2,0.5202946855071487,5000,PRUNED
415,0.00011447998258518055,2026-05-19 00:35:45.684395,2026-05-19 00:35:45.939629,0 days 00:00:00.255234,128,15.62757715171793,2.9522601275451255,0.009376681134259058,2,0.635809719208387,5000,PRUNED
416,5.8719408116303384e-05,2026-05-19 00:35:45.945879,2026-05-19 00:35:46.230022,0 days 00:00:00.284143,128,1.5776269237896936,1.9673635727695769,0.009974962452477669,2,0.6364013584304817,5000,PRUNED
417,0.03243314102292061,2026-05-19 00:35:46.236376,2026-05-19 00:35:46.385060,0 days 00:00:00.148684,128,1.1432804958180733,4.6140968177582575,0.00838540972205035,2,0.5869717788505445,4000,PRUNED
418,0.018869604915380478,2026-05-19 00:35:46.391867,2026-05-19 00:35:46.543679,0 days 00:00:00.151812,128,1.4164096745064698,2.4852038976640443,0.00789879789004272,2,0.6249785015468148,3000,PRUNED
419,0.05482690781354904,2026-05-19 00:35:46.550249,2026-05-19 00:35:46.707117,0 days 00:00:00.156868,32,1.658722521245561,1.537994441294161,0.00021452394069572934,2,0.6498538455459166,1000,PRUNED
420,0.003937653731554747,2026-05-19 00:35:46.713823,2026-05-19 00:35:46.861361,0 days 00:00:00.147538,128,1.8391222264170795,1.9432219504370263,0.008787557510081048,2,0.6275059397487384,5000,PRUNED
421,0.00641051447018981,2026-05-19 00:35:46.868172,2026-05-19 00:35:47.103222,0 days 00:00:00.235050,128,1.3256692654349607,0.2524596479304268,0.009286493348008209,6,0.47849779672658216,4000,PRUNED
422,5.827680433867499e-05,2026-05-19 00:35:47.110601,2026-05-19 00:35:47.364911,0 days 00:00:00.254310,128,1.5402694119159948,1.4417967802885008,0.009954539624498946,2,0.7409633071995181,5000,PRUNED
423,0.025711223483085632,2026-05-19 00:35:47.372254,2026-05-19 00:35:47.547054,0 days 00:00:00.174800,128,1.7538580588159929,2.3804658171834157,0.0019507000354874755,3,0.4963627079694331,4000,PRUNED
424,0.003034750232473016,2026-05-19 00:35:47.554800,2026-05-19 00:35:47.699744,0 days 00:00:00.144944,112,1.9074879249280299,0.09483639591701323,0.009987573843002391,2,0.5549532245048887,5000,PRUNED
425,0.0030051260255277157,2026-05-19 00:35:47.708155,2026-05-19 00:35:47.864407,0 days 00:00:00.156252,64,1.654023856560988,0.1347358236057749,0.008454700419106122,2,0.7237664618026733,4000,PRUNED
426,0.0018014413071796298,2026-05-19 00:35:47.873686,2026-05-19 00:35:48.017645,0 days 00:00:00.143959,128,1.5282243766960864,0.02333974377748569,0.0076641153494080285,2,0.3568585583874325,5000,PRUNED
427,0.004674578085541725,2026-05-19 00:35:48.025535,2026-05-19 00:35:48.179478,0 days 00:00:00.153943,128,1.822035814276626,1.7818362484505461,0.00859703845737289,2,0.7065168779717459,4000,PRUNED
428,0.001727928640320897,2026-05-19 00:35:48.187202,2026-05-19 00:35:48.358939,0 days 00:00:00.171737,128,2.001621130735995,1.2465864668423674,0.009206190608260728,2,0.797779415752125,5000,PRUNED
429,0.052531853318214417,2026-05-19 00:35:48.366666,2026-05-19 00:35:48.606994,0 days 00:00:00.240328,48,1.4346333005605976,7.432065375363302,0.0072397534346825285,4,0.6553016739131556,5000,PRUNED
430,0.01795022375881672,2026-05-19 00:35:48.613884,2026-05-19 00:35:48.802567,0 days 00:00:00.188683,128,1.6698853092600456,3.1094277218262514,0.008047118543647269,2,0.8182777249758936,3000,PRUNED
431,0.002442758297547698,2026-05-19 00:35:48.809961,2026-05-19 00:35:48.961256,0 days 00:00:00.151295,128,1.8296337846650448,2.09179731598507,0.009023237270327202,2,0.5363150577118108,4000,PRUNED
432,2.4438446416752413e-05,2026-05-19 00:35:48.967932,2026-05-19 00:35:50.427603,0 days 00:00:01.459671,128,2.029934431850784,1.6342534938741489,0.009268427853957335,2,0.6427884946452572,5000,PRUNED
433,0.005278525874018669,2026-05-19 00:35:50.434117,2026-05-19 00:35:50.580962,0 days 00:00:00.146845,128,1.3079540666202738,2.6476363123501985,0.009934550694306791,2,0.6114442607634394,4000,PRUNED
434,0.016386728733778,2026-05-19 00:35:50.587276,2026-05-19 00:35:50.736908,0 days 00:00:00.149632,16,1.619903409019801,1.797742652997416,0.007942890560519644,2,0.5189955787900773,5000,PRUNED
435,0.0068916636519134045,2026-05-19 00:35:50.743278,2026-05-19 00:35:50.891147,0 days 00:00:00.147869,128,1.0798771300759422,1.4263460329491504,0.008572041086782823,2,0.6844337185752652,4000,PRUNED
436,0.01828707940876484,2026-05-19 00:35:50.897292,2026-05-19 00:35:51.043461,0 days 00:00:00.146169,48,1.7492566234931235,2.081361116036953,0.00726038423529405,2,0.4865907015874887,5000,PRUNED
437,0.004258447326719761,2026-05-19 00:35:51.049611,2026-05-19 00:35:51.196354,0 days 00:00:00.146743,128,5.358696761049073,3.4180555557002386,0.008602419703343332,2,0.7142402575033887,5000,PRUNED
438,0.002200457965955138,2026-05-19 00:35:51.202694,2026-05-19 00:35:51.351380,0 days 00:00:00.148686,128,2.2701882695032283,1.1864868532819897,0.009199181050674559,2,0.5096416340170845,4000,PRUNED
439,0.01426288578659296,2026-05-19 00:35:51.357636,2026-05-19 00:35:51.504993,0 days 00:00:00.147357,128,1.9227530361844976,2.3122905420814717,0.007806038055418767,2,0.8809789062882203,4000,PRUNED
440,0.015784917399287224,2026-05-19 00:35:51.511973,2026-05-19 00:35:51.660246,0 days 00:00:00.148273,48,1.4932301972177011,1.5944539570004723,0.009973331358463186,2,0.8554675018828227,5000,PRUNED
441,0.0011796413455158472,2026-05-19 00:35:51.666668,2026-05-19 00:35:51.820156,0 days 00:00:00.153488,128,2.1031252800614144,1.8718218830178874,0.009964412214950646,2,0.7000988189837914,4000,PRUNED
442,0.0036790918093174696,2026-05-19 00:35:51.827019,2026-05-19 00:35:51.972200,0 days 00:00:00.145181,128,4.149179349885139,2.686539880177878,0.008658506183309253,2,0.6649919588622548,5000,PRUNED
443,0.0024191709235310555,2026-05-19 00:35:51.978382,2026-05-19 00:35:52.122648,0 days 00:00:00.144266,96,1.6598549266447646,0.3107442932959279,0.006951132954595626,2,0.7307173252979227,2000,PRUNED
444,0.008464779704809189,2026-05-19 00:35:52.129009,2026-05-19 00:35:52.277707,0 days 00:00:00.148698,128,1.7942847033624003,1.393837434816999,0.008084661300011836,2,0.30839593384665737,4000,PRUNED
445,0.002108438638970256,2026-05-19 00:35:52.284268,2026-05-19 00:35:52.432824,0 days 00:00:00.148556,128,1.4694789769064764,1.8371605667461914,0.009139646472667013,2,0.5964999774584441,5000,PRUNED
446,0.0021482822485268116,2026-05-19 00:35:52.440821,2026-05-19 00:35:52.588927,0 days 00:00:00.148106,112,1.931548031587067,0.12273899306736714,0.009997925940746354,2,0.7518371549008978,5000,PRUNED
447,0.008001263253390789,2026-05-19 00:35:52.596601,2026-05-19 00:35:52.745503,0 days 00:00:00.148902,128,1.387704215517207,2.1286193714651294,0.008659767403052248,2,0.4720276219706989,4000,PRUNED
448,0.012158481404185295,2026-05-19 00:35:52.753411,2026-05-19 00:35:52.898792,0 days 00:00:00.145381,128,1.614181807170538,1.131079304084873,0.007512845486340725,2,0.6284075997531098,5000,PRUNED
449,0.006752359215170145,2026-05-19 00:35:52.906010,2026-05-19 00:35:53.050086,0 days 00:00:00.144076,128,25.533151034327656,1.5553012259641166,0.009184790000584907,2,0.7748104465621826,5000,PRUNED
450,0.003613564884290099,2026-05-19 00:35:53.056804,2026-05-19 00:35:53.205100,0 days 00:00:00.148296,128,2.179449606707831,0.0714191963788668,0.008124811041936,2,0.5630182658423145,4000,PRUNED
451,0.001260046032257378,2026-05-19 00:35:53.211856,2026-05-19 00:35:53.362959,0 days 00:00:00.151103,128,1.8769091940533673,2.4641951652466654,0.009983034271213883,2,0.6887104184932434,5000,PRUNED
452,0.00020290823886170983,2026-05-19 00:35:53.369514,2026-05-19 00:35:53.692043,0 days 00:00:00.322529,128,1.7206232089408962,0.22265674975361172,0.00859245816793745,3,0.6710757780036161,4000,PRUNED
453,0.009506936185061932,2026-05-19 00:35:53.698391,2026-05-19 00:35:53.858516,0 days 00:00:00.160125,32,2.0175049226627073,1.3369751903872913,0.006189473501808667,2,0.705549013762308,5000,PRUNED
454,0.0024688399862498045,2026-05-19 00:35:53.864966,2026-05-19 00:35:54.009436,0 days 00:00:00.144470,128,1.2558930254176999,1.7365313973170382,0.009200455614124217,2,0.642900644543929,5000,PRUNED
455,0.011917085386812687,2026-05-19 00:35:54.016292,2026-05-19 00:35:54.173970,0 days 00:00:00.157678,128,6.979746791848637,4.025569828509192,0.00742762793590604,2,0.49992970188009894,4000,PRUNED
456,0.012686533853411674,2026-05-19 00:35:54.180623,2026-05-19 00:35:54.335033,0 days 00:00:00.154410,128,1.5346585389159253,2.0194407237616203,0.008018441026904547,2,0.5309682842688672,4000,PRUNED
457,0.018502410501241684,2026-05-19 00:35:54.341385,2026-05-19 00:35:54.494189,0 days 00:00:00.152804,48,2.4053001082462377,2.681081382299474,0.009242375982399095,2,0.7170138854182201,5000,PRUNED
458,0.008596091531217098,2026-05-19 00:35:54.500850,2026-05-19 00:35:54.659122,0 days 00:00:00.158272,112,7.84747929121311,1.0176635775275304,0.00841559298438085,2,0.6570437416969727,4000,PRUNED
459,0.012642943300306797,2026-05-19 00:35:54.665533,2026-05-19 00:35:54.815571,0 days 00:00:00.150038,128,1.783078777768188,1.5601126525074063,0.006664858294961596,2,0.8401190391019017,5000,PRUNED
460,0.0012284860713407397,2026-05-19 00:35:54.822076,2026-05-19 00:35:54.966453,0 days 00:00:00.144377,128,2.1315228242524613,2.2639123656511946,0.009208767829233308,2,0.6969333834894536,5000,PRUNED
461,0.011479041539132595,2026-05-19 00:35:54.972572,2026-05-19 00:35:55.119939,0 days 00:00:00.147367,128,1.5952244918967853,1.2838439760489355,0.007737609686457344,2,0.44176439956862973,4000,PRUNED
462,0.0025668868329375982,2026-05-19 00:35:55.126163,2026-05-19 00:35:55.272747,0 days 00:00:00.146584,64,1.9086963138238096,0.0976074166819213,0.008666710218717722,2,0.4639481476854915,5000,PRUNED
463,0.03381809964776039,2026-05-19 00:35:55.279176,2026-05-19 00:35:55.473007,0 days 00:00:00.193831,128,1.380180544143514,1.9370739457627018,0.009989643335533255,4,0.6797846605744283,5000,PRUNED
464,0.00015242602967191488,2026-05-19 00:35:55.479719,2026-05-19 00:35:55.749968,0 days 00:00:00.270249,128,1.674065646667916,0.17383726409789427,0.007175544519768607,2,0.8058134127154516,4000,PRUNED
465,0.002976268995553255,2026-05-19 00:35:55.757059,2026-05-19 00:35:55.932076,0 days 00:00:00.175017,128,2.018614959901534,2.9850731714398466,0.009252648993198258,2,0.6193591971096836,4000,PRUNED
466,0.01934167928993702,2026-05-19 00:35:55.939324,2026-05-19 00:35:56.128381,0 days 00:00:00.189057,32,1.151570133678385,1.6143176682972282,0.00828018616323327,2,0.7390998147338423,5000,PRUNED
467,0.0035866927355527878,2026-05-19 00:35:56.135657,2026-05-19 00:35:56.297113,0 days 00:00:00.161456,128,1.5161586680006134,2.3517366021505683,0.00919908001591885,2,0.6348414588742194,4000,PRUNED
468,0.0033068147022277117,2026-05-19 00:35:56.303845,2026-05-19 00:35:56.451971,0 days 00:00:00.148126,128,1.7659965723630935,0.05271385560041483,0.00783555647494538,2,0.5088017080517251,1000,PRUNED
469,0.005382458679378033,2026-05-19 00:35:56.459792,2026-05-19 00:35:56.643556,0 days 00:00:00.183764,112,1.7663195890452572,1.8297443714049269,0.009975124942754498,2,0.7202825347745438,3000,PRUNED
470,0.0019035579171031713,2026-05-19 00:35:56.652891,2026-05-19 00:35:56.806401,0 days 00:00:00.153510,128,2.1740323889369884,0.46614464407502965,0.008523564213736944,2,0.546486167873919,5000,PRUNED
471,0.012569521553814411,2026-05-19 00:35:56.814019,2026-05-19 00:35:56.960244,0 days 00:00:00.146225,128,1.92337116640366,1.4320910962659057,0.00693317034854184,2,0.48249933364865827,5000,PRUNED
472,0.03377092257142067,2026-05-19 00:35:56.967860,2026-05-19 00:35:57.208259,0 days 00:00:00.240399,128,1.434220794867318,0.3706823371912294,0.009094808127188233,6,0.690176308254973,5000,PRUNED
473,0.02755776047706604,2026-05-19 00:35:57.215521,2026-05-19 00:35:57.363370,0 days 00:00:00.147849,48,1.54962319866777,3.4131311205049517,0.009969646904406458,2,0.5199617778733514,4000,PRUNED
474,0.016227923333644867,2026-05-19 00:35:57.370010,2026-05-19 00:35:57.579173,0 days 00:00:00.209163,16,2.3474288555707568,1.1350663008803927,0.0010539295359165285,2,0.7626350737949448,4000,PRUNED
475,0.02307354100048542,2026-05-19 00:35:57.585907,2026-05-19 00:35:57.765534,0 days 00:00:00.179627,64,1.6523454911866393,2.1475431512879872,0.00843228874114069,2,0.5752392083331237,5000,PRUNED
476,0.0012364769354462624,2026-05-19 00:35:57.772816,2026-05-19 00:35:57.926447,0 days 00:00:00.153631,128,1.281022474376558,0.08144829831423768,0.007613948682688036,2,0.7071996635759791,4000,PRUNED
477,0.0012109362287446856,2026-05-19 00:35:57.932836,2026-05-19 00:35:58.081560,0 days 00:00:00.148724,128,1.8593226657410844,1.637266362763016,0.009146207840136325,2,0.7274029272478215,3000,PRUNED
478,0.007716371677815914,2026-05-19 00:35:58.088105,2026-05-19 00:35:58.236452,0 days 00:00:00.148347,128,1.9423167621016968,0.11568392809348364,0.008400983223268413,2,0.673936143322449,5000,PRUNED
479,0.014903689734637737,2026-05-19 00:35:58.242939,2026-05-19 00:35:58.390620,0 days 00:00:00.147681,128,2.125395274813939,2.6256968783390993,0.0007283918250105025,2,0.49434023217004486,5000,PRUNED
480,2.420720375084784e-05,2026-05-19 00:35:58.397258,2026-05-19 00:35:59.922384,0 days 00:00:01.525126,128,1.6827087896896864,1.3422257601781584,0.009278845509621452,2,0.6656600160569514,4000,PRUNED
481,0.009816479869186878,2026-05-19 00:35:59.929178,2026-05-19 00:36:00.079951,0 days 00:00:00.150773,112,1.3742073326954383,1.9052694584730243,0.009972632715505553,2,0.4267698815159038,2000,PRUNED
482,0.008900560438632965,2026-05-19 00:36:00.086483,2026-05-19 00:36:00.261614,0 days 00:00:00.175131,128,1.7957652038203253,1.0038513053521962,0.007708819675816264,3,0.8692146552280559,5000,PRUNED
483,0.009075049310922623,2026-05-19 00:36:00.268261,2026-05-19 00:36:00.417291,0 days 00:00:00.149030,80,2.568186638192064,2.2204191515090557,0.00864659329590801,2,0.7869105963680785,4000,PRUNED
484,0.0001854106958489865,2026-05-19 00:36:00.423506,2026-05-19 00:36:00.682026,0 days 00:00:00.258520,128,13.556004409435202,1.6052593468528946,0.007993897169946683,2,0.6512441749093657,5000,PRUNED
485,0.013828366994857788,2026-05-19 00:36:00.688468,2026-05-19 00:36:00.841595,0 days 00:00:00.153127,128,1.510073529191164,1.3177780741095702,0.007067493114374185,2,0.705776774197507,5000,PRUNED
486,0.01766904816031456,2026-05-19 00:36:00.847879,2026-05-19 00:36:00.995532,0 days 00:00:00.147653,128,2.0525599227765285,3.0060331650266763,0.0061073359329158125,2,0.6891794870581262,4000,PRUNED
487,0.001198301208205521,2026-05-19 00:36:01.001735,2026-05-19 00:36:01.148605,0 days 00:00:00.146870,128,2.245413660805153,1.8849897432937825,0.009158379287638095,2,0.7467380279843052,4000,PRUNED
488,0.005367557518184185,2026-05-19 00:36:01.154995,2026-05-19 00:36:01.311002,0 days 00:00:00.156007,128,1.6233129422601258,0.14642789988128088,0.008610531990783992,2,0.8245638575223945,5000,PRUNED
489,0.021143022924661636,2026-05-19 00:36:01.317408,2026-05-19 00:36:01.467495,0 days 00:00:00.150087,48,1.823292736011636,2.3975463808266273,0.0092629470629162,2,0.4556059358953912,5000,PRUNED
490,0.008183113299310207,2026-05-19 00:36:01.473899,2026-05-19 00:36:01.626351,0 days 00:00:00.152452,128,1.9288915059446556,0.8771473691438816,0.008030301447347224,2,0.5296603827545198,4000,PRUNED
491,0.050108131021261215,2026-05-19 00:36:01.632744,2026-05-19 00:36:01.830388,0 days 00:00:00.197644,128,1.6870304698422345,1.5734298363340922,0.009138539881970317,4,0.6106351897661281,5000,PRUNED
492,0.012968797236680984,2026-05-19 00:36:01.837607,2026-05-19 00:36:01.989978,0 days 00:00:00.152371,128,1.4594417024121882,1.184502614416709,0.007526592564214795,2,0.7001192684333583,5000,PRUNED
493,0.01880688965320587,2026-05-19 00:36:01.997562,2026-05-19 00:36:02.147078,0 days 00:00:00.149516,32,1.2158593855207804,1.9949563610462149,0.009954963610684856,2,0.7298677329615482,4000,PRUNED
494,0.009670941159129143,2026-05-19 00:36:02.154792,2026-05-19 00:36:02.306729,0 days 00:00:00.151937,128,1.5843553034510045,2.6160596307692283,0.008615705115876157,2,0.6332775290309379,5000,PRUNED
495,0.0014257569564506412,2026-05-19 00:36:02.314779,2026-05-19 00:36:02.464316,0 days 00:00:00.149537,128,2.001801057954567,1.6926464857880223,0.009987228134015464,2,0.6786290067013818,3000,PRUNED
496,0.010453611612319946,2026-05-19 00:36:02.471696,2026-05-19 00:36:02.620672,0 days 00:00:00.148976,128,2.3390206342842217,1.3649911865298876,0.006660941606443418,2,0.7154247414914529,4000,PRUNED
497,0.009794468991458416,2026-05-19 00:36:02.633260,2026-05-19 00:36:02.783656,0 days 00:00:00.150396,128,1.7822420514814,2.1700929686804096,0.008169922947133201,2,0.6567130479316262,2000,PRUNED
498,0.0018615644657984376,2026-05-19 00:36:02.790646,2026-05-19 00:36:02.943054,0 days 00:00:00.152408,128,1.0036478489950942,0.6337176739073012,0.009091204607310594,2,0.5088266804321564,4000,PRUNED
499,0.01120010670274496,2026-05-19 00:36:02.949554,2026-05-19 00:36:03.096918,0 days 00:00:00.147364,96,1.3394676878647285,1.8308157970451655,0.008538736835396212,2,0.6920572964594164,5000,PRUNED
500,0.008393166586756706,2026-05-19 00:36:03.103337,2026-05-19 00:36:03.308447,0 days 00:00:00.205110,128,2.1193778587312857,1.5185175654359395,0.007312797167616849,3,0.48611526118242043,4000,PRUNED
501,0.006592678837478161,2026-05-19 00:36:03.315171,2026-05-19 00:36:03.468270,0 days 00:00:00.153099,128,1.7469999748789575,0.029015646705084646,0.009979264413757696,2,0.619770268337007,5000,PRUNED
502,0.02180778607726097,2026-05-19 00:36:03.474656,2026-05-19 00:36:03.619972,0 days 00:00:00.145316,128,1.6107735515804877,3.2628093844502892,0.007920657030834924,2,0.6448558189005312,5000,PRUNED
503,0.00761862238869071,2026-05-19 00:36:03.626491,2026-05-19 00:36:03.777430,0 days 00:00:00.150939,64,1.874514327211821,1.080609683234129,0.0016967227021387212,2,0.5409441091813105,5000,PRUNED
504,0.020187167450785637,2026-05-19 00:36:03.783901,2026-05-19 00:36:03.931278,0 days 00:00:00.147377,128,1.440992515662659,2.332427092922734,0.002585377701486229,2,0.4704948149993316,5000,PRUNED
505,0.005963865201920271,2026-05-19 00:36:03.937453,2026-05-19 00:36:04.081389,0 days 00:00:00.143936,112,55.81025562508018,1.7376845453375338,0.009282091561378821,2,0.6734353672827168,4000,PRUNED
506,0.01599794253706932,2026-05-19 00:36:04.087848,2026-05-19 00:36:04.239673,0 days 00:00:00.151825,128,1.9819123468926259,2.7584268747592273,0.0030290933989910837,2,0.704400931967022,4000,PRUNED
507,0.007047286257147789,2026-05-19 00:36:04.246510,2026-05-19 00:36:04.395336,0 days 00:00:00.148826,128,1.58800411883723,0.10366132924333255,0.008681980801503222,2,0.5912581991053198,5000,PRUNED
508,0.001783612766303122,2026-05-19 00:36:04.401733,2026-05-19 00:36:04.550933,0 days 00:00:00.149200,128,2.1935853222655677,1.2954370329972429,0.009209935018170173,2,0.7195939192144357,4000,PRUNED
509,0.01715731993317604,2026-05-19 00:36:04.557826,2026-05-19 00:36:04.709241,0 days 00:00:00.151415,48,1.764397753983372,2.045672442140003,0.00999151039013302,2,0.49937804002489605,5000,PRUNED
510,0.003043021773919463,2026-05-19 00:36:04.716915,2026-05-19 00:36:04.885967,0 days 00:00:00.169052,128,1.9734622902038321,0.78558942530052,0.0005084486876979,2,0.8902627102099456,4000,PRUNED
511,0.0033734391909092665,2026-05-19 00:36:04.895105,2026-05-19 00:36:05.047433,0 days 00:00:00.152328,128,2.5279056007296687,0.06613166457826995,0.007424036885101811,2,0.5195358111882159,5000,PRUNED
512,0.012832153588533401,2026-05-19 00:36:05.056728,2026-05-19 00:36:05.226408,0 days 00:00:00.169680,16,1.7009357235203946,1.5543118936042994,0.008144624934290799,2,0.7565670399399208,4000,PRUNED
513,0.011207670904695988,2026-05-19 00:36:05.234667,2026-05-19 00:36:05.396637,0 days 00:00:00.161970,128,1.536120851911235,0.28880022020817725,0.006707459020577297,2,0.7318969525097353,5000,PRUNED
514,0.007554778829216957,2026-05-19 00:36:05.403084,2026-05-19 00:36:05.598797,0 days 00:00:00.195713,80,1.3210390466119064,0.5216685774336632,0.009997109956587223,4,0.4152219201129389,4000,PRUNED
515,0.00428745336830616,2026-05-19 00:36:05.605265,2026-05-19 00:36:05.757098,0 days 00:00:00.151833,128,1.8589115355799026,1.9206359072031394,0.008739213543831559,2,0.685442973478388,5000,PRUNED
516,0.012020524591207504,2026-05-19 00:36:05.763531,2026-05-19 00:36:05.942012,0 days 00:00:00.178481,128,2.2274432811249514,2.36845075281911,0.008044980816532933,3,0.666945167725751,5000,PRUNED
517,0.03123318776488304,2026-05-19 00:36:05.948578,2026-05-19 00:36:06.094681,0 days 00:00:00.146103,112,1.4731310089233594,3.6805579426369084,0.009003519256457182,2,0.7025404684821142,4000,PRUNED
518,0.0001307107595494017,2026-05-19 00:36:06.101310,2026-05-19 00:36:06.374335,0 days 00:00:00.273025,48,1.672460618765867,0.08667345027472248,0.009229262042919555,2,0.6358780511491925,5000,PRUNED
519,0.01074174977838993,2026-05-19 00:36:06.381633,2026-05-19 00:36:06.541713,0 days 00:00:00.160080,128,1.166850816376095,1.3767302301009674,0.005817492459731131,2,0.5597937124692222,4000,PRUNED
520,0.012435762211680412,2026-05-19 00:36:06.548356,2026-05-19 00:36:06.708522,0 days 00:00:00.160166,128,2.0393252161760804,1.019562228703369,0.007207697727137177,2,0.7400124671765975,5000,PRUNED
521,0.006169967353343964,2026-05-19 00:36:06.715254,2026-05-19 00:36:06.875364,0 days 00:00:00.160110,128,1.8168384305388197,1.8621968536466444,0.008396572541449772,2,0.6821405912622506,5000,PRUNED
522,0.019922759383916855,2026-05-19 00:36:06.881740,2026-05-19 00:36:07.036683,0 days 00:00:00.154943,32,1.596620080592201,2.841609609418102,0.00997606203227184,2,0.6575092328155782,4000,PRUNED
523,0.01114468090236187,2026-05-19 00:36:07.043220,2026-05-19 00:36:07.201911,0 days 00:00:00.158691,128,2.3533327304391984,1.550476770571907,0.007714449667178966,2,0.7185077992138508,4000,PRUNED
524,0.004840604029595852,2026-05-19 00:36:07.208680,2026-05-19 00:36:07.366331,0 days 00:00:00.157651,128,2.0063101951106335,2.188982048513299,0.008657117922823946,2,0.6947837028878437,5000,PRUNED
525,3.1099403713596985e-05,2026-05-19 00:36:07.372816,2026-05-19 00:36:08.462852,0 days 00:00:01.090036,128,1.7965210202782518,1.2294460458448018,0.009360613281315818,2,0.48551047695714133,1000,PRUNED
526,0.004705023020505905,2026-05-19 00:36:08.469705,2026-05-19 00:36:08.617845,0 days 00:00:00.148140,128,1.3589099998635483,0.13294385967090125,0.008102501252290013,2,0.7770193269783617,5000,PRUNED
527,0.006955910939723253,2026-05-19 00:36:08.624255,2026-05-19 00:36:08.783638,0 days 00:00:00.159383,128,1.4806810119904477,0.1772818863995871,0.009157782866713675,2,0.5086842779493796,5000,PRUNED
528,0.012640328146517277,2026-05-19 00:36:08.790308,2026-05-19 00:36:08.942682,0 days 00:00:00.152374,128,1.6826311614769824,1.8521522293394503,0.0004167291342185104,2,0.6223470094444741,4000,PRUNED
529,0.01962238736450672,2026-05-19 00:36:08.949330,2026-05-19 00:36:09.100174,0 days 00:00:00.150844,48,1.9030877532971213,2.457048536435075,0.006453337146514411,2,0.44715309611841064,5000,PRUNED
530,0.0014375402824953198,2026-05-19 00:36:09.107714,2026-05-19 00:36:09.256594,0 days 00:00:00.148880,128,2.0962482856418845,1.6090782566472412,0.009979882277627338,2,0.5270204241057832,4000,PRUNED
531,0.012944688089191914,2026-05-19 00:36:09.264523,2026-05-19 00:36:09.412148,0 days 00:00:00.147625,128,1.0931224684419267,0.9047117800504388,0.007430669519124322,2,0.6003938974625365,5000,PRUNED
532,0.0048953029327094555,2026-05-19 00:36:09.420009,2026-05-19 00:36:09.570040,0 days 00:00:00.150031,128,1.7190306777056288,1.1841739865340788,0.008494403070646247,2,0.39903828338083536,4000,PRUNED
533,0.0029678845312446356,2026-05-19 00:36:09.579099,2026-05-19 00:36:09.727457,0 days 00:00:00.148358,128,1.580576119595251,0.4250428489064665,0.009999219376386955,2,0.711093604476776,5000,PRUNED
534,0.0031250433530658484,2026-05-19 00:36:09.734383,2026-05-19 00:36:09.889464,0 days 00:00:00.155081,128,2.2479529925934028,2.126749289741125,0.008834060652444685,2,0.8473641541770889,3000,PRUNED
535,0.04174531251192093,2026-05-19 00:36:09.895773,2026-05-19 00:36:10.141418,0 days 00:00:00.245645,128,1.897937130698975,1.3931766008744069,0.007707378500507497,6,0.6455529681800511,4000,PRUNED
536,0.00358791695907712,2026-05-19 00:36:10.148130,2026-05-19 00:36:10.298962,0 days 00:00:00.150832,128,1.4978475893672725,0.21215376573853292,0.009115261232457714,2,0.6719534064191842,5000,PRUNED
537,0.009038607589900494,2026-05-19 00:36:10.305492,2026-05-19 00:36:10.457684,0 days 00:00:00.152192,128,2.6524672478356512,3.024261083118387,0.008190084089894028,2,0.6896872915232478,5000,PRUNED
538,0.01353912428021431,2026-05-19 00:36:10.464387,2026-05-19 00:36:10.615187,0 days 00:00:00.150800,128,2.081196346934765,1.7429088097608771,0.0072043012918247456,2,0.4737149005397162,4000,PRUNED
539,0.026733431965112686,2026-05-19 00:36:10.621534,2026-05-19 00:36:10.772893,0 days 00:00:00.151359,48,1.251004732051052,2.426919245946662,0.00909128024012412,2,0.5447969266979822,4000,PRUNED
540,0.023976251482963562,2026-05-19 00:36:10.779255,2026-05-19 00:36:10.928335,0 days 00:00:00.149080,112,1.7733097901797314,2.0827171309715684,0.008409716044314614,2,0.49741927908444267,5000,PRUNED
541,0.0027737722266465425,2026-05-19 00:36:10.934936,2026-05-19 00:36:11.112557,0 days 00:00:00.177621,128,6.124934853434667,1.509462512521561,0.00017149644574596237,3,0.659708995739082,4000,PRUNED
542,0.0017929606838151813,2026-05-19 00:36:11.119058,2026-05-19 00:36:11.271495,0 days 00:00:00.152437,128,1.4209198014442181,1.7862584037230207,0.00922184443776695,2,0.7283040338250257,5000,PRUNED
543,0.029174933210015297,2026-05-19 00:36:11.277878,2026-05-19 00:36:11.426903,0 days 00:00:00.149025,112,1.629451228014257,2.722835454569156,0.006872014528218995,2,0.7487133158749475,5000,PRUNED
544,0.031336721032857895,2026-05-19 00:36:11.433362,2026-05-19 00:36:11.590904,0 days 00:00:00.157542,64,1.8871705665750986,4.069800217635998,0.007956189615372998,2,0.6973158791767433,2000,PRUNED
545,0.05668361112475395,2026-05-19 00:36:11.597681,2026-05-19 00:36:11.756436,0 days 00:00:00.158755,32,2.4478576725760544,1.1529920693387803,0.00012351078374103864,2,0.6293684807325665,5000,PRUNED
546,0.015675676986575127,2026-05-19 00:36:11.764145,2026-05-19 00:36:11.923482,0 days 00:00:00.159337,128,2.026192486925008,2.058681458231457,0.00025751298638965284,2,0.7130143414549247,4000,PRUNED
547,2.4259499696199782e-05,2026-05-19 00:36:11.929787,2026-05-19 00:36:13.492096,0 days 00:00:01.562309,128,1.7196931117285865,1.4409811169541553,0.00919024614069866,2,0.6781267615410046,3000,PRUNED
548,0.0450613833963871,2026-05-19 00:36:13.499156,2026-05-19 00:36:13.657716,0 days 00:00:00.158560,128,37.35926482325738,0.04309255047745517,0.009959496440393985,2,0.5343949726357304,5000,PRUNED
549,0.00017958124226424843,2026-05-19 00:36:13.663939,2026-05-19 00:36:13.932508,0 days 00:00:00.268569,128,1.5236566608618378,0.10867287987133556,0.00839757208338805,2,0.7018477110747197,5000,PRUNED
550,0.006925014313310385,2026-05-19 00:36:13.938990,2026-05-19 00:36:14.086476,0 days 00:00:00.147486,128,1.8560614791801717,0.34829684966166585,0.007737577637587617,2,0.8130064419036539,4000,PRUNED
551,0.001398345804773271,2026-05-19 00:36:14.093020,2026-05-19 00:36:14.246734,0 days 00:00:00.153714,128,1.643109880752703,0.6639259952428247,0.00922582322931425,2,0.797026305353996,4000,PRUNED
552,0.02226751297712326,2026-05-19 00:36:14.253065,2026-05-19 00:36:14.454666,0 days 00:00:00.201601,48,2.1351844423290904,1.7459197562698472,0.00864495510319312,4,0.4614265130532348,5000,PRUNED
553,0.018481137230992317,2026-05-19 00:36:14.461189,2026-05-19 00:36:14.609542,0 days 00:00:00.148353,96,1.4372565932344064,2.3436167001123205,0.009996505621351461,2,0.7348234910835189,5000,PRUNED
554,0.012000683695077896,2026-05-19 00:36:14.617371,2026-05-19 00:36:14.768215,0 days 00:00:00.150844,128,2.9796714871188925,1.350065705539755,0.006982854372377611,2,0.5146829522233306,4000,PRUNED
555,0.005344559904187918,2026-05-19 00:36:14.777117,2026-05-19 00:36:14.940481,0 days 00:00:00.163364,128,1.9280482184677121,1.0047055158753828,0.00857327712595032,2,0.6120081978467314,5000,PRUNED
556,0.0019583117682486773,2026-05-19 00:36:14.950043,2026-05-19 00:36:15.116226,0 days 00:00:00.166183,128,2.247081765074625,3.3271412454730047,0.009986350359702705,2,0.6838172499532681,4000,PRUNED
557,0.02258460782468319,2026-05-19 00:36:15.124773,2026-05-19 00:36:15.273392,0 days 00:00:00.148619,16,1.275716819009959,1.9869358046272387,0.007802258884917452,2,0.7177126644207762,5000,PRUNED
558,1.665729723754339e-05,2026-05-19 00:36:15.280531,2026-05-19 00:36:17.871505,0 days 00:00:02.590974,128,1.6824073646573798,1.6611595739858676,0.009235566860666946,2,0.5785436054600228,4000,COMPLETE
559,0.004990560933947563,2026-05-19 00:36:17.879930,2026-05-19 00:36:18.050214,0 days 00:00:00.170284,128,1.5971296355054847,1.563543035788617,0.008567465483944903,2,0.6437663849945443,4000,PRUNED
560,0.0015192885184660554,2026-05-19 00:36:18.056872,2026-05-19 00:36:18.218718,0 days 00:00:00.161846,128,1.7163217041176013,0.7981859545956098,0.009150697005933382,2,0.5728932612827642,4000,PRUNED
561,0.03299025446176529,2026-05-19 00:36:18.224886,2026-05-19 00:36:18.373965,0 days 00:00:00.149079,128,1.442271776792651,5.050684405276593,0.008135467369987064,2,0.6062927082343829,4000,PRUNED
562,0.0013862049672752619,2026-05-19 00:36:18.380162,2026-05-19 00:36:18.554519,0 days 00:00:00.174357,128,1.5753665524414318,1.1844230165590297,0.009984252056211658,3,0.5651415998011983,4000,PRUNED
563,0.015872571617364883,2026-05-19 00:36:18.560867,2026-05-19 00:36:18.710367,0 days 00:00:00.149500,32,1.3348392968084926,1.63051056962799,0.006354917106739854,2,0.5809820410417558,4000,PRUNED
564,0.0025426759384572506,2026-05-19 00:36:18.716812,2026-05-19 00:36:18.869516,0 days 00:00:00.152704,128,1.7404099443929242,0.08135977692122695,0.007267864329076192,2,0.5464842349665251,4000,PRUNED
565,0.0017042176332324743,2026-05-19 00:36:18.876003,2026-05-19 00:36:19.020908,0 days 00:00:00.144905,128,1.810791292698362,1.3350460052570845,0.009061831353587417,2,0.6004267548291908,4000,PRUNED
566,0.024405524134635925,2026-05-19 00:36:19.027206,2026-05-19 00:36:19.175426,0 days 00:00:00.148220,48,1.4775540809064363,2.5945038300758374,0.007726846180425443,2,0.5974409072702579,4000,PRUNED
567,0.0018341719405725598,2026-05-19 00:36:19.182185,2026-05-19 00:36:19.335300,0 days 00:00:00.153115,128,1.6031478363238003,1.8883661728400247,0.009137010454251658,2,0.5605045253016242,4000,PRUNED
568,0.002692492213100195,2026-05-19 00:36:19.341850,2026-05-19 00:36:19.491970,0 days 00:00:00.150120,128,1.8331842790728012,0.15235285067368357,0.008507120035167966,2,0.4926742896733031,4000,PRUNED
569,0.0018094517290592194,2026-05-19 00:36:19.499085,2026-05-19 00:36:19.655206,0 days 00:00:00.156121,128,1.690551144797085,0.9472436047871212,0.009193299263084896,2,0.76491751252523,4000,PRUNED
570,0.008875110186636448,2026-05-19 00:36:19.661628,2026-05-19 00:36:19.810088,0 days 00:00:00.148460,128,1.9347664529014297,1.5021910635576872,0.008044743786776342,2,0.5867728578824944,4000,PRUNED
571,0.019973905757069588,2026-05-19 00:36:19.816536,2026-05-19 00:36:19.969010,0 days 00:00:00.152474,128,1.3994404155229783,2.2401991984332765,0.0012478384634890803,2,0.5198337328386866,4000,PRUNED
572,0.01929043047130108,2026-05-19 00:36:19.975270,2026-05-19 00:36:20.124148,0 days 00:00:00.148878,112,1.133814566815485,1.685955619641368,0.00919665768280133,2,0.5541751399416533,4000,PRUNED
573,0.0034901585895568132,2026-05-19 00:36:20.130560,2026-05-19 00:36:20.280931,0 days 00:00:00.150371,64,1.6385643785764104,0.5818862421193113,0.009996323613834608,2,0.576125224260468,4000,PRUNED
574,0.012446388602256775,2026-05-19 00:36:20.287758,2026-05-19 00:36:20.437804,0 days 00:00:00.150046,128,2.0173059947693712,1.1481203401011888,0.007139668443067846,2,0.6505721869373893,4000,PRUNED
575,0.025097111240029335,2026-05-19 00:36:20.445639,2026-05-19 00:36:20.593718,0 days 00:00:00.148079,48,1.539123199094706,2.731255767776119,0.008365150438295495,2,0.5892303967819225,4000,PRUNED
576,0.002117496682330966,2026-05-19 00:36:20.601178,2026-05-19 00:36:20.751678,0 days 00:00:00.150500,128,1.783501668786359,0.24426925765894517,0.007624090514031933,2,0.8600847914120917,4000,PRUNED
577,0.008335042744874954,2026-05-19 00:36:20.759332,2026-05-19 00:36:20.923736,0 days 00:00:00.164404,128,1.260910186388149,1.8967803090536308,0.008596133218754598,2,0.6214736873521537,4000,PRUNED
578,0.0012518205912783742,2026-05-19 00:36:20.932254,2026-05-19 00:36:21.167325,0 days 00:00:00.235071,128,1.882703867071036,0.09530749396796166,0.00940165761478697,4,0.5000898400052506,4000,PRUNED
579,0.018992599099874496,2026-05-19 00:36:21.174669,2026-05-19 00:36:21.352137,0 days 00:00:00.177468,80,1.7059615855832135,2.0840361005806,0.005417414611096299,3,0.4816056227184484,2000,PRUNED
580,0.013026314787566662,2026-05-19 00:36:21.359210,2026-05-19 00:36:21.512283,0 days 00:00:00.153073,128,1.385348410465169,1.338058751576954,0.006578036458381418,2,0.7458854948569369,4000,PRUNED
581,0.0016063154907897115,2026-05-19 00:36:21.518813,2026-05-19 00:36:21.667324,0 days 00:00:00.148511,128,1.5461716475550271,0.1258291992718388,0.00853115335938504,2,0.525414952376873,3000,PRUNED
582,0.002231653081253171,2026-05-19 00:36:21.673691,2026-05-19 00:36:21.829303,0 days 00:00:00.155612,128,2.046857144490433,0.056779309359334874,0.009279833334972341,2,0.8294910759428421,4000,PRUNED
583,0.012793202884495258,2026-05-19 00:36:21.836055,2026-05-19 00:36:21.986427,0 days 00:00:00.150372,128,1.8079726910907894,1.5842242735942023,0.007631886812652747,2,0.6375780743848735,5000,PRUNED
584,0.002566763199865818,2026-05-19 00:36:21.992762,2026-05-19 00:36:22.145216,0 days 00:00:00.152454,128,1.6540750131324928,2.3205989558295563,0.009224366842463859,2,0.5726105293254414,5000,PRUNED
585,0.012042089365422726,2026-05-19 00:36:22.151623,2026-05-19 00:36:22.303787,0 days 00:00:00.152164,128,2.0217502605982283,3.0096662255116753,0.008181449619599566,2,0.6620096135354944,4000,PRUNED
586,0.04753448814153671,2026-05-19 00:36:22.310176,2026-05-19 00:36:22.470008,0 days 00:00:00.159832,32,1.4877914891878012,0.00958652722890237,0.0015567503520492983,2,0.43804704729587407,3000,PRUNED
587,0.0031544803641736507,2026-05-19 00:36:22.477111,2026-05-19 00:36:22.636921,0 days 00:00:00.159810,128,1.8543910574765632,0.4421800264462337,0.009911998909209695,2,0.5068819663170107,5000,PRUNED
588,0.002422956982627511,2026-05-19 00:36:22.643464,2026-05-19 00:36:22.796758,0 days 00:00:00.153294,128,2.1672278155031424,1.067886132068474,0.009998184114121372,2,0.5383638333187267,5000,PRUNED
589,0.016341039910912514,2026-05-19 00:36:22.803241,2026-05-19 00:36:22.950126,0 days 00:00:00.146885,112,1.679644090664127,1.380402978332375,0.008602814596285707,2,0.4685333418376709,4000,PRUNED
590,0.01747855544090271,2026-05-19 00:36:22.956590,2026-05-19 00:36:23.109650,0 days 00:00:00.153060,128,1.35889765131934,1.782073426711254,0.007437357110896134,2,0.7249369600567716,5000,PRUNED
591,0.034872639924287796,2026-05-19 00:36:23.116236,2026-05-19 00:36:23.365615,0 days 00:00:00.249379,128,1.9375141494719865,2.2436319736130215,0.008764741251561793,6,0.5849444997429747,4000,PRUNED
592,5.915915608056821e-05,2026-05-19 00:36:23.371942,2026-05-19 00:36:23.630773,0 days 00:00:00.258831,128,1.5564469333078863,1.7780566642036995,0.009972055866755383,2,0.6102753598172078,5000,PRUNED
593,0.009900808334350586,2026-05-19 00:36:23.637272,2026-05-19 00:36:23.788627,0 days 00:00:00.151355,128,1.7585511797258815,1.2386094108601988,0.007899969855371078,2,0.4532215873675344,4000,PRUNED
594,0.002226883312687278,2026-05-19 00:36:23.795007,2026-05-19 00:36:23.943967,0 days 00:00:00.148960,48,1.2180934070353988,0.0715474741287012,0.006197789495254325,2,0.6326391785355939,5000,PRUNED
595,0.005783918313682079,2026-05-19 00:36:23.950430,2026-05-19 00:36:24.097949,0 days 00:00:00.147519,112,1.545682784324723,0.7948223765869906,0.009097277951054663,2,0.6746107204039845,4000,PRUNED
596,0.018103832378983498,2026-05-19 00:36:24.104802,2026-05-19 00:36:24.254799,0 days 00:00:00.149997,128,1.9661263357612329,2.5885972459883257,0.007132471319247419,2,0.7889192899851555,5000,PRUNED
597,0.018069062381982803,2026-05-19 00:36:24.262465,2026-05-19 00:36:24.412694,0 days 00:00:00.150229,128,1.7797809676361531,1.5015027188517565,0.00015541409447872133,2,0.7546999088651066,4000,PRUNED
598,0.004221868235617876,2026-05-19 00:36:24.421070,2026-05-19 00:36:24.570604,0 days 00:00:00.149534,128,2.2063247155791768,0.0022938726636399934,0.00820109071468271,2,0.6648117155856026,5000,PRUNED
599,5.912487904424779e-05,2026-05-19 00:36:24.578469,2026-05-19 00:36:24.839670,0 days 00:00:00.261201,128,1.6969729244405507,2.024255840466753,0.00998992119333145,2,0.7082477388251502,4000,PRUNED
600,0.015635879710316658,2026-05-19 00:36:24.847624,2026-05-19 00:36:24.993008,0 days 00:00:00.145384,128,1.4349311745511126,3.4020317891429976,0.008753007625002687,2,0.6445118272861352,5000,PRUNED
601,0.001355386688373983,2026-05-19 00:36:25.000848,2026-05-19 00:36:25.152610,0 days 00:00:00.151762,128,4.490261183303977,1.6882747026411429,0.009191452622604774,2,0.49143996050158517,4000,PRUNED
602,0.011312311515212059,2026-05-19 00:36:25.159533,2026-05-19 00:36:25.311266,0 days 00:00:00.151733,128,1.9057276511088943,2.1489692295054015,0.008003657308591264,2,0.7379413405911076,5000,PRUNED
603,0.00011748278484446928,2026-05-19 00:36:25.317778,2026-05-19 00:36:25.575821,0 days 00:00:00.258043,128,1.5969300914766065,0.5012385369125602,0.009201475948645869,2,0.4785500793601071,4000,PRUNED
604,0.007006411906331778,2026-05-19 00:36:25.583453,2026-05-19 00:36:25.741799,0 days 00:00:00.158346,48,2.0792264035501224,1.101711621205052,0.006797007026010597,2,0.6896471993897691,2000,PRUNED
605,0.004877426661550999,2026-05-19 00:36:25.749423,2026-05-19 00:36:25.905224,0 days 00:00:00.155801,32,2.380349589993519,0.28382355873366344,0.008430044882478796,2,0.5173050182105253,1000,PRUNED
606,0.01394645869731903,2026-05-19 00:36:25.911425,2026-05-19 00:36:26.057666,0 days 00:00:00.146241,128,1.3311889025375525,1.4613972958084205,0.007711819356137717,2,0.6217661937101068,5000,PRUNED
607,0.03455771133303642,2026-05-19 00:36:26.063828,2026-05-19 00:36:26.210420,0 days 00:00:00.146592,64,1.0496663041402832,2.6595401846212527,0.009236364340304223,2,0.8776535368761588,4000,PRUNED
608,0.0075149983167648315,2026-05-19 00:36:26.216689,2026-05-19 00:36:26.392582,0 days 00:00:00.175893,128,1.8130648590306702,1.9006466003357336,0.008551094652084036,3,0.655248111345816,5000,PRUNED
609,0.004514062311500311,2026-05-19 00:36:26.398836,2026-05-19 00:36:26.598377,0 days 00:00:00.199541,96,3.433084098910921,1.3424205184216786,0.009222689162703947,4,0.5322132663091786,4000,PRUNED
610,0.012328601442277431,2026-05-19 00:36:26.604889,2026-05-19 00:36:26.759790,0 days 00:00:00.154901,128,1.6601797383873054,0.9501869855300396,0.007271925394957009,2,0.7239413699711134,5000,PRUNED
611,0.00019109342247247696,2026-05-19 00:36:26.766043,2026-05-19 00:36:27.023985,0 days 00:00:00.257942,128,1.540660077227608,0.11387843285200244,0.008128574621829233,2,0.7096821986960881,4000,PRUNED
612,5.8653073210734874e-05,2026-05-19 00:36:27.030343,2026-05-19 00:36:27.288042,0 days 00:00:00.257699,128,1.9772307424707942,2.227162267566539,0.009954235395763138,2,0.8393438020986654,5000,PRUNED
613,0.00015382222773041576,2026-05-19 00:36:27.294986,2026-05-19 00:36:27.552979,0 days 00:00:00.257993,128,1.8081577963189928,0.35919071549566506,0.008716333194260623,2,0.5053568245887545,4000,PRUNED
614,0.016797063872218132,2026-05-19 00:36:27.559882,2026-05-19 00:36:27.711911,0 days 00:00:00.152029,16,1.4489039951259504,1.6540904204148856,0.00776591107089392,2,0.5505743122564685,4000,PRUNED
615,0.00245225359685719,2026-05-19 00:36:27.718394,2026-05-19 00:36:27.870044,0 days 00:00:00.151650,128,2.1604894041640925,3.0031355425423114,0.00924853610448266,2,0.6962767100199039,5000,PRUNED
616,0.016425250098109245,2026-05-19 00:36:27.876375,2026-05-19 00:36:28.025743,0 days 00:00:00.149368,128,1.6737783411047436,1.8356627574450508,0.0020184863676374616,2,0.5679900843800508,5000,PRUNED
617,0.006812960375100374,2026-05-19 00:36:28.032042,2026-05-19 00:36:28.184421,0 days 00:00:00.152379,128,82.26370874990019,1.188721259380363,0.005987002889635559,2,0.681757203773754,4000,PRUNED
618,0.0023808449041098356,2026-05-19 00:36:28.190919,2026-05-19 00:36:28.343687,0 days 00:00:00.152768,128,1.906931253643274,0.6964716793106889,0.009989862568073661,2,0.7630707765866839,5000,PRUNED
619,0.01794838346540928,2026-05-19 00:36:28.350009,2026-05-19 00:36:28.506575,0 days 00:00:00.156566,80,1.7457654782020422,2.447295183715764,0.008525678198415605,2,0.7301830771096571,5000,PRUNED
620,0.011458484455943108,2026-05-19 00:36:28.512992,2026-05-19 00:36:28.678867,0 days 00:00:00.165875,128,16.857422113070317,3.9540513434700273,0.006829839919573661,2,0.6319039090488536,4000,PRUNED
621,0.003950853366404772,2026-05-19 00:36:28.685567,2026-05-19 00:36:28.833991,0 days 00:00:00.148424,112,1.5384365694883864,0.19190360882337923,0.009281543788178536,2,0.6507603520138271,5000,PRUNED
622,0.017480768263339996,2026-05-19 00:36:28.840477,2026-05-19 00:36:28.995961,0 days 00:00:00.155484,48,1.3263576697599775,1.4981641199398978,0.007625101930263778,2,0.4257518676734823,4000,PRUNED
623,0.001367600867524743,2026-05-19 00:36:29.002357,2026-05-19 00:36:29.154271,0 days 00:00:00.151914,128,2.2751096713678343,1.9463806727118647,0.00998395885025978,2,0.6698932332121482,5000,PRUNED
624,0.0027305802796036005,2026-05-19 00:36:29.160786,2026-05-19 00:36:29.312631,0 days 00:00:00.151845,128,2.0204688786614655,0.08922089976853977,0.008483283994897731,2,0.7004059667199973,3000,PRUNED
625,0.002047437708824873,2026-05-19 00:36:29.319303,2026-05-19 00:36:29.471542,0 days 00:00:00.152239,128,1.6613342809100895,1.6076922289041284,0.009002414962371886,2,0.5944971866117982,4000,PRUNED
626,0.0012217877665534616,2026-05-19 00:36:29.478857,2026-05-19 00:36:29.636052,0 days 00:00:00.157195,128,1.859858898778271,2.389418251896888,0.009995417044190054,2,0.714224546493235,5000,PRUNED
627,0.01143935788422823,2026-05-19 00:36:29.644313,2026-05-19 00:36:29.799442,0 days 00:00:00.155129,128,1.1847313407043762,1.3326475818835968,0.003504169021953875,2,0.48646771638949265,4000,PRUNED
628,0.013123033568263054,2026-05-19 00:36:29.807632,2026-05-19 00:36:29.955732,0 days 00:00:00.148100,128,1.4943191707424337,2.049360650854973,0.008023411200653665,2,0.7443326212317413,5000,PRUNED
629,0.005028086714446545,2026-05-19 00:36:29.963550,2026-05-19 00:36:30.109090,0 days 00:00:00.145540,128,2.0720351755667257,0.14929262855772776,0.0071737518835269486,2,0.5126445998403037,4000,PRUNED
630,0.03016718290746212,2026-05-19 00:36:30.117110,2026-05-19 00:36:30.273887,0 days 00:00:00.156777,112,1.7230431490775093,2.8153151767962266,0.008513376994631018,2,0.7744550181431973,5000,PRUNED
631,0.0013878803001716733,2026-05-19 00:36:30.281163,2026-05-19 00:36:30.431268,0 days 00:00:00.150105,128,2.3835865592163774,0.8782271608019463,0.009194571037287467,2,0.6846222300110357,4000,PRUNED
632,0.033922746777534485,2026-05-19 00:36:30.437411,2026-05-19 00:36:30.641028,0 days 00:00:00.203617,64,1.4064228448139453,1.7316552830229062,0.007941692988593395,4,0.8036313414221147,5000,PRUNED
633,0.020016048103570938,2026-05-19 00:36:30.647798,2026-05-19 00:36:30.827973,0 days 00:00:00.180175,48,1.8492873398820189,1.2540152145801071,0.009981405367763797,3,0.5361981575475329,4000,PRUNED
634,0.006188949104398489,2026-05-19 00:36:30.834522,2026-05-19 00:36:30.993926,0 days 00:00:00.159404,128,1.6358000937967712,2.1857240029733456,0.00868438333355262,2,0.6057672803311094,3000,PRUNED
635,0.029076511040329933,2026-05-19 00:36:31.000455,2026-05-19 00:36:31.161277,0 days 00:00:00.160822,32,2.110691456371657,1.4562522714110004,0.0009433553979483551,2,0.6623835736102713,5000,PRUNED
636,1.6866037185536698e-05,2026-05-19 00:36:31.168001,2026-05-19 00:36:33.677160,0 days 00:00:02.509159,128,1.9260199962271862,1.7899601825461506,0.009232603825697573,2,0.6188876728334535,5000,COMPLETE
637,0.010946767404675484,2026-05-19 00:36:33.685402,2026-05-19 00:36:33.850157,0 days 00:00:00.164755,128,1.799574880971295,1.1606324030386317,0.006713188880128138,2,0.6182344716539815,1000,PRUNED
638,0.0014717918820679188,2026-05-19 00:36:33.856829,2026-05-19 00:36:34.004874,0 days 00:00:00.148045,128,1.5642849131608116,1.6624343448337813,0.009133247037754031,2,0.6448189568862466,4000,PRUNED
639,0.004312687087804079,2026-05-19 00:36:34.011229,2026-05-19 00:36:34.167539,0 days 00:00:00.156310,128,11.26657525387745,0.554855783291914,0.007457622205640446,2,0.6166788405321546,5000,PRUNED
640,0.007933245971798897,2026-05-19 00:36:34.174404,2026-05-19 00:36:34.334959,0 days 00:00:00.160555,128,1.9021972049176206,1.0064471034113647,0.008161381454999207,2,0.6256983599683552,4000,PRUNED
641,0.017733503133058548,2026-05-19 00:36:34.341905,2026-05-19 00:36:34.490053,0 days 00:00:00.148148,128,1.2988269032924469,1.8434918266395326,0.0022645700985851414,2,0.6077031919089313,5000,PRUNED
642,0.04775805398821831,2026-05-19 00:36:34.496373,2026-05-19 00:36:34.746523,0 days 00:00:00.250150,128,1.459625167199329,1.3617424304584316,0.00921794685414441,6,0.6342118953325493,5000,PRUNED
643,0.008472436107695103,2026-05-19 00:36:34.752870,2026-05-19 00:36:34.910731,0 days 00:00:00.157861,128,1.6680033541099648,0.10418989276339372,0.008610533301951282,2,0.6206193043825184,4000,PRUNED
644,0.0014622288290411234,2026-05-19 00:36:34.916964,2026-05-19 00:36:35.074160,0 days 00:00:00.157196,128,1.9603018245957817,1.5203750898406112,0.009992850194044065,2,0.5803139700424608,4000,PRUNED
645,0.014367606490850449,2026-05-19 00:36:35.080621,2026-05-19 00:36:35.240377,0 days 00:00:00.159756,128,1.7440977638780413,2.013324924441978,0.007743078036685448,2,0.6398454222745757,5000,PRUNED
646,0.004206566605716944,2026-05-19 00:36:35.247174,2026-05-19 00:36:35.406373,0 days 00:00:00.159199,128,1.5627256514423837,2.5365997400369067,0.009175728940953429,2,0.6308998852582866,4000,PRUNED
647,0.00135855155531317,2026-05-19 00:36:35.413380,2026-05-19 00:36:35.571050,0 days 00:00:00.157670,128,1.4094581657036178,1.1245878650809602,0.00998066677208016,2,0.6000637142180603,5000,PRUNED
648,0.019469067454338074,2026-05-19 00:36:35.578597,2026-05-19 00:36:35.733401,0 days 00:00:00.154804,112,1.792983231161596,1.65818462620844,0.008409375774769261,2,0.4990774717076266,5000,PRUNED
649,0.01686839945614338,2026-05-19 00:36:35.741858,2026-05-19 00:36:35.892189,0 days 00:00:00.150331,48,1.9436770805423982,2.048937124973809,0.0050190304561224235,2,0.6189716620601087,4000,PRUNED
650,0.003438402898609638,2026-05-19 00:36:35.900075,2026-05-19 00:36:36.046176,0 days 00:00:00.146101,128,1.5775646154371485,0.07117545289842578,0.006914672471532868,2,0.47299141352950513,5000,PRUNED
651,0.015890546143054962,2026-05-19 00:36:36.054631,2026-05-19 00:36:36.213948,0 days 00:00:00.159317,32,1.1878312630929408,1.3747702719244275,0.009136371220105851,2,0.385098006982306,2000,PRUNED
652,0.01817810907959938,2026-05-19 00:36:36.221017,2026-05-19 00:36:36.371899,0 days 00:00:00.150882,128,1.7047009963714317,3.061420114655123,0.007988112818455706,2,0.5255420464370468,4000,PRUNED
653,0.0044504133984446526,2026-05-19 00:36:36.379674,2026-05-19 00:36:36.528172,0 days 00:00:00.148498,128,2.1088869518218503,0.029571700989539797,0.008612653936568156,2,0.4592945747139281,4000,PRUNED
654,0.0012112591648474336,2026-05-19 00:36:36.534543,2026-05-19 00:36:36.686775,0 days 00:00:00.152232,128,1.9028269752045437,1.7769313154838304,0.009997607238749312,2,0.6072366673280074,5000,PRUNED
655,0.0290660560131073,2026-05-19 00:36:36.693248,2026-05-19 00:36:36.844623,0 days 00:00:00.151375,128,1.001274417845974,2.37532393045573,0.00746343337514649,2,0.6385766698266374,4000,PRUNED
656,0.014887403696775436,2026-05-19 00:36:36.851296,2026-05-19 00:36:36.999895,0 days 00:00:00.148599,16,1.4749645310380406,1.547592253288731,0.009170373074437885,2,0.5942604696399809,5000,PRUNED
657,0.004034919664263725,2026-05-19 00:36:37.007626,2026-05-19 00:36:37.157284,0 days 00:00:00.149658,96,1.6566949350267874,0.813397753019461,0.006169831776775285,2,0.5567655175740781,5000,PRUNED
658,0.00017129391198977828,2026-05-19 00:36:37.164238,2026-05-19 00:36:37.429201,0 days 00:00:00.264963,128,1.7616846880699046,0.12532677219655308,0.008260653491065865,2,0.3355733543483,4000,PRUNED
659,0.0013709223130717874,2026-05-19 00:36:37.436661,2026-05-19 00:36:37.615471,0 days 00:00:00.178810,48,10.212050185317617,0.9893415937117722,0.009220877008973024,3,0.6519643519915137,5000,PRUNED
660,0.019148537889122963,2026-05-19 00:36:37.621962,2026-05-19 00:36:37.777288,0 days 00:00:00.155326,128,1.3255094719987712,1.9543349962498124,0.007253660003914762,2,0.508707608461876,4000,PRUNED
661,0.004663801286369562,2026-05-19 00:36:37.783834,2026-05-19 00:36:37.943769,0 days 00:00:00.159935,128,2.045162640543851,1.1605334018909688,0.008578023248211745,2,0.8147993019413932,5000,PRUNED
662,0.008551341481506824,2026-05-19 00:36:37.950490,2026-05-19 00:36:38.108438,0 days 00:00:00.157948,128,1.558154463007296,3.429977696299716,0.009238233659033394,2,0.8507996051749561,4000,PRUNED
663,0.006067839916795492,2026-05-19 00:36:38.115297,2026-05-19 00:36:38.273043,0 days 00:00:00.157746,128,1.8500932733756446,0.434716130473325,0.007965754115976866,2,0.6286550927972027,5000,PRUNED
664,0.0014482242986559868,2026-05-19 00:36:38.279685,2026-05-19 00:36:38.434916,0 days 00:00:00.155231,128,5.075398502366187,2.44437180656996,0.009297306571068465,2,0.4876524871800586,4000,PRUNED
665,0.004826697520911694,2026-05-19 00:36:38.441639,2026-05-19 00:36:38.595110,0 days 00:00:00.153471,128,2.2537542962636055,1.3951309031383503,0.00850016630348845,2,0.5217520067218815,4000,PRUNED
666,0.015859197825193405,2026-05-19 00:36:38.601527,2026-05-19 00:36:38.757364,0 days 00:00:00.155837,48,1.6594884212385865,1.7666146385729558,0.009956409055183605,2,0.6531187382556641,5000,PRUNED
667,0.0021764629054814577,2026-05-19 00:36:38.764204,2026-05-19 00:36:38.916837,0 days 00:00:00.152633,128,1.43491466334637,2.2140846511368095,0.009992533395018505,2,0.7375297036478151,5000,PRUNED
668,0.012017331086099148,2026-05-19 00:36:38.923489,2026-05-19 00:36:39.070699,0 days 00:00:00.147210,128,1.9521998393684297,1.5901145255702274,0.0076775667348562065,2,0.5428513830686891,3000,PRUNED
669,0.04388761892914772,2026-05-19 00:36:39.076958,2026-05-19 00:36:39.300065,0 days 00:00:00.223107,128,1.7740177179064684,2.7151279012384646,0.00861839043811554,5,0.6125899033838719,2000,PRUNED
670,0.0067715453915297985,2026-05-19 00:36:39.306783,2026-05-19 00:36:39.469577,0 days 00:00:00.162794,112,1.5925196831713997,0.0010826366524859514,0.00682923397705515,2,0.5843124911011669,4000,PRUNED
671,0.00568316550925374,2026-05-19 00:36:39.476976,2026-05-19 00:36:39.630390,0 days 00:00:00.153414,128,2.1380628063352534,0.6424573955438667,0.005743658778761765,2,0.7255914744503571,5000,PRUNED
672,0.006615581456571817,2026-05-19 00:36:39.638320,2026-05-19 00:36:39.791780,0 days 00:00:00.153460,128,1.2583679860861308,0.32724407615558904,0.007927617910385812,2,0.7534492606481961,4000,PRUNED
673,0.0017609873320907354,2026-05-19 00:36:39.799870,2026-05-19 00:36:39.948652,0 days 00:00:00.148782,128,1.8275115448732653,1.2769919287154405,0.009126454011255872,2,0.44731199375878067,5000,PRUNED
674,0.007331399712711573,2026-05-19 00:36:39.956815,2026-05-19 00:36:40.106667,0 days 00:00:00.149852,128,1.4958865008019875,2.0289873772901523,0.008569899802741658,2,0.5020719379040599,4000,PRUNED
675,2.3980033802217804e-05,2026-05-19 00:36:40.113912,2026-05-19 00:36:41.626857,0 days 00:00:01.512945,128,1.9813677578183888,1.7253035255420104,0.009237879725068622,2,0.6319341493225838,5000,PRUNED
676,0.0034586077090352774,2026-05-19 00:36:41.634841,2026-05-19 00:36:41.809315,0 days 00:00:00.174474,112,2.5949590864865884,0.006595818667046734,0.007411989973252524,3,0.5682446864315652,4000,PRUNED
677,0.0014574294909834862,2026-05-19 00:36:41.816545,2026-05-19 00:36:41.964882,0 days 00:00:00.148337,128,1.67805232149826,1.4308247646284766,0.009996331526113242,2,0.6723528298161595,5000,PRUNED
678,0.005113930441439152,2026-05-19 00:36:41.972260,2026-05-19 00:36:42.123672,0 days 00:00:00.151412,128,1.391492741361186,0.08860130250146939,0.008192950178736842,2,0.6450911686730587,4000,PRUNED
679,0.03331732377409935,2026-05-19 00:36:42.130016,2026-05-19 00:36:42.334158,0 days 00:00:00.204142,128,1.0919552717797985,1.9760854817981206,0.0066064730683749176,4,0.47513060156552994,5000,PRUNED
680,0.02593781240284443,2026-05-19 00:36:42.340629,2026-05-19 00:36:42.494215,0 days 00:00:00.153586,32,2.210681337677739,1.06296809559573,0.000809095479892508,2,0.8284150685074477,5000,PRUNED
681,0.002750794170424342,2026-05-19 00:36:42.500938,2026-05-19 00:36:42.653043,0 days 00:00:00.152105,48,1.8284557561230974,0.17321796057182964,0.0090583124136141,2,0.6638900051099923,4000,PRUNED
682,0.04166354984045029,2026-05-19 00:36:42.659692,2026-05-19 00:36:42.820933,0 days 00:00:00.161241,128,1.6096053852259875,7.261889654777989,0.008104467546780278,2,0.7128091830009782,5000,PRUNED
683,0.010009354911744595,2026-05-19 00:36:42.827955,2026-05-19 00:36:42.985477,0 days 00:00:00.157522,80,2.0153922790981724,2.365298429464451,0.009211036874479817,2,0.8704922539855315,4000,PRUNED
684,0.02061048522591591,2026-05-19 00:36:42.992264,2026-05-19 00:36:43.234995,0 days 00:00:00.242731,64,1.5216553296820547,1.5476344246657094,0.007168784247211262,6,0.4969824759409503,3000,PRUNED
685,0.0035908129066228867,2026-05-19 00:36:43.241381,2026-05-19 00:36:43.395841,0 days 00:00:00.154460,128,1.8151407161756776,3.200318663695495,0.009995817004125643,2,0.6230362045527041,5000,PRUNED
686,0.004139534197747707,2026-05-19 00:36:43.402347,2026-05-19 00:36:43.562434,0 days 00:00:00.160087,128,1.6943559352892996,1.2504463582470173,0.008616320753215684,2,0.5329365186080094,4000,PRUNED
687,0.010997538454830647,2026-05-19 00:36:43.569376,2026-05-19 00:36:43.732914,0 days 00:00:00.163538,128,2.3256476789273686,1.8480575331867923,0.007797720765694754,2,0.7906456011547716,5000,PRUNED
688,0.02053990587592125,2026-05-19 00:36:43.739590,2026-05-19 00:36:43.903609,0 days 00:00:00.164019,128,1.9817647334448838,2.620848565195237,0.00024304986615923026,2,0.6968591338027945,4000,PRUNED
689,0.0016158177750185132,2026-05-19 00:36:43.910446,2026-05-19 00:36:44.057290,0 days 00:00:00.146844,128,1.369488684971264,0.06195972312300083,0.008804514473767084,2,0.7676412606729728,1000,PRUNED
690,0.0016531553119421005,2026-05-19 00:36:44.064910,2026-05-19 00:36:44.214974,0 days 00:00:00.150064,128,1.7241237816798625,0.01344460603913351,0.0093074206627792,2,0.4110128273631511,5000,PRUNED
691,0.011778399348258972,2026-05-19 00:36:44.222935,2026-05-19 00:36:44.371262,0 days 00:00:00.148327,128,1.541982798323082,0.8909820159319943,0.0074724834752459435,2,0.7218103667077707,4000,PRUNED
692,0.04408225044608116,2026-05-19 00:36:44.379006,2026-05-19 00:36:44.599266,0 days 00:00:00.220260,128,1.900468065007504,2.174311301213987,0.00837026875107898,5,0.6042422413312972,5000,PRUNED
693,0.009008873254060745,2026-05-19 00:36:44.607199,2026-05-19 00:36:44.759490,0 days 00:00:00.152291,16,2.121475380426717,1.5136877528882149,0.009064789992338186,2,0.48963199585711276,4000,PRUNED
694,0.002338987309485674,2026-05-19 00:36:44.765893,2026-05-19 00:36:44.916909,0 days 00:00:00.151016,128,1.236226083924736,1.776274591798829,0.00930225649499067,2,0.5129961202205795,5000,PRUNED
695,0.007242873311042786,2026-05-19 00:36:44.923436,2026-05-19 00:36:45.075612,0 days 00:00:00.152176,128,1.6302149571315716,1.2209279414220866,0.0005791353151054891,2,0.46568931348928677,4000,PRUNED
696,9.312519250670448e-05,2026-05-19 00:36:45.081855,2026-05-19 00:36:45.386721,0 days 00:00:00.304866,32,1.8065707101657922,0.10378218234359407,0.00997369529192726,3,0.742735440354074,5000,PRUNED
697,0.0020177506376057863,2026-05-19 00:36:45.393434,2026-05-19 00:36:45.544570,0 days 00:00:00.151136,48,23.04213792968065,0.39212379327521424,0.008035298085468767,2,0.6403378676013655,4000,PRUNED
698,0.02061787247657776,2026-05-19 00:36:45.551001,2026-05-19 00:36:45.701731,0 days 00:00:00.150730,128,1.3883485701305711,2.1913459631014263,0.006478946015963558,2,0.6772521740088865,5000,PRUNED
699,0.0027606359217315912,2026-05-19 00:36:45.708234,2026-05-19 00:36:45.865466,0 days 00:00:00.157232,64,2.4049435422622882,0.03871537754212271,0.008524303474610705,2,0.6574682413249759,4000,PRUNED
700,0.0011418034555390477,2026-05-19 00:36:45.871817,2026-05-19 00:36:46.071908,0 days 00:00:00.200091,128,1.9716007777334938,0.2283255649367227,0.009996527071780923,4,0.5913380857610444,5000,PRUNED
701,0.008455794304609299,2026-05-19 00:36:46.078095,2026-05-19 00:36:46.231856,0 days 00:00:00.153761,112,1.493652183905081,0.004671252021769906,0.0072821772345573015,2,0.7096887212737164,4000,PRUNED
702,0.00013864334323443472,2026-05-19 00:36:46.238402,2026-05-19 00:36:46.505319,0 days 00:00:00.266917,128,1.6994886303406822,0.13019890881309484,0.00865894065519362,2,0.4366170147871187,3000,PRUNED
703,0.00012925830378662795,2026-05-19 00:36:46.512138,2026-05-19 00:36:46.808093,0 days 00:00:00.295955,128,2.137656643148008,0.5345559338376668,0.009305619155640646,2,0.5517514214603347,4000,PRUNED
704,0.01717245578765869,2026-05-19 00:36:46.815263,2026-05-19 00:36:46.973539,0 days 00:00:00.158276,128,1.8132860587417268,2.749593854089928,0.007838151360109704,2,0.6912580733936674,5000,PRUNED
705,0.010528851300477982,2026-05-19 00:36:46.980231,2026-05-19 00:36:47.137203,0 days 00:00:00.156972,128,1.6070210013073145,4.352489116931287,0.009999765958944827,2,0.4814889077418188,5000,PRUNED
706,0.004705348983407021,2026-05-19 00:36:47.144844,2026-05-19 00:36:47.308412,0 days 00:00:00.163568,128,1.9048029139143017,1.712057811083863,0.008555438713119048,2,0.5769829990682624,4000,PRUNED
707,0.002380204852670431,2026-05-19 00:36:47.315006,2026-05-19 00:36:47.466440,0 days 00:00:00.151434,128,1.4461543086788213,0.7442894555426124,0.009992455711253685,2,0.5196580457883488,5000,PRUNED
708,0.011353429406881332,2026-05-19 00:36:47.473037,2026-05-19 00:36:47.623343,0 days 00:00:00.150306,128,1.7616040130008035,1.4650765349920363,0.007779485933417085,2,0.7308572330227101,4000,PRUNED
709,0.011731728911399841,2026-05-19 00:36:47.630105,2026-05-19 00:36:47.784645,0 days 00:00:00.154540,112,2.0429012097117307,1.8229801625166537,0.009134092472923268,2,0.6250708037242048,5000,PRUNED
710,0.014072458259761333,2026-05-19 00:36:47.791218,2026-05-19 00:36:47.941592,0 days 00:00:00.150374,128,1.1285589615524905,1.0335346606496965,0.0070723986623903385,2,0.8966469627974394,4000,PRUNED
711,0.021693000569939613,2026-05-19 00:36:47.947896,2026-05-19 00:36:48.099567,0 days 00:00:00.151671,128,1.5776830923920533,2.138762649485562,0.0018374135301852386,2,0.685290477835705,5000,PRUNED
712,0.005440054927021265,2026-05-19 00:36:48.106178,2026-05-19 00:36:48.260777,0 days 00:00:00.154599,128,1.7214975312046767,1.3069305395143567,0.008467176981305299,2,0.6128532223809688,5000,PRUNED
713,0.030309217050671577,2026-05-19 00:36:48.267436,2026-05-19 00:36:48.419486,0 days 00:00:00.152050,48,1.3186885120994571,3.156588438465155,0.009259092871932271,2,0.6438359573050787,4000,PRUNED
714,0.010536652989685535,2026-05-19 00:36:48.425914,2026-05-19 00:36:48.579050,0 days 00:00:00.153136,32,2.2581100622531767,1.546140227215995,0.008088161329349981,2,0.7565709633970794,5000,PRUNED
715,0.003104033414274454,2026-05-19 00:36:48.586294,2026-05-19 00:36:48.746350,0 days 00:00:00.160056,128,1.5119256624111437,2.2522822017050057,0.009217852267724915,2,0.7038455780439469,4000,PRUNED
716,0.008266571909189224,2026-05-19 00:36:48.754760,2026-05-19 00:36:48.922669,0 days 00:00:00.167909,128,1.8714760145992164,2.6123397939838107,0.008516173599298318,2,0.6637961493225292,5000,PRUNED
717,0.014129411429166794,2026-05-19 00:36:48.931389,2026-05-19 00:36:49.094649,0 days 00:00:00.163260,128,2.025729933138713,1.9682652220810029,0.007455760465427729,2,0.7206876057282093,4000,PRUNED
718,0.005169752053916454,2026-05-19 00:36:49.103292,2026-05-19 00:36:49.298619,0 days 00:00:00.195327,128,1.6391059844298377,1.3626084537574013,0.006283892690837582,3,0.5022016065557666,5000,PRUNED
719,0.0018355564679950476,2026-05-19 00:36:49.305978,2026-05-19 00:36:49.453903,0 days 00:00:00.147925,128,1.847766059492007,0.28398745556354954,0.009165972582496195,2,0.5355499521886434,2000,PRUNED
720,0.007881207391619682,2026-05-19 00:36:49.460509,2026-05-19 00:36:49.614513,0 days 00:00:00.154004,128,1.6837180326927013,1.771927998238801,0.008226258199351263,2,0.630469351893248,5000,PRUNED
721,0.001732697943225503,2026-05-19 00:36:49.620954,2026-05-19 00:36:49.792788,0 days 00:00:00.171834,128,1.483682260401604,1.0734266236659056,0.009134823162785634,2,0.558753485640519,4000,PRUNED
722,0.009900692850351334,2026-05-19 00:36:49.799337,2026-05-19 00:36:49.959119,0 days 00:00:00.159782,112,2.1449778495320846,0.08343618698901215,0.007774212686089586,2,0.6756550989830197,4000,PRUNED
723,0.0013177860528230667,2026-05-19 00:36:49.965800,2026-05-19 00:36:50.128103,0 days 00:00:00.162303,128,2.5068904944170103,0.04929046867857138,0.00999384048830837,2,0.7381804717648889,5000,PRUNED
724,5.9424502978799865e-05,2026-05-19 00:36:50.135036,2026-05-19 00:36:50.414473,0 days 00:00:00.279437,128,1.3343230135514008,1.5859426710322557,0.009995821740907835,2,0.45781351969513034,4000,PRUNED
725,0.0032805539667606354,2026-05-19 00:36:50.422298,2026-05-19 00:36:50.571216,0 days 00:00:00.148918,64,20.038505893904105,2.4905814165720876,0.004098333510663608,2,0.5247389508501331,5000,PRUNED
726,0.015413307584822178,2026-05-19 00:36:50.577671,2026-05-19 00:36:50.732832,0 days 00:00:00.155161,128,1.9376328650958767,2.0391639394910657,0.006907063140306239,2,0.6917925869433128,4000,PRUNED
727,0.004348409827798605,2026-05-19 00:36:50.739153,2026-05-19 00:36:50.892177,0 days 00:00:00.153024,128,1.6978372593410354,1.2423704823946498,0.008598081760928963,2,0.6462810058499743,5000,PRUNED
728,0.004383424762636423,2026-05-19 00:36:50.898555,2026-05-19 00:36:51.055298,0 days 00:00:00.156743,96,1.6060576684502452,0.01960339168475203,0.00871089058730729,2,0.6564207165596858,4000,PRUNED
729,0.02051464468240738,2026-05-19 00:36:51.062094,2026-05-19 00:36:51.222427,0 days 00:00:00.160333,48,1.2149637787847116,1.661610109554763,0.007573484887491724,2,0.7793361343250713,4000,PRUNED
730,0.004973969887942076,2026-05-19 00:36:51.229546,2026-05-19 00:36:51.382373,0 days 00:00:00.152827,128,46.32616782850981,2.7944070044382188,0.009217199117888056,2,0.7096912217468585,5000,PRUNED
731,0.026470936834812164,2026-05-19 00:36:51.388670,2026-05-19 00:36:51.550085,0 days 00:00:00.161415,80,1.8804680213631517,3.7862946849948598,0.008326616774516283,2,0.4823803823098321,5000,PRUNED
732,0.002384837018325925,2026-05-19 00:36:51.556519,2026-05-19 00:36:51.717078,0 days 00:00:00.160559,128,2.206646400281096,0.920501171585366,0.009991828457601977,2,0.5986171300802001,4000,PRUNED
733,0.001510104164481163,2026-05-19 00:36:51.723839,2026-05-19 00:36:51.882653,0 days 00:00:00.158814,128,1.4535951284432367,0.6446442226608694,0.009196688743569945,2,0.5440220246632388,3000,PRUNED
734,0.016993628814816475,2026-05-19 00:36:51.888907,2026-05-19 00:36:52.047627,0 days 00:00:00.158720,32,1.7801086081378241,2.1453827282263123,0.00788595854149742,2,0.5116832396653843,5000,PRUNED
735,0.004796911496669054,2026-05-19 00:36:52.054253,2026-05-19 00:36:52.218503,0 days 00:00:00.164250,128,3.96050339366655,1.3261230445387735,0.00567926780823767,2,0.6179347149147822,4000,PRUNED
736,0.0011359278578311205,2026-05-19 00:36:52.225710,2026-05-19 00:36:52.448110,0 days 00:00:00.222400,48,2.773207218396495,0.13957719938606597,0.006899204112811426,5,0.6678876924982419,5000,PRUNED
737,0.0038524167612195015,2026-05-19 00:36:52.454784,2026-05-19 00:36:52.615948,0 days 00:00:00.161164,128,2.042965196892897,1.8662829449281175,0.00866722047190386,2,0.4969194440993457,4000,PRUNED
738,0.011679785326123238,2026-05-19 00:36:52.622465,2026-05-19 00:36:52.787017,0 days 00:00:00.164552,112,1.5515798365894888,1.5262688243436522,0.009272153542963868,2,0.8086898501982901,2000,PRUNED
739,0.003909428603947163,2026-05-19 00:36:52.794650,2026-05-19 00:36:52.968320,0 days 00:00:00.173670,128,1.7598098794685892,0.10721795399801726,0.007948423324700424,3,0.699194333457664,5000,PRUNED
740,0.00023136928211897612,2026-05-19 00:36:52.975929,2026-05-19 00:36:53.251865,0 days 00:00:00.275936,128,27.945051468695894,2.4419208075877266,0.0073105183802233764,2,0.84175273370819,4000,PRUNED
741,0.0029775314033031464,2026-05-19 00:36:53.260466,2026-05-19 00:36:53.412438,0 days 00:00:00.151972,128,1.966325852712941,0.4896295121346716,0.0006774444118456432,2,0.7247535060653204,5000,PRUNED
742,0.0015061135636642575,2026-05-19 00:36:53.420535,2026-05-19 00:36:53.568024,0 days 00:00:00.147489,128,1.3868332208567065,1.1475350960404906,0.009984003542232823,2,0.679957377128589,4000,PRUNED
743,0.005246853921562433,2026-05-19 00:36:53.575870,2026-05-19 00:36:53.737486,0 days 00:00:00.161616,128,2.3436114351863493,1.7778938174656818,0.00848168783840815,2,0.6361327699600339,5000,PRUNED
744,0.03535113483667374,2026-05-19 00:36:53.745157,2026-05-19 00:36:53.949040,0 days 00:00:00.203883,128,1.6045749780278469,3.1805859578642632,0.002765926039551815,4,0.7471120979452152,5000,PRUNED
745,0.0017408415442332625,2026-05-19 00:36:53.955422,2026-05-19 00:36:54.111083,0 days 00:00:00.155661,128,1.7861849429253398,2.001219080827772,0.009104322073004625,2,0.715534736568604,4000,PRUNED
746,0.004282219801098108,2026-05-19 00:36:54.118028,2026-05-19 00:36:54.279791,0 days 00:00:00.161763,128,35.16306138683807,1.447982229600148,0.0080037783390666,2,0.6075954911067981,5000,PRUNED
747,0.016726352274417877,2026-05-19 00:36:54.286153,2026-05-19 00:36:54.447454,0 days 00:00:00.161301,16,1.9799877633380072,2.3652757888777476,0.009991174497185642,2,0.6533722444053244,4000,PRUNED
748,0.005696218926459551,2026-05-19 00:36:54.455220,2026-05-19 00:36:54.605836,0 days 00:00:00.150616,128,1.642244676747126,0.07666990923725038,0.006466221908887648,2,0.570716195755826,5000,PRUNED
749,0.005169752519577742,2026-05-19 00:36:54.612843,2026-05-19 00:36:54.771648,0 days 00:00:00.158805,128,1.4817005426680177,1.709705874730032,0.008657176202568083,2,0.8624567033717608,4000,PRUNED
750,0.002293784637004137,2026-05-19 00:36:54.778324,2026-05-19 00:36:54.930329,0 days 00:00:00.152005,128,1.275646915042755,1.2057273540016475,0.00894779443973463,2,0.7335805955962997,5000,PRUNED
751,0.015680916607379913,2026-05-19 00:36:54.936683,2026-05-19 00:36:55.095580,0 days 00:00:00.158897,128,1.8111361411134952,2.0151383506289937,0.007232090248633949,2,0.6900997657167581,4000,PRUNED
752,0.00633635139092803,2026-05-19 00:36:55.101734,2026-05-19 00:36:55.260130,0 days 00:00:00.158396,128,2.205491518700966,1.4604304804968247,0.000410027916869998,2,0.5258607030924916,5000,PRUNED
753,0.001923383679240942,2026-05-19 00:36:55.266616,2026-05-19 00:36:55.420351,0 days 00:00:00.153735,128,2.0214224398146365,2.503772548848309,0.00918577534042933,2,0.4746580052542073,3000,PRUNED
754,0.004465967416763306,2026-05-19 00:36:55.426636,2026-05-19 00:36:55.584689,0 days 00:00:00.158053,128,1.689891881287537,0.8557991432797792,0.0011160716605445058,2,0.36573600170932136,4000,PRUNED
755,0.00013980860239826143,2026-05-19 00:36:55.591589,2026-05-19 00:36:55.871766,0 days 00:00:00.280177,128,1.5598097607422496,0.20074790799231373,0.00805288732624487,2,0.628702114577745,5000,PRUNED
756,0.0018302510725334287,2026-05-19 00:36:55.878028,2026-05-19 00:36:56.035882,0 days 00:00:00.157854,64,1.8617597650853948,0.16220775140867155,0.009971251525324576,2,0.8209024781788922,5000,PRUNED
757,0.0064602564089000225,2026-05-19 00:36:56.042013,2026-05-19 00:36:56.195014,0 days 00:00:00.153001,128,1.3952772087268976,1.7511960368021453,0.008579779469174044,2,0.581138269002465,4000,PRUNED
758,0.01821521483361721,2026-05-19 00:36:56.201554,2026-05-19 00:36:56.353486,0 days 00:00:00.151932,48,12.625169653182336,1.0300281511733114,0.00031587529216284304,2,0.4216739917694351,4000,PRUNED
759,0.011655174195766449,2026-05-19 00:36:56.359777,2026-05-19 00:36:56.513950,0 days 00:00:00.154173,128,1.0988472900966921,2.867610159510534,0.0092653644911194,2,0.7039910514100653,5000,PRUNED
760,0.004700413439422846,2026-05-19 00:36:56.520175,2026-05-19 00:36:56.680970,0 days 00:00:00.160795,48,1.7073698481392037,0.7314737972394904,0.0076190997819084475,2,0.4891714095670405,4000,PRUNED
761,0.04766945168375969,2026-05-19 00:36:56.687422,2026-05-19 00:36:56.918462,0 days 00:00:00.231040,128,2.1395348454816987,2.231053521878975,0.009985233354146564,5,0.6732629892095595,4000,PRUNED
762,0.006167509593069553,2026-05-19 00:36:56.926217,2026-05-19 00:36:57.087173,0 days 00:00:00.160956,128,1.870330674022234,1.4398804757738592,0.00832177624931222,2,0.5036385665113144,5000,PRUNED
763,0.0431843064725399,2026-05-19 00:36:57.096253,2026-05-19 00:36:57.301428,0 days 00:00:00.205175,128,1.5220283472715777,1.9193381836684675,0.009192583598577992,4,0.6844867229500343,5000,PRUNED
764,0.00012021522707073018,2026-05-19 00:36:57.309436,2026-05-19 00:36:57.766036,0 days 00:00:00.456600,128,2.411718367380508,1.2520250003412272,0.004510991993762376,6,0.641074648293653,4000,PRUNED
765,0.006579255685210228,2026-05-19 00:36:57.775141,2026-05-19 00:36:57.935014,0 days 00:00:00.159873,112,7.292061993022916,1.6717151238750174,0.007283204656841108,2,0.5161508131894009,5000,PRUNED
766,0.0031119692139327526,2026-05-19 00:36:57.944144,2026-05-19 00:36:58.103249,0 days 00:00:00.159105,128,2.0178166117753005,0.09837557961812654,0.008593918981217925,2,0.4620901411172391,4000,PRUNED
767,0.013837158679962158,2026-05-19 00:36:58.110865,2026-05-19 00:36:58.269717,0 days 00:00:00.158852,128,1.7041366713614883,2.268090572550011,0.007946260846309866,2,0.5919651783667861,1000,PRUNED
768,5.938284084550105e-05,2026-05-19 00:36:58.276747,2026-05-19 00:36:58.555630,0 days 00:00:00.278883,128,1.4081043793279935,1.6613531198546614,0.009994417314049805,2,0.7600913189085172,5000,PRUNED
769,0.020688217133283615,2026-05-19 00:36:58.562949,2026-05-19 00:36:58.722971,0 days 00:00:00.160022,112,1.8687901249562202,2.9956715287102202,0.009242656963681132,2,0.6636799499901453,5000,PRUNED
770,0.010921764187514782,2026-05-19 00:36:58.731360,2026-05-19 00:36:58.884411,0 days 00:00:00.153051,128,1.6003659280256903,0.3794975931937205,0.006587344185427719,2,0.6148732631293168,4000,PRUNED
771,0.02736363187432289,2026-05-19 00:36:58.892582,2026-05-19 00:36:59.049218,0 days 00:00:00.156636,128,1.252107296585307,3.5458458432569198,0.008096435667452877,2,0.4484164102188847,5000,PRUNED
772,0.0017939013196155429,2026-05-19 00:36:59.057361,2026-05-19 00:36:59.216817,0 days 00:00:00.159456,128,2.118857487146961,1.4243057241983317,0.009146775438063253,2,0.5523886871103834,4000,PRUNED
773,0.018956145271658897,2026-05-19 00:36:59.224574,2026-05-19 00:36:59.375210,0 days 00:00:00.150636,48,1.7404323679844886,2.0421292630641577,0.008499899207884059,2,0.7163259317079571,4000,PRUNED
774,0.009427680633962154,2026-05-19 00:36:59.381826,2026-05-19 00:36:59.558023,0 days 00:00:00.176197,128,1.5394759064794048,1.1221511728512261,0.007525069940123079,3,0.6976830342773722,5000,PRUNED
775,0.0034221485257148743,2026-05-19 00:36:59.564428,2026-05-19 00:36:59.720672,0 days 00:00:00.156244,96,8.383199927659032,2.4326082935952424,0.0013931004233079139,2,0.7400235657922664,4000,PRUNED
776,0.0001315204135607928,2026-05-19 00:36:59.727054,2026-05-19 00:37:00.000562,0 days 00:00:00.273508,128,1.9236964454930554,0.5736089981283368,0.009242438133071558,2,0.6259504058009392,4000,PRUNED
777,0.016236210241913795,2026-05-19 00:37:00.006882,2026-05-19 00:37:00.159577,0 days 00:00:00.152695,48,1.7556522887742148,1.926569884532811,0.00999927334460128,2,0.5645863245539,5000,PRUNED
778,0.010592006146907806,2026-05-19 00:37:00.166117,2026-05-19 00:37:00.321765,0 days 00:00:00.155648,32,2.256171556811929,1.4960098259004961,0.00851249181632897,2,0.6510583981023688,5000,PRUNED
779,0.00232101883739233,2026-05-19 00:37:00.328098,2026-05-19 00:37:00.481523,0 days 00:00:00.153425,128,1.422088032972555,0.12068897218511633,0.007165329638928403,2,0.7071184954840949,2000,PRUNED
780,0.0018259474309161305,2026-05-19 00:37:00.488170,2026-05-19 00:37:00.644110,0 days 00:00:00.155940,128,1.6369628839669268,0.9323418201886324,0.009211606040592598,2,0.5404700226841954,5000,PRUNED
781,0.00014627138443756849,2026-05-19 00:37:00.650469,2026-05-19 00:37:00.926642,0 days 00:00:00.276173,128,1.9720804763177444,0.25451552480983547,0.008098483426850416,2,0.7312956769807084,4000,PRUNED
782,0.0019150717416778207,2026-05-19 00:37:00.932884,2026-05-19 00:37:01.095503,0 days 00:00:00.162619,128,1.8262204021211665,0.0025683759718693826,0.009199825100626172,2,0.4929940051019509,4000,PRUNED
783,0.010892735794186592,2026-05-19 00:37:01.101975,2026-05-19 00:37:01.256841,0 days 00:00:00.154866,80,1.5144263209198499,1.2478516697911175,0.006063701305865685,2,0.7883688174345034,3000,PRUNED
784,0.003694030223414302,2026-05-19 00:37:01.263538,2026-05-19 00:37:01.424195,0 days 00:00:00.160657,128,2.5934370618714313,0.06448428336946006,0.008565735199346485,2,0.5103757955581824,5000,PRUNED
785,0.011999203823506832,2026-05-19 00:37:01.431012,2026-05-19 00:37:01.584387,0 days 00:00:00.153375,128,2.092563256291095,1.7749573716630749,0.0077138303966521075,2,0.6363816975524907,5000,PRUNED
786,0.020632363855838776,2026-05-19 00:37:01.591206,2026-05-19 00:37:01.744448,0 days 00:00:00.153242,128,1.6246014526072858,2.5292802271320296,0.00689324846780126,2,0.6845475648897598,4000,PRUNED
787,0.007497547194361687,2026-05-19 00:37:01.751158,2026-05-19 00:37:01.905036,0 days 00:00:00.153878,16,3.2606975609743456,2.0426799076847324,0.009150817194267248,2,0.6691775947021665,5000,PRUNED
788,0.005873975809663534,2026-05-19 00:37:01.911482,2026-05-19 00:37:02.070867,0 days 00:00:00.159385,128,1.3264229906216238,1.537442168466021,0.008572414167035991,2,0.5293757703305383,4000,PRUNED
789,0.009789948351681232,2026-05-19 00:37:02.077369,2026-05-19 00:37:02.230421,0 days 00:00:00.153052,128,1.187131052257483,2.806871052217299,0.009225606808929174,2,0.4749782794685993,4000,PRUNED
790,0.010955004021525383,2026-05-19 00:37:02.236860,2026-05-19 00:37:02.397717,0 days 00:00:00.160857,128,1.7926675133796446,1.3583163096324296,0.007804000636277343,2,0.7213473935166732,5000,PRUNED
791,5.8633384469430894e-05,2026-05-19 00:37:02.405621,2026-05-19 00:37:02.682226,0 days 00:00:00.276605,128,1.9696379144331915,2.0889549329598798,0.009941291232190813,2,0.654095533212483,4000,PRUNED
792,0.007322145625948906,2026-05-19 00:37:02.689106,2026-05-19 00:37:02.844398,0 days 00:00:00.155292,112,1.6732114806992688,0.31477658875094616,0.008562829316130314,2,0.40108677592045827,5000,PRUNED
793,1.618096575839445e-05,2026-05-19 00:37:02.850735,2026-05-19 00:37:05.475951,0 days 00:00:02.625216,128,1.5270332313879489,1.7804170244351063,0.009354650993666235,2,0.6021383055001782,5000,COMPLETE
794,0.0012723141117021441,2026-05-19 00:37:05.483592,2026-05-19 00:37:05.645058,0 days 00:00:00.161466,128,1.294767063490652,1.7799315027123543,0.009934608715425218,2,0.6020508093378707,5000,PRUNED
795,0.05237119644880295,2026-05-19 00:37:05.652179,2026-05-19 00:37:05.824622,0 days 00:00:00.172443,48,1.4262992042733431,2.333629246616936,0.00010319785759822615,2,0.5967400953774699,5000,PRUNED
796,4.012627323390916e-05,2026-05-19 00:37:05.832224,2026-05-19 00:37:06.200576,0 days 00:00:00.368352,128,1.447541171656328,0.43624884501918576,0.00998288051472617,4,0.5879974610424025,4000,PRUNED
797,0.005248232278972864,2026-05-19 00:37:06.207329,2026-05-19 00:37:06.391524,0 days 00:00:00.184195,128,58.44780704615819,1.0775743384531289,0.008099669850579914,3,0.5833151333096152,4000,PRUNED
798,0.007957006804645061,2026-05-19 00:37:06.397825,2026-05-19 00:37:06.559548,0 days 00:00:00.161723,128,1.3029969635609129,1.6137207521608323,0.005334866685480891,2,0.6013985022090107,4000,PRUNED
799,0.003899095579981804,2026-05-19 00:37:06.566037,2026-05-19 00:37:06.729070,0 days 00:00:00.163033,128,1.4735165939299997,0.8060259481616965,0.0032049265393896955,2,0.6229504030408173,3000,PRUNED
800,0.0028886410873383284,2026-05-19 00:37:06.735521,2026-05-19 00:37:06.895922,0 days 00:00:00.160401,128,1.174934246980293,0.08742448746375417,0.009128034734129094,2,0.6134256185211472,5000,PRUNED
801,0.011290773749351501,2026-05-19 00:37:06.902347,2026-05-19 00:37:07.061992,0 days 00:00:00.159645,32,1.56433113251668,1.260107710086273,0.007524380334772677,2,0.5900848560059427,4000,PRUNED
802,0.017577268183231354,2026-05-19 00:37:07.069128,2026-05-19 00:37:07.223064,0 days 00:00:00.153936,128,1.5978649647724803,3.785610555155507,0.008466424166459164,2,0.6009568552088134,5000,PRUNED
803,0.02493489533662796,2026-05-19 00:37:07.229455,2026-05-19 00:37:07.386211,0 days 00:00:00.156756,112,1.375499973831283,2.8520273105563847,0.009254779663354095,2,0.5721694445985386,5000,PRUNED
804,0.01609840989112854,2026-05-19 00:37:07.392741,2026-05-19 00:37:07.565403,0 days 00:00:00.172662,128,1.6943150264311615,2.045079092510885,0.0024922228701941274,2,0.6071677980665896,4000,PRUNED
805,0.020158711820840836,2026-05-19 00:37:07.572784,2026-05-19 00:37:07.760347,0 days 00:00:00.187563,128,1.006018220717234,1.5853803816069505,0.006694059359089255,2,0.6101829270331803,5000,PRUNED
806,0.00681248540058732,2026-05-19 00:37:07.769004,2026-05-19 00:37:07.927066,0 days 00:00:00.158062,128,1.5512437173420655,0.15336531297319114,0.008622604577023015,2,0.6249758782936261,4000,PRUNED
807,0.0013393366243690252,2026-05-19 00:37:07.934809,2026-05-19 00:37:08.092032,0 days 00:00:00.157223,128,1.7810609974711902,2.3976688208187302,0.009977201036495782,2,0.6193253502227808,5000,PRUNED
808,0.019422419369220734,2026-05-19 00:37:08.099774,2026-05-19 00:37:08.334236,0 days 00:00:00.234462,48,1.5034789811759945,1.8556680171832445,0.008011174172921708,5,0.5780816276715111,5000,PRUNED
809,0.04400373995304108,2026-05-19 00:37:08.341762,2026-05-19 00:37:08.546228,0 days 00:00:00.204466,128,1.8691733789062812,5.004392994781331,0.007259638073228075,4,0.7676726266224974,4000,PRUNED
810,0.004412168636918068,2026-05-19 00:37:08.552637,2026-05-19 00:37:08.806314,0 days 00:00:00.253677,64,1.3343940965505303,1.4572008728931718,0.009146571656171141,6,0.6335630492774266,5000,PRUNED
811,0.0019333170494064689,2026-05-19 00:37:08.813319,2026-05-19 00:37:08.974806,0 days 00:00:00.161487,128,1.587727550844225,1.0735289755806667,0.009999598288163677,2,0.7496123031669775,2000,PRUNED
812,0.005549137014895678,2026-05-19 00:37:08.981653,2026-05-19 00:37:09.144193,0 days 00:00:00.162540,128,1.6964364431263153,1.9200456269015889,0.008596087133341417,2,0.8332947911845919,4000,PRUNED
813,0.016844283789396286,2026-05-19 00:37:09.150678,2026-05-19 00:37:09.311178,0 days 00:00:00.160500,128,2.2137253256135114,3.143375214333068,0.007783168602221958,2,0.8785427315654883,5000,PRUNED
814,0.0017681247554719448,2026-05-19 00:37:09.318105,2026-05-19 00:37:09.480690,0 days 00:00:00.162585,128,1.8963596517192691,1.2969585074738774,0.009156475161298158,2,0.5190470929588171,4000,PRUNED
815,0.008736643940210342,2026-05-19 00:37:09.487433,2026-05-19 00:37:09.649621,0 days 00:00:00.162188,128,1.47061478911586,2.259061181806389,0.00859207284459825,2,0.5901547633551666,5000,PRUNED
816,0.012405253015458584,2026-05-19 00:37:09.656580,2026-05-19 00:37:09.820515,0 days 00:00:00.163935,128,5.996127114998776,1.7095749646029312,0.007257882541858088,2,0.49507088239668134,4000,PRUNED
817,0.0029214646201580763,2026-05-19 00:37:09.827494,2026-05-19 00:37:09.986982,0 days 00:00:00.159488,128,1.7192487007846646,2.5685705027745924,0.00927763395394674,2,0.5631301010044937,4000,PRUNED
818,0.0042916275560855865,2026-05-19 00:37:09.993359,2026-05-19 00:37:10.153418,0 days 00:00:00.160059,128,1.1018345302612134,0.10680014635400939,0.007956603678617152,2,0.4343174605994089,5000,PRUNED
819,0.001162671367637813,2026-05-19 00:37:10.160539,2026-05-19 00:37:10.321051,0 days 00:00:00.160512,128,2.040475823737372,0.6572234944694934,0.009192969355508056,2,0.6134190709375462,3000,PRUNED
820,0.007731386460363865,2026-05-19 00:37:10.327335,2026-05-19 00:37:10.485674,0 days 00:00:00.158339,128,1.6202865312393868,1.5343940642823486,0.008186992006662485,2,0.4832051867537003,4000,PRUNED
821,0.002816723193973303,2026-05-19 00:37:10.492145,2026-05-19 00:37:10.652393,0 days 00:00:00.160248,128,1.3698152445967857,2.090967298906772,0.009330080974576816,2,0.7319087298254559,5000,PRUNED
822,0.005409560166299343,2026-05-19 00:37:10.658802,2026-05-19 00:37:10.811761,0 days 00:00:00.152959,128,1.7564926029372758,0.07504229943623912,0.00998099589449812,2,0.7974612944985774,5000,PRUNED
823,0.001859988202340901,2026-05-19 00:37:10.818302,2026-05-19 00:37:10.998855,0 days 00:00:00.180553,128,2.3916276812733175,0.8956127348863658,0.006385655060266989,3,0.46495834402530684,5000,PRUNED
824,0.019952982664108276,2026-05-19 00:37:11.005226,2026-05-19 00:37:11.164462,0 days 00:00:00.159236,32,1.2032599693480146,1.2428493503007236,0.0037334071107309142,2,0.7204667156556805,4000,PRUNED
825,0.014108949340879917,2026-05-19 00:37:11.171463,2026-05-19 00:37:11.329765,0 days 00:00:00.158302,64,1.9353788901414963,1.7303284657369984,0.00999401756370928,2,0.5491834782975927,4000,PRUNED
826,0.0001607357698958367,2026-05-19 00:37:11.338165,2026-05-19 00:37:11.615151,0 days 00:00:00.276986,128,17.52110200322459,2.775737570100091,0.008504890089992516,2,0.5064654649044947,4000,PRUNED
827,0.00868602842092514,2026-05-19 00:37:11.622782,2026-05-19 00:37:11.777437,0 days 00:00:00.154655,112,1.4811579781099955,0.1279638946442691,0.007521220733813181,2,0.7763051807625796,5000,PRUNED
828,0.003726543392986059,2026-05-19 00:37:11.784928,2026-05-19 00:37:11.939081,0 days 00:00:00.154153,128,1.8424731696670773,1.4445621292382378,0.008752070374797213,2,0.8502231508135807,4000,PRUNED
829,0.014371486380696297,2026-05-19 00:37:11.946601,2026-05-19 00:37:12.104779,0 days 00:00:00.158178,128,2.147751044364255,2.1256955373814588,0.00684601584769911,2,0.5352926069836205,1000,PRUNED
830,0.018114497885107994,2026-05-19 00:37:12.112540,2026-05-19 00:37:12.272162,0 days 00:00:00.159622,48,1.6367325591247306,1.8572469338018591,0.008178343973902952,2,0.6027941003634133,5000,PRUNED
831,0.005000230390578508,2026-05-19 00:37:12.278693,2026-05-19 00:37:12.462585,0 days 00:00:00.183892,128,1.7906435833342915,1.0726766220029142,0.009283984340932454,3,0.31916099313997076,5000,PRUNED
832,0.003973622806370258,2026-05-19 00:37:12.469501,2026-05-19 00:37:12.634008,0 days 00:00:00.164507,128,2.043538616622214,2.341629492149161,0.008831955102077732,2,0.6346293038466517,4000,PRUNED
833,0.009672622196376324,2026-05-19 00:37:12.640632,2026-05-19 00:37:12.801188,0 days 00:00:00.160556,128,1.5261282780983076,0.46447149075210425,0.00765692103986035,2,0.7420978734531745,5000,PRUNED
834,0.0014823564561083913,2026-05-19 00:37:12.807815,2026-05-19 00:37:12.967011,0 days 00:00:00.159196,128,1.2877346666141898,1.5679550555710455,0.009252261953444859,2,0.6240526004481598,5000,PRUNED
835,0.00749548664316535,2026-05-19 00:37:12.973698,2026-05-19 00:37:13.129332,0 days 00:00:00.155634,128,1.6607645302244534,1.3226037963509638,0.008184439549418901,2,0.7117500114869195,4000,PRUNED
836,0.0070886509492993355,2026-05-19 00:37:13.135990,2026-05-19 00:37:13.291612,0 days 00:00:00.155622,96,1.9099327389926908,1.787197946613711,0.0059658261984991915,2,0.5198898957092205,5000,PRUNED
837,0.030075661838054657,2026-05-19 00:37:13.298143,2026-05-19 00:37:13.450133,0 days 00:00:00.151990,16,1.390154265967996,3.441153044851344,0.009282553895725645,2,0.6170427101508565,4000,PRUNED
838,0.002647003158926964,2026-05-19 00:37:13.457109,2026-05-19 00:37:13.612342,0 days 00:00:00.155233,80,1.7553660668279685,0.19673942220177895,0.009963380956409073,2,0.5770451652968263,5000,PRUNED
839,0.004614894278347492,2026-05-19 00:37:13.618815,2026-05-19 00:37:13.776240,0 days 00:00:00.157425,32,9.364470506823887,2.64129734779472,0.006958332949170768,2,0.7554584987356716,4000,PRUNED
840,0.007101781200617552,2026-05-19 00:37:13.782769,2026-05-19 00:37:13.935453,0 days 00:00:00.152684,128,1.5752912686254694,1.90656795113203,0.008463233015029952,2,0.6397576583585262,5000,PRUNED
841,0.012189211323857307,2026-05-19 00:37:13.941932,2026-05-19 00:37:14.090584,0 days 00:00:00.148652,128,2.1819174808533344,1.4291220847594006,0.007543904359959008,2,0.5034366001409463,4000,PRUNED
842,5.8900099247694016e-05,2026-05-19 00:37:14.096924,2026-05-19 00:37:14.365850,0 days 00:00:00.268926,128,1.954226979573295,2.174171369268362,0.009960062939574592,2,0.5925626414432918,4000,PRUNED
843,0.009340187534689903,2026-05-19 00:37:14.372706,2026-05-19 00:37:14.526480,0 days 00:00:00.153774,112,1.4599522871372528,0.7188050900028702,0.008621429155338806,2,0.7017360872975269,5000,PRUNED
844,0.005048597231507301,2026-05-19 00:37:14.533012,2026-05-19 00:37:14.691622,0 days 00:00:00.158610,48,2.4309192779035973,1.028375165898232,0.008740312620321081,2,0.558385785583902,5000,PRUNED
845,0.01446396391838789,2026-05-19 00:37:14.698536,2026-05-19 00:37:14.854533,0 days 00:00:00.155997,48,1.7533409318354438,1.6078423670751232,0.008031494816362483,2,0.727898042616267,4000,PRUNED
846,0.0044365692883729935,2026-05-19 00:37:14.861055,2026-05-19 00:37:15.014942,0 days 00:00:00.153887,128,1.6091954963021577,0.056477360430997665,0.0099993350430442,2,0.45416992620697755,2000,PRUNED
847,0.0016975589096546173,2026-05-19 00:37:15.021776,2026-05-19 00:37:15.175081,0 days 00:00:00.153305,128,1.8786783006394652,1.2942103767317101,0.009178857361592196,2,0.471367328868826,5000,PRUNED
848,0.01572793535888195,2026-05-19 00:37:15.182362,2026-05-19 00:37:15.338049,0 days 00:00:00.155687,128,2.060971505437572,2.286574724498439,0.007220935585305523,2,0.5355902305273851,4000,PRUNED
849,0.002336455276235938,2026-05-19 00:37:15.346095,2026-05-19 00:37:15.589678,0 days 00:00:00.243583,128,1.424253141720736,0.09147116378047865,0.008049887363759898,5,0.7145542274629462,5000,PRUNED
850,0.004417890682816505,2026-05-19 00:37:15.597279,2026-05-19 00:37:15.749535,0 days 00:00:00.152256,128,1.718544012330379,0.37614180050893015,0.009990673611758979,2,0.4910435733338002,4000,PRUNED
851,0.0032622897997498512,2026-05-19 00:37:15.758444,2026-05-19 00:37:15.912127,0 days 00:00:00.153683,128,1.231360326037938,0.527716400520383,0.00879275474786479,2,0.6479415015534683,5000,PRUNED
852,0.0071244267746806145,2026-05-19 00:37:15.919353,2026-05-19 00:37:16.068620,0 days 00:00:00.149267,128,1.5538083701640206,3.111045214894157,0.009220444689081755,2,0.8083660020753981,4000,PRUNED
853,0.014024164527654648,2026-05-19 00:37:16.074870,2026-05-19 00:37:16.229825,0 days 00:00:00.154955,112,2.947235455313493,1.8210204532004466,0.00772343793225813,2,0.6286982537993908,5000,PRUNED
854,0.007272378075867891,2026-05-19 00:37:16.236600,2026-05-19 00:37:16.399837,0 days 00:00:00.163237,96,2.3207853092160344,2.598454738545465,0.00860068337705942,2,0.5144701706899193,5000,PRUNED
855,0.01210818998515606,2026-05-19 00:37:16.406477,2026-05-19 00:37:16.558703,0 days 00:00:00.152226,128,1.8543622159923805,1.6198782676212304,0.006549150440412726,2,0.6147771306234923,4000,PRUNED
856,0.04093260318040848,2026-05-19 00:37:16.565327,2026-05-19 00:37:16.768250,0 days 00:00:00.202923,128,1.7029591129153658,2.0348915948730517,0.00923623179001033,4,0.8223489964266661,4000,PRUNED
857,0.007929137907922268,2026-05-19 00:37:16.774935,2026-05-19 00:37:16.933760,0 days 00:00:00.158825,128,2.0171616702041293,0.9020099354687671,0.008061422765762815,2,0.7404755991951505,4000,PRUNED
858,0.033951420336961746,2026-05-19 00:37:16.940052,2026-05-19 00:37:17.193464,0 days 00:00:00.253412,128,1.3482830851783154,1.1555533465326835,0.009175032194419593,6,0.44231899613294917,3000,PRUNED
859,0.013722268864512444,2026-05-19 00:37:17.200175,2026-05-19 00:37:17.353641,0 days 00:00:00.153466,128,1.5442137186385696,1.3952782585825605,0.007537914630594482,2,0.48328650973627924,5000,PRUNED
860,0.012839557603001595,2026-05-19 00:37:17.360137,2026-05-19 00:37:17.523289,0 days 00:00:00.163152,128,1.8337754121868868,2.0657648697778024,0.0004767213611231617,2,0.6067152509978063,3000,PRUNED
861,0.00218105036765337,2026-05-19 00:37:17.529994,2026-05-19 00:37:17.684570,0 days 00:00:00.154576,128,2.184726075001817,0.11232309033760424,0.008614987880951401,2,0.5444421412858561,5000,PRUNED
862,0.005109414923936129,2026-05-19 00:37:17.691148,2026-05-19 00:37:17.850639,0 days 00:00:00.159491,128,41.69944484144518,1.67152980426772,0.009218171974718223,2,0.6977216979344958,4000,PRUNED
863,0.0013484291266649961,2026-05-19 00:37:17.857126,2026-05-19 00:37:18.006441,0 days 00:00:00.149315,48,1.6598480776079072,0.03485680444732541,0.006895930670396213,2,0.723795744756772,5000,PRUNED
864,0.013674650341272354,2026-05-19 00:37:18.012795,2026-05-19 00:37:18.190951,0 days 00:00:00.178156,128,2.0177988481414806,2.480336124253181,0.008169053417541039,3,0.5849639512955599,4000,PRUNED
865,2.1197507521719672e-05,2026-05-19 00:37:18.197865,2026-05-19 00:37:20.361581,0 days 00:00:02.163716,128,1.4714207746135175,1.2049593744765705,0.009248912424160049,2,0.6435062712001741,1000,PRUNED
866,0.0055467914789915085,2026-05-19 00:37:20.369165,2026-05-19 00:37:20.540126,0 days 00:00:00.170961,128,1.8169371688663196,1.8481264449118446,0.008479700940584034,2,0.7101885644369222,5000,PRUNED
867,0.04139058664441109,2026-05-19 00:37:20.548625,2026-05-19 00:37:20.707584,0 days 00:00:00.158959,128,1.1327975750599169,4.05633608680814,0.007423274172283356,2,0.5071863904516571,4000,PRUNED
868,0.004355506040155888,2026-05-19 00:37:20.716109,2026-05-19 00:37:20.869392,0 days 00:00:00.153283,128,1.626625748242722,0.14755646918203993,0.009137456977112107,2,0.5309351546614383,5000,PRUNED
869,0.00786837562918663,2026-05-19 00:37:20.876961,2026-05-19 00:37:21.032196,0 days 00:00:00.155235,64,2.594155022907169,1.480155057782734,0.009977425383173298,2,0.6300272185180517,4000,PRUNED
870,0.030667871236801147,2026-05-19 00:37:21.040118,2026-05-19 00:37:21.196275,0 days 00:00:00.156157,112,1.8738211862564724,2.9031918100975096,0.008172977816484541,2,0.8584709083450699,5000,PRUNED
871,0.02330903708934784,2026-05-19 00:37:21.202698,2026-05-19 00:37:21.355096,0 days 00:00:00.152398,48,1.3298484022126236,2.1159956204438286,0.009267214804676389,2,0.5964912290926315,4000,PRUNED
872,0.014425024390220642,2026-05-19 00:37:21.361888,2026-05-19 00:37:21.513725,0 days 00:00:00.151837,128,1.7147678289641846,1.7403459318731145,0.007566438391246277,2,0.7315508244777652,4000,PRUNED
873,0.0001283152960240841,2026-05-19 00:37:21.520163,2026-05-19 00:37:21.781120,0 days 00:00:00.260957,128,2.0880505089842334,0.28689719397273433,0.00850573927218974,2,0.5698305416301047,5000,PRUNED
874,0.0011968445032835007,2026-05-19 00:37:21.787676,2026-05-19 00:37:21.957790,0 days 00:00:00.170114,128,1.4824529962417625,1.358404784380557,0.009979636408543886,2,0.6925328878870567,5000,PRUNED
875,0.020008673891425133,2026-05-19 00:37:21.964642,2026-05-19 00:37:22.125284,0 days 00:00:00.160642,32,1.5978812874700756,2.313535322181238,0.008536673576455314,2,0.4964170108331147,5000,PRUNED
876,0.0055560641922056675,2026-05-19 00:37:22.131704,2026-05-19 00:37:22.359530,0 days 00:00:00.227826,128,1.9445092192271005,0.967434374046267,0.007009627900883196,5,0.7576351253626237,4000,PRUNED
877,0.0018368555465713143,2026-05-19 00:37:22.366352,2026-05-19 00:37:22.528891,0 days 00:00:00.162539,128,2.2963169336144365,1.5002736617993198,0.009960198377439182,2,0.6534304311230853,2000,PRUNED
878,0.010099248960614204,2026-05-19 00:37:22.535876,2026-05-19 00:37:22.698804,0 days 00:00:00.162928,128,1.7672645047310374,1.858435484544557,0.005893616460547265,2,0.5243528374350052,5000,PRUNED
879,2.126404069713317e-05,2026-05-19 00:37:22.705206,2026-05-19 00:37:24.935162,0 days 00:00:02.229956,128,1.4041489426041736,1.1538203634240838,0.009232036906090216,2,0.7070341310043393,4000,PRUNED
880,0.0029021394439041615,2026-05-19 00:37:24.943545,2026-05-19 00:37:25.115885,0 days 00:00:00.172340,128,1.6064376291688696,0.07329754785214408,0.007909842395211558,2,0.6087256500100771,5000,PRUNED
881,0.0033832357730716467,2026-05-19 00:37:25.123063,2026-05-19 00:37:25.283820,0 days 00:00:00.160757,128,1.936899821665249,3.369798461003565,0.009957614807377354,2,0.6370835744206282,4000,PRUNED
882,0.004149901680648327,2026-05-19 00:37:25.290277,2026-05-19 00:37:25.444834,0 days 00:00:00.154557,128,4.662873380738212,2.73615937579995,0.00861392545942675,2,0.48087848669084077,5000,PRUNED
883,0.002977729309350252,2026-05-19 00:37:25.451816,2026-05-19 00:37:25.604150,0 days 00:00:00.152334,128,32.4818389972536,0.5627822704486346,0.006433819774627335,2,0.46717912579025755,4000,PRUNED
884,0.013574277982115746,2026-05-19 00:37:25.611724,2026-05-19 00:37:25.762478,0 days 00:00:00.150754,128,1.768927465885288,2.112078954478487,0.007859151315807302,2,0.7796991096511382,5000,PRUNED
885,0.0025858378503471613,2026-05-19 00:37:25.770743,2026-05-19 00:37:25.933312,0 days 00:00:00.162569,128,1.2679538724123505,1.534692070132069,0.009034036101961658,2,0.7232461791840025,4000,PRUNED
886,0.0347101055085659,2026-05-19 00:37:25.941333,2026-05-19 00:37:26.093642,0 days 00:00:00.152309,128,67.75038851326079,1.8140021998863733,0.00011753624708102947,2,0.6837261101525921,5000,PRUNED
887,0.001738342340104282,2026-05-19 00:37:26.101323,2026-05-19 00:37:26.253361,0 days 00:00:00.152038,16,15.16168038697576,0.7653262163754238,0.009964667723235874,2,0.7448311253997782,4000,PRUNED
888,0.013898402452468872,2026-05-19 00:37:26.260320,2026-05-19 00:37:26.415075,0 days 00:00:00.154755,80,2.21296799455977,2.576364489440831,0.008613795888221327,2,0.6210329307284249,4000,PRUNED
889,0.018629612401127815,2026-05-19 00:37:26.421611,2026-05-19 00:37:26.578111,0 days 00:00:00.156500,112,1.5071602015668912,1.2626246390704026,0.007438503759336444,2,0.6598627669499426,5000,PRUNED
890,0.03207036480307579,2026-05-19 00:37:26.584647,2026-05-19 00:37:26.767776,0 days 00:00:00.183129,48,2.046102803442151,2.1890163132076963,0.009252513089524607,3,0.5570049623770906,5000,PRUNED
891,0.00934605672955513,2026-05-19 00:37:26.774332,2026-05-19 00:37:26.928450,0 days 00:00:00.154118,128,1.65231428522436,0.23899661163797217,0.009984615665793275,2,0.889567991448524,4000,PRUNED
892,0.008713753893971443,2026-05-19 00:37:26.934838,2026-05-19 00:37:27.084065,0 days 00:00:00.149227,128,1.8403227195796998,1.561736290925886,0.008058531286505797,2,0.7013682969116319,5000,PRUNED
893,0.04333813861012459,2026-05-19 00:37:27.090351,2026-05-19 00:37:27.317682,0 days 00:00:00.227331,128,1.4611845695980517,1.767078433359872,0.008726681648799245,5,0.5154505680507733,4000,PRUNED
894,0.00016556157788727432,2026-05-19 00:37:27.323835,2026-05-19 00:37:27.592091,0 days 00:00:00.268256,128,1.7081814275985963,0.1690311045211155,0.007156490731972198,2,0.6395868064113149,5000,PRUNED
895,0.030944829806685448,2026-05-19 00:37:27.598943,2026-05-19 00:37:27.756491,0 days 00:00:00.157548,128,1.992732751960848,9.4890332828784,0.009097055509918595,2,0.42869477807813816,4000,PRUNED
896,0.007814669981598854,2026-05-19 00:37:27.763012,2026-05-19 00:37:27.919444,0 days 00:00:00.156432,128,1.5724194726713747,1.0267634390446263,0.008114587941210432,2,0.5843922136105072,5000,PRUNED
897,0.0024419568944722414,2026-05-19 00:37:27.925933,2026-05-19 00:37:28.075502,0 days 00:00:00.149569,64,1.8255784753549777,0.08716071047935017,0.009231717154761598,2,0.4975054942353079,4000,PRUNED
898,0.011012094095349312,2026-05-19 00:37:28.082081,2026-05-19 00:37:28.237919,0 days 00:00:00.155838,128,1.400712330627034,2.413415068392556,0.008466635009915622,2,0.616955653156557,5000,PRUNED
899,0.01216262299567461,2026-05-19 00:37:28.244512,2026-05-19 00:37:28.406573,0 days 00:00:00.162061,128,2.126381001890113,1.3391737536968606,0.007565591352974116,2,0.7148177400947754,5000,PRUNED
900,0.004075370728969574,2026-05-19 00:37:28.413267,2026-05-19 00:37:28.582048,0 days 00:00:00.168781,128,1.238500251402793,0.017318239562049614,0.009255720312068547,2,0.4126632396062717,2000,PRUNED
901,0.0022813118994235992,2026-05-19 00:37:28.589246,2026-05-19 00:37:28.758459,0 days 00:00:00.169213,48,1.6822398881933325,0.11301241371506257,0.008157530911445767,2,0.5965944912181459,4000,PRUNED
902,0.014002684503793716,2026-05-19 00:37:28.765781,2026-05-19 00:37:28.931216,0 days 00:00:00.165435,32,1.9078813859794803,1.9876981135453666,0.006714054961266177,2,0.8707299270913139,3000,PRUNED
903,0.0384209118783474,2026-05-19 00:37:28.937672,2026-05-19 00:37:29.100808,0 days 00:00:00.163136,112,2.4769895396105985,1.676028525868997,0.00013811943942705442,2,0.7671147160527875,5000,PRUNED
904,0.007156260311603546,2026-05-19 00:37:29.107717,2026-05-19 00:37:29.271667,0 days 00:00:00.163950,128,1.5760846865786915,3.192447998704163,0.009268647438313557,2,0.54509785794845,4000,PRUNED
905,0.003660713555291295,2026-05-19 00:37:29.278520,2026-05-19 00:37:29.436104,0 days 00:00:00.157584,128,1.773547958578243,0.6534619851233521,0.008650318213842594,2,0.6737485431924284,4000,PRUNED
906,0.006377888843417168,2026-05-19 00:37:29.444429,2026-05-19 00:37:29.606272,0 days 00:00:00.161843,128,2.2739608255913306,0.350335053410538,0.007607638190956226,2,0.6285964435577356,4000,PRUNED
907,1.621853698452469e-05,2026-05-19 00:37:29.614564,2026-05-19 00:37:32.178168,0 days 00:00:02.563604,128,1.3675925141115364,1.2214743161564763,0.009209754187540536,2,0.8343244012692503,5000,COMPLETE
908,0.05760829895734787,2026-05-19 00:37:32.187561,2026-05-19 00:37:32.393398,0 days 00:00:00.205837,128,1.1775165307934745,1.14759039761788,0.009911537994137899,4,0.8251163562756578,5000,PRUNED
909,0.0019739505369216204,2026-05-19 00:37:32.400924,2026-05-19 00:37:32.551743,0 days 00:00:00.150819,128,1.0608785068568334,0.7171965845759132,0.009999562025132745,2,0.7966299151148413,5000,PRUNED
910,0.00285360892303288,2026-05-19 00:37:32.558076,2026-05-19 00:37:32.734754,0 days 00:00:00.176678,128,1.1565487751005858,0.8426874571676086,0.008315838451098501,3,0.7348995946502449,5000,PRUNED
911,0.004695284180343151,2026-05-19 00:37:32.741058,2026-05-19 00:37:32.994805,0 days 00:00:00.253747,128,1.3422563022712237,0.025683531657684694,0.009986833900783932,6,0.8401796989705681,5000,PRUNED
912,0.009890160523355007,2026-05-19 00:37:33.001373,2026-05-19 00:37:33.163999,0 days 00:00:00.162626,48,1.3395824978019324,0.886175233138279,0.008722336820577744,2,0.6945702795796722,5000,PRUNED
913,0.0011112556094303727,2026-05-19 00:37:33.171664,2026-05-19 00:37:33.329821,0 days 00:00:00.158157,128,1.0949590220833463,1.0890275628119934,0.009995183637366891,2,0.6478714259224594,5000,PRUNED
914,0.015203149057924747,2026-05-19 00:37:33.336620,2026-05-19 00:37:33.492987,0 days 00:00:00.156367,128,1.2587256760763195,1.3243157183908827,0.007033400040064573,2,0.5678125082693772,5000,PRUNED
915,0.0028740104753524065,2026-05-19 00:37:33.499482,2026-05-19 00:37:33.654159,0 days 00:00:00.154677,128,1.3986273716728497,0.48531545061882325,0.00872925227576682,2,0.5032259809569524,5000,PRUNED
916,0.012166819535195827,2026-05-19 00:37:33.660556,2026-05-19 00:37:33.817578,0 days 00:00:00.157022,128,1.2166356771450548,1.0041667866762953,0.007655309512127727,2,0.4793458965577923,5000,PRUNED
917,0.0013168224832043052,2026-05-19 00:37:33.824174,2026-05-19 00:37:33.978813,0 days 00:00:00.154639,128,1.3037599477530073,1.249922120716748,0.009104352200316832,2,0.3932414698162442,5000,PRUNED
918,0.01240784116089344,2026-05-19 00:37:33.985186,2026-05-19 00:37:34.140700,0 days 00:00:00.155514,128,1.4688690148388384,1.450343601418994,0.006223082677519755,2,0.5196506935161728,5000,PRUNED
919,0.029505392536520958,2026-05-19 00:37:34.147617,2026-05-19 00:37:34.306566,0 days 00:00:00.158949,112,1.0666831077995937,1.6042546779153877,0.00809881904857877,2,0.812039438993257,5000,PRUNED
920,0.002805303316563368,2026-05-19 00:37:34.312968,2026-05-19 00:37:34.467856,0 days 00:00:00.154888,128,1.4414239131401325,1.1468666780504106,0.005037812159845289,2,0.448008536829225,5000,PRUNED
921,0.0023928482551127672,2026-05-19 00:37:34.475351,2026-05-19 00:37:34.633254,0 days 00:00:00.157903,128,1.495928123607246,0.5931038568953594,0.008996979550946483,2,0.5318417743151942,5000,PRUNED
922,1.623303978703916e-05,2026-05-19 00:37:34.641922,2026-05-19 00:37:37.156326,0 days 00:00:02.514404,128,1.3439199231594023,1.4034582713245722,0.009252697963328022,2,0.6636843156822011,5000,COMPLETE
923,0.01016845554113388,2026-05-19 00:37:37.164143,2026-05-19 00:37:37.324156,0 days 00:00:00.160013,128,1.1418388101427437,1.0917873461716618,0.007975958105155417,2,0.6627227021121193,5000,PRUNED
924,0.001578350318595767,2026-05-19 00:37:37.331520,2026-05-19 00:37:37.488575,0 days 00:00:00.157055,128,1.3265533024613905,0.8834030527421896,0.00922013065554006,2,0.6550255211196552,5000,PRUNED
925,0.016947902739048004,2026-05-19 00:37:37.495929,2026-05-19 00:37:37.659983,0 days 00:00:00.164054,48,1.2035667107350683,1.3447804892259203,0.006909140827643562,2,0.6487545676631332,5000,PRUNED
926,0.0038646000903099775,2026-05-19 00:37:37.667920,2026-05-19 00:37:37.819590,0 days 00:00:00.151670,128,1.2333391305876529,0.9501792266170545,0.008652409474370005,2,0.6709621723862567,5000,PRUNED
927,0.002741075586527586,2026-05-19 00:37:37.826786,2026-05-19 00:37:38.004893,0 days 00:00:00.178107,128,1.2952304313697631,1.3081301358486508,0.009254082016008004,3,0.6564747601048112,5000,PRUNED
928,0.013810317032039165,2026-05-19 00:37:38.013022,2026-05-19 00:37:38.169918,0 days 00:00:00.156896,32,1.0751867679991038,1.098139086994293,0.007553144232283693,2,0.6704896153400773,5000,PRUNED
929,0.0034762793220579624,2026-05-19 00:37:38.184285,2026-05-19 00:37:38.389536,0 days 00:00:00.205251,128,1.3388489658763014,0.737124007367825,0.0083205236630333,4,0.6464252664041572,5000,PRUNED
930,0.0022863480262458324,2026-05-19 00:37:38.397790,2026-05-19 00:37:38.554455,0 days 00:00:00.156665,128,1.0287433617221229,1.4415056293800266,0.009252052558675688,2,0.6368204836789185,5000,PRUNED
931,0.014421186409890652,2026-05-19 00:37:38.561792,2026-05-19 00:37:38.716988,0 days 00:00:00.155196,32,1.4054586562530873,1.59046463415248,0.009969450522842514,2,0.668896089088203,5000,PRUNED
932,0.006857697386294603,2026-05-19 00:37:38.723361,2026-05-19 00:37:38.885877,0 days 00:00:00.162516,128,1.1912925535266607,1.2448755969792515,0.00830896307330769,2,0.6409132489350328,5000,PRUNED
933,0.002976685296744108,2026-05-19 00:37:38.892226,2026-05-19 00:37:39.043262,0 days 00:00:00.151036,64,1.4829994281280923,0.09821716143084538,0.007397550159984257,2,0.6529057609062487,5000,PRUNED
934,0.0017060686368495226,2026-05-19 00:37:39.049658,2026-05-19 00:37:39.206124,0 days 00:00:00.156466,128,1.388762530680107,0.9525194539760975,0.009180629446580454,2,0.6217614889765266,5000,PRUNED
935,0.005668455269187689,2026-05-19 00:37:39.212900,2026-05-19 00:37:39.372120,0 days 00:00:00.159220,128,1.5479369925513926,0.13471197043877908,0.007985310992972124,2,0.6640182181099973,5000,PRUNED
936,0.017983630299568176,2026-05-19 00:37:39.378739,2026-05-19 00:37:39.541270,0 days 00:00:00.162531,16,1.2443059644181413,1.5792600931062435,0.005619188744539727,2,0.4909503268940123,5000,PRUNED
937,0.006069661118090153,2026-05-19 00:37:39.547698,2026-05-19 00:37:39.704387,0 days 00:00:00.156689,128,1.5526836940785944,1.886641227594884,0.008598368296522314,2,0.4675261775266137,5000,PRUNED
938,0.015021666884422302,2026-05-19 00:37:39.710697,2026-05-19 00:37:39.865898,0 days 00:00:00.155201,48,1.4135672954096932,1.3013625067828365,0.009149035527598073,2,0.6803418209494115,5000,PRUNED
939,0.011596241034567356,2026-05-19 00:37:39.872189,2026-05-19 00:37:40.022431,0 days 00:00:00.150242,128,1.2962860502166602,0.7884239447444554,0.006905253917923977,2,0.630810467122278,5000,PRUNED
940,5.921667252550833e-05,2026-05-19 00:37:40.028663,2026-05-19 00:37:40.300179,0 days 00:00:00.271516,128,1.5442053121614943,1.601257663881538,0.009999544064822813,2,0.6047041603405686,5000,PRUNED
941,0.004568314179778099,2026-05-19 00:37:40.306543,2026-05-19 00:37:40.466870,0 days 00:00:00.160327,96,1.6378522995062061,0.04769389683575,0.007811203269787334,2,0.5070564112515921,5000,PRUNED
942,0.002433772897347808,2026-05-19 00:37:40.473383,2026-05-19 00:37:40.628716,0 days 00:00:00.155333,128,3.644641734064521,1.0836481854859479,0.00997150215884384,2,0.6586812068097209,5000,PRUNED
943,0.016827339306473732,2026-05-19 00:37:40.635000,2026-05-19 00:37:40.788961,0 days 00:00:00.153961,80,1.43532808274754,1.92407261621373,0.008515856795203572,2,0.583775465938134,5000,PRUNED
944,0.0012310865567997098,2026-05-19 00:37:40.795404,2026-05-19 00:37:40.948609,0 days 00:00:00.153205,128,1.5819860187306063,1.3487388436519747,0.009127532722651517,2,0.6391616528107484,5000,PRUNED
945,0.01755681447684765,2026-05-19 00:37:40.955060,2026-05-19 00:37:41.139642,0 days 00:00:00.184582,128,1.1115503291718967,1.6005972363784406,0.0003530073176418338,2,0.6181336441309045,5000,PRUNED
946,0.0020378881599754095,2026-05-19 00:37:41.146605,2026-05-19 00:37:41.301580,0 days 00:00:00.154975,128,1.372468011742927,0.06302955780560837,0.0072863691852736055,2,0.8360933120512375,5000,PRUNED
947,5.929787948844023e-05,2026-05-19 00:37:41.308021,2026-05-19 00:37:41.581346,0 days 00:00:00.273325,128,1.7063548544446678,1.9666288792307314,0.009996681462242014,2,0.5538586693332801,5000,PRUNED
948,0.005293075926601887,2026-05-19 00:37:41.588067,2026-05-19 00:37:41.748038,0 days 00:00:00.159971,128,1.5131785950832581,1.4651383963608229,0.008508107929130385,2,0.5412478522168036,5000,PRUNED
949,0.0028920434415340424,2026-05-19 00:37:41.755019,2026-05-19 00:37:41.916336,0 days 00:00:00.161317,112,1.647251128292468,0.3877203692783719,0.009244233086389473,2,0.7560660821046252,5000,PRUNED
950,0.013142700307071209,2026-05-19 00:37:41.923474,2026-05-19 00:37:42.074423,0 days 00:00:00.150949,128,1.2025903700852245,1.1854537120478126,0.006479098171305285,2,0.7451259234791197,5000,PRUNED
951,0.017599739134311676,2026-05-19 00:37:42.081955,2026-05-19 00:37:42.237787,0 days 00:00:00.155832,128,1.385308489365504,2.251822393181773,0.007884353355939988,2,0.5128103949072265,5000,PRUNED
952,0.023275354877114296,2026-05-19 00:37:42.246027,2026-05-19 00:37:42.474951,0 days 00:00:00.228924,128,1.6058408680055791,0.6238128486423663,0.008403611974936205,5,0.6775645733069625,5000,PRUNED
953,0.038128409534692764,2026-05-19 00:37:42.483120,2026-05-19 00:37:42.638419,0 days 00:00:00.155299,48,1.3046752061277223,1.791854242139012,0.00026977724615055324,2,0.5984836835355754,5000,PRUNED
954,0.0014394141035154462,2026-05-19 00:37:42.645905,2026-05-19 00:37:42.799985,0 days 00:00:00.154080,128,1.5062630083890527,0.9315542957050325,0.009286379005072098,2,0.48799734553466106,1000,PRUNED
955,0.0035864042583853006,2026-05-19 00:37:42.807370,2026-05-19 00:37:42.957016,0 days 00:00:00.149646,112,1.7088079952694444,1.49923350644298,0.009960647337532665,2,0.5271071555446705,5000,PRUNED
956,0.0026480930391699076,2026-05-19 00:37:42.963569,2026-05-19 00:37:43.114949,0 days 00:00:00.151380,128,1.761665499549053,0.4761073774223556,0.008599428691971061,2,0.45851827102919385,3000,PRUNED
957,0.018653228878974915,2026-05-19 00:37:43.121354,2026-05-19 00:37:43.275318,0 days 00:00:00.153964,128,1.499380816900654,2.230844895707282,0.007634596925997766,2,0.6439537991251286,5000,PRUNED
958,0.0011175271356478333,2026-05-19 00:37:43.281983,2026-05-19 00:37:43.437071,0 days 00:00:00.155088,128,1.6546451752896867,1.7828420572216883,0.009239649942887389,2,0.5744552756767033,5000,PRUNED
959,0.0057199131697416306,2026-05-19 00:37:43.443617,2026-05-19 00:37:43.627721,0 days 00:00:00.184104,128,1.800967280133232,1.1573317428211898,0.008146628159895102,3,0.6628789743729745,5000,PRUNED
960,0.01507160160690546,2026-05-19 00:37:43.634143,2026-05-19 00:37:43.795818,0 days 00:00:00.161675,128,1.2910119344551827,1.368938258163675,0.0072289709823219256,2,0.6255658061953803,5000,PRUNED
961,0.0024040427524596453,2026-05-19 00:37:43.802462,2026-05-19 00:37:43.968387,0 days 00:00:00.165925,64,1.4389638629342714,0.08242221778366973,0.008702253937450761,2,0.6084455933214122,2000,PRUNED
962,0.0032766733784228563,2026-05-19 00:37:43.974871,2026-05-19 00:37:44.127455,0 days 00:00:00.152584,48,1.1689545929323977,0.12006272394012771,0.009237481627407118,2,0.474690038167968,3000,PRUNED
963,5.886970757273957e-05,2026-05-19 00:37:44.134026,2026-05-19 00:37:44.431379,0 days 00:00:00.297353,128,1.6037190440372107,1.9060977660793472,0.009967704864565679,2,0.7272587027999472,5000,PRUNED
964,0.016412166878581047,2026-05-19 00:37:44.437688,2026-05-19 00:37:44.594803,0 days 00:00:00.157115,128,1.8553198224180796,2.587602437264921,0.007789401997642611,2,0.7877019651091973,5000,PRUNED
965,0.001480373553931713,2026-05-19 00:37:44.601413,2026-05-19 00:37:44.753605,0 days 00:00:00.152192,128,1.7182923502183407,1.4446483199972018,0.009993566666281357,2,0.49858621175870765,5000,PRUNED
966,0.019344281405210495,2026-05-19 00:37:44.759969,2026-05-19 00:37:44.922889,0 days 00:00:00.162920,128,1.9331198783984729,2.0643490760245014,0.00020632802904713295,2,0.6516593254257147,5000,PRUNED
967,0.004877914674580097,2026-05-19 00:37:44.929268,2026-05-19 00:37:45.091527,0 days 00:00:00.162259,128,1.5237760465154446,1.6652305520807225,0.008646497788490214,2,0.6361011028924618,5000,PRUNED
968,2.1068108253530227e-05,2026-05-19 00:37:45.097891,2026-05-19 00:37:47.355028,0 days 00:00:02.257137,128,1.285925022922086,1.1165014989162236,0.009229597276200478,2,0.6889328027378101,5000,PRUNED
969,0.0016013631829991937,2026-05-19 00:37:47.363409,2026-05-19 00:37:47.890679,0 days 00:00:00.527270,32,6.438809510543863,2.303410466632122,0.00644190212446594,6,0.5936924370334008,5000,PRUNED
970,0.007102310657501221,2026-05-19 00:37:47.898070,2026-05-19 00:37:48.057621,0 days 00:00:00.159551,128,1.412397174414057,0.8746240102776057,0.008187344864964077,2,0.3767475591994589,5000,PRUNED
971,0.015102088451385498,2026-05-19 00:37:48.066085,2026-05-19 00:37:48.229081,0 days 00:00:00.162996,128,1.6484951920338067,1.7714149305284497,0.00736122901204946,2,0.5234695818189952,5000,PRUNED
972,0.005161777604371309,2026-05-19 00:37:48.236954,2026-05-19 00:37:48.398284,0 days 00:00:00.161330,80,1.9371821822832107,1.2615896597343683,0.008739811163038286,2,0.802034895867304,5000,PRUNED
973,0.0020221006125211716,2026-05-19 00:37:48.405941,2026-05-19 00:37:48.567937,0 days 00:00:00.161996,128,1.8060089694302464,2.714395901265832,0.009987757357912684,2,0.6282345012002976,5000,PRUNED
974,0.003473578952252865,2026-05-19 00:37:48.576752,2026-05-19 00:37:48.739797,0 days 00:00:00.163045,128,1.0025884324636058,0.09928128077424285,0.007926141384381349,2,0.8170823028411522,5000,PRUNED
975,0.00205537979491055,2026-05-19 00:37:48.746320,2026-05-19 00:37:48.909388,0 days 00:00:00.163068,128,1.5706784154422229,1.6155069602343384,0.00902437378450667,2,0.679672720033197,5000,PRUNED
976,0.0026027618441730738,2026-05-19 00:37:48.915731,2026-05-19 00:37:49.078572,0 days 00:00:00.162841,128,25.62844052212206,2.0158190040837307,0.006995137197191275,2,0.8482667911889521,5000,PRUNED
977,0.004888147581368685,2026-05-19 00:37:49.085131,2026-05-19 00:37:49.243190,0 days 00:00:00.158059,128,2.0303355850098233,1.4535136697865032,0.008529308535987124,2,0.611451809495211,3000,PRUNED
978,0.001686208532191813,2026-05-19 00:37:49.249762,2026-05-19 00:37:49.404193,0 days 00:00:00.154431,16,1.3970326463333371,0.17922102469956794,0.009249338909572354,2,0.7164118816365106,5000,PRUNED
979,0.007629069034010172,2026-05-19 00:37:49.410628,2026-05-19 00:37:49.565100,0 days 00:00:00.154472,112,1.1406894466972277,0.7694693525323535,0.0021571109146295304,2,0.6631863518367943,5000,PRUNED
980,0.009801656939089298,2026-05-19 00:37:49.571581,2026-05-19 00:37:49.734638,0 days 00:00:00.163057,128,1.685030149447764,1.0283365787295113,0.007871870995483726,2,0.7479593303599645,5000,PRUNED
981,0.043953828513622284,2026-05-19 00:37:49.741150,2026-05-19 00:37:49.940955,0 days 00:00:00.199805,128,1.8355565145305095,2.3207512600519453,0.009246237648998875,4,0.7687640156828798,5000,PRUNED
982,0.0014392596203833818,2026-05-19 00:37:49.947446,2026-05-19 00:37:50.095264,0 days 00:00:00.147818,128,1.5681161304387268,1.208593610491199,0.00997585491778532,2,0.5616707943492821,5000,PRUNED
983,0.006605891510844231,2026-05-19 00:37:50.101626,2026-05-19 00:37:50.254205,0 days 00:00:00.152579,128,1.4858150066503346,1.7735746803284649,0.008474335993585866,2,0.5122046198440355,5000,PRUNED
984,0.024099452421069145,2026-05-19 00:37:50.260771,2026-05-19 00:37:50.424826,0 days 00:00:00.164055,96,1.7214238847218815,2.8671324240113156,0.0011563888332306572,2,0.48771328810255865,1000,PRUNED
985,0.010545897297561169,2026-05-19 00:37:50.431211,2026-05-19 00:37:50.594061,0 days 00:00:00.162850,48,2.1069186329623286,1.5200378519906594,0.007141900734267419,2,0.5431551527722754,5000,PRUNED
986,0.00305924192070961,2026-05-19 00:37:50.601380,2026-05-19 00:37:50.763554,0 days 00:00:00.162174,128,1.3228258428793498,1.9947493295228946,0.009246163696264062,2,0.6470282724924274,5000,PRUNED
987,0.0075138327665627,2026-05-19 00:37:50.771556,2026-05-19 00:37:50.934520,0 days 00:00:00.162964,128,1.9171946619017577,1.3380149230929879,0.008157029540098325,2,0.43674529755400504,5000,PRUNED
988,0.003996297251433134,2026-05-19 00:37:50.940865,2026-05-19 00:37:51.102811,0 days 00:00:00.161946,128,1.6976032799411165,0.5684438541713024,0.008587339774871836,2,0.7040567176733612,5000,PRUNED
989,0.001999308355152607,2026-05-19 00:37:51.109542,2026-05-19 00:37:51.273856,0 days 00:00:00.164314,128,1.4541714158552939,2.2043849108176063,0.009971710223525013,2,0.6897017219434847,5000,PRUNED
990,0.004509797785431147,2026-05-19 00:37:51.280642,2026-05-19 00:37:51.455954,0 days 00:00:00.175312,112,1.840863143488483,0.13960834139884037,0.009996365833370182,3,0.7301714837507652,5000,PRUNED
991,0.002806002739816904,2026-05-19 00:37:51.463459,2026-05-19 00:37:51.621292,0 days 00:00:00.157833,128,92.34892039168818,1.6635454110893084,0.006151536483194407,2,0.5750631450650505,5000,PRUNED
992,0.008824481628835201,2026-05-19 00:37:51.628931,2026-05-19 00:37:51.791962,0 days 00:00:00.163031,32,1.6170679041112561,0.9923453068591481,0.007829699454853262,2,0.5285909073734788,5000,PRUNED
993,0.00018595541769172996,2026-05-19 00:37:51.800275,2026-05-19 00:37:52.122963,0 days 00:00:00.322688,48,2.072598658791536,0.3058631216433818,0.009209826142611333,3,0.5033554652328305,5000,PRUNED
994,0.013818919658660889,2026-05-19 00:37:52.130885,2026-05-19 00:37:52.294829,0 days 00:00:00.163944,128,1.1937273163727633,2.5735955371382215,0.008657593609772292,2,0.45931683008309376,3000,PRUNED
995,0.01645192690193653,2026-05-19 00:37:52.302743,2026-05-19 00:37:52.458956,0 days 00:00:00.156213,128,1.5149228320935548,1.8335124737981099,0.007438501969107934,2,0.6311687475501928,5000,PRUNED
996,0.0041430736891925335,2026-05-19 00:37:52.465944,2026-05-19 00:37:52.619293,0 days 00:00:00.153349,128,1.7675914955390988,0.07083018699650345,0.009990318227301086,2,0.6720562593907605,2000,PRUNED
997,0.011267408728599548,2026-05-19 00:37:52.625895,2026-05-19 00:37:52.790708,0 days 00:00:00.164813,128,1.3605350201720898,1.264902250741984,0.0008401361913071096,2,0.34611464198928044,5000,PRUNED
998,0.027582772076129913,2026-05-19 00:37:52.797388,2026-05-19 00:37:53.003758,0 days 00:00:00.206370,128,1.9456155858021509,1.514022642768142,0.008629795446834624,4,0.6158056860125747,5000,PRUNED
999,0.026460444554686546,2026-05-19 00:37:53.010501,2026-05-19 00:37:53.170432,0 days 00:00:00.159931,128,1.6258346295007782,3.365629056507088,0.0066949207485686646,2,0.6462729489696022,5000,PRUNED
