run,zeta_true,zeta_pred,omega_0_true,omega_0_pred,abs_error_zeta,rel_error_zeta_pct,abs_error_omega_0,rel_error_omega_0_pct,best_val_loss,damped_case
1,1.2738991002001492,1.117475152015686,1.0869717819503293,0.9720749855041504,0.15642394818446315,12.279147395573679,0.1148967964461789,10.570356871640413,0.0029554327484220266,overdamped
2,1.0,0.9131402373313904,1.4905010577662516,1.4656959772109985,0.08685976266860962,8.685976266860962,0.0248050805552531,1.6642108656016241,0.0023736772127449512,critically_damped
3,0.1871929212671971,0.12319517135620117,1.7297308454093836,1.3400959968566895,0.06399774991099594,34.18812499840539,0.38963484855269415,22.525750152791975,0.0038584540598094463,underdamped
4,1.0,0.9645839929580688,1.7036584209685275,1.7273224592208862,0.03541600704193115,3.5416007041931152,0.023664038252358743,1.3890130768646551,0.002727092942222953,critically_damped
5,1.9458957346770092,1.4811491966247559,3.9894745360950994,3.0546133518218994,0.4647465380522533,23.88342446977996,0.9348611842732,23.433190908099963,0.0026430205907672644,overdamped
6,1.0,0.8847500085830688,2.6778921917697622,2.5768959522247314,0.11524999141693115,11.524999141693115,0.10099623954503079,3.7714826554792897,0.0028567698318511248,critically_damped
7,0.37585574494007284,0.3751744031906128,1.4747078736023833,1.503428339958191,0.0006813417494600515,0.18127746047055526,0.028720466355807606,1.9475359744062324,0.0034561404027044773,underdamped
8,0.4913051182532464,0.4446696937084198,1.2026387108155905,1.112788438796997,0.04663542454482661,9.492151172906787,0.08985027201859341,7.47109428713299,0.002990177134051919,underdamped
9,1.1572613809174928,1.0633405447006226,3.5050678532664126,3.2757644653320312,0.0939208362168702,8.115784192367023,0.22930338793438132,6.542052751437918,0.0025454163551330566,overdamped
10,1.64782972681977,1.4588050842285156,0.5297291577066695,0.4611751139163971,0.1890246425912543,11.47112711433253,0.06855404379027241,12.941338567629558,0.0027163170743733644,overdamped
11,0.5645223301391754,0.6686824560165405,3.381695737092432,3.8656394481658936,0.10416012587736512,18.45101961718429,0.48394371107346146,14.310681643096437,0.002954545198008418,underdamped
12,1.55037275710557,1.2740870714187622,0.9644375534970708,0.8391528129577637,0.2762856856868079,17.820597299620548,0.12528474053930716,12.990446098352566,0.002485669683665037,overdamped
13,1.3070483709907246,1.0830681324005127,3.6761412915478697,3.1744821071624756,0.22398023859021188,17.13633891150011,0.5016591843853941,13.646352101286249,0.002755319932475686,overdamped
14,0.06396018712468077,0.027934106066823006,1.8768318287444201,1.168056845664978,0.03602608105785776,56.325790585368885,0.7087749830794421,37.76443750709432,0.03372696787118912,underdamped
15,0.3340944879460958,0.333215594291687,1.5495214315065766,1.588871717453003,0.0008788936544087966,0.2630673914472366,0.03935028594642631,2.5395122097902583,0.0031792903319001198,underdamped
16,0.7660327959901132,0.7084900736808777,1.5495797334615156,1.5639410018920898,0.05754272230923552,7.5117831260553745,0.014361268430574281,0.926784735270994,0.0023437589406967163,underdamped
17,1.294328670981296,1.1956697702407837,0.822821690418656,0.7878191471099854,0.09865890074051231,7.622399391470948,0.0350025433086707,4.253964585068391,0.002677458105608821,overdamped
18,1.4154267659895114,1.1851571798324585,1.0989720471021893,0.9792868494987488,0.23026958615705295,16.268562365081014,0.11968519760344054,10.890649850378903,0.002402443438768387,overdamped
19,0.6038637524152247,0.6651309132575989,3.436784521191855,3.7006165981292725,0.06126716084237416,10.145858332666744,0.2638320769374176,7.676712790999255,0.0026022803504019976,underdamped
20,1.0,1.0013110637664795,3.3085933896564437,3.420426368713379,0.0013110637664794922,0.13110637664794922,0.11183297905693523,3.380076240451768,0.0024509415961802006,critically_damped
21,0.8896579007536443,0.9959201216697693,0.32137132156872783,0.3326191008090973,0.10626222091612503,11.94416649659476,0.01124777924036946,3.499932472339176,0.002807615092024207,underdamped
22,1.3771485115076154,1.1007874011993408,3.8472686790602686,3.3185949325561523,0.2763611103082746,20.06763308379369,0.5286737465041162,13.741534335294975,0.002582243410870433,overdamped
23,1.7484290620420113,1.4527209997177124,1.3312095719291681,1.1750836372375488,0.2957080623242989,16.912785811220612,0.15612593469161928,11.728125907730968,0.0023609870113432407,overdamped
24,1.4947535897792672,1.2878813743591309,1.2777633970111992,1.1374517679214478,0.20687221542013634,13.839887512876656,0.14031162908975148,10.981033688862327,0.002554492326453328,overdamped
25,1.0,0.9388605952262878,3.5916258006043247,3.593167304992676,0.06113940477371216,6.113940477371216,0.0015415043883511004,0.04291940402287253,0.002779592527076602,critically_damped
26,1.941857673469163,1.3807892799377441,3.428847341698873,2.4120543003082275,0.5610683935314189,28.89338395893147,1.0167930413906454,29.654077305374006,0.0030567236244678497,overdamped
27,0.21190050683867218,0.26269957423210144,3.5704578847969084,3.734005928039551,0.050799067393429265,23.973074982828855,0.16354804324264238,4.580590179736714,0.007497722748667002,underdamped
28,0.18672712217063592,0.27024954557418823,3.7389426881239247,3.9206323623657227,0.08352242340355231,44.72966885187007,0.18168967424179794,4.859386446839699,0.009525810368359089,underdamped
29,1.661735876245046,1.387147068977356,2.121323129074124,1.8693110942840576,0.2745888072676901,16.524214900394803,0.2520120347900665,11.879945649772841,0.002574977232143283,overdamped
30,1.7479610105937227,1.358974814414978,1.3413603059211099,1.1154698133468628,0.38898619617874464,22.25371125678709,0.2258904925742471,16.840403848027133,0.0026697306893765926,overdamped
31,1.468896228781364,1.2894169092178345,2.7945928411274417,2.498683214187622,0.17947931956352958,12.218652076765862,0.2959096269398196,10.588649000490488,0.0027188705280423164,overdamped
32,1.4686374528148567,1.3447250127792358,2.2039033617368786,2.1649537086486816,0.12391244003562085,8.437238189597078,0.03894965308819698,1.7673031297298383,0.002895719138905406,overdamped
33,1.0,0.9426926374435425,2.1141393735243104,2.1141600608825684,0.05730736255645752,5.730736255645752,2.0687358257998056e-05,0.000978523862573537,0.0025767022743821144,critically_damped
34,0.6937298502223685,0.6706584692001343,0.8835164869212446,0.8755866885185242,0.023071381022234272,3.325701065744678,0.007929798402720456,0.8975269301824932,0.0026117884553968906,underdamped
35,1.7452376703957138,1.2769572734832764,3.0988357646406253,2.3478996753692627,0.4682803969124374,26.831898305647954,0.7509360892713626,24.232845697727683,0.0026350675616413355,overdamped
36,1.0,0.9898667931556702,3.3782019338479734,3.4972007274627686,0.010133206844329834,1.0133206844329834,0.11899879361479515,3.522548265172782,0.0022395304404199123,critically_damped
37,1.4828576314398412,1.35675048828125,1.2810925419487884,1.2525628805160522,0.12610714315859117,8.50433247837436,0.028529661432736164,2.226978965105601,0.002578224753960967,overdamped
38,1.8446088916645724,1.4945714473724365,3.156279059382254,2.6392648220062256,0.3500374442921359,18.97624184041868,0.5170142373760283,16.380498290832946,0.0029911946039646864,overdamped
39,1.7862517606718697,1.397119402885437,1.9521616250283098,1.5686661005020142,0.38913235778643274,21.78485510016051,0.38349552452629565,19.64466054498609,0.002715999959036708,overdamped
40,0.17127206992101437,0.083785779774189,1.640286560267911,1.148498773574829,0.08748629014682538,51.08030176033458,0.491787786693082,29.981821384475488,0.0031302603892982006,underdamped
41,1.8497639765854452,1.6002238988876343,0.6901386807403649,0.5986165404319763,0.24954007769781095,13.490373953462276,0.09152214030838857,13.261412939527709,0.0025476051960140467,overdamped
42,1.2806488016723991,1.1865121126174927,0.5888419426660059,0.5634379386901855,0.09413668905490646,7.35070293526011,0.025404003975820322,4.31423139812403,0.0026282197795808315,overdamped
43,1.7423572034360606,1.4398982524871826,0.524998814356906,0.4186337888240814,0.302458950948878,17.359181593326902,0.10636502553282456,20.26005061804106,0.0024246121756732464,overdamped
44,0.4787117397603843,0.5196421146392822,3.2645974245184726,3.5727663040161133,0.040930374878897946,8.550108860790703,0.3081688794976407,9.439720719717702,0.002755743218585849,underdamped
45,0.9030491723993026,0.9067013263702393,3.1880772812652522,3.2235658168792725,0.0036521539709366557,0.40442470715446016,0.03548853561402021,1.1131642204086056,0.0025066393427550793,underdamped
46,0.545343249937473,0.5584889650344849,2.1581280266060836,2.228120803833008,0.0131457150970119,2.410539618583184,0.06999277722692421,3.2432171013040536,0.0026482688263058662,underdamped
47,1.7023814178432852,1.4419834613800049,2.435101997896729,2.157099485397339,0.26039795646328034,15.296099554069004,0.27800251249939034,11.416462749384193,0.00218587601557374,overdamped
48,1.0,1.0868396759033203,0.32603309922059853,0.327888548374176,0.08683967590332031,8.683967590332031,0.001855449153577493,0.5690984007492044,0.0023991696070879698,critically_damped
49,0.43486614446468946,0.48162564635276794,3.5471077067342063,3.8489203453063965,0.04675950188807848,10.752619509076382,0.3018126385721902,8.508696761567093,0.0028484531212598085,underdamped
50,1.88660578080674,1.5138773918151855,2.541830891851575,2.134108066558838,0.37272838899155447,19.756559254905408,0.40772282529273696,16.040517353053914,0.0024916843976825476,overdamped
51,0.5964386293485088,0.6487529873847961,2.6482671330271366,2.8901162147521973,0.05231435803628737,8.771121698376655,0.2418490817250607,9.132352197741167,0.0031907230149954557,underdamped
52,1.6428329079401416,1.3843975067138672,1.3770439415050006,1.223460078239441,0.2584354012262744,15.731082569456953,0.15358386326555973,11.153156310880293,0.0023921492975205183,overdamped
53,0.6243011318659276,0.6748510599136353,3.1983689347954947,3.5128467082977295,0.05054992804770764,8.097042511619783,0.3144777735022348,9.832442095125048,0.0024311344604939222,underdamped
54,0.7696166121093132,0.774395227432251,2.6895901559877977,2.7901804447174072,0.004778615322937774,0.6209085468985482,0.10059028872960951,3.739985756033005,0.0026547396555542946,underdamped
55,0.6803293954816506,0.6344611048698425,1.189291367889461,1.172953486442566,0.04586829061180808,6.742070960984253,0.016337881446895075,1.373749266833458,0.0025531607680022717,underdamped
56,1.0357037670251374,0.9847269654273987,3.9399283179890103,3.844587802886963,0.05097680159773876,4.9219480724840805,0.09534051510204744,2.4198540533526876,0.0023821976501494646,overdamped
57,1.329060490382381,1.2476985454559326,2.024996383746658,2.0073370933532715,0.08136194492644844,6.121763871186929,0.017659290393386318,0.872065280467959,0.0024075412657111883,overdamped
58,0.8749367257110682,0.8684068322181702,1.9649819736333296,1.973354458808899,0.006529893492898009,0.7463275115798931,0.008372485175569322,0.4260845792945502,0.0022405539639294147,underdamped
59,1.84550734665526,1.3178179264068604,1.9958942210680672,1.4974706172943115,0.5276894202483997,28.593189900043885,0.4984236037737557,24.972445859732648,0.0029722426552325487,overdamped
60,1.7930351754401725,1.5708357095718384,1.5657286362737646,1.439308762550354,0.22219946586833417,12.392365131029088,0.12641987372341057,8.074188003885132,0.0024562410544604063,overdamped
61,0.11409929160760576,0.06305508315563202,1.4347991990821458,1.1038953065872192,0.051044208451973744,44.73665675990155,0.3309038924949266,23.062731893536657,0.0037848358042538166,underdamped
62,1.9954951362780227,1.6862642765045166,2.1382085006039264,1.8807182312011719,0.30923085977350606,15.496447681164502,0.25749026940275455,12.042336812805097,0.0028177392669022083,overdamped
63,1.3664891321389554,1.232580304145813,1.0975545682212895,1.011711597442627,0.1339088279931424,9.799479911233243,0.08584297077866254,7.82129410820828,0.0024203455541282892,overdamped
64,1.5060556480122846,1.2555205821990967,2.94964606737321,2.6422135829925537,0.25053506581318796,16.635179858317187,0.3074324843806564,10.422690633335495,0.0026298777665942907,overdamped
65,1.9350253975844518,1.4402002096176147,2.2125953694091347,1.7671781778335571,0.49482518796683705,25.57202549302669,0.4454171915755776,20.13098272435256,0.002408062107861042,overdamped
66,1.326479055649669,1.1497304439544678,3.0200988307279477,2.74507212638855,0.17674861169520129,13.324643984569754,0.2750267043393979,9.106546499112648,0.0026489966548979282,overdamped
67,1.7518807939776178,1.499593734741211,1.8880935290408956,1.6111068725585938,0.2522870592364068,14.400926141988979,0.2769866564823018,14.67017667408691,0.0019182064570486546,overdamped
68,1.209148396728561,1.0964014530181885,3.41611663865107,3.2411890029907227,0.11274694371037253,9.324491850249117,0.1749276356603473,5.120657581803805,0.002756706904619932,overdamped
69,1.7434458540351172,1.3323404788970947,1.247118882098238,0.9777331948280334,0.4111053751380225,23.580048338555503,0.2693856872702045,21.6006421791138,0.0024705426767468452,overdamped
70,0.0304226470131913,0.13509301841259003,3.250969002251038,3.3619654178619385,0.10467037139939872,344.0541230814449,0.11099641561090046,3.4142563504617933,0.1711726188659668,underdamped
71,1.3824692458756214,1.2577131986618042,3.5461693517577197,3.402566432952881,0.12475604721381717,9.024146293742673,0.14360291880483889,4.049522303091916,0.0028969943523406982,overdamped
72,0.5911981553199606,0.6762991547584534,3.8826323107273866,4.301821231842041,0.08510099943849281,14.39466592930006,0.41918892111465444,10.796513487936283,0.002694283612072468,underdamped
73,1.3117359050106128,1.1981759071350098,3.540886921199344,3.411226272583008,0.113559997875603,8.657230273397467,0.12966064861633608,3.661812746407003,0.0025461013428866863,overdamped
74,0.6687224805086691,0.68282151222229,1.6375458142098958,1.6895543336868286,0.014099031713620924,2.10835318455219,0.05200851947693286,3.176003933790799,0.0025136899203062057,underdamped
75,1.0,0.948889970779419,0.6028582028083677,0.5825719237327576,0.051110029220581055,5.1110029220581055,0.020286279075610092,3.3650166790645053,0.002291780896484852,critically_damped
76,1.9162046945072737,1.468864917755127,2.21957108427244,1.8689472675323486,0.44733977675214676,23.34509345658263,0.35062381674009124,15.796917666866403,0.003149374620988965,overdamped
77,1.0,0.9905610680580139,0.44782037785213624,0.4439045786857605,0.009438931941986084,0.9438931941986084,0.003915799166375744,0.8744129030387009,0.0025556357577443123,critically_damped
78,0.4300937520912594,0.4752407371997833,3.228789141479592,3.465099811553955,0.04514698510852394,10.497010219052063,0.23631067007436313,7.318863503303093,0.0035862820222973824,underdamped
79,1.5567864832386946,1.2877558469772339,1.7623846745024812,1.5074962377548218,0.26903063626146073,17.281151857239728,0.2548884367476594,14.46270161306379,0.0025492655113339424,overdamped
80,1.8341279894014182,1.3954137563705444,1.2867008713592243,0.9836574196815491,0.43871423303087376,23.91949937877844,0.3030434516776752,23.551973766641744,0.002791785169392824,overdamped
81,1.494463219117899,1.3294739723205566,3.3831753803119695,3.0613019466400146,0.1649892467973424,11.040033952439902,0.32187343367195487,9.513944667044552,0.0025778645649552345,overdamped
82,1.746504299719029,1.4256725311279297,2.6690073261668292,2.300649881362915,0.3208317685910993,18.369938662201605,0.3683574448039142,13.801290134821068,0.0025842736940830946,overdamped
83,0.47251883443484294,0.4471510350704193,1.521880543203441,1.4987423419952393,0.025367799364423627,5.368632425999449,0.02313820120820176,1.5203690796583569,0.0031345400493592024,underdamped
84,0.6361780469259917,0.7313193082809448,0.34630831871330037,0.3630558252334595,0.09514126135495315,14.95513116409394,0.016747506520159106,4.836010460962657,0.0026588186156004667,underdamped
85,1.0,0.9356709718704224,2.2505565083440975,2.185166120529175,0.06432902812957764,6.432902812957764,0.06539038781492268,2.9055208155175483,0.0025634083431214094,critically_damped
86,1.0,0.9796848893165588,2.9306080438249533,2.986684799194336,0.020315110683441162,2.031511068344116,0.056076755369382614,1.9134853426592213,0.0023777438327670097,critically_damped
87,1.8944836244692116,1.5506343841552734,2.15828581254588,1.8875244855880737,0.34384924031393815,18.15002441154784,0.2707613269578064,12.545202557691864,0.002590659772977233,overdamped
88,1.8921929817606804,1.5973371267318726,2.181018459278448,1.9633985757827759,0.29485585502880785,15.582758094496537,0.21761988349567218,9.977901955385923,0.0026662927120923996,overdamped
89,1.8272230191055636,1.4669854640960693,1.84899319486436,1.5573993921279907,0.3602375550094943,19.715029377521343,0.29159380273636937,15.770409731430101,0.0020589358173310757,overdamped
90,0.654696971568543,0.6612729430198669,2.6311716078307414,2.7870006561279297,0.0065759714513239365,1.0044297952943058,0.15582904829718824,5.922420560993392,0.002662405837327242,underdamped
91,0.9112384535493488,0.8364356756210327,1.9323039829842543,1.928205132484436,0.07480277792831613,8.208913664360097,0.004098850499818285,0.21212244739505282,0.0030219864565879107,underdamped
92,1.7650257702822887,1.508470892906189,2.833058820760391,2.5624794960021973,0.2565548773760997,14.53547487496841,0.2705793247581938,9.550783865672456,0.002325645415112376,overdamped
93,0.7693938643091413,0.7946525812149048,2.48341899628773,2.616457462310791,0.025258716905763534,3.2829371375925898,0.13303846602306102,5.357068872466945,0.0024594287388026714,underdamped
94,0.1631232563957605,0.10666993260383606,1.189514290157795,0.8835338354110718,0.05645332379192444,34.60777147248738,0.3059804547467233,25.72314240177253,0.0033199673052877188,underdamped
95,1.0,0.9490157961845398,0.8661108335753922,0.8577115535736084,0.050984203815460205,5.0984203815460205,0.008399280001783804,0.969769650277983,0.0023898519575595856,critically_damped
96,1.7544255486908091,1.438806414604187,3.178177066185911,2.6578869819641113,0.3156191340866221,17.989884741597844,0.5202900842217995,16.370707905402917,0.002707334002479911,overdamped
97,0.33221339152691753,0.3949838876724243,2.676569254250615,2.822392225265503,0.06277049614550678,18.89463150687615,0.14582297101488795,5.448129944080801,0.004740655887871981,underdamped
98,1.9542354201258254,1.5327187776565552,2.6503623497009867,2.133051872253418,0.42151664246927023,21.569389139519867,0.5173104774475688,19.518481218461755,0.0021468757186084986,overdamped
99,1.0,0.9375348091125488,1.03234675494742,0.9763691425323486,0.06246519088745117,6.246519088745117,0.055977612415071265,5.422365319288707,0.0021750829182565212,critically_damped
100,1.5538587400330743,1.2664817571640015,1.3581507215797775,1.2126654386520386,0.2873769828690729,18.494408498352684,0.14548528292773888,10.712013078969093,0.002688302891328931,overdamped
101,1.2208805995741339,0.9926421642303467,3.153254739548156,2.7855985164642334,0.22823843534378718,18.69457467203599,0.36765622308392265,11.659578862207807,0.0027714320458471775,overdamped
102,0.9732222979282591,0.9497782588005066,1.3887662964642469,1.3581064939498901,0.023444039127752503,2.4089089592027286,0.030659802514356738,2.2077006471438416,0.003242362756282091,underdamped
103,1.7294655651545747,1.3205807209014893,1.6220591987851418,1.3297675848007202,0.40888484425308547,23.642265708628926,0.2922916139844216,18.019787083192554,0.002771379193291068,overdamped
104,0.8596371473334218,0.8752099871635437,3.363681663171159,3.5139946937561035,0.01557283983012192,1.8115596654272765,0.1503130305849445,4.4687055921705365,0.002333032200112939,underdamped
105,1.519577792681568,1.2466697692871094,3.3968492482275665,2.8877615928649902,0.2729080233944585,17.95946378716573,0.5090876553625763,14.987054713370393,0.0026793989818543196,overdamped
106,1.0,0.9410190582275391,1.8725580003734346,1.8078240156173706,0.05898094177246094,5.898094177246094,0.06473398475606396,3.4569815590841184,0.002630788367241621,critically_damped
107,0.760015663521376,0.7859588861465454,2.800357059677251,2.9321179389953613,0.02594322262516946,3.413511572244036,0.1317608793181102,4.705145683575651,0.0023610356729477644,underdamped
108,0.5829292161448876,0.6026638150215149,2.4695112954686733,2.588789939880371,0.01973459887662732,3.3854194180108252,0.11927864441169778,4.8300505703522445,0.0026741819456219673,underdamped
109,0.7944051275788674,0.8010488748550415,1.7750050793053207,1.8198152780532837,0.006643747276174117,0.8363172700587251,0.04481019874796299,2.5245110152304604,0.002648415509611368,underdamped
110,1.796084778462423,1.3348171710968018,2.575311130022706,2.0505950450897217,0.4612676073656212,25.68183934839085,0.5247160849329844,20.374861849347038,0.002849888987839222,overdamped
111,0.26148039113878857,0.28263601660728455,2.887657650326954,2.9846508502960205,0.021155625468495975,8.090712032500743,0.09699319996906652,3.358888473433979,0.004619518294930458,underdamped
112,0.9014493147347905,0.7960090041160583,1.1762481442988766,1.1288195848464966,0.10544031061873216,11.696754204062273,0.047428559452380004,4.032189949226287,0.0024599165190011263,underdamped
113,1.284395804680127,1.1466999053955078,1.658451707953149,1.5159071683883667,0.13769589928461912,10.72067494948815,0.1425445395647822,8.595037098831765,0.0027262824587523937,overdamped
114,1.0,0.9463520646095276,3.9464101951385273,3.871715784072876,0.05364793539047241,5.364793539047241,0.07469441106565133,1.8927178719958027,0.002209735568612814,critically_damped
115,1.7508111351509599,1.3957442045211792,3.7519972602516067,3.132024049758911,0.3550669306297807,20.28013893109983,0.6199732104926956,16.523818315664776,0.0020073039922863245,overdamped
116,1.679237079047439,1.3567742109298706,3.430884092848492,2.8409411907196045,0.3224628681175683,19.20293877148592,0.5899429021288873,17.195069438766357,0.0025958879850804806,overdamped
117,0.7393979833481185,0.7074099779129028,0.9545901408431587,0.9324036240577698,0.03198800543521563,4.326222975395274,0.022186516785388966,2.3241929531968903,0.0030991907697170973,underdamped
118,1.733904930092971,1.2874491214752197,1.5367794082003017,1.260911464691162,0.44645580861775125,25.74857484220963,0.27586794350913957,17.95104372410899,0.0025764016900211573,overdamped
119,0.37303697134494146,0.28066715598106384,0.41981695352202136,0.3616489768028259,0.09236981536387762,24.76157122733679,0.058167976719195436,13.855556863818805,0.0025648176670074463,underdamped
120,0.546140389765326,0.5400342345237732,2.1932465441687383,2.3346736431121826,0.00610615524155278,1.1180559716846006,0.1414270989434443,6.448299180931643,0.003193644108250737,underdamped
121,1.7390664554718425,1.507256031036377,1.1237102249863211,1.0143141746520996,0.2318104244354655,13.329589775370076,0.1093960503342215,9.73525450794516,0.002452714601531625,overdamped
122,0.05804486649038722,-0.011227825656533241,0.8210982219519696,0.6102595925331116,0.06927269214692046,119.34335684688442,0.210838629418858,25.677638044037938,0.0021585591603070498,underdamped
123,0.8547784269831441,0.8834721446037292,3.765284204640161,4.023100852966309,0.028693717620585146,3.356860294410656,0.2578166483261475,6.847202875374619,0.0025623561814427376,underdamped
124,0.9752388736667684,0.9337524175643921,3.797866258539892,3.724445104598999,0.041486456102376335,4.253978919686905,0.0734211539408931,1.933221154794435,0.0028771471697837114,underdamped
125,1.714706733909245,1.225279450416565,2.339822988337911,1.779733419418335,0.48942728349268005,28.542914879494734,0.560089568919576,23.93726242160885,0.002727261045947671,overdamped
126,0.5713487197092865,0.6245279312133789,3.3137595800150743,3.5745644569396973,0.05317921150409244,9.307662670733047,0.26080487692462295,7.8703620654168445,0.0026241757441312075,underdamped
127,0.7953205604622915,0.8176989555358887,1.241692009614672,1.2571110725402832,0.02237839507359718,2.813757896638484,0.015419062925611238,1.241778380324454,0.002677598735317588,underdamped
128,1.4735769982599283,1.1627745628356934,3.8910672193191727,3.2943673133850098,0.3108024354242349,21.091699706988205,0.5966999059341629,15.335122019263615,0.0022600942756980658,overdamped
129,1.0636330396414295,1.0388685464859009,2.683812713029718,2.717264413833618,0.024764493155528644,2.32829295749192,0.03345170080390014,1.246424560160049,0.00291439495049417,overdamped
130,0.6955693429722222,0.6723488569259644,0.7970523957377387,0.76268470287323,0.023220486046257816,3.3383423638303067,0.03436769286450869,4.311848637340651,0.00260052178055048,underdamped
131,0.643477123694375,0.6505441069602966,2.08315288242341,2.1746535301208496,0.007066983265921589,1.098249340294825,0.0915006476974396,4.392411544513884,0.003053517546504736,underdamped
132,1.8973552668780067,1.3756022453308105,3.076103760572488,2.229231834411621,0.5217530215471962,27.49896293305744,0.8468719261608668,27.530668406427782,0.0030075418762862682,overdamped
133,0.10505738624192638,0.1962055265903473,3.5461155120822467,3.6557796001434326,0.0911481403484209,86.76033509773863,0.10966408806118588,3.0925131369111023,0.037257663905620575,underdamped
134,1.0571907955593278,0.9771666526794434,2.49620121937807,2.450120449066162,0.08002414287988446,7.569508097878027,0.04608077031190794,1.8460358866177056,0.002942265011370182,overdamped
135,1.483284354064583,1.2714362144470215,3.1881825670575,2.839078903198242,0.21184813961756155,14.282368652850872,0.34910366385925773,10.949927004382918,0.002896639984101057,overdamped
136,0.4058990281488229,0.401510089635849,2.573854634028156,2.651005744934082,0.0043889385129738945,1.081288253630578,0.07715111090592597,2.9974929386428584,0.003168057417497039,underdamped
137,1.0,0.8918589949607849,2.373153847423049,2.247189521789551,0.10814100503921509,10.814100503921509,0.12596432563349813,5.307887045345997,0.0026524944696575403,critically_damped
138,0.43822507295325924,0.461967796087265,1.631743836082664,1.6869450807571411,0.023742723134005772,5.4179289591990445,0.05520124467447718,3.3829602082027224,0.0025999932549893856,underdamped
139,0.4835334738572719,0.5014004111289978,3.004191906355238,3.1497344970703125,0.01786693727172589,3.695077639443801,0.14554259071507447,4.844650250444568,0.0021589933894574642,underdamped
140,0.7568148692066299,0.7338507771492004,2.028511515234887,2.087242364883423,0.02296409205742944,3.0343077272652863,0.0587308496485357,2.8952682401576153,0.0029381171334534883,underdamped
141,0.7493838301185664,0.7182514667510986,1.3976970311176506,1.3737313747406006,0.03113236336746772,4.15439486631864,0.02396565637705006,1.7146531647052456,0.002379513345658779,underdamped
142,1.3954588588215182,1.0372483730316162,3.9869694749553615,3.163989543914795,0.358210485789902,25.66972745383659,0.8229799310405665,20.641741458273412,0.0025844434276223183,overdamped
143,1.0,0.9938441514968872,1.7140819108829022,1.697262167930603,0.006155848503112793,0.6155848503112793,0.016819742952299155,0.9812683306152805,0.0028645615093410015,critically_damped
144,0.9790252194484348,0.9469113349914551,0.6363895528666602,0.6297330856323242,0.03211388445697971,3.280189704926304,0.006656467234335994,1.045973681426963,0.0028958842158317566,underdamped
145,0.045347328402575396,0.04944191500544548,1.9217343891707799,1.4161746501922607,0.0040945866028700845,9.029388824232349,0.5055597389785191,26.307472137014003,0.049540240317583084,underdamped
146,0.5378405930963917,0.5397343039512634,0.8628349050210631,0.868121862411499,0.0018937108548717774,0.3520951893886498,0.005286957390435942,0.6127426416884328,0.0032473045866936445,underdamped
147,1.7835770897112824,1.3938404321670532,3.0793165378990053,2.5205371379852295,0.38973665754422915,21.851405234596168,0.5587793999137758,18.14621501351163,0.001956444000825286,overdamped
148,1.7644346811570166,1.3797575235366821,1.2711041224652058,1.050909161567688,0.3846771576203345,21.801722768682204,0.22019496089751778,17.323125384131956,0.0027503997553139925,overdamped
149,1.214044033180269,1.1042553186416626,3.3002874017540527,3.0835072994232178,0.1097887145386065,9.043223436550951,0.2167801023308349,6.568521947986092,0.0025577768683433533,overdamped
150,0.6563693583575732,0.6417651772499084,1.8417358982357779,1.880924105644226,0.014604181107664704,2.224994345288849,0.039188207408448195,2.1277864782886122,0.0024902652949094772,underdamped
151,1.15021368634445,1.132546305656433,0.9580627595375717,0.9542554020881653,0.017667380688016987,1.5360085606498517,0.003807357449406412,0.3974016745253839,0.002076630014926195,overdamped
152,0.638130009592638,0.6930233836174011,3.4350130713595206,3.7330119609832764,0.05489337402476313,8.602224186228966,0.29799888962375576,8.675334953115994,0.002373888622969389,underdamped
153,0.2742006029632374,0.3243922293186188,2.7701474910423647,2.836282730102539,0.05019162635538138,18.30471042476543,0.06613523906017438,2.387426636091809,0.005329928360879421,underdamped
154,1.3611198643864069,1.2331926822662354,3.0392081522485044,2.782602548599243,0.1279271821201715,9.398671304958224,0.2566056036492612,8.44317305017151,0.0026931457687169313,overdamped
155,0.849584340555332,0.8623173236846924,2.4516347288348204,2.5179991722106934,0.012732983129360331,1.4987309112874418,0.066364443375873,2.7069466179170085,0.002407839521765709,underdamped
156,1.9294624244670058,1.4808952808380127,1.7577300096804307,1.4227042198181152,0.4485671436289931,23.24829641359329,0.33502578986231546,19.060139385298758,0.0022989849094301462,overdamped
157,0.6617603794720075,0.657825231552124,2.4291922805957356,2.5370934009552,0.003935147919883475,0.5946484621855382,0.10790112035946464,4.441851771939723,0.0029708032961934805,underdamped
158,0.687301381594605,0.7176409363746643,2.511740664199696,2.645876169204712,0.03033955478005934,4.414301439299987,0.1341355050050157,5.340340542193461,0.002364358166232705,underdamped
159,1.8469653203350698,1.4441064596176147,2.9628292182040874,2.418065309524536,0.402858860717455,21.811934218904003,0.5447639086795513,18.386611868562532,0.0027305951807647943,overdamped
160,0.46495800349361954,0.47749364376068115,2.1628756409240797,2.219487428665161,0.01253564026706161,2.69608011322976,0.05661178774108144,2.6174314727079864,0.0030807103030383587,underdamped
161,1.609251992826516,1.2532434463500977,3.2005376018607987,2.641859531402588,0.35600854647641844,22.122610260132056,0.5586780704582108,17.45575712447166,0.00279697822406888,overdamped
162,1.5181619180244716,1.3831167221069336,1.3447291713534735,1.2741338014602661,0.13504519591753805,8.89530914418321,0.07059536989320736,5.249783480353367,0.002531222067773342,overdamped
163,1.935257381044777,1.4713120460510254,3.957094167951185,3.107576847076416,0.4639453349937517,23.973314326969984,0.849517320874769,21.468210884519156,0.0028869344387203455,overdamped
164,1.4811819745812493,1.3084943294525146,3.0873893457401524,2.846123456954956,0.1726876451287347,11.658773067202352,0.2412658887851964,7.814559868132108,0.002724212361499667,overdamped
165,1.0,0.9738450646400452,1.492671155110647,1.4690550565719604,0.026154935359954834,2.6154935359954834,0.023616098538686625,1.582136725683296,0.002745246747508645,critically_damped
166,0.6417742214898107,0.6908611059188843,3.6747207856324646,3.94596004486084,0.04908688442907361,7.648622020860174,0.2712392592283752,7.381220915855015,0.0023712250404059887,underdamped
167,0.9626464617541499,0.946846604347229,2.1835397767671805,2.277771234512329,0.015799857406920914,1.641293874194495,0.09423145774514863,4.315536577248075,0.00267767789773643,underdamped
168,1.238012291827244,1.1869486570358276,2.25016815478417,2.2025270462036133,0.0510636347914164,4.124646833356479,0.04764110858055659,2.117224371843721,0.0024731140583753586,overdamped
169,1.0,0.9680599570274353,1.6052725900105256,1.6080636978149414,0.0319400429725647,3.1940042972564697,0.0027911078044158266,0.17387126783230789,0.002410448621958494,critically_damped
170,0.11066518800763263,0.04976220056414604,0.781797014025095,0.6439574956893921,0.060902987443486586,55.03355530312394,0.13783951833570296,17.631113430074883,0.002532419515773654,underdamped
171,1.0,0.9711400270462036,1.4743658909895683,1.4986752271652222,0.028859972953796387,2.8859972953796387,0.024309336175653895,1.6487994143257003,0.0024688970297574997,critically_damped
172,1.0,0.9586557149887085,1.9824353587003583,1.9977980852127075,0.041344285011291504,4.13442850112915,0.015362726512349267,0.774942115763146,0.0029966162983328104,critically_damped
173,1.5756849051479582,1.2874205112457275,1.9063310892765375,1.6090030670166016,0.2882643939022307,18.294545626504075,0.29732802225993593,15.596872124284216,0.0025683359708637,overdamped
174,0.5473447663222885,0.5448699593544006,1.7730645287397067,1.8505711555480957,0.0024748069678878215,0.4521477357893656,0.07750662680838905,4.371337058075417,0.0029327422380447388,underdamped
175,1.8080623478904891,1.6099148988723755,1.3763745626843835,1.203216791152954,0.19814744901811365,10.95910488094048,0.17315777153142942,12.580715760520505,0.0026370221748948097,overdamped
176,1.0,0.9805928468704224,2.754789606814312,2.889247179031372,0.019407153129577637,1.9407153129577637,0.13445757221706023,4.880865380225875,0.002383048180490732,critically_damped
177,0.2920902961809649,0.275035560131073,1.4258510232264356,1.41386878490448,0.017054736049891883,5.838857460477086,0.011982238321955663,0.840356960634084,0.004359947517514229,underdamped
178,0.9762397447491165,0.9371719360351562,3.362235265156069,3.2908098697662354,0.039067808713960206,4.001866234610253,0.07142539538983383,2.124342580367242,0.0026126825250685215,underdamped
179,1.7619613756287311,1.3219006061553955,3.706733117221485,2.9467554092407227,0.4400607694733356,24.975619531745192,0.7599777079807621,20.502628161976517,0.0023821385111659765,overdamped
180,1.143992492754034,1.033126950263977,3.7164785297181133,3.49817156791687,0.11086554249005687,9.691107519697134,0.2183069618012432,5.87402725605955,0.0028426663484424353,overdamped
181,0.6251406858919425,0.6540384292602539,2.9504653967464507,3.170794725418091,0.028897743368311413,4.62259840392255,0.22032932867164012,7.467612699833816,0.003422670066356659,underdamped
182,0.5357148364948889,0.595788836479187,2.6151170785094426,2.8322179317474365,0.060073999984298077,11.21380180122587,0.21710085323799388,8.30176419335445,0.003214622149243951,underdamped
183,0.6517301822164323,0.6323651075363159,0.7729952820579862,0.7350428104400635,0.01936507468011639,2.971333108167371,0.0379524716179227,4.909793435851229,0.00220239395275712,underdamped
184,0.938051201571469,0.863440752029419,3.719188357345704,3.630046844482422,0.0746104495420501,7.9537715443527,0.0891415128632822,2.3968001697795263,0.00285450741648674,underdamped
185,0.1008085360176614,0.028669849038124084,1.7400729667833963,1.0310262441635132,0.07213868697953732,71.56009781443389,0.7090467226198831,40.74810287585745,0.005890060681849718,underdamped
186,0.5948923377156518,0.6484785079956055,3.186666515957275,3.4329237937927246,0.053586170279953715,9.007708938683116,0.2462572778354497,7.727739209682379,0.002777296816930175,underdamped
187,1.1964601197176878,1.2783865928649902,0.3320847802912792,0.33335718512535095,0.08192647314730239,6.847405257989998,0.0012724048340717609,0.38315662432819275,0.003071024315431714,overdamped
188,1.9761914852315667,1.4791779518127441,2.1689469162798574,1.732937216758728,0.4970135334188226,25.150069572361478,0.43600969952112933,20.102368400466254,0.0022180385421961546,overdamped
189,0.02618133188791344,0.053857069462537766,1.310701970388914,1.1743013858795166,0.027675737574624326,105.70790551492446,0.1364005845093974,10.40668188428254,0.0038301025051623583,underdamped
190,1.662650781010432,1.3632473945617676,1.8906997119999498,1.6097962856292725,0.2994033864486645,18.007593047693994,0.28090342637067733,14.85711478072541,0.0027149864472448826,overdamped
191,0.6396038785759293,0.6160613298416138,1.0471577211993826,1.0663063526153564,0.023542548734315494,3.68080143396452,0.019148631415973894,1.8286291576059464,0.0026464539114385843,underdamped
192,0.05884553844383106,0.10734879970550537,0.32615104987800947,0.3126378357410431,0.04850326126167431,82.42470464939564,0.013513214136966378,4.143237969652631,0.0024935693945735693,underdamped
193,0.31000746491708897,0.19947192072868347,0.5880102664986178,0.4307872951030731,0.1105355441884055,35.655768553175996,0.15722297139554464,26.73813372881207,0.0026489808224141598,underdamped
194,1.066672581376786,1.0309584140777588,3.1211777124330022,3.191594362258911,0.03571416729902732,3.348184618463707,0.0704166498259089,2.256092293156166,0.0027148292865604162,overdamped
195,0.8566245032060701,0.8381081819534302,2.3209610588427476,2.3452839851379395,0.01851632125263991,2.161544665526059,0.024322926295191838,1.0479678753128012,0.002512057311832905,underdamped
196,0.3317489109546034,0.34971535205841064,1.5720777014443088,1.5798799991607666,0.01796644110380724,5.415674478661897,0.007802297716457796,0.49630483972195655,0.0037089975085109472,underdamped
197,0.6002881568303344,0.5216169953346252,0.6660804314231352,0.6055352091789246,0.07867116149570919,13.105566151948059,0.06054522224421066,9.089776457604506,0.0029737185686826706,underdamped
198,1.2072817522538302,1.137536883354187,2.9982557202974762,2.856576919555664,0.06974486889964315,5.777016737761422,0.14167880074181216,4.725374149465654,0.002679357537999749,overdamped
199,1.8900082921605172,1.5599020719528198,1.6958267396805804,1.468470811843872,0.3301062202076974,17.465860947644014,0.22735592783670833,13.406789887010051,0.0026453821919858456,overdamped
200,0.030249237972461172,0.14049948751926422,3.534404803809882,3.559316635131836,0.11025024954680304,364.47281629763563,0.024911831321953848,0.7048380902804441,0.1758318543434143,underdamped
201,1.0,0.9721958637237549,3.405013339758744,3.476438283920288,0.027804136276245117,2.7804136276245117,0.07142494416154399,2.097640656133367,0.002347799250856042,critically_damped
202,1.6002927393233168,1.4565162658691406,3.091991125027152,2.869706153869629,0.1437764734541762,8.984385789000832,0.222284971157523,7.18905592445939,0.002696351148188114,overdamped
203,1.685180875921121,1.4947985410690308,1.6305001444502358,1.4422194957733154,0.19038233485209033,11.297442166142979,0.1882806486769204,11.54741686578654,0.0020485064014792442,overdamped
204,1.7308746735342315,1.3779369592666626,3.5542973550696377,2.890367031097412,0.3529377142675689,20.390714571316355,0.6639303239722256,18.679650508847693,0.0024651314597576857,overdamped
205,0.8945004090010799,0.8541582822799683,0.6084427587481847,0.6000610589981079,0.04034212672111159,4.5100176942527135,0.008381699750076743,1.377565864588696,0.002553660189732909,underdamped
206,0.4440241609340918,0.4324793517589569,0.8435556781230193,0.8378116488456726,0.011544809175134896,2.600040761486521,0.0057440292773467405,0.6809306636555014,0.002992963185533881,underdamped
207,0.9392877705436583,0.9228811264038086,1.1344334374833398,1.114896297454834,0.016406644139849713,1.746711141608239,0.019537140028505817,1.7221935975236746,0.002614810597151518,underdamped
208,0.5827676904621606,0.6462545394897461,3.2608573020301628,3.5471601486206055,0.0634868490275855,10.89402347910496,0.2863028465904427,8.779986981098336,0.0024913365487009287,underdamped
209,1.97084239186467,1.7429368495941162,0.962429881663887,0.8668025732040405,0.22790554227055382,11.563864427278018,0.09562730845984646,9.936028616913076,0.0024865970481187105,overdamped
210,0.7728861714268623,0.7134197950363159,1.560889017090548,1.5538691282272339,0.059466376390546416,7.694066550674944,0.007019888863314172,0.44973657873504946,0.002302176086232066,underdamped
211,1.0948518767627264,1.036338210105896,2.003155335275692,2.0198912620544434,0.05851366665683044,5.344436804533275,0.016735926778751242,0.8354782319688601,0.002507703145965934,overdamped
212,0.3195280150213177,0.44314706325531006,3.6991040393789505,4.066196918487549,0.12361904823399233,38.688015580025095,0.36709287910859834,9.923832236149547,0.005582596641033888,underdamped
213,0.5634809144529099,0.5796651840209961,2.659069889281811,2.7558488845825195,0.016184269568086163,2.8721948078400588,0.09677899530070855,3.6395807304954895,0.002864001551643014,underdamped
214,0.9639431257825161,0.9418932795524597,2.9354020337315903,3.0030410289764404,0.022049846230056347,2.28746340321236,0.06763899524485018,2.3042497915989046,0.0024371047038584948,underdamped
215,1.0,1.0244120359420776,1.826839446666619,1.8504353761672974,0.024412035942077637,2.4412035942077637,0.02359592950067846,1.2916257935930422,0.002570503391325474,critically_damped
216,1.3868275198520048,1.2591888904571533,1.8362900341310595,1.7739760875701904,0.1276386293948515,9.203641229189945,0.06231394656086908,3.393469735316421,0.0023723153863102198,overdamped
217,0.2862718331770536,0.24776697158813477,1.6775515146249969,1.5759785175323486,0.03850486158891886,13.450454123128608,0.10157299709264822,6.054836242412147,0.0036097371485084295,underdamped
218,0.4256811600323253,0.4218568503856659,1.6278693236851427,1.6643142700195312,0.0038243096466594184,0.8983976754735887,0.03644494633438855,2.2388127722614186,0.002553387777879834,underdamped
219,0.37006861750754905,0.35508596897125244,1.8759443135133205,1.905401349067688,0.014982648536296606,4.048613642844485,0.029457035554367517,1.5702510646064736,0.002760272938758135,underdamped
220,0.7264480120870711,0.7627407908439636,3.651005408330862,3.8621866703033447,0.03629277875689252,4.995922372011738,0.21118126197248266,5.784194717723764,0.002640195656567812,underdamped
221,0.7090311034309186,0.7395626902580261,3.307649093180823,3.5573487281799316,0.03053158682710755,4.3060997859429255,0.24969963499910852,7.549157361157172,0.0028300159610807896,underdamped
222,1.0619580620291107,1.1054884195327759,2.6668577409967256,2.7722649574279785,0.043530357503665185,4.099065590263574,0.10540721643125295,3.952487409090576,0.003000672673806548,overdamped
223,1.0,0.9430928826332092,2.592652722597435,2.595097780227661,0.05690711736679077,5.690711736679077,0.0024450576302261773,0.09430717847072899,0.00264261057600379,critically_damped
224,1.3352344359838533,1.1856566667556763,3.249422127730204,3.074087381362915,0.149577769228177,11.202360064804816,0.17533474636728874,5.395874696334517,0.0026679309085011482,overdamped
225,0.17976323702569386,0.2616055905818939,3.3918049726314745,3.5030503273010254,0.08184235355620006,45.52785926106916,0.11124535466955088,3.2798275716673366,0.01361378189176321,underdamped
226,0.1460125611640971,0.009732699021697044,1.7513951498548075,0.8970999121665955,0.13627986214240007,93.33434127577634,0.854295237688212,48.77798352696329,0.006880852393805981,underdamped
227,1.966341068625766,1.6182657480239868,0.8184846644377815,0.6790496706962585,0.34807532060177926,17.701675775151344,0.1394349937415229,17.035749086062722,0.0030194930732250214,overdamped
228,0.965192324408334,0.8590470552444458,1.2983802240890683,1.243394374847412,0.10614526916388822,10.997317993484419,0.05498584924165617,4.23495738932975,0.0024426691234111786,underdamped
229,1.9947166792010722,1.5394116640090942,2.3018534747996817,1.789465069770813,0.45530501519197797,22.82554810612691,0.5123884050288687,22.259818474043367,0.0029280823655426502,overdamped
230,0.02814062487352032,0.13945987820625305,3.6825220031047263,3.7944016456604004,0.11131925333273274,395.58202361555084,0.11187964255567406,3.0381255688723265,0.1822972446680069,underdamped
231,1.4710699724765197,1.5251436233520508,0.387530155735751,0.37956082820892334,0.054073650875531065,3.675804134897747,0.007969327526827663,2.056440617297867,0.0024227891117334366,overdamped
232,0.8449483704522643,0.873342752456665,2.9198710622834754,3.0889809131622314,0.028394382004400698,3.360487219970897,0.16910985087875607,5.791688991448283,0.0029329827520996332,underdamped
233,0.5067296546870321,0.4996509850025177,1.9611937206826249,2.0194694995880127,0.007078669684514427,1.3969321943248763,0.05827577890538782,2.9714442938917838,0.002775325672701001,underdamped
234,0.1889092769055655,0.1875057965517044,1.4143781407269413,1.3828279972076416,0.0014034803538610918,0.7429388206078849,0.031550143519299745,2.2306724496664003,0.0032828706316649914,underdamped
235,1.6276157776335303,1.2990295886993408,2.0119055536771846,1.6632176637649536,0.32858618893418945,20.18819143003989,0.348687889912231,17.331225577409924,0.0023034054320305586,overdamped
236,1.4535542741370855,1.3580468893051147,2.602721417235121,2.5031206607818604,0.09550738483197074,6.570610160991029,0.09960075645326061,3.826792825144798,0.0026122843846678734,overdamped
237,1.49284635814729,1.3717986345291138,1.5785926032506818,1.455597996711731,0.12104772361817617,8.10851853290539,0.12299460653895089,7.791409023815072,0.002433348447084427,overdamped
238,0.06405057444556622,0.05457460880279541,1.2151504547535799,0.8448291420936584,0.009475965642770812,14.79450531833094,0.3703213126599214,30.47534658866739,0.005188926123082638,underdamped
239,0.7888678155215387,0.7569928765296936,1.1779344702407815,1.1602517366409302,0.031874938991845125,4.040593159548773,0.017682733599851286,1.5011644574962444,0.0026006661355495453,underdamped
240,0.5412664007693055,0.5394921898841858,1.8904165031718358,1.948455810546875,0.0017742108851197536,0.32778884530760743,0.05803930737503915,3.0701862408446967,0.00291991769336164,underdamped
241,0.6943503152869797,0.7294448018074036,2.3008237567764023,2.4205782413482666,0.035094486520423906,5.054291147821992,0.11975448457186433,5.2048525759160205,0.0022914630826562643,underdamped
242,1.7681062258330638,1.3935195207595825,2.009077047110683,1.6332180500030518,0.37458670507348124,21.18575793696956,0.37585899710763115,18.708042961725425,0.0023963013663887978,overdamped
243,1.9659864110895005,1.40980863571167,1.4204773727449427,1.0640875101089478,0.5561777753778305,28.290011174065576,0.3563898626359949,25.089443131875033,0.002835757564753294,overdamped
244,1.3821439198555565,1.2065004110336304,3.2682762590371395,2.949613094329834,0.17564350882192614,12.70804771476201,0.3186631647073055,9.750190603568692,0.0028224396519362926,overdamped
245,1.0,0.9989011883735657,3.6559431728264618,3.828866720199585,0.0010988116264343262,0.10988116264343262,0.1729235473731232,4.72992984842906,0.00250969547778368,critically_damped
246,0.510057159545886,0.33844268321990967,0.42173162865340763,0.35038241744041443,0.17161447632597637,33.6461263437157,0.0713492112129932,16.91815514070211,0.0026127765886485577,underdamped
247,1.8429962192815976,1.651116967201233,2.588260945357411,2.451160192489624,0.19187925208036472,10.411266722791188,0.137100752867787,5.297022045389433,0.002563311718404293,overdamped
248,1.6182640022216581,1.398795247077942,1.9741667266886236,1.8181816339492798,0.21946875514371622,13.56198709496196,0.1559850927393438,7.901313026432474,0.0023572021164000034,overdamped
249,0.1144563522286845,0.16366176307201385,2.6006984094222054,2.6479592323303223,0.049205410843329356,42.990546077352384,0.04726082290811684,1.8172358139218736,0.03493334352970123,underdamped
250,0.1496592450945856,0.04963163286447525,0.9548209508570011,0.6679189205169678,0.10002761223011036,66.83690818224578,0.28690203034003336,30.04773094709788,0.0026058268267661333,underdamped
251,0.8936242677989554,0.901936948299408,2.7127950478690264,2.8306896686553955,0.00831268050045253,0.9302209888421124,0.11789462078636914,4.345872751388962,0.0026176488026976585,underdamped
252,1.2190210991139736,1.0865079164505005,2.8952027134670084,2.763716459274292,0.13251318266347312,10.870458498198944,0.13148625419271642,4.541521516994624,0.0034772418439388275,overdamped
253,0.2880043112255368,0.24484331905841827,1.27092467511024,1.1349416971206665,0.04316099216711855,14.98623127669748,0.1359829779895736,10.699530873281567,0.0033716221805661917,underdamped
254,1.8962253158529927,1.5464739799499512,2.3961644903473367,1.9766972064971924,0.3497513359030415,18.444608506121032,0.4194672838501443,17.505779988807877,0.002777769463136792,overdamped
255,0.6333944544399788,0.5296223759651184,0.6096864921930373,0.539945125579834,0.10377207847486036,16.3834839012936,0.06974136661320329,11.438889905916099,0.002352361101657152,underdamped
256,1.280450583562142,1.2350709438323975,1.70838284100771,1.707592487335205,0.04537963972974457,3.5440367876986665,0.0007903536725049065,0.04626326450567175,0.00269219814799726,overdamped
257,1.7731120920442793,1.4490216970443726,3.1897066095273146,2.637639045715332,0.3240903949999068,18.27805452650499,0.5520675638119825,17.307785053428283,0.0023122974671423435,overdamped
258,1.563514842433864,1.39701247215271,3.285476156424161,3.0162112712860107,0.1665023702811541,10.649235028812786,0.26926488513815006,8.195612213214536,0.0025341894943267107,overdamped
259,1.1692927390623837,1.1200578212738037,2.4186590211872123,2.3519177436828613,0.049234917788580024,4.210657959619234,0.066741277504351,2.759433095765217,0.002756137168034911,overdamped
260,1.6652873540001074,1.3447905778884888,0.4021981664397548,0.29704490303993225,0.32049677611161864,19.24573409758794,0.10515326339982256,26.14464017343387,0.002539798617362976,overdamped
261,0.6478128670041852,0.6890692114830017,3.6096783356153432,3.869098663330078,0.04125634447881654,6.368558974385115,0.2594203277147349,7.186799032898077,0.0024961018934845924,underdamped
262,0.7957462291860263,0.8164249658584595,3.951691226248276,4.191527366638184,0.02067873667243314,2.5986597126053046,0.23983614038990764,6.0692024416494545,0.002473647939041257,underdamped
263,1.6011696005710365,1.3567055463790894,1.0563770615071404,0.9180354475975037,0.24446405419194717,15.26784258861536,0.13834161390963673,13.095855537819403,0.002556385938078165,overdamped
264,1.075750648343895,1.0218762159347534,3.410643421616465,3.3757474422454834,0.05387443240914158,5.008078079439748,0.03489597937098177,1.0231494488639012,0.00291583314538002,overdamped
265,0.4582023106821172,0.3173152804374695,0.5218293823646494,0.4228663444519043,0.14088703024464772,30.747778210658044,0.09896303791274508,18.964635043028423,0.002804307034239173,underdamped
266,1.5904177924965732,1.3927501440048218,2.1263524994209972,1.9463591575622559,0.19766764849175145,12.428661790903433,0.17999334185874138,8.464887261531347,0.00302684772759676,overdamped
267,0.4567182299219403,0.4498199224472046,1.4238153958025255,1.4424530267715454,0.006898307474735688,1.5104077356217438,0.018637630969019936,1.3089920943378295,0.0027283411473035812,underdamped
268,1.9296793518888227,1.4573891162872314,2.0584628573065014,1.6964000463485718,0.4722902356015912,24.475062923759882,0.3620628109579296,17.58898926316741,0.002852528588846326,overdamped
269,0.4879382227983528,0.49579644203186035,1.5852804178886304,1.6212413311004639,0.007858219233507546,1.610494703292606,0.03596091321183348,2.2684260024941416,0.0028157446067780256,underdamped
270,1.0,0.9961205124855042,1.243833256378725,1.2909760475158691,0.0038794875144958496,0.38794875144958496,0.047142791137144036,3.7901214568257124,0.0022471859119832516,critically_damped
271,0.8031145023367937,0.7917196750640869,3.2677783844640143,3.345682382583618,0.011394827272706798,1.4188297234767488,0.07790399811960391,2.3840049401753367,0.0024850894697010517,underdamped
272,0.3052548521893707,0.23059937357902527,0.8481592512586413,0.743794322013855,0.07465547861034544,24.45677049026283,0.10436492924478635,12.304874242651026,0.002494798507541418,underdamped
273,0.2471462935112809,0.21667025983333588,1.5356926266795992,1.4475101232528687,0.03047603367794502,12.331171649375333,0.08818250342673051,5.742197487617981,0.003321241121739149,underdamped
274,1.406427407111845,1.3800156116485596,0.5068680568375298,0.48088449239730835,0.026411795463285426,1.877935208723151,0.02598356444022143,5.126297483084466,0.0023467368446290493,overdamped
275,0.17856840503763932,0.27501291036605835,3.8916872396496123,4.07918119430542,0.09644450532841903,54.00983746709844,0.18749395465580765,4.817806342338256,0.012687989510595798,underdamped
276,1.0,0.945578932762146,2.8794067756051573,2.8703951835632324,0.054421067237854004,5.4421067237854,0.00901159204192492,0.3129669666082861,0.002232179045677185,critically_damped
277,0.4528550871394333,0.5313879251480103,3.984800742476857,4.335110187530518,0.07853283800857697,17.34171487498314,0.3503094450536608,8.791140829689688,0.0032832527067512274,underdamped
278,1.273927218621729,1.1638261079788208,2.6452832587612063,2.5308449268341064,0.11010111064290817,8.642653130688844,0.11443833192709985,4.3261277047771305,0.0030663704965263605,overdamped
279,1.6863007767906466,1.161277413368225,3.919446992265641,2.815640926361084,0.5250233634224215,31.13462145357257,1.103806065904557,28.162290957952223,0.002515207976102829,overdamped
280,0.7947135216840013,0.8302488923072815,3.194040989548007,3.4672975540161133,0.03553537062328016,4.4714692343450455,0.2732565644681064,8.555199052306945,0.002125830389559269,underdamped
281,1.1924986775303228,1.1222676038742065,2.528073711686901,2.4951138496398926,0.07023107365611625,5.8894047414430295,0.032959862047008404,1.30375399635857,0.002716909861192107,overdamped
282,0.38793500901339817,0.42232269048690796,2.254714352407253,2.33144474029541,0.03438768147350979,8.86428929447874,0.07673038788815711,3.403109037126396,0.00415933458134532,underdamped
283,1.573401332186516,1.5005441904067993,0.49283555686887437,0.453566312789917,0.07285714177971658,4.630550406263407,0.03926924407895738,7.968021692356402,0.0027983265463262796,overdamped
284,1.2111252404734294,1.13180673122406,0.8694006688125746,0.8262981176376343,0.07931850924936934,6.549158303262155,0.04310255117494033,4.957731540948743,0.0024679615162312984,overdamped
285,1.687801902860417,1.496147632598877,1.8819778741957478,1.6157712936401367,0.19165427026154003,11.35525857250974,0.2662065805556111,14.145043053142848,0.002933512907475233,overdamped
286,1.5220533337086934,1.3795464038848877,0.6156250291757788,0.5474221706390381,0.14250692982380575,9.362807903489683,0.06820285853674068,11.078636394633461,0.002353514079004526,overdamped
287,1.0,0.924923837184906,0.7375551593190983,0.7062445282936096,0.075076162815094,7.507616281509399,0.0313106310254887,4.245191783946611,0.00180180580355227,critically_damped
288,0.09064099040669457,-0.005873969756066799,0.47635923285590687,0.3167581558227539,0.09651496016276137,106.48047834617765,0.15960107703315296,33.50435260303445,0.0024125296622514725,underdamped
289,0.15979496398699797,0.21220102906227112,3.270990095238954,3.4053895473480225,0.05240606507527315,32.795817695191744,0.13439945210906856,4.108830910392909,0.01414535753428936,underdamped
290,0.021225030758647206,0.14035862684249878,3.6001132935832483,3.6758952140808105,0.11913359608385157,561.2882140833451,0.07578192049756227,2.104987102284644,0.212217777967453,underdamped
291,0.69103773770312,0.5881085991859436,0.4277648194459651,0.3968610465526581,0.10292913851717644,14.89486505603784,0.030903772893307035,7.224477443781646,0.00252751586958766,underdamped
292,0.515448798098,0.44191187620162964,1.1239258787363222,1.0403493642807007,0.0735369218963704,14.266581310834514,0.08357651445562153,7.4361233277758645,0.002573499223217368,underdamped
293,0.6744962002503897,0.6734150052070618,2.456915570277385,2.604602575302124,0.0010811950433279316,0.16029668409200307,0.1476870050247392,6.011073673486687,0.0026613883674144745,underdamped
294,1.3723179605911433,1.180809497833252,0.9580854844427529,0.8954682350158691,0.19150846275789135,13.95510867433351,0.06261724942688374,6.535664138915906,0.0024489876814186573,overdamped
295,1.2431726481257956,1.1670624017715454,3.134428805255639,3.048182725906372,0.07611024635425023,6.122258760196653,0.08624607934926676,2.751572446139279,0.003030496183782816,overdamped
296,1.0,0.9905229806900024,2.649960122731527,2.70247483253479,0.009477019309997559,0.9477019309997559,0.052514709803263226,1.9817169833156618,0.0026410322170704603,critically_damped
297,0.7226723011777197,0.7917385101318359,3.638720292070041,4.011316776275635,0.06906620895411619,9.557057720568622,0.37259648420559355,10.239767124106871,0.0027544712647795677,underdamped
298,1.1786129605721232,1.1157207489013672,1.9200292967979047,1.9418792724609375,0.06289221167075598,5.336120828013532,0.021849975663032817,1.1380022012931121,0.002124546794220805,overdamped
299,0.15872828031655545,0.17018179595470428,1.35001558298943,1.314073085784912,0.011453515638148837,7.2158002438549875,0.03594249720451792,2.662376468642535,0.0038954790215939283,underdamped
300,1.1597495899114032,1.0880799293518066,1.8753908127948191,1.8755921125411987,0.07166966055959656,6.179753041781341,0.0002012997463796129,0.010733749200766534,0.0026357939932495356,overdamped
301,0.09945495035073808,0.17807307839393616,3.7924733338782275,3.9328792095184326,0.07861812804319808,79.04898425462301,0.14040587564020512,3.7022244661803447,0.03441150486469269,underdamped
302,1.6890168057405344,1.4339168071746826,2.2573117702379992,1.9392361640930176,0.25509999856585175,15.10346123844549,0.31807560614498165,14.090902742754292,0.00229044072329998,overdamped
303,1.1521886892019644,1.160374641418457,1.8224096638325324,1.8975547552108765,0.008185952216492653,0.710469760136463,0.07514509137834402,4.123391840466522,0.002235534368082881,overdamped
304,0.613616396477554,0.6631057858467102,3.1550330655704104,3.426766872406006,0.049489389369156256,8.06519996096072,0.27173380683559545,8.612708684448215,0.002627477515488863,underdamped
305,1.0,0.9172689914703369,1.2559228775728748,1.2133041620254517,0.08273100852966309,8.273100852966309,0.042618715547423136,3.3934182033363105,0.00227264198474586,critically_damped
306,1.4349268193313198,1.349233865737915,0.46541109101980405,0.41534024477005005,0.08569295359340479,5.971938947613925,0.050070846249754,10.758412770103796,0.0020898254588246346,overdamped
307,1.3934938925615712,1.2840393781661987,1.7786721894824629,1.7425798177719116,0.10945451439537246,7.854682031951297,0.03609237171055124,2.029175017407394,0.0025762461591511965,overdamped
308,0.1896032963138371,0.12170857936143875,1.7645735630848056,1.2609784603118896,0.06789471695239835,35.8088273106903,0.503595102772916,28.539195718909973,0.00616885581985116,underdamped
309,0.18637564859480507,0.20939645171165466,0.7219999169379608,0.65025794506073,0.023020803116849592,12.351829914700167,0.07174197187723086,9.936562344978139,0.004523587878793478,underdamped
310,0.5429805674325113,0.522000253200531,0.8814942645424013,0.8527876734733582,0.020980314231980324,3.863916222855992,0.028706591069043164,3.2565828529746863,0.003254869719967246,underdamped
311,1.4700310942916144,1.2284367084503174,1.2432414720594824,1.0828965902328491,0.241594385841297,16.434644598978203,0.1603448818266333,12.89732408628673,0.0025827460922300816,overdamped
312,0.310588093960722,0.357832133769989,3.1324911413738823,3.291322708129883,0.047244039809267,15.211156102861315,0.15883156675600052,5.070455416717904,0.0047047995030879974,underdamped
313,0.27829889457377627,0.2867943048477173,2.1849882014403246,2.2105872631073,0.008495410273941018,3.0526209193004568,0.02559906166697523,1.1715880959952352,0.005111790727823973,underdamped
314,1.8260353564083185,1.5707355737686157,2.0918118557665877,1.8656060695648193,0.25529978263970277,13.9810974493867,0.22620578620176834,10.813868636329655,0.002643161453306675,overdamped
315,1.9376164669401774,1.6422173976898193,1.7739167844458352,1.5922771692276,0.2953990692503581,15.245487137959914,0.18163961521823513,10.239466518999011,0.0027488444466143847,overdamped
316,0.9514054863264539,0.9165032505989075,2.306149506661115,2.283205986022949,0.03490223572754647,3.6684921654498983,0.022943520638165626,0.9948843547174733,0.0027294799219816923,underdamped
317,1.3193283516159273,1.3073707818984985,2.7227160069749083,2.7069990634918213,0.011957569717428784,0.9063376605818428,0.015716943483087054,0.5772523995460499,0.0025652514304965734,overdamped
318,1.3595235749631402,1.2812442779541016,2.8082858641159447,2.661060094833374,0.07827929700903868,5.757847708610791,0.1472257692825707,5.24254924200595,0.0021460000425577164,overdamped
319,1.2900981580943724,1.2034331560134888,1.4181148731782076,1.3752849102020264,0.08666500208088368,6.717706054932917,0.042829962976181246,3.0202040600697524,0.0025252364575862885,overdamped
320,1.0,1.0209909677505493,0.4576680199444919,0.46441271901130676,0.020990967750549316,2.0990967750549316,0.006744699066814852,1.4737099322851703,0.002415239345282316,critically_damped
321,1.0,1.0060416460037231,0.8394833295937558,0.8381481170654297,0.0060416460037231445,0.6041646003723145,0.0013352125283261351,0.15905170254807482,0.0023624636232852936,critically_damped
322,0.22704456929053227,0.1605517566204071,0.6701957998209127,0.4816462993621826,0.06649281267012516,29.286237886200745,0.1885495004587301,28.133494794970904,0.003731661709025502,underdamped
323,0.1309060655915637,0.1692015379667282,2.3106819819310918,2.3659496307373047,0.03829547237516451,29.254161907706493,0.05526764880621293,2.391832767918346,0.01940869726240635,underdamped
324,1.0,0.8821404576301575,1.4635960264553223,1.3881810903549194,0.11785954236984253,11.785954236984253,0.07541493610040284,5.152715280530653,0.0028583179228007793,critically_damped
325,0.7283552426324583,0.8179043531417847,0.3239965449416322,0.3323405086994171,0.08954911050932635,12.294702539062316,0.0083439637577849,2.575324918754322,0.0026965367142111063,underdamped
326,1.1566210255650091,1.0984101295471191,3.1442399538453487,3.108442783355713,0.05821089601788998,5.032840898725144,0.03579717048963582,1.138499955954587,0.0025335464160889387,overdamped
327,0.37310568458048843,0.36560773849487305,1.8808787037487689,1.8911025524139404,0.007497946085615381,2.0096038188337713,0.010223848665171564,0.5435676763628866,0.003217478282749653,underdamped
328,1.8899275440952528,1.3505116701126099,3.876684756934437,2.8193137645721436,0.5394158739826429,28.541616617417592,1.0573709923622934,27.275134777748345,0.002735395450145006,overdamped
329,1.0,0.9524955153465271,2.8300354976589213,2.8161447048187256,0.0475044846534729,4.75044846534729,0.013890792840195676,0.49083457969649147,0.0025065066292881966,critically_damped
330,0.2660719218260784,0.14127838611602783,0.8468558379713229,0.6894736289978027,0.12479353571005058,46.90218150550422,0.15738220897352018,18.58429757661417,0.0023947039153426886,underdamped
331,1.3799096750208506,1.235882043838501,3.539122050231023,3.2737417221069336,0.14402763118234962,10.437468030664641,0.2653803281240896,7.498479124413536,0.0022321189753711224,overdamped
332,1.9876332823268774,1.4143428802490234,1.4137605806004447,1.0350050926208496,0.573290402077854,28.842865893587565,0.37875548797959513,26.790638611435334,0.0024880932178348303,overdamped
333,0.5103292993784342,0.5342087149620056,3.4195375048766214,3.5867021083831787,0.02387941558357143,4.679217049198595,0.16716460350655726,4.888514989765806,0.0026446091942489147,underdamped
334,1.5007334579365568,1.2492886781692505,3.6525923809840464,3.199169635772705,0.2514447797673063,16.754792694035885,0.4534227452113413,12.413724224250407,0.0028080737683922052,overdamped
335,1.0,0.9776131510734558,3.7155423011323565,3.855118989944458,0.02238684892654419,2.238684892654419,0.1395766888121015,3.7565630397900147,0.0023482104297727346,critically_damped
336,0.9463595630914288,0.9481170773506165,1.7190495116882831,1.7516093254089355,0.0017575142591876869,0.18571316101530128,0.03255981372065242,1.8940591006407568,0.0024034513626247644,underdamped
337,0.7149662342032154,0.6411977410316467,0.646763016489752,0.6019774675369263,0.07376849317156864,10.317759027288744,0.044785548952825716,6.924568630391893,0.0029156093951314688,underdamped
338,0.24265564595712538,0.2527627944946289,2.131169944591969,2.0959646701812744,0.010107148537503524,4.16522290162964,0.03520527441069454,1.6519224334986058,0.005148876924067736,underdamped
339,0.525698707254028,0.5119559168815613,1.5925073438613337,1.6117806434631348,0.013742790372466729,2.614195200184493,0.01927329960180102,1.2102487110087214,0.0028975014574825764,underdamped
340,1.7329245760283913,1.5282504558563232,1.9526175807102633,1.7402511835098267,0.2046741201720681,11.8109075838229,0.2123663972004366,10.875985103196115,0.002478659385815263,overdamped
341,0.482417654921443,0.49127745628356934,1.9888581469130633,2.085625410079956,0.00885980136212633,1.8365416919845234,0.09676726316689277,4.8654683249826896,0.003233030904084444,underdamped
342,0.6133726590449374,0.7557142972946167,0.30859770876752585,0.32279103994369507,0.14234163824967927,23.206387854214892,0.014193331176169222,4.599298949060378,0.0023325590882450342,underdamped
343,1.2244614856509188,1.080037236213684,3.658981510979397,3.419437885284424,0.14442424943723475,11.794919736528863,0.239543625694973,6.546729601562118,0.002098371274769306,overdamped
344,0.2359389985708088,0.24140916764736176,1.984783646002367,2.00403094291687,0.005470169076552955,2.318467531729934,0.01924729691450322,0.9697428207487492,0.0057545132003724575,underdamped
345,1.9022773123614858,1.407401442527771,3.746973348637712,2.8315744400024414,0.4948758698337148,26.014917310840247,0.9153989086352707,24.43035547525532,0.0024426772724837065,overdamped
346,1.4440829092055787,1.4151062965393066,1.985417589779577,1.9632904529571533,0.02897661266627205,2.0065754176270056,0.02212713682242362,1.114482763541961,0.002445382997393608,overdamped
347,0.22053407625010057,0.3734445571899414,3.907618208905525,4.373736381530762,0.15291048093984083,69.33644157850236,0.4661181726252366,11.92844714365763,0.011364354752004147,underdamped
348,1.0,0.9619133472442627,2.40027040416615,2.40576434135437,0.038086652755737305,3.8086652755737305,0.0054939371882203325,0.2288882610344445,0.0023215843830257654,critically_damped
349,1.0,0.9582889080047607,1.3708864820463451,1.3292007446289062,0.04171109199523926,4.171109199523926,0.04168573741743886,3.0407869625509667,0.002765400568023324,critically_damped
350,0.1334204610737578,0.04423616826534271,0.5340572438038105,0.34703758358955383,0.08918429280841508,66.84453950366131,0.18701966021425664,35.018654345405636,0.0024366946890950203,underdamped
351,0.23508886131865186,0.19118556380271912,1.5076577838506415,1.3525662422180176,0.04390329751593275,18.675192550456014,0.15509154163262395,10.286919438475724,0.003784398315474391,underdamped
352,1.3683674296447337,1.3155059814453125,2.9343184346158995,2.957752227783203,0.05286144819942118,3.863103363483701,0.02343379316730365,0.7986111149647984,0.00282879127189517,overdamped
353,1.8129662946662597,1.2831544876098633,1.253595739275254,0.9180183410644531,0.5298118070563964,29.223478043419824,0.3355773982108008,26.76918784079543,0.00252390350215137,overdamped
354,0.30371899337908426,0.33217304944992065,2.8256716588599127,2.8841986656188965,0.028454056070836398,9.368546811730576,0.05852700675898381,2.071259998502373,0.004115044604986906,underdamped
355,0.26298281156456316,0.17916584014892578,0.6402186263305896,0.4662594795227051,0.08381697141563738,31.871653860944456,0.1739591468078845,27.171834691054,0.002598369028419256,underdamped
356,1.0318298420065575,0.9962815642356873,2.5717371838251615,2.5514729022979736,0.03554827777087022,3.445168604713053,0.020264281527187844,0.7879608248711897,0.002618265338242054,overdamped
357,0.9201857475209828,0.9364369511604309,3.153137008160518,3.2786176204681396,0.016251203639448097,1.766078607849501,0.12548061230762153,3.979548366685931,0.0023541576229035854,underdamped
358,0.6963733194960461,0.7503824234008789,3.4088424842559055,3.7226781845092773,0.05400910390483282,7.755768693711344,0.3138357002533718,9.206518098235831,0.0022868046071380377,underdamped
359,1.60341243747065,1.4579265117645264,2.268492998844588,2.048463821411133,0.14548592570612362,9.073518597350077,0.2200291774334553,9.699354485357583,0.0025168955326080322,overdamped
360,1.498113343840763,1.2686383724212646,3.8437573668702965,3.453702688217163,0.22947497141949835,15.317597454354537,0.39005467865313337,10.147744548473613,0.002807255834341049,overdamped
361,1.7305898220986762,1.4465808868408203,1.3367382204058496,1.1672407388687134,0.28400893525785587,16.411106296316934,0.16949748153713617,12.679930815898624,0.0029853300657123327,overdamped
362,1.829499683683943,1.2746583223342896,1.8575681721260415,1.3581669330596924,0.5548413613496535,30.32749151573538,0.49940123906634915,26.884678934543203,0.0025397208519279957,overdamped
363,1.8721299918205765,1.4073224067687988,2.871221449127053,2.26804256439209,0.46480758505177766,24.82774097325206,0.6031788847349633,21.007745150355774,0.002882444765418768,overdamped
364,1.0694943653820617,1.0015314817428589,3.090256525669793,3.083165407180786,0.06796288363920278,6.354674305827128,0.007091118489007009,0.22946698534905785,0.002370091388002038,overdamped
365,0.22541672455792874,0.12706470489501953,1.09776379128689,0.8022387623786926,0.09835201966290921,43.631198996343414,0.29552502890819743,26.920639144215023,0.0034323506988584995,underdamped
366,1.0,0.9609977006912231,2.7524660557420706,2.787734031677246,0.039002299308776855,3.9002299308776855,0.0352679759351755,1.2813228290899732,0.002956561278551817,critically_damped
367,1.8047086166003674,1.5033855438232422,0.9644412466910286,0.8417383432388306,0.3013230727771252,16.69649438172156,0.12270290345219803,12.722693463514581,0.00226891553029418,overdamped
368,0.6550401808251409,0.5954718589782715,0.7221591016950277,0.6842764616012573,0.05956832184686944,9.093842422282009,0.0378826400937704,5.24574709435269,0.002036081859841943,underdamped
369,0.25586136877176435,0.26449644565582275,0.7470611166940708,0.7243999242782593,0.008635076884058401,3.3749045139210274,0.02266119241581155,3.0333786499413726,0.0020767715759575367,underdamped
370,0.7083977952900267,0.7558935880661011,2.8907326882018713,3.11898136138916,0.04749579277607441,6.704678231900631,0.2282486731872888,7.895876160353893,0.002445364138111472,underdamped
371,1.0719502629142807,1.027343988418579,1.7713577809060586,1.7431206703186035,0.04460627449570165,4.161226135103679,0.02823711058745504,1.594094140203094,0.00198187492787838,overdamped
372,0.05966489117420344,0.13532698154449463,3.0177810042122846,3.0156707763671875,0.07566209037029119,126.8117462066272,0.002110227845097068,0.06992647386114387,0.08446289598941803,underdamped
373,1.5644349648458162,1.3378136157989502,3.4090717681108837,3.0446066856384277,0.22662134904686604,14.485827416239117,0.364465082472456,10.69103577935005,0.0026119137182831764,overdamped
374,1.7194460085109684,1.495383381843567,2.683098379520532,2.288578987121582,0.2240626266674015,13.031094059268463,0.39451939239895006,14.703873529581513,0.002308283466845751,overdamped
375,0.899516818890276,0.8810098767280579,1.7286545991785405,1.760478138923645,0.018506942162218154,2.0574314758283188,0.031823539745104545,1.8409426475495534,0.0027540549635887146,underdamped
376,1.590563701626875,1.375203251838684,3.7677932654747393,3.4443769454956055,0.2153604497881909,13.539882091356287,0.3234163199791338,8.58370662060153,0.0022565661929547787,overdamped
377,0.5159102639610801,0.5200100541114807,1.7007554552196074,1.7565829753875732,0.0040997901504006284,0.794671173805124,0.05582752016796588,3.282513073624523,0.002958339639008045,underdamped
378,1.9998859411008902,1.6239529848098755,0.6175296699589666,0.4866947531700134,0.37593295629101475,18.797719838165992,0.1308349167889532,21.18682278013409,0.0025882120244205,overdamped
379,0.5988766391468605,0.6257169842720032,2.946962329955288,3.1300928592681885,0.02684034512514266,4.481781951518181,0.18313052931290041,6.214213444515896,0.0026018035132437944,underdamped
380,1.2997589299221282,1.2839339971542358,0.33701169757597343,0.29646921157836914,0.01582493276789232,1.2175282972543555,0.040542485997604294,12.02999370324963,0.002567856339737773,overdamped
381,0.17198020484995497,0.18830573558807373,2.218442401050622,2.2307093143463135,0.016325530738118765,9.492680132787411,0.012266913295691406,0.5529516245218705,0.009825903922319412,underdamped
382,1.336185939443683,1.118391990661621,1.9153985445810897,1.7353806495666504,0.21779394878206193,16.299673746959183,0.18001789501443932,9.39845629118458,0.002900795778259635,overdamped
383,1.1987882762589148,1.0461983680725098,1.9120626044344629,1.73597252368927,0.15258990818640505,12.728678717362483,0.17609008074519283,9.209430713032306,0.0023365195374935865,overdamped
384,1.884583359597773,1.2953791618347168,1.415163765099748,1.0556933879852295,0.5892041977630562,31.26442748007762,0.35947037711451846,25.401327109953325,0.002480934839695692,overdamped
385,0.6296616110049728,0.6445997357368469,3.164935888391728,3.3482956886291504,0.01493812473187417,2.3724051888810793,0.18335980023742238,5.793475972450021,0.0027460288256406784,underdamped
386,1.448739563715543,1.322335958480835,3.447200309011351,3.2894937992095947,0.12640360523470795,8.725074430253294,0.1577065098017565,4.574915747991051,0.0025370460934937,overdamped
387,0.45790271926950893,0.35330823063850403,0.9768357431063277,0.8820493221282959,0.1045944886310049,22.842076325264944,0.0947864209780318,9.703414483648187,0.002592050936073065,underdamped
388,1.7882166132097077,1.5362422466278076,3.3842968616735356,3.02681303024292,0.2519743665819001,14.090819016026588,0.3574838314306157,10.563016367714264,0.0023642233572900295,overdamped
389,0.9325247273938386,0.939407467842102,2.4761965277054117,2.4764902591705322,0.006882740448263425,0.7380759186406642,0.00029373146512057247,0.01186220325544036,0.0022933073341846466,underdamped
390,1.476612969466116,1.3293423652648926,2.8675688293484414,2.5894510746002197,0.1472706042012235,9.97354128986627,0.27811775474822165,9.698729875349306,0.002328936941921711,overdamped
391,1.613193949526027,1.2986286878585815,2.1245665765156887,1.7290849685668945,0.3145652616674455,19.49953145806603,0.39548160794879417,18.61469592529259,0.0027467769104987383,overdamped
392,1.0,0.8809016346931458,0.9495879221696732,0.9104827642440796,0.11909836530685425,11.909836530685425,0.03910515792559366,4.118118713667286,0.0023990406189113855,critically_damped
393,0.8886754022738231,0.903562605381012,3.3256284887657257,3.459486961364746,0.014887203107188829,1.6752126894811599,0.1338584725990204,4.025057911646067,0.002362679224461317,underdamped
394,0.7235432648045563,0.7424026131629944,2.5830512860206234,2.692531108856201,0.018859348358438055,2.6065266965801066,0.10947982283557778,4.2383913717888015,0.0023673127871006727,underdamped
395,0.7072693113998076,0.7503670454025269,3.3286707307575236,3.5731186866760254,0.04309773400271921,6.093539378574391,0.24444795591850177,7.343710919189397,0.0026517307851463556,underdamped
396,0.7153001392758945,0.687555730342865,1.8013139973634722,1.7888622283935547,0.02774440893302954,3.8787087279355883,0.01245176896991751,0.691260323749373,0.0025542275980114937,underdamped
397,1.1641879441738456,1.1088370084762573,2.774265683807717,2.677455186843872,0.05535093569758831,4.754467349931849,0.0968104969638448,3.4895899671357755,0.0024906129110604525,overdamped
398,1.7533990323719635,1.4310766458511353,1.220140851035325,1.0567673444747925,0.32232238652082823,18.38271725773664,0.16337350656053262,13.389725163443666,0.002384914318099618,overdamped
399,1.7901712567245087,1.4030681848526,3.260221853489408,2.5624840259552,0.3871030718719086,21.62380109823651,0.6977378275342079,21.40154440064932,0.0024550482630729675,overdamped
400,1.155050166896552,1.0173490047454834,1.3792487672590257,1.3636916875839233,0.13770116215106865,11.921660729338813,0.015557079675102337,1.1279386318407842,0.002786196768283844,overdamped
401,0.3010446981856031,0.16786910593509674,1.0852558933208267,0.8048444390296936,0.13317559225050635,44.237813538373494,0.2804114542911331,25.838279802663738,0.0031126111280173063,underdamped
402,0.43724293330178804,0.39822497963905334,0.7415708330398172,0.6810032725334167,0.039017953662734695,8.923632765907788,0.06056756050640044,8.16746800276979,0.0032060977537184954,underdamped
403,0.9189802852746224,0.9041212797164917,3.257074867237012,3.3224101066589355,0.014859005558130689,1.6169014500338617,0.06533523942192376,2.005948345834245,0.0024836494121700525,underdamped
404,0.09432255870545873,-0.05406518280506134,0.830654768904648,0.5489556193351746,0.1483877415105201,157.31946158701103,0.2816991495694734,33.91290342448031,0.002370066475123167,underdamped
405,1.2983783820010708,1.1743046045303345,3.8583100174586598,3.645270347595215,0.12407377747073634,9.556056939234683,0.2130396698634449,5.521579885998042,0.002489157486706972,overdamped
406,0.7624622949428125,0.7586420774459839,1.065173507577945,1.0922908782958984,0.003820217496828593,0.5010369066335436,0.027117370717953504,2.545817233064179,0.0025108319241553545,underdamped
407,1.886054973568759,1.1467424631118774,3.7430095552651808,2.397425413131714,0.7393125104568816,39.198884487336436,1.3455841421334669,35.9492574695855,0.0030863203573971987,overdamped
408,0.840510151648465,0.8598971366882324,2.4883820431105943,2.6033904552459717,0.019386985039767435,2.306573573411859,0.11500841213537738,4.621814903936997,0.002481815405189991,underdamped
409,0.23814645541524004,0.26311466097831726,2.3714619275495097,2.43902850151062,0.024968205563077217,10.484391010372935,0.06756657396111043,2.849152802167423,0.007640852127224207,underdamped
410,0.5142072803233569,0.49957308173179626,1.6207221253535244,1.61772620677948,0.014634198591560676,2.8459726556881937,0.002995918574044465,0.18485084686500297,0.002788438694551587,underdamped
411,1.816537059408701,1.5108062028884888,0.8276450455943072,0.7306358814239502,0.30573085652021215,16.830422200124577,0.09700916417035699,11.721107337831956,0.0022765190806239843,overdamped
412,0.04625061750052069,0.12365886569023132,3.14959185292694,3.1801068782806396,0.07740824818971064,167.3669506982024,0.030515025353699432,0.9688564988298907,0.11347626149654388,underdamped
413,1.036289872313354,1.0240329504013062,3.836512700393179,3.9222495555877686,0.012256921912047858,1.182769632273469,0.08573685519458962,2.234760103512834,0.00213256455026567,overdamped
414,0.6187283548096502,0.6052669286727905,1.6460719682267564,1.6970170736312866,0.013461426136859633,2.1756601313351798,0.05094510540453023,3.0949500622023978,0.0024779632221907377,underdamped
415,0.6671166167660342,0.6941706538200378,2.2590044608437787,2.3472840785980225,0.027054037054003666,4.055368487919383,0.08827961775424376,3.90789922217638,0.002899813698604703,underdamped
416,1.4257948274300913,1.1027659177780151,3.831804228870902,3.1050868034362793,0.3230289096520762,22.656058462094173,0.7267174254346229,18.96541112301974,0.0022528772242367268,overdamped
417,0.9791050418756617,0.9201995134353638,3.5189224217339325,3.5071957111358643,0.05890552844029795,6.016262394834902,0.01172671059806829,0.3332472044748861,0.002699148841202259,underdamped
418,1.9032060569755433,1.4576797485351562,2.1165233678890396,1.718752145767212,0.4455263084403871,23.409252340673493,0.3977712221218277,18.793613534187127,0.002394657349213958,overdamped
419,1.0,0.9105440974235535,0.6634808812647308,0.6290760636329651,0.08945590257644653,8.945590257644653,0.03440481763176573,5.185502491975817,0.0022347033955156803,critically_damped
420,0.678652943732499,0.6970588564872742,1.9228784770355964,2.0043792724609375,0.01840591275477521,2.71212449968097,0.08150079542534105,4.238478738967772,0.0028171944431960583,underdamped
421,1.7907891746010955,1.5506418943405151,1.458929249260546,1.309884786605835,0.2401472802605804,13.410136919890306,0.14904446265471094,10.216017173571213,0.002720191376283765,overdamped
422,1.1355853599981172,1.1178935766220093,2.491062766578273,2.4315032958984375,0.017691783376107884,1.557943946735736,0.05955947067983569,2.3909261331719334,0.0029037552885711193,overdamped
423,0.1510905886509217,0.07591897249221802,1.4890676950494626,1.1130976676940918,0.07517161615870369,49.752679389170616,0.3759700273553708,25.24868604733797,0.003946296405047178,underdamped
424,0.32091380633510286,0.36423417925834656,3.151056264375294,3.309951066970825,0.0433203729232437,13.499067995226088,0.15889480259553102,5.042588556476708,0.004187936894595623,underdamped
425,1.3402162955229464,1.0961189270019531,3.308291886444367,2.8117618560791016,0.24409736852099329,18.213281642404414,0.49653003036526533,15.008652422713462,0.0026948475278913975,overdamped
426,0.44249306064766636,0.494815468788147,2.934409660131017,3.1423094272613525,0.052322408140480614,11.824458459054155,0.20789976713033553,7.08489240459538,0.0032447543926537037,underdamped
427,1.6973531392385128,1.1347131729125977,2.8422500095468552,2.0246124267578125,0.5626399663259152,33.14807940192891,0.8176375827890427,28.76726466857854,0.0030696492176502943,overdamped
428,0.5550459441097221,0.4815753698348999,1.0426764172146412,0.9771873950958252,0.07347057427482218,13.236845535853234,0.06548902211881602,6.280857707874553,0.0028161422815173864,underdamped
429,0.9000796625867075,0.8406981229782104,1.2752372812802015,1.2556723356246948,0.059381539608497014,6.597364886330448,0.019564945655506705,1.5342200187141326,0.0025005543138831854,underdamped
430,1.4355593346612197,1.181134581565857,3.8044195245312578,3.2596778869628906,0.2544247530953627,17.72303985995848,0.5447416375683671,14.31865318889837,0.0025304912123829126,overdamped
431,1.4984383110977613,1.3438328504562378,0.5949851299774283,0.556016206741333,0.15460546064152347,10.317772810297338,0.03896892323609524,6.5495625474830925,0.0027638135943561792,overdamped
432,0.03013433139005805,0.12488637119531631,3.0442258146009307,3.134281635284424,0.09475203980525826,314.4321955539354,0.09005582068349316,2.958250345672817,0.16444087028503418,underdamped
433,1.4193668800510586,1.3391194343566895,0.7132249788418255,0.678145706653595,0.08024744569436915,5.653749345728175,0.03507927218823048,4.918402079129948,0.002442748285830021,overdamped
434,1.346759737890826,1.149100661277771,3.720633701554799,3.2607412338256836,0.19765907661305504,14.676639867673124,0.4598924677291154,12.360595119507007,0.002922818996012211,overdamped
435,1.3831902484736172,1.2267355918884277,1.9494781201000686,1.7960882186889648,0.15645465658518942,11.311145141302203,0.15338990141110376,7.868254576934166,0.002630463568493724,overdamped
436,1.7316427717020269,1.480718970298767,0.8535621102796016,0.7485593557357788,0.25092380140325976,14.490506096510163,0.1050027545438228,12.301712233855719,0.0020492763724178076,overdamped
437,0.2780964035409738,0.30595147609710693,2.8181503713283074,2.95280122756958,0.02785507255613312,10.016336853500173,0.1346508562412727,4.777986924019471,0.004689883440732956,underdamped
438,0.459161807213246,0.45603320002555847,1.931766738195807,1.996972680091858,0.0031286071876875376,0.6813735677790238,0.06520594189605089,3.3754562912161243,0.0031593157909810543,underdamped
439,0.047874741012285116,0.08584212511777878,2.017012965957996,1.968847393989563,0.03796738410549366,79.30566996853491,0.048165571968433074,2.387965411296028,0.05059894546866417,underdamped
440,1.9790296951116653,1.6750646829605103,1.609743105144677,1.4607973098754883,0.303965012151155,15.359295158732017,0.1489457952691886,9.252768022000753,0.0023422741796821356,overdamped
441,1.656200404151745,1.4830713272094727,0.43139733880408787,0.3734097182750702,0.17312907694227242,10.45338936690719,0.05798762052901768,13.44181229531224,0.0025036572478711605,overdamped
442,0.772050406770826,0.7352182865142822,1.6759197586116348,1.6885143518447876,0.03683212025654381,4.7706885371121865,0.012594593233152818,0.7515033561980574,0.0024762977845966816,underdamped
443,0.3740473268496492,0.3587682843208313,1.5261011304846344,1.533960223197937,0.015279042528817899,4.084788590123893,0.007859092713302651,0.5149785001998451,0.0037150548305362463,underdamped
444,1.0,0.9336450099945068,2.0282084110413856,1.978068232536316,0.06635499000549316,6.635499000549316,0.05014017850506969,2.472141335777479,0.0024416204541921616,critically_damped
445,1.5736166347336529,1.3605008125305176,1.109431648580314,0.9980655908584595,0.2131158222031353,13.543058550547595,0.11136605772185448,10.038117973681771,0.0022326393518596888,overdamped
446,1.7531301006962239,1.3792654275894165,3.378001551760002,2.806154727935791,0.3738646731068074,21.325552105821114,0.5718468238242109,16.928554207628117,0.0024912783410400152,overdamped
447,1.4433481368565544,1.1921865940093994,3.9075858227229063,3.3890955448150635,0.251161542847155,17.401314099740052,0.5184902779078429,13.26881357007651,0.00269597047008574,overdamped
448,1.4241921268345403,1.1582918167114258,1.2174042659092736,1.0619115829467773,0.26590031012311455,18.670255586520756,0.1554926829624963,12.772477254822128,0.00337224337272346,overdamped
449,0.28261715257859965,0.16406425833702087,1.1331226660072928,0.8299095630645752,0.11855289424157878,41.94823037451968,0.30321310294271764,26.759071373192896,0.0035675757098942995,underdamped
450,0.16965172848512716,0.17346960306167603,1.2965889504215313,1.2532176971435547,0.003817874576548863,2.2504189085721955,0.04337125327797664,3.345027216518875,0.004373041447252035,underdamped
451,0.47868609009022206,0.5241891145706177,3.0865308848573507,3.2982563972473145,0.045503024480395615,9.505817157089162,0.21172551238996373,6.859659607771881,0.0032816617749631405,underdamped
452,1.6291980388084417,1.2632237672805786,3.390950388558992,2.84001088142395,0.3659742715278631,22.46346133558621,0.5509395071350416,16.24734791148529,0.003038235241547227,overdamped
453,0.2916166237952535,0.17479023337364197,0.8668173406144453,0.7098404169082642,0.11682639042161153,40.06163602786798,0.1569769237061811,18.109573534247446,0.0030415793880820274,underdamped
454,1.9648816302786032,1.564285397529602,2.0494616105590895,1.7130581140518188,0.40059623274900114,20.387804872103164,0.33640349650727064,16.41423751360243,0.003051584353670478,overdamped
455,0.5779932450811076,0.6323332786560059,2.6544929941431943,2.8923511505126953,0.05434003357489825,9.401499764460555,0.23785815636950103,8.960587083646677,0.003247171873226762,underdamped
456,0.4053102448108835,0.41619861125946045,3.3756837151474905,3.495121479034424,0.010888366448576936,2.6864276410425827,0.11943776388693328,3.538179935252459,0.0027774195186793804,underdamped
457,0.45177397810444053,0.509290337562561,3.547063396086756,3.8741614818573,0.0575163594581205,12.731224516172542,0.3270980857705439,9.221658855362154,0.003028401406481862,underdamped
458,1.0,0.9857469797134399,2.474649953210577,2.6011087894439697,0.014253020286560059,1.4253020286560059,0.1264588362333927,5.110170675627345,0.0023223895113915205,critically_damped
459,1.070864078827501,0.9312045574188232,0.8784373170229645,0.812203586101532,0.13965952140867777,13.041759843283964,0.06623373092143248,7.53994959434322,0.0026528784073889256,overdamped
460,1.3990769768350777,1.1757019758224487,3.7453104082017212,3.346834659576416,0.22337500101262897,15.965883558311193,0.3984757486253052,10.639325054411977,0.0024705114774405956,overdamped
461,1.027076696406677,1.0559148788452148,2.5879753006854953,2.6531496047973633,0.02883818243853775,2.807792498791064,0.06517430411186798,2.5183510868362924,0.002747435588389635,overdamped
462,1.9986989352168716,1.3620941638946533,3.027246301669161,2.111531972885132,0.6366047713222183,31.850958646412774,0.9157143287840293,30.24908572120885,0.002759992377832532,overdamped
463,0.9315276909668219,0.9258116483688354,1.6629201118821206,1.6671563386917114,0.005716042597986415,0.6136202555668313,0.004236226809590793,0.25474626106940046,0.002334226854145527,underdamped
464,0.12791201244529748,0.029709652066230774,0.47966686339545805,0.327103853225708,0.09820236037906671,76.77336827224391,0.15256301016975005,31.80603494053966,0.0023672848474234343,underdamped
465,1.2853085112291471,1.227309226989746,1.2066556423510417,1.1917917728424072,0.05799928423940104,4.512479590128601,0.014863869508634497,1.2318236443724584,0.00242475513368845,overdamped
466,0.4992665876550917,0.42519521713256836,1.3005705565534158,1.2212330102920532,0.07407137052252333,14.836035968362065,0.07933754626136258,6.100210854504617,0.0028984241653233767,underdamped
467,1.0,0.9883525967597961,3.1086715288197153,3.1551856994628906,0.011647403240203857,1.1647403240203857,0.04651417064317531,1.496271645683826,0.0027584820054471493,critically_damped
468,1.1464901498758922,1.0548837184906006,2.535904263352743,2.3592302799224854,0.09160643138529156,7.9901629678377954,0.17667398343025775,6.966902733018612,0.0029066838324069977,overdamped
469,1.0,0.9297567009925842,0.5266420025368889,0.5031769275665283,0.07024329900741577,7.024329900741577,0.023465074970360544,4.455602640375598,0.0024705207906663418,critically_damped
470,1.567362203197955,1.4465761184692383,1.9782975021598894,1.7803148031234741,0.12078608472871677,7.706328791282056,0.1979826990364153,10.007731335669149,0.0028075240552425385,overdamped
471,0.13118137199300123,0.18089410662651062,2.705666771095818,2.7469325065612793,0.04971273463350939,37.89618440350026,0.041265735465461084,1.5251595616391485,0.02742968499660492,underdamped
472,1.9446726893099586,1.590936541557312,3.115246190339563,2.6010851860046387,0.3537361477526466,18.1900095423341,0.5141610043349245,16.504666819892034,0.0024895681999623775,overdamped
473,0.36500402646664276,0.444193035364151,3.9760243848430603,4.309203147888184,0.07918900889750824,21.69537954528434,0.3331787630451233,8.37969616874657,0.0037563315127044916,underdamped
474,0.09858593301101784,0.12336751073598862,2.0463378566264723,1.9811434745788574,0.024781577724970777,25.13703219931105,0.06519438204761485,3.1859050956078314,0.030404439195990562,underdamped
475,0.3530779819481868,0.38503992557525635,2.5866768197506964,2.739421844482422,0.031961943627069556,9.052375186555778,0.15274502473172547,5.905067983964344,0.0035433305893093348,underdamped
476,0.8682938039295416,0.809361457824707,0.8529492429891381,0.8187555074691772,0.058932346104834554,6.7871434574484955,0.034193735519960855,4.00888280293559,0.0026444646064192057,underdamped
477,0.48124779025902487,0.4927709996700287,2.0456750011504172,2.1397998332977295,0.01152320941100382,2.394444118860601,0.09412483214731227,4.601162554872094,0.003231227397918701,underdamped
478,1.0,0.9714703559875488,1.9766840074698677,2.02298641204834,0.028529644012451172,2.852964401245117,0.04630240457847212,2.342428248698114,0.0023261939641088247,critically_damped
479,0.41228235243029654,0.4777553379535675,3.1603392713258667,3.3962347507476807,0.06547298552327097,15.880618012710187,0.235895479421814,7.464245423335453,0.003415412036702037,underdamped
480,1.976253233579354,1.4512840509414673,3.914593900962652,2.9563896656036377,0.5249691826378866,26.563862045506788,0.9582042353590143,24.477743020122187,0.002354274969547987,overdamped
481,0.5291585957288185,0.5202091932296753,1.9369634071506763,1.9673398733139038,0.008949402499143222,1.6912514643775312,0.030376466163227533,1.568251937599178,0.0024752856697887182,underdamped
482,1.2567714457440466,1.1533887386322021,2.211152893764248,2.0819387435913086,0.1033827071118445,8.226054742247808,0.12921415017293958,5.843745610597126,0.0023204395547509193,overdamped
483,0.6138030666809818,0.6967182159423828,3.8146023687533352,4.231419563293457,0.08291514926140098,13.508428641412332,0.4168171945401218,10.926884488784697,0.0031125496607273817,underdamped
484,0.64794984900441,0.7064668536186218,2.8483415409632546,3.104166030883789,0.05851700461421183,9.031100895250546,0.2558244899205344,8.98152437976309,0.0026376103051006794,underdamped
485,0.5958612174880595,0.6011400818824768,1.847488997363306,1.9238275289535522,0.005278864394417271,0.8859217951238878,0.07633853159024628,4.132015492335537,0.003003746271133423,underdamped
486,1.619647341355488,1.2991831302642822,1.5058929186071892,1.2829985618591309,0.3204642110912057,19.78604866063054,0.22289435674805835,14.801474526768802,0.0023997905664145947,overdamped
487,1.583251325308077,1.2596381902694702,3.863159627534217,3.1179563999176025,0.3236131350386069,20.439782987431677,0.7452032276166145,19.289993152373665,0.002841048175469041,overdamped
488,1.1890562711511976,1.0790282487869263,1.8345425821775156,1.7059675455093384,0.11002802236427134,9.253390695946335,0.12857503666817727,7.008561039535248,0.002415431197732687,overdamped
489,1.4492627887021912,1.274198293685913,1.7214256244869042,1.5877442359924316,0.17506449501627808,12.079554955871572,0.13368138849447253,7.765737107249011,0.0024594482965767384,overdamped
490,0.9115703784698956,0.8985995650291443,2.202264595639523,2.228308916091919,0.01297081344075135,1.4229086143105414,0.026044320452395908,1.1826154088824559,0.0026491261087358,underdamped
491,1.2353591691484294,1.2273221015930176,2.5446398473814464,2.6135451793670654,0.008037067555411781,0.6505854941726766,0.06890533198561899,2.70786186330163,0.0026586437597870827,overdamped
492,0.094996817944912,-0.02658640220761299,0.9548368006408956,0.574457049369812,0.12158322015252498,127.98662395516264,0.3803797512710836,39.83714819283976,0.0023176034446805716,underdamped
493,0.5373030350090047,0.5006496906280518,1.1677007841129348,1.1220883131027222,0.03665334438095291,6.821726659395965,0.045612471010212596,3.9061779893265163,0.0026121351402252913,underdamped
494,0.09505954111543378,0.01771494746208191,1.5758890593328962,0.9576004147529602,0.07734459365335188,81.3643667387684,0.618288644579936,39.23427483160962,0.0034026270732283592,underdamped
495,1.0244531380087873,0.9407960772514343,2.5217277519156767,2.491947889328003,0.08365706075735302,8.166021231576865,0.029779862587673733,1.180930913935928,0.0027435694355517626,overdamped
496,0.2471158786661395,0.09184833616018295,0.9993143405355878,0.6820685863494873,0.15526754250595654,62.83187601867032,0.31724575418610046,31.74634259887344,0.0030409449245780706,underdamped
497,1.6667021878001926,1.3033623695373535,3.9155936227149364,3.2495856285095215,0.3633398182628391,21.799924480953344,0.6660079942054149,17.00911939231396,0.002335250610485673,overdamped
498,1.8571091592913929,1.465662956237793,0.950868072648104,0.7950102090835571,0.3914462030535999,21.078254936988298,0.1558578635645469,16.391113346617388,0.002912800293415785,overdamped
499,1.9038648313041537,1.6708472967147827,0.44282829561644155,0.3777894675731659,0.23301753458937102,12.239184776040704,0.06503882804327565,14.687143682347125,0.0020589749328792095,overdamped
500,1.616633209121166,1.326473593711853,3.9971210161826014,3.32399845123291,0.2901596154093129,17.948388896888336,0.6731225649496912,16.840184778607185,0.0029015119653195143,overdamped
501,1.040287831652779,0.995470404624939,1.1684899173106293,1.1216182708740234,0.044817427027840084,4.308175647564334,0.04687164643660591,4.011300888627662,0.0023242547176778316,overdamped
502,0.49823745976464556,0.5898690819740295,3.944049476241381,4.400738716125488,0.09163162220938398,18.39115474229264,0.45668923988410715,11.57919652466746,0.0030390662141144276,underdamped
503,1.622600753470541,1.4505189657211304,1.7830674639538429,1.7218282222747803,0.17208178774941052,10.60530678180378,0.061239241679062584,3.4344882017682226,0.002469676313921809,overdamped
504,0.8551884270888586,0.8647788166999817,3.555586561011141,3.70036244392395,0.009590389611123129,1.121435850549301,0.14477588291280918,4.071786199789148,0.0029852103907614946,underdamped
505,0.3950014427854428,0.30287662148475647,0.6656945579417983,0.5392760038375854,0.09212482130068633,23.322654380968114,0.12641855410421288,18.990474324301996,0.0030925592873245478,underdamped
506,0.8974744437149142,0.8593341708183289,1.014562075695992,1.0292915105819702,0.03814027289658539,4.249733590040897,0.01472943488597811,1.4518022345625012,0.002560711931437254,underdamped
507,1.369865529169982,1.247169017791748,3.954411482808563,3.7534186840057373,0.1226965113782339,8.95682888323916,0.2009927988028255,5.082748714356688,0.0026959627866744995,overdamped
508,1.3971378864560247,1.217444896697998,3.2353872191230346,2.8970367908477783,0.1796929897580266,12.861507192667665,0.3383504282752563,10.457803204370931,0.002881350228562951,overdamped
509,0.19870913543533716,0.19767214357852936,1.4477094736251475,1.4028968811035156,0.0010369918568078063,0.5218642084753363,0.04481259252163183,3.0954133642172375,0.004141273908317089,underdamped
510,0.8236986517738202,0.8481407761573792,3.9095692501153194,4.172524929046631,0.024442124383558972,2.967362436605098,0.26295567893131144,6.725950152272022,0.002369181253015995,underdamped
511,0.5654810878348039,0.644780695438385,3.875745846020504,4.312638282775879,0.07929960760358112,14.02338810431574,0.4368924367553748,11.272473844072167,0.0029133791103959084,underdamped
512,0.20366768921108083,0.2766912877559662,3.2099609220750405,3.3316261768341064,0.07302359854488535,35.85428735787532,0.12166525475906598,3.7902409939749964,0.012360088527202606,underdamped
513,1.1231704457431755,1.0671536922454834,2.252229447416811,2.246389150619507,0.056016753497692084,4.987377802718724,0.005840296797304134,0.2593118034222778,0.0022530548740178347,overdamped
514,1.5172523189095193,1.1974990367889404,3.6541982526836665,3.0223312377929688,0.31975328212057885,21.074496188636058,0.6318670148906977,17.291536233061535,0.002196734771132469,overdamped
515,1.9018615419151355,1.5348814725875854,2.5952691423523473,2.128039836883545,0.36698006932755,19.295835224577317,0.46722930546880237,18.003115663191164,0.002390688518062234,overdamped
516,0.5084385983933725,0.4322434663772583,1.0420450180940948,0.9495332837104797,0.07619513201611416,14.986102993927886,0.09251173438361504,8.87790189264754,0.00223085330799222,underdamped
517,0.49500893766606313,0.5147032737731934,2.1578054868489662,2.2787814140319824,0.019694336107130228,3.978581922174541,0.1209759271830162,5.606433384302716,0.0024957123678177595,underdamped
518,1.2960174608588226,1.2079273462295532,3.0056907395366723,2.7948694229125977,0.08809011462926941,6.796985171086767,0.21082131662407466,7.014072134932045,0.002255242085084319,overdamped
519,0.38736229339897926,0.4184836149215698,3.4169945154163432,3.567549705505371,0.03112132152259056,8.034163895899882,0.15055519008902785,4.40607058073324,0.0033940428402274847,underdamped
520,0.1464359549908383,0.21715682744979858,3.749984961329194,3.8673551082611084,0.07072087245896028,48.294745961389665,0.11737014693191439,3.1298831366596245,0.016109073534607887,underdamped
521,1.0,0.9968735575675964,0.7148894946588995,0.703924298286438,0.0031264424324035645,0.31264424324035645,0.010965196372461516,1.5338309563065298,0.002713713562116027,critically_damped
522,0.1518289079533167,0.1994815468788147,2.7636062317565573,2.8381803035736084,0.04765263892549801,31.385748318857644,0.07457407181705111,2.69843333540508,0.01544888224452734,underdamped
523,0.10230832253471778,0.05388825386762619,1.7958947822107265,1.2008814811706543,0.04842006866709159,47.32759512371098,0.5950133010400722,33.13185755279145,0.009479671716690063,underdamped
524,1.8623307756027883,1.5031508207321167,1.533753195177469,1.38057541847229,0.35917995487067156,19.286582146204093,0.15317777670517896,9.98712029985078,0.002505785785615444,overdamped
525,0.7571175965734919,0.7489004731178284,2.435149340121511,2.4687323570251465,0.0082171234556635,1.0853166658458293,0.03358301690363552,1.3790947581867719,0.002333128359168768,underdamped
526,1.3389715357210104,1.2454583644866943,0.8151827368403513,0.7881619930267334,0.09351317123431602,6.983955128214206,0.027020743813617853,3.3146854800127725,0.002412972040474415,overdamped
527,1.4719092564905325,1.1361398696899414,1.8254279003649627,1.542233943939209,0.3357693868005911,22.811826566072742,0.28319395642575373,15.513839597232737,0.0027848391328006983,overdamped
528,0.5694524039256527,0.6006654500961304,3.40677054396464,3.5807604789733887,0.03121304617047771,5.481238810355934,0.17398993500874882,5.1071809141060465,0.0026549126487225294,underdamped
529,0.8843424786946407,0.8316055536270142,3.5570704867656384,3.6524178981781006,0.052736925067626506,5.963405166906646,0.09534741141246217,2.680503851897502,0.002491183578968048,underdamped
530,1.3668639790553943,1.1678539514541626,3.3507768081268394,2.960552453994751,0.19901002760123165,14.559607294557761,0.39022435413208845,11.645787722585819,0.002362343715503812,overdamped
531,0.43017920290709477,0.44208821654319763,2.7055257889989415,2.8337292671203613,0.011909013636102861,2.768384328117981,0.12820347812141986,4.738579045992232,0.003045866498723626,underdamped
532,1.1814078808303698,1.1171157360076904,1.0020313209006815,0.9701631665229797,0.06429214482267942,5.441993901165679,0.03186815437770174,3.1803551159515524,0.0024840878322720528,overdamped
533,1.9971175751049532,1.7160159349441528,1.4010341417475303,1.2346636056900024,0.2811016401608004,14.075367603032978,0.16637053605752783,11.874838099948901,0.00258875684812665,overdamped
534,1.707906487919003,1.4226526021957397,3.347038011749041,2.8007242679595947,0.28525388572326316,16.701961596903967,0.5463137437894461,16.32230473247486,0.002757798181846738,overdamped
535,1.8436414172363722,1.3857821226119995,1.7543392694173428,1.3407752513885498,0.4578592946243727,24.834509050610617,0.41356401802879295,23.573776477462495,0.002447077538818121,overdamped
536,0.21976250326285496,0.12399637699127197,0.806838173271667,0.6702923774719238,0.09576612627158299,43.57710021032952,0.13654579579974313,16.923566623782857,0.0026129274629056454,underdamped
537,1.392320607552966,1.236610770225525,2.0052949229605033,1.885967493057251,0.15570983732744104,11.183475737036206,0.11932742990325229,5.950617464641264,0.0022841833997517824,overdamped
538,1.096018319353134,1.04397714138031,1.4380901984988879,1.4099591970443726,0.05204117797282404,4.748203296778702,0.028131001454515303,1.9561360952100988,0.0024276445619761944,overdamped
539,0.10780601634574072,0.052823759615421295,0.6350308737494712,0.3856849670410156,0.05498225673031942,51.00110234477809,0.24934590670845558,39.26516284731474,0.0036690235137939453,underdamped
540,1.080503641584068,1.0042933225631714,3.865531267509219,3.7590513229370117,0.0762103190208967,7.053221857648611,0.10647994457220733,2.7546005245695087,0.002304237801581621,overdamped
541,1.627074759892958,1.3676825761795044,2.0472828803245386,1.8581368923187256,0.25939218371345363,15.94224126066085,0.18914598800581306,9.238878995355508,0.002617176156491041,overdamped
542,0.03633883637408356,-0.07318948209285736,0.9785584263525586,0.5338436961174011,0.10952831846694092,301.40843625101667,0.4447147302351575,45.44590473690674,0.002902488922700286,underdamped
543,0.25572498665130167,0.22292301058769226,1.5368653828920398,1.4325133562088013,0.032801976063609406,12.827051628058983,0.10435202668323851,6.789926290542842,0.002934302669018507,underdamped
544,1.5073110763063384,1.386948585510254,1.6630625962165717,1.5725736618041992,0.12036249079608452,7.985245559996312,0.09048893441237249,5.441102133992592,0.00258184177801013,overdamped
545,0.612796723900233,0.6475940942764282,2.964963578006746,3.2286651134490967,0.034797370376195236,5.678452416442823,0.26370153544235064,8.893921577938205,0.002647033194079995,underdamped
546,1.0,0.9473773241043091,1.78059560576939,1.7712960243225098,0.05262267589569092,5.262267589569092,0.009299581446880145,0.5222736379191403,0.0026509398594498634,critically_damped
547,1.1369218794168694,1.0165616273880005,1.3094466972133745,1.2603696584701538,0.12036025202886891,10.586501518521398,0.04907703874322067,3.7479218396335807,0.002478512469679117,overdamped
548,1.9468771701762715,1.3923707008361816,3.8106805802034347,2.8823561668395996,0.5545064693400898,28.48184147589981,0.9283244133638351,24.36111854104224,0.0030062675941735506,overdamped
549,1.5653482914196282,1.3398233652114868,1.4327716567885735,1.3086518049240112,0.22552492620814135,14.40733205794161,0.12411985186456231,8.662919263964614,0.0021337843500077724,overdamped
550,1.4706925894335927,1.3705930709838867,2.4343670538008526,2.2162516117095947,0.100099518449706,6.806284275101793,0.21811544209125788,8.95984201522558,0.0026326801162213087,overdamped
551,1.822139563828323,1.333181619644165,2.96314180055567,2.2341959476470947,0.48895794418415806,26.83427515051895,0.7289458529085753,24.600437710131796,0.002433587098494172,overdamped
552,1.9653875034675226,1.4328172206878662,1.0009376342011571,0.7621614336967468,0.5325702827796563,27.097469676592805,0.23877620050441029,23.85525254977312,0.0025246869772672653,overdamped
553,1.0,0.9716399908065796,3.08669131215723,3.17141056060791,0.02836000919342041,2.836000919342041,0.08471924845068024,2.7446621603205137,0.0030047218315303326,critically_damped
554,1.922315260708376,1.5406482219696045,0.9540498148187617,0.8030429482460022,0.3816670387387715,19.854549695356766,0.15100686657275952,15.82798552310876,0.0022372743114829063,overdamped
555,1.4452788811606705,1.3277621269226074,1.6769856305845312,1.555249571800232,0.11751675423806307,8.131078075650565,0.12173605878429927,7.259218955970831,0.0025051117409020662,overdamped
556,0.7471573758303814,0.7314186096191406,1.985372388311074,2.0407841205596924,0.015738766211240818,2.106486092538262,0.055411732248618284,2.790999440450373,0.0029877733904868364,underdamped
557,0.681813772354485,0.6932429075241089,1.866016372274451,1.9536558389663696,0.01142913516962385,1.676283999097876,0.08763946669191869,4.696607596486233,0.0023833252489566803,underdamped
558,1.0,0.9595709443092346,3.09421594666543,3.027517557144165,0.04042905569076538,4.042905569076538,0.06669838952126517,2.155582889847898,0.0022405171766877174,critically_damped
559,1.7171636665177594,1.4959734678268433,2.2625851682276976,2.0792250633239746,0.22119019869091616,12.881136667622856,0.183360104903723,8.104008966316638,0.002490508370101452,overdamped
560,1.0,0.9664472937583923,2.661670878791505,2.690129518508911,0.033552706241607666,3.3552706241607666,0.028458639717406253,1.0692020544000358,0.002476855181157589,critically_damped
561,0.8328033011984441,0.8208950757980347,2.392113785184242,2.4615161418914795,0.011908225400409478,1.4298965173736664,0.06940235670723771,2.9012983051678836,0.002379751531407237,underdamped
562,0.7343100412543025,0.7272188663482666,1.6156747054662615,1.6644153594970703,0.007091174906035946,0.9656922155011315,0.04874065403080885,3.0167368385421973,0.0022345618344843388,underdamped
563,0.972787700526454,0.9669854044914246,2.1905501120036472,2.242748737335205,0.005802296035029464,0.5964606698757985,0.052198625331557835,2.382900306435488,0.0030656522139906883,underdamped
564,0.44386231936301146,0.4395792782306671,1.867145054931651,1.8636209964752197,0.004283041132344345,0.964948125916828,0.0035240584564313338,0.18874047557919038,0.0026561194099485874,underdamped
565,1.0288686711679444,0.9439675807952881,2.7054752891159275,2.6574771404266357,0.08490109037265636,8.251887996188948,0.04799814868929175,1.774111516833561,0.0029381848871707916,overdamped
566,0.19212669424483114,0.3098849058151245,3.801597945938197,4.122029781341553,0.11775821157029337,61.29195738944614,0.3204318354033555,8.428872278451214,0.013862129300832748,underdamped
567,0.9400883903725185,0.9105369448661804,1.5918705759203737,1.595091462135315,0.029551445506338037,3.1434752103074066,0.00322088621494121,0.2023334223059551,0.002484300872310996,underdamped
568,1.3312694414668094,1.208008050918579,1.973497841646939,1.824243187904358,0.12326139054823027,9.258936373723062,0.14925465374258118,7.562949935532942,0.0021732538007199764,overdamped
569,0.20825052595581964,0.2798146903514862,3.915285438675516,4.11988639831543,0.07156416439566657,34.364457936998875,0.20460095963991387,5.225697151447721,0.007075678091496229,underdamped
570,0.7304511980624266,0.7528596520423889,2.3233032300446723,2.4113712310791016,0.022408453979962273,3.0677551134699046,0.08806800103442924,3.7906373948757377,0.002365680178627372,underdamped
571,1.1998291124628189,1.0794453620910645,2.389882013848859,2.2630741596221924,0.12038375037175442,10.033408017967638,0.12680785422666663,5.306029899879661,0.002365868305787444,overdamped
572,0.7944677697705402,0.7340145707130432,1.563473421884358,1.5724745988845825,0.06045319905749702,7.609270175297008,0.009001177000224514,0.5757166622874824,0.002502583898603916,underdamped
573,1.536246706672876,1.2531946897506714,2.827214048414425,2.443715810775757,0.2830520169222046,18.424906344321744,0.3834982376386682,13.564527873428753,0.0024417638778686523,overdamped
574,1.2609614498497888,1.229777216911316,2.1260593697345196,2.1205036640167236,0.031184232938472833,2.4730520462927426,0.005555705717795956,0.2613147025376669,0.002787994686514139,overdamped
575,0.1593637667152712,0.19681382179260254,2.6749668739889403,2.7856154441833496,0.037450055077331346,23.49973011383563,0.11064857019440932,4.136446371367917,0.018596213310956955,underdamped
576,0.7138761426685841,0.6432468295097351,0.5371161885049178,0.5014316439628601,0.07062931315884902,9.89377693654606,0.03568454454205772,6.643729104756073,0.0022190194576978683,underdamped
577,1.8457595368269266,1.5548315048217773,1.4016798317563086,1.2047845125198364,0.2909280320051493,15.761968241284999,0.1968953192364722,14.047096546274895,0.0025876942090690136,overdamped
578,0.6107489625153947,0.5783478021621704,1.1233911813096218,1.088931918144226,0.03240116035322427,5.305151926870045,0.034459263165395715,3.0674322300824857,0.0027590778190642595,underdamped
579,1.0,0.858718991279602,1.1064623205251678,1.0332096815109253,0.14128100872039795,14.128100872039795,0.0732526390142425,6.620436833264606,0.0026769470423460007,critically_damped
580,1.4543022259855458,1.2871849536895752,3.9159128391814777,3.613291025161743,0.16711727229597062,11.491234030307506,0.30262181401973454,7.728001782669656,0.003062167903408408,overdamped
581,1.4751597709734834,1.2208740711212158,2.9569916127642317,2.5736217498779297,0.25428569985226757,17.23784127359032,0.38336986288630204,12.964861355420728,0.0028204217087477446,overdamped
582,1.0,1.008368968963623,3.2355410225293517,3.3697545528411865,0.008368968963623047,0.8368968963623047,0.1342135303118348,4.148101642887369,0.002297220518812537,critically_damped
583,1.8142445449975777,1.2253988981246948,3.780642488200065,2.7264440059661865,0.5888456468728829,32.456795777422,1.0541984822338786,27.884109262491368,0.00332851056009531,overdamped
584,1.9289162959845239,1.3837924003601074,1.9300153588503572,1.4965752363204956,0.5451238956244164,28.260629907021638,0.43344012252986164,22.457858718183818,0.0020939530804753304,overdamped
585,0.17083426929381718,0.2533126473426819,3.5843996456604046,3.7700812816619873,0.08247837804886471,48.279761660121295,0.18568163600158272,5.180271575642675,0.01582433097064495,underdamped
586,1.0,0.9351353049278259,3.655416047602945,3.54196834564209,0.06486469507217407,6.486469507217407,0.11344770196085507,3.1035510180913306,0.002918546786531806,critically_damped
587,1.4145195017919239,1.2094436883926392,3.053708695660781,2.6884570121765137,0.2050758133992847,14.497913470934346,0.3652516834842672,11.960920961559882,0.002115145791321993,overdamped
588,1.3012195875721249,1.1948585510253906,3.0248233126500534,2.8540308475494385,0.10636103654673423,8.173949851553305,0.17079246510061497,5.646361702726476,0.0025102037470787764,overdamped
589,1.8671592272400819,1.574418544769287,1.410582562661677,1.2023613452911377,0.29274068247079477,15.6783994744522,0.20822121737053934,14.761363346051827,0.002675412455573678,overdamped
590,1.2464560580439699,1.2415004968643188,0.5817613923512257,0.5729220509529114,0.0049555611796510135,0.3975720722499952,0.008839341398314327,1.5194101077401452,0.0025030174292623997,overdamped
591,0.8780608215741473,0.7506271004676819,0.565599207768343,0.5160330533981323,0.12743372110646545,14.513085879177265,0.049566154370210724,8.763476626104456,0.0024505306500941515,underdamped
592,1.0,0.995901346206665,2.2736400602104303,2.291494369506836,0.004098653793334961,0.4098653793334961,0.017854309296405635,0.7852742221103011,0.002438097493723035,critically_damped
593,1.3531641703456225,1.2471305131912231,0.5613377889174933,0.5324249863624573,0.10603365715439939,7.835978773168113,0.028912802555036032,5.150695913559046,0.0024767175782471895,overdamped
594,1.6161907698802838,1.443794846534729,3.3163572265811916,2.9913415908813477,0.17239592334555476,10.666805339961485,0.32501563569984393,9.800380764013779,0.0026868022978305817,overdamped
595,0.39098189503787145,0.3516100347042084,1.3901521673627801,1.3239076137542725,0.03937186033366308,10.069995780712409,0.06624455360850767,4.765273555209313,0.003315868554636836,underdamped
596,1.0746094069726253,1.0131933689117432,3.578151155439752,3.506826400756836,0.06141603806088214,5.715196392510889,0.07132475468291588,1.9933410184330271,0.00251638051122427,overdamped
597,1.836113339340149,1.433464765548706,1.9889487362217433,1.6761910915374756,0.4026485737914429,21.929396468310845,0.3127576446842677,15.72477153324675,0.0030548155773431063,overdamped
598,1.049678734842971,0.9431812763214111,0.9230458240272001,0.8714213967323303,0.1064974585215599,10.145719350739405,0.051624427294869824,5.592834716442915,0.0025016688741743565,overdamped
599,1.800967819248774,1.4839271306991577,2.763529867071037,2.354590654373169,0.3170406885496162,17.603906364182638,0.4089392126978679,14.79771279372086,0.002425374696031213,overdamped
600,1.8291148242800186,1.55531907081604,1.7946930977939535,1.5956538915634155,0.27379575346397855,14.968757009104161,0.19903920623053795,11.090431365407156,0.002452598186209798,overdamped
601,1.3012790142462962,1.1928181648254395,0.6660418889320099,0.6298150420188904,0.10846084942085676,8.33494187130018,0.036226846913119504,5.439124402702181,0.002382024424150586,overdamped
602,0.7814828808021052,0.7140441536903381,1.3234708603456402,1.294901967048645,0.06743872711176702,8.629584699609628,0.02856889329699519,2.158634100151936,0.002491848776116967,underdamped
603,0.8409766440684848,0.8055670261383057,0.7864600540900255,0.7693010568618774,0.03540961793017916,4.2105352366118245,0.017158997228148065,2.1818014963267145,0.0026511691976338625,underdamped
604,0.15078627103059788,0.25192850828170776,3.9429267310032867,4.0835041999816895,0.10114223725110988,67.07655581626916,0.14057746897840273,3.5653076653197777,0.019502300769090652,underdamped
605,1.4313508395309187,1.2266145944595337,3.826808682204899,3.4544219970703125,0.204736245071385,14.303708036981416,0.3723866851345865,9.73099823009777,0.0025251097977161407,overdamped
606,1.0,0.9621499180793762,1.1501967623340148,1.119500756263733,0.03785008192062378,3.785008192062378,0.03069600607028189,2.668761300283319,0.0022037378512322903,critically_damped
607,0.8202648988252974,0.8222359418869019,2.6903238418889726,2.7291674613952637,0.0019710430616044494,0.2402934789026305,0.038843619506291116,1.4438269066900742,0.0021186869125813246,underdamped
608,1.3715730170173215,1.140648603439331,1.2187504255600052,1.0762262344360352,0.23092441357799043,16.83646519090672,0.14252419112397008,11.694288521661967,0.0023710541427135468,overdamped
609,1.567520198225112,1.3319836854934692,3.332301656149132,2.956393003463745,0.23553651273164267,15.026059185606567,0.375908652685387,11.280751008592475,0.0022952917497605085,overdamped
610,1.9524046179736994,1.5543816089630127,2.42022836192928,1.9456552267074585,0.39802300901068666,20.386297253474762,0.47457313522182165,19.60860977777802,0.002688069362193346,overdamped
611,0.9384353963546168,0.9182180166244507,2.7915921514133832,2.8817265033721924,0.02021737973016613,2.1543709677513454,0.09013435195880914,3.2287793871742374,0.0025702635757625103,underdamped
612,1.0,0.9502182602882385,1.091104939769014,1.0683071613311768,0.049781739711761475,4.9781739711761475,0.022797778437837257,2.089421246930064,0.0027965204790234566,critically_damped
613,1.0,0.9779752492904663,3.4527017004917964,3.4571516513824463,0.02202475070953369,2.202475070953369,0.004449950890649923,0.12888315518297105,0.0025853882543742657,critically_damped
614,1.4825938211675695,1.3775129318237305,2.1408426549909008,2.0542194843292236,0.10508088934383908,7.087638424196721,0.08662317066167713,4.046218457939185,0.002641084138303995,overdamped
615,1.5689635541895632,1.3239291906356812,1.027742917051471,0.9358807802200317,0.24503436355388208,15.61759436027517,0.09186213683143918,8.938240809772331,0.002312164520844817,overdamped
616,0.022456436618657597,0.15379664301872253,3.6410050539737453,3.589810609817505,0.13134020640006494,584.8666403775871,0.051194444156240415,1.406052543112168,0.20538827776908875,underdamped
617,0.4581503396355159,0.37296798825263977,0.4494148301568677,0.40294861793518066,0.08518235138287611,18.592663589563944,0.04646621222168701,10.339269891353615,0.0024966388009488583,underdamped
618,1.5237929044610645,1.4015077352523804,1.4506970015835472,1.404715657234192,0.12228516920868415,8.025051754124949,0.0459813443493553,3.169603597385473,0.00255892938002944,overdamped
619,1.6874205657360901,1.303447961807251,3.657860603781129,2.9524455070495605,0.38397260392883914,22.755003211741812,0.7054150967315684,19.284909217217876,0.0026017010677605867,overdamped
620,1.9986707158280514,1.365101933479309,1.543036756462618,1.1146923303604126,0.6335687823487424,31.69950794452172,0.42834442610220536,27.759832959791357,0.0022905361838638783,overdamped
621,0.5771587392855182,0.5776429772377014,0.9936218861033639,1.0172417163848877,0.00048423795218321963,0.08390030666133065,0.023619830281523813,2.3771447279762015,0.002945883898064494,underdamped
622,0.32082514513231075,0.29789233207702637,0.3646205320546932,0.3418343663215637,0.022932813055284385,7.14807221417346,0.02278616573312947,6.249282124823278,0.0021723946556448936,underdamped
623,1.2528798790628966,1.194556474685669,2.1359580262842464,2.1246049404144287,0.058323404377227606,4.6551473410883695,0.011353085869817647,0.5315219554930906,0.0023960547987371683,overdamped
624,1.6974131655599856,1.008618950843811,0.33968194393333584,0.1948244422674179,0.6887942147161745,40.57905456912947,0.14485750166591793,42.64504023632969,0.0026919280644506216,overdamped
625,0.07078880452053816,0.011509221978485584,1.6444644066731111,0.9804813861846924,0.05927958254205258,83.74146582014056,0.6639830204884187,40.37685569806354,0.0030911469366401434,underdamped
626,1.9470656558438855,1.3788825273513794,1.9088008597274193,1.421416997909546,0.5681831284925061,29.181508429732304,0.4873838618178734,25.53351017913272,0.0030108988285064697,overdamped
627,0.6311164551971291,0.7002647519111633,3.243059783606525,3.4994070529937744,0.06914829671403422,10.956503533477948,0.2563472693872493,7.904487937073178,0.002623120555654168,underdamped
628,1.9842624846331374,1.5043121576309204,1.4024980498481734,1.0651346445083618,0.47995032700221696,24.187844638455335,0.3373634053398116,24.05446520059922,0.002671394031494856,overdamped
629,1.0,0.960934042930603,2.6448425608067248,2.6017162799835205,0.03906595706939697,3.9065957069396973,0.043126280823204244,1.6305802644846257,0.0026308665983378887,critically_damped
630,0.6490103050610401,0.5790206789970398,0.7423295455638264,0.6851540207862854,0.06998962606400028,10.784054662647872,0.057175524777540954,7.702175552518802,0.0028452184051275253,underdamped
631,1.6725488283246674,1.4041857719421387,0.6546765660223076,0.5517192482948303,0.2683630563825288,16.045155264694934,0.1029573177274773,15.726440057726016,0.0025108125992119312,overdamped
632,1.3932026465170213,1.2355234622955322,2.0093136079407117,1.889266014099121,0.15767918422148908,11.317749403913629,0.12004759384159058,5.974557349692363,0.002581204753369093,overdamped
633,0.4494316227332436,0.4361429214477539,1.8577981951938936,1.94057297706604,0.013288701285489701,2.956779321551456,0.08277478187214649,4.45553139659001,0.0030932037625461817,underdamped
634,1.5162403757044856,1.3483723402023315,2.0648499616590317,1.8896174430847168,0.167868035502154,11.071333951528501,0.17523251857431488,8.486452857500694,0.002886170754209161,overdamped
635,1.3812267830832565,1.1971627473831177,2.104555598891875,1.9056724309921265,0.18406403570013885,13.326127031019494,0.1988831678997487,9.450126573252229,0.002411060966551304,overdamped
636,0.3188398889016574,0.3619456887245178,3.006735377669752,3.1754720211029053,0.04310579982286045,13.519575599951345,0.16873664343315342,5.611955235113704,0.004080093931406736,underdamped
637,0.7338807058307102,0.737133800983429,2.396229036407816,2.5019314289093018,0.0032530951527187657,0.4432730179268648,0.10570239250148594,4.41119738119626,0.002520480193197727,underdamped
638,1.4568922491343312,1.3770594596862793,2.616473019446892,2.454580545425415,0.07983278944805194,5.4796632692285705,0.1618924740214771,6.1874314322453925,0.002104968996718526,overdamped
639,1.710874081266544,1.4552608728408813,0.921621456336015,0.8137816786766052,0.2556132084256626,14.940503876032452,0.10783977765940977,11.701092343068492,0.0027163124177604914,overdamped
640,1.4027680398304838,1.1751844882965088,3.169464327417167,2.7683184146881104,0.22758355153397503,16.22389055580972,0.40114591272905686,12.656583929939835,0.002715982496738434,overdamped
641,1.3710147228041603,1.188049554824829,3.577148374321898,3.2136406898498535,0.18296516797933116,13.345237285644117,0.3635076844720446,10.161940362369032,0.0026797056198120117,overdamped
642,1.714542906552984,1.5278699398040771,2.9529021368850996,2.776519298553467,0.18667296674890688,10.887622936436452,0.17638283833163282,5.973202976434977,0.0020842833910137415,overdamped
643,1.6313468741185773,1.4721150398254395,1.920016531484448,1.8017035722732544,0.1592318342931378,9.76075884407915,0.11831295921119356,6.162080235825922,0.002169994870200753,overdamped
644,0.2535265710527191,0.30947375297546387,3.2585890583058936,3.4264297485351562,0.05594718192274478,22.06758119688802,0.16784069022926262,5.150716682161857,0.006098509766161442,underdamped
645,1.451356395062862,1.1453206539154053,1.1233794891250781,1.0110889673233032,0.3060357411474568,21.08618821596894,0.1122905218017749,9.995778175479254,0.0030619793105870485,overdamped
646,0.4247034417014925,0.4426797032356262,2.443484305598386,2.5473597049713135,0.01797626153413373,4.232662081125433,0.10387539937292756,4.251117927581265,0.00307063153013587,underdamped
647,1.0,0.8664486408233643,0.8434362060396459,0.7817678451538086,0.13355135917663574,13.355135917663574,0.06166836088583727,7.311561970454294,0.002235476393252611,critically_damped
648,1.5803537414891835,1.3660075664520264,2.819955742215508,2.502487897872925,0.21434617503715714,13.563176990689222,0.3174678443425831,11.257901661008459,0.0023887003771960735,overdamped
649,1.8355128126335494,1.4449535608291626,1.922536715725455,1.5995455980300903,0.3905592518043868,21.277936558994746,0.3229911176953646,16.80025744389939,0.0026109558530151844,overdamped
650,0.793121870145871,0.8102947473526001,2.7998972348907527,2.9070816040039062,0.01717287720672911,2.1652255287791617,0.10718436911315354,3.8281536828381384,0.0026293473783880472,underdamped
651,0.07115282085845524,0.13449802994728088,2.4433906871692033,2.5299365520477295,0.06334520908882564,89.02698209933048,0.08654586487852622,3.542039565469334,0.06896955519914627,underdamped
652,1.0,0.9388663172721863,2.1046205600980215,2.153325080871582,0.06113368272781372,6.113368272781372,0.04870452077356058,2.3141711003380196,0.0023497759830206633,critically_damped
653,0.8012378926020346,0.7993449568748474,1.1231554481583375,1.1110700368881226,0.0018929357271871838,0.23625139857525218,0.012085411270214896,1.0760230286939898,0.0022490336559712887,underdamped
654,1.0679035737107907,1.0496635437011719,0.6000804899923016,0.5950977206230164,0.018240030009618824,1.7080221902655215,0.0049827693692852115,0.8303501700828726,0.002325112232938409,overdamped
655,1.389730405285958,1.2941478490829468,3.13943546932697,3.0042293071746826,0.09558255620301126,6.8777768579758245,0.1352061621522873,4.306703019484988,0.0025479814503341913,overdamped
656,1.0295142022011068,0.9458310008049011,2.5538457897248077,2.4628121852874756,0.08368320139620566,8.12841641400289,0.0910336044373321,3.5645693566776213,0.00265533197671175,overdamped
657,1.0,0.9508650302886963,2.6135353997574016,2.624966621398926,0.04913496971130371,4.913496971130371,0.011431221641524214,0.43738537624496315,0.00251814560033381,critically_damped
658,0.9602944533433949,0.9519211053848267,2.3148601740275083,2.3911759853363037,0.008373347958568256,0.8719562973018654,0.07631581130879539,3.296778447573244,0.00260178092867136,underdamped
659,0.22808890422739145,0.084941066801548,1.0440547623331795,0.7044327855110168,0.14314783742584344,62.75966729321183,0.33962197682216266,32.52913439743329,0.0028496060986071825,underdamped
660,1.475872757517977,1.4593071937561035,0.4133349854450702,0.3782936930656433,0.01656556376187357,1.1224249297569808,0.03504129237942688,8.477698141543758,0.0023674166295677423,overdamped
661,0.4206442911821272,0.4449772536754608,1.5877286712345309,1.623030424118042,0.02433296249333361,5.784688632039016,0.03530175288351112,2.2234121939778544,0.0031074960716068745,underdamped
662,1.9618909647645477,1.5432919263839722,1.6348320243389867,1.3397173881530762,0.41859903838057555,21.33650880189526,0.2951146361859105,18.051679425917445,0.002138128038495779,overdamped
663,1.1905659371610622,1.1101388931274414,1.809597926727825,1.71855890750885,0.08042704403362078,6.755362430862193,0.09103901921897495,5.030897630591052,0.002461409894749522,overdamped
664,1.0,0.8933703899383545,0.823325825329809,0.771675705909729,0.10662961006164551,10.66296100616455,0.05165011942008002,6.27335106358287,0.0030987763311713934,critically_damped
665,1.866009830567739,1.3527297973632812,3.248949105775649,2.4659135341644287,0.5132800332044578,27.506823640274757,0.7830355716112205,24.101195374812736,0.0030223322100937366,overdamped
666,1.0,1.013063669204712,3.691097797328515,3.8969571590423584,0.013063669204711914,1.3063669204711914,0.20585936171384356,5.577185244531782,0.0024725995026528835,critically_damped
667,1.8313302104977556,1.5071481466293335,2.1171554442877802,1.6670740842819214,0.3241820638684221,17.701999454282436,0.45008136000585885,21.258777253234143,0.003233135212212801,overdamped
668,1.1294657480101506,1.0478616952896118,3.1123721778311153,2.954637050628662,0.08160405272053883,7.225013495478345,0.1577351272024532,5.068003381021493,0.0028349580243229866,overdamped
669,0.5978244767240204,0.644505500793457,3.371423623654814,3.6006014347076416,0.04668102406943664,7.808483239970528,0.22917781105282753,6.797656913977064,0.002628401853144169,underdamped
670,1.0,0.9400182366371155,0.632415144352115,0.6239708065986633,0.05998176336288452,5.998176336288452,0.008444337753451658,1.335252298883917,0.002540829125791788,critically_damped
671,0.6403797577922784,0.5162850618362427,0.6986555151842537,0.6118245124816895,0.12409469595603573,19.37829771257208,0.08683100270256427,12.428299901084252,0.0026690016966313124,underdamped
672,0.8933131775255944,0.8177921772003174,1.2691623773635758,1.222705602645874,0.07552100032527698,8.454034063895048,0.04645677471770182,3.660427975670554,0.0028300287667661905,underdamped
673,1.0,0.9915511608123779,2.5810946120173615,2.589282989501953,0.00844883918762207,0.844883918762207,0.008188377484591669,0.3172443755632694,0.002632521092891693,critically_damped
674,1.8088620340636679,1.3296220302581787,1.3177017650542293,1.070269227027893,0.47924000380548915,26.494005334882324,0.24743253802633625,18.777582650969073,0.002597166458144784,overdamped
675,1.8819382693177402,1.49093759059906,3.103656764465342,2.4801244735717773,0.39100067871868016,20.776488001406644,0.6235322908935648,20.090246383961173,0.0034188078716397285,overdamped
676,0.20786938701403818,0.259187251329422,2.138061975485515,2.158846378326416,0.05131786431538382,24.68755262741894,0.020784402840900995,0.9721141425837871,0.012705049477517605,underdamped
677,1.1031148368567296,1.0412007570266724,1.279061928358123,1.2330375909805298,0.061914079830057256,5.61265951299126,0.04602433737759326,3.5982884297613897,0.0022549894638359547,overdamped
678,0.5953358883791937,0.5979265570640564,1.3342271242511496,1.3384528160095215,0.0025906686848626848,0.4351608454037265,0.004225691758371841,0.31671457442027046,0.002686472376808524,underdamped
679,0.26596729836376903,0.2907947301864624,3.679862686209685,3.7516822814941406,0.02482743182269337,9.334768588255677,0.07181959528445558,1.9516922616053065,0.0037647162098437548,underdamped
680,1.4130852402740324,1.174126386642456,3.1105630669038193,2.6980695724487305,0.23895885363157632,16.910434474939123,0.41249349445508887,13.26105549326396,0.003077510744333267,overdamped
681,0.8746177161252662,0.8593418598175049,0.9066347540192274,0.9205728769302368,0.015275856307761293,1.7465752209361176,0.013938122911009376,1.5373470793194173,0.002708000596612692,underdamped
682,1.0,0.9547358751296997,1.9996131895849258,1.9433969259262085,0.04526412487030029,4.526412487030029,0.05621626365871735,2.811356914003281,0.002606160007417202,critically_damped
683,1.387817628110984,1.216812014579773,1.7651306288391972,1.6751049757003784,0.17100561353121102,12.321908157628307,0.09002565313881883,5.100226106099717,0.002498379908502102,overdamped
684,1.8964144184411194,1.5667325258255005,1.17180511833696,1.009458065032959,0.32968189261561887,17.3844856593435,0.162347053304001,13.854441388206762,0.0025780866853892803,overdamped
685,1.1691716619024224,1.0503443479537964,1.0704158894958078,1.0200791358947754,0.118827313948626,10.163376159432024,0.0503367536010324,4.702541703182512,0.0027712828014045954,overdamped
686,0.5630180084447444,0.7123750448226929,0.3014724197817007,0.3181018829345703,0.1493570363779485,26.527932346342826,0.016629463152869617,5.516081094552923,0.002932277275249362,underdamped
687,0.8515116647978432,0.870604395866394,3.6151778070604608,3.7167959213256836,0.019092731068550806,2.24221603271678,0.10161811426522283,2.810874587323537,0.002066034823656082,underdamped
688,1.915214084730569,1.5432367324829102,0.9648650281050748,0.7961641550064087,0.3719773522476588,19.42223353583933,0.1687008730986661,17.48440125661746,0.0025858404114842415,overdamped
689,1.0,0.9666668176651001,3.7764902583002726,3.808715581893921,0.0333331823348999,3.3333182334899902,0.03222532359364827,0.8533140929682228,0.0025858718436211348,critically_damped
690,1.0,0.9552783370018005,3.8611006285106018,3.870790481567383,0.04472166299819946,4.472166299819946,0.00968985305678105,0.25096090439162827,0.002577306469902396,critically_damped
691,1.0,0.9518953561782837,3.732893335522041,3.7866199016571045,0.04810464382171631,4.810464382171631,0.053726566135063436,1.4392740779331654,0.002430744469165802,critically_damped
692,1.7097734982651562,1.367495059967041,1.7401254234671095,1.5122746229171753,0.3422784382981152,20.01893459253009,0.22785080054993423,13.093929752256212,0.0025665764696896076,overdamped
693,0.8527022960993749,0.8469015955924988,0.41880749989845506,0.41772615909576416,0.005800700506876089,0.6802726500691947,0.0010813408026909,0.25819518584387435,0.002394420327618718,underdamped
694,0.695378640723609,0.6385926008224487,1.0307993040202545,1.0019656419754028,0.05678603990116027,8.16620421962758,0.028833662044851716,2.7972139612819484,0.0026510171592235565,underdamped
695,1.28373692559228,1.1337666511535645,0.9368689846997629,0.8664136528968811,0.14997027443871547,11.68232146703449,0.07045533180288177,7.5202971763934,0.002143140882253647,overdamped
696,0.15854287103029344,0.10270816087722778,0.3699076875317336,0.31784194707870483,0.05583471015306565,35.21742087185811,0.05206574045302875,14.075333443445167,0.002726408187299967,underdamped
697,1.420167572838702,1.231286883354187,0.8663887003724304,0.7711507678031921,0.18888068948451497,13.299887498978084,0.09523793256923829,10.992517853510648,0.002396434312686324,overdamped
698,0.03386259549223691,0.10415666550397873,2.518532787259926,2.5550925731658936,0.07029407001174182,207.58618466755422,0.036559785905967424,1.4516303337763241,0.13488727807998657,underdamped
699,1.500051451450788,1.1915035247802734,1.8236845497828114,1.5151000022888184,0.30854792667051467,20.569156236081092,0.308584547493993,16.920938850457627,0.0026121975388377905,overdamped
700,0.9771447957138983,0.9275270700454712,0.5465929214473321,0.5304539203643799,0.04961772566842715,5.07782734821574,0.016139001082952187,2.9526546081528955,0.0027631449047476053,underdamped
701,0.3430331571722975,0.3837745785713196,2.1215594278291454,2.2406704425811768,0.04074142139902209,11.876817312607082,0.11911101475203134,5.614314319439543,0.0059466492384672165,underdamped
702,1.5159515032763746,1.4350230693817139,1.8198156806287307,1.714111566543579,0.08092843389466076,5.338457973078484,0.10570411408515157,5.80850660923153,0.0026214083191007376,overdamped
703,0.7827016694426359,0.7926231026649475,2.658245665544453,2.838275909423828,0.009921433222311649,1.2675881002498346,0.18003024387937527,6.772520922835855,0.002446316182613373,underdamped
704,0.6600696920292174,0.6458576321601868,3.9714300369774898,3.9536561965942383,0.014212059869030624,2.1531150484033343,0.01777384038325147,0.44754257830961297,0.0022167821880429983,underdamped
705,1.27643803679881,1.1833462715148926,0.9703452741552838,0.9140753746032715,0.09309176528391738,7.293089253073578,0.05626989955201234,5.798956417961334,0.0023361893836408854,overdamped
706,1.548906218508587,1.3412034511566162,2.9739174716173506,2.6657142639160156,0.20770276735197069,13.409641259750629,0.308203207701335,10.363542722445496,0.00261048786342144,overdamped
707,1.1842108274187872,1.1281483173370361,2.9366937766361367,2.782716751098633,0.056062510081751116,4.7341663142829065,0.15397702553750392,5.24321012842811,0.0026632780209183693,overdamped
708,1.414856611414966,1.2822628021240234,2.9211472665017033,2.664339542388916,0.13259380929094267,9.371536890818822,0.2568077241127873,8.79133096293136,0.002638747449964285,overdamped
709,0.0880458251577194,0.1880505234003067,3.3220416631743803,3.4208474159240723,0.1000046982425873,113.58255551974847,0.09880575274969194,2.974247850199386,0.04810931533575058,underdamped
710,1.2450286330704612,1.1120731830596924,3.3375986727907287,3.1361193656921387,0.1329554500107688,10.678907012995927,0.20147930709859008,6.036654698514829,0.0026579638943076134,overdamped
711,1.3566298681648168,1.3163881301879883,1.8938723376690034,1.8044939041137695,0.04024173797682851,2.9663019310687577,0.0893784335552339,4.719348383600224,0.002397935837507248,overdamped
712,0.29691707534995393,0.3249965310096741,2.783597601024275,2.8875784873962402,0.028079455659720143,9.457002641772956,0.10398088637196512,3.7354855577438157,0.004425009246915579,underdamped
713,1.0,0.9983320832252502,2.568769130594803,2.6204769611358643,0.0016679167747497559,0.16679167747497559,0.051707830541061206,2.012941915456924,0.0027511953376233578,critically_damped
714,1.3030861699627374,1.191220760345459,2.403342206384076,2.3220298290252686,0.11186540961727842,8.584651744134257,0.08131237735880736,3.3833041812695113,0.0021975392010062933,overdamped
715,1.535831089150201,1.2628538608551025,3.8337654329457624,3.25993013381958,0.2729772282950984,17.773909528432643,0.5738352991261824,14.96792928943654,0.0024527134373784065,overdamped
716,1.7759161272831805,1.5569989681243896,0.669343721857566,0.5914102792739868,0.21891715915879084,12.326998769569887,0.07793344258357915,11.643261905452386,0.0023862619418650866,overdamped
717,0.6460368717140873,0.701256513595581,3.6587330541561176,3.987560510635376,0.05521964188149375,8.547444317687797,0.3288274564792584,8.987467836871254,0.0024222054053097963,underdamped
718,0.12485063997584195,0.08799263834953308,1.1604648776757998,0.838983416557312,0.03685800162630887,29.52167616717121,0.32148146111848774,27.70281697472453,0.002741587581112981,underdamped
719,0.36218529958419554,0.3908909559249878,3.325174286437126,3.4438998699188232,0.02870565634079225,7.925682343747136,0.11872558348169715,3.5705070848755365,0.0031479960307478905,underdamped
720,0.1586372545101923,0.11622738838195801,0.664352035311035,0.45102736353874207,0.0424098661282343,26.733862899467603,0.21332467177229297,32.110185629584024,0.004827858414500952,underdamped
721,0.14922538912598787,0.2192888706922531,3.5187581216062878,3.561540365219116,0.07006348156626524,46.951448394021014,0.04278224361282845,1.2158336019214264,0.018892185762524605,underdamped
722,1.400535143500818,1.2381055355072021,3.603965170770664,3.2665998935699463,0.16242960799361583,11.597681696697885,0.33736527720071763,9.360947212721708,0.002373554976657033,overdamped
723,1.5043756718097026,1.2339084148406982,1.9414468129498639,1.6604349613189697,0.2704672569690043,17.97870452422587,0.28101185163089415,14.474352310683209,0.0023500956594944,overdamped
724,1.0,0.9962677955627441,1.9120335075859622,1.8991343975067139,0.0037322044372558594,0.37322044372558594,0.012899110079248377,0.6746278257191292,0.0023214162793010473,critically_damped
725,0.871480440987817,0.8435124754905701,2.3881687476865725,2.4579856395721436,0.027967965497246894,3.209247641352157,0.06981689188557105,2.9234488539891883,0.002969689667224884,underdamped
726,0.38528766379104057,0.356269508600235,0.8197991738286166,0.8030430674552917,0.029018155190805583,7.531555748575299,0.01675610637332481,2.043928184883456,0.0026688186917454004,underdamped
727,0.7001539923806812,0.6372756361961365,1.5628835356684454,1.5756218433380127,0.06287835618454474,8.980646667562969,0.012738307669567295,0.8150516259753878,0.0020218417048454285,underdamped
728,0.7378338570710691,0.7378824949264526,2.0949840219961535,2.157228469848633,4.86378553835598e-05,0.006591979334837564,0.06224444785247929,2.9711180228081746,0.0025486641097813845,underdamped
729,1.506569968866325,1.2524049282073975,3.4214260477952396,2.918196439743042,0.25416504065892753,16.87044385002467,0.5032296080521976,14.708183109100892,0.002161507960408926,overdamped
730,1.202679583697038,1.006768822669983,1.3361781129416204,1.2051831483840942,0.19591076102705518,16.289522469885565,0.13099496455752613,9.803705306109103,0.002738008974120021,overdamped
731,0.6641058023904621,0.6353228092193604,1.79096103289129,1.8457528352737427,0.02878299317110178,4.334097528962526,0.05479180238245274,3.0593520113610735,0.0028386178892105818,underdamped
732,0.4063147966838017,0.4285006523132324,2.8516060355138926,3.020320177078247,0.022185855629430706,5.4602627840541,0.1687141415643545,5.916460389801014,0.003391809994354844,underdamped
733,1.3764579216443018,1.3128485679626465,2.041544956968057,1.9931228160858154,0.06360935368165532,4.621234887127409,0.04842214088224139,2.3718380884520993,0.0024047887418419123,overdamped
734,1.7402490159743136,1.5092958211898804,0.7421528587789266,0.6765191555023193,0.2309531947844332,13.27127282730451,0.06563370327660722,8.843690689893075,0.0023666671477258205,overdamped
735,0.9529850847185077,0.9486389756202698,2.807561656172581,2.891873836517334,0.00434610909823796,0.4560521636623213,0.08431218034475307,3.0030393156064106,0.0022397723514586687,underdamped
736,1.0,0.9514966607093811,1.471844943965296,1.4570786952972412,0.048503339290618896,4.85033392906189,0.014766248668054871,1.0032475722798038,0.0028642367105931044,critically_damped
737,0.16399129177884442,0.09078380465507507,1.6660505055219248,1.198599934577942,0.07320748712376934,44.641082053610255,0.4674505709439829,28.05740698704355,0.0035415166057646275,underdamped
738,0.23837132294747465,0.24512840807437897,2.119963042884307,2.146486282348633,0.006757085126904316,2.8346887718508182,0.026523239464325776,1.251118011389467,0.005588814616203308,underdamped
739,0.4330347779333419,0.45979738235473633,2.459026934902028,2.5471699237823486,0.026762604421394443,6.180243662903694,0.08814298888032068,3.5844661816944456,0.0032062004320323467,underdamped
740,0.8834843102184204,0.8574234843254089,1.779538138228811,1.7578309774398804,0.026060825893011508,2.949778008685699,0.021707160788930535,1.2198199253282571,0.0030426194425672293,underdamped
741,1.7859392341790548,1.3854137659072876,2.336004654610696,1.8397372961044312,0.40052546827176716,22.426601118703644,0.4962673585062647,21.244279523448533,0.002142692217603326,overdamped
742,0.09444826065424795,0.12212355434894562,2.0574041873849356,1.94687020778656,0.027675293694697664,29.30206814078892,0.11053397959837552,5.372497065774411,0.038182519376277924,underdamped
743,0.893714116546132,0.8920825719833374,3.7063869076392466,3.832648277282715,0.0016315445627945735,0.18255777016255242,0.12626136964346824,3.40658902564194,0.002576689701527357,underdamped
744,1.8190370083767062,1.7656012773513794,0.45508442264198734,0.45024314522743225,0.05343573102532684,2.9375835004595343,0.00484127741455509,1.0638196285535573,0.0024934480898082256,overdamped
745,0.6355321221643955,0.6438701152801514,1.9674228209978442,2.0319008827209473,0.008337993115755893,1.3119703670303344,0.06447806172310311,3.2772854434208964,0.0024652532301843166,underdamped
746,0.6424972183162008,0.6499536633491516,1.9113263944315964,1.9106570482254028,0.0074564450329508425,1.1605412164261233,0.0006693462061935218,0.03501998445391514,0.0030853264033794403,underdamped
747,1.3833186855748698,1.2805432081222534,2.8323315725017135,2.6263692378997803,0.10277547745261639,7.4296312573776655,0.20596233460193325,7.271829915733097,0.0028499001637101173,overdamped
748,1.0,0.9671030640602112,0.4718442933028507,0.4696017801761627,0.03289693593978882,3.289693593978882,0.002242513126687995,0.47526549722381617,0.002419180702418089,critically_damped
749,0.269461998026652,0.3053732216358185,3.561694792156877,3.696338415145874,0.03591122360916649,13.32700858457027,0.1346436229889969,3.780324560248464,0.004438560921698809,underdamped
750,1.3124756314272006,1.1411582231521606,3.788040779011303,3.386727809906006,0.17131740827503994,13.052997265080457,0.40131296910529723,10.594209316037032,0.0024631056003272533,overdamped
751,1.0,0.959273099899292,3.477346184165396,3.3981714248657227,0.04072690010070801,4.072690010070801,0.07917475929967344,2.2768730838536375,0.0023596282117068768,critically_damped
752,1.0,0.9387305378913879,2.7028304373624983,2.6913301944732666,0.06126946210861206,6.126946210861206,0.011500242889231682,0.42548887752107595,0.002616766607388854,critically_damped
753,0.029612403084589473,0.0891621857881546,2.7278520809174145,2.7378742694854736,0.05954978270356513,201.09743384708722,0.010022188568059143,0.36740220036742394,0.14459355175495148,underdamped
754,1.287669728098737,1.1846047639846802,1.4534472163249055,1.366062045097351,0.10306496411405686,8.003990609162939,0.0873851712275544,6.012270018894185,0.0022435500286519527,overdamped
755,1.6343059754951952,1.3375356197357178,3.181267082745903,2.7001113891601562,0.2967703557594774,18.15880013958561,0.48115569358574684,15.124655713296429,0.0033230194821953773,overdamped
756,1.8559348440775,1.7835801839828491,0.7874816843712482,0.7406445741653442,0.07235466009465097,3.898556047134033,0.046837110205903976,5.94770788139667,0.0020535625517368317,overdamped
757,0.6084691532547372,0.6449561715126038,2.401971531784982,2.531590223312378,0.0364870182578666,5.996527196604036,0.12961869152739602,5.396345868890137,0.002514919964596629,underdamped
758,0.5736860171975953,0.564737856388092,1.5984686263582777,1.6182416677474976,0.008948160809503225,1.5597662381966686,0.01977304138921987,1.2369990291437836,0.0031665898859500885,underdamped
759,1.8493399924289513,1.4918434619903564,2.61214156991561,2.1529135704040527,0.35749653043859486,19.33103333633387,0.45922799951155735,17.58051725835034,0.002476906171068549,overdamped
760,1.390963404832062,1.1980279684066772,3.8115151508242384,3.4011335372924805,0.1929354364253848,13.870633530339274,0.41038161353175795,10.766889210528603,0.002567274495959282,overdamped
761,1.556332004950404,1.1740394830703735,3.974887467069127,3.0977227687835693,0.3822925218800304,24.56368696807806,0.8771646982855579,22.067661174124584,0.0027293371967971325,overdamped
762,1.8884190857476715,1.4513096809387207,3.6254776842438976,2.866222858428955,0.4371094048089508,23.146843203816086,0.7592548258149425,20.94220105434981,0.0030399905517697334,overdamped
763,0.7021187461568857,0.7312063574790955,3.144325646560775,3.309140920639038,0.029087611322209717,4.14283359922001,0.16481527407826313,5.24167317906579,0.002327095717191696,underdamped
764,1.0525542678568693,0.9739302396774292,0.958660717262318,0.9191094636917114,0.07862402817944014,7.469831302810484,0.039551253570606626,4.125677923212976,0.0025707304012030363,overdamped
765,0.9647427731757117,0.9555332660675049,2.7334645246042126,2.756253719329834,0.009209507108206783,0.954607524852578,0.022789194725621353,0.8337110110811141,0.0023615446407347918,underdamped
766,1.3733542714553697,1.3391667604446411,0.535137487960591,0.5149344205856323,0.03418751101072859,2.489343916664666,0.020203067374958694,3.77530407222125,0.0020526533480733633,overdamped
767,1.0223948946393515,0.9607840180397034,2.3000479844650106,2.2674856185913086,0.061610876599648146,6.026133045331893,0.03256236587370198,1.4157255019736452,0.002897576428949833,overdamped
768,0.6630964230029536,0.7132187485694885,2.9211057508608733,3.1596906185150146,0.05012232556653495,7.558829127677513,0.23858486765414133,8.167621715983014,0.002458501374348998,underdamped
769,0.6005910436585656,0.5749859809875488,0.8031926615645664,0.7685797810554504,0.02560506267101681,4.263310773840513,0.03461288050911593,4.309411946281023,0.002302712993696332,underdamped
770,1.1033390785042174,0.9727458357810974,1.5549831677640853,1.4905097484588623,0.13059324272312,11.836183931793984,0.06447341930522299,4.146245479809887,0.002927321707829833,overdamped
771,0.7491769937040658,0.8094285130500793,3.6627800536065975,3.985028028488159,0.06025151934601358,8.042361131262085,0.32224797488156165,8.79790678570111,0.0023851345758885145,underdamped
772,1.744636049016794,1.3235515356063843,2.981319705140625,2.3550591468811035,0.42108451341040976,24.135951658669203,0.6262605582595215,21.006152315019218,0.0029150794725865126,overdamped
773,0.1504194224441636,0.24638433754444122,3.0887035932830633,3.1842851638793945,0.09596491510027763,63.79822069580161,0.09558157059633121,3.0945530287914447,0.023373331874608994,underdamped
774,0.9623634625110454,0.9248583316802979,3.8423677801711658,3.8516488075256348,0.03750513083074758,3.897189813595725,0.009281027354469007,0.24154448208639637,0.002711215754970908,underdamped
775,0.5553836332582816,0.6078754663467407,3.6480456378069195,4.019321918487549,0.05249183308845917,9.45145480440325,0.37127628068062934,10.177402300916059,0.0029954169876873493,underdamped
776,1.4751881329552483,1.2732577323913574,2.961834353563149,2.7218358516693115,0.2019304005638909,13.68845071708672,0.23999850189383753,8.103035931267199,0.002639875980094075,overdamped
777,1.0,0.9623320698738098,2.1577805601507425,2.1933727264404297,0.037667930126190186,3.7667930126190186,0.0355921662896872,1.6494803478626543,0.002236391184851527,critically_damped
778,1.0,0.9610165357589722,3.1838609699408327,3.2049129009246826,0.03898346424102783,3.898346424102783,0.021051930983849942,0.6612076087053876,0.002065676962956786,critically_damped
779,1.21386643047661,1.1436116695404053,1.9539093009265394,1.8749902248382568,0.07025476093620475,5.7876846391262395,0.07891907608828252,4.039034772538279,0.0025266262236982584,overdamped
780,1.807457578384546,1.4690066576004028,3.447882289311813,2.9057435989379883,0.33845092078414307,18.72524837272479,0.5421386903738248,15.72381667594673,0.0027218700852245092,overdamped
781,1.0,0.9391999244689941,1.1015151949253477,1.0710077285766602,0.06080007553100586,6.080007553100586,0.030507466348687506,2.7695910586830417,0.0019918626639992,critically_damped
782,1.1088116414183775,1.0507770776748657,3.083027618201867,3.081664800643921,0.05803456374351179,5.233942499852791,0.0013628175579460944,0.044203871217376206,0.0024533201940357685,overdamped
783,0.6129742032137898,0.6480105519294739,3.913554723171366,4.18630838394165,0.03503634871568406,5.715794976687506,0.2727536607702845,6.969460760453029,0.002167259342968464,underdamped
784,0.3547550033967524,0.21947525441646576,0.43490008571053684,0.35212886333465576,0.13527974898028666,38.133288518835045,0.08277122237588108,19.032238690100513,0.002153394278138876,underdamped
785,1.56629145807398,1.3949638605117798,0.3102297876770506,0.25362101197242737,0.17132759756220017,10.938423795841702,0.05660877570462325,18.24736951551313,0.0024007675237953663,overdamped
786,0.7441342893842238,0.7626959085464478,3.597155775307769,3.8184244632720947,0.018561619162223986,2.4943910564293246,0.22126868796432575,6.151212285083601,0.002832665340974927,underdamped
787,0.3807096922649307,0.46666616201400757,3.7093801917712392,4.066130638122559,0.08595646974907689,22.577956772705686,0.35675044635131936,9.617521739689078,0.004389001522213221,underdamped
788,1.7373260744666654,1.1361918449401855,3.592530567906413,2.5537362098693848,0.6011342295264799,34.60111710526302,1.0387943580370282,28.915393714865374,0.0029271524399518967,overdamped
789,0.7203977977920636,0.7233372330665588,2.5064106786040954,2.5937135219573975,0.00293943527449525,0.40802946420773095,0.08730284335330207,3.4831819102336405,0.0025544266682118177,underdamped
790,1.0,0.8821859359741211,0.717532945837494,0.6672420501708984,0.1178140640258789,11.78140640258789,0.050290895666595614,7.0088622352938525,0.002506209770217538,critically_damped
791,0.9478488072570055,1.0679794549942017,0.3128319372883975,0.3206038177013397,0.12013064773719617,12.674030585620944,0.007771880412942245,2.484362843611266,0.002147217281162739,underdamped
792,0.20747648979291944,0.23526649177074432,2.5282773674278416,2.6133787631988525,0.027790001977824885,13.394289640027097,0.08510139577101095,3.3659833714205725,0.008284974843263626,underdamped
793,1.0,0.9368494153022766,1.947234642732762,1.9655097723007202,0.06315058469772339,6.315058469772339,0.01827512956795818,0.938517072719636,0.0029314409475773573,critically_damped
794,0.497485355759623,0.49851149320602417,1.5884271094627627,1.6328810453414917,0.0010261374464011763,0.20626485473815426,0.044453935878729034,2.79861352238972,0.00287703238427639,underdamped
795,0.23115914651789818,0.19526773691177368,0.7839522995453245,0.7067081928253174,0.0358914096061245,15.526709691907215,0.07724410672000714,9.853164122971139,0.0030022072605788708,underdamped
796,0.10979684208098632,0.166519895195961,3.114336481660341,3.252919912338257,0.05672305311497468,51.661825640791804,0.13858343067791568,4.449854134066879,0.02962947078049183,underdamped
797,1.5922736826423176,1.3243807554244995,1.1287806515389873,0.9885494112968445,0.2678929272178181,16.824552847803147,0.14023124024214284,12.423249818372648,0.0024166074581444263,overdamped
798,1.4054614279090576,1.1687148809432983,3.396973267188438,2.9205663204193115,0.23674654696575925,16.844755911798547,0.47640694676912654,14.024453809241566,0.0025988752022385597,overdamped
799,1.6073152655780625,1.4076635837554932,1.744232806594939,1.6170389652252197,0.19965168182256932,12.42143878666925,0.12719384136971934,7.292251406394823,0.0024311135057359934,overdamped
800,1.1787821677532602,1.1405349969863892,2.828032207829578,2.7709367275238037,0.03824717076687101,3.24463431948326,0.05709548030577416,2.0189119539622595,0.0024438367690891027,overdamped
801,0.44701491462958326,0.45273056626319885,2.205224002628353,2.2531344890594482,0.005715651633615593,1.2786266065309788,0.0479104864310953,2.1725904658207944,0.0024454959202557802,underdamped
802,0.9625599342409223,0.9200057983398438,1.6562644062215095,1.6841001510620117,0.042554135901078594,4.420933636162294,0.02783574484050222,1.6806341267699414,0.0025748400948941708,underdamped
803,1.5240415132821687,1.4663993120193481,0.3787424722843471,0.3412776291370392,0.0576422012628206,3.782193645019723,0.037464843147307914,9.891904364816147,0.0023323018103837967,overdamped
804,0.4301081737495259,0.4378432035446167,3.0483596321833852,3.1586813926696777,0.007735029795090775,1.7983917226356363,0.1103217604862925,3.619053320400868,0.002973564900457859,underdamped
805,1.8206487284773774,1.3438646793365479,3.984296789408603,3.081369161605835,0.4767840491408295,26.18759136143564,0.902927627802768,22.662157854379902,0.002644541207700968,overdamped
806,1.0647638778594675,1.0023188591003418,1.7025099393051921,1.6019599437713623,0.06244501875912567,5.864682307279347,0.10054999553382982,5.905985816145371,0.0024628378450870514,overdamped
807,1.4644062303930914,1.3640930652618408,0.9157754438111778,0.8897932171821594,0.10031316513125055,6.8500913919441215,0.02598222662901839,2.837183154954264,0.0025249177124351263,overdamped
808,1.588275243838079,1.409756064414978,2.253049689877191,2.0341885089874268,0.17851917942310092,11.239813761228689,0.21886118088976403,9.713997071307102,0.0028114563319832087,overdamped
809,1.8021337771299506,1.3470032215118408,1.6023497444583967,1.3139877319335938,0.4551305556181098,25.255092679242903,0.288362012524803,17.996196743069408,0.0020702038891613483,overdamped
810,0.7172801749768547,0.685901403427124,0.7919129954277256,0.7402451038360596,0.03137877154973068,4.374688252152405,0.05166789159166607,6.524440423377491,0.0023961456026881933,underdamped
811,0.7909918861326909,0.7721142768859863,2.624756007160799,2.730163812637329,0.018877609246704563,2.3865743223992815,0.10540780547652995,4.0159087240474465,0.002919923048466444,underdamped
812,0.5732179169826396,0.6064512729644775,2.71778314824923,2.87662935256958,0.033233355981837964,5.797682695749454,0.15884620432035002,5.844697522047601,0.002984935650601983,underdamped
813,0.048646142237948706,0.09405678510665894,2.117809467429155,2.1310155391693115,0.04541064286871023,93.34890862791896,0.013206071740156311,0.6235722308006955,0.09017983824014664,underdamped
814,0.15025890299356237,0.19534385204315186,3.1407070534325214,3.2361061573028564,0.045084949049589484,30.004843740620867,0.09539910387033501,3.037504047570181,0.014174651354551315,underdamped
815,1.8553736433519683,1.4421026706695557,1.8597777522192391,1.5186429023742676,0.41327097268241264,22.274272040201353,0.34113484984497155,18.34277506749941,0.002302357694134116,overdamped
816,0.405451318848817,0.39610153436660767,2.7085873417484616,2.7449123859405518,0.009349784482209356,2.3060190083376355,0.03632504419209015,1.3411066216030314,0.0026793607976287603,underdamped
817,1.0,0.9242755770683289,2.0277545647025628,1.989724040031433,0.07572442293167114,7.572442293167114,0.03803052467112966,1.8754993988489972,0.0024601821787655354,critically_damped
818,1.0,0.967560887336731,1.7029329699736364,1.7213839292526245,0.03243911266326904,3.2439112663269043,0.0184509592789881,1.0834812411479555,0.0024931931402534246,critically_damped
819,0.10230615153484841,0.041051704436540604,1.1426669012434671,0.7263387441635132,0.06125444709830781,59.873669549032726,0.41632815707995396,36.43477872920791,0.0038444576784968376,underdamped
820,0.9153404153283371,0.9045838117599487,3.44193508048253,3.6170151233673096,0.010756603568388368,1.1751478890539233,0.17508004288477963,5.086674756812522,0.0021843372378498316,underdamped
821,1.2330211308652919,1.1522395610809326,2.6570704109597383,2.5285346508026123,0.08078156978435924,6.551515441399573,0.12853576015712598,4.837499210670095,0.0026360638439655304,overdamped
822,1.6157950059800903,1.372814655303955,3.2736731558292664,2.880584955215454,0.24298035067613521,15.037820378009586,0.39308820061381233,12.007557929656471,0.002401988720521331,overdamped
823,0.762063422606139,0.7688700556755066,2.6029950063391785,2.6942148208618164,0.006806633069367574,0.893184591656419,0.09121981452263794,3.504417576694794,0.002368324901908636,underdamped
824,1.647517264431288,1.3386335372924805,1.0415448040936628,0.9045493006706238,0.30888372713880763,18.748436438718123,0.136995503423039,13.15310708522525,0.002246189396828413,overdamped
825,1.7442771843056475,1.4114092588424683,3.144198702458348,2.6508243083953857,0.3328679254631792,19.083430572743833,0.49337439406296246,15.69157806970688,0.0029056768398731947,overdamped
826,1.3857929357502292,1.2439374923706055,0.8017167258288525,0.7481884360313416,0.14185544337962375,10.236409763687185,0.0535282897975109,6.676708626999248,0.0023692892864346504,overdamped
827,0.8266372722662844,0.8735639452934265,2.5268803584458213,2.656147003173828,0.04692667302714215,5.676815527382327,0.12926664472800686,5.115661463588778,0.0030418341048061848,underdamped
828,0.8246872030625992,0.8271121382713318,3.726698970201302,3.904940366744995,0.002424935208732548,0.29404302621978234,0.1782413965436933,4.78282249167191,0.00234026531688869,underdamped
829,1.1329389571446813,0.9660367965698242,0.9960058337228066,0.9404130578041077,0.16690216057485707,14.731787579755979,0.05559277591869893,5.581571315793185,0.0026637278497219086,overdamped
830,0.6254043102936793,0.5825450420379639,1.0983094242921854,1.073413372039795,0.0428592682557154,6.853049707250884,0.024896052252390444,2.266761233377826,0.0027682350482791662,underdamped
831,1.353983111775249,1.3005177974700928,1.3354406069823832,1.248722791671753,0.05346531430515622,3.9487430707356608,0.08671781531063028,6.493573346296653,0.002672446658834815,overdamped
832,1.1876654125550816,1.1437408924102783,2.1055077952786476,2.058475971221924,0.0439245201448033,3.6983917928793066,0.04703182405672379,2.233752074544065,0.0021009224001318216,overdamped
833,1.1669811182936431,1.1176730394363403,3.203557550558104,3.162601947784424,0.04930807885730282,4.225267922877875,0.040955602773680155,1.2784412993156664,0.002202848205342889,overdamped
834,1.6446216314318893,1.5026168823242188,1.5328333155933231,1.3904783725738525,0.14200474910767058,8.63449357552437,0.1423549430194706,9.287046515189317,0.002544206567108631,overdamped
835,0.702740764114132,0.6461219787597656,0.9005935910859644,0.8644149899482727,0.056618785354366374,8.05685229114885,0.03617860113769167,4.017195047331656,0.0026086473371833563,underdamped
836,0.16830728294323988,0.032635051757097244,0.9713269744472264,0.6428490281105042,0.13567223118614263,80.60983982012048,0.3284779463367222,33.817443042149236,0.0029601496644318104,underdamped
837,1.0,0.9823357462882996,3.62307923607118,3.6861116886138916,0.01766425371170044,1.766425371170044,0.0630324525427115,1.7397481102583632,0.0023845897521823645,critically_damped
838,1.0754268122691686,1.020779013633728,0.8855590016916157,0.8770591020584106,0.05464779863544056,5.0814986210110185,0.008499899633205077,0.9598343664248647,0.002230962971225381,overdamped
839,1.9375109811995346,1.547224760055542,2.0178166761069933,1.593029499053955,0.3902862211439926,20.143690793554214,0.42478717705303826,21.051822104701163,0.002375001320615411,overdamped
840,1.276332560307775,1.1008974313735962,3.9229283261628325,3.53936505317688,0.1754351289341789,13.74525216937774,0.3835632729859526,9.777473384560421,0.0025043152272701263,overdamped
841,0.9121421584166011,0.914584755897522,2.7691662249314697,2.877330780029297,0.002442597480920905,0.2677869297436093,0.10816455509782719,3.9060333079320295,0.0029709020163863897,underdamped
842,1.41123111195356,1.1656615734100342,1.9094620693627165,1.6847529411315918,0.24556953854352592,17.401085935781648,0.22470912823112466,11.768190205847944,0.0023953320924192667,overdamped
843,0.6404092136217793,0.6975089311599731,3.3056758281350436,3.6481826305389404,0.05709971753819387,8.916129925000819,0.34250680240389686,10.361173333718215,0.0031169813591986895,underdamped
844,0.4859832355482903,0.5024612545967102,2.471321542015563,2.601128339767456,0.01647801904841989,3.390655858700404,0.12980679775189286,5.252525644478657,0.0034995386376976967,underdamped
845,0.048198379475671974,0.09449125081300735,2.6032491058893665,2.6423583030700684,0.04629287133733538,96.04653069446371,0.03910919718070183,1.5023225050658637,0.07252231985330582,underdamped
846,0.43387919851266543,0.4761641323566437,1.9666325290931415,2.0421640872955322,0.042284933843978245,9.74578499935712,0.07553155820239077,3.840654371623766,0.0032187108881771564,underdamped
847,1.7215518927946127,1.337383508682251,1.352492294525277,1.1046384572982788,0.38416838411236176,22.31523695104754,0.24785383722699827,18.32571159409042,0.0023131645284593105,overdamped
848,0.466909031168681,0.5086814165115356,3.4151404126209233,3.6544275283813477,0.04177238534285466,8.94657900240175,0.23928711576042438,7.006655271804339,0.0026152050122618675,underdamped
849,0.3774760553590433,0.3558728098869324,1.787113076585595,1.782271146774292,0.021603245472110955,5.723077044334011,0.004841929811302936,0.27093583918896635,0.003613584442064166,underdamped
850,0.7799875868726753,0.7370543479919434,1.056192076543554,1.0398955345153809,0.04293323888073197,5.504348992638567,0.0162965420281731,1.542952497949466,0.002617588499560952,underdamped
851,0.13693852688647837,0.15773038566112518,2.0772865617590215,2.0083489418029785,0.020791858774646815,15.183352156170926,0.06893761995604297,3.3186379397586543,0.022942764684557915,underdamped
852,0.6112820302435545,0.6800479888916016,3.4739129407516813,3.814554452896118,0.06876595864804702,11.249465098891985,0.34064151214443683,9.805700889865399,0.0028464808128774166,underdamped
853,0.653395371190637,0.6865988373756409,3.605641527351706,3.8438799381256104,0.033203466185003916,5.081680656001518,0.23823841077390417,6.607379268478944,0.0030330896843224764,underdamped
854,0.7192330128258346,0.7428519129753113,3.4087351028865207,3.6694154739379883,0.02361890014947665,3.2839010068071044,0.2606803710514676,7.647422377606378,0.0023281259927898645,underdamped
855,1.0449122078227941,0.906234622001648,3.987164381860856,3.7153635025024414,0.1386775858211462,13.271697352459721,0.2718008793584148,6.81689675487024,0.0019362978637218475,overdamped
856,1.9501499678534584,1.5822100639343262,2.2373865832807387,1.8116707801818848,0.3679399039191322,18.86726200468192,0.42571580309885393,19.027369086776933,0.0027518277056515217,overdamped
857,1.974400198093929,1.8267619609832764,0.39506082427162437,0.35545361042022705,0.1476382371106526,7.477624711199961,0.039607213851397316,10.02559895034425,0.002067145425826311,overdamped
858,0.18500627419931026,0.06313450634479523,1.0392261541053378,0.695635974407196,0.12187176785451503,65.87439716948226,0.34359017969814176,33.06211822526118,0.002661651698872447,underdamped
859,0.45983379968730137,0.43247342109680176,1.501806913042439,1.531574010848999,0.027360378590499612,5.950058175172282,0.02976709780656006,1.9820855496167824,0.003006576793268323,underdamped
860,0.9523099362126448,1.0200588703155518,0.35906684154034435,0.36875689029693604,0.06774893410290694,7.114168562846858,0.009690048756591685,2.698675465276267,0.0025156091433018446,underdamped
861,0.34605419347814,0.2365705370903015,1.1502008341951755,0.9172071814537048,0.10948365638783847,31.637719886424225,0.23299365274147066,20.256780017422106,0.0029861407820135355,underdamped
862,1.0,0.9215234518051147,1.1673239128735857,1.141412615776062,0.07847654819488525,7.847654819488525,0.02591129709752371,2.2197178359636456,0.0029109108727425337,critically_damped
863,0.32712375061663845,0.3490665555000305,3.274277676158884,3.423710584640503,0.021942804883392064,6.707799370124974,0.14943290848161883,4.5638434873648634,0.003486798843368888,underdamped
864,1.2754184992111908,1.2944896221160889,0.4388308712613206,0.43922990560531616,0.019071122904898097,1.4952835415742387,0.0003990343439955746,0.09093123800717123,0.002054948825389147,overdamped
865,1.809593695813484,1.2492667436599731,3.9388228956093063,2.896242380142212,0.5603269521535108,30.96424094811082,1.0425805154670944,26.469342316184925,0.0027190938126295805,overdamped
866,0.9207483640634494,0.8996588587760925,0.7767000354956363,0.7595282196998596,0.02108950528735687,2.290474369596988,0.017171815795776646,2.2108684190826358,0.0024711473379284143,underdamped
867,1.156626063579048,0.9995366930961609,3.6687761229465625,3.2943835258483887,0.15708937048288707,13.581690351745305,0.37439259709817385,10.204836287406984,0.002766398712992668,overdamped
868,0.44302968722946573,0.47131794691085815,2.240922442109026,2.3653974533081055,0.028288259681392425,6.385183769127556,0.12447501119907933,5.554632719994124,0.0030216576997190714,underdamped
869,1.1323320244627437,1.108013391494751,3.2489260991993167,3.280747175216675,0.024318632967992748,2.1476592061883246,0.03182107601735806,0.9794336665644757,0.002884821267798543,overdamped
870,0.3142649262814825,0.3196180760860443,2.2294457724072743,2.286827325820923,0.0053531498045618076,1.7033876060884596,0.05738155341364859,2.573803504163731,0.003618039423599839,underdamped
871,1.114600304375119,1.0733051300048828,2.067835799207623,1.9937750101089478,0.04129517437023611,3.704931194450689,0.07406078909867508,3.5815604472586533,0.00208946131169796,overdamped
872,1.077509507015939,1.0318456888198853,3.9532100525659772,4.010810375213623,0.04566381819605381,4.2379039719580245,0.05760032264764581,1.4570519117813683,0.002897463273257017,overdamped
873,0.21299357712269967,0.24580197036266327,2.9274094907479595,3.013890266418457,0.032808393239963596,15.403466002668988,0.0864807756704975,2.954174192022636,0.0072633340023458,underdamped
874,0.8991709074372333,0.8667351007461548,3.8132420236778066,3.816776752471924,0.032435806691078484,3.607301617834279,0.0035347287941172034,0.09269615650327954,0.002537461230531335,underdamped
875,0.9622061822212887,0.8835091590881348,2.098040915962112,2.065412998199463,0.07869702313315396,8.178810798271838,0.03262791776264917,1.555161175094947,0.0021488331258296967,underdamped
876,1.9485590580259347,1.3053351640701294,2.3807810594825827,1.6878982782363892,0.6432238939558053,33.01023344950339,0.6928827812461935,29.103170931508433,0.00234873010776937,overdamped
877,0.6555734868777411,0.6084575653076172,1.3474780724448956,1.3294862508773804,0.0471159215701239,7.186977892367179,0.01799182156751522,1.3352218440831798,0.0023747789673507214,underdamped
878,0.3402521521358089,0.2552547752857208,1.1283911908380682,0.9535160660743713,0.08499737685008807,24.980702198809915,0.17487512476369682,15.497739275491437,0.0030989940278232098,underdamped
879,1.5223767979947027,1.2542369365692139,3.605057942655462,3.0998728275299072,0.26813986142548885,17.61323883671156,0.5051851151255549,14.013231497561973,0.0028773366939276457,overdamped
880,0.9630155870943184,0.8975813388824463,0.407714062165027,0.39186063408851624,0.06543424821187216,6.794723687630559,0.015853428076510745,3.8883692145241455,0.002717349212616682,underdamped
881,1.198182541595737,1.015504240989685,0.8382830137620343,0.7797838449478149,0.18267830060605195,15.24628295474589,0.05849916881421935,6.97845093528588,0.0025259065441787243,overdamped
882,1.1582488464711955,1.0947542190551758,1.6158572102531235,1.5950411558151245,0.06349462741601974,5.481950412423639,0.020816054437998943,1.2882360090925433,0.002429037122055888,overdamped
883,0.043420048384638754,-0.019299492239952087,1.08683305347969,0.5988618731498718,0.06271954062459084,144.44834346794488,0.4879711803298181,44.89844864098412,0.0033592116087675095,underdamped
884,1.8621651907896135,1.5368632078170776,1.9907698227275477,1.77047860622406,0.3253019829725359,17.46901856943197,0.2202912165034876,11.06562968699552,0.0027692567091435194,overdamped
885,0.2564670778492583,0.15702815353870392,0.8250307869660336,0.7014386057853699,0.0994389243105544,38.77258833549032,0.12359218118066373,14.98031141785161,0.0032635130919516087,underdamped
886,0.8064207866821416,0.7805564403533936,1.886640090694145,1.9198614358901978,0.02586434632874801,3.2073015423079227,0.0332213451960528,1.7608734893272509,0.002588187111541629,underdamped
887,1.3882280386937804,1.2222607135772705,3.3989201395417616,3.017791748046875,0.1659673251165099,11.955335902354548,0.38112839149488664,11.21321995950955,0.0021916658151894808,overdamped
888,0.9589436669610042,0.9018692970275879,2.7302817174336895,2.7609448432922363,0.0570743699334163,5.951795908334337,0.030663125858546803,1.1230755296331987,0.0027309006545692682,underdamped
889,1.0,0.9372498989105225,1.3096882102971972,1.2918626070022583,0.06275010108947754,6.275010108947754,0.017825603294938874,1.361057017600689,0.002415772993117571,critically_damped
890,1.1907781099997625,1.1104638576507568,3.242042776645035,3.193237543106079,0.08031425234900569,6.744686661146441,0.04880523353895594,1.505385243234239,0.0022248374298214912,overdamped
891,1.0,0.9653992056846619,1.8753573736369522,1.8812100887298584,0.034600794315338135,3.4600794315338135,0.005852715092906191,0.3120853217195503,0.0024973577819764614,critically_damped
892,0.17652950129743114,0.06669779866933823,0.5138704872306429,0.34851065278053284,0.10983170262809291,62.217194191830636,0.16535983445011004,32.179282243132754,0.002848275238648057,underdamped
893,1.9565479042007108,1.47512948513031,0.9830492192044284,0.7838547825813293,0.4814184190704007,24.605501252322767,0.1991944366230991,20.262915908148027,0.002301408676430583,overdamped
894,1.5225495802219395,1.3979500532150269,0.5868188455419899,0.5258819460868835,0.12459952700691268,8.183610479781553,0.060936899455106386,10.384277859860592,0.002912812866270542,overdamped
895,1.6051893839362736,1.3015412092208862,3.6656854743174416,3.107797145843506,0.3036481747153874,18.916657296273417,0.5578883284739358,15.219208859642158,0.0028596774209290743,overdamped
896,0.9512870216531999,0.8805749416351318,1.195609423103409,1.1670501232147217,0.07071208001806806,7.433306500406223,0.028559299888687217,2.388681398525337,0.002556165447458625,underdamped
897,0.5567078152541095,0.5881315469741821,2.537504430307589,2.731858968734741,0.03142373172007262,5.644564502068153,0.19435453842715233,7.65927878216919,0.0027775925118476152,underdamped
898,0.7357672512638798,0.7165164947509766,1.5905994352268378,1.5998133420944214,0.0192507565129032,2.6164193200818335,0.00921390686758361,0.5792726102829027,0.0026040778029710054,underdamped
899,0.7030600490636528,0.6752617955207825,1.446739123423308,1.4476534128189087,0.027798253542870355,3.9538946324560094,0.0009142893956006759,0.06319656258671313,0.0024128910154104233,underdamped
900,1.4471623052273603,1.488847255706787,0.38592543113133104,0.3767473101615906,0.041684950479426774,2.8804613227455333,0.009178120969740466,2.378210977917425,0.002487997990101576,overdamped
901,1.4569320843130684,1.1868996620178223,2.4950890072178726,2.1021792888641357,0.27003242229524616,18.534317776560204,0.3929097183537369,15.747322729454346,0.0025005568750202656,overdamped
902,1.6703857348545923,1.6075270175933838,1.6807778251317267,1.5771825313568115,0.06285871726120851,3.7631258427072463,0.10359529377491516,6.163532873049188,0.0024169646203517914,overdamped
903,1.0,0.9733925461769104,1.2337164511838605,1.2168041467666626,0.0266074538230896,2.66074538230896,0.016912304417197932,1.370842092684188,0.0025506429374217987,critically_damped
904,1.4085057840264166,1.364359736442566,2.61007436679934,2.606281042098999,0.044146047583850656,3.1342468085329993,0.003793324700340772,0.1453339701194958,0.0022390929516404867,overdamped
905,0.920283114871216,0.9476547241210938,3.0920466661515644,3.2279322147369385,0.027371609249877804,2.974259638970794,0.13588554858537405,4.394679746360376,0.0023146052844822407,underdamped
906,0.12754465164054454,0.053058817982673645,1.5154226301753544,1.0657377243041992,0.0744858336578709,58.39980955672858,0.44968490587115517,29.673894062088852,0.0032016150653362274,underdamped
907,1.094046035766141,1.094858169555664,2.167121307069572,2.222018241882324,0.0008121337895230507,0.07423214041942283,0.054896934812752374,2.533173137731971,0.002363737439736724,overdamped
908,0.5298425613439689,0.5309640765190125,3.9799877475801333,4.195829391479492,0.0011215151750435526,0.211669514090899,0.2158416438993589,5.423173577119488,0.0026901185046881437,underdamped
909,1.9063468783880593,1.3479090929031372,2.0246490978043936,1.499803066253662,0.5584377854849221,29.293608199842293,0.5248460315507315,25.922814581543758,0.0024026213213801384,overdamped
910,1.9820486484553181,1.419297695159912,2.5181892331821003,1.8970872163772583,0.562750953295406,28.39238853869597,0.621102016804842,24.66462840125755,0.0024060287978500128,overdamped
911,1.9363337518199342,1.44265878200531,1.096892470944181,0.9097824096679688,0.4936749698146241,25.495344970908327,0.18711006127621221,17.058195423217008,0.0023207501508295536,overdamped
912,0.12758569892955476,0.23838943243026733,3.9696451178639673,4.1177144050598145,0.11080373350071257,86.84651526805666,0.1480692871958471,3.730038398886446,0.023653047159314156,underdamped
913,1.6437875548350407,1.4238535165786743,3.0773144965940014,2.768324613571167,0.21993403825636637,13.379711849591017,0.30898988302283437,10.040893882143898,0.002190273953601718,overdamped
914,1.2709858091306467,1.1473451852798462,3.231109925593114,2.9384214878082275,0.12364062385080055,9.727931103760366,0.2926884377848866,9.058448784628077,0.0026993434876203537,overdamped
915,1.9539354268533962,1.4063727855682373,2.8406554772206887,2.1669676303863525,0.5475626412851589,28.023579170523043,0.6736878468343361,23.715929377450433,0.002670928370207548,overdamped
916,1.3563552651459936,1.247017741203308,0.8887054432204999,0.84122234582901,0.10933752394268548,8.061127254216597,0.047483097391489926,5.342951115435975,0.002116414252668619,overdamped
917,0.15296521899154042,0.21732231974601746,3.7746277968741624,3.9001455307006836,0.06435710075447704,42.07302887464649,0.1255177338265212,3.3253009457108518,0.013581661507487297,underdamped
918,1.885932232141632,1.6828469038009644,1.2998303975871413,1.2509855031967163,0.20308532834066773,10.768431912850206,0.04884489439042494,3.7577898225103135,0.00233975681476295,overdamped
919,0.46567037768235975,0.5007983446121216,2.8333402858051864,3.0013198852539062,0.035127966929761834,7.543526196489807,0.16797959944871987,5.928677197380228,0.0027955244295299053,underdamped
920,0.6739876831824081,0.6926774382591248,2.807947064186989,2.999934196472168,0.018689755076716663,2.773011368467169,0.19198713228517894,6.83727748054135,0.0025072330608963966,underdamped
921,1.9155226766826767,1.5211321115493774,1.1561492129659825,0.9802161455154419,0.3943905651332993,20.589188002530424,0.1759330674505406,15.217159297215826,0.0023110946640372276,overdamped
922,1.0,0.9854108095169067,3.081468386889641,3.121516466140747,0.014589190483093262,1.4589190483093262,0.040048079251106206,1.2996427099980656,0.0024676870089024305,critically_damped
923,1.738661615041444,1.4784384965896606,0.4032264448541153,0.31948670744895935,0.26022311845178336,14.96686394871497,0.08373973740515595,20.76742199670273,0.002144857309758663,overdamped
924,0.7562326308728233,0.7701109647750854,2.7250826595978115,2.8609049320220947,0.013878333902262119,1.8351937400855236,0.13582227242428324,4.984152386934528,0.003280655015259981,underdamped
925,1.6852026022751874,1.3645957708358765,3.924637554101782,3.2283952236175537,0.3206068314393109,19.024824137255695,0.6962423304842282,17.740296291986503,0.0026900910306721926,overdamped
926,0.7570235615278761,0.8032978773117065,3.824126920595785,4.089827537536621,0.046274315783830455,6.112665197690347,0.265700616940836,6.948007282651614,0.002397247590124607,underdamped
927,1.0457976529078687,1.02452552318573,0.5079669434622944,0.49770548939704895,0.021272129722138766,2.0340578947553603,0.010261454065245479,2.020102724658336,0.0020619274582713842,overdamped
928,0.6626928985272829,0.6588143706321716,2.1588074102283397,2.2254507541656494,0.003878527895111228,0.5852677618442217,0.06664334393730975,3.087044431177898,0.0023450267035514116,underdamped
929,1.4315338216439244,1.2697890996932983,1.7668436506140608,1.5814284086227417,0.16174472195062606,11.298700701663057,0.1854152419913191,10.494151077084757,0.0030011720955371857,overdamped
930,1.7735336048292485,1.6108243465423584,1.0933495327839609,1.0048891305923462,0.1627092582868901,9.17429801407994,0.08846040219161466,8.090770566880911,0.0022242525592446327,overdamped
931,0.37194559902069196,0.3140557110309601,0.8587451100781123,0.7965788245201111,0.05788988798973188,15.564073924292183,0.06216628555800119,7.2392011119977715,0.002940473146736622,underdamped
932,1.0,0.9311216473579407,0.7563296840568994,0.7141691446304321,0.06887835264205933,6.887835264205933,0.04216053942646725,5.5743600066469785,0.0023528900928795338,critically_damped
933,0.6941179283976261,0.6448678970336914,0.7406058836245499,0.7064717411994934,0.04925003136393469,7.095340625710183,0.034134142425056524,4.608948319179277,0.002687182044610381,underdamped
934,0.45454787058661195,0.3580102324485779,0.636490476621872,0.5309431552886963,0.09653763813803407,21.238167503336545,0.10554732133317568,16.582702367105412,0.002899523824453354,underdamped
935,1.492858421427749,1.367335319519043,0.6342935635997695,0.5654097199440002,0.12552310190870597,8.408238859560267,0.06888384365576927,10.859931049092914,0.0025085618253797293,overdamped
936,0.21899233052982486,0.23034700751304626,2.074728873935597,2.0940775871276855,0.011354676983221401,5.184965590233304,0.019348713192088418,0.9325899607974044,0.0058178226463496685,underdamped
937,1.5021829422918769,1.2239913940429688,3.474202689713412,2.999765634536743,0.2781915482489081,18.519152389287015,0.474437055176669,13.655998154091737,0.0026256197597831488,overdamped
938,0.8750931306244866,0.8227336406707764,0.8645308684843191,0.8325480222702026,0.0523594899537102,5.983304875944492,0.03198284621411651,3.6994452575404617,0.003078293055295944,underdamped
939,0.9420455551635581,0.8428288698196411,0.8441672279264516,0.7993050217628479,0.09921668534391703,10.532047500260326,0.0448622061636037,5.314374294510322,0.0026745765935629606,underdamped
940,1.7397771072707158,1.3710137605667114,1.3184690442687583,1.1149823665618896,0.36876334670400435,21.196010981113766,0.20348667770686868,15.433557472691767,0.0032527942676097155,overdamped
941,0.950548233537405,0.9437537789344788,2.9779365675203207,2.9963605403900146,0.00679445460292627,0.7147932491170004,0.018423972869693994,0.6186825156264271,0.0024441543500870466,underdamped
942,1.4585824678314088,1.156793475151062,3.850246939262696,3.1589250564575195,0.30178899268034676,20.690567680347932,0.6913218828051764,17.95526088873565,0.0026486902497708797,overdamped
943,1.5911445836073785,1.44012451171875,0.8305787181931663,0.725344717502594,0.15102007188862854,9.491285295157901,0.10523400069057232,12.669961122950205,0.002513372339308262,overdamped
944,0.3280752201533861,0.2614881098270416,0.8291388707968532,0.7507983446121216,0.06658711032634446,20.29629372654624,0.07834052618473164,9.448420396626876,0.0024600487668067217,underdamped
945,0.3098859283528463,0.34545934200286865,2.9019486912371115,3.0479419231414795,0.03557341365002237,11.47951887944951,0.14599323190436797,5.03086882084502,0.004717733711004257,underdamped
946,0.45878148877179037,0.5151607990264893,3.4002076532476813,3.668386936187744,0.05637931025469889,12.28892438655985,0.2681792829400629,7.887144265554298,0.003302399767562747,underdamped
947,0.9628557961142824,0.9592288732528687,3.5915143346133713,3.7350518703460693,0.0036269228614137505,0.37668391009854474,0.143537535732698,3.9965742124247963,0.002193666761741042,underdamped
948,1.5571007460128725,1.3693326711654663,2.028160694217588,1.7674729824066162,0.1877680748474062,12.058826336587854,0.26068771181097183,12.853405184027512,0.0027890449855476618,overdamped
949,1.3350125863815057,1.340997576713562,0.388449547617009,0.3848994970321655,0.00598499033205635,0.44830965588709615,0.0035500505848434782,0.9139026178873667,0.002909004222601652,overdamped
950,1.8942956737804577,1.2549307346343994,2.4614327216314185,1.839644193649292,0.6393649391460583,33.752119481436274,0.6217885279821265,25.26124409242475,0.0028171527665108442,overdamped
951,0.032596894513127805,-0.015778500586748123,0.7722885822038379,0.6058526635169983,0.04837539509987593,148.40491961709304,0.1664359186868396,21.551000820430424,0.002491266932338476,underdamped
952,1.5734555361140998,1.3055669069290161,1.554507286355188,1.351670742034912,0.2678886291850837,17.025497259787688,0.20283654432027598,13.048285209126387,0.0027043174486607313,overdamped
953,0.07581086373618635,0.03539156913757324,1.7290997331563194,1.094384789466858,0.04041929459861311,53.31596634918698,0.6347149436894615,36.70782728829905,0.006619700230658054,underdamped
954,1.786019962974863,1.3637288808822632,3.5661643327614554,2.8111178874969482,0.4222910820925998,23.644253191281,0.7550464452645071,21.172508465975202,0.0023606077302247286,overdamped
955,0.6917175450819619,0.6645398736000061,1.8461257564629343,1.8773661851882935,0.027177671481955823,3.9290128861391724,0.03124042872535915,1.692215636772975,0.0024569823872298002,underdamped
956,0.687648961466229,0.6873714327812195,1.6865394516695016,1.7669636011123657,0.00027752868500952044,0.040359064080859534,0.08042414944286413,4.768589869822046,0.002446359721943736,underdamped
957,0.17841229182805238,0.2307543158531189,3.1248523332718374,3.2210018634796143,0.05234202402506652,29.337678188401927,0.09614953020777683,3.0769303619254442,0.011462150141596794,underdamped
958,1.3197245162229834,1.1931804418563843,1.5666266869900258,1.440623164176941,0.1265440743665991,9.588673455030213,0.1260035228130849,8.042983300327702,0.0026481093373149633,overdamped
959,1.5281368477847899,1.3055188655853271,2.314241304762421,2.0872342586517334,0.22261798219946272,14.567934967484952,0.22700704611068767,9.809134667311286,0.002628250978887081,overdamped
960,1.3943815457972222,1.2332452535629272,2.914274936024866,2.708711624145508,0.16113629223429493,11.556111935070614,0.20556331187935806,7.053669142134917,0.0024460814893245697,overdamped
961,1.3968845815263924,1.2799345254898071,0.7629811720285778,0.7448218464851379,0.11695005603658526,8.372206092273746,0.018159325543439908,2.3800489722647757,0.0023623632732778788,overdamped
962,1.4517890178047876,1.2131167650222778,3.964767893516092,3.431286334991455,0.2386722527825098,16.439871762041562,0.5334815585246369,13.455555857307125,0.002416214905679226,overdamped
963,0.03821317798023831,0.1972988396883011,3.0246446254166006,3.1919074058532715,0.15908566170806276,416.3109956212824,0.16726278043667087,5.5299977733295815,0.17665760219097137,underdamped
964,0.879973488553743,0.8625190854072571,3.3906105298512785,3.4329707622528076,0.01745440314648594,1.9835146596487423,0.042360232401529085,1.249339374976433,0.0025415942072868347,underdamped
965,0.28272211854001006,0.32339319586753845,2.2264010313520926,2.3125922679901123,0.04067107732752839,14.385530759869688,0.08619123663801975,3.8713257595679362,0.006296094972640276,underdamped
966,1.8409568699450745,1.257817268371582,3.0276124396739035,2.2564704418182373,0.5831396015734924,31.67589698018784,0.7711419978556662,25.470300879683393,0.0027980441227555275,overdamped
967,0.613267961791842,0.5827008485794067,0.818346112574277,0.7816146612167358,0.030567113212435215,4.9842997053236635,0.03673145135754119,4.488498300797789,0.002887104405090213,underdamped
968,0.37453387958846984,0.37259402871131897,2.185637795673432,2.200571060180664,0.0019398508771508727,0.5179373570375906,0.014933264507232202,0.6832451624323695,0.0028697329107671976,underdamped
969,1.2495346656196646,1.1893768310546875,0.8544563998398829,0.8195589184761047,0.06015783456497714,4.814419016950113,0.03489748136377813,4.08417344294192,0.0024589193053543568,overdamped
970,0.6465843124296983,0.6373546719551086,2.0549588942826755,2.1127660274505615,0.009229640474589629,1.4274457788663328,0.05780713316788599,2.8130554498543745,0.002807705895975232,underdamped
971,1.8569361430648204,1.4769648313522339,1.5188851267003902,1.2293118238449097,0.37997131171258647,20.46227131351187,0.28957330285548055,19.064858675951783,0.002450798638164997,overdamped
972,1.6208746196889319,1.4141976833343506,2.9488449695820145,2.628295421600342,0.2066769363545813,12.750951482863334,0.3205495479816727,10.870342499799476,0.0026914135087281466,overdamped
973,1.3981670081577278,1.088818073272705,2.0385709111799617,1.7571430206298828,0.3093489348850227,22.125320729218988,0.2814278905500789,13.805155808251152,0.002395614981651306,overdamped
974,1.2659240962692002,1.2114230394363403,2.144459850042647,2.151244640350342,0.054501056832859884,4.305238915467344,0.006784790307694966,0.3163869124227267,0.002959053497761488,overdamped
975,1.2018544318651725,1.1933752298355103,1.439100747446169,1.394036889076233,0.008479202029662236,0.7055099024349613,0.045063858369936094,3.1313901024585324,0.002847334137186408,overdamped
976,0.5251336272109385,0.5331439971923828,1.771469692497825,1.8135735988616943,0.008010369981444332,1.5253965022176506,0.04210390636386929,2.3767782504086497,0.0026344165671616793,underdamped
977,1.3968353151044648,1.2567232847213745,2.8060946147859878,2.6350226402282715,0.14011203038309028,10.030676406016536,0.17107197455771628,6.0964435645290385,0.0023517117369920015,overdamped
978,1.9211574601301038,1.7536704540252686,0.5553680910949451,0.5024178624153137,0.16748700610483525,8.718025959907147,0.052950228679631395,9.534258364616608,0.002357401419430971,overdamped
979,0.4939006258601777,0.42881426215171814,0.434770492525281,0.40165814757347107,0.06508636370845955,13.178028190408767,0.033112344951809924,7.616051576886744,0.0022153195459395647,underdamped
980,1.835571021163834,1.4422277212142944,2.4362763854363156,2.005127191543579,0.39334329994953965,21.428933852973035,0.43114919389273654,17.69705590343033,0.002590828575193882,overdamped
981,0.35954296405470937,0.41358789801597595,2.8760169196583587,3.044348955154419,0.054044933961266584,15.031564893324656,0.16833203549606024,5.8529570652197815,0.004691573791205883,underdamped
982,1.7045128488252819,1.4334537982940674,1.7066532982971956,1.5235315561294556,0.2710590505312145,15.902435157237052,0.18312174216774002,10.729873627552168,0.00248912675306201,overdamped
983,0.13621302486253065,0.0863494873046875,0.6486015915359284,0.4199976623058319,0.049863537557843146,36.60702609619498,0.22860392923009654,35.24566270162063,0.003948720172047615,underdamped
984,0.04800596562265699,0.08652978390455246,1.2986083252551497,1.2276084423065186,0.03852381828189547,80.24798122946972,0.07099988294863113,5.467382394509224,0.004038873128592968,underdamped
985,0.2872849065578383,0.1801212877035141,1.0440180458495087,0.8297890424728394,0.10716361885432418,37.302209899686886,0.2142290033766694,20.519664792034607,0.003136014798656106,underdamped
986,1.0,0.9946833252906799,2.9809909546239455,2.9737257957458496,0.005316674709320068,0.5316674709320068,0.007265158878095868,0.24371623358422348,0.00260932557284832,critically_damped
987,0.6922896795138204,0.7196492552757263,2.844112937270107,3.058107614517212,0.027359575761905952,3.9520415472782977,0.21399467724710508,7.524127275075994,0.0023118117824196815,underdamped
988,0.574644619208831,0.6063386797904968,1.778330934871484,1.8350123167037964,0.031694060581665795,5.515419360456569,0.056681381832312416,3.1873359857179033,0.002750075189396739,underdamped
989,0.3109923929454709,0.3127560615539551,2.299386464059375,2.3315694332122803,0.0017636686084842035,0.567109887087638,0.032182969152905194,1.3996328871175856,0.0031357472762465477,underdamped
990,0.8457820792534775,0.8596373796463013,3.301431655190413,3.439324140548706,0.013855300392823788,1.6381643372076475,0.13789248535829302,4.176748143233635,0.002419517608359456,underdamped
991,0.9059019838037878,0.9046544432640076,3.1674609381632814,3.264338493347168,0.0012475405397802675,0.1377125298414708,0.09687755518388652,3.0585240694416584,0.0026448701974004507,underdamped
992,0.7955698544631753,0.7814664244651794,2.0640666502207137,2.0793983936309814,0.014103429997995853,1.7727456512932342,0.015331743410267773,0.7427930395866009,0.0022791677620261908,underdamped
993,1.149495691397986,1.0123571157455444,1.7375490883458993,1.5834945440292358,0.13713857565244147,11.930325331246541,0.15405454431666343,8.866198103405486,0.0026140022091567516,overdamped
994,0.3029942167800263,0.3215327858924866,0.7070897959438415,0.6585320830345154,0.018538569112460268,6.118456421205974,0.04855771290932609,6.8672625722889995,0.002990431385114789,underdamped
995,0.904893341149763,0.8832359910011292,1.010663310213844,0.9831746220588684,0.021657350148633903,2.393359434065007,0.027488688154975627,2.7198660401711185,0.0027413414791226387,underdamped
996,0.8435795748392204,0.8287045359611511,1.7393206957335747,1.7216335535049438,0.014875038878069291,1.7633237363415724,0.01768714222863088,1.0168994293011138,0.0022841375321149826,underdamped
997,1.922676510813659,1.5921696424484253,3.7028697612035395,3.144080400466919,0.3305068683652337,17.18993634687752,0.5587893607366206,15.090710631826216,0.0028479520697146654,overdamped
998,1.5048875505894879,1.3241592645645142,2.5077465235051535,2.278242826461792,0.1807282860249737,12.009421298899019,0.2295036970433615,9.151790059011914,0.0021708018612116575,overdamped
999,0.11715801270651376,0.15742291510105133,2.4838121347779163,2.54012393951416,0.040264902394537574,34.36803122924509,0.056311804736243865,2.2671523320051272,0.024030987173318863,underdamped
1000,1.365057935662972,1.2905588150024414,2.1057842459843807,2.0616018772125244,0.07449912066053055,5.457579397488967,0.04418236877185633,2.0981431908852852,0.002664573723450303,overdamped
1001,1.9076305516329888,1.5055458545684814,1.132340894000213,0.9313236474990845,0.40208469706450733,21.0777027407278,0.20101724650112862,17.75236128680263,0.002151254564523697,overdamped
1002,1.1003901657834803,1.087016224861145,1.7237310176041387,1.7098991870880127,0.013373940922335237,1.2153817198841432,0.01383183051612602,0.8024355525812411,0.002752997912466526,overdamped
1003,1.1432019948421688,1.0288722515106201,2.05599911145631,1.9146441221237183,0.11432974333154866,10.000834834733919,0.1413549893325916,6.875245643100825,0.0027502363082021475,overdamped
1004,1.595744255595692,1.3676143884658813,1.8739554113008183,1.674769401550293,0.22812986712981065,14.296142149961849,0.19918600975052536,10.629175515561446,0.0021562939509749413,overdamped
1005,1.4805679100531335,1.2969605922698975,2.663937233174212,2.3755080699920654,0.18360731778323602,12.401141246985887,0.28842916318214673,10.82717564026346,0.0026261606253683567,overdamped
1006,1.8000876675873365,1.5849133729934692,1.4602695015708362,1.295546054840088,0.21517429459386728,11.95354528939505,0.16472344673074835,11.28034561795289,0.002305438742041588,overdamped
1007,1.0,0.9698324203491211,3.258616795333053,3.336405038833618,0.030167579650878906,3.0167579650878906,0.07778824350056501,2.3871552988977496,0.0025557242333889008,critically_damped
1008,1.5118071076235233,1.2388547658920288,2.2297776316330067,1.972475528717041,0.2729523417314945,18.054706870677464,0.25730210291596567,11.539361560799547,0.0024341559037566185,overdamped
1009,0.8265316807292521,0.8524536490440369,3.1119894016583958,3.3068082332611084,0.02592196831478477,3.136234087471846,0.19481883160271263,6.260266551643545,0.0030174406711012125,underdamped
1010,0.2164943693337736,0.2418377846479416,0.32145401744806923,0.3136512041091919,0.025343415314167977,11.706269956192504,0.007802813338877335,2.4273497655501775,0.0023910929448902607,underdamped
1011,1.8252660067298394,1.208998441696167,0.4636479379235496,0.29502034187316895,0.6162675650336724,33.763164533907144,0.16862759605038063,36.369750031797935,0.002600708045065403,overdamped
1012,0.4269889838154799,0.5260313153266907,3.8785025566344884,4.277218341827393,0.09904233151121078,23.19552383440674,0.3987157851929042,10.280147540727258,0.002726272912696004,underdamped
1013,0.7811837878396022,0.7742837071418762,0.3591623905325978,0.3574451804161072,0.006900080697725963,0.8832851891113149,0.0017172101164906195,0.47811523749582696,0.002170638181269169,underdamped
1014,0.6443453690819215,0.6998374462127686,3.5655192379197853,3.862161636352539,0.05549207713084703,8.612163568415717,0.29664239843275375,8.3197531309864,0.002587713534012437,underdamped
1015,0.1075627583883897,0.1948099434375763,3.7628789657104136,3.883941173553467,0.08724718504918659,81.11281855951738,0.12106220784305322,3.2172761586605336,0.030488723888993263,underdamped
1016,0.5262764395353998,0.5676311254501343,3.0095570939788487,3.172213554382324,0.04135468591473446,7.857977824590179,0.16265646040347548,5.404664384965432,0.002660660073161125,underdamped
1017,1.2633371483209217,1.1122757196426392,3.605583992859189,3.413722276687622,0.15106142867828254,11.957332916162207,0.19186171617156678,5.3212382945882375,0.0023922554682940245,overdamped
1018,0.025153710413192698,0.1440233737230301,3.7565958485521063,3.890185594558716,0.11886966330983739,472.5730771214264,0.13358974600660956,3.5561383601618646,0.18816493451595306,underdamped
1019,1.3897969429203236,1.429810643196106,0.43866937179905524,0.43531718850135803,0.04001370027578233,2.8791040647782093,0.003352183297697209,0.7641708113674209,0.00277014565654099,overdamped
1020,1.5658330782799978,1.3774454593658447,2.7386149955851598,2.5152196884155273,0.18838761891415312,12.031143135709526,0.2233953071696324,8.157236688244291,0.0021590092219412327,overdamped
1021,1.2836159284562103,1.2227622270584106,1.2125011209478982,1.2142395973205566,0.060853701397799664,4.740802918438983,0.0017384763726584485,0.14337936209901053,0.0023986429441720247,overdamped
1022,1.4067865075837582,1.247415542602539,1.7281303200876408,1.562931776046753,0.15937096498121917,11.328724303373406,0.16519854404088785,9.55937999123295,0.002614522585645318,overdamped
1023,0.14801983510407532,0.16521959006786346,1.394511488286107,1.376524567604065,0.017199754963788144,11.619898746471847,0.017986920682041996,1.289836679950799,0.00672043627128005,underdamped
1024,1.2331540663824896,1.1277865171432495,3.725482901982929,3.536158323287964,0.10536754923924008,8.544556768023343,0.18932457869496533,5.081880219989608,0.002478238195180893,overdamped
1025,1.892533138073764,1.5361822843551636,2.272079779462055,1.8641811609268188,0.3563508537186004,18.82930589428396,0.40789861853523623,17.95265387343976,0.0025823437608778477,overdamped
1026,0.19869014635790092,0.27838248014450073,3.3574099864553166,3.5135457515716553,0.07969233378659982,40.10885051292371,0.15613576511633864,4.650482537022043,0.012835063971579075,underdamped
1027,0.7910882326868006,0.8208413124084473,3.571860509551745,3.822500228881836,0.029753079721646647,3.761031765141446,0.2506397193300911,7.017063478818367,0.002783222123980522,underdamped
1028,1.05180250264791,0.9224914312362671,1.8962322656087398,1.763910174369812,0.129311071411643,12.29423500002165,0.1323220912389278,6.978158405950811,0.0029193435329943895,overdamped
1029,1.0,0.9675140976905823,3.0904762486844244,3.1580445766448975,0.032485902309417725,3.2485902309417725,0.06756832796047307,2.186340308851622,0.0024084788747131824,critically_damped
1030,1.9782815704752643,1.878653645515442,0.46415304099601346,0.4331705570220947,0.09962792495982242,5.036084167527664,0.03098248397391873,6.675057844592433,0.002442491939291358,overdamped
1031,1.8965593094417295,1.6180033683776855,2.0526469430996492,1.7723318338394165,0.2785559410640439,14.687436331534476,0.28031510926023273,13.656274899225295,0.0026343250647187233,overdamped
1032,1.1594025638987393,1.1162636280059814,1.7736341487142668,1.7581336498260498,0.04313893589275786,3.720790106560913,0.01550049888821703,0.8739400343330989,0.002286038128659129,overdamped
1033,1.4028387698265288,1.211333155632019,2.7687712496413543,2.4778590202331543,0.19150561419450973,13.651291817247879,0.29091222940820005,10.50690733103656,0.00233313231728971,overdamped
1034,1.5715279161102478,1.5628331899642944,0.452617973988094,0.4419665038585663,0.008694726145953346,0.5532657776435823,0.010651470129527718,2.3533025071178244,0.002794223604723811,overdamped
1035,0.46632358786486483,0.5371038317680359,3.5057792971393056,3.822331190109253,0.07078024390317106,15.178353775164888,0.31655189296994735,9.029430153468352,0.0033515067771077156,underdamped
1036,0.8908720355530642,0.8517014384269714,0.5949701375356082,0.579427182674408,0.03917059712609272,4.396882555840373,0.015542954861200275,2.6123924346152667,0.00218191952444613,underdamped
1037,0.7576386957115471,0.7480897903442383,2.1995913784264127,2.231853723526001,0.009548905367308791,1.2603508006333812,0.03226234509958825,1.4667426602966924,0.0024396053049713373,underdamped
1038,1.1420075678223287,1.0496069192886353,1.1881503601492525,1.0970442295074463,0.09240064853369345,8.091071472485108,0.09110613064180617,7.6678957224203215,0.0024985456839203835,overdamped
1039,1.8357803376899935,1.3890399932861328,3.8712845841102714,3.086815357208252,0.4467403444038607,24.3351742706867,0.7844692269020195,20.263796418426114,0.0030417796224355698,overdamped
1040,1.0,0.9689348936080933,0.6680695822658986,0.6614187359809875,0.03106510639190674,3.106510639190674,0.006650846284911083,0.9955319717376352,0.002556375227868557,critically_damped
1041,0.9122247003452991,0.8188956379890442,0.7110773191735571,0.6718319058418274,0.09332906235625493,10.230929103424586,0.039245413331729706,5.519148519227461,0.0032420633360743523,underdamped
1042,0.8449444963605407,0.7886707782745361,1.1235382701221428,1.1151624917984009,0.056273718086004565,6.660049071672085,0.008375778323741923,0.7454822453739266,0.0036664714571088552,underdamped
1043,0.4683977288751985,0.41647574305534363,1.309814386424411,1.246026635169983,0.051921985819854855,11.085020831450088,0.06378775125442804,4.8699840157168115,0.002510483842343092,underdamped
1044,0.9608431924200496,0.9834960699081421,3.5952164602218977,3.6960535049438477,0.022652877488092527,2.357603994782681,0.10083704472194999,2.804755870408045,0.0024928285274654627,underdamped
1045,0.4076375538067077,0.4202563166618347,3.1609921658811886,3.270814895629883,0.01261876285512703,3.095583990554157,0.10982272974869423,3.474311987675521,0.0027025260496884584,underdamped
1046,1.7519805725241633,1.5968153476715088,1.82519811128269,1.6701761484146118,0.1551652248526545,8.856560813862247,0.15502196286807823,8.49343213264306,0.0022286667954176664,overdamped
1047,0.6455431737847871,0.734807550907135,3.9685016236128887,4.382840156555176,0.08926437712234792,13.82779351518743,0.41433853294228706,10.440679436211921,0.0029103641863912344,underdamped
1048,1.2013204184659594,1.1276499032974243,1.1383089079068751,1.1003836393356323,0.07367051516853507,6.132461750929825,0.03792526857124279,3.331720265721179,0.0028041701298207045,overdamped
1049,0.718139906693127,0.6958694458007812,1.1154328439564316,1.1497087478637695,0.022270460892345745,3.101131225932871,0.034275903907337923,3.0728792049695755,0.002545880852267146,underdamped
1050,1.9658728115218165,1.5141469240188599,2.8948570116767947,2.269282579421997,0.4517258875029566,22.97838826883555,0.6255744322547976,21.609856021608636,0.002694025868549943,overdamped
1051,1.8229065239404951,1.4192616939544678,3.3164177676359166,2.6065773963928223,0.40364482998602735,22.142925305543724,0.7098403712430943,21.403828497430187,0.0022795156110078096,overdamped
1052,1.9136194851783483,1.430889368057251,3.7410546273973786,2.9064295291900635,0.48273011712109737,25.226024340785138,0.8346250982073151,22.309888021815844,0.0028191404417157173,overdamped
1053,1.2392195451370864,1.1459167003631592,3.0650602428942464,2.9179372787475586,0.09330284477392725,7.529161813180229,0.1471229641466878,4.800002364970285,0.0027569036465138197,overdamped
1054,1.476997831571471,1.3157379627227783,1.539104862226607,1.4096219539642334,0.1612598688486926,10.918084333077054,0.12948290826237363,8.412871107109106,0.002553445054218173,overdamped
1055,0.4685146508260707,0.44016414880752563,1.2641276836018915,1.1821444034576416,0.028350502018545054,6.051145245630701,0.08198328014424994,6.485363876428539,0.002649425296112895,underdamped
1056,0.9680713384802271,0.9271568655967712,2.7365346666249906,2.7097015380859375,0.040914472883455844,4.226390272816813,0.026833128539053064,0.9805513837011525,0.0024556899443268776,underdamped
1057,1.476129291377493,1.266579270362854,1.4930538813610237,1.3263649940490723,0.20955002101463904,14.195912393222097,0.16668888731195142,11.16429148290367,0.0022493526339530945,overdamped
1058,1.0658652786139664,1.053789734840393,2.3944444689230755,2.507098913192749,0.012075543773573338,1.1329334031103984,0.11265444426967353,4.704825930681991,0.0026099304668605328,overdamped
1059,1.8473865494220851,1.7266968488693237,0.46392484421126845,0.4245093762874603,0.1206897005527614,6.532996604880369,0.03941546792380812,8.496089057446246,0.0022965443786233664,overdamped
1060,1.1090313465139616,1.055511474609375,0.8423562513433087,0.8239893913269043,0.053519871904586624,4.825821386637682,0.018366860016404418,2.1804147576651465,0.0028908937238156796,overdamped
1061,0.4306919865307198,0.46362143754959106,3.468138564736871,3.6740715503692627,0.03292945101887129,7.645707848925243,0.20593298563239149,5.937853456210326,0.0028393336106091738,underdamped
1062,1.0,0.9554058313369751,2.651816673217315,2.646552562713623,0.0445941686630249,4.45941686630249,0.00526411050369191,0.19850959370073012,0.002314520999789238,critically_damped
1063,1.3746603456192985,1.3652207851409912,0.3405170199254457,0.3133549094200134,0.009439560478307296,0.6866831147336746,0.02716211050543227,7.97672624745138,0.0021023775916546583,overdamped
1064,0.7357253324083116,0.693233847618103,1.1645735673852076,1.1635099649429321,0.04249148479020859,5.77545490395412,0.0010636024422754353,0.09132977701559201,0.0028711205814033747,underdamped
1065,1.9032743247036632,1.3564547300338745,2.320223466656074,1.7804878950119019,0.5468195946697887,28.730466626503127,0.5397355716441723,23.26222363495202,0.002051497111096978,overdamped
1066,0.25709007186725985,0.2841744124889374,3.0158634866212415,3.092045545578003,0.027084340621677527,10.53496170620764,0.07618205895676144,2.526044673265712,0.005003235302865505,underdamped
1067,1.0,0.990890622138977,3.4963373433716605,3.56400465965271,0.00910937786102295,0.9109377861022949,0.0676673162810495,1.9353772143678547,0.0023314030840992928,critically_damped
1068,0.4079579522034312,0.446609765291214,2.7590130466180227,2.9476981163024902,0.038651813087782816,9.474460021926184,0.18868506968446752,6.838861088959193,0.00364544615149498,underdamped
1069,0.2850824216631744,0.32259801030158997,3.6770145523068343,3.8023786544799805,0.03751558863841559,13.159558705706646,0.1253641021731462,3.409399130457534,0.004666563123464584,underdamped
1070,1.9245173232985349,1.6795589923858643,2.6263545848349317,2.3669910430908203,0.2449583309126706,12.728299607759478,0.25936354174411136,9.875419840174116,0.00255903834477067,overdamped
1071,1.4614839685154086,1.1991724967956543,1.8484516235564743,1.6266462802886963,0.26231147171975433,17.948296209243622,0.221805343267778,11.999521136561754,0.0024328832514584064,overdamped
1072,0.46311074463471275,0.38840481638908386,0.4403450395968088,0.39864006638526917,0.07470592824562888,16.131331244442315,0.04170497321153965,9.470976044087108,0.002268589334562421,underdamped
1073,1.5400015021858857,1.2754759788513184,1.9594057230675124,1.6827036142349243,0.26452552333456736,17.176965279520736,0.27670210883258806,14.12173627825288,0.0024550477974116802,overdamped
1074,1.9619400233940223,1.3826905488967896,3.7926805024707586,2.662885904312134,0.5792494744972327,29.524321212183168,1.1297945981586248,29.788815520384993,0.0023549403995275497,overdamped
1075,0.6890339708788353,0.6256333589553833,1.1000189559730909,1.085460901260376,0.06340061192345203,9.20137679751654,0.014558054712714874,1.323436712946154,0.003173820674419403,underdamped
1076,0.12025932172923604,-0.03736652433872223,0.8811977602476702,0.558368444442749,0.15762584606795826,131.07162405493438,0.32282931580492114,36.63528555884963,0.00246620224788785,underdamped
1077,0.29072980721377084,0.16509534418582916,1.0299493696281623,0.7702454924583435,0.12563446302794168,43.213478601306214,0.2597038771698188,25.21520812849067,0.002825530944392085,underdamped
1078,1.2098269563364326,1.1638236045837402,2.6382389023493333,2.5678176879882812,0.04600335175269232,3.8024736935932153,0.07042121436105209,2.6692508513289868,0.002380124293267727,overdamped
1079,1.4316482022749626,1.1587926149368286,3.9272882319733737,3.2399609088897705,0.272855587338134,19.058843290170895,0.6873273230836032,17.50132107666151,0.0025176212657243013,overdamped
1080,0.7825341689254061,0.8336226344108582,3.3795150802413354,3.6309573650360107,0.051088465485452095,6.528592298481733,0.25144228479467534,7.440188276263574,0.0024396530352532864,underdamped
1081,1.8383825264272093,1.4433627128601074,3.9909332942624616,3.2094311714172363,0.3950198135671019,21.487356841603592,0.7815021228452252,19.58193899078059,0.0027369391173124313,overdamped
1082,0.5672635385410262,0.5914954543113708,3.087398144828248,3.315864086151123,0.02423191577034467,4.2717210121891425,0.22846594132287512,7.399950722441879,0.002425449201837182,underdamped
1083,0.7505040775084953,0.6883366107940674,0.7860922531017525,0.740822970867157,0.062167466714427966,8.28342824209696,0.045269282234595476,5.758774756521583,0.00266301934607327,underdamped
1084,0.16624449271047126,0.07452575117349625,0.7870151464000639,0.6401967406272888,0.09171874153697501,55.17099546672557,0.14681840577277505,18.655092782438366,0.0021536527201533318,underdamped
1085,1.7645626487005217,1.3598992824554443,2.979496508469369,2.415827751159668,0.40466336624507737,22.932785443638622,0.563668757309701,18.918255339700657,0.0025568490382283926,overdamped
1086,0.8964058717068045,0.9056050777435303,3.746951660751543,3.8686330318450928,0.009199206036725749,1.0262322377708182,0.12168137109354982,3.2474764051037592,0.002268756041303277,underdamped
1087,0.07967457897893161,-0.0008307964890263975,0.8218663783590829,0.614404559135437,0.08050537546795801,101.04273721891406,0.20746181922364593,25.242767521146053,0.002833946840837598,underdamped
1088,0.7315293231532958,0.7724107503890991,3.0008620718798813,3.176659345626831,0.04088142723580335,5.588487835262952,0.17579727374694976,5.858225721011631,0.0030139123555272818,underdamped
1089,1.7382403579395995,1.2648952007293701,3.455485099804125,2.6434953212738037,0.4733451572102294,27.23128335205051,0.8119897785303212,23.49857560017692,0.0024892527144402266,overdamped
1090,1.797983536900316,1.4440898895263672,2.610830447876945,2.149552583694458,0.3538936473739489,19.682807996343154,0.46127786418248684,17.66785983967612,0.002738610375672579,overdamped
1091,0.4376697722987458,0.32904988527297974,0.9559352380831752,0.8517996668815613,0.10861988702576608,24.81777218821135,0.10413557120161387,10.89358013524271,0.002702130237594247,underdamped
1092,1.0,1.0281453132629395,0.40370920436939894,0.4030674397945404,0.028145313262939453,2.8145313262939453,0.0006417645748585388,0.15896704061057676,0.0024295602925121784,critically_damped
1093,0.4295421604798005,0.5315220952033997,3.6800015982999024,4.037573337554932,0.10197993472359917,23.741542532096766,0.3575717392550293,9.716619129193349,0.00376732531003654,underdamped
1094,0.3074594883682882,0.42029479146003723,3.591081128609696,3.9696555137634277,0.11283530309174905,36.69924245648587,0.37857438515373154,10.542072751787103,0.005717892665416002,underdamped
1095,1.5547176362256638,1.3416461944580078,2.622860204093451,2.3416342735290527,0.21307144176765602,13.704832106035825,0.2812259305643985,10.722109021498524,0.0023723491467535496,overdamped
1096,0.5714100993581454,0.6806797385215759,3.98708742322195,4.518845081329346,0.10926963916343058,19.12280501975222,0.5317576581073955,13.336995196300064,0.002871323376893997,underdamped
1097,0.47182097615570173,0.4306637942790985,0.7477231858635816,0.6943496465682983,0.04115718187660322,8.723050469680958,0.05337353929528321,7.138141534776608,0.002581350039690733,underdamped
1098,0.3943153865402983,0.4390822947025299,3.208160495421292,3.3721096515655518,0.04476690816223161,11.353071599618271,0.16394915614425987,5.1103788721994805,0.0027719170320779085,underdamped
1099,0.7375575261180773,0.6923476457595825,0.87986491059647,0.8595829010009766,0.045209880358494825,6.1296751449943265,0.020282009595493422,2.3051276794006967,0.00267419358715415,underdamped
1100,0.4581767799472069,0.34815239906311035,1.0420794496944696,0.9287230968475342,0.11002438088409655,24.013521788854955,0.11335635284693546,10.87789926959703,0.0028647398576140404,underdamped
1101,0.35605450189287263,0.38549014925956726,3.3250198824976906,3.5334253311157227,0.02943564736669463,8.267174606754736,0.208405448618032,6.267795561615766,0.003379669738933444,underdamped
1102,0.12656953316529224,0.17195259034633636,2.339343841876295,2.436009168624878,0.04538305718104413,35.85622546444615,0.09666532674858308,4.1321555650857915,0.02860249951481819,underdamped
1103,0.5385748033841774,0.6175409555435181,3.900025254896137,4.2463884353637695,0.07896615215934066,14.662058392474101,0.3463631804676326,8.881049681224608,0.0025979899801313877,underdamped
1104,0.27018529402897346,0.29665350914001465,2.5032471954472837,2.5583841800689697,0.026468215111041193,9.796319672455178,0.055136984621686036,2.2026184518238954,0.00595086207613349,underdamped
1105,1.5458188765785945,1.3696544170379639,3.389577613911553,3.1039340496063232,0.17616445954063065,11.396190214117485,0.28564356430522997,8.427113842529746,0.00290381396189332,overdamped
1106,1.321027138682156,1.2425373792648315,1.0140967356456907,1.0002763271331787,0.07848975941732439,5.941570549082362,0.013820408512511984,1.3628294053931966,0.002389786299318075,overdamped
1107,1.6773996549614614,1.4028756618499756,3.0679848716333984,2.603508949279785,0.2745239931114858,16.366045640911558,0.46447592235361324,15.13944630718879,0.0029601864516735077,overdamped
1108,1.4610221626777358,1.2753584384918213,3.66581305108362,3.2883377075195312,0.18566372418591448,12.707796563854531,0.37747534356408874,10.297179324311328,0.0025897049345076084,overdamped
1109,1.69441370624992,1.360443115234375,0.3196416849237649,0.24465911090373993,0.33397059101554505,19.71009735011466,0.07498257402002495,23.45832147578262,0.0027295362669974566,overdamped
1110,0.6196866380948598,0.5812398791313171,0.9717431079048069,0.9551015496253967,0.03844675896354266,6.204225910331367,0.016641558279410162,1.7125470861626517,0.0029832564759999514,underdamped
1111,0.6223488670212871,0.6598185896873474,2.911266709029206,3.017441749572754,0.0374697226660603,6.020694284445233,0.10617504054354798,3.647039284111253,0.002277243649587035,underdamped
1112,0.021481879500787324,0.08350249379873276,2.0599351660459493,2.0309815406799316,0.062020614297945434,288.7113033832647,0.028953625366017643,1.4055600313671135,0.1281270980834961,underdamped
1113,1.2571426694050636,1.1852397918701172,2.194996550784024,2.091017246246338,0.0719028775349464,5.719547930782913,0.103979304537686,4.737105600486979,0.0023235417902469635,overdamped
1114,1.0,1.0053672790527344,2.299844140447224,2.3006298542022705,0.005367279052734375,0.5367279052734375,0.0007857137550466575,0.03416378272024421,0.0024693505838513374,critically_damped
1115,0.4001966235434919,0.38872790336608887,0.8171815871309287,0.8111300468444824,0.011468720177403025,2.865771349057033,0.0060515402864462775,0.7405380128170583,0.0029551421757787466,underdamped
1116,0.8205330474253424,0.7895218133926392,3.7391908504094267,3.7320218086242676,0.031011234032703228,3.779400979644862,0.0071690417851590915,0.19172708941492272,0.002467112382873893,underdamped
1117,1.6855793031356994,1.2759381532669067,0.314763282206471,0.23154553771018982,0.40964114986879263,24.302692202421643,0.08321774449628117,26.438199498025934,0.0022785067558288574,overdamped
1118,1.0,0.9930364489555359,3.416829050060411,3.524199962615967,0.006963551044464111,0.6963551044464111,0.10737091255555598,3.142413945282326,0.002519486006349325,critically_damped
1119,0.3032476347746495,0.35396984219551086,2.933817091377981,3.082831859588623,0.050722207420861365,16.726332410986235,0.14901476821064197,5.079211265370718,0.005029112100601196,underdamped
1120,1.9911065483977288,1.6814626455307007,0.8857844471473761,0.7596840858459473,0.30964390286702814,15.55134772251153,0.12610036130142888,14.236009867584453,0.0028468265663832426,overdamped
1121,1.6334007318834587,1.3552674055099487,2.4360291902666646,2.0743069648742676,0.27813332637350996,17.027868357374683,0.36172222539239707,14.8488460991225,0.002699799370020628,overdamped
1122,0.3204639151406227,0.38113558292388916,3.6550720420845635,3.888174533843994,0.060671667783266436,18.93244915161294,0.23310249175943065,6.377507449250917,0.00391356460750103,underdamped
1123,0.9748361778470043,0.9662501811981201,2.6502837819249567,2.7041847705841064,0.008585996648884153,0.8807630291119216,0.05390098865914972,2.0337817793987445,0.0026952624320983887,underdamped
1124,1.999830603796617,1.411139726638794,0.5593691576140565,0.36773279309272766,0.588690877157823,29.437037119054555,0.19163636452132882,34.25937270813037,0.0021832557395100594,overdamped
1125,1.3283921141375008,1.0390565395355225,1.0976504395706614,0.943513035774231,0.28933557460197834,21.780886194874643,0.15413740379643048,14.04248549808993,0.0028364425525069237,overdamped
1126,0.5262881367566818,0.5403766632080078,1.8939711370241246,1.9696085453033447,0.014088526451325967,2.6769606737002127,0.07563740827922016,3.9935882232114888,0.0029679753351956606,underdamped
1127,1.0,0.9924948811531067,2.6053835440832636,2.5517590045928955,0.0075051188468933105,0.750511884689331,0.05362453949036805,2.058220549221919,0.00246751238591969,critically_damped
1128,0.35124960621108303,0.39107856154441833,2.3961874102593375,2.530327796936035,0.0398289553333353,11.33921707784069,0.1341403866766977,5.5980757641231325,0.004559489898383617,underdamped
1129,0.21166701261214915,0.2462260127067566,2.242882685289195,2.2976341247558594,0.03455900009460744,16.327059974117024,0.05475143946666439,2.441119182281475,0.010922987014055252,underdamped
1130,1.0,0.9885669350624084,1.6952500719008303,1.7166670560836792,0.011433064937591553,1.1433064937591553,0.021416984182848875,1.2633525010758258,0.002446971135213971,critically_damped
1131,1.5796615039219954,1.2734390497207642,3.16040820872181,2.7655322551727295,0.3062224542012313,19.385321060299304,0.39487595354908045,12.494460445310114,0.0021686344407498837,overdamped
1132,0.2629847073209432,0.19727230072021484,1.2106298869998524,0.9477900862693787,0.06571240660072836,24.987158861877763,0.26283980073047375,21.710995536533105,0.0029384514782577753,underdamped
1133,0.8048777560027078,0.8145684003829956,3.5126551619611086,3.6965086460113525,0.009690644380287772,1.2039895882344611,0.18385348405024393,5.234031681823241,0.0021744680125266314,underdamped
1134,0.6281306165516468,0.6761151552200317,2.7558766796998584,2.9800727367401123,0.047984538668384924,7.639261230699697,0.22419605704025392,8.135199179691561,0.0028194093611091375,underdamped
1135,0.47640125483598406,0.39410263299942017,1.135015068383721,1.02206552028656,0.08229862183656389,17.275064035021853,0.11294954809716096,9.951369919520351,0.0030345600098371506,underdamped
1136,1.1897637182557346,1.069946050643921,2.561828862871096,2.4249024391174316,0.11981766761181367,10.070711165026413,0.13692642375366448,5.344870055067149,0.002609661780297756,overdamped
1137,1.6764567289765533,1.3437461853027344,0.5419676194094771,0.4269663393497467,0.3327105436738189,19.846056144672026,0.11500128005973043,21.21921604560707,0.0030533832032233477,overdamped
1138,1.2535968704384661,1.1108949184417725,2.575482532216904,2.2864439487457275,0.14270195199669367,11.383400466433944,0.2890385834711764,11.22269632410902,0.0025986572727560997,overdamped
1139,1.0,1.02605402469635,2.052172154549842,2.0317015647888184,0.026054024696350098,2.6054024696350098,0.02047058976102356,0.9975084066723402,0.002741472329944372,critically_damped
1140,0.7424504983205034,0.7226670980453491,1.7477063305670555,1.7617225646972656,0.01978340027515424,2.664608660093333,0.014016234130210137,0.801978792722143,0.0026836609467864037,underdamped
1141,1.6524777596311528,1.373939871788025,1.1287651727967665,0.9811943769454956,0.27853788784312794,16.855772261969808,0.14757079585127086,13.073648922532879,0.0020920615643262863,overdamped
1142,1.0,0.930446982383728,1.1325751773646582,1.082434058189392,0.06955301761627197,6.955301761627197,0.05014111917526609,4.427178007903843,0.0027346848510205746,critically_damped
1143,1.231142559926544,1.2134407758712769,0.5436136963153948,0.5318147540092468,0.017701784055267122,1.4378338164447257,0.011798942306147975,2.1704645019286715,0.002783115953207016,overdamped
1144,1.060317236143578,0.9769231677055359,2.2717768408729477,2.138546943664551,0.08339406843804209,7.865011111330239,0.13322989720839695,5.864567980946682,0.002749433508142829,overdamped
1145,1.558755398022507,1.4329075813293457,0.7051506107169414,0.6405953764915466,0.12584781669316136,8.073609037878324,0.06455523422539478,9.154815048626295,0.002394314156845212,overdamped
1146,1.8261406821313533,1.4653910398483276,0.7992708077027608,0.6714918613433838,0.36074964228302564,19.754756345605422,0.12777894635937703,15.986940237018702,0.00236214860342443,overdamped
1147,0.522208875017213,0.5213177800178528,2.053527272253427,2.092308759689331,0.0008910949993602424,0.17063957393119183,0.03878148743590426,1.8885304305380668,0.002582001965492964,underdamped
1148,0.7932694556644565,0.8060635924339294,3.0776640260110826,3.220684051513672,0.012794136769472941,1.6128361779360767,0.1430200255025893,4.647031784296337,0.002416746225208044,underdamped
1149,0.9158904721200034,0.9250378012657166,1.080922633807299,1.0454655885696411,0.009147329145713146,0.998736139763514,0.035457045237657914,3.2802574512450264,0.002311194082722068,underdamped
1150,0.9586144616026097,0.9521907567977905,0.9512331204734275,0.9645808935165405,0.00642370480481913,0.6701030562464074,0.013347773043113076,1.4032073480021288,0.002074452815577388,underdamped
1151,0.8944158367579998,0.8402882218360901,1.9494669956294595,1.9156581163406372,0.05412761492190976,6.051728144495607,0.03380887928882226,1.7342627171744334,0.002325598616153002,underdamped
1152,1.6664677542210429,1.3977932929992676,3.2329686211233293,2.8439714908599854,0.2686744612217753,16.12239183994063,0.3889971302633439,12.03219628306144,0.002535557607188821,overdamped
1153,0.7317780390651679,0.7234669923782349,2.053496764475566,2.107027530670166,0.008311046686933055,1.1357332747441087,0.053530766194600066,2.6068103500650546,0.002573675476014614,underdamped
1154,0.5845439147902898,0.5590935349464417,1.1974903101769387,1.1457253694534302,0.025450379843848125,4.353886714051018,0.05176494072350857,4.322785769837243,0.0022703034337610006,underdamped
1155,1.507540827204557,1.215498447418213,1.1818457630976127,1.021777629852295,0.29204237978634406,19.37210419222146,0.16006813324531777,13.543910571357456,0.0027033889200538397,overdamped
1156,1.8920848276692634,1.291145920753479,2.4754504808983815,1.7153624296188354,0.6009389069157844,31.760674686876598,0.760088051279546,30.705039633986036,0.0024764016270637512,overdamped
1157,1.6727236123962026,1.4177095890045166,0.8890601247268126,0.7691329717636108,0.255014023391686,15.245436933025323,0.11992715296320178,13.489206143403699,0.0025368579663336277,overdamped
1158,1.4461894380582279,1.2465978860855103,1.4429639154756864,1.2820546627044678,0.1995915519727176,13.801203820206675,0.1609092527712186,11.151301224200978,0.0025313806254416704,overdamped
1159,0.41702244754837947,0.45476314425468445,2.7117175528727326,2.8815855979919434,0.03774069670630498,9.050039614936225,0.16986804511921072,6.264223386364717,0.0034437119029462337,underdamped
1160,1.0,0.9953205585479736,2.3286056095579277,2.3284332752227783,0.004679441452026367,0.4679441452026367,0.00017233433514940444,0.007400752383402577,0.0023355125449597836,critically_damped
1161,1.6189307653672276,1.2877370119094849,1.687363430153735,1.4430813789367676,0.3311937534577427,20.457561283210087,0.24428205121696744,14.477145044841407,0.0020012769382447004,overdamped
1162,0.05075858633998969,0.08437244594097137,2.0320041784591796,1.7823376655578613,0.033613859600981684,66.22300190913573,0.24966651290131825,12.286712574116576,0.07146089524030685,underdamped
1163,1.3201652358785851,1.2140462398529053,3.134534622824343,2.9339396953582764,0.10611899602567987,8.038311655363085,0.20059492746606677,6.399512259504812,0.0023103156127035618,overdamped
1164,1.6898450653455819,1.1742417812347412,3.505836245884179,2.626561403274536,0.5156032841108407,30.51186731165778,0.8792748426096431,25.08031696123582,0.0031772921793162823,overdamped
1165,0.8276945975950115,0.8729164600372314,1.9278662362574317,1.9880903959274292,0.04522186244221993,5.463592800245248,0.0602241596699975,3.1238764670162342,0.0024692690931260586,underdamped
1166,1.8121634582774093,1.3965044021606445,1.1560255119848348,0.9288334250450134,0.4156590561167648,22.9371723736157,0.2271920869398214,19.65286099523397,0.00242411601357162,overdamped
1167,0.8837714815221704,0.8812839984893799,3.7870898567578646,3.8999555110931396,0.0024874830327905606,0.2814622427628266,0.11286565433527507,2.9802739994107137,0.0026467551942914724,underdamped
1168,1.5271319392516838,1.2344118356704712,2.77477629292998,2.306251287460327,0.2927201035812126,19.16796421170063,0.4685250054696528,16.88514517957487,0.0027187918312847614,overdamped
1169,0.17599420725610526,0.19685235619544983,2.0793133251974845,2.0562503337860107,0.020858148939344567,11.85161106410279,0.02306299141147372,1.1091638346175314,0.011180758476257324,underdamped
1170,0.40068401773486556,0.3927484154701233,1.7020037434259847,1.7261494398117065,0.00793560226474227,1.9805137997775828,0.024145696385721838,1.418662942369249,0.00352025986649096,underdamped
1171,0.0492378682149015,0.14542430639266968,3.556088299644079,3.7172701358795166,0.09618643817776817,195.35053336987892,0.1611818362354378,4.53256001127897,0.10740597546100616,underdamped
1172,1.282252005035055,1.3479316234588623,0.3985015172618589,0.4024793207645416,0.06567961842380732,5.122208284011358,0.003977803502682731,0.9981903030168091,0.0024569497909396887,overdamped
1173,0.5688160202224506,0.529930830001831,1.3703798598348362,1.3343398571014404,0.03888519022061954,6.836162983843607,0.036040002733395804,2.62992793383139,0.0028613468166440725,underdamped
1174,1.5818912838500987,1.0989599227905273,3.804270246692439,2.8249452114105225,0.48293136105957135,30.528732662600238,0.9793250352819167,25.742783024769995,0.0031610759906470776,overdamped
1175,1.0,0.9238004088401794,3.717935440564846,3.6741933822631836,0.07619959115982056,7.619959115982056,0.043742058301662556,1.1765147351514273,0.0025166436098515987,critically_damped
1176,1.6640199443002957,1.4861770868301392,0.35568440417721303,0.3018565773963928,0.1778428574701565,10.687543624661163,0.05382782678082021,15.133592068884052,0.002687118947505951,overdamped
1177,0.2064812574863524,0.22041380405426025,2.381691049707645,2.421278953552246,0.01393254656790785,6.74760834834064,0.03958790384460098,1.6621762864440555,0.0088526401668787,underdamped
1178,0.5035292432744944,0.5081087350845337,2.383916375730851,2.4540622234344482,0.004579491810039249,0.9094788180043756,0.07014584770359722,2.942462597166069,0.0025886641815304756,underdamped
1179,1.838785784255115,1.2563297748565674,3.8379249442155356,2.7963650226593018,0.5824560093985476,31.67612096993116,1.041559921556234,27.138621434638992,0.0025108903646469116,overdamped
1180,1.362374185976527,1.1841731071472168,0.30481841811559873,0.23093853890895844,0.17820107882931024,13.080186094511081,0.0738798792066403,24.23734092689315,0.002314549870789051,overdamped
1181,1.3978692277670615,1.3220514059066772,0.5275904359900807,0.4988400340080261,0.07581782186038422,5.423813641101081,0.028750401982054585,5.44937891607177,0.0025793903041630983,overdamped
1182,1.2587482510399617,1.1097400188446045,2.401466685817975,2.1675262451171875,0.1490082321953572,11.837810465456338,0.23394044070078746,9.741565106121964,0.0025141106452792883,overdamped
1183,0.17553153904555951,0.23317210376262665,2.4153142047313816,2.4412288665771484,0.05764056471706713,32.83772536290839,0.02591466184576685,1.0729312896434913,0.014461619779467583,underdamped
1184,1.1350284581223762,1.0327204465866089,1.3392652796785105,1.3268109560012817,0.1023080115357673,9.013695718696834,0.012454323677228762,0.9299370233967698,0.002346108900383115,overdamped
1185,1.0,0.9591206312179565,3.7338061378714573,3.7689876556396484,0.04087936878204346,4.087936878204346,0.03518151776819112,0.9422427536167465,0.002178528346121311,critically_damped
1186,1.6271266490496008,1.420004963874817,2.4523062759868326,2.2708873748779297,0.2071216851747839,12.729290943379423,0.1814189011089029,7.397889198644167,0.002681432291865349,overdamped
1187,0.313247594031884,0.3064139187335968,1.9086422838088493,1.8765695095062256,0.006833675298287212,2.1815571543038392,0.032072774302623674,1.680397347093237,0.0033497815020382404,underdamped
1188,1.2300806917332543,1.2127816677093506,2.1410573412293883,2.238781452178955,0.01729902402390371,1.4063324577128669,0.09772411094956679,4.564292093805107,0.0029562923591583967,overdamped
1189,1.772661217688548,1.4893072843551636,2.168956227034399,1.921410083770752,0.2833539333333843,15.984663651798181,0.247546143263647,11.413146110473395,0.0030217403545975685,overdamped
1190,1.5082949086572104,1.2946175336837769,0.9591847862867071,0.8596583008766174,0.21367737497343353,14.16681669791381,0.09952648541008968,10.376153462085929,0.0026760788168758154,overdamped
1191,0.9148009913084848,0.8918099403381348,3.3301797082076194,3.370022773742676,0.022991050970350035,2.5132297831755523,0.03984306553505634,1.1964238877817441,0.0024514871183782816,underdamped
1192,0.9229349513015301,0.8928427696228027,2.965609447795681,3.0274040699005127,0.030092181678727403,3.2604878205437093,0.061794622104831554,2.0837073523205527,0.0022506092209368944,underdamped
1193,0.3035809498747854,0.2963874042034149,1.376579084483218,1.3811115026474,0.007193545671370483,2.3695642543899815,0.004532418164181928,0.3292522903530417,0.0030074825044721365,underdamped
1194,1.0274838141613112,1.000435471534729,1.0571201357423003,1.041090965270996,0.027048342626582178,2.632483573345681,0.016029170471304255,1.516305472702846,0.0022175477351993322,overdamped
1195,1.2205834207969128,1.078755497932434,0.9955876092100164,0.9501971006393433,0.14182792286447876,11.619682886719861,0.04539050857067317,4.559167686577563,0.0025297158863395452,overdamped
1196,0.23077995628276032,0.1112917810678482,0.8405629339549385,0.6682878732681274,0.11948817521491212,51.775802864140715,0.1722750606868111,20.495200743177968,0.003334473818540573,underdamped
1197,1.3032499036381786,1.1085431575775146,3.320215394397852,2.94731068611145,0.19470674606066396,14.94009287989331,0.37290470828640165,11.231340861668132,0.002902077976614237,overdamped
1198,1.6496346703147635,1.2952455282211304,1.7393982148290499,1.42378830909729,0.35438914209363315,21.48288639120399,0.31560990573175984,18.144775764460487,0.0028145359829068184,overdamped
1199,1.049687106897201,0.9853857159614563,0.6562776790245692,0.6258834004402161,0.0643013909357446,6.125767432336562,0.030394278584353174,4.631313780095101,0.0022392538376152515,overdamped
1200,1.9452073674326376,1.3245537281036377,3.239811107460954,2.342604875564575,0.6206536393289999,31.906811053680272,0.8972062318963787,27.693164883292255,0.002914458978921175,overdamped
1201,1.5284765726345895,1.1613937616348267,3.9926316906675563,3.240115165710449,0.3670828109997628,24.01625367191812,0.7525165249571071,18.84763191946935,0.0025998945347964764,overdamped
1202,1.5295101028634424,1.3620895147323608,2.223366774725189,2.104083299636841,0.16742058813108152,10.946026954490092,0.11928347508834802,5.364993146625195,0.0026507931761443615,overdamped
1203,0.42323334536653695,0.33252081274986267,0.7069978317405763,0.5883482098579407,0.09071253261667428,21.433219667064186,0.11864962188263561,16.782176204208298,0.002760186092928052,underdamped
1204,0.2982523172536097,0.28222379088401794,2.076591681088583,2.092738628387451,0.016028526369591733,5.374149819584593,0.01614694729886823,0.7775696804488661,0.004959230776876211,underdamped
1205,0.383972476690043,0.26581594347953796,1.0016265430893696,0.8414060473442078,0.11815653321050501,30.77213612523728,0.16022049574516184,15.996031340282308,0.0029136997181922197,underdamped
1206,1.0627521835328815,1.0448728799819946,1.8779844118500133,1.883114218711853,0.01787930355088685,1.6823586747618917,0.005129806861839725,0.27315492234497957,0.00281121744774282,overdamped
1207,0.7268916572600383,0.7005442380905151,1.471787736744053,1.5153247117996216,0.026347419169523212,3.6246693584072434,0.04353697505556853,2.9581014957960408,0.0024417720269411802,underdamped
1208,1.354667261041731,1.191314935684204,1.296042941852588,1.2366546392440796,0.16335232535752686,12.058483293669466,0.05938830260850847,4.5822789269326,0.0026798236649483442,overdamped
1209,1.6626680112806778,1.2778550386428833,3.261503341654601,2.635260820388794,0.38481297263779446,23.144306020622267,0.6262425212658069,19.20103877459486,0.0027526388876140118,overdamped
1210,1.8703956206239787,1.4218323230743408,2.6597667825512663,2.1837692260742188,0.44856329754963786,23.982268382343282,0.47599755647704756,17.896214044017327,0.0021810263860970736,overdamped
1211,1.8784062146262284,1.6489897966384888,0.7676668927718469,0.6941295862197876,0.2294164179877396,12.21335492831031,0.07353730655205926,9.579324996879185,0.00263215065933764,overdamped
1212,1.7165779917436583,1.559532880783081,0.9359951938494822,0.8822985291481018,0.15704511096057727,9.148731471330041,0.05369666470138035,5.736852609311083,0.0029013727325946093,overdamped
1213,0.21705084828200394,0.2455136477947235,2.7208542411277516,2.806366205215454,0.028462799512719572,13.113424682744936,0.08551196408770245,3.1428351726867616,0.008871144615113735,underdamped
1214,0.8950885780554183,0.9021044373512268,0.3904086681314003,0.3845842182636261,0.007015859295808502,0.7838173190691886,0.005824449867774195,1.4918853865749346,0.002632875693961978,underdamped
1215,1.0,0.9497518539428711,1.8201479692838645,1.8177297115325928,0.050248146057128906,5.024814605712891,0.0024182577512716907,0.13286050321629356,0.002580764004960656,critically_damped
1216,1.7677892546044216,1.389061450958252,2.77696727132345,2.2364165782928467,0.37872780364616965,21.42380957796452,0.5405506930306032,19.46550463927459,0.0023753431160002947,overdamped
1217,1.956973448325157,1.0541967153549194,0.39670387316860456,0.2098732590675354,0.9027767329702376,46.13127141519799,0.18683061410106916,47.09573733394421,0.002394682727754116,overdamped
1218,0.1779158706336535,0.023634249344468117,1.0341790497082337,0.6273434162139893,0.15428162128918538,86.71605334572237,0.40683563349424445,39.33899392073572,0.0027606403455138206,underdamped
1219,1.0,0.954819917678833,0.6942516941988854,0.6688776016235352,0.04518008232116699,4.518008232116699,0.025374092575350282,3.6548837816852706,0.002906111069023609,critically_damped
1220,1.631637535715502,1.3510860204696655,1.261597354384549,1.0553443431854248,0.28055151524583644,17.19447543371265,0.2062530111991241,16.348560852819915,0.002616395941004157,overdamped
1221,0.5168681652644176,0.4392668604850769,0.6705374426516423,0.5896467566490173,0.07760130477934069,15.013752054093269,0.08089068600262495,12.063559893500129,0.0027390241157263517,underdamped
1222,0.9562831053498337,0.8979496955871582,3.7093862944865075,3.6735503673553467,0.05833340976267554,6.10001467518718,0.035835927131160794,0.9660877645562548,0.0024249772541224957,underdamped
1223,1.7865619038432174,1.5449732542037964,0.44384906419594394,0.36276644468307495,0.24158864963942106,13.52254568507927,0.08108261951286899,18.268061386983984,0.0023500709794461727,overdamped
1224,1.1785987512288125,1.0789062976837158,0.9573791355565151,0.9115286469459534,0.0996924535450967,8.458557540567297,0.045850488610561735,4.789167311851776,0.0023985952138900757,overdamped
1225,1.0230559108136765,0.9871777892112732,0.7681032778075318,0.7509052157402039,0.035878121602403334,3.5069560933251496,0.01719806206732799,2.2390299018665836,0.0023005849216133356,overdamped
1226,1.0713071419017326,1.0031166076660156,3.2964933112977928,3.2332043647766113,0.06819053423571697,6.365171253751603,0.06328894652118144,1.9198869994450343,0.0026092969346791506,overdamped
1227,1.0670869709289976,1.059584140777588,2.460850970410826,2.4957468509674072,0.007502830151409734,0.7031132752823163,0.034895880556581105,1.4180411969748588,0.0023173163644969463,overdamped
1228,0.9776622079840667,0.9536030292510986,0.860355996125076,0.8394849300384521,0.024059178732968034,2.460888693097579,0.020871066086623813,2.4258639656867853,0.0026744918432086706,underdamped
1229,1.0,0.9640676379203796,1.9748809830140281,2.026416778564453,0.03593236207962036,3.593236207962036,0.05153579555042498,2.60956462661218,0.002400072058662772,critically_damped
1230,0.6544593246814242,0.6749667525291443,2.4110290675158197,2.4828450679779053,0.020507427847720083,3.1334915821854366,0.07181600046208558,2.9786451532117155,0.002642691135406494,underdamped
1231,1.6183151581352333,1.5026575326919556,0.5640344524583836,0.515112578868866,0.11565762544327773,7.146792444096535,0.048921873589517606,8.67356122951146,0.0023972338531166315,overdamped
1232,1.39442616936752,1.16175377368927,3.366124752670304,2.9909732341766357,0.23267239567824993,16.685888488723993,0.37515151849366823,11.14490834589732,0.0030437891837209463,overdamped
1233,1.8444236693602298,1.3655351400375366,2.3796043608136803,1.906398057937622,0.4788885293226932,25.964128376687118,0.47320630287605825,19.885923503445355,0.002508460311219096,overdamped
1234,0.6410271625272084,0.6213487386703491,1.1390331120866084,1.105793833732605,0.01967842385685925,3.0698268353057503,0.03323927835400342,2.918201235880842,0.0028733103536069393,underdamped
1235,1.9460614366649862,1.5112239122390747,3.7607948079765183,3.040863037109375,0.4348375244259115,22.344491095363534,0.7199317708671433,19.14307500478868,0.002763221738860011,overdamped
1236,0.3656161574299389,0.2598037123680115,1.0887052575801108,0.9205324053764343,0.10581244506192744,28.940855843386437,0.1681728522036765,15.447050616571653,0.00303059839643538,underdamped
1237,1.7151001339738259,1.4372758865356445,1.3635054773077155,1.1585105657577515,0.27782424743818135,16.19871877652254,0.20499491154996408,15.03440323208184,0.0029400354251265526,overdamped
1238,0.11248377082246457,0.1465960592031479,2.1226839109485534,2.153303384780884,0.03411228838068332,30.32640898438891,0.030619473832330435,1.4424886189789634,0.027222398668527603,underdamped
1239,1.0,0.9856719970703125,3.159138426995874,3.2353227138519287,0.0143280029296875,1.43280029296875,0.0761842868560545,2.4115526627461072,0.002169576473534107,critically_damped
1240,1.5558001030507993,1.4459679126739502,0.6352458627361891,0.5988504886627197,0.1098321903768491,7.059530987398508,0.03639537407346938,5.729336656629906,0.002385929925367236,overdamped
1241,1.3128242682280795,1.077582597732544,1.3974658988744881,1.2501745223999023,0.23524167049553557,17.91874786204566,0.1472913764745858,10.53989056857942,0.0026192376390099525,overdamped
1242,0.7458123402224027,0.7553828358650208,1.0012312206883358,1.0162954330444336,0.009570495642618027,1.283231065842124,0.015064212356097784,1.504568779401555,0.0024768332950770855,underdamped
1243,0.3892288201201909,0.4862886071205139,3.4742124566922747,3.7641775608062744,0.09705978700032303,24.93643378472121,0.28996510411399967,8.346211054405964,0.004207593854516745,underdamped
1244,1.0,0.9506537914276123,3.4989912447638836,3.472895383834839,0.049346208572387695,4.9346208572387695,0.0260958609290447,0.7458109810390704,0.002286001341417432,critically_damped
1245,0.6551787535452308,0.6872906684875488,3.197541586189704,3.405794143676758,0.03211191494231802,4.901244853951319,0.20825255748705374,6.512895981916356,0.0024327668361365795,underdamped
1246,1.0293294523943224,1.0004714727401733,1.6474130275169092,1.655124306678772,0.028857979654149046,2.8035707699825867,0.007711279161862761,0.46808414362764356,0.002783767180517316,overdamped
1247,1.7963555249359844,1.5050162076950073,2.4418975751046115,2.109076738357544,0.29133931724097706,16.218355063726005,0.3328208367470675,13.62959856057064,0.0030368203297257423,overdamped
1248,0.7466670211710578,0.753830075263977,3.6548328441073274,3.827967405319214,0.007163054092919285,0.9593371462536129,0.17313456121188642,4.737140345311019,0.0033523482270538807,underdamped
1249,1.525742126207053,1.3321993350982666,2.9400256989865765,2.625161647796631,0.19354279110878636,12.68515745776304,0.31486405118994565,10.709567991139632,0.002483787015080452,overdamped
1250,0.5700403918222378,0.5253614783287048,1.6108922819736615,1.6733521223068237,0.044678913493532924,7.8378504636677855,0.06245984033316221,3.877344316072864,0.0022615555208176374,underdamped
1251,1.0,0.955803632736206,1.5207798860031083,1.5210027694702148,0.044196367263793945,4.4196367263793945,0.00022288346710652718,0.014655866319504413,0.002433027606457472,critically_damped
1252,1.231057069100464,1.1499360799789429,2.080251209684428,1.9951534271240234,0.08112098912152121,6.589539279506878,0.08509778256040468,4.090745490940679,0.0029026807751506567,overdamped
1253,0.2813983161487767,0.2873746156692505,1.3269669031949527,1.2832494974136353,0.005976299520473793,2.1237865251880517,0.04371740578131744,3.2945362598010974,0.0026777482125908136,underdamped
1254,0.3885762516152281,0.4156677722930908,2.4681209019229056,2.605297803878784,0.027091520677862746,6.971995989268287,0.13717690195587862,5.557949039247004,0.0038946764543652534,underdamped
1255,1.9641789294277539,1.4537672996520996,2.386605401475883,1.8737155199050903,0.5104116297756542,25.986004743689932,0.5128898815707927,21.490351159585085,0.002776852110400796,overdamped
1256,0.06895501847465475,0.10199683904647827,1.954380706222842,1.884218692779541,0.03304182057182352,47.91793447777617,0.07016201344330097,3.5899870081556657,0.025057310238480568,underdamped
1257,1.1734190145126466,1.1181498765945435,0.7768305030881477,0.7421049475669861,0.05526913791810317,4.710093942107966,0.03472555552116163,4.470158597418167,0.0024247136898338795,overdamped
1258,0.7739305478427951,0.7959945201873779,3.71560735519114,3.971095561981201,0.022063972344582794,2.850898237068237,0.25548820679006123,6.876081952876807,0.002547644078731537,underdamped
1259,0.06648356543639711,0.1174808144569397,2.1244681823846827,2.050738573074341,0.05099724902054259,76.7065494845191,0.07372960931034189,3.4704972247492805,0.07923386245965958,underdamped
1260,1.3826945794407464,1.1640799045562744,1.433096427491456,1.2868579626083374,0.21861467488447195,15.810771093996351,0.14623846488311854,10.204370206902242,0.002285214141011238,overdamped
1261,0.5035734567327309,0.5222780704498291,2.687779696920628,2.7692034244537354,0.018704613717098195,3.714376416592103,0.08142372753310756,3.029404814181542,0.0025947659742087126,underdamped
1262,0.221639809323477,0.0949581190943718,1.6813835244165451,1.0744141340255737,0.1266816902291052,57.1565598327225,0.6069693903909714,36.09940156881192,0.0036629289388656616,underdamped
1263,1.7664748845842861,1.3867896795272827,2.4303025038406436,2.0761165618896484,0.3796852050570034,21.493948675435416,0.3541859419509952,14.57373892308755,0.0026032787282019854,overdamped
1264,0.832845416451434,0.7560510039329529,0.7463064216009869,0.7083163857460022,0.07679441251848107,9.220728240984348,0.03799003585498473,5.0904072047896864,0.0025549863930791616,underdamped
1265,0.6708665010278715,0.6158912181854248,0.7137723771122348,0.6761356592178345,0.05497528284244668,8.194668053661351,0.03763671789440037,5.272930012600124,0.0028321556746959686,underdamped
1266,0.33306779669019104,0.3861093521118164,3.9013105765173273,4.123485565185547,0.053041555421625364,15.925152761304902,0.2221749886682196,5.694880843517812,0.003954319749027491,underdamped
1267,1.0426424487332795,1.0558689832687378,0.4247932237440744,0.4282941520214081,0.0132265345354583,1.268558991773968,0.0035009282773336703,0.824148805029639,0.002525893971323967,overdamped
1268,0.2297282966270032,0.1961269974708557,1.8315410507987029,1.7114583253860474,0.033601299156147485,14.626539111419962,0.12008272541265552,6.556376411016808,0.0033446645829826593,underdamped
1269,0.8174983571005273,0.8377713561058044,2.72885886309294,2.850095748901367,0.020272999005277126,2.47988253789043,0.12123688580842717,4.442768640332502,0.002723510144278407,underdamped
1270,1.0,0.9847380518913269,1.1583312680353681,1.1327216625213623,0.015261948108673096,1.5261948108673096,0.025609605514005818,2.2109051374778104,0.002225089818239212,critically_damped
1271,0.24682348087468445,0.24122527241706848,1.3648729323757696,1.3152395486831665,0.005598208457615966,2.2681020613505773,0.04963338369260306,3.6364838451451,0.004261315800249577,underdamped
1272,0.453916263510487,0.47915077209472656,2.7643139349730745,2.871217727661133,0.02523450858423959,5.559287166553923,0.10690379268805827,3.8672811845120463,0.002801840892061591,underdamped
1273,0.5204220525110218,0.49232134222984314,0.822406518011225,0.785620391368866,0.028100710281178665,5.399600217860393,0.03678612664235903,4.4729857846113195,0.0032453048042953014,underdamped
1274,1.0284728356079151,0.9742187261581421,3.299325677803017,3.265509843826294,0.05425410944977305,5.275210736869316,0.03381583397672294,1.0249316763187961,0.002157494891434908,overdamped
1275,0.22931795571353658,0.10349690169095993,0.4437043573196835,0.33337676525115967,0.12582105402257665,54.867510758621975,0.11032759206852383,24.865113503727475,0.002590606454759836,underdamped
1276,1.0,0.9780053496360779,2.0126988817405875,2.0317163467407227,0.02199465036392212,2.199465036392212,0.019017465000135125,0.9448738294964802,0.002724376507103443,critically_damped
1277,1.2622106937585629,1.200711965560913,2.2324592256560263,2.1777849197387695,0.06149872819764979,4.872302896953061,0.05467430591725675,2.4490617919881723,0.002711852313950658,overdamped
1278,0.5126216716405231,0.5526026487350464,3.0932164632702737,3.2805187702178955,0.03998097709452331,7.799314642038786,0.18730230694762184,6.055260250024606,0.0026585902087390423,underdamped
1279,1.1042441338091136,0.9803194999694824,3.955750652575024,3.661073923110962,0.12392463383963115,11.222575700914117,0.294676729464062,7.449325181106653,0.0024667978286743164,overdamped
1280,1.2433095781880235,1.2449960708618164,0.38283170271253575,0.3832333981990814,0.0016864926737929498,0.1356454340399125,0.00040169548654567233,0.10492743513650467,0.00235252664424479,overdamped
1281,0.7982985199760146,0.7314256429672241,1.5453665450619303,1.5070873498916626,0.06687287700879052,8.376926091607906,0.03827919517026768,2.477030144892495,0.003009241772815585,underdamped
1282,0.16496028254042316,0.17725908756256104,2.017758372600141,2.0338006019592285,0.01229880502213787,7.455615880825177,0.01604222935908739,0.795052052660543,0.009420680813491344,underdamped
1283,1.3042433399951436,1.152703046798706,1.8316169646374247,1.6473522186279297,0.15154029319643758,11.619019898311448,0.18426474600949505,10.060222719435826,0.00244441838003695,overdamped
1284,1.0,0.9178394675254822,0.8689657209940778,0.8408970236778259,0.08216053247451782,8.216053247451782,0.028068697316251834,3.230127108367619,0.0024641489144414663,critically_damped
1285,1.9120347816994299,1.5159642696380615,0.4724668772624714,0.3646699786186218,0.39607051206136834,20.71460811551441,0.10779689864384956,22.81575785130959,0.0027353495825082064,overdamped
1286,1.7713338835877697,1.3652058839797974,3.4497291817271747,2.8644838333129883,0.4061279996079723,22.927806178775025,0.5852453484141864,16.964965004040458,0.002883000997826457,overdamped
1287,0.5183222868754457,0.4780922532081604,0.9006151451082789,0.8965800404548645,0.04023003366728528,7.7615866973037715,0.00403510465341439,0.4480387294541064,0.003022462595254183,underdamped
1288,1.840845053016401,1.3687281608581543,3.5694128488438834,2.785759210586548,0.4721168921582466,25.64674801850584,0.7836536382573356,21.95469315103624,0.0026487004943192005,overdamped
1289,0.44592839979942506,0.4923532009124756,3.242266843113472,3.4513332843780518,0.04642480111305053,10.410819569673523,0.20906644126457996,6.448156533094557,0.003027522237971425,underdamped
1290,0.9199734746307444,0.8873806595802307,1.315602774542552,1.2984293699264526,0.0325928150505137,3.542799433820164,0.017173404616099397,1.305363970676541,0.0026528541930019855,underdamped
1291,1.5116079233425508,1.337876796722412,2.26681344556384,2.131953716278076,0.17373112662013868,11.493134161137156,0.13485972928576384,5.949308689238839,0.002883241046220064,overdamped
1292,0.507585424392912,0.545206606388092,2.0802156105084055,2.1836888790130615,0.03762118199518005,7.411793205089795,0.10347326850465599,4.974160754392526,0.0030307036358863115,underdamped
1293,0.614814605830194,0.6776827573776245,3.557963641978521,3.9175524711608887,0.06286815154743053,10.225546197383952,0.3595888291823677,10.106590886420825,0.0026268213987350464,underdamped
1294,0.10630233383953513,0.15832363069057465,2.4774174500811803,2.5184295177459717,0.05202129685103951,48.93711640382834,0.041012067664791374,1.6554362957057354,0.04001331329345703,underdamped
1295,1.1186209163532082,1.0945932865142822,0.5205352435065485,0.522548496723175,0.024027629838925924,2.14796893993882,0.002013253216626598,0.38676597631784965,0.003077237866818905,overdamped
1296,1.7886347668205242,1.4298245906829834,1.1127479770678486,0.9350938200950623,0.35881017613754085,20.06056142894737,0.1776541569727863,15.965354297108197,0.0027771906461566687,overdamped
1297,1.0,0.9420034289360046,3.5918230098029755,3.586970806121826,0.05799657106399536,5.799657106399536,0.0048522036811493585,0.1350902777755611,0.0025352686643600464,critically_damped
1298,1.3468908590928328,1.252855896949768,1.860899788743736,1.7789064645767212,0.09403496214306473,6.981631919783003,0.08199332416701477,4.406111745671548,0.0025537984911352396,overdamped
1299,1.2192833540719878,1.1318649053573608,2.5177677339721605,2.4309310913085938,0.087418448714627,7.169658178525886,0.08683664266356672,3.4489536700261363,0.0021008956246078014,overdamped
1300,0.2010753808887007,0.2589500844478607,3.0416369234942473,3.1175150871276855,0.05787470355916002,28.782590540606684,0.07587816363343824,2.4946489519291157,0.011165952309966087,underdamped
1301,0.596329585273896,0.594478189945221,1.7767606101131033,1.8210405111312866,0.001851395328675065,0.3104651143251116,0.044279901018183354,2.492170344510543,0.0028123019728809595,underdamped
1302,1.4460071761338789,1.2658406496047974,2.2528893800480025,2.0879127979278564,0.1801665265290815,12.459587303763197,0.1649765821201461,7.322888712655343,0.0022606297861784697,overdamped
1303,0.6390768869999346,0.611763060092926,1.1438581942588277,1.1376817226409912,0.027313826907008565,4.273950046172044,0.006176471617836521,0.5399682975422155,0.002034734236076474,underdamped
1304,1.4533080420245674,1.2778247594833374,1.9336042500953665,1.760990023612976,0.17548328254123002,12.074747917638206,0.17261422648239044,8.92707111467494,0.0025828091893345118,overdamped
1305,0.22780121194043768,0.29699379205703735,3.693100009463571,3.8335368633270264,0.06919258011659968,30.37410535580961,0.14043685386345528,3.802682123516443,0.006978168152272701,underdamped
1306,1.0676022998356116,0.9625114798545837,3.5448816252638653,3.349146604537964,0.10509081998102787,9.84362997318474,0.19573502072590143,5.5216236088372,0.003316122107207775,overdamped
1307,0.7562770572580716,0.6989167332649231,0.8750617336481901,0.8593990802764893,0.0573603239931485,7.584564868477147,0.015662653371700808,1.7898912464612264,0.003058250527828932,underdamped
1308,1.578020666882573,1.2436211109161377,1.3665152781502075,1.138987421989441,0.3343995559664352,21.191075819498078,0.22752785616076654,16.65022409912322,0.0023762788623571396,overdamped
1309,1.7558149657225308,1.5015584230422974,2.768992896778621,2.396960973739624,0.25425654268023345,14.480827857370778,0.372031923038997,13.43564020954369,0.0024631984997540712,overdamped
1310,0.8101437340894726,0.777722954750061,1.610559862130819,1.61271333694458,0.032420779339411565,4.0018552233634885,0.002153474813761047,0.13370970333955393,0.0026588530745357275,underdamped
1311,0.053444800671187453,0.10706093162298203,3.3213045882145997,3.3665924072265625,0.05361613095179457,100.32057427187577,0.04528781901196277,1.3635551274840376,0.07527846843004227,underdamped
1312,0.22243301176590355,0.22961005568504333,1.469178304314867,1.4582445621490479,0.007177043919139786,3.226609153992468,0.010933742165819105,0.7442079789571845,0.008500471711158752,underdamped
1313,1.5063655188079714,1.3618395328521729,2.5135398888042717,2.371032476425171,0.14452598595579857,9.594350385168534,0.1425074123791008,5.669590246562337,0.002721515716984868,overdamped
1314,1.5527702696869297,1.4840006828308105,1.83008359538319,1.744637131690979,0.06876958685611911,4.4288320171138045,0.08544646369221098,4.668992384160455,0.0023986301384866238,overdamped
1315,0.28836459421129856,0.33769091963768005,2.9723804061374173,3.104341745376587,0.04932632542638149,17.105541531994643,0.13196133923916964,4.439584481403989,0.004467127379029989,underdamped
1316,0.05771820179467696,0.11601746082305908,2.524918830977136,2.5781712532043457,0.05829925902838212,101.00671402718362,0.05325242222720972,2.109074619503756,0.08079095929861069,underdamped
1317,0.7117634012550013,0.7308067679405212,2.7684009338630817,2.885462760925293,0.01904336668551998,2.675519231804021,0.11706182706221124,4.228499767873609,0.0022829165682196617,underdamped
1318,0.5322445445386514,0.4531569182872772,0.4152063190700152,0.3819837272167206,0.07908762625137422,14.85926479902715,0.033222591853294625,8.00146585622951,0.002524313051253557,underdamped
1319,1.2011178708263417,1.123085618019104,3.3164639115849748,3.2079384326934814,0.07803225280723769,6.49663573430585,0.10852547889149333,3.2723250360842253,0.0027430711779743433,overdamped
1320,0.07584550978727787,0.1380370855331421,2.8944836500194144,2.9625625610351562,0.06219157574586422,81.99770285715195,0.06807891101574182,2.3520226488508644,0.059170063585042953,underdamped
1321,1.3555773816869292,1.238631010055542,3.0079883487064936,2.7968249320983887,0.11694637163138721,8.627052443576105,0.2111634166081049,7.0200875844120265,0.002493825973942876,overdamped
1322,0.04693642155081076,-0.01700517348945141,0.43032773199601676,0.3098469376564026,0.06394159504026217,136.23023001666746,0.12048079433961417,27.997450636234937,0.0025520529597997665,underdamped
1323,1.0,0.9972149133682251,2.278167239623181,2.3190624713897705,0.0027850866317749023,0.27850866317749023,0.04089523176658938,1.7950934881037808,0.0024907386396080256,critically_damped
1324,0.05492609648008848,0.009383687749505043,0.3926995499354498,0.30990421772003174,0.045542408730583434,82.91579349188456,0.08279533221541807,21.08363308005512,0.0026552213821560144,underdamped
1325,1.840369236595738,1.4360049962997437,3.019928453574016,2.4503777027130127,0.4043642402959944,21.971908259234745,0.5695507508610032,18.859743189841236,0.002554296748712659,overdamped
1326,1.536282665991234,1.3069971799850464,3.478377294831743,3.111802339553833,0.2292854860061877,14.924693943496983,0.36657495527791006,10.538677210852773,0.0023212868254631758,overdamped
1327,1.478502635131557,1.3447349071502686,1.2706005325654235,1.1214925050735474,0.13376772798128855,9.047513667054499,0.14910802749187613,11.735240437119723,0.002642130246385932,overdamped
1328,0.06798075769318704,0.04204126074910164,1.823403010300869,1.183176040649414,0.0259394969440854,38.15711654929822,0.6402269696514549,35.11165474854705,0.01664671301841736,underdamped
1329,0.37486446489230046,0.2959190905094147,1.2477335526871198,1.0705429315567017,0.07894537438288579,21.059711382770573,0.17719062113041817,14.200998342059515,0.003568831831216812,underdamped
1330,0.3971571454401604,0.31446224451065063,0.43610376550977603,0.38549789786338806,0.08269490092950976,20.821707950856794,0.05060586764638797,11.604088670785291,0.002995359245687723,underdamped
1331,0.1088414274944343,0.07080059498548508,0.612251678394764,0.3945535719394684,0.03804083250894923,34.9506923830951,0.21769810645529564,35.55696360458641,0.0028308832552284002,underdamped
1332,0.960661037475426,0.9460508227348328,2.9503917000482263,3.0343751907348633,0.014610214740593208,1.5208501407518509,0.08398349068663702,2.846520029366414,0.002592871431261301,underdamped
1333,1.858296012423239,1.5936468839645386,2.7229941781331206,2.3906407356262207,0.2646491284587005,14.241494718249706,0.3323534425068999,12.20544080394475,0.0024852368514984846,overdamped
1334,0.878302177950036,0.8822616934776306,3.0263600413126697,3.1052606105804443,0.003959515527594659,0.45081472265458783,0.07890056926777467,2.607111123286967,0.00218020286411047,underdamped
1335,0.8635488490598061,0.8293854594230652,1.123430423713192,1.1129347085952759,0.034163389636740926,3.9561617937348323,0.010495715117916138,0.9342559090776109,0.002757370937615633,underdamped
1336,1.0,0.9259469509124756,1.9853592432671034,1.9616947174072266,0.07405304908752441,7.405304908752441,0.023664525859876884,1.1919518313942308,0.002172427484765649,critically_damped
1337,0.10420975524452199,0.1586158126592636,2.9429256750044357,2.9442713260650635,0.054406057414741624,52.208219170154514,0.0013456510606277838,0.045724942089329375,0.03270077705383301,underdamped
1338,0.25321690266667835,0.2096181958913803,1.7560933066758981,1.5192152261734009,0.043598706775298035,17.217929101948272,0.23687808050249726,13.488923373376032,0.004219300113618374,underdamped
1339,1.6641352402911478,1.2098760604858398,2.6201774127353894,2.0685994625091553,0.45425917980530794,27.29701101250841,0.5515779502262341,21.05116804477765,0.003051303792744875,overdamped
1340,0.16646101555913537,0.18750426173210144,2.1870667266672585,2.2662932872772217,0.021043246172966074,12.641546191630946,0.07922656060996314,3.6225031291428316,0.013727810233831406,underdamped
1341,0.7414788744799944,0.8337976336479187,3.3760496862921907,3.6825101375579834,0.09231875916792431,12.450625681367965,0.3064604512657927,9.077486404009907,0.0023170928470790386,underdamped
1342,1.4970550224701562,1.2460359334945679,1.7960533757423092,1.539232611656189,0.25101908897558833,16.767525923088936,0.2568207640861202,14.299172149044631,0.0028717564418911934,overdamped
1343,1.2225575910590918,1.101949691772461,2.817939506836497,2.5882856845855713,0.12060789928663085,9.86521209051176,0.2296538222509259,8.149707319613192,0.0022470185067504644,overdamped
1344,1.749017224973075,1.354729413986206,3.0265634455779558,2.423917293548584,0.39428781098686905,22.543392103696338,0.6026461520293718,19.911895549716117,0.002568610943853855,overdamped
1345,1.045679588845028,1.0024974346160889,3.172389474820233,3.2027862071990967,0.04318215422893923,4.1295779978487195,0.030396732378863867,0.9581652133235101,0.0025124475359916687,overdamped
1346,1.8849506897108235,1.347739815711975,3.825210164140457,2.8866403102874756,0.5372108739988484,28.499996150098955,0.9385698538529814,24.536425806132996,0.0027022971771657467,overdamped
1347,0.3065555994411811,0.1373051255941391,0.9554407262570657,0.6874152421951294,0.169250473847042,55.210367762183424,0.26802548406193627,28.05254964501302,0.0029781844932585955,underdamped
1348,1.759840926906493,1.2080178260803223,3.808014139074511,2.770270347595215,0.5518231008261707,31.356419343888298,1.0377437914792962,27.25157401152682,0.0034765563905239105,overdamped
1349,1.7331192402639917,1.4121246337890625,3.521443209961619,2.9606950283050537,0.32099460647492917,18.52120725553971,0.5607481816565651,15.923817259647837,0.0028080414049327374,overdamped
1350,0.2897792812896447,0.3058677315711975,2.575870211921699,2.643902063369751,0.016088450281552813,5.55196707299161,0.06803185144805202,2.641121091163115,0.004402685444802046,underdamped
1351,1.862360486740041,1.4762518405914307,1.572036572011647,1.261337161064148,0.3861086461486103,20.73221854188241,0.310699410947499,19.76413376629746,0.0026812218129634857,overdamped
1352,1.110601922030131,1.122077465057373,0.4976163391240381,0.5045739412307739,0.011475543027241963,1.033272390368745,0.0069576021067358496,1.3981860239925858,0.0024331766180694103,overdamped
1353,0.14982984383798864,0.24186474084854126,3.9039090435007604,4.021701812744141,0.09203489701055262,61.4262784055693,0.11779276924338022,3.0173031167178954,0.017535140737891197,underdamped
1354,0.13048954879544425,0.15608158707618713,2.1002598372812717,2.117975950241089,0.025592038280742885,19.612327973377415,0.01771611295981712,0.8435200562017192,0.018673952668905258,underdamped
1355,1.8781616689837168,1.5375014543533325,1.9967005929818875,1.738477110862732,0.3406602146303843,18.13796012644201,0.2582234821191556,12.932508911289634,0.0025948563124984503,overdamped
1356,1.0,0.9724358916282654,3.5388607511103234,3.551358461380005,0.02756410837173462,2.756410837173462,0.012497710269681495,0.3531563163585998,0.002597745042294264,critically_damped
1357,0.09822906441034114,0.15741610527038574,2.779088652854869,2.8170652389526367,0.0591870408600446,60.25410220013624,0.03797658609776766,1.366512221866529,0.04058808088302612,underdamped
1358,0.6931276455428951,0.6949831247329712,3.1570124348263295,3.249415397644043,0.0018554791900761147,0.26769660711235993,0.09240296281771343,2.9269115888926365,0.0023208819329738617,underdamped
1359,0.8146527480843535,0.8048646450042725,2.956281187944895,3.040250778198242,0.009788103080081045,1.201506175864214,0.08396959025334727,2.8403790071038557,0.002417905954644084,underdamped
1360,0.5434168721032944,0.39047881960868835,0.46449648224832785,0.3890495002269745,0.152938052494606,28.143780649036433,0.07544698202135336,16.242745619119265,0.0022903038188815117,underdamped
1361,0.8612239179502905,0.8234485983848572,1.4237518403144023,1.413222074508667,0.03777531956543334,4.386236700826708,0.01052976580573528,0.739578731881395,0.0020089629106223583,underdamped
1362,1.5529467431598216,1.3767534494400024,3.099779658397593,2.851078748703003,0.17619329371981918,11.345739607355371,0.24870090969459024,8.023180261243287,0.002194839296862483,overdamped
1363,0.9347543017895705,0.9350906610488892,3.0394156275674242,3.116769552230835,0.0003363592593186304,0.035983708090422964,0.07735392466341073,2.545026220231697,0.002260118257254362,underdamped
1364,0.9042151693474474,0.9006527066230774,3.326439374917576,3.4564144611358643,0.003562462724369997,0.39398395925396273,0.12997508621828846,3.907333685331603,0.0025937282480299473,underdamped
1365,1.31025488015197,1.2235348224639893,3.068024764893099,2.929339647293091,0.08672005768798074,6.618563990994067,0.13868511760000812,4.520338922519761,0.0026600121054798365,overdamped
1366,0.1604628543385177,0.23353233933448792,3.2876316340927048,3.437335729598999,0.07306948499597021,45.53669775923369,0.14970409550629427,4.553554417528546,0.01601226069033146,underdamped
1367,1.0200922955527583,0.971122682094574,0.622120375152261,0.6005530953407288,0.04896961345818429,4.800508117909967,0.02156727981153228,3.466737414966322,0.002789646852761507,overdamped
1368,1.0,0.9669559597969055,0.48741102599303,0.48184412717819214,0.03304404020309448,3.3044040203094482,0.005566898814837851,1.1421364142298778,0.0024353566113859415,critically_damped
1369,0.4825887375628774,0.4130930006504059,1.106350225272155,1.0016255378723145,0.06949573691247152,14.400613090026118,0.10472468739984064,9.465780817650128,0.002605691086500883,underdamped
1370,1.0967086881199635,1.0436097383499146,2.6819955357104392,2.691444158554077,0.05309894977004892,4.841664002960893,0.0094486228436379,0.35229823159027124,0.002305869711562991,overdamped
1371,1.5055563049290939,1.3137882947921753,3.5164105353274313,3.2017595767974854,0.19176801013691858,12.737352267004729,0.31465095852994596,8.948072341634228,0.002605023328214884,overdamped
1372,1.0,0.9856033325195312,1.8064074851251504,1.8437283039093018,0.01439666748046875,1.439666748046875,0.03732081878415139,2.0660243655691977,0.0027187191881239414,critically_damped
1373,0.8297033815199439,0.8055734634399414,2.3269032265662153,2.3574554920196533,0.024129918080002533,2.908258374914495,0.030552265453438032,1.313001121173555,0.002660793950781226,underdamped
1374,1.1842824989549248,1.13249933719635,2.5491250426179843,2.5256669521331787,0.05178316175857467,4.372534577203576,0.023458090484805627,0.9202408705974605,0.002404162660241127,overdamped
1375,0.04085237335673962,0.1355745941400528,0.7051622604968895,0.6092184782028198,0.09472222078331317,231.86467027548198,0.09594378229406963,13.605915640814823,0.0053576333448290825,underdamped
1376,0.08323963378797984,0.15078307688236237,3.48567175084561,3.491098165512085,0.06754344309438252,81.14336887452295,0.005426414666474866,0.15567773027274986,0.04567037895321846,underdamped
1377,1.0381152352826206,0.9654554724693298,1.1840361523488077,1.1557914018630981,0.07265976281329078,6.99920012189298,0.028244750485709513,2.3854635206602066,0.0022613187320530415,overdamped
1378,1.5106178318699417,1.2709535360336304,1.660592206074203,1.5542751550674438,0.23966429583631133,15.865316215659863,0.10631705100675926,6.402357581702904,0.0022678463719785213,overdamped
1379,1.566706547142764,1.3303719758987427,2.8602196609289665,2.5341227054595947,0.23633457124402124,15.084801405536322,0.3260969554693718,11.401115792745067,0.0026024316903203726,overdamped
1380,1.6473824571473363,1.4524033069610596,2.0748057876468393,1.9512617588043213,0.19497915018627676,11.835694215410628,0.12354402884251803,5.95448641882943,0.0025120258796960115,overdamped
1381,0.4667678153089671,0.43006303906440735,1.3174526612588564,1.2754311561584473,0.036704776244559756,7.8636047818043755,0.04202150510040914,3.1896026579244694,0.002588265109807253,underdamped
1382,1.4827280996766903,1.2596325874328613,2.6117574874180844,2.356827974319458,0.22309551224382895,15.046286118977244,0.25492951309862644,9.76084166798515,0.0024316594935953617,overdamped
1383,0.5296257957173846,0.4821789562702179,0.8860756410825221,0.8651912212371826,0.047446839447166655,8.958559011065415,0.020884419845339508,2.3569567740091504,0.0025449655950069427,underdamped
1384,1.8526850856565495,1.4968256950378418,3.510779533802124,2.9628660678863525,0.35585939061870775,19.207764631656183,0.5479134659157716,15.606604192613291,0.0023285835050046444,overdamped
1385,0.9283577633332321,0.9030711054801941,1.73824617566874,1.779382586479187,0.025286657853037964,2.7238052884102797,0.041136410810447055,2.3665468899778253,0.002325525041669607,underdamped
1386,1.6024561954069205,1.4610271453857422,1.9650078716684398,1.863350510597229,0.14142905002117834,8.825766996099665,0.10165736107121082,5.173381874796056,0.0024424539878964424,overdamped
1387,1.4950250214276564,1.4149821996688843,1.4156272083907264,1.3517930507659912,0.08004282175877209,5.3539452926571185,0.06383415762473521,4.509249133272973,0.0029021422378718853,overdamped
1388,1.3011217271300022,1.3202688694000244,1.7809219214225136,1.7912451028823853,0.019147142270022233,1.4715873135295925,0.010323181459871655,0.5796537925495353,0.002444289391860366,overdamped
1389,1.5827814973745236,1.3777196407318115,1.129893470106593,1.007706642150879,0.20506185664271204,12.95579061183513,0.12218682795571412,10.81401310728764,0.0024426800664514303,overdamped
1390,1.9214490044183663,1.4488025903701782,3.1878103948465193,2.469686508178711,0.4726464140481881,24.59843654249158,0.7181238866678084,22.527183167127582,0.002956625772640109,overdamped
1391,0.5215515193118224,0.5863954424858093,3.7175728483316246,4.110844612121582,0.0648439231739869,12.432889325976323,0.39327176378995743,10.578723802721182,0.002385791391134262,underdamped
1392,0.9505386301287579,0.9209820032119751,3.588241530477476,3.5993807315826416,0.029556626916782847,3.10946088669528,0.01113920110516542,0.31043621257243403,0.0022789149079471827,underdamped
1393,1.0,1.0240229368209839,0.538946560978345,0.5416557788848877,0.024022936820983887,2.4022936820983887,0.0027092179065426603,0.5026876693720135,0.0027261744253337383,critically_damped
1394,1.0,0.9083777070045471,0.8517685504988297,0.8238643407821655,0.09162229299545288,9.162229299545288,0.027904209716664186,3.2760319338301898,0.0023712993133813143,critically_damped
1395,1.5807878063965246,1.3358370065689087,1.0081538979972418,0.8697073459625244,0.24495079982761592,15.495488947753971,0.13844655203471734,13.732680328841631,0.0028262895066291094,overdamped
1396,1.3963788638708095,1.236498236656189,2.4583936493702523,2.2650277614593506,0.15988062721462049,11.449659641182622,0.1933658879109017,7.865538050036647,0.002563525689765811,overdamped
1397,0.5160784356150668,0.44742536544799805,1.1135866606746294,1.0239458084106445,0.06865307016706879,13.302836435172388,0.08964085226398488,8.04974192216697,0.0033872120548039675,underdamped
1398,0.4130791500885332,0.43839025497436523,2.50965836351923,2.6557552814483643,0.025311104885832048,6.127422524329114,0.14609691792913404,5.821386689631574,0.0036277645267546177,underdamped
1399,1.9608907884553932,1.598331332206726,2.70287178999024,2.259795665740967,0.36255945624866714,18.489528248243627,0.4430761242492731,16.39279102657226,0.0029385883826762438,overdamped
1400,0.3145536308688155,0.19587378203868866,0.5139979086933935,0.388622909784317,0.11867984883012683,37.72960703150244,0.12537499890907644,24.392122378043428,0.002485992619767785,underdamped
1401,1.1085501978443262,1.0502227544784546,1.7631296533748866,1.760193109512329,0.05832744336587159,5.261596947011913,0.0029365438625574836,0.16655291668065997,0.002687521744519472,overdamped
1402,1.403054207786762,1.1760241985321045,1.6863449205120653,1.4488669633865356,0.22703000925465755,16.18112885408643,0.23747795712552966,14.082407118314713,0.0025275121442973614,overdamped
1403,0.24970611243134674,0.2740415334701538,2.698640893859268,2.7998976707458496,0.024335421038807065,9.745624887535644,0.10125677688658152,3.7521397202936626,0.005143932998180389,underdamped
1404,0.582285047215959,0.6182995438575745,2.917565384469676,3.135606527328491,0.03601449664161549,6.185028589315357,0.21804114285881537,7.473393536249697,0.0032225658651441336,underdamped
1405,1.3449842697187764,1.3442717790603638,2.3404776518806223,2.4208261966705322,0.0007124906584126123,0.052973902703084205,0.08034854478990994,3.432997735541214,0.0028638618532568216,overdamped
1406,0.09375758309788303,0.18679837882518768,3.7194299331577354,3.8298211097717285,0.09304079572730466,99.23548864327054,0.11039117661399311,2.9679595690158034,0.04146130010485649,underdamped
1407,1.6226878645376415,1.2309231758117676,3.9030694239137276,3.1022446155548096,0.3917646887258739,24.142948085551925,0.800824808358918,20.51782126785504,0.002613530959933996,overdamped
1408,1.4998641563450474,1.3123798370361328,2.92812862756834,2.677018165588379,0.18748431930891463,12.500086658900287,0.2511104619799611,8.57580024373777,0.0026124354917556047,overdamped
1409,1.1592914080764298,1.1049586534500122,3.0650182552715113,3.1063013076782227,0.05433275462641762,4.686721064945179,0.041283052406711374,1.3469104901972064,0.0026596563402563334,overdamped
1410,1.6008345368352481,1.3066388368606567,3.1729527574474776,2.667098045349121,0.2941956999745914,18.377645734467865,0.5058547120983565,15.942711750467343,0.002929327078163624,overdamped
1411,0.18632783326110344,0.2192072719335556,2.761425262654487,2.8557722568511963,0.03287943867245216,17.64601567945987,0.09434699419670922,3.416605021785594,0.011065703816711903,underdamped
1412,0.03611605964726511,0.13711263239383698,3.829404392249084,3.845970630645752,0.10099657274657187,279.64449536570595,0.01656623839666782,0.4326061366148417,0.14486479759216309,underdamped
1413,0.4400404021772987,0.331441193819046,0.6325648050203279,0.5206322073936462,0.10859920835825265,24.679372126038658,0.11193259762668162,17.695040371884836,0.0030568360816687346,underdamped
1414,1.4955830118748112,1.209397554397583,1.854574214779495,1.5589823722839355,0.28618545747722823,19.1353776557328,0.2955918424955595,15.938528646625485,0.0029253014363348484,overdamped
1415,1.7158223293829342,1.4153132438659668,3.023537356132492,2.643527030944824,0.3005090855169674,17.513997828961713,0.38001032518766786,12.568401856087924,0.002234961837530136,overdamped
1416,1.139791227539598,1.1350499391555786,0.4926103974983865,0.4928700923919678,0.0047412883840194375,0.4159786695546152,0.00025969489358129705,0.05271811047840249,0.0026645632460713387,overdamped
1417,0.03911152684122392,0.10465418547391891,2.559455337259771,2.5798914432525635,0.065542658632695,167.57888000325372,0.02043610599279244,0.7984552687944907,0.11705802381038666,underdamped
1418,1.7548145667530832,1.3467692136764526,3.6751972696027413,2.950878143310547,0.4080453530766306,23.252904369926277,0.7243191262921944,19.70830606245219,0.0027534328401088715,overdamped
1419,0.680685795834365,0.7193418741226196,3.7766076071174024,4.081737518310547,0.03865607828825468,5.678990001674881,0.3051299111931445,8.079470862106405,0.0025537984911352396,underdamped
1420,1.1770748423580526,1.08022141456604,1.4528298093895196,1.3946572542190552,0.09685342779201256,8.228315167962009,0.05817255517046438,4.004086011623656,0.002345093060284853,overdamped
1421,1.0,0.9513411521911621,3.874930931325416,3.900019407272339,0.04865884780883789,4.865884780883789,0.025088475946922983,0.6474560809356542,0.002493478823453188,critically_damped
1422,0.9277290658309314,0.9605416059494019,2.719529261314063,2.8097732067108154,0.03281254011847046,3.536866670128689,0.09024394539675251,3.318366405557523,0.0026003983803093433,underdamped
1423,0.08434856812313225,0.1724933683872223,3.659720333298801,3.7816402912139893,0.08814480026409004,104.50064799608221,0.12191995791518817,3.331400949025301,0.05263209715485573,underdamped
1424,0.1732240787564418,0.189839169383049,2.429785077492567,2.4920411109924316,0.01661509062660721,9.59167498299617,0.06225603349986475,2.5622033025287276,0.008867724798619747,underdamped
1425,1.555296095893858,1.3699477910995483,2.2229818176115543,2.04440975189209,0.18534830479430964,11.917235906632072,0.1785720657194645,8.032997134962097,0.0025524937082082033,overdamped
1426,1.0,0.9950070381164551,2.1626077417912226,2.1958611011505127,0.004992961883544922,0.4992961883544922,0.03325335935929008,1.5376509903616329,0.0024199062027037144,critically_damped
1427,1.6633134864481274,1.4867817163467407,2.892165765328346,2.719611644744873,0.17653177010138665,10.613259108381072,0.17255412058347286,5.966259702402739,0.0029994850046932697,overdamped
1428,1.9550194846014652,1.5507166385650635,2.8522240926934663,2.342233180999756,0.40430284603640176,20.680246372010956,0.5099909116937105,17.880464336590965,0.0024948210921138525,overdamped
1429,0.4591841079552909,0.5113013386726379,3.4770687994896656,3.733386754989624,0.05211723071734703,11.349963950063685,0.2563179554999584,7.37166763963884,0.002786983735859394,underdamped
1430,1.3412296442085876,1.2422964572906494,2.484840934868339,2.3419551849365234,0.09893318691793818,7.376304821857346,0.14288574993181546,5.7502976519254085,0.002137379953637719,overdamped
1431,1.7026577146094208,1.2248913049697876,1.0198556948957453,0.7830782532691956,0.47776640963963324,28.060038464585347,0.2367774416265498,23.216759274041642,0.0027113312389701605,overdamped
1432,1.0527348664052487,0.9952157139778137,2.2596054610542815,2.278470039367676,0.057519152427434994,5.463783357327607,0.018864578313394276,0.8348616003340904,0.0020717978477478027,overdamped
1433,1.6347290208237464,1.3337197303771973,3.558767911303872,2.9984896183013916,0.3010092904465491,18.413405929189985,0.5602782930024803,15.743603038086402,0.0034086343366652727,overdamped
1434,0.17076200821693938,0.2335721105337143,3.4537132101387544,3.6061716079711914,0.06281010231677492,36.7822462224617,0.15245839783243698,4.414332880474227,0.012762820348143578,underdamped
1435,1.9685657360252764,1.4304014444351196,1.530212653714532,1.1722774505615234,0.5381642915901568,27.337887769842133,0.35793520315300853,23.391206593680604,0.002214666921645403,overdamped
1436,0.7480304579347757,0.7223220467567444,1.7338038586738933,1.7718311548233032,0.025708411178031354,3.436813421877133,0.03802729614940992,2.1932870871850083,0.0023726332001388073,underdamped
1437,1.6576211552257782,1.3900220394134521,2.3764582972989343,2.0697133541107178,0.2675991158123261,16.143563019131317,0.30674494318821655,12.907651000518742,0.002560374792665243,overdamped
1438,1.0,0.9520043730735779,3.575806151106621,3.5770037174224854,0.04799562692642212,4.799562692642212,0.001197566315864318,0.0334908064156023,0.0024396886583417654,critically_damped
1439,0.9622184621226086,1.0126333236694336,0.419418917636668,0.4245290458202362,0.05041486154682495,5.239440265530983,0.005110128183568208,1.2183828551088347,0.0022920118644833565,underdamped
1440,1.6134102474659278,1.2540227174758911,3.8003592395059043,3.0454201698303223,0.35938752999003665,22.275024629011863,0.754939069675582,19.864939656960793,0.0031587439589202404,overdamped
1441,0.34777571352364883,0.38097551465034485,2.9260031673864777,3.0901126861572266,0.033199801126696016,9.546325357316368,0.16410951877074886,5.608658274875772,0.0035580305848270655,underdamped
1442,1.9171604061880239,1.6500632762908936,1.0504255924762358,0.918686032295227,0.2670971298971303,13.93191352351218,0.13173956018100874,12.541541364243669,0.003091683378443122,overdamped
1443,0.6324700908014538,0.6413184404373169,1.9410979996971682,2.0053834915161133,0.008848349635863118,1.3990147146168859,0.06428549181894505,3.311810729235426,0.0026390440762043,underdamped
1444,1.1840476480709925,1.0976425409317017,1.7458892057777635,1.6656211614608765,0.08640510713929084,7.2974349706330575,0.08026804431688705,4.59754513924777,0.0028377652633935213,overdamped
1445,1.402601365638829,1.2895089387893677,3.4904799351539837,3.2536399364471436,0.1130924268494613,8.063048391369005,0.23683999870684014,6.785313283755973,0.0026884633116424084,overdamped
1446,1.3714278610030202,1.221430778503418,2.053335769849712,1.9224107265472412,0.1499970824996022,10.937292931317506,0.1309250433024709,6.376212075244449,0.0028508284594863653,overdamped
1447,0.34834027991057975,0.40578070282936096,2.8807990591638113,3.042776107788086,0.05744042291878121,16.489744721318587,0.16197704862427464,5.622643068735608,0.0030911406502127647,underdamped
1448,1.714948517191599,1.368914008140564,2.804143221419008,2.322977066040039,0.34603450905103506,20.17754501561956,0.4811661553789688,17.159114830642626,0.002962557366117835,overdamped
1449,1.942342577897633,1.4932634830474854,1.6692969123170902,1.35602867603302,0.44907909485014774,23.120488628541793,0.3132682362840702,18.766477908908005,0.0024631612468510866,overdamped
1450,1.244165047987571,1.0929795503616333,3.0546044264843117,2.811835527420044,0.1511854976259377,12.15156283890785,0.2427688990642678,7.947637899015356,0.0028080279007554054,overdamped
1451,1.0508344715099802,1.1467074155807495,0.3039291989805793,0.29265427589416504,0.0958729440707693,9.123505810863453,0.011274923086414257,3.70972026519068,0.0026980952825397253,overdamped
1452,0.859938102058613,0.8708073496818542,3.7608591206772943,3.9440321922302246,0.010869247623241263,1.2639569751847581,0.18317307155293028,4.87051138251471,0.002790427766740322,underdamped
1453,0.6821620577938069,0.8058455586433411,0.3218337904730594,0.3386683762073517,0.12368350084953417,18.13110234385379,0.016834585734292307,5.230832259579507,0.002592328703030944,underdamped
1454,1.1799149919048213,1.0629431009292603,2.9183019272355986,2.70316219329834,0.11697189097556104,9.913586298850644,0.21513973393725871,7.3720862097724345,0.0025658332742750645,overdamped
1455,1.6749410698503655,1.5694770812988281,0.6390729582057799,0.590440571308136,0.10546398855153738,6.296579052835527,0.04863238689764393,7.609833317651413,0.0026072170585393906,overdamped
1456,0.90237717970296,0.86446213722229,0.6598753467099228,0.646233081817627,0.037915042480670014,4.2016845431697085,0.013642264892295808,2.067400299210279,0.0023683246690779924,underdamped
1457,1.6029397909471654,1.3841036558151245,2.970734368689504,2.6857528686523438,0.21883613513204092,13.652174359133742,0.2849815000371603,9.592964724169388,0.0029550751205533743,overdamped
1458,0.5332422638079124,0.5651217699050903,2.800525144069227,2.97011137008667,0.031879506097177934,5.978428241888523,0.16958622601744278,6.055515208516575,0.002563079819083214,underdamped
1459,1.0,0.9964569211006165,3.539382544489003,3.642977714538574,0.003543078899383545,0.3543078899383545,0.1035951700495712,2.9269277549801473,0.0025658386293798685,critically_damped
1460,1.8775575224632617,1.3087129592895508,3.547177498599607,2.5294086933135986,0.5688445631737109,30.29705116184218,1.0177688052860083,28.692356266011892,0.00300490646623075,overdamped
1461,1.1838606665519125,1.10551118850708,2.2400231348254107,2.1521778106689453,0.07834947804483239,6.618133388368365,0.0878453241564654,3.9216257542497273,0.0026446084957569838,overdamped
1462,0.6147683554291224,0.6966933012008667,3.9577970901477246,4.381341934204102,0.08192494577174425,13.326148792183481,0.42354484405637693,10.70153002817454,0.0023882114328444004,underdamped
1463,0.25498276149409316,0.25246527791023254,1.4096243453540585,1.3853785991668701,0.0025174835838606135,0.9873152087259564,0.024245746187188333,1.7200147164809696,0.0032302974723279476,underdamped
1464,1.2275501589023732,1.1148555278778076,3.6236274127930077,3.48225736618042,0.11269463102456556,9.180450200530514,0.14137004661258779,3.9013405769447758,0.0024596350267529488,overdamped
1465,1.5341554905685668,1.4035313129425049,1.7746261230755522,1.6479592323303223,0.13062417762606193,8.51440277267149,0.12666689074522997,7.1376663004209195,0.0024627072270959616,overdamped
1466,0.12487330444539033,0.15269923210144043,2.2196409942031274,2.2333590984344482,0.027825927656050103,22.283327713345614,0.013718104231320805,0.6180325677507023,0.028783587738871574,underdamped
1467,0.66875955693619,0.7059291005134583,3.332347189964117,3.544177770614624,0.037169543577268205,5.557983163269359,0.2118305806505072,6.356798033784355,0.002334905555471778,underdamped
1468,1.8973047282898978,1.4839738607406616,0.9113235809290425,0.7395372986793518,0.4133308675492362,21.785159831535587,0.17178628224969072,18.850196115255173,0.002510677557438612,overdamped
1469,0.4967665638928596,0.481726735830307,1.498619670084799,1.4803568124771118,0.015039828062552607,3.027544354977226,0.01826285760768709,1.2186452621867487,0.002645317232236266,underdamped
1470,1.510812832485713,1.1892703771591187,0.858415418365857,0.7210027575492859,0.3215424553265944,21.28274584467001,0.1374126608165711,16.007711170677712,0.0022299913689494133,overdamped
1471,0.5337146877790521,0.572833776473999,2.4440610848806337,2.6074018478393555,0.03911908869494696,7.329588184603518,0.1633407629587218,6.683170235358469,0.0026954542845487595,underdamped
1472,0.5260155226050341,0.5075066685676575,1.789740767185433,1.835120439529419,0.018508854037376676,3.5186897043862144,0.04537967234398588,2.5355444305685944,0.0030592898838222027,underdamped
1473,1.3000029600129948,1.161449670791626,2.0936437113218918,1.9730870723724365,0.13855328922136878,10.657921057347732,0.12055663894945523,5.758221339071,0.002515604719519615,overdamped
1474,0.5354265146882223,0.45407330989837646,1.1364534490615819,1.058207392692566,0.08135320478984587,15.194093411159823,0.07824605636901594,6.885108794700483,0.0020859171636402607,underdamped
1475,1.0,0.9202819466590881,1.4110891420423792,1.3481009006500244,0.07971805334091187,7.9718053340911865,0.06298824139235482,4.463803137283519,0.002446099417284131,critically_damped
1476,0.22027192321460468,0.13957560062408447,1.702044759184756,1.2877768278121948,0.0806963225905202,36.63486540311362,0.41426793137256124,24.339426395048914,0.00513068912550807,underdamped
1477,0.18481807171006606,0.23188327252864838,3.3656955048396564,3.4401848316192627,0.047065200818582315,25.46569195485169,0.07448932677960629,2.213192686994274,0.009032130241394043,underdamped
1478,1.7939163443278825,1.342181921005249,3.6584076379055905,2.838980197906494,0.45173442332263347,25.181465387221415,0.8194274399990964,22.398472808465165,0.0024181874468922615,overdamped
1479,1.4303023762170044,1.2288192510604858,3.3412582408170795,2.945127010345459,0.20148312515651856,14.086750361795506,0.39613123047162047,11.855750197109865,0.0030985421035438776,overdamped
1480,0.8296657346392693,0.8424828052520752,1.119334949233203,1.0995419025421143,0.012817070612805903,1.544847530479084,0.019793046691088723,1.7682863118540066,0.002519675763323903,underdamped
1481,0.11370161007484128,0.018972009420394897,0.5196141138718546,0.3326319456100464,0.09472960065444638,83.3142121664706,0.18698216826180825,35.98481320465462,0.002564589260146022,underdamped
1482,0.27172128937069484,0.21089233458042145,1.2017042782714442,1.0007847547531128,0.06082895479027339,22.386525152722832,0.20091952351833142,16.71954799123609,0.0026019886136054993,underdamped
1483,1.843081404372096,1.584272861480713,0.9390211181213046,0.8250023722648621,0.2588085428913831,14.042165597105269,0.11401874585644256,12.142298363274232,0.002243209630250931,overdamped
1484,1.6283730175113065,1.6502553224563599,0.34643768544233405,0.3388180732727051,0.021882304945053388,1.3438140223237547,0.007619612169628975,2.1994178144621306,0.0021926211193203926,overdamped
1485,1.5086849268668203,1.2956254482269287,2.539122022371764,2.291597604751587,0.2130594786398916,14.122198402443475,0.24752441762017696,9.748425457275477,0.0023833445739001036,overdamped
1486,0.5310800277361118,0.567137598991394,3.5244900359485385,3.740530014038086,0.036057571255282195,6.78947980947211,0.21603997808954745,6.129680489546485,0.002245223382487893,underdamped
1487,0.6050704122015772,0.5564402341842651,1.0562526475153795,1.027079701423645,0.048630178017312065,8.037110563772053,0.029172946091734486,2.7619288018219823,0.0026774986181408167,underdamped
1488,0.8440148303262235,0.8399579524993896,3.728765943709762,3.841282367706299,0.004056877826833838,0.4806642823166742,0.11251642399653683,3.0175244489761095,0.002511340659111738,underdamped
1489,0.09803322250340842,-0.012042529881000519,0.8089948067455126,0.5972583293914795,0.11007575238440893,112.28413141328882,0.21173647735403311,26.17278573218821,0.002362805185839534,underdamped
1490,0.6890530783250719,0.7412630319595337,3.6300262252217665,3.9330809116363525,0.05220995363446179,7.577058324936603,0.303054686414586,8.34855363602977,0.0025330816861242056,underdamped
1491,0.7324748694083297,0.7845548391342163,3.246252644427467,3.4852724075317383,0.05207996972588658,7.110137412353157,0.2390197631042712,7.36294396292826,0.0025123129598796368,underdamped
1492,0.8670724074770683,0.8139259219169617,0.8492729674850019,0.8369446396827698,0.05314648556010659,6.129417232264097,0.012328327802232142,1.4516331349555005,0.002858756808564067,underdamped
1493,1.5812889297087915,1.394500732421875,1.310942143986885,1.189573049545288,0.18678819728691654,11.812401502191964,0.12136909444159683,9.258157959014477,0.002526255790144205,overdamped
1494,1.6017967574878775,1.2858543395996094,3.761595156721501,3.21974778175354,0.31594241788826816,19.724251307872887,0.5418473749679609,14.404723325947167,0.002731988439336419,overdamped
1495,0.36124711053847886,0.37333983182907104,2.2117475324832547,2.3045620918273926,0.01209272129059219,3.34749287615523,0.09281455934413785,4.196435532582223,0.002901696600019932,underdamped
1496,0.2013636327223325,0.2505369782447815,3.2626257783470862,3.365917682647705,0.04917334552244901,24.42017203287939,0.10329190430061885,3.165913326196689,0.00984951015561819,underdamped
1497,1.682989561601345,1.41910719871521,0.9229580085354749,0.8025804758071899,0.2638823628861351,15.679382029859656,0.120377532728285,13.042579577298088,0.0023604845628142357,overdamped
1498,0.6110786437625115,0.5841227173805237,0.8898239335219016,0.8901544213294983,0.02695592638198785,4.411204131765395,0.00033048780759670215,0.03714080900124134,0.0022697949316352606,underdamped
1499,1.7806004089402467,1.4619452953338623,3.1984816184398985,2.7639846801757812,0.31865511360638443,17.895936225019582,0.4344969382641173,13.584475075897071,0.0027224766090512276,overdamped
1500,1.4341243634314724,1.3455662727355957,0.6768409021525458,0.658726155757904,0.08855809069587672,6.175063540792315,0.018114746394641723,2.6763669773844487,0.002681467682123184,overdamped
1501,0.7436967275206481,0.6850104928016663,1.5397331633964548,1.5127815008163452,0.05868623471898182,7.8911513991235696,0.026951662580109614,1.7504112544187649,0.0024605286307632923,underdamped
1502,1.7327076679756686,1.3115190267562866,3.9989295165149406,3.146972179412842,0.42118864121938193,24.308118963394378,0.8519573371020988,21.30463499253115,0.0029077737126499414,overdamped
1503,1.0,0.9517973065376282,1.740352250811282,1.7007943391799927,0.048202693462371826,4.820269346237183,0.03955791163128941,2.2729830477048028,0.00276324269361794,critically_damped
1504,1.531935204511178,1.1913321018218994,2.686639709625692,2.1229677200317383,0.3406031026892786,22.233518864654652,0.5636719895939537,20.980557518539978,0.002523904200643301,overdamped
1505,0.3336806923809079,0.3622276782989502,3.136434953426691,3.271937131881714,0.028546985918042278,8.555180617239584,0.135502178455023,4.320261075619661,0.0032082342077046633,underdamped
1506,0.5787250004732847,0.557994544506073,1.5181339445886808,1.534262776374817,0.02073045596721168,3.5820909672570207,0.01612883178613611,1.0624116431640696,0.0023743214551359415,underdamped
1507,1.0,1.0150666236877441,1.7075514108848437,1.7144443988800049,0.01506662368774414,1.506662368774414,0.006892987995161137,0.4036767473717953,0.0025812878739088774,critically_damped
1508,1.4127971546362719,1.209329605102539,3.265662265856094,2.9314491748809814,0.2034675495337328,14.401752499715078,0.3342130909751124,10.234159682385233,0.0026149642653763294,overdamped
1509,1.7266388725980821,1.2713191509246826,2.2294733225897834,1.7642370462417603,0.4553197216733995,26.370292531887557,0.4652362763480231,20.867541747824056,0.0029187537729740143,overdamped
1510,1.2997799980502716,1.1130473613739014,1.2364693869639338,1.1156483888626099,0.1867326366763702,14.366480247155483,0.12082099810132396,9.771450824026601,0.0022862600162625313,overdamped
1511,1.4072662168620669,1.3251923322677612,1.4950108288103299,1.4741171598434448,0.08207388459430565,5.832150563332262,0.02089366896688505,1.3975597075448207,0.0022957553155720234,overdamped
1512,1.2781925400169367,1.2004261016845703,1.9239282307629801,1.8496074676513672,0.0777664383323664,6.084094210981387,0.07432076311161295,3.862969622423975,0.002509809099137783,overdamped
1513,0.3973498366913493,0.2479059100151062,0.4798346752936187,0.37889739871025085,0.14944392667624312,37.6101643631295,0.10093727658336782,21.03584458993145,0.0025403082836419344,underdamped
1514,0.6544654424308506,0.7289464473724365,3.328349128686773,3.692997694015503,0.07448100494158594,11.380433574146345,0.3646485653287299,10.955838802662056,0.0035086064599454403,underdamped
1515,1.038997918277577,0.9881607294082642,3.187826945349183,3.2188165187835693,0.05083718886931288,4.892905748414724,0.03098957343438613,0.9721222000334037,0.0026310598477721214,overdamped
1516,1.0,0.9473168849945068,0.40892048410644943,0.40003499388694763,0.052683115005493164,5.268311500549316,0.008885490219501802,2.1729139441174943,0.0026393027510493994,critically_damped
1517,1.4716807442041484,1.4677952527999878,0.6092611995035004,0.5891810655593872,0.0038854914041606126,0.26401727544935694,0.020080133944113232,3.2958169600291223,0.002606744645163417,overdamped
1518,1.0,0.9712002873420715,3.2054696313807303,3.2786216735839844,0.028799712657928467,2.8799712657928467,0.07315204220325411,2.282100615994432,0.0021524943877011538,critically_damped
1519,0.11697195643678505,0.2292322814464569,3.891320490384742,3.9491889476776123,0.11226032500967185,95.97199912642353,0.05786845729287027,1.487116197081693,0.030896181240677834,underdamped
1520,1.3682075042498876,1.1580491065979004,3.6700690015304493,3.2600321769714355,0.21015839765198718,15.360126077309113,0.4100368245590138,11.172455460320366,0.0025613249745219946,overdamped
1521,1.343584997113451,1.1733508110046387,1.2170080937364098,1.081277847290039,0.17023418610881236,12.670146397477072,0.13573024644637077,11.152780917804513,0.002531383652240038,overdamped
1522,0.33642105888138424,0.3358334004878998,2.03726252812359,2.082746982574463,0.0005876583934844581,0.17467943161419494,0.04548445445087301,2.232626076560012,0.004020949359983206,underdamped
1523,1.320885356953231,1.180008053779602,3.1723099589039583,2.9780495166778564,0.140877303173629,10.665369438160642,0.19426044222610184,6.123627411654923,0.002674235962331295,overdamped
1524,1.7565204805743662,1.5095077753067017,1.0721510294311434,0.9504470229148865,0.2470127052676645,14.062614583741922,0.1217040065162569,11.35138643487849,0.0027140409220010042,overdamped
1525,0.13208658661025646,-0.016846133396029472,0.8981844084443484,0.5801394581794739,0.14893272000628593,112.75385626076992,0.31804495026487456,35.409760765690315,0.0023455454502254725,underdamped
1526,0.8187368292647615,0.8479942679405212,2.984899585043963,3.1646828651428223,0.029257438675759695,3.5734851090103437,0.17978328009885924,6.023093071528277,0.0024046124890446663,underdamped
1527,0.40909584547836775,0.42397844791412354,2.1519288130119456,2.1474101543426514,0.014882602435755787,3.6379255864486044,0.00451865866929424,0.20998179131073128,0.0028978174086660147,underdamped
1528,1.0318445388307573,0.9272298216819763,3.9425412299990605,3.6450326442718506,0.10461471714878101,10.138612282362418,0.29750858572720995,7.5461122248626635,0.002419105265289545,overdamped
1529,1.8649324461389218,1.3636283874511719,3.7190730070554303,2.833545207977295,0.50130405868775,26.880547857142435,0.8855277990781354,23.810444091799386,0.002532178768888116,overdamped
1530,0.3867930211852816,0.40071922540664673,1.6102541508311248,1.626534342765808,0.013926204221365146,3.600427996009322,0.01628019193468333,1.0110324464172558,0.0026463002432137728,underdamped
1531,0.8738618991719441,0.8450262546539307,1.1532282773041265,1.1310667991638184,0.02883564451801346,3.2997942289665674,0.02216147814030811,1.9216904906385452,0.0022791677620261908,underdamped
1532,0.07948822375093069,0.15104512870311737,2.893720552871283,2.9572253227233887,0.07155690495218668,90.02202033901764,0.06350476985210562,2.19457161435624,0.05743442103266716,underdamped
1533,0.022054502206153223,0.06722869724035263,2.5691491771883186,2.5335116386413574,0.04517419503419941,204.8298103123623,0.03563753854696117,1.387133875424196,0.10964120924472809,underdamped
1534,1.40576161960453,1.2164618968963623,3.400336951145362,2.9956867694854736,0.18929972270816764,13.465990255262595,0.4046501816598882,11.900296572773081,0.0022377795539796352,overdamped
1535,0.022023466064693516,0.1326006054878235,3.5943021997581943,3.7140371799468994,0.11057713942312997,502.0878144171844,0.1197349801887051,3.331244106206769,0.2029578536748886,underdamped
1536,1.0,0.9416036009788513,1.0236484765209448,0.995070219039917,0.05839639902114868,5.839639902114868,0.028578257481027824,2.79180384052895,0.002936282893642783,critically_damped
1537,1.5557728831041637,1.4187098741531372,1.260847635842748,1.1867280006408691,0.13706300895102652,8.809962587697946,0.07411963520187892,5.878556067747036,0.0026999523397535086,overdamped
1538,1.078886078198492,1.0050902366638184,1.2892145435042897,1.2193275690078735,0.07379584153467356,6.840003131553682,0.06988697449641612,5.4208956025621795,0.002413904992863536,overdamped
1539,0.7653635063464603,0.7342925071716309,0.9038384687354244,0.882254958152771,0.031070999174829472,4.05963949380733,0.021583510582653398,2.3879831772209528,0.0028150093276053667,underdamped
1540,1.3338274025250594,1.194096565246582,1.6754787751716922,1.5505772829055786,0.13973083727847735,10.475930919844192,0.12490149226611358,7.454674694599726,0.002252737293019891,overdamped
1541,0.671519614688646,0.7329801321029663,3.8684167451374156,4.312310218811035,0.06146051741432035,9.152453043805263,0.44389347367361953,11.474810055860498,0.0022267960011959076,underdamped
1542,0.8986761459332905,0.9113074541091919,3.9544757509582764,4.153012275695801,0.012631308175901412,1.405546172896754,0.19853652473752437,5.020552337169184,0.0026173179503530264,underdamped
1543,1.3003618923667004,1.2615150213241577,1.8274339375578061,1.6475971937179565,0.0388468710425427,2.9873892237675577,0.1798367438398496,9.840943639264166,0.002534950850531459,overdamped
1544,1.8261344414059382,1.4280470609664917,1.3202469210956442,1.0695700645446777,0.39808738043944647,21.79945634960806,0.2506768565509665,18.987119193047253,0.0031852296087890863,overdamped
1545,1.8248152761451188,1.4552749395370483,3.272436037397752,2.5427663326263428,0.3695403366080705,20.25083532776622,0.7296697047714091,22.297447419373977,0.0030648403335362673,overdamped
1546,1.3449480341540045,1.1271673440933228,3.3999287607711923,2.9351446628570557,0.2177806900606818,16.192498485465244,0.46478409791413666,13.670406959018505,0.002525612246245146,overdamped
1547,0.17614092528641284,0.2214784026145935,2.7695202777373993,2.8747353553771973,0.045337477328180664,25.73932052103164,0.10521507763979798,3.7990361899698746,0.011888445354998112,underdamped
1548,1.9787134873336512,0.932564914226532,0.3114961551488904,0.15065786242485046,1.0461485731071192,52.87013909814814,0.16083829272403993,51.634118131301385,0.0026153104845434427,overdamped
1549,0.9579105280594645,0.8920288681983948,3.9209999486711347,3.8592112064361572,0.06588165986106975,6.8776423195319545,0.061788742234977434,1.5758414446273645,0.0028629398439079523,underdamped
1550,1.215625825099506,1.2545757293701172,0.4818953598021623,0.4877985715866089,0.03894990427061118,3.204103060859447,0.0059032117844465826,1.2249986774867665,0.0023470926098525524,overdamped
1551,0.09342805189502518,0.05315558984875679,1.1681197686160427,0.7915849685668945,0.04027246204626839,43.105321399099836,0.3765348000491482,32.23426314368916,0.004008897114545107,underdamped
1552,0.2339600553273128,0.24839219450950623,2.0434455835483876,2.0383477210998535,0.014432139182193437,6.1686338558959175,0.005097862448534052,0.24947385384648965,0.005229752976447344,underdamped
1553,1.3259795512248753,1.3027676343917847,0.5945595799194674,0.578376829624176,0.02321191683309065,1.7505486273637187,0.01618275029529137,2.721804650340225,0.002161880722269416,overdamped
1554,1.7987542478324772,1.404643177986145,3.423084783426543,2.7845327854156494,0.39411106984633215,21.91022316257161,0.6385519980108936,18.654285196281243,0.002667701104655862,overdamped
1555,1.9690449342459053,1.5077027082443237,1.7905492108932424,1.4142593145370483,0.4613422260015816,23.42974596353049,0.37628989635619403,21.01533395825944,0.002706038998439908,overdamped
1556,0.025905590681793954,0.007298452313989401,1.180712319084008,0.7011666297912598,0.018607138367804553,71.82672881835256,0.4795456892927483,40.61494756527805,0.005031941924244165,underdamped
1557,0.3981747808479761,0.34093862771987915,0.8830371469409237,0.7908810377120972,0.057236153128096934,14.374630408837923,0.09215610922882655,10.436266418471737,0.002381657948717475,underdamped
1558,1.2723900485537767,1.1291465759277344,2.3432119022031337,2.13732647895813,0.1432434726260423,11.257827172481868,0.2058854232450038,8.786461994812603,0.00237595709040761,overdamped
1559,0.30855047742532327,0.2022036463022232,1.0182475485579199,0.7965565919876099,0.10634683112310006,34.46659101308264,0.22169095657031002,21.771813434196527,0.0028731566853821278,underdamped
1560,1.4387908825012143,1.2969908714294434,1.217940270081261,1.1505244970321655,0.14180001107177098,9.85549830738876,0.0674157730490954,5.5352281803275485,0.002743262331932783,overdamped
1561,0.8436430151860094,0.8382118344306946,2.5820281849872884,2.6613547801971436,0.005431180755314791,0.643777125816339,0.07932659520985519,3.072259074129577,0.0029854755848646164,underdamped
1562,0.2763296684131181,0.2653696835041046,1.8692765925668382,1.8166699409484863,0.01095998490901351,3.966271508938419,0.052606651618351874,2.8142786266912965,0.0034022419713437557,underdamped
1563,1.0,1.0781991481781006,0.3590037076670408,0.36634665727615356,0.07819914817810059,7.819914817810059,0.007342949609112748,2.0453687391783126,0.00255988584831357,critically_damped
1564,1.4874451237368003,1.3395850658416748,0.7047439988382462,0.659257173538208,0.14786005789512546,9.940538681767794,0.045486825300038225,6.4543756846489195,0.0022228132002055645,overdamped
1565,0.07101971425246503,0.10305028408765793,2.3863694795958685,2.283381938934326,0.032030569835192896,45.10095566046458,0.10298754066154236,4.315657803291353,0.047115374356508255,underdamped
1566,1.4306695986395788,1.2945241928100586,1.1750066979625575,1.0962616205215454,0.13614540582952017,9.516201781248487,0.07874507744101211,6.701670516223847,0.0025116433389484882,overdamped
1567,0.4485705610505796,0.31622493267059326,0.5182476296358839,0.4252345860004425,0.1323456283799863,29.50385956448519,0.09301304363544138,17.94760618602183,0.002110601868480444,underdamped
1568,1.2792067822546476,1.237195372581482,2.1328999739708943,2.1036088466644287,0.042011409673165634,3.284176589426693,0.029291127306465548,1.373300560922847,0.002361505525186658,overdamped
1569,0.2564876955172368,0.24065089225769043,1.7554673103987566,1.71929931640625,0.015836803259546395,6.174488498409121,0.036167993992506586,2.0603057532464666,0.0032878126949071884,underdamped
1570,1.0274696322733097,0.9895777702331543,3.5470338927915037,3.415215492248535,0.03789186204015538,3.687881456536911,0.13181840054296856,3.716299435730171,0.002455927664414048,overdamped
1571,0.7157815330626793,0.7679038047790527,3.1849793584693407,3.4098801612854004,0.0521222717163734,7.281868741898539,0.22490080281605973,7.061295459200216,0.0023500306997448206,underdamped
1572,0.801385968772303,0.7978790998458862,2.346742280985418,2.45426869392395,0.0035068689264167174,0.437600490034674,0.10752641293853227,4.581943821005388,0.002523022936657071,underdamped
1573,1.0,0.9787314534187317,3.067530126071112,3.1070163249969482,0.02126854658126831,2.126854658126831,0.03948619892583638,1.2872310068038435,0.0024412923958152533,critically_damped
1574,0.8691673587988995,0.8193501234054565,2.2951185521307704,2.340897560119629,0.04981723539344296,5.731604493556372,0.04577900798885848,1.9946249811957468,0.002285528462380171,underdamped
1575,1.9668485706496661,1.2991647720336914,3.6662388665976002,2.5758368968963623,0.6676837986159747,33.946883790623154,1.090401969701238,29.741705583770912,0.002950353780761361,overdamped
1576,1.9750257239491247,1.4613696336746216,3.8773840308281,2.9332847595214844,0.5136560902745031,26.007564562117803,0.9440992713066154,24.348871914680643,0.002588476287201047,overdamped
1577,1.0,0.9373436570167542,2.127660575576076,2.1102681159973145,0.06265634298324585,6.265634298324585,0.017392459578761343,0.8174452155768427,0.0024973482359200716,critically_damped
1578,0.5005807480390851,0.5057669281959534,1.8917693046840305,1.9567762613296509,0.005186180156868225,1.0360326834749327,0.0650069566456204,3.4363046532504167,0.0027404059655964375,underdamped
1579,1.1508580221284512,1.0357675552368164,2.5201182697745503,2.350534439086914,0.11509046689163482,10.000405321829453,0.16958383068763627,6.729201272875468,0.0024592631962150335,overdamped
1580,1.4957848118806791,1.3107248544692993,1.9758817301061788,1.8172093629837036,0.18505995741137982,12.37209764008102,0.15867236712247523,8.030458741776442,0.002518466906622052,overdamped
1581,0.563083293578676,0.5565561652183533,1.677190065227494,1.7185423374176025,0.006527128360322765,1.159176348287586,0.04135227219010851,2.465568634554217,0.0025293081998825073,underdamped
1582,0.03828276302784712,0.11013900488615036,2.5584815649318653,2.5945892333984375,0.07185624185830325,187.69868257950603,0.03610766846657221,1.4112928919045693,0.1262279599905014,underdamped
1583,1.0,0.9009994864463806,1.4312232355524301,1.3790885210037231,0.09900051355361938,9.900051355361938,0.052134714548706995,3.6426682612222825,0.0023519545793533325,critically_damped
1584,1.2070535765380974,1.1133517026901245,3.5504587890366306,3.522534132003784,0.0937018738479729,7.762859550668458,0.02792465703284641,0.7865084117881957,0.0023617525584995747,overdamped
1585,1.470787237571972,1.4149419069290161,0.3726449025501981,0.35829266905784607,0.055845330642955826,3.796968672039016,0.01435223349235204,3.8514503738364394,0.002434246474877,overdamped
1586,1.6133416612259683,1.4174033403396606,0.9898596663612524,0.8868572115898132,0.1959383208863077,12.14487455418559,0.10300245477143921,10.405763389681152,0.0022479118779301643,overdamped
1587,1.3130626557444143,1.1924848556518555,0.3280700450986504,0.2601775825023651,0.1205778000925588,9.182943370223233,0.06789246259628529,20.694502168239737,0.0029209714848548174,overdamped
1588,0.7743121203240216,0.8171693682670593,2.9092623030459692,3.052194595336914,0.04285724794303769,5.534880162421257,0.14293229229094484,4.913008089414837,0.00218280334956944,underdamped
1589,0.49583378963915803,0.5261461138725281,0.35130081965776006,0.35548675060272217,0.030312324233370047,6.113404303371453,0.004185930944962113,1.1915517160022795,0.0027052019722759724,underdamped
1590,0.045131287042557665,0.11899123340845108,2.740930361294053,2.834110736846924,0.07385994636589341,163.65575015896476,0.09318037555287084,3.3995893098458128,0.11630751192569733,underdamped
1591,1.3112743133785298,1.162187933921814,2.0620720730286837,1.9410611391067505,0.14908637945671588,11.369579800018444,0.12101093392193318,5.86841437332486,0.0027538591530174017,overdamped
1592,0.8249187577961734,0.8359929323196411,2.348121602720365,2.440060615539551,0.011074174523467706,1.3424563835901995,0.0919390128191857,3.9154280899537643,0.002394597278907895,underdamped
1593,0.5409473868351206,0.5348846912384033,0.37657221806295943,0.37003013491630554,0.006062695596717238,1.1207551315087751,0.006542083146653888,1.737271851945305,0.0029036798514425755,underdamped
1594,0.2782505278264611,0.30362600088119507,2.138993588544601,2.156001091003418,0.025375473054733977,9.11964956650868,0.01700750245881677,0.7951170377461905,0.005995889659970999,underdamped
1595,0.5624663448731723,0.5282955169677734,0.8881124101473279,0.8790913224220276,0.034170827905398826,6.07517733582866,0.009021087725300303,1.0157596743641726,0.002509185578674078,underdamped
1596,1.7940403077582876,1.4264038801193237,0.7018414729999118,0.5931960940361023,0.36763642763896387,20.492094076656375,0.10864537896380955,15.480045443798273,0.0023226614575833082,overdamped
1597,1.4654001942418653,1.2423714399337769,1.0430090767225388,0.9297043085098267,0.22302875430808844,15.219648201525853,0.11330476821271218,10.863258119358965,0.002893125405535102,overdamped
1598,1.297511632183537,1.0691179037094116,2.674910719754147,2.408912181854248,0.2283937284741253,17.602441689849783,0.265998537899899,9.944202471338825,0.0028595407493412495,overdamped
1599,0.5658816484986228,0.4760614037513733,0.5955003116596633,0.5335620045661926,0.08982024474724948,15.872620182251426,0.0619383070934707,10.40105368221357,0.0026109262835234404,underdamped
1600,1.557731989188777,1.395721197128296,2.3271643275130343,2.15506649017334,0.1620107920604812,10.400427877510037,0.17209783733969441,7.395173400737448,0.0022570083383470774,overdamped
1601,0.6142397379413956,0.46695753931999207,0.6162876967310784,0.5327483415603638,0.14728219862140357,23.97796650457931,0.08353935517071465,13.555252784344916,0.002489839680492878,underdamped
1602,0.21333951126119588,0.21742583811283112,1.4093923008216585,1.3908402919769287,0.004086326851635236,1.9154102432681883,0.01855200884472974,1.31631262877725,0.004749429877847433,underdamped
1603,1.7372667943394364,1.3442420959472656,2.5805173927773346,2.1150906085968018,0.3930246983921708,22.623162986408843,0.46542678418053285,18.036180863699112,0.002885781228542328,overdamped
1604,0.20327376966079455,0.11266901344060898,1.5699074948091738,1.1571100950241089,0.09060475622018557,44.57277314794666,0.4127973997850649,26.29437728974225,0.0037944524083286524,underdamped
1605,1.1277995301718573,1.1498851776123047,0.5035888083178102,0.50484299659729,0.022085647440447387,1.9582954992969286,0.001254188279479873,0.24905006997065085,0.0023358443286269903,overdamped
1606,1.4935566391585788,1.3074285984039307,2.07469594220343,1.8392726182937622,0.18612804075464817,12.46206778334879,0.23542332390966791,11.347365130508553,0.002968793036416173,overdamped
1607,1.0,0.985193133354187,2.4599761636513455,2.5271353721618652,0.014806866645812988,1.4806866645812988,0.06715920851051971,2.7300755797094887,0.0024453159421682358,critically_damped
1608,0.9768028225663395,0.998797595500946,1.8768573994123896,1.9211385250091553,0.0219947729346065,2.2517106243427882,0.04428112559676567,2.359322855888215,0.002424749080091715,underdamped
1609,0.47752101279420384,0.46143123507499695,1.8309791401863933,1.8681087493896484,0.016089777719206888,3.3694386818828983,0.03712960920325514,2.0278553910491497,0.003002703422680497,underdamped
1610,0.08344236859918126,0.14309874176979065,3.0455802997012915,3.116046667098999,0.059656373170609386,71.4941032620624,0.07046636739770751,2.313725479660438,0.05069192871451378,underdamped
1611,1.0,0.9924830198287964,3.498193268827509,3.554263114929199,0.007516980171203613,0.7516980171203613,0.05606984610169041,1.6028229944105794,0.0026852828450500965,critically_damped
1612,0.37721811765881236,0.2962493598461151,0.7471592968142418,0.6133837103843689,0.08096875781269725,21.46470543759305,0.13377558642987286,17.904560245756006,0.003445857670158148,underdamped
1613,1.4038126405606728,1.0127028226852417,2.3962025832288045,1.82273268699646,0.3911098178754311,27.860542537872046,0.5734698962323446,23.932446290063368,0.0027477287221699953,overdamped
1614,0.709736671616511,0.7048255801200867,2.2230773699886246,2.3149337768554688,0.004911091496424325,0.6919596651584482,0.09185640686684415,4.131948267158789,0.0032901018857955933,underdamped
1615,1.2291315803456138,1.1472053527832031,2.6837085817073407,2.639002561569214,0.08192622756241064,6.665374877063543,0.044706020138126856,1.6658299057822987,0.0026105630677193403,overdamped
1616,1.2443777064009494,1.0682778358459473,3.1087888038327667,2.8897745609283447,0.1760998705550021,14.151641390645517,0.21901424290442195,7.045002305541098,0.0027939006686210632,overdamped
1617,0.41524830024089066,0.4569208025932312,3.0155800406675195,3.2296884059906006,0.041672502352340546,10.035562416069087,0.21410836532308108,7.100072372003321,0.004255582578480244,underdamped
1618,0.3396235428867004,0.4251549541950226,3.588645987016157,3.854079246520996,0.0855314113083222,25.18418204501676,0.2654332595048392,7.396473780506234,0.0049605355598032475,underdamped
1619,0.16980321290796044,0.16832122206687927,1.9492675119276592,1.8053748607635498,0.0014819908410811655,0.8727696111877805,0.14389265116410943,7.381883209134895,0.0074693262577056885,underdamped
1620,0.4519088398434812,0.47780272364616394,2.8203840511354152,2.977607488632202,0.02589388380268276,5.729890969083747,0.1572234374967869,5.57454001463002,0.002865367801859975,underdamped
1621,1.526052234808628,1.2525265216827393,3.733175334163797,3.1169638633728027,0.2735257131258888,17.92374513053217,0.6162114707909945,16.5063629653768,0.00231711333617568,overdamped
1622,1.7447299611039053,1.4457286596298218,2.558718120637126,2.10125732421875,0.29900130147408355,17.137397083781543,0.4574607964183759,17.87851474254879,0.0023934387136250734,overdamped
1623,0.1188975469137722,0.15935194492340088,2.3527125626405017,2.366366147994995,0.040454398009628675,34.02458592267452,0.013653585354493458,0.5803337633038239,0.0333721786737442,underdamped
1624,0.6914261672281461,0.6872903108596802,2.142270186647162,2.194875717163086,0.004135856368465918,0.5981631249285988,0.05260553051592387,2.4555973772036697,0.002170730847865343,underdamped
1625,0.4718748625021937,0.46162623167037964,1.4265081260526857,1.4237672090530396,0.010248630831814043,2.171895908476455,0.0027409169996461813,0.19214170249633405,0.0034048790112137794,underdamped
1626,0.518653296915204,0.5066620111465454,2.262946675216627,2.344031810760498,0.0119912857686586,2.3120041538305474,0.08108513554387109,3.583165985831681,0.0027355682104825974,underdamped
1627,1.8679888738150325,1.481526255607605,0.622692446271558,0.4729372262954712,0.38646261820742756,20.688700217905843,0.14975521997608676,24.049628492004878,0.0021492191590368748,overdamped
1628,1.548981522549389,1.4255332946777344,0.6666268700650486,0.6254435777664185,0.12344822787165466,7.969638505982794,0.04118329229863016,6.177862631701531,0.002483221935108304,overdamped
1629,1.6729020255286304,1.2917147874832153,0.8797953303481179,0.7055155634880066,0.3811872380454151,22.785986999146672,0.17427976686011126,19.80912615109609,0.0025404596235603094,overdamped
1630,1.2612089774015363,1.2877789735794067,1.7869073649575025,1.822871208190918,0.02656999617787048,2.1067084562474756,0.035963843233415504,2.0126305335515156,0.0022265149746090174,overdamped
1631,1.8664116906128445,1.5964652299880981,2.324142551991237,2.110349416732788,0.26994646062474636,14.463393150742013,0.21379313525844879,9.19879613560188,0.0028587505221366882,overdamped
1632,1.4698534673169632,1.3744736909866333,2.3897077967319404,2.201652765274048,0.0953797763303299,6.489067002334183,0.1880550314578926,7.869373473822548,0.0026648782659322023,overdamped
1633,1.9142153013112648,1.5562416315078735,0.6228554846023214,0.5026288032531738,0.3579736698033913,18.700804949065773,0.1202266813491476,19.302500230195374,0.0025581924710422754,overdamped
1634,1.9574402061479492,1.3397128582000732,2.2466540661742127,1.6484447717666626,0.617727347947876,31.55791661005589,0.5982092944075501,26.626675793760725,0.002821069210767746,overdamped
1635,1.3052033708115163,1.2161842584609985,2.745702229216287,2.6145825386047363,0.08901911235051774,6.820325042155667,0.1311196906115506,4.775451948734311,0.0023408092092722654,overdamped
1636,1.9633563146908395,1.2790098190307617,3.679825771611025,2.553668975830078,0.6843464956600778,34.85595001475005,1.1261567957809469,30.60353575620283,0.0031951298005878925,overdamped
1637,0.6432382229659359,0.6087621450424194,1.0277907369861687,1.010349154472351,0.03447607792351648,5.359768230897285,0.017441582513817666,1.6969974418102176,0.0025166699197143316,underdamped
1638,1.0,0.9642630219459534,3.7037531114823006,3.691471576690674,0.03573697805404663,3.573697805404663,0.012281534791626747,0.33159701583649787,0.0022334216628223658,critically_damped
1639,1.5838293925284455,1.1880779266357422,2.936864282608773,2.2600655555725098,0.39575146589270327,24.98700098379413,0.6767987270362634,23.044943923492205,0.0029082626570016146,overdamped
1640,1.0,0.927562952041626,1.117261096968326,1.1255549192428589,0.07243704795837402,7.243704795837402,0.008293822274532792,0.7423351888862839,0.002755184657871723,critically_damped
1641,0.3562439820861511,0.4009394645690918,3.8556791995628,4.1715569496154785,0.044695482482940696,12.546312283285646,0.3158777500526786,8.192531943230556,0.0027626161463558674,underdamped
1642,0.44168724797563685,0.38461440801620483,1.3861785484544347,1.312774658203125,0.05707283995943202,12.921550309865438,0.07340389025130967,5.295413807489211,0.002964553190395236,underdamped
1643,0.3199832165507175,0.32146647572517395,1.8063972302268478,1.8353160619735718,0.0014832591744564638,0.4635428040399633,0.02891883174672394,1.6009120952367881,0.004749599378556013,underdamped
1644,1.0,0.9258894324302673,3.5629675600902595,3.471130132675171,0.07411056756973267,7.411056756973267,0.0918374274150886,2.5775544084033735,0.0025557077024132013,critically_damped
1645,0.9520603758713735,0.9529197812080383,2.415005372500966,2.529582977294922,0.0008594053366648424,0.09026794502168746,0.11457760479395596,4.744403722601247,0.002154213609173894,underdamped
1646,0.4752796753230532,0.5035887956619263,2.676612192218365,2.7890210151672363,0.02830912033887306,5.956307792802421,0.11240882294887111,4.199667896442897,0.0025987636763602495,underdamped
1647,1.7122447042234148,1.5249507427215576,1.5550969220799433,1.3927195072174072,0.18729396150185718,10.938504352787822,0.1623774148625361,10.441626663716637,0.0026458553038537502,overdamped
1648,1.7020209418577037,1.3772647380828857,3.546301876645519,2.9700663089752197,0.32475620377481795,19.080623263093138,0.5762355676702993,16.24891472057551,0.0023813897278159857,overdamped
1649,0.4139504206603956,0.4785251021385193,3.882347559248683,4.269775867462158,0.06457468147812367,15.599617310475125,0.38742830821347507,9.979227833183762,0.003371679689735174,underdamped
1650,1.8421957435913985,1.4984101057052612,2.66165828351473,2.214432954788208,0.34378563788613725,18.661732287792614,0.447225328726522,16.802507350265834,0.0027124574407935143,overdamped
1651,1.9897732014200096,1.2658461332321167,0.48030174167566386,0.2904450297355652,0.7239270681878929,36.38239110222509,0.18985671194009868,39.52863282938173,0.002314280718564987,overdamped
1652,1.2776578010623485,1.1908226013183594,3.421375041880272,3.299297571182251,0.08683519974398912,6.796436391010745,0.122077470698021,3.5680821074479856,0.002817522268742323,overdamped
1653,0.5168118420376717,0.5221230983734131,1.8039777815697695,1.8592127561569214,0.005311256335741366,1.0276963304092044,0.055234974587151875,3.061843396934079,0.0029532508924603462,underdamped
1654,0.49753286688905635,0.4685117304325104,1.3961454239335593,1.372938632965088,0.02902113645654597,5.833008910146498,0.023206790968471447,1.6622044215915308,0.0030685379169881344,underdamped
1655,0.4526878742506858,0.43582916259765625,1.587086403811384,1.6284971237182617,0.016858711653029546,3.7241359028966756,0.04141071990687761,2.609229075835435,0.003189041279256344,underdamped
1656,1.241838932322049,1.3512234687805176,0.3532901936902658,0.3468022048473358,0.10938453645846868,8.808270832187256,0.006487988842930004,1.8364474754196287,0.0027083950117230415,overdamped
1657,1.3493798128894394,1.1718159914016724,1.9504254553555225,1.7646534442901611,0.17756382148776706,13.158920845832725,0.18577201106536134,9.524691679718615,0.0023402972146868706,overdamped
1658,1.0,0.8637428879737854,0.7692692548183178,0.7114710211753845,0.1362571120262146,13.62571120262146,0.05779823364293324,7.513394468960513,0.002406009938567877,critically_damped
1659,0.6047944003021581,0.606502115726471,2.020579356483099,2.0957210063934326,0.0017077154243128057,0.28236296887994056,0.07514164991033345,3.718817064483949,0.0029825465753674507,underdamped
1660,1.0744160298178398,1.0667301416397095,2.965817614729496,2.9762563705444336,0.007685888178130318,0.7153549430413292,0.010438755814937473,0.3519689060815549,0.0027112045791000128,overdamped
1661,1.1113447812945607,1.0890957117080688,2.420161379039025,2.3529953956604004,0.022249069586491865,2.001995236849434,0.06716598337862445,2.7752687882860974,0.0027492688968777657,overdamped
1662,0.9765167713900532,0.9809484481811523,2.8759481149194945,2.9862051010131836,0.004431676791099126,0.45382495425969155,0.11025698609368906,3.83376130889536,0.0022899394389241934,underdamped
1663,0.45843784528504117,0.49947723746299744,3.3049156530848256,3.537780523300171,0.04103939217795627,8.95200791122281,0.2328648702153453,7.046015531379386,0.002106781816110015,underdamped
1664,0.3288847731321817,0.37992268800735474,3.0322929515971104,3.216867446899414,0.05103791487517306,15.518479128451618,0.18457449530230363,6.086961195655193,0.005160236731171608,underdamped
1665,1.0,0.965487539768219,3.9914375365402233,3.9880597591400146,0.034512460231781006,3.4512460231781006,0.0033777774002086147,0.08462558587692372,0.002189546823501587,critically_damped
1666,1.2039563622135747,1.0843188762664795,1.3459083256066073,1.2607272863388062,0.11963748594709522,9.937028425775472,0.08518103926780118,6.328888650674605,0.0022441348992288113,overdamped
1667,1.0810921880656879,0.9904312491416931,0.7847182930936953,0.7550997138023376,0.09066093892399474,8.386050692513756,0.029618579291357694,3.774421923387128,0.0022686177399009466,overdamped
1668,0.5689916091644105,0.4216011166572571,0.6078597038478288,0.5061449408531189,0.14739049250715341,25.903807742192004,0.10171476299470994,16.73326301296872,0.002816190244629979,underdamped
1669,1.2011094242502698,1.0460363626480103,3.8214608366303624,3.4271600246429443,0.15507306160225953,12.910818820612938,0.39430081198741807,10.318064971590797,0.0027341078966856003,overdamped
1670,0.5288790660967023,0.5466942191123962,1.7492624521610554,1.8213858604431152,0.01781515301569392,3.3684738454814407,0.07212340828205988,4.123075310566344,0.0029021375812590122,underdamped
1671,1.8599650641289975,1.5316710472106934,0.9153615378931985,0.76730877161026,0.3282940169183042,17.650547488753016,0.1480527662829385,16.17423937471719,0.0024904469028115273,overdamped
1672,0.45736087327682035,0.37476712465286255,1.1739701617490288,1.016645073890686,0.0825937486239578,18.058770098151236,0.15732508785834276,13.401114694768172,0.0029605096206068993,underdamped
1673,0.1528319945815818,0.23715369403362274,3.842931936870154,3.9786503314971924,0.08432169945204093,55.172805722318806,0.13571839462703839,3.531636699701041,0.015572699718177319,underdamped
1674,1.8489821423235981,1.5237417221069336,2.3620724660190446,1.9894506931304932,0.32524042021666455,17.59024128853608,0.3726217728885515,15.775204962977082,0.0024346266873180866,overdamped
1675,0.968074711637074,0.9852342009544373,0.37077607346561897,0.3755275309085846,0.01715948931736322,1.7725377092379022,0.004751457442965623,1.2814897678143229,0.002473584609106183,underdamped
1676,0.3721194192307976,0.3063526451587677,1.2552056694080946,1.0710809230804443,0.06576677407202991,17.673566783473813,0.1841247463276503,14.668890590215089,0.003009422915056348,underdamped
1677,0.5034576259913984,0.521564245223999,2.079243628058923,2.149115800857544,0.018106619232600596,3.596453464568227,0.0698721727986209,3.360461076119783,0.00303157907910645,underdamped
1678,1.0,0.9685986042022705,2.911508063287938,2.870633602142334,0.03140139579772949,3.140139579772949,0.040874461145604,1.4038931116489806,0.002588914940133691,critically_damped
1679,0.6653333656759671,0.7452782988548279,3.5243412851558946,3.9070558547973633,0.07994493317886076,12.01577093576813,0.38271456964146866,10.859180160940054,0.002663792809471488,underdamped
1680,1.0,0.9796187877655029,2.701873953046181,2.7284581661224365,0.02038121223449707,2.038121223449707,0.02658421307625547,0.983917589726329,0.002434058813378215,critically_damped
1681,1.480003676342207,1.322442650794983,2.1817404129964735,1.995211124420166,0.15756102554722418,10.645988794881402,0.18652928857630746,8.549563800769592,0.0022465616930276155,overdamped
1682,1.0,0.9707483649253845,2.0981339978067464,2.132884979248047,0.02925163507461548,2.925163507461548,0.03475098144130051,1.6562803652019813,0.0028289100155234337,critically_damped
1683,1.842468045452557,1.5060698986053467,3.176629887398727,2.6366050243377686,0.33639814684721037,18.2580179709213,0.5400248630609585,16.999930183971575,0.002502226736396551,overdamped
1684,0.8308409215202377,0.8293443322181702,2.379955514185026,2.4687187671661377,0.0014965893020675303,0.18012946441409436,0.08876325298111176,3.7296181568127835,0.0029772541020065546,underdamped
1685,1.0305466351376795,0.9678836464881897,1.4228046569466635,1.3886823654174805,0.06266298864948983,6.080558270040651,0.034122291529183,2.3982414847031346,0.0027527783531695604,overdamped
1686,1.5918867907281946,1.2157642841339111,3.9602021594726646,3.2012879848480225,0.3761225065942835,23.627465771119912,0.7589141746246422,19.163521054331685,0.0025588469579815865,overdamped
1687,1.410730168847976,1.1878169775009155,2.296166223377148,2.0388264656066895,0.22291319134706056,15.801263506620469,0.25733975777045837,11.207366224208675,0.002773300278931856,overdamped
1688,1.0,0.9966386556625366,3.299573237837293,3.3759541511535645,0.003361344337463379,0.3361344337463379,0.07638091331627139,2.3148724944300767,0.0025216490030288696,critically_damped
1689,0.7246184005928235,0.6647304892539978,0.6169147042705068,0.6002585887908936,0.05988791133882565,8.264751666508918,0.01665611547961321,2.6999057348306907,0.0022950696293264627,underdamped
1690,1.7439956047150682,1.511966347694397,1.7620061687828612,1.5852879285812378,0.23202925702067123,13.304463405375374,0.1767182402016234,10.029376930257563,0.0022746804170310497,overdamped
1691,0.7735068730629892,0.8324719667434692,3.762311411160704,4.138425827026367,0.058965093680480085,7.623085939364158,0.3761144158656631,9.9968975122564,0.002476621186360717,underdamped
1692,0.6623429999386757,0.7466055750846863,3.790596913112848,4.2820143699646,0.08426257514601054,12.721894117370026,0.49141745685175175,12.96411800346765,0.0026588295586407185,underdamped
1693,1.914253421192897,1.4246563911437988,1.255479109876172,0.9721882939338684,0.48959703004909816,25.576395717971245,0.28329081594230354,22.564359192742327,0.002368060639128089,overdamped
1694,1.5926251870423125,1.4257419109344482,2.0864493895107548,1.9215840101242065,0.16688327610786424,10.478502881006522,0.16486537938654822,7.901719553581264,0.002588310744613409,overdamped
1695,0.9009838041194141,0.8942269086837769,3.122967685837946,3.2193689346313477,0.006756895435637289,0.7499463813604519,0.09640124879340162,3.086847463409968,0.002606956521049142,underdamped
1696,0.7009125601587073,0.7438622713088989,3.3186449667930082,3.5918328762054443,0.04294971115019164,6.127684620242296,0.2731879094124361,8.231911281441858,0.002386657055467367,underdamped
1697,0.8554693631361573,0.8362917304039001,0.5648931757160982,0.5486204624176025,0.019177632732257144,2.241767333660179,0.016272713298495667,2.8806708946106907,0.0028922753408551216,underdamped
1698,0.06957733139729015,0.1228414922952652,3.317327474027626,3.3589279651641846,0.053264160897975046,76.55390028374894,0.04160049113655839,1.254036312732505,0.05569178983569145,underdamped
1699,1.710680477612733,1.3012025356292725,3.846886890540107,3.0585546493530273,0.40947794198346044,23.936553163621173,0.7883322411870797,20.492732529403717,0.003001942066475749,overdamped
1700,1.256688489916361,1.2236608266830444,1.593525569313451,1.502247929573059,0.03302766323331663,2.628150372851333,0.09127763974039182,5.728031071363202,0.0031131671275943518,overdamped
1701,1.1247679291691748,1.015755534172058,1.255884706354038,1.2181744575500488,0.10901239499711668,9.691989980336672,0.0377102488039891,3.0026839735524624,0.0026086883153766394,overdamped
1702,1.160915589289589,1.0569709539413452,3.636462118508991,3.4546382427215576,0.10394463534824383,8.953677279142383,0.1818238757874333,5.000021170631197,0.002323404885828495,overdamped
1703,1.8054464255082263,1.4815680980682373,3.088228145772865,2.620737314224243,0.323878327439989,17.938960850019047,0.4674908315486217,15.137833394482799,0.002125817583873868,overdamped
1704,1.3250848389824321,1.2188376188278198,3.7878214751583443,3.568588972091675,0.1062472201546123,8.018144727714366,0.21923250306666953,5.787825653992968,0.0023756297305226326,overdamped
1705,1.8554659200892116,1.427325963973999,2.613985141608201,2.1217856407165527,0.4281399561152126,23.074525459062457,0.49219950089164843,18.82946819616705,0.0029861864168196917,overdamped
1706,1.0,0.9480319023132324,3.4648109637608178,3.4465036392211914,0.05196809768676758,5.196809768676758,0.018307324539626357,0.5283787407482398,0.0021162491757422686,critically_damped
1707,0.32216306709492887,0.34309399127960205,0.3110785771953768,0.3078460693359375,0.020930924184673183,6.496996807677418,0.003232507859439293,1.0391290485455307,0.0028321254067122936,underdamped
1708,0.7348980848233635,0.6948275566101074,1.6155723029390676,1.6338461637496948,0.040070528213256074,5.452528594204628,0.018273860810627207,1.1311075819623295,0.002894651610404253,underdamped
1709,1.106743655867879,1.009601354598999,1.6440385602025052,1.5488674640655518,0.0971423012688799,8.777308164708069,0.0951710961369534,5.788860337024617,0.0028464081697165966,overdamped
1710,1.0,0.9643173813819885,2.659731254202565,2.7136974334716797,0.035682618618011475,3.5682618618011475,0.05396617926911462,2.029008727248071,0.0023094043135643005,critically_damped
1711,1.43539127026372,1.2880859375,2.71977424224683,2.469526529312134,0.14730533276371993,10.262381819882185,0.25024771293469605,9.20104724309633,0.002642332576215267,overdamped
1712,0.29344681704472164,0.1733953207731247,0.6159379733280473,0.43944624066352844,0.12005149627159695,40.91081903038701,0.1764917326645189,28.65414056400769,0.0028631645254790783,underdamped
1713,1.4089339602388855,1.307353138923645,2.285836854993409,2.2528090476989746,0.10158082131524049,7.209764558306012,0.03302780729443455,1.4448890883129009,0.0022130582947283983,overdamped
1714,0.5436214294490043,0.6609100699424744,3.911732256105986,4.456489086151123,0.1172886404934701,21.575426232249487,0.5447568300451371,13.926229976369253,0.002703280420973897,underdamped
1715,1.0,0.932235062122345,3.093294563068519,2.98954701423645,0.06776493787765503,6.776493787765503,0.10374754883206894,3.3539498653226336,0.001964987488463521,critically_damped
1716,1.591069437685722,1.3547145128250122,0.9549745256285131,0.8441193699836731,0.23635492486070975,14.855098040504004,0.11085515564484005,11.608179346132937,0.0023350906558334827,overdamped
1717,1.3063064080183098,1.0826665163040161,3.878442820090642,3.430446147918701,0.22363989171429366,17.120017963745536,0.4479966721719406,11.550941781358288,0.002448724117130041,overdamped
1718,1.7506787601747145,1.4501583576202393,2.594518542798627,2.1228392124176025,0.3005204025544752,17.165936400832546,0.4716793303810243,18.179840405851884,0.0026119896210730076,overdamped
1719,1.4238963635285362,1.1415594816207886,3.272636781521186,2.7039453983306885,0.28233688190774764,19.828471308690812,0.5686913831904974,17.37716163313909,0.0027277525514364243,overdamped
1720,0.8335604487844142,0.8538490533828735,3.104966350124815,3.253148317337036,0.02028860459845938,2.4339692013994148,0.1481819672122211,4.772417814005115,0.002666289685294032,underdamped
1721,0.8955506410627408,0.9035394191741943,3.213507732935778,3.3215227127075195,0.007988778111453487,0.8920520789280308,0.10801497977174135,3.3612795968927585,0.0022205670829862356,underdamped
1722,1.0958775688751337,1.0714877843856812,1.554272428635189,1.5435770750045776,0.024389784489452504,2.2255939150654815,0.01069535363061136,0.6881260603717316,0.0021051550284028053,overdamped
1723,1.0,0.8880434036254883,2.661810843021858,2.6038129329681396,0.11195659637451172,11.195659637451172,0.05799791005371846,2.1788892402239792,0.0023304386995732784,critically_damped
1724,0.2554619974435727,0.14266586303710938,0.5811620995640678,0.4045102000236511,0.1127961344064633,44.15378237672243,0.1766518995404167,30.39632138312599,0.0026420289650559425,underdamped
1725,0.581282824653757,0.5501575469970703,1.3422231308453876,1.320723056793213,0.031125277656686712,5.354584091698664,0.02150007405217469,1.6018256248223834,0.0025530566927045584,underdamped
1726,0.7351718330611998,0.7280046939849854,1.9237412757838899,1.9573818445205688,0.007167139076214468,0.9748930459388038,0.03364056873667898,1.7487054605599732,0.0025501924101263285,underdamped
1727,1.2350265494375936,1.27620530128479,1.7415393112963304,1.8307833671569824,0.04117875184719644,3.334240212564533,0.08924405586065198,5.124435336129299,0.0024239399936050177,overdamped
1728,1.0,1.0283111333847046,1.8444233888893857,1.7897862195968628,0.02831113338470459,2.831113338470459,0.054637169292522936,2.962289982964408,0.002043080050498247,critically_damped
1729,1.0,0.9856709837913513,1.3323697334275686,1.3533397912979126,0.014329016208648682,1.4329016208648682,0.020970057870344005,1.57389179176247,0.0023805678356438875,critically_damped
1730,1.717578982920513,1.471265435218811,3.0070686163346365,2.6835861206054688,0.246313547701702,14.340740667592403,0.32348249572916776,10.757403205633056,0.0027311858721077442,overdamped
1731,1.514861208463731,1.2998510599136353,1.0481652190527018,0.9328006505966187,0.2150101485500957,14.19338929195661,0.11536456845608312,11.006334341101866,0.0029465430416166782,overdamped
1732,0.1190237588703993,0.21956656873226166,3.977204522914265,4.160816669464111,0.10054280986186236,84.47289080438118,0.18361214654984614,4.616613138499244,0.02608945220708847,underdamped
1733,1.6665155878438838,1.3744053840637207,1.0779988690799998,0.9192212224006653,0.29211020378016306,17.528201110803376,0.15877764667933447,14.728925162494894,0.0024568315129727125,overdamped
1734,1.2194417659489618,1.125795841217041,1.4493476231893714,1.3525413274765015,0.0936459247319208,7.679409328664918,0.09680629571286992,6.679301374217056,0.0025935103185474873,overdamped
1735,0.48696306868993344,0.5743080973625183,3.9230100538380563,4.407512187957764,0.08734502867258487,17.936684378872382,0.48450213411970733,12.350264910631498,0.0028277814853936434,underdamped
1736,0.7669912626699156,0.8124703764915466,3.909699542948748,4.201597690582275,0.045479113821631056,5.929547836479537,0.2918981476335274,7.465999482235759,0.0028428940568119287,underdamped
1737,0.6911269114294634,0.629783034324646,0.5045760347991182,0.4798513948917389,0.06134387710481737,8.875920773789481,0.024724639907379276,4.900082089158802,0.0024153818376362324,underdamped
1738,0.7556756523730856,0.7645980715751648,2.288981176241949,2.363288164138794,0.008922419202079146,1.1807207462698621,0.07430698789684476,3.2462909117864402,0.002471521496772766,underdamped
1739,0.5157223167628076,0.4319016635417938,1.0611454298893255,0.9601568579673767,0.08382065322101373,16.253059155391323,0.10098857192194877,9.516939815919633,0.0020127694588154554,underdamped
1740,1.577960598248774,1.3250516653060913,3.6987232633759666,3.209282875061035,0.2529089329426828,16.027582261772693,0.4894403883149314,13.23268472559908,0.0025826035998761654,overdamped
1741,1.329691162158399,1.1569864749908447,3.4915009075522647,3.180891513824463,0.17270468716755438,12.98833083068811,0.31060939372780183,8.896156751841037,0.002411124063655734,overdamped
1742,1.775204712062417,1.4747323989868164,2.192157616486886,1.8520008325576782,0.3004723130756006,16.92606554240804,0.3401567839292077,15.516985702621927,0.002492837607860565,overdamped
1743,1.7945754426812575,1.367181658744812,3.9711751588717172,3.1283864974975586,0.42739378393644545,23.815871641366083,0.8427886613741586,21.222651423253012,0.002521293703466654,overdamped
1744,1.0,0.9545165300369263,1.32725474088146,1.2862759828567505,0.04548346996307373,4.548346996307373,0.040978758024709405,3.0874825127762953,0.002159662311896682,critically_damped
1745,0.5043799019926449,0.5314496159553528,1.9331063624093354,1.9971487522125244,0.027069713962707853,5.3669295417529534,0.06404238980318899,3.3129263370365964,0.0027997528668493032,underdamped
1746,1.4685944610965642,1.3923425674438477,2.4421505400638543,2.4264025688171387,0.07625189365271656,5.192168135768475,0.015747971246715675,0.6448403154665444,0.0025667862500995398,overdamped
1747,0.3035074431661399,0.30069270730018616,1.5552805201892774,1.5396175384521484,0.002814735865953766,0.9274025824839426,0.01566298173712899,1.007084029781509,0.0033356240019202232,underdamped
1748,1.6629333140910898,1.4506359100341797,0.5900190985336555,0.5049775838851929,0.2122974040569101,12.76644121913846,0.08504151464846266,14.4133494762817,0.00258691911585629,overdamped
1749,0.5115626683072454,0.4124313294887543,0.663732375723888,0.5649675726890564,0.09913133881849112,19.37814171360774,0.0987648030348316,14.880214774383353,0.0026666675694286823,underdamped
1750,0.6574466210776567,0.6406354308128357,1.877577715153328,1.9307137727737427,0.01681119026482103,2.5570426139334153,0.053136057620414734,2.8300323971450365,0.002549374010413885,underdamped
1751,1.9267337206208124,1.494807243347168,1.8194610248211207,1.448793888092041,0.4319264772736444,22.41754907027181,0.3706671367290797,20.37235926862031,0.0029425760731101036,overdamped
1752,1.691880698657752,1.2885774374008179,3.557932535549531,2.8401408195495605,0.40330326125693405,23.83757091010574,0.7177917159999705,20.174404905884643,0.0022108398843556643,overdamped
1753,0.6496881783550349,0.662177562713623,2.2187613751421584,2.303487777709961,0.012489384358588151,1.9223659556512789,0.0847264025678025,3.818635186146324,0.0029822932556271553,underdamped
1754,0.6821304888741433,0.6729662418365479,3.04543592126138,3.1675379276275635,0.009164247037595441,1.343474186694255,0.12210200636618351,4.009344130793941,0.0025698216632008553,underdamped
1755,0.41140425235353595,0.25041085481643677,0.5062609471623103,0.3927495777606964,0.16099339753709918,39.132652765764604,0.11351136940161388,22.421514050780903,0.0025620663072913885,underdamped
1756,0.3435107246302491,0.330941379070282,1.8262285019716926,1.816690444946289,0.012569345559967138,3.659083882605596,0.009538057025403557,0.5222816868264715,0.003315327689051628,underdamped
1757,1.657233459447795,1.5554428100585938,0.553522554103314,0.5292772650718689,0.10179064938920135,6.142203369651908,0.024245289031445072,4.380180870989357,0.002518982859328389,overdamped
1758,1.9419614898743678,1.6065421104431152,1.0800712840834432,0.9705166220664978,0.33541937943125255,17.272195209852075,0.10955466201694541,10.143280691877141,0.002719852840527892,overdamped
1759,1.9262294277994214,1.0057158470153809,0.3652745341605049,0.18991710245609283,0.9205135807840406,47.78836661402588,0.1753574317044121,48.00702356856842,0.0025785299949347973,overdamped
1760,0.16029846525389216,0.1266619712114334,0.369094151677022,0.32408371567726135,0.03363649404245875,20.98366568212794,0.04501043599976062,12.194838578517297,0.0023275415878742933,underdamped
1761,1.7955759554357242,1.6152303218841553,0.7082565932454179,0.6503329873085022,0.18034563355156896,10.043887756773024,0.0579236059369157,8.178336282263821,0.002251248573884368,overdamped
1762,0.07930343410250187,0.16617318987846375,3.733776635365363,3.7917988300323486,0.08686975577596187,109.54097607384861,0.05802219466698544,1.5539814063169786,0.054128024727106094,underdamped
1763,0.7551605649881817,0.8227669596672058,3.604645074893024,3.89601731300354,0.06760639467902407,8.952585425336943,0.29137223811051616,8.083243483248163,0.0024915204849094152,underdamped
1764,0.8442335647895229,0.8499211072921753,2.0471813784436375,2.1209423542022705,0.005687542502652354,0.673693008648658,0.07376097575863305,3.6030503469462767,0.002729088068008423,underdamped
1765,1.0,0.9609683156013489,3.6077561109838423,3.6066877841949463,0.03903168439865112,3.9031684398651123,0.0010683267888960124,0.029611945930698668,0.002403011079877615,critically_damped
1766,1.7639603937036186,1.4232935905456543,2.291415741172395,1.9293009042739868,0.34066680315796427,19.31261066710794,0.3621148368984084,15.803105058235026,0.0027186900842934847,overdamped
1767,1.582972362165107,1.3395744562149048,2.6187615933036943,2.3504233360290527,0.24339790595020228,15.376004772268754,0.26833825727464156,10.246761597573299,0.002592778764665127,overdamped
1768,1.7968554353138495,1.437299370765686,2.423144898708184,1.9841113090515137,0.35955606454816347,20.010294511275543,0.4390335896566704,18.118338275632052,0.0028305095620453358,overdamped
1769,0.4577679203130358,0.4226156771183014,1.2705295500870422,1.2196998596191406,0.03515224319473442,7.679053431856089,0.050829690467901534,4.0006696785934075,0.0029024272225797176,underdamped
1770,0.7644734627963827,0.6949765682220459,0.7938633848166224,0.7705240845680237,0.06949689457433683,9.09081844647985,0.02333930024859876,2.939964318166657,0.0028371454682201147,underdamped
1771,0.10251535405080581,0.01925748959183693,0.7703283108374613,0.6173281073570251,0.08325786445896888,81.21501918405991,0.1530002034804362,19.861687715216156,0.002471432089805603,underdamped
1772,1.1999322694058288,1.0396685600280762,1.1818798091927638,1.1062792539596558,0.16026370937775258,13.356062959879434,0.07560055523310805,6.396636497643869,0.0026457305066287518,overdamped
1773,1.0,0.8838126063346863,1.0081147167025502,0.9638612270355225,0.11618739366531372,11.618739366531372,0.04425348966702769,4.389727571062226,0.0024381326511502266,critically_damped
1774,1.0,0.9876171946525574,2.0403102156385278,2.0710692405700684,0.012382805347442627,1.2382805347442627,0.03075902493154059,1.5075660894985208,0.0022038540337234735,critically_damped
1775,0.18578813782160686,0.22278869152069092,2.649730460287236,2.7400035858154297,0.03700055369908406,19.91545538532275,0.09027312552819389,3.4068795630785824,0.010083627887070179,underdamped
1776,1.4355609304954013,1.2031148672103882,1.5265694732050743,1.3930212259292603,0.23244606328501316,16.192002606590705,0.13354824727581405,8.74825873436509,0.002462586620822549,overdamped
1777,0.8531993627108752,0.8171525001525879,1.5521977440261419,1.5355454683303833,0.03604686255828726,4.224905002713007,0.016652275695758556,1.0728192177734606,0.0027038538828492165,underdamped
1778,0.9015901309476093,0.9466778635978699,2.2612388572385522,2.25566029548645,0.04508773265026056,5.000912399392776,0.005578561752102029,0.24670378072817242,0.0027212679851800203,underdamped
1779,0.5993190431549066,0.5708160400390625,0.9552141946678554,0.967118501663208,0.028503003115844083,4.755898121608141,0.01190430699535261,1.2462447754445216,0.0027109470684081316,underdamped
1780,0.053955628486631046,0.11261378973722458,2.514568885234079,2.5758960247039795,0.05865816125059353,108.71555553305743,0.06132713946990043,2.4388729149566144,0.09105263650417328,underdamped
1781,0.2365257202640549,0.25355541706085205,2.5028475134433097,2.557051181793213,0.01702969679679714,7.199934441711184,0.0542036683499032,2.165680012815968,0.0055562518537044525,underdamped
1782,1.9330137222078905,1.5119695663452148,2.5447776603566017,2.1504266262054443,0.42104415586267563,21.78174686632636,0.39435103415115735,15.496482867422557,0.0028383892495185137,overdamped
1783,1.0,1.0259687900543213,2.9148282707296267,3.0422654151916504,0.02596879005432129,2.596879005432129,0.1274371444620237,4.372029245830122,0.0024630215484648943,critically_damped
1784,0.3449447725333179,0.3500025272369385,2.4951620208004313,2.522423267364502,0.005057754703620576,1.466250572947022,0.027261246564070696,1.0925641836807645,0.0027963584288954735,underdamped
1785,1.3221650636615303,1.1744179725646973,3.262223929327142,2.9594500064849854,0.14774709109683304,11.17463281684894,0.30277392284215665,9.28121212404343,0.00254332204349339,overdamped
1786,1.8794330013818414,1.3647021055221558,3.2780890410890655,2.5185630321502686,0.5147308958596857,27.38756292356434,0.759526008938797,23.169779692331446,0.00302916974760592,overdamped
1787,0.9589197098036638,0.8941200971603394,2.374755878117024,2.400085926055908,0.06479961264332446,6.757563952522365,0.02533004793888427,1.0666379720246786,0.0022439074236899614,underdamped
1788,0.6716344240097472,0.6600542068481445,0.9682639716136463,0.9560244083404541,0.011580217161602624,1.7241845783405774,0.0122395632731922,1.2640729834029176,0.0026324184145778418,underdamped
1789,1.6165087191823404,1.280038833618164,2.3088788200384864,1.928494930267334,0.33646988556417634,20.814603816945013,0.38038388977115245,16.47483126744659,0.0022290756460279226,overdamped
1790,1.0,0.979487419128418,1.637014209747933,1.6035971641540527,0.02051258087158203,2.051258087158203,0.03341704559388026,2.0413412049139024,0.0021737494971603155,critically_damped
1791,0.6923528825861169,0.5902143716812134,0.4775314508817906,0.4335828721523285,0.10213851090490356,14.752377504862812,0.04394857872946212,9.203284652415755,0.0023763005156069994,underdamped
1792,1.926765162564159,1.7223304510116577,0.8468483273845056,0.7615965008735657,0.20443471155250137,10.610255755321916,0.08525182651093988,10.066953402888625,0.0028176093474030495,overdamped
1793,1.9336177615297614,1.575228214263916,0.7152116624813983,0.5862888693809509,0.3583895472658454,18.53466359257629,0.1289227931004474,18.025823663606786,0.002169838873669505,overdamped
1794,1.2914438439196179,1.2103159427642822,1.3283960952802933,1.2739843130111694,0.08112790115533564,6.2819534536714405,0.05441178226912391,4.0960510545345254,0.0019511417485773563,overdamped
1795,0.7806746809210945,0.8409221172332764,3.7237916163368907,4.006021976470947,0.06024743631218188,7.717354973149347,0.28223036013405656,7.5791126145691186,0.002665939973667264,underdamped
1796,1.6516124694568877,1.301593542098999,3.471145268435457,2.789738416671753,0.35001892735788864,21.192557808248324,0.681406851763704,19.630606012373352,0.0025429092347621918,overdamped
1797,1.749884910461844,1.4946306943893433,0.4280978455420972,0.3392864763736725,0.25525421607250065,14.586914519145827,0.08881136916842469,20.745577230355718,0.0026881792582571507,overdamped
1798,1.6506670399859182,1.4327338933944702,0.9441204308560329,0.8522712588310242,0.21793314659144802,13.202732066020243,0.09184917202500875,9.728544052555796,0.0022590418811887503,overdamped
1799,1.9656467014206047,1.3927199840545654,3.849301164525464,2.87221097946167,0.5729267173660393,29.14698337966715,0.9770901850637941,25.383573363095074,0.0024890643544495106,overdamped
1800,1.9205506520238096,1.5681475400924683,1.5947684965999722,1.3674927949905396,0.35240311193134133,18.34906627221683,0.22727570160943267,14.251328772419432,0.0024130968376994133,overdamped
1801,0.38369421468320997,0.4372670650482178,3.7316801074840895,3.949735403060913,0.05357285036500781,13.962381582750535,0.21805529557682357,5.843354448831284,0.0027591059915721416,underdamped
1802,1.5471797904153788,1.2795741558074951,2.8294990369892474,2.4983248710632324,0.26760563460788367,17.296350189271685,0.331174165926015,11.70433923449586,0.002317988546565175,overdamped
1803,1.0722799426023095,1.013266921043396,2.8053069266618245,2.734626293182373,0.059013021558913525,5.503508851960356,0.07068063347945142,2.5195329896952794,0.002434507943689823,overdamped
1804,1.2324980452538408,1.1851462125778198,2.4633691386480834,2.46427845954895,0.047351832676020944,3.8419397790013154,0.0009093209008668168,0.036913708408552175,0.0027146011125296354,overdamped
1805,0.06877309636579121,0.1623012274503708,3.6476654258264904,3.654350757598877,0.09352813108457958,135.99523073255418,0.006685331772386505,0.18327700027125535,0.06504189223051071,underdamped
1806,1.1859236097647732,1.1764193773269653,1.0901880753953823,1.0720984935760498,0.009504232437807847,0.8014202904429066,0.018089581819332512,1.6593083549159073,0.003003231482580304,overdamped
1807,1.6099124672949134,1.3392797708511353,0.8588843828174546,0.7532172203063965,0.2706326964437782,16.810398201245935,0.10566716251105812,12.302838964708057,0.0024549090303480625,overdamped
1808,1.7213964542048177,1.362979531288147,3.119349100535546,2.5206122398376465,0.3584169229166707,20.821288555647566,0.5987368606978993,19.1942883403177,0.002645417582243681,overdamped
1809,0.6650150693821543,0.6735177636146545,2.180749909007147,2.2122392654418945,0.008502694232500274,1.2785716631053,0.031489356434747595,1.4439691733878868,0.00314519670791924,underdamped
1810,0.33944315533961655,0.34143102169036865,1.535107229903154,1.569046974182129,0.001987866350752099,0.5856256988782752,0.03393974427897484,2.210903812961392,0.004548023454844952,underdamped
1811,1.6629907763474332,1.4511674642562866,2.3132583594363485,2.061537742614746,0.21182331209114658,12.737491698925233,0.2517206168216024,10.881647343660177,0.0026004984974861145,overdamped
1812,1.5951330548596503,1.2582026720046997,1.5659349578510118,1.3205393552780151,0.3369303828549506,21.12239990441398,0.24539560257299664,15.670868150856135,0.0027163170743733644,overdamped
1813,1.695336149819722,1.425363540649414,0.8737423273882523,0.7427898049354553,0.26997260917030785,15.924429453062515,0.13095252245279698,14.987544765541328,0.0022367669735103846,overdamped
1814,1.9167111932562337,1.634600043296814,2.1815793092797002,1.926835536956787,0.28211114995941977,14.718500677201712,0.2547437723229131,11.677034671135692,0.0024325137492269278,overdamped
1815,0.7408485922480837,0.7180230021476746,1.784670305526332,1.8323345184326172,0.022825590100409188,3.0810060705043107,0.0476642129062852,2.6707573246828997,0.0024943260941654444,underdamped
1816,1.574359479154671,1.4380097389221191,0.8308401169110451,0.7930466532707214,0.13634974023255175,8.660648475643107,0.037793463640323655,4.548825083318655,0.003051327308639884,overdamped
1817,0.9748356208404374,0.9302201271057129,1.8885162963187934,1.8978290557861328,0.04461549373472451,4.576719682879463,0.009312759467339449,0.4931257138470251,0.0024297747295349836,underdamped
1818,1.0775706271429413,1.0518379211425781,2.7845132192138173,2.7769763469696045,0.025732706000363148,2.388029642993384,0.007536872244212844,0.2706710886558769,0.0025768715422600508,overdamped
1819,1.1756214862066816,1.1215243339538574,3.330885318238836,3.242398500442505,0.05409715225282419,4.601579070094808,0.08848681779633116,2.65655552029385,0.002322753192856908,overdamped
1820,0.7259472811822714,0.7452327013015747,2.174151213232472,2.247073173522949,0.019285420119303343,2.656586865081343,0.07292196029047737,3.3540427108590523,0.0023934748023748398,underdamped
1821,1.9407560961688082,1.492538571357727,2.51776945226197,2.0112016201019287,0.4482175248110811,23.094995074130885,0.5065678321600413,20.119706818467417,0.0020433084573596716,overdamped
1822,0.9595885513205693,0.9633894562721252,3.6373897442869314,3.8636996746063232,0.003800904951555939,0.39609736342989904,0.22630993031939184,6.221767427448369,0.0025504191871732473,underdamped
1823,0.02049748688260898,0.051029499620199203,1.899207794627147,1.543548345565796,0.030532012737590222,148.9549080453126,0.35565944906135116,18.726726483932442,0.047177594155073166,underdamped
1824,1.176939744974069,1.146518349647522,1.361862861670343,1.326033353805542,0.030421395326547085,2.5847878327209814,0.03582950786480099,2.6309189326784064,0.002387081505730748,overdamped
1825,1.3799301085983076,1.224549412727356,0.45459463793144317,0.39220255613327026,0.1553806958709516,11.260040990683416,0.062392081798172905,13.724772927828106,0.0024538992438465357,overdamped
1826,0.1824739056812327,0.20737750828266144,1.4399158312908233,1.418254017829895,0.024903602601428737,13.647761036546965,0.021661813460928325,1.5043805332364066,0.010384621098637581,underdamped
1827,1.1217131712526343,1.096360206604004,1.6810516558903736,1.692545771598816,0.02535296464863035,2.260200316656557,0.011494115708442276,0.6837455391788294,0.002700098091736436,overdamped
1828,0.07245345014621847,0.046293944120407104,1.3981009174703674,1.1107487678527832,0.026159506025811366,36.105259270633496,0.28735214961758415,20.553033477547558,0.0033362822141498327,underdamped
1829,1.404675379573404,1.1272085905075073,3.0687657007603484,2.6763737201690674,0.2774667890658966,19.753089795747865,0.392391980591281,12.786638631097121,0.0030545806512236595,overdamped
1830,1.345299248284686,1.1360604763031006,1.5066822088854128,1.4075711965560913,0.20923877198158536,15.553325570379508,0.09911101232932151,6.578096677907953,0.002005227841436863,overdamped
1831,0.5707301135063922,0.5305358171463013,1.2267692214501884,1.1835600137710571,0.040194296360090975,7.042610054890821,0.04320920767913128,3.5221952852756457,0.0028301184065639973,underdamped
1832,1.8938409427476421,1.5712202787399292,0.608640254333134,0.4862062931060791,0.32262066400771294,17.035256590220563,0.12243396122705485,20.115981543350514,0.0028266464360058308,overdamped
1833,0.08920650209013846,0.10439588874578476,2.0106347663369935,1.8708070516586304,0.0151893866556463,17.027219204602627,0.13982771467836308,6.954406489901865,0.026724226772785187,underdamped
1834,0.05792008936207643,0.16969044506549835,3.196022760532219,3.316758871078491,0.11177035570342192,192.97338269751413,0.12073611054627209,3.7776987084461955,0.09494176506996155,underdamped
1835,0.9529125048321714,0.9063536524772644,2.312137037740061,2.266498565673828,0.04655885235490698,4.88595250023579,0.04563847206623306,1.9738653601103682,0.002239304594695568,underdamped
1836,1.0,0.9377990961074829,1.6794734818333559,1.659585952758789,0.06220090389251709,6.220090389251709,0.019887529074566812,1.1841526103083855,0.002793033141642809,critically_damped
1837,1.4260557194245214,1.2199052572250366,2.5526169631865065,2.2175190448760986,0.20615046219948474,14.455989299119102,0.3350979183104079,13.127622480894876,0.002446128986775875,overdamped
1838,1.0,0.9756125211715698,3.799574580177536,3.840909004211426,0.024387478828430176,2.4387478828430176,0.04133442403388976,1.0878697907268977,0.0027906238101422787,critically_damped
1839,1.2742397528788212,1.1825120449066162,3.5373679807516565,3.3989152908325195,0.09172770797220497,7.198622375810322,0.13845268991913695,3.9140030291594687,0.002255132421851158,overdamped
1840,0.18550342906704617,0.2325989305973053,2.487652333377351,2.5641801357269287,0.047095501530259126,25.38794121872404,0.0765278023495779,3.076306175215419,0.015524737536907196,underdamped
1841,1.873773462890547,1.2765250205993652,2.672318940382962,1.8678306341171265,0.5972484422911817,31.87410079817471,0.8044883062658355,30.10450190315033,0.00249852379783988,overdamped
1842,0.845215102820502,0.8649619817733765,3.0905836160841766,3.294349193572998,0.019746878952874414,2.3363140207715913,0.2037655774888214,6.593110001242936,0.002800130983814597,underdamped
1843,1.0591038308007832,1.0128029584884644,2.3178426462703414,2.3094630241394043,0.04630087231231883,4.3717028459155856,0.008379622130937125,0.3615267906309706,0.002490237820893526,overdamped
1844,0.6066800948247455,0.6397985219955444,3.288608079661,3.5169622898101807,0.033118427170798936,5.458960571364388,0.22835421014918067,6.943795205074121,0.0021747713908553123,underdamped
1845,1.2403042092588918,1.0604283809661865,3.6151942644139416,3.16200852394104,0.17987582829270532,14.502557271831314,0.4531857404729016,12.535584738386596,0.002218301175162196,overdamped
1846,1.0,0.9574224352836609,1.611011650187529,1.573040246963501,0.04257756471633911,4.257756471633911,0.03797140322402792,2.356991224713234,0.002340193372219801,critically_damped
1847,0.4901274114534606,0.47523632645606995,0.3929307502329194,0.37991780042648315,0.014891084997390669,3.0382069334240107,0.013012949806436247,3.3117667168381453,0.002081330632790923,underdamped
1848,1.3840905024229222,1.2340234518051147,2.9187410495493213,2.6121251583099365,0.15006705061780745,10.842285988893595,0.3066158912393848,10.505073455787691,0.0027047034818679094,overdamped
1849,0.5842145917168059,0.5672773122787476,1.5234107980966904,1.5190380811691284,0.01693727943805834,2.8991537832503456,0.004372716927562026,0.28703465493517466,0.002271214732900262,underdamped
1850,0.735218806952685,0.7628755569458008,3.3905803479688306,3.5736072063446045,0.027656749993115737,3.7617032822849956,0.18302685837577393,5.398098248443469,0.002483229385688901,underdamped
1851,1.0,0.9202420115470886,1.1900866417553688,1.147855281829834,0.07975798845291138,7.975798845291138,0.04223135992553484,3.5485954084186595,0.0023402113001793623,critically_damped
1852,1.6458377950894594,1.3070093393325806,3.392662383487497,2.845681667327881,0.3388284557568788,20.586989602973713,0.5469807161596161,16.122462371199628,0.0024080611765384674,overdamped
1853,0.4231179510680586,0.27065229415893555,0.5543118991646794,0.4256155490875244,0.15246565690912306,36.03384269664298,0.12869635007715496,23.217316869995756,0.002715539187192917,underdamped
1854,1.0,0.9423167705535889,0.9076635742774712,0.8925944566726685,0.05768322944641113,5.768322944641113,0.015069117604802784,1.6602095789509097,0.002581079490482807,critically_damped
1855,0.6208624152255635,0.55428546667099,1.203998905573427,1.16671884059906,0.06657694855457352,10.723301479021833,0.03728006497436698,3.096353726053567,0.0025230413302779198,underdamped
1856,1.2186300396226781,1.3066917657852173,0.381864866531815,0.3872984051704407,0.08806172616253916,7.22628880786539,0.005433538638625668,1.422895666724808,0.0027877907268702984,overdamped
1857,1.5348317232309743,1.0884435176849365,1.2288375243539578,0.9404113292694092,0.44638820554603775,29.083853219188484,0.2884261950845486,23.471467087252577,0.0024229881819337606,overdamped
1858,1.9327282562829136,1.5682076215744019,2.008864704375789,1.6520472764968872,0.3645206347085117,18.86041835025322,0.3568174278789016,17.762143319142783,0.0024313242174685,overdamped
1859,0.8601900031207039,0.8170140385627747,1.4840069859293994,1.505759835243225,0.04317596455792927,5.019352050278444,0.021752849313825706,1.4658185251198395,0.0024070260114967823,underdamped
1860,1.347404026872173,1.1709203720092773,1.0884421800601791,0.967370867729187,0.17648365486289563,13.098050127739338,0.12107131233099211,11.123357266832326,0.0026137512177228928,overdamped
1861,0.7199096954119198,0.7422435879707336,2.265761990533829,2.3570356369018555,0.022333892558813795,3.1023186242872764,0.09127364636802637,4.028386333134739,0.002389612840488553,underdamped
1862,1.226767717490972,1.157371997833252,2.065313432445561,1.974162220954895,0.06939571965771996,5.656793757146667,0.09115121149066585,4.413432366182438,0.0029267319478094578,overdamped
1863,1.9481935435912288,1.6209293603897095,2.5424724892926007,2.1843268871307373,0.3272641832015193,16.79834040504274,0.3581456021618634,14.086508454670094,0.002922214101999998,overdamped
1864,1.2176163847202899,1.0793272256851196,1.330458471651231,1.213944435119629,0.13828915903517025,11.35736680045891,0.1165140365316022,8.757435050715765,0.002534313127398491,overdamped
1865,0.6957951447889584,0.6440033316612244,1.240890826510133,1.2348333597183228,0.051791813127734065,7.443543335365329,0.006057466791810295,0.4881546919680472,0.002329145325347781,underdamped
1866,0.3536739031436625,0.25735822319984436,1.177121292099024,0.9915788769721985,0.09631567994381812,27.232905534648584,0.18554241512682546,15.762387136500536,0.0032929223962128162,underdamped
1867,0.5495310159311815,0.5738658905029297,2.575283207749939,2.7269954681396484,0.02433487457174821,4.42829865217211,0.15171226038970964,5.8910903442834455,0.0022376892156898975,underdamped
1868,0.4740596124194778,0.5187429189682007,2.1683564210357305,2.3117446899414062,0.04468330654872288,9.425672505757413,0.1433882689056758,6.612762897955005,0.0036044686567038298,underdamped
1869,1.0,0.9708119630813599,3.6077982767157413,3.7026641368865967,0.029188036918640137,2.9188036918640137,0.09486586017085541,2.6294668630202325,0.0022487309761345387,critically_damped
1870,0.4128824485996422,0.42626237869262695,3.1139380245034984,3.2633771896362305,0.013379930092984771,3.240614886480395,0.14943916513273203,4.799041084209097,0.0033444317523390055,underdamped
1871,0.256826174890884,0.2707594633102417,2.2590994153321557,2.3053102493286133,0.013933288419357703,5.425182392440118,0.046210833996457534,2.045542293660554,0.005365896038711071,underdamped
1872,1.1329033879244277,1.107961654663086,0.6547566483911956,0.6516990661621094,0.024941733261341748,2.201576368046445,0.003057582229086253,0.4669799438614402,0.002368389395996928,overdamped
1873,0.804795925225286,0.8389998078346252,3.840752464492624,4.201356887817383,0.034203882609339264,4.25000693185227,0.3606044233247587,9.388900395391552,0.0029721360187977552,underdamped
1874,1.0,0.941575288772583,0.9774668495858363,0.965389609336853,0.05842471122741699,5.842471122741699,0.012077240248983268,1.2355652014286245,0.0024206945672631264,critically_damped
1875,0.058367921243016804,0.12487345933914185,2.930556765202714,2.9016668796539307,0.06650553809612504,113.94193365089531,0.028889885548783134,0.9858155928532151,0.08293571323156357,underdamped
1876,0.4693312131917522,0.4461475610733032,1.4611546639324284,1.4402498006820679,0.023183652118448972,4.9397209192172244,0.02090486325036056,1.4307084504044887,0.003596571972593665,underdamped
1877,1.0,0.948093831539154,2.5500397191118966,2.5428097248077393,0.05190616846084595,5.190616846084595,0.007229994304157383,0.2835247721817986,0.002201040741056204,critically_damped
1878,1.5273930873781139,1.3225488662719727,2.210252983639537,1.9438533782958984,0.2048442211061412,13.411362327020338,0.2663996053436386,12.052901062256177,0.0026000395882874727,overdamped
1879,1.246455845373348,1.1820909976959229,2.337249087868222,2.3358314037323,0.06436484767742523,5.16382894077938,0.001417684135922137,0.06065609965496619,0.0027254729066044092,overdamped
1880,0.3259434306145779,0.41957738995552063,3.94763859799489,4.300513744354248,0.09363395934094271,28.72705830100412,0.352875146359358,8.938891886876185,0.0041599636897444725,underdamped
1881,0.7342367159115278,0.7730647325515747,2.582854631106708,2.7338194847106934,0.03882801664004687,5.2882150672407215,0.15096485360398537,5.84488386554297,0.0026101614348590374,underdamped
1882,0.12608413284709233,0.1756252646446228,2.557159060141703,2.6347591876983643,0.049541131797530474,39.29212239387104,0.07760012755666112,3.0346226312711644,0.025172552093863487,underdamped
1883,1.0997829252946185,1.036911129951477,2.262390754324307,2.208324909210205,0.06287179534314147,5.716745904770151,0.05406584511410184,2.3897660035412107,0.002464663702994585,overdamped
1884,1.7693748204937245,1.4488484859466553,1.0654845208882928,0.938376247882843,0.32052633454706925,18.115230918547258,0.1271082730054498,11.929621736736244,0.002409914042800665,overdamped
1885,0.6803977228211862,0.6886060833930969,1.8329717490855078,1.9267224073410034,0.008208360571910767,1.2064062380861302,0.09375065825549567,5.11468102562241,0.0024293814785778522,underdamped
1886,0.13473819602328987,0.016925401985645294,1.6568845529076244,0.9046993851661682,0.11781279403764458,87.43830444136294,0.7521851677414562,45.397560525352574,0.004057715646922588,underdamped
1887,1.8014821673640682,1.2255624532699585,1.3476725296421712,0.9895371198654175,0.5759197140941097,31.9692153787343,0.35813540977675373,26.574364461657794,0.0021036898251622915,overdamped
1888,0.6785022148506015,0.6823887228965759,2.478779159068232,2.574704885482788,0.003886508045974457,0.5728069799787201,0.09592572641455588,3.8698778817639465,0.0025042276829481125,underdamped
1889,1.2952307099551437,1.1547330617904663,3.7557128884835107,3.4490480422973633,0.14049764816467736,10.84730674503101,0.3066648461861474,8.165289927419696,0.002118074567988515,overdamped
1890,1.7629588353269652,1.5535149574279785,2.8086185486306507,2.5649797916412354,0.20944387789898666,11.880247780155479,0.2436387569894154,8.674683043313308,0.002651283284649253,overdamped
1891,0.6056110879590691,0.6827435493469238,3.4391584793473653,3.8646788597106934,0.07713246138785468,12.736302706707997,0.42552038036332807,12.372805234729318,0.0024800454266369343,underdamped
1892,0.18158959091752594,0.2078692615032196,2.4198183275245335,2.52349853515625,0.026279670585693665,14.472013760760838,0.10368020763171648,4.284627752934701,0.012065036222338676,underdamped
1893,1.7102307694369392,1.2134920358657837,3.624251812372565,2.742114305496216,0.4967387335711555,29.045129022833404,0.8821375068763491,24.339851438161254,0.0025756964460015297,overdamped
1894,1.8307472400392764,1.4346764087677002,2.752143740366332,2.126101016998291,0.39607083127157616,21.63438090247122,0.626042723368041,22.747457343369348,0.0026416415348649025,overdamped
1895,1.3940583626384269,1.2757633924484253,2.018952520400992,1.942811131477356,0.11829497019000157,8.485654070186401,0.0761413889236362,3.7713313292039903,0.0022208087611943483,overdamped
1896,0.5809923333362518,0.5708073377609253,2.5222504743971204,2.6448373794555664,0.010184995575326483,1.7530344190328369,0.12258690505844605,4.860219328048588,0.0025034225545823574,underdamped
1897,0.8982528134029374,0.87530916929245,2.6388737918799388,2.722254991531372,0.022943644110487438,2.5542524073559902,0.08338119965143331,3.159726695077463,0.002428837586194277,underdamped
1898,1.023745033567203,0.9741030931472778,3.2476097006070384,3.2588553428649902,0.04964194041992509,4.849053113053895,0.011245642257951882,0.34627443857708223,0.002561162691563368,overdamped
1899,1.0,1.0110666751861572,3.140978116154134,3.2288081645965576,0.011066675186157227,1.1066675186157227,0.0878300484424237,2.796264258917037,0.002517332322895527,critically_damped
1900,1.0,0.9456630349159241,2.5706011917432297,2.585611343383789,0.05433696508407593,5.433696508407593,0.01501015164055941,0.5839159994468226,0.002230428159236908,critically_damped
1901,1.2165384019542307,1.0885347127914429,3.320038011041722,3.124051809310913,0.12800368916278781,10.521960421238198,0.19598620173080894,5.903131261720547,0.0023552379570901394,overdamped
1902,0.2515898665551137,0.2831399142742157,3.263202800819016,3.35274076461792,0.031550047719102026,12.540269666302567,0.08953796379890377,2.7438675823773826,0.004433081019669771,underdamped
1903,0.11008514987862285,0.1230342835187912,1.9854575623958808,1.783113956451416,0.01294913364016835,11.762834182853677,0.20234360594446477,10.19128334832268,0.023231996223330498,underdamped
1904,1.709092366034659,1.3555439710617065,1.6777642201265925,1.384200930595398,0.35354839497295254,20.686324624644826,0.2935632895311946,17.49729109785428,0.0023101638071238995,overdamped
1905,1.0,0.9346818923950195,2.9805993822849466,2.942962884902954,0.06531810760498047,6.531810760498047,0.037636497381992484,1.2627157344822404,0.0031324957963079214,critically_damped
1906,1.8922631407971318,1.4242713451385498,1.2776278270839287,1.0090187788009644,0.46799179565858195,24.731856028302516,0.2686090482829644,21.024044920502437,0.00246637430973351,overdamped
1907,1.2193716988506913,1.138322353363037,3.7735449570166866,3.6619205474853516,0.08104934548765419,6.646812088885332,0.11162440953133501,2.958078167951224,0.0024769334122538567,overdamped
1908,1.1134148611317252,1.0443798303604126,2.3427937237256002,2.3837831020355225,0.06903503077131257,6.2002972280379165,0.04098937830992222,1.7495939951870514,0.0023123444989323616,overdamped
1909,1.24073580631305,1.196311116218567,2.4530439487537734,2.3936350345611572,0.04442469009448313,3.580511650300059,0.05940891419261618,2.4218446727298897,0.002161554293707013,overdamped
1910,1.0,0.9714758396148682,1.744609154149079,1.7012070417404175,0.028524160385131836,2.8524160385131836,0.04340211240866143,2.4877842871247866,0.0025016642175614834,critically_damped
1911,0.6715247910530986,0.7299059629440308,2.9089238938668145,3.1355369091033936,0.05838117189093217,8.693822278605328,0.22661301523657906,7.790269649693165,0.0027188356034457684,underdamped
1912,1.0,1.0209180116653442,1.792220855875756,1.8506845235824585,0.02091801166534424,2.091801166534424,0.05846366770670253,3.262079420347704,0.0027886691968888044,critically_damped
1913,1.5090024746289767,1.3605724573135376,2.9249215774705766,2.697845220565796,0.14843001731543914,9.836300457488257,0.22707635690478067,7.763502401358484,0.0023913064505904913,overdamped
1914,0.3094627513250705,0.3256019353866577,3.2457395362286774,3.341205358505249,0.01613918406158721,5.21522670902452,0.09546582227657163,2.9412656564394646,0.0038227641489356756,underdamped
1915,0.6475957940301009,0.6613011956214905,2.258992465042656,2.38291072845459,0.013705401591389554,2.1163512360230854,0.1239182634119338,5.485554526167659,0.002623427426442504,underdamped
1916,1.7798275783282234,1.3730829954147339,0.982168126452504,0.8075116276741028,0.40674458291348947,22.85303294915461,0.17465649877840117,17.782749620397833,0.0029103413689881563,overdamped
1917,1.0256973297249308,0.9829990267753601,3.500454653146131,3.478367805480957,0.042698302949570666,4.162856011433841,0.02208684766517388,0.6309708267559676,0.0021275870967656374,overdamped
1918,0.3471122769494168,0.24828410148620605,0.3975218033344184,0.34086892008781433,0.09882817546321077,28.471529826532922,0.05665288324660406,14.251515959979777,0.002091264119371772,underdamped
1919,1.5830829253746237,1.3278783559799194,2.2115003459576337,1.9155349731445312,0.25520456939470426,16.12073286270283,0.2959653728131024,13.383012729529653,0.002189525868743658,overdamped
1920,0.9277437651078069,0.905877411365509,3.9641799946663046,3.962442636489868,0.02186635374229784,2.356938905405298,0.0017373581764363877,0.043826420060995096,0.0021998342126607895,underdamped
1921,0.08287954857154346,0.02031772956252098,1.4191949666076182,0.9952436089515686,0.06256181900902248,75.48523138373243,0.42395135765604963,29.87266497072241,0.004902763292193413,underdamped
1922,1.7796436010011896,1.6297492980957031,1.1194079685797653,1.0591663122177124,0.14989430290548644,8.42271468406141,0.06024165636205292,5.381564009990367,0.002896466525271535,overdamped
1923,0.6999654286755778,0.7494251132011414,3.019978370581682,3.2827746868133545,0.049459684525563596,7.066018191662339,0.26279631623167266,8.7019270995989,0.002434547059237957,underdamped
1924,1.4274033350666524,1.3269810676574707,0.6402206950966354,0.5835701823234558,0.1004222674091817,7.035311249605039,0.05665051277317956,8.848591307194264,0.0022778280545026064,overdamped
1925,1.4249045269479539,1.3362632989883423,0.9930236572781936,0.9672532081604004,0.0886412279596116,6.22085383850067,0.025770449117793248,2.595149564556014,0.002101392252370715,overdamped
1926,1.0,0.9418620467185974,1.0736671525353494,1.0207219123840332,0.05813795328140259,5.813795328140259,0.052945240151316186,4.931252672328823,0.002406785264611244,critically_damped
1927,0.2496002151094617,0.22589640319347382,1.487091454827354,1.4151949882507324,0.023703811915987888,9.496711333198421,0.07189646657662152,4.834703766418215,0.0036778270732611418,underdamped
1928,1.431197785040994,1.2765400409698486,1.2615733775932325,1.196110725402832,0.1546577440711454,10.80617547676791,0.06546265219040048,5.188969056662158,0.0025002288166433573,overdamped
1929,1.0,1.054836630821228,0.39598252902937636,0.3944825232028961,0.05483663082122803,5.483663082122803,0.001500005826480244,0.37880606251922916,0.002766793593764305,critically_damped
1930,0.8193446695627499,0.872160017490387,0.40582234829223196,0.41375860571861267,0.05281534792763709,6.446047663411594,0.00793625742638071,1.9555989116365338,0.002691881963983178,underdamped
1931,1.3656867643167867,1.3059184551239014,0.6818871745868217,0.6511839032173157,0.05976830919288534,4.376428823544005,0.030703271369506013,4.502690842969756,0.0023430234286934137,overdamped
1932,0.39930843787686593,0.3322001099586487,1.2464835144034108,1.121564269065857,0.06710832791821725,16.806138201094395,0.12491924533755383,10.021732649817066,0.0028185758274048567,underdamped
1933,0.1354488104789811,0.17507055401802063,2.4456564540455665,2.490945339202881,0.03962174353903952,29.252190107042697,0.04528888515731433,1.8518089522507615,0.02454187534749508,underdamped
1934,1.3482643063293345,1.2350753545761108,0.8314504259019679,0.7793368101119995,0.11318895175322363,8.395160446053925,0.052113615789968426,6.267795910193312,0.0027013507205992937,overdamped
1935,1.9390006139900844,1.655648112297058,1.092381664481597,0.976906418800354,0.2833525016930263,14.61332707419531,0.1154752456812429,10.57096154539019,0.002390357432886958,overdamped
1936,1.0,0.8789554238319397,1.4442894935505595,1.3395951986312866,0.1210445761680603,12.10445761680603,0.10469429491927285,7.248844181639674,0.0028155148029327393,critically_damped
1937,0.219643864950189,0.2882242798805237,3.17207745365995,3.3082377910614014,0.06858041493033468,31.22346028007083,0.1361603374014515,4.29246572287664,0.011477994732558727,underdamped
1938,1.9585087013404063,1.4405311346054077,3.128532074779491,2.4542617797851562,0.5179775667349986,26.447549933298433,0.6742702949943347,21.55228966421447,0.002805820433422923,overdamped
1939,1.1970485909514967,1.1550509929656982,1.9561841298522078,1.9502575397491455,0.041997597985798496,3.5084288393352447,0.00592659010306229,0.3029668839768193,0.0028846203349530697,overdamped
1940,1.4053157498839512,1.2650078535079956,2.171966819255531,2.042724609375,0.14030789637595564,9.984083391048742,0.1292422098805308,5.9504688899819485,0.0029142522253096104,overdamped
1941,0.380929406016817,0.3785254955291748,1.4522871873842784,1.4612011909484863,0.0024039104876422135,0.6310645620086592,0.008914003564207906,0.6137906911003574,0.0029491956811398268,underdamped
1942,1.9787713504824218,1.2694077491760254,1.271442928962012,0.88688063621521,0.7093636013063964,35.84868969997238,0.384562292746802,30.24613091055162,0.0026954789645969868,overdamped
1943,0.21443473963867804,0.19218049943447113,1.4564526515928773,1.3737609386444092,0.02225424020420691,10.378094632290107,0.08269171294846811,5.677610793459762,0.00465354835614562,underdamped
1944,0.4100491184691737,0.4203749895095825,2.700269921625457,2.80177903175354,0.01032587104040883,2.518203448152297,0.10150911012808317,3.7592208584458344,0.002497741486877203,underdamped
1945,0.4273490450748876,0.4628095030784607,0.3417021291227387,0.3459491431713104,0.035460458003573114,8.29777401219163,0.004247014048571751,1.2428994983072619,0.0022183393593877554,underdamped
1946,0.5794110923506585,0.5543038249015808,2.0689316488868337,2.1575798988342285,0.025107267449077653,4.333239004316953,0.08864824994739484,4.284735553979808,0.0029166319873183966,underdamped
1947,1.2107879407525441,1.0828578472137451,2.8815054269956253,2.7108547687530518,0.12793009353879903,10.565854616894045,0.17065065824257353,5.922274400173552,0.0024503248278051615,overdamped
1948,0.6488858499100432,0.6953802704811096,2.87863661032819,3.055311441421509,0.04649442057106645,7.165269604432289,0.17667483109331883,6.137448209316575,0.0024661128409206867,underdamped
1949,0.6786904443939059,0.6461169123649597,0.5305092173904598,0.5199121236801147,0.032573532028946195,4.799468196142866,0.010597093710345007,1.9975324392046232,0.0025307878386229277,underdamped
1950,0.8438995891435562,0.8764649033546448,3.1378383737066997,3.2600924968719482,0.03256531421108855,3.858908646245216,0.12225412316524853,3.896125568151264,0.0026946705766022205,underdamped
1951,1.2669480355160085,1.0582497119903564,2.3855940281356065,2.0394129753112793,0.2086983235256521,16.472524340009926,0.3461810528243272,14.51131452969285,0.0027452856302261353,overdamped
1952,0.8756222876456834,0.8985171318054199,3.3676723968434,3.6065948009490967,0.022894844159736527,2.6146940847399747,0.23892240410569654,7.094585694548086,0.001933616935275495,underdamped
1953,1.0,1.0588265657424927,0.3837892626171689,0.38470458984375,0.058826565742492676,5.882656574249268,0.0009153272265811085,0.23849735147336587,0.002403894905000925,critically_damped
1954,0.32360395428480043,0.3049919605255127,1.3310983887093677,1.2925171852111816,0.018611993759287737,5.751472907808635,0.038581203498186056,2.8984486665628353,0.002808426506817341,underdamped
1955,0.7806065878170747,0.8023971915245056,2.693602872530972,2.817418098449707,0.02179060370743091,2.791496260410406,0.12381522591873484,4.596639956891462,0.0025227286387234926,underdamped
1956,0.919117172054948,0.830461323261261,2.756986276526677,2.752528429031372,0.08865584879368704,9.645761333723279,0.0044578474953049785,0.16169277059010576,0.0025093385484069586,underdamped
1957,1.4258242851899148,1.357299566268921,1.7419475861354903,1.697595477104187,0.06852471892099388,4.805972210795009,0.044352109031303266,2.5461219031106666,0.0025116384495049715,overdamped
1958,0.2273134413262568,0.17160771787166595,1.7963143738823122,1.5102169513702393,0.05570572345459085,24.506128247224034,0.28609742251207293,15.926912720390945,0.004976650234311819,underdamped
1959,1.752583030059635,1.361126184463501,3.1420863346273116,2.45613694190979,0.39145684559613403,22.33599429425115,0.6859493927175215,21.831016708803556,0.0022708303295075893,overdamped
1960,1.0,0.9721847176551819,2.6045312345723564,2.663435459136963,0.027815282344818115,2.7815282344818115,0.05890422456460653,2.2616056118934638,0.002512093633413315,critically_damped
1961,1.3523294388585225,1.2826802730560303,2.252018502678898,2.207933187484741,0.06964916580249225,5.150310553120983,0.04408531519415693,1.9575911628485758,0.0026182406581938267,overdamped
1962,1.0,0.9563304781913757,3.6956660792195897,3.6730597019195557,0.04366952180862427,4.366952180862427,0.02260637730003401,0.6116996724121725,0.002459392650052905,critically_damped
1963,0.342484916037661,0.3713548183441162,2.214543747580387,2.3211164474487305,0.028869902306455197,8.42953980001868,0.10657269986834361,4.812399844653558,0.004544718656688929,underdamped
1964,1.1227577726625348,1.0774204730987549,3.114858558265523,3.061586380004883,0.045337299563779965,4.038030345251229,0.053272178260640235,1.7102599448465583,0.0025576227344572544,overdamped
1965,1.692270018264238,1.514714241027832,2.639823618560125,2.416443347930908,0.17755577723640603,10.49216586715429,0.22338027062921695,8.461939239374573,0.0027260580100119114,overdamped
1966,0.3657281922453653,0.4605676531791687,3.449583953820718,3.790153741836548,0.09483946093380341,25.931679029593667,0.3405697880158298,9.87277864736757,0.005162643268704414,underdamped
1967,1.3534714657605487,1.2958213090896606,1.5423285794877155,1.555346965789795,0.05765015667088802,4.259429040751368,0.01301838630207941,0.8440734662651111,0.002705065533518791,overdamped
1968,0.2708682512458898,0.2256348431110382,0.6847424953065455,0.5394061207771301,0.045233408134851605,16.69941306402479,0.1453363745294154,21.224967856617575,0.0033994929399341345,underdamped
1969,0.1591215244125365,0.2260662168264389,0.3174672636310355,0.31976118683815,0.06694469241390241,42.0714247560515,0.0022939232071145232,0.7225700000931592,0.0024909423664212227,underdamped
1970,1.0235074907228474,0.9607648253440857,1.5067668249742001,1.482352614402771,0.06274266537876172,6.130161815860283,0.024414210571429118,1.62030449348705,0.0029615620151162148,overdamped
1971,0.03167835340263785,0.09071342647075653,3.1580220407066486,3.206857919692993,0.05903507306811868,186.35777029750173,0.04883587898634456,1.5464071610917858,0.12439912557601929,underdamped
1972,1.7825244349291443,1.5256593227386475,0.9215674681702564,0.8470048904418945,0.2568651121904968,14.410187437386082,0.07456257772836183,8.090843080257978,0.003164550056681037,overdamped
1973,1.9770372054832337,1.4940897226333618,3.864184431269686,3.080598831176758,0.4829474828498719,24.427839876277307,0.7835856000929282,20.27816254710853,0.0023169969208538532,overdamped
1974,1.3305281062708196,1.0991131067276,1.4895696183700629,1.3489559888839722,0.23141499954321954,17.392717857860617,0.14061362948609069,9.439883020704656,0.002576107857748866,overdamped
1975,0.0568721249412594,-0.0867292508482933,1.5418063125594614,0.6544487476348877,0.1436013757895527,252.4986993854581,0.8873575649245737,57.55311531002386,0.0033360628876835108,underdamped
1976,0.8204215252631996,0.8579696416854858,3.971893347469235,4.200926303863525,0.03754811642228628,4.576685918892787,0.22903295639429055,5.766342052971366,0.0027825774159282446,underdamped
1977,0.4723912907603187,0.48392871022224426,3.846612013756186,4.001265525817871,0.011537419461925547,2.442343812765038,0.1546535120616852,4.020512375789814,0.002930846530944109,underdamped
1978,0.6108878223124193,0.5958718657493591,2.2109084890778608,2.3138132095336914,0.015015956563060207,2.458054656617589,0.10290472045583066,4.654408853382746,0.0028522794600576162,underdamped
1979,0.4470638705405058,0.48692116141319275,3.265624731774283,3.529888153076172,0.03985729087268697,8.915345993962564,0.26426342130188907,8.092277680611183,0.002727981423959136,underdamped
1980,1.3340348110644218,1.2189761400222778,1.9313420562867005,1.771649956703186,0.11505867104214396,8.624862716313904,0.1596920995835145,8.26845245065221,0.003021831391379237,overdamped
1981,0.945930256414296,0.8800125122070312,0.7302846937246585,0.7057465314865112,0.0659177442072647,6.968562825882824,0.02453816223814731,3.360081684444972,0.0025911133270710707,underdamped
1982,1.0,0.9768351316452026,1.2181125448794106,1.1991773843765259,0.023164868354797363,2.3164868354797363,0.018935160502884685,1.554467243809496,0.0024971305392682552,critically_damped
1983,0.6004420727597642,0.5616706609725952,1.0312270206327276,0.9926824569702148,0.03877141178716903,6.457144418439412,0.0385445636625128,3.737737946282972,0.0024210179690271616,underdamped
1984,0.46979620807145195,0.45825067162513733,1.628661194835059,1.673945426940918,0.01154553644631462,2.4575627150567896,0.04528423210585908,2.7804574855389244,0.0028045105282217264,underdamped
1985,0.4543776571574766,0.4470311403274536,1.7496916862623517,1.8125340938568115,0.007346516830022964,1.6168305624844652,0.0628424075944598,3.591627490023811,0.003625537734478712,underdamped
1986,0.13208134684955106,0.16671736538410187,2.187327058452868,2.256059408187866,0.03463601853455081,26.22324753699204,0.06873234973499809,3.142298700570805,0.02096971869468689,underdamped
1987,0.7466186806190335,0.7579982876777649,3.9411040511968713,4.065803527832031,0.011379607058731422,1.5241524695439455,0.1246994766351599,3.164074711432447,0.002517699496820569,underdamped
1988,1.784528343228755,1.5516724586486816,1.1508035247524795,1.0710161924362183,0.23285588458007345,13.04859547138188,0.07978733231626123,6.933184561927917,0.0020117354579269886,overdamped
1989,1.2730671895536494,1.12191903591156,3.9131129800037563,3.6685259342193604,0.15114815364208933,11.872755411682823,0.24458704578439594,6.250446819047917,0.002831230638548732,overdamped
1990,0.2193840220257808,0.24563071131706238,2.6459610914973326,2.7459561824798584,0.026246689291281572,11.96381078663842,0.09999509098252579,3.7791595388101196,0.007891192100942135,underdamped
1991,1.0,0.9804744720458984,1.2455987574935943,1.263060212135315,0.019525527954101562,1.9525527954101562,0.017461454641720664,1.4018522848286048,0.0025076079182326794,critically_damped
1992,1.0,0.9688647985458374,1.6005316653853177,1.5922396183013916,0.031135201454162598,3.1135201454162598,0.008292047083926057,0.5180807892313584,0.0024997584987431765,critically_damped
1993,1.4446238913805662,1.2778598070144653,2.3590824633863985,2.1843276023864746,0.1667640843661009,11.543771729175232,0.17475486099992388,7.407747025047529,0.0021242054644972086,overdamped
1994,0.39464762100489775,0.42087653279304504,3.6156044132898435,3.7796692848205566,0.02622891178814729,6.646159863161009,0.16406487153071314,4.537688662168389,0.0027440025005489588,underdamped
1995,1.6993541551366724,1.4163591861724854,2.6493247221547187,2.2181687355041504,0.2829949689641871,16.65308953456067,0.4311559866505683,16.27418424948322,0.0026424431707710028,overdamped
1996,1.8155066919819065,1.345682978630066,3.209026092338795,2.4526174068450928,0.4698237133518406,25.878379596549728,0.7564086854937022,23.571284985795117,0.002978408941999078,overdamped
1997,0.2799180397254918,0.28909289836883545,1.8815908781377806,1.7871922254562378,0.009174858643343664,3.2776946610304947,0.0943986526815428,5.01695951964699,0.006119344849139452,underdamped
1998,1.109211177363004,1.0010720491409302,1.2117755909896601,1.150052785873413,0.10813912822207383,9.749192077126345,0.06172280511624706,5.093583793500733,0.002401252742856741,overdamped
1999,1.0,0.9622122049331665,2.958227514958132,2.9666543006896973,0.037787795066833496,3.7787795066833496,0.00842678573156519,0.2848592844517726,0.0027644543442875147,critically_damped
2000,1.5746725666220178,1.3524638414382935,2.8102078636441394,2.4800612926483154,0.22220872518372436,14.111424171210766,0.330146570995824,11.748119250072348,0.002191236475482583,overdamped
2001,1.936530949562569,1.4954124689102173,1.7027040973321512,1.2985761165618896,0.4411184806523518,22.778798384399344,0.4041279807702616,23.73448101777999,0.0027011828497052193,overdamped
2002,1.0,0.9968433976173401,3.037757605352134,3.0449976921081543,0.003156602382659912,0.3156602382659912,0.007240086756020503,0.23833655270138776,0.002634532982483506,critically_damped
2003,1.2468603462499892,1.1617683172225952,2.6439397180089976,2.5700271129608154,0.08509202902739399,6.824503584809126,0.0739126050481822,2.795548043124131,0.003089324804022908,overdamped
2004,1.4513622531904766,1.2920399904251099,0.7415225011958655,0.6503791809082031,0.15932226276536676,10.977429130124781,0.09114332028766237,12.291376207825662,0.0020634436514228582,overdamped
2005,1.2022823931045408,1.096462368965149,2.1106096716098848,2.039278030395508,0.10582002413939184,8.801594762287316,0.07133164121437696,3.379669968060374,0.0025168561842292547,overdamped
2006,0.8540743249776577,0.8242312669754028,1.7641877780283781,1.7763978242874146,0.02984305800225484,3.494199173243561,0.012210046259036433,0.6921058183886832,0.0024642404168844223,underdamped
2007,0.7508406793979885,0.7755442261695862,3.5442632897499937,3.831559658050537,0.024703546771597695,3.2901183232912454,0.2872963683005434,8.10595446256502,0.0026162893045693636,underdamped
2008,0.11168566118073468,0.15640026330947876,3.4250645280091168,3.5148110389709473,0.04471460212874408,40.0361171309045,0.0897465109618305,2.6202867195029858,0.020099204033613205,underdamped
2009,0.8443470137351581,0.8133715987205505,0.5332631278044004,0.5217974781990051,0.030975415014607544,3.6685645250974313,0.011465649605395312,2.1500923292039205,0.0030585937201976776,underdamped
2010,1.4893160774801322,1.3124102354049683,3.28848593967722,3.021819591522217,0.1769058420751639,11.878327559216446,0.26666634815500334,8.109091936126017,0.00253952550701797,overdamped
2011,1.2061231557550811,1.0920534133911133,3.938053212084201,3.7329466342926025,0.11406974236396783,9.457553469534014,0.20510657779159835,5.208324183183051,0.0023985644802451134,overdamped
2012,1.0,0.7959269881248474,0.6270290017526645,0.5515245199203491,0.2040730118751526,20.40730118751526,0.0755044818323154,12.041625127588373,0.002640688559040427,critically_damped
2013,0.46563468200658426,0.48687243461608887,1.8733438091626853,1.9432592391967773,0.021237752609504612,4.56103323703974,0.06991543003409206,3.732119522969019,0.003348717698827386,underdamped
2014,0.8902658037224418,0.9128651022911072,3.3685289002051135,3.622201442718506,0.022599298568665382,2.538488895582826,0.25367254251339233,7.530662494774674,0.0026046698912978172,underdamped
2015,1.0,0.9378588199615479,3.851052490961839,3.7507452964782715,0.06214118003845215,6.214118003845215,0.1003071944835674,2.604669625225354,0.002186124213039875,critically_damped
2016,0.2648705903767315,0.28366902470588684,2.574078949693371,2.6563212871551514,0.018798434329155345,7.097214644486541,0.08224233746178022,3.1950200078974684,0.004890052136033773,underdamped
2017,1.3387415488337224,1.243313193321228,2.0699821490488315,1.9946895837783813,0.0954283555124944,7.128213477472867,0.07529256527045014,3.637353360996253,0.0023680701851844788,overdamped
2018,1.0,1.0310685634613037,0.5284549302799122,0.5328960418701172,0.03106856346130371,3.106856346130371,0.004441111590204994,0.840395525849787,0.002222425304353237,critically_damped
2019,0.4039678239191666,0.4344571530818939,2.8202804925897924,2.982335329055786,0.03048932916272734,7.5474647626461,0.16205483646599372,5.746053872718981,0.0031598259229213,underdamped
2020,1.310162786157867,1.2320375442504883,2.352499305484028,2.33282208442688,0.0781252419073788,5.963017934319892,0.01967722105714831,0.8364389741275485,0.002399308839812875,overdamped
2021,1.987902337866146,1.5492879152297974,3.626910762401197,2.9772121906280518,0.43861442263634864,22.064183651354124,0.6496985717731452,17.91327700996459,0.0026644340250641108,overdamped
2022,0.4205023242557152,0.31711846590042114,1.0596081516850897,0.8707006573677063,0.10338385835529407,24.585799504980724,0.1889074943173834,17.828052192403838,0.0025543563533574343,underdamped
2023,0.7424413077911313,0.7645450234413147,2.854091632664752,3.0115530490875244,0.02210371565018343,2.977166736040743,0.15746141642277234,5.517041380894868,0.0027305372059345245,underdamped
2024,0.3934726013426443,0.41520774364471436,2.208819483461289,2.2593953609466553,0.021735142302070076,5.523927772328588,0.050575877485366405,2.2897243466049306,0.002439411822706461,underdamped
2025,1.8770355414391864,1.3609834909439087,3.6849680462910235,2.802955150604248,0.5160520504952777,27.492929094970847,0.8820128956867754,23.935428600921924,0.0024408847093582153,overdamped
2026,1.2519243113995457,1.2099658250808716,2.0068928008837457,1.9646836519241333,0.04195848631867416,3.3515194118858602,0.042209148959612364,2.1032089477337976,0.00258006458170712,overdamped
2027,0.12447727387033965,0.18801258504390717,3.1775594384218477,3.2684645652770996,0.06353531117356752,51.04169556263608,0.09090512685525187,2.860847408739595,0.0254988893866539,underdamped
2028,1.474964908869155,1.4180375337600708,0.4393187318988673,0.4078148305416107,0.05692737510908419,3.85957487983426,0.03150390135725656,7.171080828055579,0.002278696745634079,overdamped
2029,1.3876825225535478,1.2264313697814941,1.392697961188142,1.254978060722351,0.1612511527720537,11.62017609584986,0.13771990046579097,9.888712721909855,0.002567724557593465,overdamped
2030,1.5494910358012914,1.4853438138961792,1.4078062626425665,1.388753890991211,0.06414722190511224,4.139889836273861,0.019052371651355537,1.3533376116393099,0.0025572115555405617,overdamped
2031,1.74361116729076,1.3259862661361694,2.803123960133093,2.253039598464966,0.4176249011545905,23.95172209200175,0.550084361668127,19.62397558907844,0.0023253222461789846,overdamped
2032,1.6175639414734686,1.2508196830749512,2.789390532698479,2.2927699089050293,0.36674425839851743,22.672628203151177,0.49662062379344984,17.803911570353506,0.002598497550934553,overdamped
2033,1.134374915522913,1.038297414779663,2.5474752339368303,2.5167083740234375,0.09607750074324994,8.469642569534525,0.030766859913392786,1.2077393139499197,0.0025226690340787172,overdamped
2034,0.1546100503837222,0.005406215321272612,0.9219916200916594,0.5985909700393677,0.14920383506244958,96.50332219163302,0.3234006500522917,35.07631121637971,0.0030831412877887487,underdamped
2035,1.0,0.9527243971824646,0.5102046878277497,0.506758987903595,0.0472756028175354,4.72756028175354,0.003445699924154777,0.6753563827147899,0.0018071065424010158,critically_damped
2036,1.0931846818966207,1.0917248725891113,1.6591167663197075,1.6068776845932007,0.00145980930750933,0.13353729993514307,0.05223908172650682,3.148607909157883,0.0022072994615882635,overdamped
2037,0.5921230478727769,0.6717642545700073,3.66133172290247,4.032555103302002,0.0796412066972304,13.45011091585512,0.37122338039953195,10.139026138425113,0.002982274629175663,underdamped
2038,0.14214515243073758,0.21014045178890228,2.48392583487243,2.4942545890808105,0.0679952993581647,47.83511656600211,0.01032875420838053,0.41582377635324996,0.027995824813842773,underdamped
2039,0.3843696567678221,0.3975895643234253,1.5070619534892524,1.535475730895996,0.013219907555603205,3.4393733539660416,0.028413777406743668,1.88537553754563,0.004392143804579973,underdamped
2040,0.24765742776147193,0.21892724931240082,0.7536825204929218,0.7084597945213318,0.02873017844907111,11.600773983949397,0.04522272597159005,6.000235476074671,0.002664325525984168,underdamped
2041,1.0,0.9585558176040649,3.0000468898720767,2.9979450702667236,0.04144418239593506,4.144418239593506,0.0021018196053530502,0.07005955848385664,0.0023564461153000593,critically_damped
2042,1.8003000703592218,1.3179521560668945,3.755212523927065,2.80936336517334,0.48234791429232726,26.792639862313745,0.9458491587537252,25.187633262486848,0.0026216506958007812,overdamped
2043,0.3301395508935924,0.3387335240840912,2.0911805575701794,2.186567544937134,0.00859397319049876,2.6031334831701796,0.09538698736695439,4.561394137949909,0.00570722995325923,underdamped
2044,0.727726119554056,0.748383641242981,2.7590758635126953,2.9296700954437256,0.020657521688924985,2.8386395834718323,0.1705942319310303,6.183020705847487,0.0028124765958637,underdamped
2045,0.8998447711495143,0.8755762577056885,2.077366171960263,2.1283583641052246,0.024268513443825857,2.696966657129522,0.050992192144961646,2.4546559404519392,0.003020510310307145,underdamped
2046,1.7157114856309987,1.4141126871109009,3.192435906276246,2.6932482719421387,0.30159879852009785,17.578643090401464,0.4991876343341075,15.636574985036273,0.002387640066444874,overdamped
2047,1.92931619072968,1.5765972137451172,1.0954357685370018,0.9530314207077026,0.3527189769845629,18.282072097843237,0.14240434782929912,12.999789847969435,0.0024229283444583416,overdamped
2048,0.029003289616896452,0.17010466754436493,3.7238462222960713,3.7562830448150635,0.14110137792746846,486.50128930639306,0.03243682251899216,0.8710569820198447,0.1959558129310608,underdamped
2049,1.1012382442479298,1.0490978956222534,2.8431002655174464,2.742201089859009,0.0521403486256764,4.734701950102059,0.10089917565843765,3.5489137292199544,0.002551549579948187,overdamped
2050,1.3986486035861707,1.1790186166763306,3.8298112378159357,3.417307138442993,0.21962998690984015,15.703014062767679,0.4125040993729425,10.770872864433532,0.002609926974400878,overdamped
2051,1.4131886955809367,1.2540149688720703,3.035389927157174,2.826305866241455,0.15917372670886643,11.263444662882259,0.20908406091571896,6.888210936100022,0.0023677314165979624,overdamped
2052,0.05468853252696142,0.01705600507557392,1.1816205156526003,0.7208559513092041,0.037632527451387496,68.8124652692677,0.4607645643433962,38.994292857967125,0.005041099619120359,underdamped
2053,0.44906641940427894,0.500451385974884,2.7567161464844596,2.926537036895752,0.051384966570605095,11.442620590239457,0.16982089041129234,6.160260302021257,0.0033967550843954086,underdamped
2054,0.5523394947599921,0.6065776944160461,3.724112036156817,4.040985107421875,0.05423819965605403,9.819721416014644,0.31687307126505804,8.508687928520606,0.002579430351033807,underdamped
2055,1.854464814484462,1.3650695085525513,3.334671723526386,2.5332326889038086,0.4893953059319107,26.390110079708457,0.8014390346225775,24.033521169965802,0.002624956890940666,overdamped
2056,0.2980540427024703,0.3268914520740509,3.1723242285142934,3.2947170734405518,0.02883740937158058,9.675228394861014,0.12239284492625835,3.858144253545579,0.003798258723691106,underdamped
2057,1.3609095145233026,1.1098874807357788,3.05898625893395,2.695098876953125,0.25102203378752375,18.44516708191664,0.3638873819808248,11.895685406172396,0.002097326796501875,overdamped
2058,1.8220787813272774,1.3639827966690063,0.4206447028398319,0.285945862531662,0.45809598465827106,25.141392861431328,0.13469884030816992,32.02199847015759,0.00239315303042531,overdamped
2059,0.9068759607771983,0.8647300601005554,1.7666926893640247,1.7630900144577026,0.04214590067664292,4.647372132405365,0.0036026749063220453,0.20392199096148064,0.0019347552442923188,underdamped
2060,0.7257162458280194,0.6965147852897644,1.2383115316000897,1.226297378540039,0.02920146053825501,4.023812434422915,0.012014153060050603,0.9702044076522862,0.0025127509143203497,underdamped
2061,1.2597862403959448,1.0869415998458862,1.3676169187765375,1.2445900440216064,0.17284464055005855,13.720156246168738,0.12302687475493101,8.995711669389859,0.0020918913651257753,overdamped
2062,0.07763932773986593,0.06374787539243698,1.2387546324417211,0.8720382452011108,0.013891452347428945,17.89228829231093,0.3667163872406103,29.603633975339577,0.005888143088668585,underdamped
2063,1.5331728767804311,1.3299723863601685,0.47231918613380197,0.39172086119651794,0.20320049042026267,13.253592826855327,0.08059832493728403,17.064376655334843,0.002894837176427245,overdamped
2064,0.2275698625631932,0.2527953088283539,2.6083437914862486,2.709688186645508,0.025225446265160684,11.084704266653896,0.10134439515925919,3.885392542580156,0.0076860166154801846,underdamped
2065,1.0732501590655212,1.0099700689315796,2.8976799012425016,2.8326733112335205,0.06328009013394165,5.896117470789812,0.06500659000898112,2.243401349510925,0.0025585824623703957,overdamped
2066,0.2360463094306004,0.23285464942455292,0.34831480781240887,0.3296576142311096,0.003191660006047481,1.3521329834584241,0.018657193581299247,5.356417000608086,0.003045719815418124,underdamped
2067,1.3969950012270211,1.3003296852111816,0.6026969310292735,0.5562357306480408,0.0966653160158395,6.919517674074392,0.04646120038123269,7.708882854586169,0.0021258348133414984,overdamped
2068,0.7645988448215307,0.7602580785751343,1.4689017599362344,1.4945491552352905,0.004340766246396455,0.567718127720904,0.02564739529905613,1.7460252277299673,0.002430842025205493,underdamped
2069,1.0,0.9690228700637817,1.668258958134341,1.651549220085144,0.03097712993621826,3.097712993621826,0.016709738049196954,1.001627353338711,0.0020543804857879877,critically_damped
2070,0.9575253387508341,0.9381021857261658,3.781799039056359,3.7866263389587402,0.01942315302466835,2.028474050619627,0.004827299902381288,0.12764559545675394,0.002246359596028924,underdamped
2071,0.26424620471123555,0.1280544102191925,0.517366296391304,0.36691728234291077,0.13619179449204305,51.53973531649072,0.15044901404839328,29.079786429420384,0.0029401134233921766,underdamped
2072,1.977657111456415,1.606401801109314,1.1508953768646417,1.0155360698699951,0.371255310347101,18.77248124543166,0.1353593069946466,11.76121737176518,0.002674093237146735,overdamped
2073,1.0294314157640982,0.9827308654785156,3.6314102420436503,3.6444616317749023,0.04670055028558262,4.536538284186617,0.013051389731252083,0.3594027901377275,0.0027344494592398405,overdamped
2074,1.331582119200553,1.1627689599990845,3.481484621682199,3.1800060272216797,0.16881315920146855,12.677637884084803,0.3014785944605194,8.659483732398325,0.0028030925896018744,overdamped
2075,0.24056570018769166,0.37132513523101807,3.9886578535669757,4.393248081207275,0.1307594350433264,54.35497867788577,0.4045902276402997,10.143518007654704,0.008120320737361908,underdamped
2076,0.9333032946819593,0.9188000559806824,3.452773696215963,3.5676629543304443,0.0145032387012769,1.5539684456186509,0.11488925811448114,3.3274482553082763,0.002878012601286173,underdamped
2077,0.4448029129272123,0.5277297496795654,0.3218729998804824,0.3339052200317383,0.08292683675235313,18.643501277142782,0.012032220151255879,3.738188712853726,0.0022599329240620136,underdamped
2078,1.0772086742987885,0.9170047044754028,1.2471883615883381,1.148814082145691,0.1602039698233857,14.872138857187615,0.0983742794426472,7.887684208130688,0.0025333294179290533,overdamped
2079,0.1397431778793313,0.044058121740818024,0.4697131867120079,0.33091890811920166,0.09568505613851327,68.47207684165994,0.13879427859280624,29.548729420258802,0.0026253662072122097,underdamped
2080,1.0468057305698957,0.9929018020629883,3.762585129807945,3.639630079269409,0.053903928506907395,5.149372699513342,0.12295505053853573,3.267834382389423,0.002815729007124901,overdamped
2081,1.0,0.9397077560424805,2.292194026899317,2.2713749408721924,0.06029224395751953,6.029224395751953,0.020819086027124456,0.9082601988666172,0.0023073276970535517,critically_damped
2082,0.6166912220231403,0.5926749110221863,1.8928681964336735,1.9500287771224976,0.024016311000954027,3.894381846747424,0.057160580688824014,3.0197866283832897,0.002473903354257345,underdamped
2083,1.0,0.9804432988166809,2.003435858770486,2.045105218887329,0.019556701183319092,1.9556701183319092,0.04166936011684319,2.079894893286766,0.0025369389913976192,critically_damped
2084,1.6276625976359,1.4895877838134766,0.6475754350503093,0.573424756526947,0.13807481382242348,8.4830120212242,0.07415067852336232,11.450508235785943,0.002521507441997528,overdamped
2085,0.2423866039667132,0.2380448877811432,1.370641118387916,1.3068042993545532,0.004341716185569999,1.791236031412959,0.06383681903336269,4.6574422857271776,0.0033887173049151897,underdamped
2086,0.07934599335658311,0.11700230091810226,2.0162436630511817,1.9546427726745605,0.03765630756151915,47.458360489975405,0.0616008903766212,3.055230451829446,0.04129122197628021,underdamped
2087,0.822331078616234,0.8341805934906006,2.4137463697071286,2.508334159851074,0.011849514874366585,1.4409664407073353,0.09458779014394558,3.918712890924922,0.0021404342260211706,underdamped
2088,0.14225920729699082,0.19900573790073395,2.97600946241218,3.065485954284668,0.05674653060374313,39.88953100608447,0.08947649187248796,3.0065929897939077,0.019923651590943336,underdamped
2089,1.74986523439966,1.5003926753997803,1.915299074867492,1.6849896907806396,0.24947255899987963,14.256672690881144,0.23030938408685242,12.024721731919916,0.0026341082993894815,overdamped
2090,1.0,1.0070586204528809,3.6744010474571493,3.8014392852783203,0.007058620452880859,0.7058620452880859,0.12703823782117096,3.4573862836526006,0.0028676989022642374,critically_damped
2091,1.0,0.9517570734024048,1.4801998546502348,1.4509973526000977,0.048242926597595215,4.8242926597595215,0.02920250205013719,1.9728756193559838,0.0025137262418866158,critically_damped
2092,0.3204191052417046,0.22128257155418396,0.6035250414422775,0.4506034255027771,0.09913653368752062,30.93964500423222,0.15292161593950038,25.338073060573436,0.0025007440708577633,underdamped
2093,0.7734486001698482,0.7455896139144897,1.8538236307582987,1.8885208368301392,0.02785898625535843,3.601918246311473,0.03469720607184046,1.8716562620171,0.0030687665566802025,underdamped
2094,0.5854221603848775,0.563179075717926,0.9150946400104152,0.9081233739852905,0.022243084666951463,3.799494821365843,0.006971266025124656,0.7618082021598676,0.0022048023529350758,underdamped
2095,0.7446894354195074,0.7739486694335938,3.292765319315109,3.498023271560669,0.029259234014086366,3.9290518466404327,0.20525795224555976,6.233604048291335,0.0029892688617110252,underdamped
2096,0.6605577603315532,0.6893407702445984,2.4460557864135306,2.5563225746154785,0.028783009913045166,4.3573797238561145,0.11026678820194791,4.5079424931523695,0.0029742924962192774,underdamped
2097,0.8439662410288992,0.9244579076766968,0.3547331271250589,0.36057594418525696,0.08049166664779761,9.53730880866376,0.005842817060198069,1.6471021772201788,0.00248744641430676,underdamped
2098,1.6292358899121746,1.298699975013733,0.346747619294834,0.25438112020492554,0.3305359148984417,20.28778748031751,0.09236649908990846,26.637962007569172,0.0025826001074165106,overdamped
2099,1.0,0.9734851717948914,2.5188656729915277,2.530165195465088,0.026514828205108643,2.6514828205108643,0.011299522473560142,0.4485956752167843,0.002358590718358755,critically_damped
2100,0.44598317001698645,0.5087918639183044,3.3835934574516524,3.5828933715820312,0.06280869390131799,14.083198228965848,0.19929991413037884,5.890184995229339,0.002451015403494239,underdamped
2101,0.108995659819687,0.16542676091194153,2.958849678046708,2.9863576889038086,0.056431101092254535,51.77371391265421,0.02750801085710064,0.9296859878079418,0.03403292968869209,underdamped
2102,0.15775801756548058,0.22273389995098114,3.318124896880005,3.44472074508667,0.06497588238550056,41.187055585641495,0.12659584820666492,3.815282791967884,0.01465317141264677,underdamped
2103,0.18492339619083065,0.248549684882164,2.3405843932694497,2.330465316772461,0.06362628869133335,34.4068354799598,0.010119076496988733,0.43233119583668933,0.017843883484601974,underdamped
2104,1.8973960881567509,1.441892385482788,2.7726413499942244,2.2624917030334473,0.4555037026739628,24.00677989783712,0.5101496469607771,18.39940989705862,0.002764530014246702,overdamped
2105,0.113558007608071,0.1498008519411087,2.2545687970253523,2.2956700325012207,0.036242844333037705,31.915709949865118,0.041101235475868414,1.8230197956299594,0.030792688950896263,underdamped
2106,1.8765107863715784,1.450492262840271,3.8764559337997544,3.0797572135925293,0.4260185235313074,22.702695163029514,0.7966987202072251,20.5522449838941,0.0026517610531300306,overdamped
2107,1.4052508725556838,1.1811423301696777,1.2815893336833097,1.1097509860992432,0.22410854238600608,15.947938319257343,0.17183834758406658,13.408222358577238,0.0026755155995488167,overdamped
2108,1.671466371656621,1.4148330688476562,2.686005585191084,2.407348394393921,0.2566333028089647,15.35378199410681,0.2786571907971629,10.37440846487812,0.0026949348393827677,overdamped
2109,1.6449219287064079,1.4853429794311523,1.1969630627915533,1.098514199256897,0.1595789492752555,9.70130840195868,0.09844886353465632,8.224887349911551,0.002736795460805297,overdamped
2110,1.4214626530589802,1.3397959470748901,0.9095019052809523,0.8786697387695312,0.0816667059840901,5.74525864667241,0.030832166511421066,3.390005708882684,0.0025480107869952917,overdamped
2111,0.49324224612100337,0.48600122332572937,1.3768696727926688,1.3359507322311401,0.007241022795273999,1.4680459454192036,0.04091894056152867,2.9718818977640673,0.002263863803818822,underdamped
2112,0.3494122211264219,0.372658371925354,2.7118408394458946,2.8220956325531006,0.023246150798932108,6.652930090422152,0.11025479310720598,4.065680828441766,0.003601000178605318,underdamped
2113,0.6594794964472576,0.5966533422470093,1.3424094511543208,1.3132073879241943,0.06282615420024829,9.526627368812044,0.029202063230126418,2.175346963254463,0.002581576583907008,underdamped
2114,1.9682399208607488,1.6114596128463745,2.6456340786590777,2.2174735069274902,0.3567803080143743,18.126870826720527,0.4281605717315875,16.183665578899628,0.0017690211534500122,overdamped
2115,1.0,1.0102927684783936,0.47063860691822834,0.4713698923587799,0.010292768478393555,1.0292768478393555,0.0007312854405515656,0.15538152412528786,0.002553461352363229,critically_damped
2116,1.737830809680116,1.3681808710098267,0.3167408103968447,0.24475398659706116,0.3696499386702894,21.270766786458985,0.07198682379978355,22.727359859183043,0.002288609743118286,overdamped
2117,0.70804312485356,0.7283957600593567,3.013069874743014,3.181767702102661,0.020352635205796665,2.8744909019498026,0.16869782735964733,5.59886874093936,0.0026574325747787952,underdamped
2118,0.4012885493381761,0.3889903724193573,1.6653022929451973,1.6461758613586426,0.012298176918818793,3.064671777727404,0.019126431586554693,1.1485261064961565,0.002741463715210557,underdamped
2119,0.5665188511496025,0.6409066319465637,3.3871179780464655,3.6717612743377686,0.07438778079696118,13.130680584769694,0.284643296291303,8.403701853204188,0.0028209900483489037,underdamped
2120,1.2099012033389809,1.0885785818099976,3.5705839363874032,3.2908804416656494,0.12132262152898332,10.0274816814933,0.2797034947217538,7.833550469751691,0.0024967803619802,overdamped
2121,1.6739374398954925,1.4546643495559692,2.405426506295357,2.1783525943756104,0.21927309033952325,13.099240456274932,0.22707391191974668,9.440068583490731,0.0029918295331299305,overdamped
2122,0.7163972393632407,0.7500467300415039,2.7218619150202406,2.897305727005005,0.03364949067826317,4.697043599466133,0.17544381198476433,6.445727867993615,0.0028229462914168835,underdamped
2123,1.1580395707027116,0.9894341230392456,1.206797483384696,1.1121106147766113,0.16860544766346597,14.55955840620837,0.09468686860808462,7.846127449861518,0.002289067255333066,overdamped
2124,1.4956682832609904,1.29192316532135,1.8062720757087602,1.6723695993423462,0.20374511793964034,13.622346627249254,0.13390247636641406,7.413195285869227,0.002328761387616396,overdamped
2125,1.5239145030098058,1.2163687944412231,3.119730354835572,2.702197790145874,0.30754570856858265,20.181296782802765,0.4175325646896981,13.383610671432677,0.002453336026519537,overdamped
2126,1.0,0.9752761125564575,3.0770755814942174,3.1256141662597656,0.02472388744354248,2.472388744354248,0.048538584765548176,1.5774258213695875,0.0022231065668165684,critically_damped
2127,0.9652287856102856,0.9740140438079834,2.977274829710112,3.046050786972046,0.00878525819769782,0.9101736633499965,0.06877595726193375,2.310030521053048,0.0022130145225673914,underdamped
2128,1.0,1.0655568838119507,0.37376464927151953,0.3803497850894928,0.06555688381195068,6.555688381195068,0.006585135817973264,1.76184019296847,0.0024875998497009277,critically_damped
2129,1.4841104081861758,1.2464839220046997,3.9525982258300467,3.4282941818237305,0.23762648618147608,16.011375223214984,0.5243040440063162,13.26479480206244,0.0022505950182676315,overdamped
2130,1.2936399674215648,1.254381775856018,0.5734403848849107,0.5646116733551025,0.039258191565546774,3.03470768948139,0.008828711529808131,1.5396040743764585,0.002845927607268095,overdamped
2131,1.0,0.9839868545532227,2.354852286846225,2.4064905643463135,0.016013145446777344,1.6013145446777344,0.051638277500088314,2.1928457164184056,0.0028513483703136444,critically_damped
2132,1.0306118806829137,0.9939851760864258,2.307144158103058,2.3537750244140625,0.03662670459648787,3.5538795237075997,0.04663086631100466,2.0211509604733466,0.0028750032652169466,overdamped
2133,1.0,0.9665494561195374,0.6243825721641318,0.6133639812469482,0.033450543880462646,3.3450543880462646,0.011018590917183602,1.7647178842600908,0.0024689375422894955,critically_damped
2134,0.4340400010426178,0.3403163552284241,0.6601715602869662,0.5442880392074585,0.09372364581419373,21.593319875831245,0.11588352107950772,17.553546388628885,0.002970918081700802,underdamped
2135,1.4234546988294485,1.2736785411834717,2.0809389464473056,1.9285413026809692,0.14977615764597685,10.522017860430857,0.15239764376633635,7.323503845536558,0.0025854462292045355,overdamped
2136,0.5611280641254375,0.5804293155670166,2.125038816750739,2.22749400138855,0.019301251441579126,3.439723064228066,0.10245518463781078,4.821332383681747,0.0027427757158875465,underdamped
2137,1.7337055761212499,1.3821368217468262,2.532402548951859,2.112459182739258,0.3515687543744237,20.278457842938614,0.4199433662126011,16.582804593464505,0.002566978568211198,overdamped
2138,0.06332224717864463,0.10951272398233414,2.508422631205563,2.525502920150757,0.04619047680368951,72.94510043741343,0.017080288945193978,0.6809175109772108,0.06206490471959114,underdamped
2139,1.6944796309094814,1.4050287008285522,3.238461158172672,2.7974138259887695,0.28945093008092915,17.08199525098874,0.44104733218390235,13.619040360291581,0.0027452886570245028,overdamped
2140,1.0551175987811705,1.0516637563705444,2.552876942458057,2.644599437713623,0.0034538424106260734,0.32734193938342165,0.0917224952555662,3.5929070348079724,0.0027929930947721004,overdamped
2141,0.8283727907804285,0.8194046020507812,1.0361584133333486,1.049314022064209,0.00896818872964722,1.0826271492087627,0.013155608730860413,1.2696522618137585,0.00233978359028697,underdamped
2142,0.10886506903260028,0.04025288298726082,1.1139966660445366,0.7241399884223938,0.06861218604533946,63.02497821848911,0.3898566776221428,34.99621583306935,0.0028461909387260675,underdamped
2143,1.5259427550884597,1.301639437675476,3.0167853528529176,2.677227020263672,0.2243033174129836,14.699327131703615,0.3395583325892457,11.255634487489532,0.0024281623773276806,overdamped
2144,1.9502503980063173,1.5393688678741455,0.7839336098071418,0.6345378756523132,0.41088153013217177,21.06814235506393,0.14939573415482854,19.057192125182883,0.00286397454328835,overdamped
2145,0.2672759684399066,0.2526772618293762,1.8956078637235396,1.8213930130004883,0.014598706610530365,5.462034875691672,0.07421485072305134,3.915095107132085,0.005576758645474911,underdamped
2146,1.3060818820580158,1.1568679809570312,1.5920373377545505,1.4512276649475098,0.14921390110098454,11.42454413852412,0.1408096728070407,8.844621257793,0.0029694577679038048,overdamped
2147,1.6122667370605779,1.4177101850509644,2.0624513914956126,1.8767918348312378,0.19455655200961353,12.067268246464073,0.18565955666437484,9.001887628960867,0.0025791358202695847,overdamped
2148,0.5617755828496135,0.5667312741279602,2.078329934895269,2.161466121673584,0.004955691278346719,0.8821478593300397,0.08313618677831514,4.000143835800764,0.00260601076297462,underdamped
2149,0.4166909835511492,0.3061463534832001,1.1273744992119492,0.9597646594047546,0.11054463006794912,26.52916296048908,0.16760983980719457,14.867272581059465,0.002723531099036336,underdamped
2150,1.0,0.9469590783119202,3.7363963347704616,3.6217243671417236,0.053040921688079834,5.304092168807983,0.11467196762873799,3.069052567084874,0.002352283801883459,critically_damped
2151,1.0,0.8976184725761414,1.6024694804968629,1.5235695838928223,0.10238152742385864,10.238152742385864,0.07889989660404062,4.923644260580667,0.002715729409828782,critically_damped
2152,1.3063198049134994,1.2679556608200073,1.6963853007186238,1.6794506311416626,0.03836414409349209,2.936811028141187,0.016934669576961214,0.9982796697063655,0.0022740554995834827,overdamped
2153,0.7065517741317076,0.582625150680542,0.5397352517602743,0.4782904088497162,0.12392662345116556,17.53963799800247,0.06144484291055807,11.384256023701239,0.0027074292302131653,underdamped
2154,1.716206606158778,1.3355913162231445,3.9976231050264905,3.214246988296509,0.3806152899356334,22.17770800845059,0.7833761167299818,19.59604735486415,0.0026718531735241413,overdamped
2155,1.2350257179849882,1.1747536659240723,2.2414541234380962,2.2121500968933105,0.060272052060915904,4.880226474899086,0.0293040265447857,1.307366777591556,0.0025684551801532507,overdamped
2156,0.5207148062748617,0.6296141743659973,0.3141270185496623,0.33168208599090576,0.10889936809113565,20.91343798540897,0.017555067441243466,5.588525152117113,0.002125560538843274,underdamped
2157,1.7049015253199478,1.389944076538086,1.7373417985092632,1.471728801727295,0.3149574487818618,18.47364461256821,0.26561299678196826,15.288470985380028,0.0021950246300548315,overdamped
2158,1.0,0.9012097120285034,3.6081185805976577,3.3530313968658447,0.09879028797149658,9.879028797149658,0.25508718373181294,7.069811538443386,0.002323481719940901,critically_damped
2159,0.5250028450788617,0.533258855342865,2.5135313888586066,2.6139838695526123,0.008256010264003244,1.572564861579577,0.1004524806940057,3.996468122071916,0.0027797550428658724,underdamped
2160,0.85765065109709,0.8772060871124268,3.034551523184656,3.098381996154785,0.019555436015336713,2.2801167340480393,0.06383047297012912,2.103456556346134,0.002423277124762535,underdamped
2161,1.342087996994306,1.233146071434021,3.470979184401497,3.3264687061309814,0.10894192556028504,8.11734594186578,0.14451047827051555,4.163392247350328,0.002186431083828211,overdamped
2162,0.9642175420528132,1.0742391347885132,0.3180401424205867,0.3252982497215271,0.1100215927357,11.410453340380503,0.007258107300940397,2.28213559637451,0.0029083334375172853,underdamped
2163,0.37490848927375164,0.36082425713539124,1.6315609175951302,1.641669511795044,0.014084232138360409,3.756711982074204,0.010108594199913723,0.6195658458657783,0.004421165678650141,underdamped
2164,0.08425495083939985,0.07086548209190369,1.3932161831993881,1.1739904880523682,0.013389468747496164,15.891610658011201,0.21922569514701995,15.735224568206569,0.0038235026877373457,underdamped
2165,0.9270865485451937,0.8218528628349304,0.5024712895983302,0.47862163186073303,0.10523368571026326,11.351009878786233,0.023849657737597174,4.74647173506417,0.002523759612813592,underdamped
2166,1.3791138158441587,1.3193186521530151,2.4433968108821214,2.399183511734009,0.05979516369114357,4.33576714294192,0.04421329914811256,1.809501385579306,0.002357731806114316,overdamped
2167,0.46990141322875395,0.34820613265037537,0.564195302273334,0.4626537561416626,0.12169528057837858,25.898045239360833,0.10154154613167143,17.997588020057265,0.002755300374701619,underdamped
2168,1.526758409726418,1.0171384811401367,3.571192770595217,2.5551323890686035,0.5096199285862812,33.3792121490656,1.0160603815266134,28.451569175787306,0.0027731251902878284,overdamped
2169,0.34583548079256776,0.34051647782325745,1.9440790530821883,1.9567763805389404,0.005319002969310316,1.5380154046428383,0.012697327456752117,0.6531281450011756,0.0038718008436262608,underdamped
2170,1.5577457349058785,1.2020727396011353,1.0791406786464282,0.8776997923851013,0.3556729953047433,22.832544961275953,0.20144088626132683,18.66678647625398,0.00240506324917078,overdamped
2171,1.9479549374167262,1.3361448049545288,3.3660484088476537,2.3808114528656006,0.6118101324621974,31.407817537789008,0.9852369559820531,29.269839179744388,0.002537553198635578,overdamped
2172,0.9412527532067597,0.8916088342666626,3.949205872211481,3.837083339691162,0.04964391894009712,5.274238908833462,0.11212253252031879,2.839115917183934,0.002506178803741932,underdamped
2173,0.917167792073718,0.882848858833313,1.0555496361854542,1.0435607433319092,0.034318933240405025,3.741838029746973,0.011988892853544986,1.1357962186288513,0.0027225357480347157,underdamped
2174,0.057552228722178064,0.14713796973228455,3.3507404510536856,3.3659775257110596,0.08958574101010648,155.65989884173524,0.015237074657374006,0.45473753876049994,0.09021452069282532,underdamped
2175,0.05534852588488569,0.16336002945899963,3.312964772304688,3.433485746383667,0.10801150357411395,195.1479318505377,0.12052097407897877,3.637858605877583,0.10665661841630936,underdamped
2176,1.7044540963766424,1.3924800157546997,3.545173377233446,3.009197473526001,0.31197408062194265,18.303460403254185,0.535975903707445,15.118468031758312,0.002754370216280222,overdamped
2177,0.4631494644631751,0.3625244200229645,1.0524874988812305,0.9158036708831787,0.10062504444021064,21.7262573231824,0.1366838279980518,12.986741233824011,0.0025668987073004246,underdamped
2178,0.6778558976829816,0.7234094142913818,3.009439391516694,3.1667885780334473,0.045553516608400235,6.720236080280387,0.15734918651675311,5.22852152996683,0.0027636438608169556,underdamped
2179,0.7263514905933797,0.6966273784637451,0.9113814231346382,0.8766587376594543,0.02972411212963455,4.092249071500078,0.03472268547518387,3.809896119646307,0.002382660750299692,underdamped
2180,1.0,0.8548538088798523,1.48890438270233,1.3985577821731567,0.1451461911201477,14.51461911201477,0.09034660052917332,6.067992114120595,0.003129600314423442,critically_damped
2181,0.5632438902318624,0.47429999709129333,0.6149719381999454,0.5460299253463745,0.08894389314056905,15.791364040177127,0.06894201285357093,11.210594918423068,0.002723582088947296,underdamped
2182,1.9048134436523863,1.6335322856903076,0.9008142789776743,0.7477127909660339,0.27128115796207863,14.241875437518456,0.15310148801164036,16.995899330702642,0.002213655039668083,overdamped
2183,0.5957291738317155,0.644603967666626,2.9722276398607606,3.2491188049316406,0.048874793834910446,8.204196803146129,0.2768911650708801,9.315947451583876,0.002919499296694994,underdamped
2184,1.3827891047166334,1.2907133102416992,2.0188765654035143,1.9126871824264526,0.09207579447493419,6.658701183055873,0.10618938297706171,5.259825429487689,0.002517126966267824,overdamped
2185,0.11463568443351814,0.167050302028656,3.3531803158182023,3.45692777633667,0.052414617595137866,45.722776336311945,0.10374746051846762,3.094001835482934,0.02515522576868534,underdamped
2186,0.2963403526620946,0.16865374147891998,0.5065543534741656,0.37892791628837585,0.1276866111831746,43.087824535584154,0.1276264371857897,25.195013390068254,0.002826532581821084,underdamped
2187,1.2889374432030902,1.1869486570358276,2.4157679551445694,2.266260862350464,0.10198878616726259,7.912624984639602,0.14950709279410557,6.188801887023891,0.002199682639911771,overdamped
2188,1.5578019629568955,1.4431288242340088,0.6676684451497339,0.6270362734794617,0.11467313872288676,7.361214162628435,0.04063217167027222,6.085680994128739,0.0023720520548522472,overdamped
2189,1.0,0.9899338483810425,2.693649822421041,2.6875691413879395,0.01006615161895752,1.006615161895752,0.006080681033101332,0.22574133365398036,0.002636511344462633,critically_damped
2190,0.3194337059634517,0.3564538061618805,3.0840368935738125,3.2477262020111084,0.037020100198428774,11.589290518598078,0.1636893084372959,5.307631331466048,0.004685848020017147,underdamped
2191,0.4226919435422715,0.4564518332481384,3.506737269782458,3.7843008041381836,0.03375988970586691,7.986877966717322,0.27756353435572567,7.915150551696291,0.0033970915246754885,underdamped
2192,1.6558025639461171,1.3453822135925293,3.873199588761661,3.217552423477173,0.31042035035358784,18.747425394353325,0.655647165284488,16.92779187488532,0.0024037265684455633,overdamped
2193,1.7177195262952916,1.4876952171325684,2.422743710395136,2.1841235160827637,0.2300243091627232,13.391261241515394,0.23862019431237247,9.849171965178884,0.0030107544735074043,overdamped
2194,1.4267470517505287,1.2611510753631592,3.0409491981375396,2.7310686111450195,0.16559597638736956,11.60654063971562,0.3098805869925201,10.190258593675606,0.0029314577113837004,overdamped
2195,1.158076903985181,1.0652275085449219,1.9187800421088874,1.854845404624939,0.09284939544025916,8.017550053951105,0.06393463748394845,3.3320462002345694,0.002418500604107976,overdamped
2196,0.6483242021634655,0.6877773404121399,3.332333730750214,3.5914435386657715,0.03945313824867436,6.085402660739606,0.2591098079155576,7.775625998216684,0.0023613774683326483,underdamped
2197,1.3155731215804987,1.040540099143982,1.7233076897592798,1.502423882484436,0.2750330224365167,20.905947219877717,0.2208838072748438,12.817432927819056,0.002172041218727827,overdamped
2198,0.4023869351877337,0.43639838695526123,2.879615729803105,3.06654691696167,0.03401145176752751,8.452424468418554,0.18693118715856505,6.491532367457465,0.0032967953011393547,underdamped
2199,1.8000142499599638,1.6741888523101807,1.9481146399412963,1.878447413444519,0.12582539764978318,6.9902445301520135,0.06966722649677726,3.5761358735477997,0.002919356105849147,overdamped
2200,0.76544231708943,0.7877703309059143,2.9935378514135182,3.2342875003814697,0.022328013816484304,2.917008025031313,0.24074964896795148,8.042311836954791,0.0021134286653250456,underdamped
2201,0.9497155694819356,0.9252036213874817,1.5241780010546448,1.5238276720046997,0.024511948094453895,2.5809778087375173,0.0003503290499451417,0.022984785878206734,0.0025734552182257175,underdamped
2202,1.1257720623034715,1.0481823682785034,1.5510433003310045,1.5441524982452393,0.07758969402496807,6.892131775433278,0.006890802085765202,0.444268840482703,0.002497189911082387,overdamped
2203,0.5667174908192528,0.5803264379501343,2.4847572696744544,2.5925135612487793,0.013608947130881455,2.4013635279208017,0.10775629157432487,4.336692878996699,0.0028838282451033592,underdamped
2204,0.11690969520340833,0.12412919849157333,0.7554790194036267,0.7008617520332336,0.007219503288165008,6.175281935004595,0.054617267370393074,7.229488307101873,0.0028589677531272173,underdamped
2205,0.2677504141076386,0.3265296220779419,3.8572767712142806,4.035292148590088,0.05877920797030328,21.952984896850015,0.1780153773758073,4.615053259965258,0.004640452563762665,underdamped
2206,0.4789053794693517,0.5950033664703369,3.927972274627665,4.5036773681640625,0.11609798700098523,24.242364353815972,0.5757050935363974,14.656546769820794,0.00384370144456625,underdamped
2207,1.3764135185888335,1.288057804107666,2.17151495454339,2.0905215740203857,0.08835571448116752,6.419271046665839,0.08099338052300409,3.7298099353883925,0.0025041860062628984,overdamped
2208,1.3842011485137653,1.2952219247817993,2.8639199023098687,2.677415370941162,0.08897922373196598,6.4282003975725726,0.1865045313687066,6.512211854049515,0.0023083265405148268,overdamped
2209,1.3769791074173519,1.1521751880645752,1.6403012818368952,1.4976675510406494,0.22480391935277666,16.325877287594917,0.14263373079624575,8.69558125544577,0.0027158414013683796,overdamped
2210,1.6763516408136145,1.43245267868042,2.6531718815692984,2.3909759521484375,0.24389896213319462,14.549391440021417,0.2621959294208609,9.882357462109738,0.0024821229744702578,overdamped
2211,1.8062231616604445,1.5538100004196167,2.8352712520569185,2.5017449855804443,0.2524131612408278,13.974638715671583,0.3335262664764742,11.763469411771773,0.002801080932840705,overdamped
2212,1.2691647400767154,1.1550136804580688,1.1178775584141287,1.0369817018508911,0.11415105961864658,8.99418775310025,0.08089585656323761,7.236557881884677,0.002355779753997922,overdamped
2213,1.094203525671172,0.9771050810813904,1.1571781137658266,1.111485242843628,0.11709844458978158,10.701706021094633,0.04569287092219865,3.9486463128393843,0.002495451597496867,overdamped
2214,1.8295297844233085,1.305760383605957,1.7727758203445019,1.3219929933547974,0.5237694008173515,28.628634815171942,0.4507828269897045,25.428078486658528,0.002306869952008128,overdamped
2215,0.22927228418552653,0.274168998003006,3.1611405051684893,3.281205177307129,0.04489671381747945,19.582268295957284,0.12006467213863958,3.7981441173631136,0.008150419220328331,underdamped
2216,0.6142431754071713,0.516866147518158,0.6753139704248023,0.6114639043807983,0.09737702788901337,15.85317212917568,0.063850066044004,9.45487119181608,0.002971906214952469,underdamped
2217,1.0,1.0163028240203857,2.9579662359299133,3.0938284397125244,0.016302824020385742,1.6302824020385742,0.13586220378261116,4.593095152078345,0.0025466077495366335,critically_damped
2218,0.5665447404365711,0.6372745037078857,3.680028533424598,4.030959129333496,0.07072976327131464,12.48440912483122,0.3509305959088982,9.53608355808931,0.0025031492114067078,underdamped
2219,0.9136274421638115,0.9360907673835754,1.7145880186172144,1.7195327281951904,0.022463325219763908,2.458696420782015,0.004944709577975992,0.2883905360521424,0.0024550720117986202,underdamped
2220,1.8147976174652936,1.4923129081726074,2.7054062923179596,2.2035932540893555,0.32248470929268613,17.76973400169528,0.5018130382286041,18.548527799817332,0.003018187126144767,overdamped
2221,0.3641835084671317,0.34340205788612366,1.624766778082515,1.6099026203155518,0.020781450581008054,5.70631291583694,0.01486415776696326,0.9148487012090034,0.004730353131890297,underdamped
2222,1.6275956039777066,1.4777491092681885,0.5111973421762577,0.4505639374256134,0.14984649470951816,9.20661707019274,0.06063340475064427,11.861056337366138,0.0026307611260563135,overdamped
2223,1.0,0.9714980125427246,3.3315090320659357,3.388394832611084,0.02850198745727539,2.850198745727539,0.056885800545148246,1.7075085193412252,0.0025156938936561346,critically_damped
2224,1.355356179155033,1.2121952772140503,2.1122171569814214,2.0403854846954346,0.14316090194098274,10.562603700986797,0.07183167228598686,3.40077117774395,0.0020065747667104006,overdamped
2225,0.27427937068952213,0.1580565869808197,0.49335883490040405,0.3739355802536011,0.11622278370870243,42.373869903713576,0.11942325464680298,24.2061652085163,0.002767175668850541,underdamped
2226,1.2119340924848172,1.1704092025756836,2.049397919508388,2.043503761291504,0.04152488990913361,3.42633235310639,0.0058941582168841045,0.287604381793166,0.0026482497341930866,overdamped
2227,1.262067758733579,1.1492066383361816,3.7104576534450295,3.5760960578918457,0.11286112039739726,8.942556341875628,0.13436159555318383,3.6211596547513167,0.002144578378647566,overdamped
2228,0.4245743920966232,0.4471767246723175,2.470102829997536,2.6058309078216553,0.02260233257569433,5.323527041770001,0.13572807782411944,5.4948351208623505,0.003078627632930875,underdamped
2229,1.1102609217212365,0.9942349791526794,3.364116478249233,3.0967190265655518,0.11602594256855703,10.450331115741884,0.26739745168368145,7.948519422931559,0.0027701614890247583,overdamped
2230,0.11236203945521997,0.17147190868854523,3.027442292397547,3.117565870285034,0.05910986923332526,52.60661832048938,0.09012357788748737,2.9768883824409773,0.03323427587747574,underdamped
2231,1.6314951870161387,1.4599665403366089,0.5923710904139401,0.5354881286621094,0.17152864667952983,10.513585822661275,0.05688296175183072,9.602589098681664,0.0026316868606954813,overdamped
2232,1.555312625366748,1.3000619411468506,1.7330347456537745,1.5390514135360718,0.2552506842198974,16.411535536767627,0.1939833321177027,11.193274260899134,0.0026551370974630117,overdamped
2233,1.0,0.9713990688323975,3.870868863748315,3.9529380798339844,0.02860093116760254,2.860093116760254,0.08206921608566953,2.120175572318373,0.0025415574200451374,critically_damped
2234,0.41072833208192366,0.3762931227684021,1.3267656228908096,1.2416183948516846,0.034435209313521564,8.3839381468949,0.085147228039125,6.417654073189118,0.0034554749727249146,underdamped
2235,0.07041357081623427,0.15327948331832886,3.2276173337336624,3.2989885807037354,0.08286591250209459,117.68457634162384,0.07137124697007291,2.211267309297526,0.07529209554195404,underdamped
2236,0.03290551186247672,0.10821463912725449,2.8140346453917164,2.707350254058838,0.07530912726477776,228.86477979592024,0.10668439133287855,3.791154153257696,0.15130144357681274,underdamped
2237,0.4658034778951357,0.48838481307029724,2.6112121602734413,2.680053234100342,0.022581335175161532,4.847824511143982,0.06884107382690052,2.6363646307350077,0.0025733672082424164,underdamped
2238,0.32594948471150476,0.3198615610599518,2.0856641503670486,2.111896276473999,0.006087923651552973,1.867750659873368,0.02623212610695047,1.2577349091575445,0.0030754730105400085,underdamped
2239,1.5619779231920692,1.2925220727920532,0.5015420347679753,0.4076017141342163,0.26945585040001596,17.25093846712981,0.09394032063375901,18.730298583491198,0.0023912417236715555,overdamped
2240,1.7923765262373506,1.4791816473007202,1.9666007188134031,1.6882513761520386,0.31319487893663034,17.473721305316648,0.2783493426613646,14.153831024190486,0.0024355759378522635,overdamped
2241,1.932252886387573,1.5310354232788086,2.4237368236570402,1.92556631565094,0.4012174631087644,20.764231531766892,0.4981705080061003,20.553820164948387,0.0030571767129004,overdamped
2242,1.581591863543419,1.4008324146270752,0.951695021040387,0.8971434831619263,0.18075944891634377,11.428956678581285,0.054551537878460676,5.732039852307442,0.002361538354307413,overdamped
2243,1.6400500602178063,1.4518564939498901,0.6082352589164902,0.5346825122833252,0.18819356626791617,11.47486719051266,0.07355274663316502,12.092812041872058,0.002557242987677455,overdamped
2244,1.0,0.9566104412078857,3.4899555454738844,3.4068119525909424,0.04338955879211426,4.338955879211426,0.08314359288294204,2.382368250815423,0.002452694345265627,critically_damped
2245,1.0,0.9403553605079651,2.959572804111097,2.967747688293457,0.05964463949203491,5.964463949203491,0.00817488418236012,0.27621838432237633,0.0023098832461982965,critically_damped
2246,0.8672897859340346,0.9040151834487915,3.0671099177582537,3.1560423374176025,0.0367253975147569,4.234501329357314,0.08893241965934884,2.899551109806636,0.0025625014677643776,underdamped
2247,1.0971379623341704,1.0092531442642212,0.7654768868372681,0.7371708750724792,0.08788481806994919,8.010370717915318,0.028306011764788863,3.69782709988034,0.0025883035268634558,overdamped
2248,1.6738954208437624,1.510324478149414,1.7022291513563237,1.6124401092529297,0.16357094269434835,9.77187347892361,0.089789042103394,5.27479170661898,0.002157286275178194,overdamped
2249,0.654108515091238,0.6770687103271484,2.7838190621116743,2.875917673110962,0.02296019523591042,3.5101507939715213,0.09209861099928762,3.30835477968981,0.0027754970360547304,underdamped
2250,0.3168235541291588,0.3308120369911194,2.942379396159835,2.952211856842041,0.013988482861960583,4.415228186051447,0.009832460682206001,0.3341669906687956,0.003521636128425598,underdamped
2251,0.6549655664627174,0.6375121474266052,1.309147468387811,1.3134241104125977,0.017453419036112194,2.6647842161188935,0.004276642024786614,0.32667381850061655,0.0021982218604534864,underdamped
2252,0.6674298130469369,0.6833819150924683,3.0386718213136885,3.186976671218872,0.015952102045531324,2.3900793362386845,0.14830484990518356,4.880581340339277,0.0025176049675792456,underdamped
2253,1.3634210868744572,1.2024650573730469,0.9462253239177825,0.8538210391998291,0.1609560295014103,11.805305862651002,0.09240428471795337,9.76556876911301,0.0022111174184828997,overdamped
2254,1.0,0.927088737487793,0.7685040559991009,0.7426335215568542,0.07291126251220703,7.291126251220703,0.02587053444224663,3.3663497596786787,0.0022477612365037203,critically_damped
2255,0.946282555485061,0.9175414443016052,3.894639195179758,3.9366300106048584,0.028741111183455792,3.0372652456562723,0.041990815425100525,1.0781695895494225,0.0021039810962975025,underdamped
2256,0.6321482765420205,0.6767714023590088,2.885666958849606,3.0972461700439453,0.04462312581698824,7.058965036033286,0.2115792111943393,7.332073112092154,0.002241157926619053,underdamped
2257,1.7469961883628327,1.5756704807281494,2.0706249975839888,2.0013234615325928,0.17132570763468324,9.806873579686409,0.069301536051396,3.3468897618959117,0.0024192691780626774,overdamped
2258,0.3421287663672925,0.3541157841682434,2.3611761899605943,2.424635648727417,0.011987017800950905,3.5036568039070524,0.06345945876682269,2.6876206458731806,0.003297970863059163,underdamped
2259,1.0587234393299747,1.0025793313980103,2.3968099377914234,2.400247812271118,0.05614410793196445,5.303000372552051,0.0034378744796947913,0.14343542328861808,0.002477843314409256,overdamped
2260,0.8883311425284359,0.8594773411750793,1.6157963143780427,1.609065055847168,0.02885380135335658,3.2480907143737734,0.006731258530874751,0.4165907838121148,0.002665154868736863,underdamped
2261,1.8990743296425867,1.5638477802276611,0.7432084691121633,0.6045824289321899,0.3352265494149256,17.652102615594647,0.13862604017997338,18.652376276817193,0.002636972349137068,overdamped
2262,1.0,1.0217255353927612,0.5036914089499143,0.5064615607261658,0.02172553539276123,2.172553539276123,0.002770151776251506,0.549970026692864,0.0023670040536671877,critically_damped
2263,0.5162974702491958,0.5367510914802551,2.908678997673415,3.0578534603118896,0.020453621231059316,3.9615962520961383,0.14917446263847456,5.128598334769693,0.0028603295795619488,underdamped
2264,0.36359547093714584,0.3857218623161316,3.9248172536485484,4.126058101654053,0.022126391378985755,6.085441967127998,0.20124084800550435,5.127394092512941,0.002943130675703287,underdamped
2265,1.595831014660241,1.3642737865447998,3.9310112957247356,3.563722848892212,0.23155722811544122,14.510134593714529,0.3672884468325237,9.343357706246659,0.003026818623766303,overdamped
2266,1.9841851998288065,1.511210560798645,2.6256225700912106,2.1068179607391357,0.47297463903016146,23.83722240600168,0.5188046093520748,19.75929881399718,0.002264829119667411,overdamped
2267,0.5058467818905656,0.4742722511291504,0.37721924228879067,0.36055874824523926,0.031574530761415254,6.24191591046754,0.01666049404355141,4.416660704385941,0.002448038663715124,underdamped
2268,0.7052564434402396,0.7352502346038818,2.423673037282275,2.502892255783081,0.029993791163642203,4.252891475522371,0.07921921850080604,3.268560456885576,0.002749307779595256,underdamped
2269,1.4526148602019069,1.1428909301757812,0.6718674951874135,0.5850157737731934,0.30972393002612564,21.321820291930337,0.08685172141422015,12.926912231405593,0.0026757786981761456,overdamped
2270,0.6625045738452549,0.6886741518974304,2.750682925144727,2.941470146179199,0.02616957805217557,3.950097717859402,0.19078722103447232,6.93599466846707,0.0021960444282740355,underdamped
2271,1.8511536002665936,1.3919825553894043,1.4746840937653865,1.1488282680511475,0.4591710448771893,24.80458913895972,0.325855825714239,22.096652909723506,0.0022310218773782253,overdamped
2272,0.46685128450186425,0.5098766684532166,2.997805072260681,3.174794912338257,0.0430253839513523,9.216079162609757,0.1769898400775758,5.903980939764893,0.002747037447988987,underdamped
2273,0.715913350623756,0.6570460200309753,0.48011540934369523,0.4653273820877075,0.05886733059278071,8.222689315891538,0.014788027255987712,3.0800984447057314,0.0025069962721318007,underdamped
2274,0.36865166918743797,0.4673377275466919,3.1431136842025853,3.382190227508545,0.09868605835925393,26.769459250455146,0.23907654330595962,7.606360040604572,0.004041238687932491,underdamped
2275,1.8215285462525967,1.4332234859466553,3.1769645886548057,2.572781562805176,0.3883050603059415,21.3175391132242,0.6041830258496299,19.017619145243724,0.00235297461040318,overdamped
2276,0.8795723863800278,0.8905901312828064,3.562795553622669,3.719634532928467,0.011017744902778626,1.2526251475587253,0.15683897930579782,4.402132453160921,0.002334512770175934,underdamped
2277,0.5137067037246641,0.5849738121032715,3.474818278648367,3.8135063648223877,0.07126710837860739,13.873112393099127,0.3386880861740207,9.74692945110682,0.003392822341993451,underdamped
2278,1.374742085172354,1.3153812885284424,1.7587346386284288,1.7523845434188843,0.059360796643911584,4.317958785445156,0.006350095209544548,0.3610604505121221,0.0026114124339073896,overdamped
2279,0.5640830182611947,0.625252902507782,3.499524325028476,3.850142240524292,0.061169884246587314,10.844127950376096,0.3506179154958158,10.019016384261388,0.002545424737036228,underdamped
2280,0.3825887134472597,0.44256871938705444,2.932427477035749,3.111832618713379,0.059980005939794745,15.677411233424444,0.1794051416776301,6.117973695260223,0.003213985590264201,underdamped
2281,0.9399537434470023,0.9427255988121033,2.444196995699015,2.536372184753418,0.0027718553651009392,0.29489274173599006,0.09217518905440292,3.7711849419912147,0.0023386499378830194,underdamped
2282,1.6892625612766357,1.3616074323654175,3.520175326570994,2.990780830383301,0.3276551289112182,19.39634112672204,0.5293944961876931,15.038867302765194,0.0024882948491722345,overdamped
2283,1.4368596971736558,1.3217417001724243,2.022246216083663,1.9143489599227905,0.11511799700123149,8.01177715734333,0.10789725616087242,5.335515294958949,0.002451457781717181,overdamped
2284,0.3493787940797837,0.41507139801979065,3.6047777271597536,3.8615942001342773,0.06569260394000692,18.802687814248234,0.2568164729745237,7.124335879007786,0.0038654212839901447,underdamped
2285,1.5102291467194287,1.3362045288085938,3.0687531936359473,2.802036762237549,0.1740246179108349,11.5230604765414,0.2667164313983985,8.69136142820222,0.0023591965436935425,overdamped
2286,1.438912799992208,1.2713531255722046,1.6601575747271617,1.5179959535598755,0.1675596744200034,11.644880386143676,0.14216162116728626,8.563140230266985,0.0022034922149032354,overdamped
2287,0.6200685706791565,0.6090503334999084,1.759668281715029,1.7787357568740845,0.011018237179248103,1.7769385032980964,0.01906747515905538,1.083583500207869,0.0031111659482121468,underdamped
2288,1.6145810594028291,1.415935754776001,1.1213813468098128,1.019662618637085,0.19864530462682817,12.30321038822909,0.10171872817272787,9.07084182041236,0.002897014142945409,overdamped
2289,1.5736128548364356,1.3514868021011353,1.0358940439544218,0.9376985430717468,0.2221260527353004,14.115673499527215,0.09819550088267492,9.479299688588172,0.002495942870154977,overdamped
2290,1.759750304727742,1.532051920890808,1.2723491618393508,1.1477291584014893,0.22769838383693397,12.93924389302277,0.1246200034378615,9.79448151305469,0.002747336169704795,overdamped
2291,1.1571096756360375,1.016477108001709,1.053722401182876,0.9669169187545776,0.14063256763432852,12.1537802850906,0.08680548242829844,8.237983963409462,0.0026271368842571974,overdamped
2292,1.1220221758189686,1.0940362215042114,1.8081828740307264,1.781119704246521,0.027985954314757144,2.494242530842145,0.02706316978420542,1.4967053483853279,0.0022319857962429523,overdamped
2293,1.0450741440449194,0.906473696231842,0.9243004551032181,0.8701760172843933,0.13860044781307734,13.262259773897918,0.05412443781882481,5.85571904892989,0.002897492842748761,overdamped
2294,1.8829589371004831,1.492753028869629,2.3084652369798424,1.9089093208312988,0.3902059082308542,20.723017403221846,0.3995559161485436,17.308292529077946,0.003023354336619377,overdamped
2295,0.7095453013370164,0.6324226260185242,0.6666889969421713,0.6182788014411926,0.07712267531849226,10.869309566727846,0.04841019550097869,7.261286105367927,0.002419736934825778,underdamped
2296,0.20535663970226034,0.21402989327907562,2.158800574717417,2.1735165119171143,0.008673253576815282,4.223507742135993,0.014715937199697215,0.6816719141194181,0.008173372596502304,underdamped
2297,0.8783067446644578,0.8750938177108765,3.525685868011379,3.751340627670288,0.00321292695358133,0.36580920880993284,0.22565475965890913,6.400308141637899,0.0026588302571326494,underdamped
2298,1.0,0.980099618434906,2.707438589724831,2.719247817993164,0.019900381565093994,1.9900381565093994,0.011809228268333083,0.43617714223144416,0.002319417893886566,critically_damped
2299,1.94757651367496,1.3410543203353882,3.842799514822052,2.717780828475952,0.6065221933395719,31.142406425671098,1.1250186863460998,29.276018225952022,0.0027041833382099867,overdamped
2300,1.5257428394778607,1.2967993021011353,1.433644476412375,1.2773855924606323,0.22894353737672546,15.005381736221974,0.1562588839517427,10.899416593350459,0.002532836515456438,overdamped
2301,0.39851801036202916,0.5212931036949158,3.97751414365706,4.363752365112305,0.12277509333288661,30.807915863414298,0.3862382214552449,9.710543005137488,0.003944437950849533,underdamped
2302,0.13941882376440778,0.22986876964569092,3.5326055570363426,3.7488996982574463,0.09044994588128313,64.87642302457446,0.2162941412211037,6.122793437560074,0.023492315784096718,underdamped
2303,1.6279787312222123,1.3500345945358276,0.9153720522973632,0.8044500946998596,0.2779441366863846,17.07295871597271,0.11092195759750356,12.117691087368922,0.00289864931255579,overdamped
2304,1.4058219237669547,1.2681955099105835,0.9348186556987488,0.8613529801368713,0.1376264138563712,9.789747302246921,0.07346567556187744,7.858815730090887,0.0021340271923691034,overdamped
2305,1.2738082071933992,1.1551344394683838,1.0291540466534763,0.946916937828064,0.11867376772501537,9.316454946266289,0.08223710882541235,7.99074823568198,0.00258443015627563,overdamped
2306,1.0,1.0576716661453247,0.3933723856501794,0.3989464044570923,0.05767166614532471,5.767166614532471,0.005574018806912884,1.4169827395738401,0.0026781135238707066,critically_damped
2307,1.67668580830331,1.4186675548553467,3.38628088541996,2.9767613410949707,0.25801825344796336,15.388586947548626,0.4095195443249895,12.093490120333051,0.002810258883982897,overdamped
2308,1.0497051461563176,0.9636983871459961,3.9687137081138064,3.822014808654785,0.08600675901032151,8.193420726310677,0.14669889945902126,3.696384023848932,0.002334991004317999,overdamped
2309,1.0,0.929643452167511,0.5422566629048856,0.5242793560028076,0.07035654783248901,7.035654783248901,0.017977306902077994,3.3152763500909344,0.0028957293834537268,critically_damped
2310,0.41433676535258457,0.5140623450279236,3.4939243353331015,3.8792035579681396,0.09972557967533902,24.06872573580971,0.3852792226350381,11.027119813065632,0.003883346915245056,underdamped
2311,1.344654306566362,1.274872064590454,3.0114318042868984,2.965043306350708,0.06978224197590799,5.189604616974025,0.046388497936190376,1.5404133631767594,0.0031900578178465366,overdamped
2312,0.6369324034325784,0.6535248756408691,2.0523268839093216,2.119260549545288,0.016592472208290743,2.605060147492891,0.06693366563596648,3.2613550093184775,0.0024937917478382587,underdamped
2313,0.8269460074284132,0.8566519021987915,2.956710987830907,3.1515448093414307,0.029705894770378327,3.592241150393352,0.19483382151052364,6.589545691561048,0.0029033527243882418,underdamped
2314,0.8434115880028054,0.854009747505188,3.9831553259287187,4.093836784362793,0.010598159502382631,1.2565821543285909,0.11068145843407429,2.7787381956606882,0.002208311576396227,underdamped
2315,1.939487476669635,1.4811363220214844,1.9412230084212005,1.5832895040512085,0.4583511546481507,23.632591607923256,0.35793350436999205,18.438556663363467,0.0030896151438355446,overdamped
2316,1.0,0.9435616731643677,3.7171004311052314,3.7254152297973633,0.056438326835632324,5.643832683563232,0.00831479869213192,0.22369045029164364,0.0027930059004575014,critically_damped
2317,1.5384618606976248,1.2166904211044312,3.1964565146694337,2.6855881214141846,0.32177143959319365,20.9151391928094,0.5108683932552491,15.982335154904534,0.002350824186578393,overdamped
2318,0.430054205670538,0.3423214256763458,0.9746245302079477,0.8649926781654358,0.08773277999419216,20.400400423337267,0.10963185204251191,11.248624331168912,0.002522770781069994,underdamped
2319,0.9548061700932104,0.9178033471107483,3.108696741042083,3.107565402984619,0.03700282298246216,3.875427719413444,0.0011313380574637932,0.03639268001048412,0.0022147533018141985,underdamped
2320,1.0,0.9752734899520874,2.888324527174354,2.898955821990967,0.024726510047912598,2.4726510047912598,0.010631294816612957,0.3680782653261455,0.0025429672095924616,critically_damped
2321,1.3803275583067118,1.1993129253387451,3.1819755447382247,2.8487930297851562,0.18101463296796672,13.113889661814957,0.3331825149530685,10.47093260990096,0.002961038378998637,overdamped
2322,0.09521480842555163,0.007955966517329216,1.6744453645221855,0.9332340359687805,0.08725884190822242,91.64419206540758,0.741211328553405,44.266080235165795,0.004528061021119356,underdamped
2323,1.1595083587607395,1.113787055015564,2.4066644954464267,2.3458118438720703,0.04572130374517558,3.9431629276085287,0.060852651574356376,2.5285058091600945,0.002627826761454344,overdamped
2324,1.4942809170291165,1.4166878461837769,0.5100037128635313,0.4791489243507385,0.07759307084533962,5.192669595192836,0.030854788512792775,6.049914487789035,0.0021850646007806063,overdamped
2325,0.7346489619956369,0.7577922344207764,2.6107620347538627,2.71474289894104,0.02314327242513947,3.150249115206253,0.10398086418717734,3.9827783154116703,0.0022015406284481287,underdamped
2326,1.0,0.9396913051605225,0.8200768486522816,0.8154900670051575,0.06030869483947754,6.030869483947754,0.004586781647124116,0.5593111980495555,0.0022085285745561123,critically_damped
2327,0.25574345645953483,0.2848963737487793,2.9248900354969583,3.0270018577575684,0.029152917289244462,11.399281800923497,0.10211182226061011,3.491133718579633,0.005000659264624119,underdamped
2328,1.0,0.9709140062332153,3.382709436689947,3.3378844261169434,0.029085993766784668,2.908599376678467,0.0448250105730037,1.3251215161082803,0.0026942831464111805,critically_damped
2329,1.0,0.9885234832763672,3.118855547611716,3.2099246978759766,0.011476516723632812,1.1476516723632812,0.09106915026426066,2.919954094507437,0.0023792225401848555,critically_damped
2330,1.7943976816037077,1.4259856939315796,3.1791681352354852,2.6328532695770264,0.3684119876721281,20.531234042994704,0.5463148656584589,17.184208019812473,0.002982965437695384,overdamped
2331,1.2557416087818685,1.19977867603302,2.2674012682828235,2.2318365573883057,0.05596293274884845,4.456564340743257,0.03556471089451785,1.5685230220168378,0.0021976567804813385,overdamped
2332,1.6815487340136237,1.6482436656951904,0.4184022891399837,0.4046678841114044,0.03330506831843327,1.980618678766371,0.013734405028579255,3.2825836246761484,0.0024694183375686407,overdamped
2333,1.1355593682809848,0.9912469983100891,1.133548075810595,1.0496066808700562,0.1443123699708957,12.708483061467446,0.08394139494053876,7.405190545668976,0.0024678127374500036,overdamped
2334,1.180901797834407,1.1053498983383179,1.9407039896625682,1.8974225521087646,0.07555189949608909,6.397813910914499,0.04328143755380354,2.2301926406267096,0.0023192616645246744,overdamped
2335,0.44569902978722614,0.5246462821960449,3.760176621352305,4.087402820587158,0.07894725240881878,17.713130864679623,0.3272261992348531,8.70241566251667,0.0025690533220767975,underdamped
2336,0.48367727997786203,0.39601224660873413,0.6237910993788033,0.5305054783821106,0.0876650333691279,18.124695328492653,0.09328562099669269,14.95462520859793,0.0023751140106469393,underdamped
2337,0.580171992525009,0.6523995399475098,3.5426136321979365,3.937220573425293,0.07222754742250082,12.449333706743413,0.3946069412273565,11.138864753437177,0.0030164718627929688,underdamped
2338,1.483701130789746,1.2192597389221191,3.6258533802435866,3.075072765350342,0.26444139186762694,17.8230902693233,0.5507806148932448,15.190371952002183,0.0026959292590618134,overdamped
2339,0.3505417304932783,0.3347790539264679,1.4917135224098175,1.451917290687561,0.015762676566810407,4.49666193654871,0.03979623172225644,2.6678200019241523,0.004712939728051424,underdamped
2340,1.7622188982638116,1.5801868438720703,0.40030586678030083,0.34284472465515137,0.1820320543917413,10.329707312246196,0.05746114212514947,14.354309265391246,0.002418994903564453,overdamped
2341,1.0,0.9503437876701355,1.8361797900943013,1.8285908699035645,0.0496562123298645,4.96562123298645,0.00758892019073687,0.41329940737160187,0.0024901318829506636,critically_damped
2342,1.1294454089480117,1.056008219718933,2.296709475733017,2.265415906906128,0.0734371892290786,6.502057438745931,0.03129356882688894,1.3625392831586285,0.00262937368825078,overdamped
2343,1.5371955674218474,1.224387288093567,1.2645209274520306,1.0758730173110962,0.3128082793282805,20.349283198423223,0.1886479101409344,14.918528119661406,0.0027080506552010775,overdamped
2344,1.8807264834863,1.577614665031433,2.151462271706488,1.850913643836975,0.3031118184548669,16.116741116602395,0.30054862786951286,13.969504918676773,0.0027468022890388966,overdamped
2345,0.9543237811329702,0.9508309960365295,3.6936791073345305,3.818326473236084,0.003492785096440687,0.3659958145750139,0.12464736590155345,3.374612744622061,0.0022563727106899023,underdamped
2346,1.0,0.8720147013664246,1.273099810909816,1.2178701162338257,0.12798529863357544,12.798529863357544,0.05522969467599026,4.33820618012036,0.0023988094180822372,critically_damped
2347,0.07036152898905648,-0.06684894114732742,1.025750596804593,0.5418436527252197,0.1372104701363839,195.0078005805198,0.4839069440793733,47.17588715881179,0.0032391285058110952,underdamped
2348,0.9151156286608636,0.8496128916740417,3.0224040304437847,2.9509475231170654,0.06550273698682185,7.1578645293901735,0.07145650732671927,2.36422750257606,0.0024227225221693516,underdamped
2349,0.053632174991046846,0.12273112684488297,2.8630721162440174,2.797339916229248,0.06909895185383612,128.83861574767616,0.06573220001476932,2.295862533179972,0.10320960730314255,underdamped
2350,0.05369005395577535,0.10854168236255646,2.759196975091278,2.7783687114715576,0.05485162840678111,102.16348162354716,0.01917173638027947,0.6948302913258029,0.08517906069755554,underdamped
2351,1.021015460380317,0.9560776352882385,2.6334030187107342,2.6415276527404785,0.06493782509207846,6.360121625179881,0.008124634029744282,0.3085222418299632,0.0025508066173642874,overdamped
2352,1.0,1.0918371677398682,0.32621818172910927,0.3233567476272583,0.09183716773986816,9.183716773986816,0.002861434101850968,0.87715347031978,0.0026177172549068928,critically_damped
2353,0.9458628339441304,0.9163004159927368,2.153018248145328,2.1818032264709473,0.029562417951393583,3.125444503207931,0.028784978325619104,1.336959329091396,0.002210016595199704,underdamped
2354,1.5584172443896884,1.2840560674667358,3.389731998689915,2.859844923019409,0.2743611769229526,17.605116852412568,0.5298870756705059,15.632123007815956,0.002582598477602005,overdamped
2355,1.0,0.9824872016906738,3.4400180540296743,3.469125747680664,0.017512798309326172,1.7512798309326172,0.029107693650989752,0.8461494443871503,0.002659450052306056,critically_damped
2356,1.1598127940136338,1.087938666343689,2.602722835817479,2.5875308513641357,0.07187412766994483,6.197045595713608,0.015191984453343466,0.5836958220936297,0.0020380232017487288,overdamped
2357,1.9072546351423485,1.6961913108825684,1.6849304850030689,1.4649385213851929,0.21106332425978014,11.066342184772164,0.21999196361787599,13.056441531323786,0.0030938023701310158,overdamped
2358,1.9048203617494495,1.530407428741455,1.9764696178797534,1.592423677444458,0.3744129330079944,19.656075739557995,0.3840459404352954,19.430905335508193,0.0022888623643666506,overdamped
2359,0.25508335812713556,0.19846370816230774,1.5610086586033463,1.3911467790603638,0.05661964996482782,22.19652837430819,0.16986187954298249,10.881546275019383,0.005890137515962124,underdamped
2360,1.7625616860528188,1.6183626651763916,1.0333462344539082,0.9765948057174683,0.14419902087642722,8.18121839465118,0.0567514287364399,5.4920051812480155,0.00243282038718462,overdamped
2361,1.0,0.9450118541717529,3.650336382213707,3.585820436477661,0.05498814582824707,5.498814582824707,0.06451594573604602,1.767397274684067,0.0024503341410309076,critically_damped
2362,0.4676918271779611,0.44499996304512024,1.7813536895835256,1.8152878284454346,0.022691864132840855,4.851883829093808,0.03393413886190899,1.904963571262632,0.002404800383374095,underdamped
2363,0.8847666508123622,0.8541650176048279,0.9749097604989183,0.9343494176864624,0.030601633207534285,3.458723628364261,0.04056034281245591,4.160420221016025,0.0024796915240585804,underdamped
2364,1.0,0.9520314335823059,2.0948630826114303,2.1077258586883545,0.04796856641769409,4.796856641769409,0.01286277607692421,0.6140151203051243,0.0024996288120746613,critically_damped
2365,1.1214305412184429,1.0042868852615356,2.345617106346484,2.236520290374756,0.11714365595690723,10.445912756186376,0.10909681597172805,4.651092272329837,0.0025036209262907505,overdamped
2366,0.657448165017679,0.6112808585166931,0.7998097188347328,0.7535098195075989,0.04616730650098588,7.022197179566914,0.046299899327133964,5.788864305698823,0.0027517378330230713,underdamped
2367,0.7052029948200609,0.6706468462944031,0.7337568851679801,0.7045588493347168,0.034556148525657804,4.9001704161048165,0.029198035833263303,3.979252041577634,0.0033646952360868454,underdamped
2368,1.9173643045755089,1.748345136642456,2.318366481765581,2.1153147220611572,0.16901916793305283,8.815182776153357,0.20305175970442368,8.758397833192753,0.002334393560886383,overdamped
2369,0.17917705234619194,0.21353892982006073,2.9044229424577725,2.979764223098755,0.03436187747386879,19.177610650429415,0.07534128064098233,2.5940189198900643,0.011216186918318272,underdamped
2370,1.6954969080067273,1.4255555868148804,0.8301563364283258,0.7100632786750793,0.2699413211918469,15.921074224145729,0.12009305775324641,14.466318268428353,0.0024337605573236942,overdamped
2371,1.6198540065132554,1.2683916091918945,1.783231185978918,1.5193185806274414,0.35146239732136086,21.69716504747768,0.26391260535147665,14.799685392816853,0.002674239920452237,overdamped
2372,1.6875124276864097,1.6343209743499756,1.6270692743250899,1.6123768091201782,0.05319145333643416,3.152062910100163,0.014692465204911631,0.9030018227715647,0.003016085596755147,overdamped
2373,0.5679446652695903,0.487209290266037,1.1052773321740166,1.0502347946166992,0.08073537500355332,14.215359337028035,0.05504253755731736,4.97997524739351,0.0022133460734039545,underdamped
2374,1.3052478866601627,1.1956349611282349,3.95387860652663,3.7142674922943115,0.10961292553192781,8.397862708853165,0.2396111142323183,6.060153537258187,0.002628995105624199,overdamped
2375,1.6936430418098867,1.499674916267395,2.867678273886088,2.508436441421509,0.19396812554249165,11.452715876611784,0.3592418324645794,12.52727112856208,0.002711914712563157,overdamped
2376,0.935464064750336,0.895479679107666,1.6397790222907858,1.6617164611816406,0.03998438564267004,4.2742834438371915,0.021937438890854866,1.3378289752852228,0.0025157048366963863,underdamped
2377,0.11260403723187264,0.16690032184123993,2.2882865327681716,2.37145733833313,0.05429628460936729,48.21877256279999,0.08317080556495826,3.6346324804151773,0.0351710319519043,underdamped
2378,1.3582865470517334,1.2931264638900757,1.6308227391661039,1.6284295320510864,0.06516008316165767,4.797226572190728,0.0023932071150174483,0.14674845141300752,0.002695127623155713,overdamped
2379,1.9624855004187798,1.5218696594238281,1.2430687525801278,0.9706020951271057,0.44061584099495166,22.451928480537948,0.2724666574530221,21.91887270012115,0.0029534094501286745,overdamped
2380,0.7627736165473781,0.7748596668243408,1.8424871548289565,1.8876348733901978,0.012086050276962745,1.5844871944665704,0.045147718561241224,2.4503681582210226,0.002866177586838603,underdamped
2381,1.116055509664729,1.0472619533538818,2.1205370983689025,2.0750696659088135,0.06879355631084727,6.163990564547577,0.045467432460089,2.144146994412978,0.002484277356415987,overdamped
2382,1.5182301131741451,1.3145004510879517,3.039958194033591,2.6965372562408447,0.20372966208619347,13.418892190213402,0.3434209377927462,11.296896729263095,0.0024094495456665754,overdamped
2383,0.6020013661757564,0.5484970808029175,1.0729858742526623,1.0415936708450317,0.05350428537283891,8.887734875541486,0.0313922034076306,2.9256865501137526,0.0032130861654877663,underdamped
2384,1.0,0.8865083456039429,0.664356832147077,0.6053481698036194,0.11349165439605713,11.349165439605713,0.059008662343457585,8.882073531591846,0.002463435521349311,critically_damped
2385,1.3231199300544167,1.103725790977478,2.069164256628351,1.8428537845611572,0.21939413907693872,16.581576174120176,0.22631047206719357,10.937288876039284,0.0028141022194176912,overdamped
2386,1.9672969000004148,1.4737976789474487,1.7663085468375528,1.39871346950531,0.49349922105296606,25.08514200641815,0.3675950773322427,20.81148721101956,0.002199718961492181,overdamped
2387,1.8694272330631412,1.4714055061340332,1.2715674951693117,1.0110995769500732,0.398021726929108,21.29110563329771,0.2604679182192384,20.48400255658915,0.0025113741867244244,overdamped
2388,1.8928471054534692,1.6121604442596436,0.5965311390478607,0.5109386444091797,0.2806866611938257,14.828807904512795,0.08559249463868102,14.348369940133802,0.0026378892362117767,overdamped
2389,0.560333230181704,0.5505417585372925,1.7137285483598494,1.7771791219711304,0.00979147164441152,1.7474372600097903,0.06345057361128092,3.7024868186975866,0.0028018509037792683,underdamped
2390,0.2527416828965228,0.2662543058395386,2.2074808454375825,2.2417984008789062,0.01351262294301575,5.346416462910105,0.034317555441323755,1.554602637311722,0.004346909467130899,underdamped
2391,0.8542593714970237,0.8462755084037781,3.8493757215455155,3.992952346801758,0.007983863093245613,0.9345947331259017,0.14357662525624226,3.729867792655911,0.0022497759200632572,underdamped
2392,1.6242752156397207,1.2367736101150513,1.556334781736184,1.2663527727127075,0.3875016055246694,23.856893326544537,0.2899820090234764,18.632367047659514,0.0028687305748462677,overdamped
2393,0.3982978676904042,0.41034454107284546,2.2320870352583424,2.31111216545105,0.012046673382441253,3.024538758466339,0.0790251301927074,3.5404143720390824,0.0039895507507026196,underdamped
2394,1.1137634934888634,1.0870360136032104,1.8832650155922719,1.8370108604431152,0.02672747988565294,2.3997446533221454,0.04625415514915665,2.456061933195848,0.0025552718434482813,overdamped
2395,1.0,0.9767130613327026,3.678571946137537,3.6987619400024414,0.023286938667297363,2.3286938667297363,0.020189993864904388,0.548854124930292,0.002499193651601672,critically_damped
2396,1.5983210028085086,1.496450424194336,1.5532855584709575,1.4554007053375244,0.1018705786141727,6.37359944811897,0.09788485313343309,6.301793807301614,0.0023242838215082884,overdamped
2397,1.6827018340556692,1.3573856353759766,3.4293358439245356,2.9219281673431396,0.32531619867969264,19.332967498799917,0.507407676581396,14.796091712053435,0.002361367456614971,overdamped
2398,1.3245575599923551,1.2087830305099487,3.1281537159030477,3.0343191623687744,0.11577452948240641,8.740618979448097,0.09383455353427328,2.99967847031407,0.0022831670939922333,overdamped
2399,0.3531115100126078,0.4283101260662079,3.4465699832198,3.694302558898926,0.07519861605360006,21.29599685122558,0.24773257567912577,7.187800534596804,0.0035313863772898912,underdamped
2400,0.3587114610005976,0.36674433946609497,2.861898102784514,2.9611833095550537,0.008032878465497384,2.2393704519756064,0.09928520677053987,3.4692083087772865,0.002728716703131795,underdamped
2401,1.6397553228478754,1.262626051902771,3.374730887508755,2.722102642059326,0.3771292709451044,22.999118569111772,0.6526282454494288,19.338675207112665,0.002562642563134432,overdamped
2402,1.855621071422317,1.5483192205429077,2.670952381852112,2.2967426776885986,0.3073018508794092,16.560592871682854,0.3742097041635133,14.010347271860606,0.0026655583642423153,overdamped