run,zeta_true,zeta_pred,omega_0_true,omega_0_pred,abs_error_zeta,rel_error_zeta_pct,abs_error_omega_0,rel_error_omega_0_pct,best_val_loss,damped_case
1,1.8187337408901114,1.2844914197921753,4.38556435755498,3.247443199157715,0.5342423210979361,29.37441083797517,1.138121158397265,25.951532473503256,0.003146658418700099,overdamped
2,0.31893414983956636,0.6984811425209045,6.5225597539440825,8.469039916992188,0.3795469926813382,119.0048142766342,1.946480163048105,29.842274145071666,0.009228130802512169,underdamped
3,1.817554008978973,1.2531617879867554,4.788934213870245,3.4705464839935303,0.5643922209922176,31.052294358464206,1.318387729876715,27.529877651237168,0.002491248305886984,overdamped
4,0.44130488730644873,0.3951203227043152,1.3108640949453343,1.2137643098831177,0.04618456460213355,10.46545504719559,0.09709978506221661,7.407311363293223,0.0028327256441116333,underdamped
5,1.0,0.9217334985733032,5.525210963220562,5.344675540924072,0.07826650142669678,7.826650142669678,0.1805354222964901,3.267484689693346,0.002888014307245612,critically_damped
6,0.7888700660403372,0.740337073802948,1.1649076602766781,1.1598397493362427,0.04853299223738916,6.152216230106966,0.0050679109404354605,0.4350482972385792,0.0027305716648697853,underdamped
7,1.323618221416778,1.0792914628982544,4.91652804530761,4.211549758911133,0.2443267585185236,18.459005366139525,0.7049782863964769,14.338945692973645,0.0025319885462522507,overdamped
8,1.0275026197080623,1.0121572017669678,2.1975746281498973,2.2604901790618896,0.015345417941094563,1.4934675247304534,0.0629155509119923,2.8629540087546377,0.002571325283497572,overdamped
9,0.1783395848732658,0.03685522824525833,1.5682599541637785,0.9718615412712097,0.14148435662800746,79.33424131751292,0.5963984128925688,38.02930829860908,0.005005244631320238,underdamped
10,0.3471347796490902,0.36321115493774414,2.2553456943463477,2.3061728477478027,0.016076375288653966,4.631162370104537,0.05082715340145505,2.2536302762307114,0.0038524866104125977,underdamped
11,1.4048025393384647,1.2091044187545776,4.175811158863287,3.7799205780029297,0.19569812058388703,13.930649689460498,0.39589058086035767,9.480567147297064,0.002784149022772908,overdamped
12,1.5318670389390823,1.1896981000900269,6.619308928135022,5.481208324432373,0.3421689388490554,22.33672571779008,1.1381006037026493,17.19364689061743,0.002749795326963067,overdamped
13,0.503356859985747,0.5218523144721985,2.420463768430623,2.514984607696533,0.018495454486451512,3.674421857879364,0.09452083926591026,3.905071437082306,0.002808273071423173,underdamped
14,1.493136613876797,1.08521568775177,7.472955106197984,5.792609691619873,0.40792092612502695,27.31973232281113,1.6803454145781114,22.485688602417163,0.002955688163638115,overdamped
15,0.07333493789138075,0.31086692214012146,5.087018036358858,5.574889183044434,0.23753198424874072,323.90016420353237,0.48787114668557585,9.590513404878354,0.06571666896343231,underdamped
16,1.3520772898121556,1.0030202865600586,7.752855937926688,5.974136829376221,0.349057003252097,25.816349840517738,1.778719108550467,22.94275971063822,0.0026213510427623987,overdamped
17,1.7176352651012132,1.1480375528335571,6.679769508591389,4.71710205078125,0.5695977122676561,33.16173834111936,1.9626674578101388,29.382263194647575,0.003395211650058627,overdamped
18,1.0465601948800707,0.9576528668403625,4.84889896827244,4.570251941680908,0.08890732803970813,8.495194875044561,0.27864702659153195,5.746604093316631,0.0025097334291785955,overdamped
19,1.0,0.9393892884254456,3.938221626064491,3.831110715866089,0.06061071157455444,6.061071157455444,0.10711091019840202,2.7197786302707185,0.0020097915548831224,critically_damped
20,1.9309966384200603,1.5193778276443481,3.8598253780649125,3.122401237487793,0.41161881077571216,21.316391887274246,0.7374241405771196,19.105116639935154,0.00291102915070951,overdamped
21,1.0318361433086067,0.9710599780082703,6.932014094555682,6.788951873779297,0.06077616530033647,5.89009850977465,0.1430622207763852,2.0637901023418936,0.003074502572417259,overdamped
22,1.3008806144657237,0.9977010488510132,7.628455950926579,6.089633464813232,0.3031795656147105,23.305717853227247,1.5388224861133466,20.172135698396946,0.00256872596219182,overdamped
23,0.6867003837829895,0.7379022836685181,3.809563852944501,4.1803436279296875,0.05120189988552859,7.45622124214647,0.37077977498518644,9.732866787325328,0.0025201677344739437,underdamped
24,0.8509399992757557,0.8893999457359314,5.580740454881427,5.960235595703125,0.0384599464601757,4.519701329460289,0.3794951408216978,6.800085828928965,0.002836007159203291,underdamped
25,0.3446136400954819,0.5348729491233826,4.390058216174224,5.085416316986084,0.19025930902790067,55.20945397726731,0.6953581008118599,15.83938222618467,0.005217220634222031,underdamped
26,0.6100761773268916,0.789147675037384,5.46510438890649,6.614392280578613,0.17907149771049247,29.35231768844208,1.149287891672123,21.0295688771296,0.002816048450767994,underdamped
27,1.9158432168352393,1.2013533115386963,6.922557774611067,4.422820568084717,0.714489905296543,37.293756556802236,2.4997372065263503,36.110023027822166,0.003395318053662777,overdamped
28,0.3455740597358042,0.5595332384109497,5.955845098690515,7.252380847930908,0.21395917867514552,61.914131760560984,1.2965357492403928,21.769131462560303,0.004710137378424406,underdamped
29,1.183500495715562,1.0700606107711792,1.182164939890709,1.1062394380569458,0.11343988494438273,9.585115118671354,0.07592550183376323,6.422581085917041,0.002248192671686411,overdamped
30,1.8567608328543663,1.1661983728408813,6.327313101111641,4.272693634033203,0.690562460013485,37.19178301234927,2.054619467078438,32.47222690335118,0.00295654172077775,overdamped
31,1.0,0.9893377423286438,2.3838278388274268,2.3907268047332764,0.010662257671356201,1.0662257671356201,0.006898965905849597,0.28940705337358197,0.0030377209186553955,critically_damped
32,1.0730338337455994,0.9590705633163452,1.455553358763456,1.3674259185791016,0.11396327042925414,10.620659558463947,0.08812744018435437,6.054566097063026,0.0027802330441772938,overdamped
33,1.0,0.9523093700408936,4.71539900024211,4.5857157707214355,0.047690629959106445,4.7690629959106445,0.12968322952067446,2.7502069180999515,0.002559437183663249,critically_damped
34,0.24090943667752973,0.41058349609375,5.931878138372891,6.8240861892700195,0.16967405941622027,70.43064055782014,0.8922080508971284,15.040903236455566,0.007535939570516348,underdamped
35,1.2172292230632487,1.0393195152282715,6.027700365299553,5.383785724639893,0.17790970783497717,14.615957657281184,0.6439146406596601,10.68259206059026,0.0027870279736816883,overdamped
36,1.297753091873234,1.2091249227523804,2.3892715844854053,2.301439046859741,0.0886281691208537,6.829355266102574,0.08783253762566412,3.6761219693901497,0.0023860919754952192,overdamped
37,1.5447267251948849,1.2213655710220337,2.850653747459848,2.513990879058838,0.32336115417285116,20.933227146183768,0.33666286840101023,11.810023181559766,0.002405789215117693,overdamped
38,0.8717124351635506,0.8498751521110535,1.9264939771813898,1.9440051317214966,0.021837283052497103,2.505101702306219,0.017511154540106766,0.9089649252746144,0.002191852545365691,underdamped
39,0.16890493218993224,0.2752182185649872,4.839472262609169,5.09025239944458,0.10631328637505494,62.94267727807173,0.2507801368354112,5.181972810816459,0.012643637135624886,underdamped
40,1.0,0.9499812722206116,1.1529020830315546,1.155661702156067,0.05001872777938843,5.001872777938843,0.0027596191245122803,0.23936283619645002,0.0026153624057769775,critically_damped
41,1.2144002197733996,1.061698317527771,4.733736443621249,4.295619964599609,0.15270190224562863,12.574265037116177,0.4381164790216392,9.25519374049658,0.0031231704633682966,overdamped
42,1.9426963406415774,1.124601125717163,7.221777282212299,4.395242691040039,0.8180952149244143,42.11132732428155,2.82653459117226,39.139044042997504,0.0032207488548010588,overdamped
43,1.4488671072702395,1.026992917060852,6.030590494593743,4.429312229156494,0.42187419020938743,29.11752141328034,1.6012782654372488,26.552594922052002,0.002704755635932088,overdamped
44,0.6315610562147714,0.7279875874519348,5.069459264877071,5.950567722320557,0.09642653123716338,15.267966618317288,0.881108457443486,17.38071875925907,0.002495645545423031,underdamped
45,1.9490307905726767,1.4927608966827393,2.9820883296775444,2.3823115825653076,0.45626989388993744,23.410091625893365,0.5997767471122368,20.112641907461242,0.0028586743865162134,overdamped
46,1.4785658088156872,1.11785089969635,5.289900414780375,4.205801486968994,0.3607149091193371,24.396270153728583,1.0840989278113806,20.493749273281736,0.0025644910056144,overdamped
47,0.2605872341921416,0.3536955416202545,4.636302378703412,4.93195104598999,0.09310830742811294,35.73018751926289,0.2956486672865779,6.3768202144153285,0.005467011593282223,underdamped
48,0.4134238654275729,0.6446444988250732,6.0278710315253585,7.378693580627441,0.23122063339750032,55.928225904028636,1.3508225491020829,22.40961264826955,0.004037543665617704,underdamped
49,0.3998425703189637,0.7186575531959534,5.976513359854532,7.9981584548950195,0.31881498287698967,79.73512740843567,2.021645095040488,33.826496709942845,0.0053980378434062,underdamped
50,0.48845749005855404,0.5450568199157715,4.098572512862873,4.450024127960205,0.05659932985721744,11.58736041706159,0.35145161509733214,8.574976140945264,0.002469095168635249,underdamped
51,1.0,0.9768732786178589,6.970104256553209,7.3027143478393555,0.023126721382141113,2.3126721382141113,0.3326100912861465,4.7719528868371,0.0024865479208528996,critically_damped
52,0.40242727590096994,0.34190046787261963,1.4049373957959035,1.319658875465393,0.06052680802835031,15.040433800825385,0.08527852033051042,6.069916039369124,0.0036978411953896284,underdamped
53,0.7363489870264839,0.7450802326202393,2.6779673414951013,2.81779146194458,0.008731245593755377,1.1857482997313262,0.13982412044947878,5.221278029903658,0.0026213894598186016,underdamped
54,1.955240385816909,1.2160364389419556,5.3034508253260855,3.483935832977295,0.7392039468749534,37.80629493115295,1.8195149923487905,34.308133558246325,0.0031132432632148266,overdamped
55,1.1889448010770045,0.9005653262138367,7.967069003482196,6.247037887573242,0.28837947486316784,24.255076821223287,1.720031115908954,21.589258423106084,0.0031285553704947233,overdamped
56,1.941867214370922,1.1245969533920288,6.518224124583195,3.940347194671631,0.8172702609788931,42.08682524379774,2.5778769299115645,39.54876175842458,0.003006819635629654,overdamped
57,1.970690615036141,1.2666287422180176,5.534556995461197,3.702260732650757,0.7040618728181234,35.726656809862135,1.8322962628104404,33.106466593678185,0.00328049436211586,overdamped
58,1.5279979579218943,1.0865075588226318,7.932347572061095,5.9766645431518555,0.44149039909926246,28.893389340630904,1.95568302890924,24.65453021495737,0.002924540778622031,overdamped
59,1.4024425083544054,0.9962964057922363,7.875828023616027,5.849951267242432,0.4061461025621691,28.959911022572456,2.025876756373595,25.72271449171963,0.002969645895063877,overdamped
60,0.250800226101349,0.27992045879364014,2.894378828324219,2.990532159805298,0.029120232692291137,11.610927607586596,0.09615333148107874,3.3220714075202578,0.004568534903228283,underdamped
61,1.9155127652821193,1.5047602653503418,2.7088362471750678,2.1535370349884033,0.41075249993177754,21.443474947100203,0.5552992121866644,20.499548939725052,0.0031198516953736544,overdamped
62,0.9741499714120087,0.9114180207252502,7.483212464942629,6.944416046142578,0.06273195068675841,6.439660476079452,0.5387964188000511,7.200068437508701,0.003295233706012368,underdamped
63,0.5372316222197503,0.6201550364494324,3.8173237532965483,4.261441707611084,0.08292341422968208,15.435318920181306,0.4441179543145357,11.634275293810388,0.0037047064397484064,underdamped
64,0.28513805493590827,0.3972983658313751,5.243627499388621,5.7407073974609375,0.11216031089546685,39.33544083432764,0.49707989807231634,9.479695079985625,0.004807078279554844,underdamped
65,0.3594954196447799,0.5943978428840637,5.324523052652185,6.486082077026367,0.23490242323928384,65.34225762080438,1.1615590243741822,21.8152689525046,0.005577249452471733,underdamped
66,1.4482471705870843,1.3085955381393433,2.7131370262554375,2.5831010341644287,0.13965163244774104,9.642803748142635,0.1300359920910088,4.792828037531124,0.0023862202651798725,overdamped
67,0.5490064344549256,0.7412857413291931,7.138582864536119,8.970332145690918,0.19227930687426753,35.02314268232024,1.8317492811547993,25.65984476071261,0.0034571972209960222,underdamped
68,1.6560235820415672,1.1807414293289185,6.443573772930749,4.848552703857422,0.47528215271264873,28.700204385176377,1.5950210690733275,24.75367125885888,0.0027685528621077538,overdamped
69,0.12911922685164637,0.5424113869667053,7.166130091602699,9.071039199829102,0.413292160115059,320.08568374554915,1.904909108226403,26.58211731961974,0.027496226131916046,underdamped
70,1.246814039806761,0.9906545877456665,7.871808522473609,6.657618522644043,0.2561594520610946,20.545120914807452,1.214189999829566,15.424536767670554,0.0031518524046987295,overdamped
71,1.1714026487090492,1.145628571510315,2.2392750786792397,2.249749183654785,0.025774077198734258,2.2002747925436843,0.010474104975545462,0.46774534648611626,0.0023373153526335955,overdamped
72,1.0634535420805031,1.0445501804351807,4.032798985215127,4.101402282714844,0.01890336164532247,1.7775446596699087,0.06860329749971683,1.7011335737592492,0.002504392759874463,overdamped
73,1.3224431902573952,1.1612987518310547,4.11745427562775,3.8443431854248047,0.16114443842634052,12.185358101846022,0.27311109020294566,6.633008454266489,0.0026297306176275015,overdamped
74,1.7274676245261207,1.2999767065048218,3.8111858916981567,3.011277675628662,0.4274909180212989,24.746681903145266,0.7999082160694946,20.988433490266676,0.0031877169385552406,overdamped
75,0.2921056914376578,0.3633446991443634,4.863813868754938,5.162363529205322,0.0712390077067056,24.388093007051072,0.29854966045038456,6.138180212204722,0.004038217943161726,underdamped
76,0.925890297023099,0.9126537442207336,3.3789203371120364,3.431448459625244,0.013236552802365353,1.4296027126456785,0.05252812251320771,1.5545830405135712,0.0024238117039203644,underdamped
77,0.15798847799064744,0.7947056889533997,7.585721110446116,11.995777130126953,0.6367172109627522,403.014966066351,4.410056019680837,58.13627940536668,0.024468617513775826,underdamped
78,1.053569190601519,0.98069167137146,1.6549162763162344,1.6296963691711426,0.07287751923005903,6.917202959252323,0.025219907145091813,1.5239385524221283,0.002383122220635414,overdamped
79,1.0,0.8968661427497864,6.1275414168149,5.858869552612305,0.10313385725021362,10.313385725021362,0.26867186420259515,4.384660109604791,0.0029833971057087183,critically_damped
80,1.0,0.9255886673927307,5.664757382867647,5.612534046173096,0.07441133260726929,7.441133260726929,0.05222333669455104,0.9218989122551658,0.002281233435496688,critically_damped
81,1.4794621211138559,1.0235120058059692,6.873430502142592,4.8803791999816895,0.45595011530788665,30.818640693863212,1.9930513021609029,28.99645674077343,0.0033060216810554266,overdamped
82,0.8671129538035393,0.8803384900093079,2.5374502563344192,2.6495718955993652,0.013225536205768607,1.5252379920926773,0.112121639264946,4.41867339015016,0.0026928770821541548,underdamped
83,1.9173196310597063,1.4330939054489136,3.087371098214799,2.4231295585632324,0.4842257256107927,25.255346983703504,0.6642415396515666,21.5147942544273,0.002187495119869709,overdamped
84,1.8727813002812654,1.4769805669784546,2.6687975574349814,2.184522867202759,0.39580073330281085,21.134380893453343,0.4842746902322226,18.145800863879153,0.00280236778780818,overdamped
85,1.0,0.8932622075080872,6.770384677106278,6.100894927978516,0.10673779249191284,10.673779249191284,0.669489749127762,9.888503845159768,0.00302542420104146,critically_damped
86,1.1005515113100517,0.9983564019203186,5.033324913471404,4.749731063842773,0.10219510938973309,9.285808827619906,0.2835938496286303,5.6343243184958665,0.0028177343774586916,overdamped
87,0.3477856048529579,0.3652323782444,3.232337828530761,3.3471341133117676,0.017446773391442127,5.016531204279873,0.11479628478100645,3.5514940229247753,0.0028886457439512014,underdamped
88,1.0832011104774575,1.0158686637878418,3.8124097022562378,3.7346978187561035,0.06733244668961569,6.216061453254663,0.07771188350013425,2.0383927638769586,0.0025939196348190308,overdamped
89,0.23902144134643946,0.1526477038860321,1.2215576757975652,0.909397542476654,0.08637373746040736,36.136397209326766,0.3121601333209112,25.554268906468064,0.004162541590631008,underdamped
90,0.06842645004358364,0.13501299917697906,2.741585944223208,2.74147629737854,0.06658654913339543,97.31112616683126,0.00010964684466774344,0.003999394762683992,0.07278496772050858,underdamped
91,0.9029210273240739,0.8655257225036621,5.372886536779376,5.298811912536621,0.03739530482041176,4.141591976347887,0.0740746242427548,1.3786746423116674,0.0025283314753323793,underdamped
92,0.5607077021037251,0.774185836315155,4.998798657097011,6.311440944671631,0.21347813421142992,38.072980522735655,1.3126422875746195,26.25915500139227,0.0033312963787466288,underdamped
93,0.2611603161540994,0.11284267902374268,1.0664426445137098,0.726537823677063,0.14831763713035673,56.79179720507036,0.33990482083664686,31.87277089727043,0.002892538905143738,underdamped
94,0.917528273883284,0.9101302623748779,4.300118678079409,4.395016193389893,0.007398011508406022,0.8062979331519871,0.09489751531048363,2.206858052412366,0.0029481982346624136,underdamped
95,1.5847206543169392,1.3200949430465698,3.811149133055894,3.2223029136657715,0.2646257112703694,16.698571483213914,0.5888462193901227,15.45062129116863,0.002528411103412509,overdamped
96,1.7329628760439997,1.202938199043274,4.9899871402319125,3.7069132328033447,0.5300246770007258,30.584883515258205,1.2830739074285678,25.712970221581294,0.003263990394771099,overdamped
97,1.3672319077989017,1.2537765502929688,2.2929267496294203,2.1460120677948,0.11345535750593294,8.298179471877894,0.14691468183462053,6.407299398393981,0.0023883983958512545,overdamped
98,0.1707995488942107,0.7639884352684021,7.220633446438881,11.160574913024902,0.5931888863741914,347.30120203162767,3.9399414665860215,54.5650391452726,0.020590316504240036,underdamped
99,0.724263786846983,0.8214597105979919,6.144951768615117,6.736667633056641,0.09719592375100894,13.419961831053657,0.5917158644415235,9.629300387086326,0.0028674232307821512,underdamped
100,0.5641177054966204,0.530586302280426,1.0311890915564421,0.9916516542434692,0.03353140321619441,5.944043749996301,0.03953743731297288,3.8341597711527764,0.0025606579147279263,underdamped
101,0.5258874462759924,0.5382136106491089,2.011317786805378,2.0755093097686768,0.01232616437311651,2.3438788015197427,0.06419152296329855,3.1915157010198483,0.002502927090972662,underdamped
102,1.9376301511964051,1.4941285848617554,3.9767922758650847,3.1846413612365723,0.44350156633464977,22.888865868484046,0.7921509146285124,19.919343523070822,0.0025470713153481483,overdamped
103,0.9594766406101509,0.9525972604751587,4.774250413578234,4.955901145935059,0.00687938013499223,0.7169929776109496,0.18165073235682438,3.804801102183488,0.0030157784931361675,underdamped
104,0.9768460005407312,0.8571305274963379,7.171824907037974,6.400646209716797,0.11971547304439334,12.25530666841294,0.7711786973211767,10.752893542679645,0.003150149015709758,underdamped
105,0.4481129231042427,0.563237726688385,3.727333000927965,4.208713054656982,0.11512480358414229,25.691025107383762,0.4813800537290174,12.914865766197222,0.003585317637771368,underdamped
106,1.262656097537619,1.0386930704116821,5.656352410256021,4.967596054077148,0.22396302712593696,17.737452625675402,0.6887563561788728,12.176687487328921,0.0025729965418577194,overdamped
107,1.0,0.9202560186386108,5.385820658024654,5.178677558898926,0.07974398136138916,7.974398136138916,0.20714309912572837,3.8460823758974145,0.0029011154547333717,critically_damped
108,1.1640978395892276,1.0239405632019043,4.470706971930955,4.135799407958984,0.14015727638732334,12.039991109061786,0.33490756397197075,7.491154443238313,0.0028388856444507837,overdamped
109,1.5597112203938126,1.241452693939209,4.508421602684235,3.7459475994110107,0.3182585264546036,20.40496486101102,0.7624740032732245,16.912216080662482,0.002731817541643977,overdamped
110,0.5316980052030272,0.5487003922462463,1.8218372637995088,1.8630688190460205,0.017002387043219103,3.1977526484657006,0.041231555246511675,2.2631854153933455,0.0030981854069978,underdamped
111,1.5622753281866557,1.3137071132659912,2.409408163186353,2.13669490814209,0.2485682149206645,15.910653547168247,0.272713255044263,11.318682289330749,0.002823628019541502,overdamped
112,1.154021433362865,1.0695559978485107,2.583694361071982,2.4459426403045654,0.08446543551435415,7.319225888917718,0.1377517207674166,5.331579572371053,0.0026333844289183617,overdamped
113,0.18277053207144348,0.1539078801870346,1.168971046590725,0.9742375016212463,0.02886265188440887,15.791742551324795,0.1947335449694787,16.658543044108256,0.002812743652611971,underdamped
114,0.025441760277671293,0.6581143140792847,7.173982845044522,11.216808319091797,0.6326725538016134,2486.7483495506094,4.042825474047275,56.35398859142637,0.1860811710357666,underdamped
115,0.41413511119512636,0.5639438629150391,4.013702034632896,4.579133987426758,0.1498087517199127,36.17388327388834,0.5654319527938618,14.08754182335754,0.004763926845043898,underdamped
116,0.05146532930129069,0.21728135645389557,4.537946034544196,4.714629650115967,0.16581602715260488,322.18977203444496,0.17668361557177104,3.8934710599641944,0.10365194082260132,underdamped
117,1.4761508642781505,1.4079903364181519,1.674838396006959,1.6127707958221436,0.0681605278599986,4.61744998491937,0.0620676001848155,3.7058859131002153,0.002308630384504795,overdamped
118,0.039677778166759374,0.6129710078239441,6.702304806930068,9.692883491516113,0.5732932296571848,1444.8723092500916,2.990578684586045,44.620153376101875,0.13273034989833832,underdamped
119,1.0,0.9028615355491638,6.305470721179783,5.914950370788574,0.09713846445083618,9.713846445083618,0.3905203503912089,6.193357604206602,0.002376082818955183,critically_damped
120,0.44150365382132073,0.6782438158988953,4.962669402751295,6.227360248565674,0.23674016207757453,53.62133699880653,1.2646908458143784,25.484084132487972,0.003972447942942381,underdamped
121,1.3694338654734202,1.2568954229354858,2.6155165095422643,2.4886233806610107,0.11253844253793432,8.217880788206536,0.1268931288812536,4.851551439966284,0.0022040263283997774,overdamped
122,0.4837950449779391,0.5748724341392517,3.103847566766831,3.35381817817688,0.09107738916131258,18.82561429819226,0.24997061141004906,8.053572414009839,0.0032716861460357904,underdamped
123,0.13380562537676535,0.7443221211433411,7.558100409938981,12.066680908203125,0.6105164957665757,456.2711724918172,4.508580498264144,59.65229692285264,0.02927226759493351,underdamped
124,1.7220074440988609,1.4643805027008057,2.511018938917469,2.2643661499023438,0.2576269413980552,14.96084945979274,0.24665278901512533,9.822816753483362,0.0025578984059393406,overdamped
125,0.4226423775476137,0.4348682463169098,2.3421284837056118,2.4417355060577393,0.0122258687692961,2.8927219367439716,0.09960702235212748,4.2528419360894185,0.0027031658682972193,underdamped
126,0.2201777591827844,0.18808284401893616,1.795457828559618,1.613119125366211,0.03209491516384824,14.576819785509803,0.18233870319340717,10.15555477232712,0.003639333648607135,underdamped
127,0.08418297543658533,0.6133551001548767,5.485831755552197,8.162692070007324,0.5291721247182913,628.5975542844935,2.6768603144551273,48.795887911543836,0.06286925822496414,underdamped
128,1.0,0.9799006581306458,2.830940860235124,2.819267511367798,0.020099341869354248,2.009934186935425,0.011673348867326183,0.412348736467658,0.0022264819126576185,critically_damped
129,1.383837670420322,1.0506731271743774,3.808469799177513,3.119300127029419,0.33316454324594447,24.07540641271532,0.6891696721480942,18.09571057375666,0.0026222856249660254,overdamped
130,1.5975427280853756,1.3941138982772827,1.836455534381646,1.5562214851379395,0.20342882980809285,12.733858458477565,0.28023404924370654,15.259506369592787,0.001988272415474057,overdamped
131,0.465201182214924,0.44347503781318665,1.7161679011764182,1.765683889389038,0.02172614440173737,4.670268527327138,0.04951598821261993,2.8852647913224083,0.0031374585814774036,underdamped
132,1.8866550915629516,1.3071298599243164,6.155576892931156,4.482341289520264,0.5795252316386352,30.71707352500463,1.673235603410892,27.18243362912704,0.003402557224035263,overdamped
133,0.3676880880704613,0.6717594265937805,7.224246470751445,9.240081787109375,0.3040713385233192,82.69817499909024,2.01583531635793,27.903745041359983,0.005598824936896563,underdamped
134,1.7661012576693638,1.2772711515426636,6.060220439355165,4.553433895111084,0.4888301061267002,27.678486949937685,1.5067865442440809,24.863559986349436,0.003030491294339299,overdamped
135,1.4469524063276662,1.2407842874526978,3.4035385646143252,3.0797624588012695,0.20616811887496844,14.248438163783053,0.3237761058130557,9.512926022912412,0.002909292234107852,overdamped
136,0.7959171248516133,0.8403347730636597,5.862655843035437,6.116103172302246,0.04441764821204641,5.580687589845163,0.2534473292668089,4.323080461355967,0.002608396578580141,underdamped
137,1.3870766783591544,1.164008378982544,3.3390408949315593,2.8158302307128906,0.22306829937661043,16.081901084263748,0.5232106642186687,15.669489553508239,0.002982417354360223,overdamped
138,0.6301130478246674,0.7681049108505249,5.352158155770122,6.121206283569336,0.13799186302585753,21.899540646276947,0.7690481277992136,14.368935024278167,0.0026713251136243343,underdamped
139,1.5568751282630102,1.235244870185852,3.1587977044987645,2.5471785068511963,0.32163025807715817,20.65870616328734,0.6116191976475682,19.362404777504405,0.0028887796215713024,overdamped
140,0.23888171550879694,0.25999048352241516,2.3198554854209616,2.4097092151641846,0.021108768013618218,8.836493813960775,0.08985372974322292,3.8732468598973115,0.00897605624049902,underdamped
141,0.6694870935904967,0.7246480584144592,5.617542554765325,6.0476884841918945,0.05516096482396249,8.239287262153352,0.43014592942656993,7.657190403687817,0.0027756616473197937,underdamped
142,1.1113873863565789,0.9967500567436218,4.627667367634293,4.298133373260498,0.11463732961295703,10.314794914918771,0.3295339943737954,7.120952484150914,0.002493788255378604,overdamped
143,1.1007393960295575,0.9608815908432007,5.28672818704478,4.867787837982178,0.13985780518635682,12.705805360545241,0.418940349062602,7.924378448077257,0.002955766161903739,overdamped
144,1.850410501447176,1.6773282289505005,1.3712314592455481,1.2465347051620483,0.1730822724966754,9.353722990726144,0.12469675408349978,9.09377867921058,0.002759972820058465,overdamped
145,0.4008229270251433,0.7155584096908569,6.667420166278005,8.718682289123535,0.3147354826657136,78.52232530749681,2.0512621228455306,30.765454578972772,0.005719168111681938,underdamped
146,1.270837158432255,1.0690783262252808,4.633947494802824,4.076474666595459,0.20175883220697433,15.876057043836395,0.5574728282073647,12.030193022959258,0.0022669502068310976,overdamped
147,1.9793533405279686,1.196049451828003,6.256195502218575,3.9016273021698,0.7833038886999657,39.57372706840855,2.3545682000487753,37.635783587865774,0.002688460983335972,overdamped
148,0.5965334351737694,0.7585346698760986,5.95527918749031,7.125855922698975,0.1620012347023292,27.157108914630818,1.1705767352086642,19.65611851863442,0.00294770416803658,underdamped
149,0.19871133886598588,0.6889181137084961,7.377890058758016,10.89885139465332,0.4902067748425102,246.69290521620084,3.5209613358953042,47.72314723930731,0.01551847904920578,underdamped
150,1.366184422529621,1.1496001482009888,5.670472328011546,5.1025590896606445,0.21658427432863214,15.85322382227179,0.5679132383509016,10.015272194266235,0.0025809856597334146,overdamped
151,1.1892794165284795,1.1678658723831177,2.614390782032007,2.6087725162506104,0.021413544145361785,1.8005477810982526,0.00561826578139657,0.214897704658744,0.0026173254009336233,overdamped
152,1.3206010251839073,1.234291434288025,1.4700156560294828,1.3689640760421753,0.08630959089588242,6.535629554267756,0.10105157998730752,6.874183929458831,0.003079003654420376,overdamped
153,1.6039376969444619,1.2510284185409546,1.6009585969153601,1.4142611026763916,0.3529092784035073,22.002679971660218,0.18669749423896853,11.661606652332365,0.0025617650244385004,overdamped
154,0.7496057525097202,0.769826352596283,3.227377461904803,3.427854061126709,0.02022060008656279,2.697497987290404,0.20047659922190597,6.211749371998911,0.0026055448688566685,underdamped
155,1.4459399384190537,1.2112667560577393,1.7023204881992084,1.5456411838531494,0.2346731823613144,16.229801537807916,0.15667930434605903,9.203866453596026,0.002747792750597,overdamped
156,1.5988598498972801,1.254748821258545,5.160707122393294,4.148741245269775,0.3441110286387352,21.522275930616612,1.0119658771235187,19.60905459510394,0.002565088914707303,overdamped
157,0.6167247271739172,0.7157027721405029,5.29625498715946,5.94142484664917,0.09897804496658569,16.048982731751853,0.6451698594897097,12.181623827664945,0.0027304680552333593,underdamped
158,0.5391525535781979,0.591789722442627,5.760086563475889,6.339658737182617,0.05263716886442904,9.762945295369843,0.5795721737067279,10.061865691077193,0.002941510872915387,underdamped
159,0.8924900040338108,0.8867524862289429,3.9598472468544377,4.114668369293213,0.005737517804867975,0.6428663378789637,0.15482112243877522,3.9097751197791695,0.0026369935367256403,underdamped
160,1.0,0.9059212803840637,7.947066286478604,7.040827751159668,0.09407871961593628,9.407871961593628,0.906238535318936,11.40343496141261,0.0028313195798546076,critically_damped
161,0.9458095148577793,0.9332376718521118,5.794868148464971,5.9638543128967285,0.012571843005667493,1.3292151123641331,0.1689861644317574,2.916134761004371,0.0021527481731027365,underdamped
162,0.7821109788891341,0.7496686577796936,1.6713710448123689,1.6548537015914917,0.03244232110944045,4.148045735851922,0.016517343220877168,0.9882511290442653,0.0025918162427842617,underdamped
163,1.0690375147217137,1.043789029121399,3.822741549646375,3.846799373626709,0.025248485600314785,2.3617960317218,0.02405782398033418,0.6293343054426389,0.0025301319546997547,overdamped
164,0.8828048656696407,0.8482443690299988,4.742282044692763,4.719474792480469,0.03456049663964189,3.914851173076222,0.02280725221229396,0.48093411562937877,0.0024958092253655195,underdamped
165,0.38957284834859046,0.6678692102432251,5.223007433066558,6.609832286834717,0.27829636189463464,71.43628286066142,1.3868248537681591,26.552228223690648,0.005370608065277338,underdamped
166,1.0,0.9894917011260986,2.86995634223732,2.975862503051758,0.010508298873901367,1.0508298873901367,0.10590616081443782,3.690166266845613,0.00260002538561821,critically_damped
167,0.4102087640014706,0.41552990674972534,2.684128973319389,2.7404205799102783,0.005321142748254737,1.2971791963556538,0.05629160659088939,2.097202002975106,0.002775429515168071,underdamped
168,0.2521491291004049,0.7928861379623413,7.808023070625745,11.37752914428711,0.5407370088619364,214.45126968755736,3.5695060736613646,45.71587508610294,0.011421243660151958,underdamped
169,1.951629866735918,1.1648218631744385,6.686026805852875,4.13159704208374,0.7868080035614795,40.31543157706478,2.554429763769135,38.20549689589959,0.0027530635707080364,overdamped
170,1.9181305712478534,1.374517560005188,2.938435810823904,2.152268648147583,0.5436130112426654,28.340771967833977,0.7861671626763211,26.754614131111094,0.0022632419131696224,overdamped
171,0.7357981132296038,0.7781899571418762,5.511446196612733,5.763749599456787,0.042391843912272464,5.761341752590797,0.2523034028440545,4.577807599738833,0.002549929078668356,underdamped
172,0.47248447225920537,0.643810510635376,4.744102582751606,5.611483573913574,0.1713260383761706,36.260670653782036,0.8673809911619683,18.28335235236171,0.003458949737250805,underdamped
173,1.0,0.9103604555130005,5.53446516319897,5.3690714836120605,0.08963954448699951,8.963954448699951,0.16539367958690931,2.988431125859871,0.0026321327313780785,critically_damped
174,1.4089643273735768,0.9835134744644165,7.681477921515771,5.712890625,0.4254508529091603,30.195998908094072,1.9685872965157714,25.627715351518106,0.003183690831065178,overdamped
175,1.044794702100214,0.9362481832504272,5.482055917379493,5.137795925140381,0.10854651884978672,10.389267731889325,0.3442599922391123,6.2797606851787435,0.0025785379111766815,overdamped
176,1.4071272837272368,1.2661941051483154,3.5656607873004487,3.3258631229400635,0.1409331785789214,10.01566668550508,0.2397976643603852,6.725195655583809,0.0027091437950730324,overdamped
177,1.0,0.9537209868431091,7.324476187439113,7.095673084259033,0.04627901315689087,4.627901315689087,0.22880310318007968,3.1238152370876513,0.0028836613055318594,critically_damped
178,1.3383732987536094,1.036641001701355,6.183060791148125,5.03916072845459,0.30173229705225446,22.544703882933824,1.1439000626935352,18.500546918949603,0.00339328870177269,overdamped
179,1.406955959067252,1.2150365114212036,1.3218878892811639,1.2291864156723022,0.1919194476460484,13.640757296573966,0.0927014736088616,7.012809055938337,0.0029565051663666964,overdamped
180,0.10917897032533092,0.1840377151966095,3.494245034197318,3.576040506362915,0.07485874487127858,68.56516840946098,0.0817954721655969,2.3408625143653263,0.0310352873057127,underdamped
181,1.4979969016557917,1.269554853439331,3.236153496727835,2.890073299407959,0.22844204821646064,15.249834493245956,0.34608019731987616,10.694183624781935,0.0026536567602306604,overdamped
182,1.4383437865736708,1.2583842277526855,4.190495472214874,3.7502434253692627,0.17995955882098524,12.511581758188232,0.44025204684561103,10.505966412914823,0.0026062822435051203,overdamped
183,1.4510071016052983,1.124596357345581,5.763439971170753,4.677583694458008,0.3264107442597173,22.495461524523073,1.0858562767127449,18.84041964771553,0.0027229406405240297,overdamped
184,1.4434354556024092,1.2715555429458618,2.8892509317939328,2.654855251312256,0.17187991265654734,11.907696460512279,0.23439568048167692,8.11267993037008,0.002398007782176137,overdamped
185,1.7845546858493888,1.2866003513336182,4.256374605812266,3.124035358428955,0.49795433451577065,27.903562634661483,1.1323392473833112,26.603373815759827,0.0026813524309545755,overdamped
186,0.20415306757275287,0.6223350763320923,6.319333938404856,8.311806678771973,0.4181820087593394,204.83748480062113,1.9924727403671163,31.529790319485183,0.01581123284995556,underdamped
187,0.12229102469306927,0.3617098331451416,4.717584872547013,5.370917797088623,0.23941880845207233,195.77790688480604,0.6533329245416102,13.848885440165432,0.03398771211504936,underdamped
188,0.7167679595632168,0.839454174041748,7.722817968645856,8.167566299438477,0.12268621447853123,17.116587431348577,0.44474833079262055,5.7588866214155265,0.003160121152177453,underdamped
189,1.0560884336773289,0.9610221982002258,3.094059994166411,2.9900295734405518,0.09506623547710302,9.00173057914097,0.10403042072585933,3.3622625586446255,0.0028084777295589447,overdamped
190,1.6270505247494849,1.1573243141174316,7.11105649922245,5.365126609802246,0.4697262106320532,28.86979866248323,1.7459298894202036,24.55232762685981,0.003421347588300705,overdamped
191,0.832699749306088,0.8539113998413086,6.123986865671229,6.253149032592773,0.02121165053522056,2.54733480499986,0.12916216692154414,2.1091189408909212,0.002737212460488081,underdamped
192,0.539605477168994,0.6401731967926025,5.6458801544594985,6.613720417022705,0.10056771962360855,18.63726812989941,0.9678402625632065,17.142415993345885,0.0028856846038252115,underdamped
193,0.179114308725548,0.32019221782684326,4.084191372946003,4.452449798583984,0.14107790910129525,78.76417585234081,0.3682584256379817,9.016678994949988,0.01503958459943533,underdamped
194,0.0616433662701007,0.19952021539211273,4.770571080353753,5.021999835968018,0.13787684912201204,223.6685915527092,0.25142875561426425,5.270412103274227,0.07115810364484787,underdamped
195,1.5709224398935864,1.226549506187439,2.5110750086218916,2.139554262161255,0.3443729337061474,21.92170185878019,0.3715207464606367,14.795286687375054,0.002036175923421979,overdamped
196,1.710167262234914,1.1274607181549072,5.882337712223416,4.065014362335205,0.5827065440800068,34.07307325708614,1.8173233498882109,30.894576931750077,0.002663309220224619,overdamped
197,1.077413549502254,1.0317869186401367,3.903619300895021,3.9445672035217285,0.04562663086211738,4.234829874118074,0.040947902626707666,1.0489727473506227,0.0027235292363911867,overdamped
198,0.8145277965638867,0.8236896395683289,4.373756481434717,4.578066825866699,0.009161843004442116,1.124804217006671,0.20431034443198204,4.671278460499987,0.002667942550033331,underdamped
199,1.0,0.9198993444442749,6.197060071276658,5.813703536987305,0.0801006555557251,8.01006555557251,0.38335653428935323,6.186103247025292,0.002554412931203842,critically_damped
200,1.0,0.8811516761779785,1.1308571590651568,1.0893970727920532,0.11884832382202148,11.884832382202148,0.0414600862731036,3.666253155029528,0.0023543492425233126,critically_damped
201,0.08934215863708808,0.1405586451292038,3.1094749915435034,3.1623528003692627,0.051216486492115715,57.32622456567164,0.05287780882575932,1.700538160607989,0.03778223320841789,underdamped
202,1.1993738563889653,1.0878946781158447,3.2939552576806346,3.1191487312316895,0.1114791782731206,9.294781412758018,0.17480652644894512,5.306888308253199,0.002744367578998208,overdamped
203,0.3013263445341146,0.36936548352241516,4.544678271405257,4.783319473266602,0.06803913898830055,22.5798839771202,0.23864120186134485,5.251003208804807,0.003949034493416548,underdamped
204,1.0638266861793304,1.0288262367248535,3.6729288638940654,3.682218074798584,0.03500044945447689,3.290051839193741,0.009289210904518619,0.2529101773746342,0.002769242273643613,overdamped
205,0.8701867239305006,0.9148498773574829,5.447971991900287,5.893613815307617,0.04466315342698235,5.132594212107225,0.44564182340733005,8.17995804805684,0.0025883156340569258,underdamped
206,0.2669336948441105,0.758229672908783,7.95429262507054,11.102880477905273,0.49129597806467246,184.05169057116964,3.1485878528347335,39.58350542587451,0.010596903041005135,underdamped
207,1.2279048904440213,0.9782713651657104,7.360615829673102,5.9930925369262695,0.24963352527831084,20.330037547781178,1.3675232927468324,18.578924975732182,0.0029959543608129025,overdamped
208,0.8031403061924172,0.8137943744659424,1.5332197640461067,1.5499745607376099,0.010654068273525219,1.326551312563898,0.01675479669150315,1.092785071286056,0.0023431137669831514,underdamped
209,1.6971352336425807,1.121330976486206,6.39977371691343,4.314309597015381,0.5758042571563746,33.9280126734815,2.085464119898049,32.58652902658963,0.00305736530572176,overdamped
210,1.0,0.9844781160354614,5.020232440577923,5.058737754821777,0.015521883964538574,1.5521883964538574,0.03850531424385473,0.7670026178991435,0.002588568953797221,critically_damped
211,0.04801320188748413,0.6921824216842651,7.872305959789207,12.311223983764648,0.644169219796781,1341.6502013474342,4.438918023975441,56.38650284489578,0.09794151037931442,underdamped
212,1.5680111546420383,1.1694393157958984,4.622574590418604,3.6264617443084717,0.3985718388461399,25.418941546824,0.9961128461101323,21.548875558975627,0.002809142926707864,overdamped
213,0.4247665490776861,0.40967467427253723,1.3643468748734737,1.3295153379440308,0.015091874805148842,3.5529810051941424,0.03483153692944296,2.5529824981402296,0.0037196683697402477,underdamped
214,1.029222103248452,1.0275249481201172,3.2403789941059804,3.3906445503234863,0.001697155128334904,0.16489687920404233,0.15026555621750592,4.637283369964696,0.0025462748017162085,overdamped
215,0.5163573080927859,0.7481841444969177,6.6550088584982605,7.803503513336182,0.23182683640413182,44.89659248949259,1.1484946548379211,17.25759768706131,0.004023432265967131,underdamped
216,0.31294732253543006,0.29091978073120117,1.7818951870061497,1.7276122570037842,0.02202754180422889,7.03873790188285,0.054282930002365504,3.046359314408887,0.003779014805331826,underdamped
217,0.6870067074712902,0.8102943301200867,5.317512644702012,5.932112693786621,0.12328762264879645,17.94562139030478,0.6146000490846095,11.558036438276325,0.0032508515287190676,underdamped
218,0.6812730480767286,0.7053695321083069,2.3520297589144388,2.454899311065674,0.02409648403157827,3.536978910233419,0.10286955215123506,4.373650110562959,0.002599411876872182,underdamped
219,1.1304355530413175,1.0740330219268799,3.2766884954939526,3.2843213081359863,0.056402531114437604,4.989451275014533,0.007632812642033748,0.23294288280775746,0.0025225961580872536,overdamped
220,1.1074496005684749,1.0325007438659668,4.56789524292365,4.487441539764404,0.07494885670250806,6.767699104684799,0.08045370315924583,1.761286082115841,0.0022152536548674107,overdamped
221,0.14283680880015723,0.6121565699577332,5.766952933277902,8.208534240722656,0.4693197611575759,328.5706010235782,2.4415813074447543,42.33745854514845,0.030455736443400383,underdamped
222,1.5760184296026463,1.3150243759155273,4.6924409231533355,4.096506118774414,0.2609940536871189,16.560342746304183,0.5959348043789214,12.69988933560087,0.002857483923435211,overdamped
223,0.55003783012838,0.8611947298049927,7.465651920538145,9.732415199279785,0.31115689967661264,56.57009075248296,2.2667632787416405,30.3625631474424,0.0033553834073245525,underdamped
224,0.12180401288094864,0.6180780529975891,5.843705083489548,8.220369338989258,0.49627404011664045,407.43652723633926,2.37666425549971,40.6705030720081,0.03968445211648941,underdamped
225,0.6300052008587965,0.8535598516464233,7.723672327287303,8.914401054382324,0.22355465078762682,35.484572267480736,1.1907287270950215,15.4166137122136,0.0032765197101980448,underdamped
226,0.8005157601686713,0.8205093145370483,5.461677807352646,5.581408977508545,0.01999355436837702,2.497584103049303,0.11973117015589896,2.1922049300439124,0.0025115699972957373,underdamped
227,1.2656616263337515,1.0600248575210571,5.2436195070361356,4.589198589324951,0.20563676881269433,16.24737327372115,0.6544209177111844,12.480328079355331,0.0031255297362804413,overdamped
228,1.715511068280977,1.4208943843841553,3.49681567123517,2.992852210998535,0.29461668389682183,17.17369764288619,0.5039634602366347,14.412068224877899,0.002340371487662196,overdamped
229,0.5674865843243115,0.8803033232688904,7.691074894059408,9.696331977844238,0.31281673894457884,55.12319543501454,2.00525708378483,26.072520569702057,0.003568290965631604,underdamped
230,1.9483090008961108,1.509384036064148,2.2100940352737366,1.8347139358520508,0.43892496483196286,22.528508805845608,0.3753800994216858,16.98480215911683,0.0027625577058643103,overdamped
231,0.2780795229299883,0.7177945375442505,6.3156321354340985,8.833316802978516,0.4397150146142622,158.12563614220838,2.517684667544417,39.864333665332566,0.009965944103896618,underdamped
232,1.9319969851558678,1.206620216369629,6.5498650557578095,4.346464157104492,0.7253767687862389,37.5454399960007,2.2034008986533173,33.64040144180325,0.0034411167725920677,overdamped
233,1.688305458174181,1.0474525690078735,6.593084961547379,4.337101459503174,0.6408528891663074,37.95834966140299,2.255983502044205,34.21741893516767,0.0030747209675610065,overdamped
234,1.0305787239226614,0.931154727935791,6.57646367365976,6.101070404052734,0.09942399598687035,9.647394583155737,0.475393269607026,7.228706690969565,0.0023551525082439184,overdamped
235,0.3044016399955682,0.5645653605461121,5.255299855080947,6.586726188659668,0.2601637205505439,85.46725324946726,1.3314263335787206,25.334926080221027,0.0075966548174619675,underdamped
236,0.5881535672010574,0.5840019583702087,1.6037258802550562,1.660090684890747,0.004151608830848641,0.7058715720463248,0.056364804635690824,3.514615891010412,0.0027247534599155188,underdamped
237,0.6813403724636625,0.7156521081924438,3.961655283457597,4.247575759887695,0.03431173572878132,5.0359170123316375,0.28592047643009844,7.217197256510335,0.0025060903280973434,underdamped
238,1.758661704282431,1.3267794847488403,5.071678158867023,3.951441526412964,0.43188221953359074,24.55743583214074,1.1202366324540591,22.088085981865856,0.00299999606795609,overdamped
239,1.5641713890389919,1.179226279258728,5.228334626175819,4.139377593994141,0.38494510978026386,24.610161806934055,1.0889570321816784,20.827990364843547,0.0030157677829265594,overdamped
240,1.7562801273591888,1.0662082433700562,7.416163859011423,4.694902420043945,0.6900718839891327,39.291675242419984,2.7212614389674776,36.69365308940494,0.0029632134828716516,overdamped
241,1.5566267004761776,1.0545563697814941,7.387121806844493,5.135018825531006,0.5020703306946834,32.253740125432664,2.252102981313487,30.4868802789581,0.00303912372328341,overdamped
242,1.112040213644449,0.923180103302002,5.012933734202709,4.40624475479126,0.18886011034244699,16.983208702813236,0.606688979411449,12.102473553003009,0.002201510826125741,overdamped
243,0.9639626885671608,0.9624669551849365,5.2090096158095704,5.335386276245117,0.0014957333822243069,0.1551650701800059,0.12637666043554674,2.4261168582217256,0.002230773214250803,underdamped
244,1.8271818505889112,1.364892840385437,2.5508919886489236,2.043887138366699,0.46228901020347424,25.300656858783693,0.5070048502822244,19.87559067723439,0.002629645401611924,overdamped
245,1.3157658320266556,1.0808526277542114,5.11340724853402,4.424509525299072,0.23491320427244422,17.853724314349364,0.6888977232349474,13.47238132523964,0.0024448849726468325,overdamped
246,1.7635226420974863,1.2682750225067139,4.972822409355889,3.8096861839294434,0.49524761959077246,28.082861414341597,1.1631362254264452,23.389860519412796,0.0029016861226409674,overdamped
247,1.4955233778083805,1.0783820152282715,6.114666369717111,4.592159748077393,0.41714136258010903,27.89266746143482,1.5225066216397183,24.899259085989275,0.0026680149603635073,overdamped
248,1.4810513111002763,1.2580769062042236,2.582841152805789,2.304640531539917,0.2229744048960527,15.05514381742821,0.2782006212658721,10.771108434742784,0.0030318819917738438,overdamped
249,1.3297959272678055,1.131188988685608,4.388585562646355,3.8432531356811523,0.19860693858219758,14.935144145782939,0.5453324269652029,12.426154604500013,0.0026105847209692,overdamped
250,1.0425823483683698,0.9945411086082458,1.2464057703602847,1.229412317276001,0.04804123976012398,4.607908414650219,0.016993453084283683,1.3633965349319246,0.0022811784874647856,overdamped
251,0.09034389575953966,0.2721761167049408,5.866437321892326,6.311188220977783,0.18183222094540114,201.26674792657587,0.4447508990854576,7.5812776082297795,0.036539722234010696,underdamped
252,1.7926906445865547,1.2469815015792847,7.917905034205203,5.97249174118042,0.54570914300727,30.440787129400455,1.9454132930247834,24.569798256238666,0.002639004262164235,overdamped
253,0.2564441464190026,0.23866072297096252,1.6863577444216968,1.587502360343933,0.01778342344804007,6.934618589025557,0.09885538407776373,5.862064820158562,0.0028606695123016834,underdamped
254,1.7967341805280181,1.6290990114212036,2.188796784549926,2.0086448192596436,0.16763516910681453,9.32999276818736,0.18015196529028232,8.230639160378988,0.002299852902069688,overdamped
255,0.20163550262828386,0.28753772377967834,4.2080925324693474,4.455451965332031,0.08590222115139448,42.602726222155276,0.2473594328626838,5.878184259354464,0.00814373791217804,underdamped
256,1.1531549937110095,1.0905396938323975,4.579598954116105,4.50174617767334,0.06261529987861203,5.4299118696184525,0.07785277644276523,1.6999911394597513,0.003026841441169381,overdamped
257,1.0812915880563307,1.0489356517791748,2.261061133874333,2.2914109230041504,0.03235593627715594,2.992341440047375,0.03034978912981723,1.3422807846779798,0.0027618478052318096,overdamped
258,1.0637007184496947,0.9594511389732361,2.4375828263762163,2.3930742740631104,0.10424957947645863,9.800649531232677,0.04450855231310591,1.8259298445777803,0.002709271851927042,overdamped
259,0.45557954922641447,0.6912097334861755,7.34609223927218,8.620521545410156,0.23563018425976107,51.720974890086055,1.274429306137976,17.348397823333634,0.00509301945567131,underdamped
260,0.8064340121179667,0.8376621603965759,4.449280828682436,4.733053684234619,0.031228148278609202,3.872374901027995,0.2837728555521828,6.377948852381528,0.0026690103113651276,underdamped
261,0.9593542062432353,0.8967341184616089,5.904497535805742,5.557127952575684,0.06262008778162642,6.527316748507555,0.3473695832300585,5.883135374747101,0.0033595466520637274,underdamped
262,1.392120186105068,1.2246814966201782,1.6769740482918656,1.565408706665039,0.16743868948488982,12.027603015610081,0.11156534162682652,6.6527768715601105,0.002565130591392517,overdamped
263,1.8547941590937043,1.1143264770507812,6.60739488644765,4.185088634490967,0.740467682042923,39.92182520160258,2.422306251956683,36.660534046860846,0.0030908111948519945,overdamped
264,1.0380869781977096,0.9784045815467834,5.599033115834813,5.521386623382568,0.05968239665092612,5.749267441399238,0.07764649245224486,1.3867839472613621,0.0023602372966706753,overdamped
265,0.3525335018010196,0.4407503604888916,6.043479500762698,6.656164646148682,0.08821685868787199,25.02368093732669,0.6126851453859841,10.137953563152852,0.003516536206007004,underdamped
266,1.747874351772071,1.2157464027404785,5.429114815179198,3.864614725112915,0.5321279490315924,30.44429071758493,1.564500090066283,28.816854005225967,0.0023220388684421778,overdamped
267,1.4714924367569002,1.36710786819458,1.5915517051404138,1.5369688272476196,0.10438456856232015,7.093788996454429,0.054582877892794146,3.4295384634066033,0.00284392642788589,overdamped
268,0.973849400119781,0.9012594819068909,6.493040396449656,6.20827579498291,0.07258991821289018,7.453916201412847,0.28476460146674576,4.3856896627726645,0.0026421344373375177,underdamped
269,0.42152025406792765,0.7014884352684021,7.213415180228027,8.808547973632812,0.27996818120047445,66.41867822450065,1.5951327934047859,22.113419975839534,0.005205252207815647,underdamped
270,1.146998669251365,0.9554275870323181,7.105999768101898,6.400809288024902,0.19157108221904684,16.701944592846253,0.7051904800769959,9.923874234312862,0.002511169295758009,overdamped
271,1.4926058398490287,1.414273977279663,2.0644482534540742,1.9556525945663452,0.07833186256936564,5.247993842586641,0.10879565888772902,5.269962989176434,0.002752586267888546,overdamped
272,0.9136925522244442,0.8201071619987488,1.5631879025173543,1.551918864250183,0.09358539022569545,10.24254712352155,0.011269038267171183,0.7209010669173904,0.002981981262564659,underdamped
273,0.2083643744627959,0.46276384592056274,6.533351970732601,7.691123962402344,0.25439947145776687,122.0935546749095,1.157771991669743,17.7209493205969,0.010825889185070992,underdamped
274,1.0,0.9866433143615723,3.196485074657478,3.31231689453125,0.013356685638427734,1.3356685638427734,0.115831819873772,3.6237247216361257,0.0028574748430401087,critically_damped
275,1.78914623203175,1.1825834512710571,5.823284860994983,4.049507141113281,0.6065627807606928,33.902359119739565,1.7737777198817017,30.460088459052802,0.0028457280714064837,overdamped
276,1.0,0.9008918404579163,3.8126184361680373,3.6253669261932373,0.09910815954208374,9.910815954208374,0.1872515099748,4.911362443156037,0.002653149887919426,critically_damped
277,0.34012105869481646,0.7468823194503784,6.469958361174177,8.890640258789062,0.40676126075556196,119.59308321468573,2.4206818976148856,37.414180470484155,0.00823840219527483,underdamped
278,1.7181053986891013,1.2754262685775757,4.816752247643354,3.6963510513305664,0.4426791301115256,25.76553978872808,1.1204011963127876,23.260511205677133,0.0026266276836395264,overdamped
279,0.06162424967400035,0.7334490418434143,7.709189774095194,11.808915138244629,0.6718247921694139,1090.1954923969824,4.099725364149435,53.17971776911678,0.07551781833171844,underdamped
280,1.0,0.8733950853347778,5.278884205459376,4.750872611999512,0.12660491466522217,12.660491466522217,0.5280115934598646,10.002333313426341,0.0026496928185224533,critically_damped
281,1.5961449932834633,1.0799075365066528,6.216945180665617,4.374290943145752,0.5162374567768104,32.342767038654024,1.8426542375198647,29.639222865442434,0.0030180495232343674,overdamped
282,0.7339858836069315,0.8292164206504822,5.7186869799723326,6.388517379760742,0.09523053704355067,12.974437134345365,0.6698303997884096,11.713010383926457,0.0025336178950965405,underdamped
283,1.2906384271851685,1.031568169593811,5.023003175653213,4.1360979080200195,0.2590702575913575,20.073031465239996,0.8869052676331934,17.65687252462978,0.0034603518433868885,overdamped
284,0.2824087936511555,0.17680241167545319,1.0971653577921745,0.8043317794799805,0.10560638197570232,37.39486317347194,0.29283357831219403,26.69001315366564,0.0026171845383942127,underdamped
285,0.7908587716224784,0.7367509603500366,5.2846656383559605,5.034945011138916,0.0541078112724418,6.8416527974315136,0.24972062721704447,4.725381780156135,0.0030606966465711594,underdamped
286,0.15094848320066953,0.3832643926143646,6.488919392769417,7.365654468536377,0.2323159094136951,153.90410323292647,0.8767350757669599,13.511264706784662,0.017100555822253227,underdamped
287,1.9126536785289958,1.4034216403961182,3.616091771127689,2.8160548210144043,0.5092320381328777,26.62437240204004,0.8000369501132849,22.12435415774282,0.002123649697750807,overdamped
288,1.4434317667556122,1.0736733675003052,6.427593210865041,5.024916172027588,0.36975839925530707,25.61661782506072,1.402677038837453,21.822741309552747,0.003004585625603795,overdamped
289,0.02152665744987356,0.10974007099866867,3.3212101008236163,3.334040403366089,0.08821341354879511,409.78685963766867,0.012830302542472527,0.3863140889307419,0.20000745356082916,underdamped
290,1.4844258641010013,1.1458195447921753,4.584426862956761,3.6802048683166504,0.338606319308826,22.810591454757017,0.9042219946401104,19.723774021708913,0.002681472571566701,overdamped
291,0.09640671020686217,0.41282224655151367,5.314726386546678,6.208369255065918,0.31641553634465147,328.2090382149864,0.8936428685192404,16.81446613660761,0.04667137190699577,underdamped
292,0.1656621799521499,0.19374117255210876,2.4420962705151186,2.4786553382873535,0.028078992599958857,16.949549141553753,0.03655906777223494,1.497036304982499,0.012494697235524654,underdamped
293,1.2734390089068937,1.1795364618301392,2.3681627107262004,2.3100056648254395,0.0939025470767545,7.37393360969517,0.058157045900760984,2.4557875874553843,0.0025025373324751854,overdamped
294,1.0,0.9881597757339478,5.308881499313415,5.43812370300293,0.011840224266052246,1.1840224266052246,0.12924220368951467,2.4344525999728805,0.002299980726093054,critically_damped
295,0.7225497927631436,0.714521586894989,1.588427083403404,1.5959569215774536,0.008028205868154559,1.1110937887689984,0.007529838174049619,0.4740436783485205,0.002412580419331789,underdamped
296,1.492076126743737,1.227982759475708,4.059091963859888,3.4601855278015137,0.264093367268029,17.699724734848388,0.5989064360583747,14.75468999940716,0.0029898625798523426,overdamped
297,0.08057918861788518,0.2426641434431076,4.82162831974982,5.095686912536621,0.16208495482522242,201.14989689688488,0.2740585927868011,5.683942739099831,0.050480153411626816,underdamped
298,1.4282345209500282,1.165404200553894,4.9783318243872525,4.24910306930542,0.2628303203961342,18.402462378608913,0.7292287550818326,14.648054424768848,0.00208993349224329,overdamped
299,0.6081604673103844,0.6506902575492859,3.4058205697001336,3.7491796016693115,0.042529790238901466,6.993185602311717,0.34335903196917794,10.081536150902075,0.0030500602442771196,underdamped
300,0.9147305603518932,0.9067528247833252,1.9104202898377936,1.9717720746994019,0.007977735568567956,0.8721404875222442,0.061351784861608305,3.2114286677104675,0.002353506861254573,underdamped
301,0.7441289623579512,0.8660487532615662,6.2669641622122985,7.163837432861328,0.12191979090361493,16.3842286849423,0.8968732706490297,14.311128122558545,0.0027625279035419226,underdamped
302,0.6319359044905221,0.680971086025238,3.8891872386664197,4.259376525878906,0.04903518153471598,7.759518202126688,0.37018928721248656,9.518422860490059,0.002633573953062296,underdamped
303,1.6163457273050201,1.2686527967453003,5.360221530312019,4.380285263061523,0.34769293055971984,21.511049566075094,0.9799362672504959,18.28163746048484,0.0032977010123431683,overdamped
304,1.6040123541899112,1.1794679164886475,5.117271435390852,3.970827341079712,0.4245444377012637,26.467653855177147,1.14644409431114,22.40342551271322,0.002866604831069708,overdamped
305,1.1158266085515096,0.9595454931259155,5.883435705083349,5.1619110107421875,0.15628111542559409,14.005860249960127,0.7215246943411611,12.263662433121455,0.0027948739007115364,overdamped
306,1.0628275154641298,0.9426067471504211,7.891780061491566,7.182840824127197,0.12022076831370865,11.311409101147426,0.708939237364369,8.983261467506962,0.002655146876350045,overdamped
307,1.2934119056413318,1.2063603401184082,1.6819276377112713,1.6589748859405518,0.08705156552292359,6.730382265946401,0.022952751770719537,1.3646693981408806,0.0027012324426323175,overdamped
308,1.7094576740095755,1.2431563138961792,4.206142749427694,3.279379367828369,0.4663013601133963,27.277736512754647,0.9267633815993248,22.03356939622233,0.0025962120853364468,overdamped
309,0.9431362250076027,0.9564908742904663,6.042812069470674,6.225057601928711,0.013354649282863562,1.415983071030477,0.18224553245803676,3.0159060113547556,0.002199784852564335,underdamped
310,1.4917773109909243,1.3007395267486572,1.7256916663846469,1.5778982639312744,0.19103778424226703,12.806052407069307,0.14779340245337247,8.564299482479518,0.002338202204555273,overdamped
311,0.7221865212264441,0.7900511622428894,4.881467247204029,5.489653587341309,0.06786464101644529,9.397107121467045,0.60818634013728,12.459088821821606,0.002135933842509985,underdamped
312,0.4548334761987554,0.4492359161376953,1.8463462703856282,1.9042788743972778,0.005597560061060103,1.2306833938085184,0.05793260401164968,3.1376890099574806,0.002827475545927882,underdamped
313,0.3893756705740591,0.7975149750709534,7.936648384669784,10.52714729309082,0.4081393044968943,104.81890249978171,2.5904989084210364,32.63970863853279,0.005930292885750532,underdamped
314,1.5659703106744407,1.1562761068344116,4.303397748581875,3.337251901626587,0.4096942038400291,26.162322557927663,0.9661458469552882,22.450768053537885,0.0027002638671547174,overdamped
315,1.3464942278517105,1.1897549629211426,2.294208615923655,2.13830828666687,0.1567392649305679,11.64054488229337,0.15590032925678488,6.795385919776914,0.0024192261043936014,overdamped
316,0.870031248030637,0.8618823289871216,1.293503430112112,1.2883497476577759,0.008148919043515446,0.9366237203503859,0.005153682454336117,0.3984282016082038,0.0023718993179500103,underdamped
317,1.0476268774169009,0.9501290917396545,3.8871194856985753,3.645493507385254,0.09749778567724632,9.306537258536492,0.24162597831332144,6.2160676871989065,0.0022656547371298075,overdamped
318,1.2878908674924348,0.96921706199646,5.794829901957264,4.554868698120117,0.3186738054959748,24.743851636780608,1.2399612038371473,21.39771528786958,0.002453646855428815,overdamped
319,1.3973657577357925,1.1655611991882324,4.881245335943214,4.195916175842285,0.2318045585475601,16.588681758107647,0.6853291601009293,14.040047425079926,0.002837791107594967,overdamped
320,0.6846289935960158,0.7348878383636475,2.767808118150707,3.001901626586914,0.05025884476763165,7.341033645631471,0.23409350843620702,8.457721722147959,0.002461136318743229,underdamped
321,1.0,0.9929238557815552,1.8712432655077609,1.883522391319275,0.007076144218444824,0.7076144218444824,0.012279125811514024,0.6562014697849609,0.002697173971682787,critically_damped
322,1.0,0.9030156135559082,4.274846413974807,3.9648754596710205,0.0969843864440918,9.69843864440918,0.3099709543037861,7.251043061815434,0.0028540901839733124,critically_damped
323,1.0,0.9108383059501648,4.819998677127859,4.486688613891602,0.0891616940498352,8.91616940498352,0.3333100632362571,6.915148438066998,0.0028027244843542576,critically_damped
324,1.0,0.9471551179885864,7.797630134845033,7.591835975646973,0.052844882011413574,5.284488201141357,0.2057941591980601,2.6391885180400387,0.002498202258720994,critically_damped
325,0.10189326434463727,0.15806934237480164,2.630915579747045,2.676426887512207,0.05617607803016436,55.13227826341688,0.0455113077651621,1.72986575911105,0.040046416223049164,underdamped
326,0.38395704079378334,0.5762797594070435,5.04359420513622,5.816727638244629,0.1923227186132601,50.089644981026225,0.7731334331084092,15.329017396385245,0.004962303675711155,underdamped
327,1.8521826872644787,1.2220438718795776,5.305101017765989,3.6444814205169678,0.630138815384901,34.02141806624724,1.6606195972490214,31.302318121518418,0.002958509372547269,overdamped
328,1.0,0.9002814888954163,5.85185623391237,5.6736016273498535,0.09971851110458374,9.971851110458374,0.17825460656251657,3.0461207425005563,0.0024856729432940483,critically_damped
329,0.5658690758753827,0.7012807726860046,5.078266455274291,5.914793491363525,0.13541169681062193,23.92986338777111,0.8365270360892341,16.47268892754567,0.0028687475714832544,underdamped
330,0.5596331496420984,0.7083971500396729,5.435006910524033,6.263716220855713,0.14876400039757443,26.5824139425467,0.8287093103316803,15.247622017315479,0.0031534244772046804,underdamped
331,1.5722585191938983,1.414712905883789,1.307648971384494,1.1891226768493652,0.1575456133101092,10.020337710803648,0.11852629453512886,9.064075843659882,0.0022792245727032423,overdamped
332,0.5019311318242305,0.7670609951019287,7.413092816799121,9.188390731811523,0.26512986327769816,52.82196031836157,1.7752979150124029,23.948140929644453,0.0035574473440647125,underdamped
333,0.2345333777034204,0.3027633726596832,3.162293748004031,3.3536694049835205,0.06822999495626283,29.091805876152605,0.19137565697948933,6.051798859618318,0.007343710400164127,underdamped
334,0.8682330173993377,0.8931958675384521,7.574322596123695,7.857115745544434,0.02496285013911448,2.8751325553003,0.28279314942073874,3.733576776429665,0.0029581806156784296,underdamped
335,0.16869849444841845,0.6331120729446411,6.555806242927317,8.875959396362305,0.46441357849622267,275.29207063446705,2.3201531534349877,35.39081338680605,0.02226535975933075,underdamped
336,1.5969211459766053,1.3552358150482178,3.225133195831541,2.855424404144287,0.2416853309283875,15.13445617132107,0.3697087916872537,11.463365053111584,0.002888699062168598,overdamped
337,0.2599342994668274,0.23817874491214752,1.4311737976464025,1.4051854610443115,0.021755554554679868,8.369635942353309,0.02598833660209099,1.8158756570885657,0.004587248899042606,underdamped
338,0.4135383060673095,0.77830970287323,6.817727549062571,9.120660781860352,0.36477139680592047,88.20740218115331,2.3029332327977805,33.77860461898967,0.004640744533389807,underdamped
339,1.8089057329228588,1.4036959409713745,2.0480298293258405,1.6502796411514282,0.4052097919514843,22.400824132318927,0.3977501881744123,19.42111303649037,0.0025083820801228285,overdamped
340,1.2343453488029223,1.0681511163711548,5.363594127575864,4.925105094909668,0.16619423243176756,13.464159977022963,0.43848903266619565,8.175283629531,0.002549493918195367,overdamped
341,0.15600690961534766,0.3643921911716461,6.335233052880264,7.091773986816406,0.20838528155629846,133.57439235870737,0.756540933936142,11.941801155873604,0.015233036130666733,underdamped
342,1.0,0.9554446339607239,6.177451127245263,6.119871139526367,0.04455536603927612,4.455536603927612,0.05757998771889561,0.9320994457559147,0.002810445846989751,critically_damped
343,0.7152179906808374,0.7246189713478088,1.8627206971639447,1.889675498008728,0.009400980666971481,1.3144217272865866,0.0269548008447833,1.4470661589696672,0.0025365257170051336,underdamped
344,1.5717237117087397,1.349224328994751,1.5183698129954486,1.3562003374099731,0.22249938271398872,14.156392822507769,0.16216947558547545,10.680499190480255,0.002316428581252694,overdamped
345,1.4064661695708065,1.1491245031356812,3.8765830558022056,3.3147058486938477,0.25734166643512535,18.297039203840576,0.561877207108358,14.494135660717456,0.0026546239387243986,overdamped
346,1.452570802527586,1.3807915449142456,2.0150532324803727,1.9093440771102905,0.07177925761334047,4.941532453250401,0.10570915537008219,5.245973340364934,0.0020929297897964716,overdamped
347,1.8088976517005608,1.347962498664856,4.328530531345069,3.2865498065948486,0.46093515303570487,25.481549638940358,1.0419807247502204,24.072389398774327,0.003107161493971944,overdamped
348,0.025041920417196658,0.3362330496311188,6.3053283463151235,6.94194221496582,0.3111911292139221,1242.6807690045312,0.6366138686506968,10.09644278117155,0.19152535498142242,underdamped
349,1.9049072984648365,1.1612387895584106,6.790428456305167,4.384167671203613,0.7436685089064259,39.03961675750562,2.406260785101554,35.43606711395731,0.002933390438556671,overdamped
350,1.2414661314734814,0.9920506477355957,5.692581703527014,4.780162811279297,0.2494154837378857,20.09039774946236,0.9124188922477172,16.028208987890327,0.0031833690591156483,overdamped
351,0.716790176636424,0.7261753678321838,2.506700593227913,2.6740429401397705,0.009385191195759868,1.3093359119122385,0.16734234691185756,6.675801145296275,0.002456055488437414,underdamped
352,1.8984810699259538,1.371030569076538,3.7304793639877696,2.844144105911255,0.5274505008494157,27.782763241878822,0.8863352580765147,23.75928591464045,0.002723017940297723,overdamped
353,1.8145201393576313,1.3558218479156494,4.5206983345944725,3.5586628913879395,0.45869829144198193,25.27931663543665,0.962035443206533,21.28068214250425,0.002780372044071555,overdamped
354,0.6852425031341817,0.8023667335510254,5.608589200840567,6.434906959533691,0.11712423041684372,17.092376768974134,0.8263177586931247,14.733076877323862,0.0026217596605420113,underdamped
355,0.5195065319951239,0.5799344778060913,4.621693960286475,4.932316303253174,0.06042794581096744,11.631797116948402,0.310622342966699,6.720963041599689,0.002874701749533415,underdamped
356,0.43005709915568024,0.7060284614562988,6.690217157409029,8.005189895629883,0.2759713623006186,64.17086541355226,1.3149727382208543,19.655157781606505,0.0051632593385875225,underdamped
357,0.45285332311957516,0.7723731398582458,6.746548630832583,8.400918960571289,0.3195198167386707,70.55702154012945,1.6543703297387058,24.521728372015634,0.004485663492232561,underdamped
358,1.0,0.9681591987609863,6.31569515346677,6.358283042907715,0.03184080123901367,3.184080123901367,0.04258788944094505,0.674318319774633,0.0028151720762252808,critically_damped
359,1.928478798255155,1.207776665687561,7.266951534276195,4.78369665145874,0.720702132567594,37.371535182013375,2.4832548828174543,34.17189272702081,0.0022849824745208025,overdamped
360,1.7880257314617707,1.2161948680877686,5.1995386955389415,3.6597397327423096,0.5718308633740021,31.981131664504144,1.539798962796632,29.614145657147166,0.0033532821107655764,overdamped
361,0.7445668894378652,0.7243686318397522,1.5212853555065902,1.5003674030303955,0.020198257598113,2.7127525927673637,0.020917952476194657,1.375018329104269,0.002576962113380432,underdamped
362,0.6730356975145052,0.897753894329071,7.336906279262636,8.660515785217285,0.22471819681456584,33.38874856778644,1.323609505954649,18.040430878826392,0.0034059491008520126,underdamped
363,0.7375027075359697,0.8102900981903076,7.019968425791723,7.459472179412842,0.07278739065433792,9.869440465855906,0.4395037536211186,6.260765390430523,0.0028339868877083063,underdamped
364,0.4079142696076523,0.4549943506717682,2.599612061722182,2.8336052894592285,0.047080081064115875,11.541660729201583,0.23399322773704645,9.001082553141849,0.004076490178704262,underdamped
365,0.5492506822976914,0.5774114727973938,2.6737051022159086,2.79944109916687,0.028160790499702437,5.1271289062212615,0.1257359969509615,4.7026875494516664,0.002830125391483307,underdamped
366,1.5521889708770806,1.18756902217865,5.68879148859903,4.557499408721924,0.36461994869843073,23.490693178447106,1.131292079877106,19.886334068392927,0.0026391255669295788,overdamped
367,0.737955069884339,0.749938428401947,2.9207513018876927,3.0613210201263428,0.011983358517608012,1.6238601788434333,0.14056971823865005,4.812793138114817,0.002297408180311322,underdamped
368,0.6643976425504261,0.7112404704093933,3.4203138825405737,3.692793846130371,0.046842827858967206,7.050420540198102,0.2724799635897974,7.9665192420118505,0.002985688392072916,underdamped
369,1.11740866935976,0.9670549631118774,6.282791217158884,5.692440986633301,0.15035370624788258,13.455570049767962,0.5903502305255834,9.3963050835317,0.0026436815969645977,overdamped
370,1.2079085088472712,0.9605869650840759,7.54161608941225,6.26490592956543,0.24732154376319526,20.47518847261194,1.2767101598468207,16.928867032083573,0.002595332218334079,overdamped
371,1.7876995627412713,1.2947356700897217,5.832839160274592,4.413967609405518,0.4929638926515496,27.5753209837807,1.4188715508690741,24.32557305081387,0.002758155344054103,overdamped
372,0.35660243603305164,0.7489418387413025,6.888324894756701,9.390599250793457,0.39233940270825085,110.02151501620334,2.5022743560367564,36.326311465672205,0.006550105754286051,underdamped
373,0.28943465039490823,0.6331112384796143,5.689323601433029,7.760724067687988,0.343676588084706,118.74065099523827,2.0714004662549597,36.40855418618155,0.007813597097992897,underdamped
374,1.3726801345832529,1.0104626417160034,7.466303354382782,5.742832183837891,0.36221749286724947,26.387610903775418,1.723471170544891,23.083326363014695,0.0031423671171069145,overdamped
375,0.2734949634414974,0.722893238067627,7.546059824349234,10.988977432250977,0.4493982746261296,164.3168374916927,3.4429176079017427,45.62536857701969,0.00865371897816658,underdamped
376,1.922090727539564,1.5957701206207275,2.510704353660776,2.199465751647949,0.32632060691883646,16.977377927240404,0.3112386020128266,12.396465619658475,0.0028636297211050987,overdamped
377,1.5683329932615089,1.2662460803985596,1.4551170724303069,1.2487361431121826,0.3020869128629493,19.2616564314399,0.20638092931812424,14.183115106568781,0.0027563762851059437,overdamped
378,1.8229717994660337,1.2419366836547852,5.839476669025492,4.154270172119141,0.5810351158112486,31.8729623783231,1.6852064969063516,28.858861716928196,0.0024842091370373964,overdamped
379,0.4545301993577416,0.654626190662384,5.101891115582517,6.090319633483887,0.20009599130464245,44.02259554753046,0.9884285179013697,19.37376740327619,0.003708602162078023,underdamped
380,0.3218069227724449,0.3888890743255615,4.472148713873887,4.745217800140381,0.06708215155311664,20.84546565225745,0.27306908626649395,6.105992974235302,0.0031085361260920763,underdamped
381,1.9852583645934276,1.4713647365570068,2.7360533500690787,2.1783885955810547,0.5138936280364208,25.885478545341073,0.557664754488024,20.382086280369656,0.002062384504824877,overdamped
382,0.7427692021576817,0.7489950060844421,5.97786901782993,6.036452770233154,0.00622580392676042,0.8381882162958543,0.058583752403224665,0.9800106397194295,0.002908175578340888,underdamped
383,1.0,0.8982816338539124,5.979771099995342,5.557800769805908,0.10171836614608765,10.171836614608765,0.421970330189434,7.056630147427594,0.0024192207492887974,critically_damped
384,1.0,0.8890578746795654,6.58556810397176,5.939208030700684,0.11094212532043457,11.094212532043457,0.6463600732710768,9.814795976086812,0.003251488786190748,critically_damped
385,1.4418136518525322,0.9971320629119873,7.473898290450317,5.357458114624023,0.4446815889405449,30.841821227673233,2.116440175826294,28.317754585054356,0.0028448128141462803,overdamped
386,1.6331006298652955,1.1913750171661377,7.37231289242795,5.691684722900391,0.4417256126991578,27.04827887645803,1.6806281695275596,22.796484550373883,0.002807075623422861,overdamped
387,1.0,0.9541738629341125,6.048241459611459,6.096622467041016,0.04582613706588745,4.582613706588745,0.04838100742955653,0.7999185838169984,0.0024806116707623005,critically_damped
388,1.8966695158236044,1.3042795658111572,2.58212367774094,1.820511817932129,0.5923899500124472,31.233166614965572,0.7616118598088111,29.495560819733218,0.002715775277465582,overdamped
389,0.15400979574736381,0.1968848556280136,3.0877819490196385,3.163006544113159,0.042875059880649796,27.839177159212415,0.07522459509352064,2.4362016598161738,0.013838074170053005,underdamped
390,0.7715115615696834,0.7969129085540771,7.018171077432495,6.6730451583862305,0.02540134698439378,3.292413004506805,0.34512591904626433,4.917604818099192,0.0033885007724165916,underdamped
391,1.2732199226794276,1.2018446922302246,2.5789133200525307,2.5803802013397217,0.07137523044920302,5.605883883673248,0.0014668812871909687,0.05687982127142952,0.0026738380547612906,overdamped
392,0.22934228396339296,0.4614878296852112,5.5480664942982125,6.534966468811035,0.23214554572181823,101.22230480571682,0.9868999745128226,17.78817855782851,0.011557133868336678,underdamped
393,1.4121552376101505,1.0762298107147217,7.32265411378924,5.888422966003418,0.3359254268954288,23.788137305918966,1.4342311477858223,19.58622004397328,0.002687090542167425,overdamped
394,0.21116541831419847,0.2981245219707489,3.415720075820829,3.6090872287750244,0.08695910365655043,41.180560884813886,0.19336715295419538,5.661094839796773,0.010918891057372093,underdamped
395,1.6317285373785237,1.481099247932434,2.495766912541505,2.2764036655426025,0.15062928944608966,9.23127137851528,0.21936324699890264,8.789412420550093,0.002698092721402645,overdamped
396,0.1641835835646703,0.3397669494152069,4.174002997891742,4.567544460296631,0.1755833658505366,106.94331433043429,0.3935414624048885,9.428394340005585,0.022121233865618706,underdamped
397,0.9361408539506508,0.9090536236763,4.539664908950791,4.568174362182617,0.027087230274350782,2.8934994301379673,0.028509453231825965,0.6280078773130213,0.002873732941225171,underdamped
398,0.5325596934110619,0.5510743260383606,3.052403325452551,3.252887010574341,0.01851463262729869,3.476536594181935,0.2004836851217897,6.568060106934456,0.0029499202501028776,underdamped
399,0.6974663442535715,0.7837446331977844,6.022608376749073,6.570481777191162,0.08627828894421297,12.370244049058453,0.5478734004420893,9.096945478925933,0.0031718637328594923,underdamped
400,1.0,0.9398162961006165,4.596275354553196,4.442886829376221,0.060183703899383545,6.0183703899383545,0.15338852517697532,3.337235333932386,0.0025675413198769093,critically_damped
401,0.0755890253799437,0.07503193616867065,1.351662398263219,1.2139966487884521,0.0005570892112730513,0.7369974787647755,0.13766574947476684,10.184921149812011,0.003691744990646839,underdamped
402,1.938207669402171,1.2807903289794922,5.000027608591804,3.4327681064605713,0.6574173404226789,33.918828761288275,1.5672595021312326,31.34501696426896,0.002934289164841175,overdamped
403,1.1490338577861545,1.0769243240356445,4.229634666400392,4.172487258911133,0.07210953375050999,6.2756665751732985,0.05714740748925884,1.3511192336120565,0.0028047848027199507,overdamped
404,1.0363897644135642,0.9419258832931519,1.0495155637677585,1.0093984603881836,0.09446388112041237,9.114706104210155,0.04011710337957486,3.8224400632568565,0.002430540043860674,overdamped
405,0.8653113513996539,0.8847662806510925,6.42025754672758,6.852458477020264,0.019454929251438657,2.248315501694277,0.4322009302926837,6.731831661690542,0.0025580166839063168,underdamped
406,1.6922364358031499,1.2284973859786987,4.667622062736616,3.627530574798584,0.46373904982445113,27.403915907552047,1.0400914879380316,22.28311277045058,0.003113748971372843,overdamped
407,0.8788642164017296,0.860317051410675,2.70351276700613,2.785459041595459,0.018547164991054577,2.1103561443189593,0.0819462745893289,3.031103665919662,0.0023936100769788027,underdamped
408,0.4238245612884265,0.7738197445869446,7.984429654877608,10.105354309082031,0.3499951832985181,82.58020305253967,2.1209246542044236,26.563258064510244,0.005507961846888065,underdamped
409,0.7622924384428716,0.8116471767425537,7.9547341702121255,7.858415603637695,0.049354738299682066,6.474515003782351,0.09631856657443016,1.2108332536756747,0.003300676355138421,underdamped
410,0.24988382659848882,0.5246263146400452,6.06223538731677,7.51297664642334,0.2747424880415563,109.94808738982942,1.4507412591065698,23.930797245876793,0.010411969386041164,underdamped
411,1.8393962782408642,1.5165317058563232,1.2592703643998266,1.1510311365127563,0.3228645723845409,17.552746855251744,0.1082392278870703,8.595392295971132,0.0026217815466225147,overdamped
412,0.623434191147646,0.5966269969940186,1.8697113376422978,1.9450584650039673,0.026807194153627423,4.29992363817575,0.07534712736166949,4.0298802197285735,0.0024633347056806087,underdamped
413,0.09291169350010187,0.18526707589626312,3.765645170868181,3.880506753921509,0.09235538239616126,99.40124748243879,0.11486158305332772,3.0502497670763287,0.0426909439265728,underdamped
414,1.0,0.8115973472595215,7.770081486356406,6.363531112670898,0.18840265274047852,18.84026527404785,1.4065503736855076,18.102131569087003,0.0036268478725105524,critically_damped
415,1.0,0.8697419762611389,7.1902117934369105,6.266740798950195,0.13025802373886108,13.025802373886108,0.9234709944867152,12.843446354801982,0.003086842829361558,critically_damped
416,0.8084543172448251,0.8033604025840759,6.503912165955454,6.394298553466797,0.005093914660749155,0.6300807048824948,0.10961361248865753,1.685348905270076,0.003120509907603264,underdamped
417,1.5534073222206497,1.3872686624526978,2.362507155224654,2.177807331085205,0.16613865976795195,10.695112440338633,0.18469982413944885,7.817958296168018,0.002594483084976673,overdamped
418,1.5663436196510538,1.1105555295944214,5.557924774414137,4.110653400421143,0.45578809005663246,29.098857002920713,1.4472713739929945,26.03977982313645,0.0026115470100194216,overdamped
419,1.9672429822417796,1.385029673576355,5.471744056634107,4.030181407928467,0.5822133086654246,29.59539385429456,1.4415626487056405,26.34557891935473,0.0024269786663353443,overdamped
420,1.3715144397390782,0.9993886351585388,7.951524781258629,6.172698020935059,0.37212580458053934,27.13247442377157,1.7788267603235708,22.370888719559574,0.0030717800837010145,overdamped
421,0.8723191083068991,0.8638880252838135,4.384224454859306,4.492175579071045,0.008431083023085595,0.9665136236038261,0.10795112421173858,2.4622627176874965,0.0023659896105527878,underdamped
422,0.7975459154583445,0.7919406294822693,6.622492475523449,6.377200126647949,0.005605285976075236,0.7028167115436751,0.2452923488755001,3.7039279362278466,0.0023373602889478207,underdamped
423,1.905399350826639,1.150215983390808,7.339386743862283,4.615246295928955,0.7551833674358308,39.63386295414669,2.724140447933328,37.116731179365196,0.003266954328864813,overdamped
424,1.0,0.9672209620475769,4.471422740212053,4.5406084060668945,0.032779037952423096,3.2779037952423096,0.06918566585484154,1.5472852797532732,0.0026781221386045218,critically_damped
425,1.7940988932876292,1.4293042421340942,4.575454934652061,3.7913818359375,0.36479465115353493,20.333029161233153,0.7840730987145612,17.136505766375464,0.0026741991750895977,overdamped
426,1.6526885316610658,1.2833271026611328,2.766805727632935,2.285200357437134,0.36936142899993296,22.349125193523264,0.4816053701958012,17.406548113800007,0.002553754486143589,overdamped
427,1.1721088218907425,1.0565928220748901,1.7977279747155692,1.7983304262161255,0.11551599981585237,9.855398889457392,0.000602451500556267,0.03351182765298987,0.002767273224890232,overdamped
428,0.7223856430405895,0.7377827763557434,2.210479236661845,2.2732737064361572,0.01539713331515391,2.131428477778977,0.06279446977431213,2.840762705789591,0.0027450593188405037,underdamped
429,1.3285411546648018,0.9419140219688416,6.508080030177497,4.820436954498291,0.3866271326959603,29.1016301104732,1.6876430756792056,25.931504650430337,0.0031226903665810823,overdamped
430,0.6694792292093311,0.79414963722229,7.601349209354131,8.201118469238281,0.12467040801295892,18.621997901293707,0.59976925988415,7.890300042340917,0.0035863404627889395,underdamped
431,1.7516272490560671,1.3293050527572632,1.700151071989086,1.3752241134643555,0.42232219629880396,24.11027783030829,0.3249269585247305,19.11165212774788,0.0028836983256042004,overdamped
432,1.3099875181253533,1.000529408454895,5.777437762905232,4.558900356292725,0.3094581096704583,23.622981546671966,1.2185374066125076,21.091311695926535,0.002941865473985672,overdamped
433,1.572721950543802,1.4082719087600708,1.6029018743507666,1.487313151359558,0.16445004178373113,10.456396423211938,0.11558872299120848,7.211216409490201,0.0023517196532338858,overdamped
434,0.6402051755772863,0.7844576835632324,4.7008679180981625,5.524440765380859,0.14425250798594613,22.53223083613322,0.8235728472826969,17.51959131019131,0.0026285897474735975,underdamped
435,1.0,1.006075382232666,2.7282357380406173,2.840869665145874,0.006075382232666016,0.6075382232666016,0.11263392710525677,4.128452887511435,0.0023466849233955145,critically_damped
436,1.7357491885090002,1.410070776939392,2.556321120653145,2.1588187217712402,0.3256784115696081,18.762987978082492,0.39750239888190464,15.549783463054986,0.0029941920656710863,overdamped
437,1.7292450682265919,1.5031858682632446,1.5326349884977053,1.3739391565322876,0.22605919996334722,13.072710405077503,0.1586958319654177,10.354444023294285,0.0023768534883856773,overdamped
438,0.22430182433445922,0.29391729831695557,4.113906766957141,4.299900054931641,0.06961547398249635,31.03651706313893,0.1859932879744992,4.521086609652787,0.006758658681064844,underdamped
439,1.826479512776905,1.217646598815918,7.233470213902422,5.069710731506348,0.6088329139609869,33.33368426538452,2.163759482396074,29.913159498983216,0.0030254381708800793,overdamped
440,1.1093630624641966,0.9210191965103149,7.63024236637127,6.411484718322754,0.18834386595388164,16.977657930625416,1.2187576480485163,15.972725236356066,0.00270779337733984,overdamped
441,0.1585867051385891,0.20907606184482574,3.1818852337227934,3.262521505355835,0.05048935670623664,31.83706771769672,0.08063627163304155,2.534229417781276,0.014413838274776936,underdamped
442,0.40181902221274685,0.5639343857765198,4.925645807962388,5.728007793426514,0.16211536356377293,40.34536808910441,0.8023619854641257,16.289477902919742,0.003779598278924823,underdamped
443,0.18557993089768013,0.2613036334514618,3.9464884928963695,4.049440383911133,0.07572370255378166,40.803820859019545,0.10295189101476332,2.6086960902097003,0.009876878932118416,underdamped
444,1.0,0.8990636467933655,5.68607301162053,5.237237453460693,0.10093635320663452,10.093635320663452,0.44883555815983645,7.893594704861491,0.0023978943936526775,critically_damped
445,1.0,0.8700034618377686,5.412732699732462,4.783794403076172,0.12999653816223145,12.999653816223145,0.6289382966562904,11.619607535531493,0.0028706907760351896,critically_damped
446,0.3076646619609528,0.7801468968391418,7.429294672185423,10.491276741027832,0.472482234878189,153.57052443616485,3.0619820688424086,41.2149767097835,0.008610442280769348,underdamped
447,1.4662317270168472,1.216478705406189,4.665252959463233,4.053959369659424,0.24975302161065827,17.033666439533306,0.6112935898038092,13.103117775507341,0.0024801320396363735,overdamped
448,0.9047314279357327,0.904948890209198,7.104171659276976,6.910863399505615,0.00021746227346530755,0.024036113563721026,0.1933082597713609,2.7210527707185888,0.003107701428234577,underdamped
449,0.532405474210021,0.712831437587738,5.466773524179915,6.393381595611572,0.180425963377717,33.888825738584224,0.9266080714316569,16.949816328282225,0.0033031462226063013,underdamped
450,1.0942424129083557,0.9915355443954468,5.760602841986996,5.379434108734131,0.10270686851290889,9.386116577215029,0.38116873325286527,6.6168202132363865,0.0020625803153961897,overdamped
451,1.1386911392477335,0.958902895450592,6.170440073158925,5.456131935119629,0.17978824379714142,15.789026330345996,0.7143081380392964,11.57629163512174,0.0024679347407072783,overdamped
452,1.0,0.8527494668960571,7.639645407137734,6.482621669769287,0.14725053310394287,14.725053310394287,1.1570237373684469,15.144992675804527,0.002681795507669449,critically_damped
453,0.22793701122811127,0.2603646516799927,3.0154570920149464,3.073185682296753,0.0324276404518814,14.226579648984238,0.05772859028180655,1.9144225409366364,0.006628657225519419,underdamped
454,0.9178222297207407,0.9288433194160461,3.9123742904239345,4.121312141418457,0.011021089695305464,1.2007869648852123,0.20893785099452256,5.340436151672048,0.0023487573489546776,underdamped
455,1.251726779649911,1.1741050481796265,1.0773891385880545,1.0913978815078735,0.0776217314702845,6.201172071431924,0.014008742919819017,1.3002491317276341,0.0022318761330097914,overdamped
456,0.33111175037935553,0.32458236813545227,2.25023131263283,2.2890374660491943,0.006529382243903259,1.9719572731630726,0.038806153416364175,1.7245406371560954,0.0034627318382263184,underdamped
457,0.5061090165864408,0.5471206903457642,3.7876668282251487,4.099315166473389,0.04101167375932335,8.10332802128981,0.31164833824824,8.227976545505044,0.0026014111936092377,underdamped
458,0.2793676155302703,0.32503119111061096,3.287333387681155,3.4233274459838867,0.045663575580340676,16.34533605252213,0.1359940583027317,4.136911054180004,0.004211454186588526,underdamped
459,0.1853502905030262,0.2260853350162506,2.9891194040906677,3.098376750946045,0.040735044513224405,21.97732973747852,0.10925734685537725,3.655168365166559,0.009848273359239101,underdamped
460,1.062620534132233,1.0475430488586426,3.2013129198114227,3.249467372894287,0.01507748527359043,1.4188964723802504,0.04815445308286437,1.504209500572689,0.002543157199397683,overdamped
461,0.44226606762821863,0.5095641613006592,3.303610160394523,3.51908278465271,0.06729809367244055,15.21665318647354,0.21547262425818703,6.522338102763762,0.0031390744261443615,underdamped
462,1.2667557325779784,0.9913952350616455,7.4877610135702914,6.092605113983154,0.27536049751633285,21.737458172456492,1.3951558995871371,18.632484357589068,0.002844281727448106,overdamped
463,1.6076452389881353,1.125146746635437,6.58460853726004,4.811575889587402,0.48249849235269826,30.012746634101106,1.773032647672638,26.926925687983644,0.0028853528201580048,overdamped
464,0.6814725463564714,0.7198503613471985,5.013313151289315,5.240665912628174,0.03837781499072712,5.631601037476289,0.2273527613388584,4.534980251141667,0.0022793500684201717,underdamped
465,1.0,0.9351264834403992,5.009531031701859,4.958062648773193,0.06487351655960083,6.487351655960083,0.05146838292866551,1.027409204633282,0.002269516931846738,critically_damped
466,1.845993659269194,1.4834567308425903,1.13043709732093,0.9150973558425903,0.36253692842660357,19.639121001646746,0.21533974147833956,19.049245817275658,0.0022552029695361853,overdamped
467,1.5643505222267424,1.095356822013855,7.126583736470055,5.206536769866943,0.46899370021288744,29.98009036653167,1.9200469666031115,26.942038957282367,0.003338106209412217,overdamped
468,1.7878902983439546,1.1565887928009033,4.526725511246181,3.194002866744995,0.6313015055430513,35.30985688147637,1.3327226445011862,29.441207362588578,0.0029373604338616133,overdamped
469,0.9607775602915938,0.8813545107841492,4.508974797036698,4.2774481773376465,0.07942304950744461,8.266538769217288,0.23152661969905175,5.134795161224037,0.0027224356308579445,underdamped
470,0.6246815958886442,0.701633632183075,5.713580932226745,6.1899824142456055,0.0769520362944307,12.318601476478936,0.47640148201886046,8.338054324771651,0.002227678894996643,underdamped
471,0.4893408894472083,0.5501315593719482,3.9058604994765553,4.364260673522949,0.060790669924739915,12.422969597617941,0.4584001740463939,11.736214698600385,0.0026916032657027245,underdamped
472,0.4379940474483496,0.6169482469558716,4.452657971090305,5.308075428009033,0.178954199507522,40.857678443364044,0.8554174569187278,19.21138929764383,0.00432775029912591,underdamped
473,0.7271009034623706,0.7420551776885986,3.986022812283321,4.232525825500488,0.014954274226228081,2.0566986170719295,0.2465030132171675,6.184184708063994,0.0021351745817810297,underdamped
474,1.1445444986811544,0.9927842617034912,5.8352734199333405,5.347402095794678,0.15176023697766317,13.259444010480568,0.48787132413866274,8.360727750512776,0.002621251856908202,overdamped
475,0.5967969723748464,0.714823305606842,6.2208870036827655,6.944031238555908,0.11802633323199563,19.776630696085977,0.7231442348731427,11.624455394303759,0.003017093986272812,underdamped
476,0.3209610791326125,0.5134686231613159,4.435352014345042,5.188590049743652,0.1925075440287034,59.97846983470679,0.7532380353986108,16.98259874216184,0.006957442499697208,underdamped
477,1.2636444131846905,1.2068336009979248,2.7339565771788923,2.638845682144165,0.05681081218676565,4.495791030610314,0.09511089503472725,3.478873652516823,0.002700825221836567,overdamped
478,0.6906736866550492,0.738122820854187,3.4728572293124156,3.783743381500244,0.047449134199137766,6.869978560922911,0.31088615218782856,8.951884044175934,0.0030731221195310354,underdamped
479,1.503402287383346,1.0301860570907593,7.036824212650254,5.004101753234863,0.47321623029258664,31.476354284136015,2.0327224594153908,28.886929643078492,0.0033374549821019173,overdamped
480,0.952182428656417,0.9470285773277283,4.627915184230952,4.945268154144287,0.00515385132868873,0.5412672166153186,0.31735296991333506,6.857363570418835,0.002759590744972229,underdamped
481,0.6012272216082466,0.7672566175460815,5.884635487123413,6.986936092376709,0.16602939593783494,27.615082945465495,1.102300605253296,18.73184172010854,0.0030646244995296,underdamped
482,0.037932205642614854,0.7065438628196716,7.3052735437323655,10.212082862854004,0.6686116571770567,1762.6490362213644,2.9068093191216384,39.790560910830855,0.1374790519475937,underdamped
483,1.461432281109119,1.1467869281768799,4.76537417842123,3.8921146392822266,0.31464535293223905,21.52993039769496,0.8732595391390037,18.325099067631136,0.0029758643358945847,overdamped
484,0.8641250465474566,0.8833836317062378,4.419096496481113,4.70229959487915,0.019258585158781205,2.2286803554332053,0.2832030983980376,6.4086199209170855,0.0024666369426995516,underdamped
485,0.7439612977614656,0.7975043058395386,4.092692981265138,4.484749794006348,0.053543008078072996,7.197015253237052,0.3920568127412096,9.579433750244725,0.0027873360086232424,underdamped
486,1.2251623197951238,1.147544264793396,3.983965461636269,3.9108781814575195,0.0776180550017278,6.335328286516956,0.07308728017874966,1.8345359888921255,0.0025409029331058264,overdamped
487,0.3708988199690215,0.46058356761932373,3.6085984822788375,3.893416166305542,0.08968474765030221,24.180380961522854,0.2848176840267045,7.892750756987558,0.0045974282547831535,underdamped
488,1.0,0.9583513736724854,4.943684795583925,4.864606857299805,0.04164862632751465,4.164862632751465,0.07907793828412046,1.599574842529582,0.0026650826912373304,critically_damped
489,0.64836529925476,0.6674492359161377,2.0754350827368837,2.178799629211426,0.019083936661377643,2.943392665109157,0.10336454647454207,4.980379648311374,0.002559117041528225,underdamped
490,1.192616774838942,1.1374210119247437,2.322947897105986,2.208122968673706,0.055195762914198365,4.6281223003636125,0.11482492843227998,4.943069475442523,0.002725029829889536,overdamped
491,0.5933460005687052,0.7519762516021729,7.5494313778504,8.281087875366211,0.15863025103346762,26.734864797508546,0.7316564975158109,9.69154444747255,0.003043822245672345,underdamped
492,0.20469018388046964,0.6311998963356018,6.229395972141365,8.72476863861084,0.42650971245513214,208.36842508490574,2.495372666469475,40.058019712169404,0.016133174300193787,underdamped
493,0.8304858333273706,0.88559490442276,5.345532262414888,5.906193733215332,0.05510907109538943,6.6357629334377695,0.5606614708004436,10.488412440095537,0.0026517838705331087,underdamped
494,1.5715482696774274,1.3583853244781494,1.2426667955443622,1.0771996974945068,0.21316294519927803,13.563881511767462,0.16546709804985538,13.315483977132494,0.0025192326866090298,overdamped
495,0.694402216734858,0.7932107448577881,7.459836310538549,7.888912677764893,0.09880852812293006,14.229293303171856,0.4290763672263438,5.751820138736629,0.0033547692000865936,underdamped
496,1.1325769251115774,1.0726349353790283,4.72932094300856,4.679679870605469,0.05994198973254905,5.292531430184646,0.0496410724030909,1.0496448221911476,0.0026572856586426497,overdamped
497,1.0782875980175315,1.0866003036499023,2.3066574407855556,2.2711892127990723,0.008312705632370854,0.7709172995826017,0.0354682279864833,1.5376460916712555,0.00227892748080194,overdamped
498,0.814059563737835,0.7572793364524841,1.0280491392297875,1.0008556842803955,0.056780227285350815,6.974947511781422,0.02719345494939196,2.6451512784462077,0.002513052662834525,underdamped
499,1.0254766366530272,0.9183173775672913,6.83608661020838,6.4716715812683105,0.10715925908573598,10.449702631498722,0.36441502894006916,5.330755002370588,0.002335516968742013,overdamped
500,1.7857476767727842,1.2130765914916992,5.917701313372701,4.195429801940918,0.572671085281085,32.06898111809504,1.7222715114317833,29.10372491325017,0.002739693969488144,overdamped
501,1.1185567637718181,0.9387858510017395,7.336802188008491,6.380234718322754,0.17977091277007862,16.071684387646446,0.9565674696857371,13.037934582033332,0.002967516425997019,overdamped
502,1.0,0.9122928380966187,3.88225218718672,3.676609754562378,0.08770716190338135,8.770716190338135,0.20564243262434223,5.296988003588745,0.0027591560501605272,critically_damped
503,1.2415885958018382,0.9272374510765076,7.143840012039548,5.520009517669678,0.31435114472533066,25.3184626363548,1.6238304943698703,22.730499166179825,0.0030599888414144516,overdamped
504,1.4735980415570222,1.1286449432373047,5.1132961467852684,4.028931140899658,0.34495309831971754,23.408900432253272,1.0843650058856102,21.206771029042606,0.0026175573002547026,overdamped
505,1.4156256849274473,1.1226540803909302,4.667469273194723,3.8600175380706787,0.29297160453651716,20.695555870161563,0.8074517351240447,17.299561879523022,0.002721808385103941,overdamped
506,0.837242391731347,0.8540446758270264,7.907093954688445,7.842133522033691,0.01680228409567941,2.0068601711547,0.06496043265475393,0.8215462346471321,0.0029016132466495037,underdamped
507,0.6582005624574517,0.6633167862892151,4.865015602661009,4.930961608886719,0.005116223831763356,0.7773046885073248,0.06594600622571001,1.3555147940253192,0.0028419869486242533,underdamped
508,1.0,0.9566522836685181,2.154609038990555,2.168013334274292,0.043347716331481934,4.334771633148193,0.013404295283736989,0.6221219275129825,0.002663177903741598,critically_damped
509,0.5225793459820733,0.8244132995605469,7.763211288162369,9.290078163146973,0.30183395357847354,57.75849273400632,1.526866874984604,19.667980405387482,0.004730957560241222,underdamped
510,0.7754766605962473,0.8861668109893799,6.0236441786712644,7.030824661254883,0.11069015039313257,14.273820995208972,1.0071804825836184,16.720451153968874,0.002279464155435562,underdamped
511,1.0,0.9118894338607788,6.181978589831085,5.810362815856934,0.08811056613922119,8.81105661392212,0.3716157739741517,6.011275655102287,0.002777276560664177,critically_damped
512,1.2010750331578512,1.133231520652771,3.258638036812081,3.16641902923584,0.06784351250508025,5.6485657125606,0.09221900757624102,2.829986225363609,0.002861551009118557,overdamped
513,0.10850304549585527,0.6881830096244812,6.820443606544221,10.098006248474121,0.5796799641286259,534.2522520722879,3.2775626419299,48.054977520598165,0.03946012258529663,underdamped
514,0.710412997963728,0.8030116558074951,5.6961142359311845,6.276915073394775,0.09259865784376708,13.03448249246348,0.5808008374635909,10.196439421806,0.0031714802607893944,underdamped
515,0.1040262541398533,0.6626278162002563,7.285271770281964,10.294402122497559,0.558601562060403,536.9813290685416,3.0091303522155943,41.30429786422547,0.04117618873715401,underdamped
516,1.4679992227142917,1.177414894104004,3.7103756151656433,3.1238577365875244,0.2905843286102878,19.794583274574563,0.5865178785781189,15.807506824398285,0.002500192727893591,overdamped
517,1.416931214559589,1.086695909500122,6.91400112720099,5.661576747894287,0.33023530505946685,23.306375190704703,1.252424379306703,18.114321306362363,0.0031301507260650396,overdamped
518,1.0,0.8970799446105957,4.193664367641997,3.957059860229492,0.1029200553894043,10.29200553894043,0.23660450741250472,5.641951445569358,0.00263680936768651,critically_damped
519,0.8558396177668011,0.8466209769248962,3.7421192427248817,3.917231321334839,0.009218640841904824,1.077145840240445,0.17511207860995714,4.67948954193257,0.002421255921944976,underdamped
520,1.459687869585136,1.2952862977981567,2.8649183753303857,2.599151134490967,0.16440157178697934,11.262789477979602,0.26576724083941894,9.276607778005904,0.0024227453395724297,overdamped
521,1.4752560503916754,1.1378211975097656,6.245299866282629,5.029345512390137,0.3374348528819098,22.872968580086283,1.2159543538924922,19.469911452246425,0.0026803379878401756,overdamped
522,1.8129806574211875,1.3831604719161987,1.8283915672503437,1.4301207065582275,0.4298201855049888,23.70793001820394,0.39827086069211615,21.782580264853348,0.002613320481032133,overdamped
523,1.6418557823640119,1.0899693965911865,7.662521201407161,5.299794673919678,0.5518863857728253,33.6135726231811,2.3627265274874834,30.83484489483158,0.0031127475667744875,overdamped
524,1.6756105627803195,1.2756668329238892,3.344860627682246,2.6466870307922363,0.39994372985643034,23.86853716133233,0.6981735968900096,20.87302505556995,0.002356891520321369,overdamped
525,1.4043744773520308,1.0173486471176147,6.092130171594631,4.528994083404541,0.38702583023441606,27.558591848248277,1.56313608819009,25.658284445043876,0.00325560150668025,overdamped
526,1.5232532229971423,1.3706592321395874,2.057931734684724,1.892510175704956,0.15259399085755487,10.017637813187227,0.16542155897976807,8.038243261023947,0.002832042286172509,overdamped
527,1.0,0.957224428653717,3.0645760321149558,3.0277047157287598,0.04277557134628296,4.277557134628296,0.03687131638619601,1.203145753272436,0.0023998147808015347,critically_damped
528,0.40099999545141596,0.7105912566184998,7.842941791992641,10.276878356933594,0.3095912611670838,77.20480415930405,2.433936564940953,31.03346460413507,0.004744756501168013,underdamped
529,1.8967995927072558,1.5655986070632935,1.0470456962400756,0.8841790556907654,0.3312009856439624,17.46104263820762,0.16286664054931022,15.554874169691136,0.002251985715702176,overdamped
530,1.3605543753959306,1.1799525022506714,3.172428272048804,2.8224711418151855,0.18060187314525922,13.274138572572877,0.3499571302336184,11.03120701946117,0.0023507210426032543,overdamped
531,1.3626764073301925,1.0747144222259521,4.7852214162014635,3.9915928840637207,0.2879619851042403,21.132088554202415,0.7936285321377428,16.58499081047183,0.0029505197890102863,overdamped
532,1.0782717207489276,1.0112169981002808,4.513722775050954,4.407844543457031,0.06705472264864687,6.218722179050856,0.1058782315939224,2.345696376816744,0.0025516534224152565,overdamped
533,0.45890939596437524,0.5485370755195618,7.223617172897755,8.270535469055176,0.08962767955518652,19.530582799865847,1.046918296157421,14.492992514682912,0.0022935057058930397,underdamped
534,1.0,0.9667090773582458,2.0463560609396745,2.042851448059082,0.03329092264175415,3.329092264175415,0.0035046128805924504,0.17126114792472397,0.002276066690683365,critically_damped
535,0.8530231958201957,0.8314189314842224,2.6719333419415734,2.7521626949310303,0.02160426433597329,2.532670206605629,0.08022935298945688,3.002670453266541,0.002759122522547841,underdamped
536,1.9392645809766567,1.2176343202590942,5.794356089684986,3.866262435913086,0.7216302607175624,37.211542344270185,1.9280936537719002,33.275373897097204,0.0035965554416179657,overdamped
537,0.42093748605776127,0.36860719323158264,1.1042548219069621,1.030245304107666,0.052330292826178626,12.431844290293936,0.0740095177992961,6.702213685740347,0.0025032530538737774,underdamped
538,1.866043014853739,1.0824335813522339,6.57272340271384,4.022484302520752,0.7836094335015051,41.993106657454234,2.550239100193088,38.80034110579047,0.0027069973293691874,overdamped
539,0.5721189018481734,0.6085878610610962,2.0789767019833496,2.1702535152435303,0.036468959212922814,6.374367128076604,0.09127681326018067,4.390468309390015,0.0032298548612743616,underdamped
540,0.0590849494707313,0.20572708547115326,4.2304360636992335,4.42012357711792,0.14664213600042197,248.18864586329818,0.1896875134186864,4.483876143321673,0.09079684317111969,underdamped
541,1.9397195307878805,1.3160251379013062,4.587145209245479,3.2150847911834717,0.6236943928865744,32.153844047404135,1.3720604180620075,29.91098723660619,0.0031701521947979927,overdamped
542,1.6828735565005335,1.340488314628601,4.681098475798471,3.9005110263824463,0.3423852418719324,20.345274340391235,0.780587449416025,16.675305026196387,0.002436275826767087,overdamped
543,1.1521012814189624,0.94301438331604,7.241089944977521,6.2493205070495605,0.20908689810292236,18.148308788043764,0.9917694379279602,13.696410974923184,0.002489072270691395,overdamped
544,1.3962567295378296,1.2131837606430054,2.481909105542954,2.2883474826812744,0.18307296889482427,13.111698230125821,0.19356162286167944,7.798900549153472,0.0026080687530338764,overdamped
545,0.9370102442166661,0.9220569133758545,3.032607091610422,3.1058640480041504,0.01495333084081163,1.5958556411848526,0.07325695639372842,2.415642850548977,0.002527904463931918,underdamped
546,1.4616980539396436,1.164627194404602,4.271019174738612,3.5208747386932373,0.29707085953504153,20.32368167518325,0.7501444360453746,17.563593263223495,0.0028016206342726946,overdamped
547,0.562535977781421,0.7403497695922852,6.254080108662333,7.440469264984131,0.1778137918108642,31.60931901851717,1.1863891563217974,18.969842658052404,0.003078111447393894,underdamped
548,1.8238601039224462,1.3182368278503418,3.694915861905713,2.7352969646453857,0.5056232760721044,27.72270060541905,0.9596188972603272,25.97133285642364,0.0027819001115858555,overdamped
549,1.3120684866371977,1.1482855081558228,2.9128119664619825,2.699218988418579,0.1637829784813749,12.482807120926061,0.21359297804340338,7.332879035883731,0.0024984313640743494,overdamped
550,1.260977854492023,1.002214789390564,6.111345914719566,5.0596137046813965,0.25876306510145897,20.520825499009263,1.0517322100381694,17.20950220646168,0.002473900793120265,overdamped
551,1.9282171219983666,1.3704028129577637,4.138949246453441,2.9871432781219482,0.5578143090406029,28.929019594146897,1.1518059683314927,27.828463210039256,0.0028307675383985043,overdamped
552,0.7295829374521887,0.8239463567733765,6.0361848509711304,6.56709623336792,0.09436341932118775,12.933885166053734,0.5309113823967895,8.795479189332214,0.0026653269305825233,underdamped
553,1.7356884647388826,1.469708800315857,1.1017832808685106,0.99897301197052,0.2659796644230257,15.324159250147446,0.10281026889799061,9.331260573944054,0.0023709607776254416,overdamped
554,1.1228194785850696,1.0355719327926636,3.9211635386698562,3.7726802825927734,0.08724754579240601,7.770398310363456,0.1484832560770828,3.7867141886015685,0.0024915034882724285,overdamped
555,1.901472936274598,1.221649408340454,7.251818735466501,4.91082239151001,0.6798235279341438,35.752469307613026,2.3409963439564914,32.281506603403784,0.0030413856729865074,overdamped
556,0.2570004320795234,0.7747920155525208,7.339726428956702,10.967844009399414,0.5177915834729974,201.47498558009335,3.628117580442712,49.431237193378976,0.011608097702264786,underdamped
557,0.8459247316056221,0.84074866771698,4.144886949095188,4.278743743896484,0.005176063888642113,0.6118823218252049,0.13385679480129653,3.229443804987659,0.0024020669516175985,underdamped
558,0.8519578861065027,0.7924888134002686,1.5180275995666825,1.4989254474639893,0.05946907270623414,6.9802831426341125,0.01910215210269328,1.2583534125562634,0.0029578336980193853,underdamped
559,0.80996273416878,0.7695062756538391,1.560654885503837,1.5210517644882202,0.04045645851494084,4.994854307273664,0.039603121015616694,2.537596324688488,0.002133455593138933,underdamped
560,1.924717537450192,1.3219501972198486,5.100309202279645,3.6122138500213623,0.6027673402303433,31.31718439209898,1.4880953522582825,29.176571326169014,0.0026366242673248053,overdamped
561,1.9048617365021188,1.32380211353302,4.332257651691905,3.0942928791046143,0.5810596229690987,30.504031438843093,1.2379647725872909,28.575511248824743,0.0028253402560949326,overdamped
562,1.442574809571911,1.2418668270111084,4.84052940911916,4.312512397766113,0.2007079825608027,13.913176719089074,0.5280170113530467,10.908249216672582,0.003363396506756544,overdamped
563,1.6568869865952547,1.4101707935333252,1.3220579200362574,1.1583296060562134,0.2467161930619295,14.890345271460417,0.16372831398004406,12.384352568725115,0.0022479442413896322,overdamped
564,0.6317878314925932,0.6754953265190125,3.256014796410801,3.5611886978149414,0.04370749502641924,6.918065345317061,0.3051739014041406,9.37262022705003,0.00244966265745461,underdamped
565,1.818171297976226,1.2352521419525146,6.890380278866755,4.816291809082031,0.5829191560237112,32.06073908836578,2.0740884697847237,30.101219175755627,0.002407108200713992,overdamped
566,1.2594900868446826,1.2506669759750366,1.9035133023758504,1.8939979076385498,0.008823110869645934,0.7005303941494205,0.009515394737300564,0.4998859070448325,0.0028560757637023926,overdamped
567,1.5657374545467768,1.22696053981781,4.285614869700938,3.4805850982666016,0.33877691472896676,21.63689153281641,0.8050297714343362,18.784463744650797,0.0032544611021876335,overdamped
568,0.6610328020240946,0.7160836458206177,3.8864457078443473,4.277463436126709,0.05505084379652303,8.328004847559203,0.3910177282823617,10.061062412196755,0.002491915365681052,underdamped
569,1.0,0.9052785038948059,6.285080196508629,5.931602954864502,0.09472149610519409,9.47214961051941,0.35347724164412675,5.6240689154687935,0.00260065495967865,critically_damped
570,1.0212481349230693,0.9129193425178528,4.438156671595219,4.177183151245117,0.10832879240521653,10.607489864681805,0.2609735203501016,5.880223247195533,0.0026487514842301607,overdamped
571,0.13909246698283248,0.6455205082893372,7.3859645377451075,10.252519607543945,0.5064280413065047,364.0945137374051,2.866555069798838,38.81084258054101,0.02467728964984417,underdamped
572,0.6636744675407079,0.8441512584686279,6.473711991589301,8.033019065856934,0.18047679092792002,27.193571510546334,1.5593070742676325,24.086753879281268,0.002496279776096344,underdamped
573,1.249352118800678,1.0436081886291504,2.2810791537578337,1.9684021472930908,0.2057439301715276,16.468049885650533,0.31267700646474283,13.707415893466079,0.0027183881029486656,overdamped
574,1.2524914773536762,1.0179517269134521,7.347695325003551,6.3524675369262695,0.23453975044022402,18.72585599829955,0.9952277880772815,13.544761235412285,0.0028056262526661158,overdamped
575,1.3324968439554574,1.0102306604385376,7.856847691886086,6.218608379364014,0.3222661835169198,24.185136721246337,1.6382393125220727,20.851101825658567,0.0029797921888530254,overdamped
576,0.565366083038174,0.509843111038208,1.295784728531088,1.2433953285217285,0.05552297199996603,9.820711511662624,0.05238940000935943,4.043063547194948,0.0025350935757160187,underdamped
577,0.4426326593944137,0.7572088837623596,6.218200720997015,7.729118824005127,0.3145762243679459,71.0693659158211,1.5109181030081116,24.298316680357235,0.004790846724063158,underdamped
578,0.07116643592158901,0.6348006725311279,6.885214384857391,10.06417179107666,0.5636342366095389,791.9944694582564,3.1789574062192694,46.17078319610106,0.07081792503595352,underdamped
579,1.3300143365954218,1.1461458206176758,2.9553366883385968,2.676110029220581,0.183868515977746,13.824551429153287,0.2792266591180157,9.448218208768244,0.002698438474908471,overdamped
580,1.0,0.8645358085632324,7.894661803170891,6.923125743865967,0.13546419143676758,13.546419143676758,0.971536059304924,12.306240387836583,0.002526485361158848,critically_damped
581,1.6983064568300121,1.1072337627410889,7.219794404750287,4.7740583419799805,0.5910726940889233,34.80365346971564,2.4457360627703064,33.8754253329032,0.002969943918287754,overdamped
582,1.590869437706876,1.151512861251831,6.4435212010558045,4.791706562042236,0.4393565764550449,27.617387451250924,1.6518146390135682,25.63527902636387,0.003638702444732189,overdamped
583,1.0,0.9696560502052307,5.750492413649905,5.775356292724609,0.030343949794769287,3.0343949794769287,0.024863879074704442,0.432378260610956,0.002541447291150689,critically_damped
584,0.0208657118775432,0.6471498012542725,7.830105279432253,10.412229537963867,0.6262840893767293,3001.4987892685795,2.582124258531614,32.97687791394344,0.19978941977024078,underdamped
585,0.5045830276507752,0.5158796906471252,2.344210559672194,2.440086603164673,0.011296662996350015,2.238811528985573,0.09587604349247902,4.089907499857265,0.003235276322811842,underdamped
586,1.0,0.9505783915519714,3.2627128695601586,3.277268648147583,0.049421608448028564,4.9421608448028564,0.014555778587424406,0.4461250244612131,0.0026724564377218485,critically_damped
587,0.2058132280883847,0.6460654139518738,7.8831550295149535,10.80463981628418,0.4402521858634891,213.90859564887958,2.921484786769226,37.05984185051583,0.013575573451817036,underdamped
588,0.3732443244586727,0.44445285201072693,3.544396985926536,3.786827325820923,0.0712085275520542,19.078261311898054,0.242430339894387,6.839819039937865,0.0034934114664793015,underdamped
589,1.0,0.9384467005729675,6.179018146381056,5.924369812011719,0.06155329942703247,6.155329942703247,0.2546483343693371,4.121177966089649,0.0031315013766288757,critically_damped
590,0.15047352387192184,0.5563574433326721,7.69979288788986,10.53122329711914,0.4058839194607503,269.7377645028274,2.831430409229281,36.772812599706675,0.020609891042113304,underdamped
591,1.4248503760486446,1.351227879524231,2.1456254610860372,2.0274851322174072,0.07362249652441366,5.167033518886489,0.11814032886863002,5.506102113871808,0.002386241452768445,overdamped
592,0.6993235238890042,0.8123523592948914,7.209643532972286,7.620373249053955,0.11302883540588715,16.16259592946668,0.4107297160816694,5.696949012850013,0.002998128766193986,underdamped
593,1.644814640560749,1.1802772283554077,6.405655110153284,4.791341304779053,0.4645374122053414,28.242538748741413,1.6143138053742314,25.20138498895239,0.0031271856278181076,overdamped
594,0.5462973019423595,0.6211956739425659,3.7589577263265346,4.192610263824463,0.07489837200020644,13.7101852295271,0.4336525374979283,11.536510093230499,0.0031678054947406054,underdamped
595,1.848746946920547,1.461790919303894,3.986805764073703,3.2411417961120605,0.38695602761665304,20.930718953245854,0.7456639679616424,18.703293114529004,0.002143681515008211,overdamped
596,0.7302001086631111,0.7212340831756592,1.8391516928920164,1.863297700881958,0.008966025487451956,1.2278860795936375,0.024146007989941598,1.3128883323361247,0.002572282450273633,underdamped
597,0.6603390690318445,0.7327775955200195,4.064205486940384,4.423525333404541,0.07243852648817506,10.969898630165975,0.3593198464641567,8.841084625734807,0.0029973876662552357,underdamped
598,1.7676582317489937,1.2875961065292358,5.213268339643172,3.970693588256836,0.4800621252197579,27.15808500746011,1.2425747513863357,23.834851199533404,0.0026233112439513206,overdamped
599,1.0,0.9883421063423157,5.052429722034547,5.197963714599609,0.011657893657684326,1.1657893657684326,0.1455339925650625,2.8804753469476836,0.002500359434634447,critically_damped
600,1.6544064455257412,1.1473472118377686,5.663281213624884,4.010904312133789,0.5070592336879727,30.649012221832717,1.6523769014910945,29.17702369283304,0.002669429639354348,overdamped
601,1.8448770034412516,1.3148213624954224,4.3241823169446025,3.2164807319641113,0.5300556409458292,28.731218393265014,1.1077015849804912,25.616440376250726,0.002474029315635562,overdamped
602,0.5554384730013373,0.4799770414829254,1.1612150462397333,1.1134846210479736,0.07546143151841189,13.585920887088102,0.04773042519175963,4.11038638763088,0.002266048453748226,underdamped
603,1.0,0.9106854200363159,7.013720688589085,6.6432037353515625,0.08931457996368408,8.931457996368408,0.3705169532375221,5.282744632821372,0.002392789348959923,critically_damped
604,1.263376321468646,1.0031100511550903,6.853588638243512,5.7925801277160645,0.26026627031355565,20.600850743427113,1.0610085105274472,15.481064979694642,0.0026993975043296814,overdamped
605,0.6495425046931504,0.8207211494445801,7.092004692498678,8.288925170898438,0.17117864475142963,26.353724893230186,1.1969204783997593,16.87704013599653,0.003128891810774803,underdamped
606,0.6071456568948346,0.8062304854393005,7.862593082135738,8.968955039978027,0.19908482854446596,32.790291140787986,1.1063619578422896,14.071209666897394,0.003914783708751202,underdamped
607,1.0,0.8814910650253296,7.90542884424351,7.063270568847656,0.11850893497467041,11.850893497467041,0.8421582753958541,10.65291070210679,0.002854623831808567,critically_damped
608,0.8877227109650021,0.8311819434165955,7.265591948330398,7.030727386474609,0.056540767548406645,6.369192412227891,0.23486456185578852,3.2325592123262497,0.002867699833586812,underdamped
609,0.8207810215209108,0.8355544209480286,4.543853933449644,4.7863593101501465,0.01477339942711775,1.7999197154610833,0.24250537670050232,5.336997629155629,0.002327041933313012,underdamped
610,1.8884687623725125,1.1674405336380005,7.056327911124423,4.5705342292785645,0.721028228734512,38.18057481812265,2.485793681845858,35.22786516095662,0.0030903180595487356,overdamped
611,1.7316890999347614,1.2020303010940552,6.629380367946091,4.903003215789795,0.5296587988407062,30.586252397191867,1.7263771521562958,26.041304863174723,0.0027687305118888617,overdamped
612,0.2497681456892146,0.48793140053749084,5.8591885322370985,7.156304359436035,0.23816325484827625,95.35373463701082,1.2971158271989367,22.1381479715534,0.008773501962423325,underdamped
613,0.06442409518363139,0.0389864519238472,1.8566838342083,1.209463357925415,0.02543764325978419,39.484672912018304,0.647220476282885,34.85894929218594,0.024919407442212105,underdamped
614,0.7002043904455179,0.7788211703300476,5.327572286037394,5.947870254516602,0.07861677988452975,11.227690222637477,0.6202979684792078,11.643163812247034,0.0031116444151848555,underdamped
615,1.6330510610696924,1.2841408252716064,4.165827080825498,3.4280245304107666,0.348910235798086,21.365543559277345,0.737802550414731,17.710829952848847,0.002404402242973447,overdamped
616,1.0454685669429524,0.9554082155227661,5.583287295958296,5.349414348602295,0.09006035142018631,8.614352862232021,0.2338729473560015,4.188803745157454,0.002669347682967782,overdamped
617,1.3565613549580577,0.9926779866218567,5.610735330889081,4.308285713195801,0.36388336833620105,26.823952120282215,1.3024496176932798,23.213528011610784,0.003632972249761224,overdamped
618,1.1905750021843842,1.018464207649231,5.2706872367796205,4.682485103607178,0.1721107945351532,14.456106857558431,0.5882021331724427,11.159875491527611,0.0023573439102619886,overdamped
619,1.4729462576820818,1.1027663946151733,4.695877588996681,3.7358431816101074,0.3701798630669084,25.13193275968168,0.9600344073865736,20.44419576941515,0.0029368093237280846,overdamped
620,0.17419825160567917,0.26878002285957336,4.481000264833164,4.747861862182617,0.09458177125389419,54.2954767812438,0.26686159734945303,5.955402400749217,0.010798281989991665,underdamped
621,1.2879833879789047,1.149296522140503,1.701269075398487,1.593554973602295,0.13868686583840173,10.767752684763138,0.10771410179619201,6.331397152502888,0.002511283615604043,overdamped
622,0.6766278985934587,0.6487639546394348,1.7639736117590563,1.8175634145736694,0.027863943954023918,4.118060164522648,0.05358980281461312,3.0380161277567357,0.0028980369679629803,underdamped
623,0.32558666499302424,0.4137163758277893,3.8170809463924584,4.156398296356201,0.08812971083476506,27.067973080732056,0.33931734996374274,8.889446011995979,0.004800071008503437,underdamped
624,0.5508470535189894,0.6601218581199646,4.978202439199464,5.673017501831055,0.10927480460097516,19.837594465268047,0.6948150626315908,13.957147607346453,0.002592740347608924,underdamped
625,0.7982941067979772,0.8932904601097107,7.7675113767417,8.223108291625977,0.0949963533117335,11.899919152951238,0.45559691488427667,5.865416769758109,0.002630319446325302,underdamped
626,1.6251182823498969,1.3770751953125,2.611848436350823,2.353348731994629,0.24804308703739686,15.263078985163483,0.2584997043561943,9.89719390905241,0.002688653999939561,overdamped
627,1.728900786934398,1.2560534477233887,4.94576458720762,3.6890079975128174,0.4728473392110093,27.34959361372257,1.2567565896948025,25.41076445380041,0.002726874314248562,overdamped
628,1.0,0.9507347941398621,1.0332997335703757,1.00539231300354,0.04926520586013794,4.926520586013794,0.027907420566835706,2.700805938506031,0.002707261359319091,critically_damped
629,1.5550498261637011,1.0376497507095337,7.7868148476152665,5.458538055419922,0.5174000754541674,33.272250621743126,2.3282767921953447,29.900245963962863,0.0026462229434400797,overdamped
630,0.17416892964449868,0.6144554615020752,6.393234463462334,9.083685874938965,0.4402865318575765,252.79281026544646,2.690451411476631,42.082789656044994,0.021040719002485275,underdamped
631,0.8255185528648147,0.8369590640068054,4.8232585096096035,4.969197750091553,0.011440511141990739,1.3858575439992824,0.14593924048194928,3.025739553274777,0.002402024809271097,underdamped
632,1.96946743162979,1.2907514572143555,5.745574869440264,3.8293936252593994,0.6787159744154345,34.461903939877686,1.9161812441808648,33.350557389352055,0.002856841078028083,overdamped
633,1.5494177478713613,1.3963488340377808,1.1956593359429597,1.081034779548645,0.15306891383358057,9.879124854731492,0.11462455639431468,9.586723655188603,0.0026394124142825603,overdamped
634,0.7290625066627111,0.7596165537834167,4.657829320295488,4.96677303314209,0.03055404712070564,4.190867976542507,0.3089437128466015,6.63278303265527,0.002339789643883705,underdamped
635,1.451963040650503,1.1525148153305054,5.473017680438068,4.513509750366211,0.2994482253199977,20.623680970959153,0.9595079300718572,17.531606621724944,0.0027271220460534096,overdamped
636,1.3618094979635356,1.288428783416748,2.44290038054853,2.363586187362671,0.07338071454678752,5.388471343203423,0.07931419318585897,3.2467223722012655,0.0027277867775410414,overdamped
637,1.1456125446480168,0.9225839376449585,4.835320413815689,4.116579055786133,0.22302860700305827,19.468066061687775,0.7187413580295559,14.86439980225378,0.003394047264009714,overdamped
638,0.9768288234619366,0.9260419607162476,4.305092034854608,4.2396392822265625,0.050786862745689,5.19915685592666,0.06545275262804573,1.5203566404186342,0.0030426373705267906,underdamped
639,1.5313462674832279,1.2730611562728882,4.431246568749325,3.8386354446411133,0.2582851112103397,16.86653872444095,0.5926111241082115,13.373463085703897,0.002914204029366374,overdamped
640,0.9136857244545475,0.8690139651298523,3.2749395115815476,3.341856002807617,0.04467175932469525,4.889182147544596,0.06691649122606957,2.043289379526707,0.0031317202374339104,underdamped
641,1.9979770381406077,1.3618098497390747,1.8952688337446233,1.3524407148361206,0.636167188401533,31.84056554491607,0.5428281189085027,28.641220139519568,0.002740093506872654,overdamped
642,0.1693676966602033,0.10199692845344543,1.701040417109591,1.2823127508163452,0.06737076820675786,39.77781450374304,0.41872766629324576,24.615973969904143,0.0038411670830100775,underdamped
643,1.080073418103298,1.0543339252471924,1.9339410622388213,1.897318959236145,0.02573949285610566,2.383124371425271,0.03662210300267632,1.8936514518328107,0.0027336906641721725,overdamped
644,1.0,0.9087498784065247,5.343995557893258,5.172369480133057,0.09125012159347534,9.125012159347534,0.17162607776020167,3.211568495911346,0.002561743138357997,critically_damped
645,1.2706827764783613,1.038097620010376,5.846216771062066,4.954598903656006,0.23258515646798528,18.303951290863036,0.89161786740606,15.251194102473937,0.0033923478331416845,overdamped
646,0.8884404902509044,0.9211044311523438,2.1949351027737145,2.214972972869873,0.032663940901439315,3.676547980407184,0.02003787009615854,0.912914011482021,0.002634770469740033,underdamped
647,1.0,0.9605894684791565,1.6801167492579006,1.7005186080932617,0.039410531520843506,3.9410531520843506,0.020401858835361164,1.214311972330052,0.0020049146842211485,critically_damped
648,1.8122660199723002,1.1377071142196655,7.310552146493239,4.798592567443848,0.6745589057526347,37.22184813479784,2.5119595790493916,34.360736763971246,0.002605886897072196,overdamped
649,0.7947241764722128,0.8247538805007935,2.638901014086834,2.7460267543792725,0.030029704028580628,3.7786322497300553,0.10712574029243838,4.05948308483667,0.0028768088668584824,underdamped
650,0.11748518424572688,0.37506476044654846,5.0878803753290125,5.730293273925781,0.2575795762008216,219.24430544542486,0.6424128985967688,12.62633653322139,0.034212637692689896,underdamped
651,0.5667767846447503,0.8041603565216064,7.424341986130589,9.313841819763184,0.2373835718768561,41.883079601724624,1.8894998336325948,25.450064627442657,0.002947441767901182,underdamped
652,1.0,0.9363735318183899,2.2661626128849286,2.3087682723999023,0.06362646818161011,6.362646818161011,0.04260565951497375,1.8800795350133677,0.001697429222986102,critically_damped
653,0.7496635841863487,0.863152801990509,7.571347125124415,8.517109870910645,0.11348921780416033,15.138686231816429,0.9457627457862294,12.491340446508564,0.002630423055961728,underdamped
654,0.19601530561474617,0.6528556942939758,6.596140820765077,8.97946548461914,0.45684038867922966,233.06363104987128,2.3833246638540633,36.13210707010989,0.018051069229841232,underdamped
655,1.0,0.9605402946472168,4.772190517078416,4.880992412567139,0.0394597053527832,3.9459705352783203,0.10880189548872288,2.2799151689218924,0.0023033213801681995,critically_damped
656,0.783949427310004,0.8051503896713257,2.9449398960522695,3.1008191108703613,0.02120096236132163,2.7043788314342305,0.15587921481809186,5.293120414004035,0.0025067736860364676,underdamped
657,0.17370079071696148,0.2686172127723694,4.538022905195095,4.770423412322998,0.0949164220554079,54.64363268793085,0.2324005071279034,5.121184092346758,0.011462696827948093,underdamped
658,0.8224775701619093,0.8149434328079224,2.8089704818177093,2.8835203647613525,0.007534137353986892,0.9160295219362341,0.07454988294364329,2.6539931062358977,0.002478040987625718,underdamped
659,1.6695135231420983,1.3160600662231445,4.949671300699627,4.090235233306885,0.3534534569189538,21.171044859447367,0.8594360673927426,17.363497799768297,0.002693133894354105,overdamped
660,1.391533842380751,1.1158407926559448,4.792255924883157,4.00670862197876,0.27569304972480624,19.8121699471662,0.7855473029043969,16.39201485099212,0.0028137415647506714,overdamped
661,1.5093329428935878,1.2388129234313965,3.211543739297557,2.677719831466675,0.2705200194621913,17.923150802205985,0.5338239078308824,16.622034484501295,0.002644904190674424,overdamped
662,0.7713903405434024,0.7953853011131287,4.871073940574907,5.211973190307617,0.023994960569726276,3.1106120090670486,0.34089924973271035,6.998441286080659,0.0022253163624554873,underdamped
663,1.9250748095428423,1.6613720655441284,1.6262112212400612,1.495734691619873,0.26370274399871385,13.698311498935292,0.1304765296201882,8.023344564102429,0.0028094607405364513,overdamped
664,0.47950568880605854,0.4618948996067047,1.5854435468553438,1.580643892288208,0.017610789199353827,3.6726966145498032,0.004799654567135825,0.302732606068234,0.002658649580553174,underdamped
665,0.19003112084437535,0.6486758589744568,6.990438626889813,9.551880836486816,0.45864473813008144,241.3524353759326,2.5614422095970033,36.642081367312436,0.016307583078742027,underdamped
666,1.7578515151023917,1.2381244897842407,7.446517290884151,5.60773229598999,0.519727025318151,29.566036770055508,1.8387849948941604,24.693221314951586,0.0031066115479916334,overdamped
667,1.0,0.9559146165847778,1.738305289827782,1.736633062362671,0.04408538341522217,4.408538341522217,0.0016722274651110869,0.0961987215304832,0.0028559970669448376,critically_damped
668,1.6568643223315076,1.5140897035598755,1.352105800752424,1.1965129375457764,0.1427746187716321,8.617158137047843,0.15559286320664767,11.507447355085887,0.002339314902201295,overdamped
669,1.0,0.9409583806991577,4.741752346519272,4.689149379730225,0.059041619300842285,5.9041619300842285,0.0526029667890473,1.1093571098807176,0.0027386019937694073,critically_damped
670,1.3745683154951684,1.3018509149551392,1.7149394324010907,1.6861506700515747,0.07271740054002929,5.290199091620549,0.028788762349515995,1.678704320723956,0.002535251434892416,overdamped
671,1.1185442344958783,0.9658677577972412,6.425653979832616,5.842666149139404,0.15267647669863704,13.649569859653113,0.5829878306932121,9.07281706302521,0.0029754661954939365,overdamped
672,0.8254882898865474,0.7979916334152222,6.349002304510465,6.2634806632995605,0.027496656471325265,3.3309565754232953,0.08552164121090478,1.3470091379577604,0.002572566270828247,underdamped
673,1.835475649964018,1.3238558769226074,4.292417284446543,3.2796921730041504,0.5116197730414105,27.87396133811092,1.0127251114423927,23.593351818612195,0.002581522800028324,overdamped
674,0.738713583901602,0.7639456391334534,2.6286886768442326,2.7871508598327637,0.025232055231851347,3.415675003373473,0.1584621829885311,6.028183724622976,0.0027096103876829147,underdamped
675,1.2980848709273083,1.1529265642166138,2.8672136601836864,2.7095770835876465,0.14515830671069452,11.182497382239598,0.1576365765960399,5.497901282527407,0.0027964976616203785,overdamped
676,1.413428282615354,1.3245537281036377,1.3004119391955888,1.2208949327468872,0.08887455451171622,6.287871525201556,0.07951700644870163,6.114755182722285,0.00258608628064394,overdamped
677,1.699176387752951,1.2381783723831177,4.807466326090574,3.636495351791382,0.4609980153698334,27.13067452517234,1.170970974299192,24.357341162104913,0.002423578407615423,overdamped
678,0.1841049936137862,0.7680665254592896,7.058642716641486,10.687237739562988,0.5839615318455034,317.1894039281371,3.6285950229215027,51.40641294064526,0.021348748356103897,underdamped
679,1.2201433448501855,0.9839001297950745,7.016625176851312,5.796759605407715,0.23624321505511103,19.36192301111293,1.2198655714435969,17.38536035055827,0.002873445162549615,overdamped
680,0.7332808986336625,0.8951073884963989,6.763837403210786,7.946034908294678,0.1618264898627364,22.068826579864695,1.1821975050838915,17.47820703854743,0.0028265665750950575,underdamped
681,1.0,0.9810351729393005,1.4009481138099305,1.398290753364563,0.018964827060699463,1.8964827060699463,0.0026573604453674626,0.18968300247328018,0.0028406030032783747,critically_damped
682,0.27809692955867454,0.727165699005127,7.0970141988735005,9.59589672088623,0.4490687694464524,161.47922602349524,2.49888252201273,35.21033567058911,0.010142536833882332,underdamped
683,1.8570750954971205,1.1333081722259521,7.045336648438235,4.489754676818848,0.7237669232711683,38.97348712640095,2.5555819716193877,36.273383361828316,0.0029201211873441935,overdamped
684,0.07458125520680813,0.6995769739151001,7.382240928609279,11.603483200073242,0.624995718708292,838.0064360343985,4.2212422714639635,57.18104180405275,0.06111753359436989,underdamped
685,1.3359001949613531,1.2297824621200562,2.3825747005093234,2.27431321144104,0.106117732841297,7.943537491913228,0.10826148906828337,4.543886453807316,0.002861598040908575,overdamped
686,1.086093324351588,0.9771583676338196,6.186588219573872,5.8814592361450195,0.10893495671776843,10.029981243352548,0.30512898342885286,4.932104297219088,0.0028432649560272694,overdamped
687,1.466792665620523,1.358875036239624,1.4379328756422973,1.3481764793395996,0.107917629380899,7.35738812378399,0.08975639630269772,6.242043548980354,0.0026904225815087557,overdamped
688,1.7756231002213236,1.4041227102279663,2.6736332270700736,2.2666738033294678,0.3715003899933573,20.922254838149573,0.4069594237406058,15.221213576350417,0.0030218481551855803,overdamped
689,0.6294103304573434,0.7553725242614746,4.318042033276217,5.092310905456543,0.1259621938041312,20.012730600180063,0.7742688721803264,17.9310174892593,0.0029315738938748837,underdamped
690,0.7870054936003973,0.8640742301940918,6.212690488390749,6.689085960388184,0.07706873659369451,9.79265547958503,0.47639547199743415,7.668102457182494,0.002693507820367813,underdamped
691,0.6047326359478815,0.7988784909248352,5.822782590951424,7.069396495819092,0.1941458549769537,32.10441167486221,1.2466139048676679,21.40924696046354,0.0028298895340412855,underdamped
692,1.9682844768247545,1.3084758520126343,5.392098303838501,3.6875734329223633,0.6598086248121202,33.52201536825238,1.7045248709161376,31.611531816894523,0.002980175893753767,overdamped
1,1.2431804963509938,1.0870840549468994,1.323550097956956,1.2403205633163452,0.1560964414040944,12.55621704670171,0.08322953464061089,6.2883554441259735,0.002511031460016966,overdamped
2,1.2765389719405071,1.2107728719711304,1.4715164896862807,1.465337872505188,0.06576609996937677,5.151906946436868,0.006178617181092694,0.4198809340158968,0.002183573553338647,overdamped
3,0.903180323296847,0.9262043237686157,3.6673176591339356,3.841121196746826,0.02302400047176867,2.5492141356362787,0.17380353761289058,4.739255056894515,0.002542904345318675,underdamped
4,0.8351325808865004,0.8689941167831421,3.6783891441808945,3.946505546569824,0.03386153589664165,4.054629967938425,0.26811640238892975,7.288962420223596,0.0029426126275211573,underdamped
5,0.6725669310374807,0.6154491901397705,0.823628789411762,0.7676859498023987,0.057117740897710156,8.492499149430692,0.055942839609363304,6.792239456481097,0.0025216250214725733,underdamped
6,1.5899437101360805,1.4914190769195557,0.5636539851978001,0.5235474109649658,0.09852463321652483,6.196737191915572,0.04010657423283426,7.115460067005447,0.002914073411375284,overdamped
