number,value,datetime_start,datetime_complete,duration,params_hidden,params_lambda_ic,params_lambda_phys,params_lr,params_n_layers,params_scheduler_gamma,params_scheduler_step,state
0,6.731668690918013e-05,2026-05-19 09:59:37.648456,2026-05-19 09:59:44.519202,0 days 00:00:06.870746,48,15.75132049977973,0.8471801418819978,0.0002051338263087451,6,0.3935967122017216,1000,COMPLETE
1,1.0888436918321531e-05,2026-05-19 09:59:44.536794,2026-05-19 09:59:49.311034,0 days 00:00:04.774240,112,1.0994335574766196,0.679657809075816,0.008706020878304856,5,0.7994655844802532,2000,COMPLETE
2,0.00012352682824712247,2026-05-19 09:59:49.327584,2026-05-19 09:59:55.829317,0 days 00:00:06.501733,32,11.207606211860567,0.016480446427978974,0.0007309539835912913,2,0.47473748411882516,4000,COMPLETE
3,1.6637195585644804e-05,2026-05-19 09:59:55.838887,2026-05-19 10:00:01.053834,0 days 00:00:05.214947,32,8.168455894760163,0.029204338471814112,0.0037183641805732083,3,0.41980426929501585,3000,COMPLETE
4,4.2377014324301854e-05,2026-05-19 10:00:01.062973,2026-05-19 10:00:05.814653,0 days 00:00:04.751680,80,2.1930485556643684,0.26926469100861794,0.00013492834268013249,2,0.8693313223520001,5000,COMPLETE
5,0.04691286012530327,2026-05-19 10:00:05.823499,2026-05-19 10:00:06.008785,0 days 00:00:00.185286,112,23.359635026261596,0.002458603276328005,0.0007591104805282694,3,0.3732229409068673,3000,PRUNED
6,0.1431511789560318,2026-05-19 10:00:06.016389,2026-05-19 10:00:06.292252,0 days 00:00:00.275863,16,21.137059440645725,0.010842262717330166,0.0004201672054372534,6,0.6120408127066865,3000,PRUNED
7,4.1796996811171994e-05,2026-05-19 10:00:06.302708,2026-05-19 10:00:12.783426,0 days 00:00:06.480718,32,75.68292060167619,1.2604664585649468,0.006161049539380964,6,0.6587399872866511,5000,COMPLETE
8,0.11800294369459152,2026-05-19 10:00:12.796242,2026-05-19 10:00:12.949898,0 days 00:00:00.153656,16,4.473636174621264,0.0015167330688076208,0.0005989003672254305,2,0.4628094190643376,5000,PRUNED
9,1.6811996829346754e-05,2026-05-19 10:00:12.956775,2026-05-19 10:00:16.293879,0 days 00:00:03.337104,48,1.9135880487692298,0.14817820606039092,0.0040215545266902904,3,0.3447303862078625,5000,COMPLETE
10,0.01809895783662796,2026-05-19 10:00:16.303861,2026-05-19 10:00:16.574978,0 days 00:00:00.271117,128,1.0862348973937128,7.553503645583189,0.0020124870829750945,5,0.8445988771695108,1000,PRUNED
11,1.8425040252623148e-05,2026-05-19 10:00:16.581303,2026-05-19 10:00:21.081654,0 days 00:00:04.500351,96,5.614406187645643,0.03299263281612611,0.007791470666172783,4,0.7165828206726954,2000,COMPLETE
12,0.022433113306760788,2026-05-19 10:00:21.093375,2026-05-19 10:00:21.302601,0 days 00:00:00.209226,80,50.45980465205415,0.06323499520723179,0.0025997524114633797,4,0.7584476214151429,2000,PRUNED
13,5.3658791330235545e-06,2026-05-19 10:00:21.309193,2026-05-19 10:00:25.439973,0 days 00:00:04.130780,128,4.957547237088645,0.6719370370554077,0.009481614884546465,5,0.5014692429438355,2000,COMPLETE
14,8.409449037571903e-06,2026-05-19 10:00:25.453481,2026-05-19 10:00:29.994610,0 days 00:00:04.541129,128,2.864008625795106,3.0676965894461605,0.0015192022573669321,5,0.5299562768145192,2000,COMPLETE
15,9.884567589324433e-06,2026-05-19 10:00:30.006879,2026-05-19 10:00:34.774227,0 days 00:00:04.767348,128,3.1154886660953833,7.266943511144083,0.0015244142102137958,5,0.5425794629521015,2000,COMPLETE
16,3.365865723026218e-06,2026-05-19 10:00:34.786393,2026-05-19 10:00:39.064439,0 days 00:00:04.278046,112,4.9951810905579475,3.296499415635722,0.0013555830508414953,5,0.5449071132635128,1000,COMPLETE
17,3.976020707341377e-06,2026-05-19 10:00:39.098929,2026-05-19 10:00:42.797399,0 days 00:00:03.698470,96,8.593802344642906,2.233122679554071,0.0003549379667991787,4,0.3028440717918536,1000,COMPLETE
18,0.017350055277347565,2026-05-19 10:00:42.812408,2026-05-19 10:00:43.056014,0 days 00:00:00.243606,96,33.4588754284961,2.524759823104007,0.0002781705652847471,4,0.31633141583471813,1000,PRUNED
19,0.025847677141427994,2026-05-19 10:00:43.062795,2026-05-19 10:00:43.266517,0 days 00:00:00.203722,96,9.137161872345,0.3172350889991854,0.00035602475159948033,4,0.6240570120681564,1000,PRUNED
20,0.0001976756757358089,2026-05-19 10:00:43.273196,2026-05-19 10:00:43.622525,0 days 00:00:00.349329,64,6.612714338115937,2.490931069377392,0.001144873906597458,4,0.3005107091659718,4000,PRUNED
21,0.02320021018385887,2026-05-19 10:00:43.629696,2026-05-19 10:00:43.899304,0 days 00:00:00.269608,112,4.312633212270169,0.4958966026738038,0.00010310112102563786,5,0.5276763373088122,1000,PRUNED
22,0.009263123385608196,2026-05-19 10:00:43.907039,2026-05-19 10:00:44.163785,0 days 00:00:00.256746,112,13.557169304878188,1.5985764809133307,0.0001791319614164542,5,0.4663105679898649,1000,PRUNED
23,5.025239715905627e-06,2026-05-19 10:00:44.171175,2026-05-19 10:00:49.963477,0 days 00:00:05.792302,96,4.413973442060656,3.883106881818317,0.00047275495072809356,6,0.6761464688763549,2000,COMPLETE
24,0.00020123799913562834,2026-05-19 10:00:49.972430,2026-05-19 10:00:50.511426,0 days 00:00:00.538996,80,3.1417639113887175,4.751469307366835,0.0004411889914902491,6,0.6863690001402896,1000,PRUNED
25,9.434833714294655e-07,2026-05-19 10:00:50.517667,2026-05-19 10:00:55.719028,0 days 00:00:05.201361,96,7.192654176881074,9.407101733484659,0.0009023409646838815,6,0.5612949940103852,2000,COMPLETE
26,0.00017755458247847855,2026-05-19 10:00:55.733913,2026-05-19 10:00:56.273491,0 days 00:00:00.539578,64,7.18231408937544,8.425646749938313,0.0012177624520947558,6,0.5693845034630187,1000,PRUNED
27,0.00015292130410671234,2026-05-19 10:00:56.280247,2026-05-19 10:00:56.651833,0 days 00:00:00.371586,96,17.91433139194222,1.276455227514455,0.0009154304003956363,4,0.5857268519287834,2000,PRUNED
28,0.000929137400817126,2026-05-19 10:00:56.658945,2026-05-19 10:00:56.988677,0 days 00:00:00.329732,112,11.067476497745721,4.616967696585531,0.0002804346848439217,3,0.4121859686887108,1000,PRUNED
29,6.706083695462439e-06,2026-05-19 10:00:56.995487,2026-05-19 10:01:01.770610,0 days 00:00:04.775123,80,13.918052844056772,9.942333375717412,0.0025464019673160213,6,0.4355732817632987,1000,COMPLETE
30,0.03436337783932686,2026-05-19 10:01:01.784462,2026-05-19 10:01:02.037100,0 days 00:00:00.252638,64,27.84056960191826,2.441008528338721,0.0002124391659144024,5,0.37371681796870826,2000,PRUNED
31,0.000174878237885423,2026-05-19 10:01:02.044708,2026-05-19 10:01:02.586067,0 days 00:00:00.541359,96,3.831182587406368,4.312483104379502,0.0005910482878490719,6,0.6500969917855087,3000,PRUNED
32,0.0001183600616059266,2026-05-19 10:01:02.594908,2026-05-19 10:01:03.083534,0 days 00:00:00.488626,96,1.7941849320062215,1.306565929370561,0.000537827718709803,6,0.7468082352362515,2000,PRUNED
33,0.00016287255857605487,2026-05-19 10:01:03.091811,2026-05-19 10:01:03.619175,0 days 00:00:00.527364,112,6.743143235518523,5.248004561140794,0.0009566130909525967,6,0.802613510951395,3000,PRUNED
34,0.00017049182497430593,2026-05-19 10:01:03.627021,2026-05-19 10:01:04.091730,0 days 00:00:00.464709,112,10.240035676137325,0.8818629843975015,0.0007380240768400544,5,0.694131302082881,2000,PRUNED
35,0.011894172057509422,2026-05-19 10:01:04.099453,2026-05-19 10:01:04.370731,0 days 00:00:00.271278,80,5.600640155245925,0.4106373466227785,0.00031530580236536804,6,0.5690512498963177,1000,PRUNED
36,0.005521900486201048,2026-05-19 10:01:04.379288,2026-05-19 10:01:04.610389,0 days 00:00:00.231101,96,1.3700128215431082,0.17859440651664146,0.00019385455962748168,5,0.621337608672853,4000,PRUNED
37,0.0001537547359475866,2026-05-19 10:01:04.617965,2026-05-19 10:01:05.133812,0 days 00:00:00.515847,112,2.5980690920245912,1.9364996156963785,0.00047814255917536305,6,0.898970151699602,2000,PRUNED
38,7.577186352136778e-06,2026-05-19 10:01:05.141169,2026-05-19 10:01:09.432132,0 days 00:00:04.290963,80,3.7545999998322417,0.8133875311059501,0.0016230527224256337,5,0.6563605633921658,3000,COMPLETE
39,0.0022099341731518507,2026-05-19 10:01:09.444831,2026-05-19 10:01:09.647930,0 days 00:00:00.203099,96,16.425237088340182,3.463111808375922,0.0007580157872029927,3,0.5032070180326743,4000,PRUNED
40,0.003516310127452016,2026-05-19 10:01:09.654882,2026-05-19 10:01:09.969553,0 days 00:00:00.314671,48,8.06393601022979,5.746203686786015,0.00039375023823693544,6,0.7879604111451022,1000,PRUNED
41,1.918821726576425e-05,2026-05-19 10:01:09.976736,2026-05-19 10:01:15.051067,0 days 00:00:05.074331,128,5.237647119350662,0.6106354650396603,0.0047900524313294595,5,0.45122994178814263,2000,PRUNED
42,7.868187822168693e-06,2026-05-19 10:01:15.058169,2026-05-19 10:01:19.325306,0 days 00:00:04.267137,128,5.059289254658221,0.9154023765221246,0.0028829122793602737,4,0.488759255838245,3000,COMPLETE
43,0.0001155720601673238,2026-05-19 10:01:19.337711,2026-05-19 10:01:19.687250,0 days 00:00:00.349539,112,9.078003759593718,1.7904428457338017,0.008786675699029387,4,0.5973250835939957,2000,PRUNED
44,0.003039067843928933,2026-05-19 10:01:19.693486,2026-05-19 10:01:19.916259,0 days 00:00:00.222773,128,2.3809367944044513,3.4666691265016367,0.006341177984459529,5,0.5111780995998404,2000,PRUNED
45,0.0302610844373703,2026-05-19 10:01:19.922425,2026-05-19 10:01:20.161082,0 days 00:00:00.238657,112,3.772975455992759,0.003263906431720571,0.00061911899167896,6,0.5544901580849693,1000,PRUNED
46,0.022983256727457047,2026-05-19 10:01:20.167467,2026-05-19 10:01:20.399125,0 days 00:00:00.231658,128,6.283540685544827,0.09246688159115868,0.000221507383097658,5,0.37208255936024714,3000,PRUNED
47,7.102965173544362e-05,2026-05-19 10:01:20.405244,2026-05-19 10:01:20.841676,0 days 00:00:00.436432,96,12.368401586775775,7.2304053007206495,0.003587770716371089,3,0.7011963662671359,2000,PRUNED
48,0.00019532449368853122,2026-05-19 10:01:20.847868,2026-05-19 10:01:21.242627,0 days 00:00:00.394759,112,7.8416751698691884,2.097165828859702,0.0012572861785494459,4,0.41093927853318657,1000,PRUNED
49,0.010623862966895103,2026-05-19 10:01:21.249810,2026-05-19 10:01:21.416712,0 days 00:00:00.166902,80,4.41473024519983,3.4969256259483372,0.0001493682588422705,2,0.3397066062285845,3000,PRUNED
50,5.690389662049711e-05,2026-05-19 10:01:21.423044,2026-05-19 10:01:26.202627,0 days 00:00:04.779583,128,1.7085508381524888,0.24472889648788568,0.0018032199456361527,6,0.6344820729983879,2000,PRUNED
51,8.999532838060986e-06,2026-05-19 10:01:26.209716,2026-05-19 10:01:31.108388,0 days 00:00:04.898672,80,13.970362874916155,8.890538381634883,0.002253662147744961,6,0.43647627760770036,1000,COMPLETE
52,0.00010088758426718414,2026-05-19 10:01:31.122638,2026-05-19 10:01:31.617475,0 days 00:00:00.494837,96,21.606530005665217,9.858733890980751,0.0008690425407253728,6,0.48301140288932093,1000,PRUNED
53,6.8910399022570346e-06,2026-05-19 10:01:31.625207,2026-05-19 10:01:36.537131,0 days 00:00:04.911924,80,9.472804155445376,7.234872987709448,0.003048579218418946,6,0.5170018210606554,1000,COMPLETE
54,5.612441782432143e-06,2026-05-19 10:01:36.549190,2026-05-19 10:01:41.133055,0 days 00:00:04.583865,96,6.100098478341332,5.529710117496543,0.00525385108385634,5,0.44373018260318353,1000,COMPLETE
55,0.0014552639331668615,2026-05-19 10:01:41.142176,2026-05-19 10:01:41.380077,0 days 00:00:00.237901,96,5.925345806222781,3.0091743760563103,0.006659884573185776,5,0.5476149081686973,1000,PRUNED
56,4.652217285183724e-06,2026-05-19 10:01:41.387340,2026-05-19 10:01:45.559854,0 days 00:00:04.172514,112,3.2205314260082587,1.1364375905387731,0.009318405993542745,4,0.3915211948956444,2000,COMPLETE
57,0.002332705073058605,2026-05-19 10:01:45.568817,2026-05-19 10:01:45.807679,0 days 00:00:00.238862,112,3.3235849043584036,0.5324207475113484,0.009756798600085305,4,0.33527808299755557,2000,PRUNED
58,4.194090706732823e-06,2026-05-19 10:01:45.813953,2026-05-19 10:01:49.563493,0 days 00:00:03.749540,128,4.621045878319776,1.1695495979124622,0.008161720943200484,4,0.39488228733530006,2000,COMPLETE
59,0.00337018514983356,2026-05-19 10:01:49.572951,2026-05-19 10:01:49.779527,0 days 00:00:00.206576,112,2.2118232788980965,1.1613467111334672,0.007651721610198868,4,0.3632848574478064,2000,PRUNED
60,0.06568964570760727,2026-05-19 10:01:49.785828,2026-05-19 10:01:50.004526,0 days 00:00:00.218698,112,79.6930450353803,0.01046121219285428,0.004928607755080364,3,0.31639556368814226,2000,PRUNED
61,0.0013360758312046528,2026-05-19 10:01:50.010873,2026-05-19 10:01:50.231672,0 days 00:00:00.220799,128,4.778064283938281,1.4610784263835153,0.009764061466493954,4,0.394072437478976,2000,PRUNED
62,3.2455563996336423e-06,2026-05-19 10:01:50.238930,2026-05-19 10:01:54.561011,0 days 00:00:04.322081,128,3.5371370125553683,1.0445466868970184,0.007474352692768597,4,0.584738483236597,2000,COMPLETE
63,2.446813596179709e-07,2026-05-19 10:01:54.575185,2026-05-19 10:01:58.517992,0 days 00:00:03.942807,128,2.787457238403039,2.427581344244519,0.0076743545958860996,4,0.6029225494021129,2000,COMPLETE
64,1.723157993183122e-06,2026-05-19 10:01:58.533677,2026-05-19 10:02:02.423638,0 days 00:00:03.889961,128,2.720959878359137,1.0260663429092847,0.007628880340486043,4,0.6193636541697787,2000,COMPLETE
65,4.154956627644424e-07,2026-05-19 10:02:02.437126,2026-05-19 10:02:06.182864,0 days 00:00:03.745738,128,2.8655242564454575,2.623904420479056,0.007555498964051891,4,0.599354769075036,2000,COMPLETE
66,9.721446258481592e-05,2026-05-19 10:02:06.192103,2026-05-19 10:02:06.565004,0 days 00:00:00.372901,128,2.7073081795097385,0.32646274514373236,0.0056709809408169096,4,0.6030252567583434,3000,PRUNED
67,0.0018737936625257134,2026-05-19 10:02:06.571263,2026-05-19 10:02:06.782096,0 days 00:00:00.210833,128,1.4078323653600955,2.5818245838199645,0.006820142748006359,4,0.5775438955579416,2000,PRUNED
68,0.001923481235280633,2026-05-19 10:02:06.788556,2026-05-19 10:02:06.997843,0 days 00:00:00.209287,128,1.9915668098197639,1.6984021605535657,0.0048356320263761065,4,0.6407469369607257,2000,PRUNED
69,0.013683494180440903,2026-05-19 10:02:07.004593,2026-05-19 10:02:07.188201,0 days 00:00:00.183608,128,1.4883958218903284,6.138451294417788,0.004361976635033872,3,0.6686101084173794,3000,PRUNED
70,0.0011281977640464902,2026-05-19 10:02:07.194410,2026-05-19 10:02:07.422405,0 days 00:00:00.227995,128,3.726935654193545,2.260813152664784,0.0037222678591344958,4,0.6141036108846667,1000,PRUNED
71,8.065316797001287e-05,2026-05-19 10:02:07.428982,2026-05-19 10:02:07.800732,0 days 00:00:00.371750,128,2.5006316006158062,0.8045956001304273,0.008106999300126186,4,0.5596610186048461,2000,PRUNED
72,0.001022365759126842,2026-05-19 10:02:07.807640,2026-05-19 10:02:08.014846,0 days 00:00:00.207206,128,3.0594021004602685,1.1593198219499503,0.007127838976065905,4,0.5904964554286205,2000,PRUNED
73,6.34057360002771e-05,2026-05-19 10:02:08.021313,2026-05-19 10:02:08.753962,0 days 00:00:00.732649,112,99.03907648466542,4.241739093309194,0.007908038842839756,4,0.52743425652012,2000,PRUNED
74,0.0007982038659974933,2026-05-19 10:02:08.762425,2026-05-19 10:02:08.969370,0 days 00:00:00.206945,128,4.190633949750524,2.823019737058197,0.005469509550290835,4,0.5392631045438602,2000,PRUNED
75,0.012300161644816399,2026-05-19 10:02:08.978172,2026-05-19 10:02:09.191526,0 days 00:00:00.213354,128,2.1560791378414006,0.42469172523462156,0.00010389267392004515,4,0.6106123472961404,2000,PRUNED
76,0.0036955380346626043,2026-05-19 10:02:09.199343,2026-05-19 10:02:09.404346,0 days 00:00:00.205003,112,5.238707712883647,1.7350675040661183,0.005841750552890967,3,0.6314951012220766,2000,PRUNED
77,0.0011072400957345963,2026-05-19 10:02:09.412500,2026-05-19 10:02:09.620773,0 days 00:00:00.208273,16,7.250940091102319,0.69002581925698,0.008323840310186178,4,0.5722787750124433,1000,PRUNED
78,0.0018070965306833386,2026-05-19 10:02:09.627281,2026-05-19 10:02:09.839674,0 days 00:00:00.212393,128,2.849008996249049,2.1578456662081447,0.0061379638542483125,4,0.7189736160047445,5000,PRUNED
79,9.37322256504558e-05,2026-05-19 10:02:09.846155,2026-05-19 10:02:10.223225,0 days 00:00:00.377070,112,3.566699623584201,1.0021637807209371,0.0010457818980600616,4,0.6504519064201488,3000,PRUNED
80,0.002521817572414875,2026-05-19 10:02:10.230268,2026-05-19 10:02:10.438624,0 days 00:00:00.208356,128,4.479931051113882,0.042037290664274946,0.004239720221416249,4,0.5892762636580949,2000,PRUNED
81,0.00016012490959838033,2026-05-19 10:02:10.445241,2026-05-19 10:02:10.824957,0 days 00:00:00.379716,112,3.136245760242967,1.299907463256299,0.007125898829825962,4,0.46661657541005996,2000,PRUNED
82,3.546529114828445e-05,2026-05-19 10:02:10.833111,2026-05-19 10:02:11.538641,0 days 00:00:00.705530,112,3.416764339620277,1.5030094917206906,0.008862046803846769,4,0.3971511954992365,2000,PRUNED
83,4.216289198666345e-06,2026-05-19 10:02:11.547858,2026-05-19 10:02:15.206964,0 days 00:00:03.659106,128,4.216602275689195,1.0089537836168496,0.007698363318043426,4,0.31824298986216437,2000,COMPLETE
84,0.001748731592670083,2026-05-19 10:02:15.219495,2026-05-19 10:02:15.410969,0 days 00:00:00.191474,128,4.099831281249749,0.6510183382662181,0.007443822679344382,3,0.30111870372882726,2000,PRUNED
85,3.6445464502321556e-05,2026-05-19 10:02:15.417248,2026-05-19 10:02:16.308985,0 days 00:00:00.891737,128,8.401669455959027,4.468776252592801,0.0013962418918074487,4,0.3269127589664528,1000,PRUNED
86,0.00013410674000624567,2026-05-19 10:02:16.318372,2026-05-19 10:02:16.712003,0 days 00:00:00.393631,128,2.330961286692099,0.9725298351930928,0.006372017177980075,4,0.35644182740674324,2000,PRUNED
87,8.72023738338612e-05,2026-05-19 10:02:16.718920,2026-05-19 10:02:17.148094,0 days 00:00:00.429174,128,5.421054469467961,3.080395765280379,0.0002695872129709808,5,0.3533363549031962,3000,PRUNED
88,0.00010193730122409761,2026-05-19 10:02:17.155741,2026-05-19 10:02:17.615382,0 days 00:00:00.459641,128,10.942590606051754,1.9219786821531497,0.0032583715149924718,5,0.31636626877023516,2000,PRUNED
89,0.00011407533747842535,2026-05-19 10:02:17.622898,2026-05-19 10:02:18.053460,0 days 00:00:00.430562,112,6.67254004724536,0.19157791385037434,0.0021035174878904976,4,0.6103007091324599,4000,PRUNED
90,0.0020908883307129145,2026-05-19 10:02:18.059974,2026-05-19 10:02:18.239419,0 days 00:00:00.179445,64,4.700207067710876,6.243207789984096,0.008643612702333808,3,0.5569923861640728,1000,PRUNED
91,0.000845089671202004,2026-05-19 10:02:18.246432,2026-05-19 10:02:18.446841,0 days 00:00:00.200409,112,2.658396992314022,1.1060656086080571,0.00984535638188723,4,0.37900816845645297,2000,PRUNED
92,7.609959538967814e-06,2026-05-19 10:02:18.453178,2026-05-19 10:02:22.081544,0 days 00:00:03.628366,128,3.970117096990492,0.7224053787096901,0.00857260409367177,4,0.3027212881762417,2000,COMPLETE
93,0.0001794729323592037,2026-05-19 10:02:22.091246,2026-05-19 10:02:22.467067,0 days 00:00:00.375821,112,2.9716278246737744,0.5219503920557215,0.007444730244716382,4,0.4957628498951443,2000,PRUNED
94,5.120521745993756e-05,2026-05-19 10:02:22.473438,2026-05-19 10:02:23.328773,0 days 00:00:00.855335,128,1.9722467902322571,1.3424025838213056,0.00035899801026125514,4,0.5815623766477213,2000,PRUNED
95,3.969944009440951e-05,2026-05-19 10:02:23.336586,2026-05-19 10:02:23.971513,0 days 00:00:00.634927,128,3.3908296487465046,0.3755935746227019,0.006652939799143466,4,0.4296813209850065,2000,PRUNED
96,0.005157718434929848,2026-05-19 10:02:23.978062,2026-05-19 10:02:24.204758,0 days 00:00:00.226696,96,1.6733680519719765,3.84980977737572,0.009150252603250067,4,0.6243880044304039,1000,PRUNED
97,7.348032522713766e-05,2026-05-19 10:02:24.211833,2026-05-19 10:02:24.571364,0 days 00:00:00.359531,112,7.629208633801048,2.2976611544105063,0.00550619494517175,4,0.6682764429255215,2000,PRUNED
98,0.003913507796823978,2026-05-19 10:02:24.577979,2026-05-19 10:02:24.778658,0 days 00:00:00.200679,48,5.941358639295686,1.563241168889007,0.0008540374417632896,4,0.3837052020382861,2000,PRUNED
99,0.016449185088276863,2026-05-19 10:02:24.785275,2026-05-19 10:02:24.981230,0 days 00:00:00.195955,128,45.40163378257347,0.8052060713797591,0.000646648613742702,4,0.5974102841582895,2000,PRUNED
100,0.0009419090929441154,2026-05-19 10:02:24.987661,2026-05-19 10:02:25.208459,0 days 00:00:00.220798,112,2.752959689131384,1.8968389313705234,0.006104715857476224,5,0.41401612645498764,1000,PRUNED
101,0.0011709753889590502,2026-05-19 10:02:25.214717,2026-05-19 10:02:25.455287,0 days 00:00:00.240570,96,4.845322658189845,3.4079816625066366,0.0004774246536426443,6,0.6869686375099269,2000,PRUNED
102,6.537749140989035e-05,2026-05-19 10:02:25.461648,2026-05-19 10:02:25.818518,0 days 00:00:00.356870,96,3.9286595188478097,2.7467111245762235,0.0003869122550695718,4,0.7170000179822963,2000,PRUNED
103,0.0023794875014573336,2026-05-19 10:02:25.824963,2026-05-19 10:02:26.129872,0 days 00:00:00.304909,96,3.337932960747098,4.775929728938545,0.00024137099771517212,6,0.32959086970985185,2000,PRUNED
104,5.371744919102639e-05,2026-05-19 10:02:26.136508,2026-05-19 10:02:26.686428,0 days 00:00:00.549920,128,4.288493158826121,3.971582810412224,0.00031017625750113186,4,0.6687885742992419,2000,PRUNED
105,0.00015930428344290704,2026-05-19 10:02:26.692989,2026-05-19 10:02:27.050342,0 days 00:00:00.357353,80,2.414450375530518,1.0107019808127833,0.0006606126352607605,4,0.5387920080693361,2000,PRUNED
106,5.778309787274338e-05,2026-05-19 10:02:27.056563,2026-05-19 10:02:27.757576,0 days 00:00:00.701013,128,5.536853861227156,2.6704250283407776,0.0005494140616321789,4,0.5653551589229124,2000,PRUNED
107,6.870627112220973e-05,2026-05-19 10:02:27.763836,2026-05-19 10:02:28.187009,0 days 00:00:00.423173,112,8.679952902615769,1.4609543186687266,0.005162911511352786,5,0.34871344261893483,1000,PRUNED
108,0.0008598718559369445,2026-05-19 10:02:28.193640,2026-05-19 10:02:28.448618,0 days 00:00:00.254978,96,6.912815228052224,7.403604105986693,0.007947415796112968,6,0.7423929233430011,3000,PRUNED
109,0.015113106928765774,2026-05-19 10:02:28.454881,2026-05-19 10:02:28.677346,0 days 00:00:00.222465,128,3.6601509698565673,0.011644490919490127,0.00043510735305453706,4,0.6371471164066883,2000,PRUNED
110,0.0031416090205311775,2026-05-19 10:02:28.683838,2026-05-19 10:02:28.899181,0 days 00:00:00.215343,112,2.997481452035773,5.356505911742819,0.004600721559992975,4,0.5153480041973115,2000,PRUNED
111,0.002984912833198905,2026-05-19 10:02:28.905781,2026-05-19 10:02:29.141092,0 days 00:00:00.235311,128,4.947419009617557,1.1351097848666174,0.009150319125869402,5,0.5817929356683592,2000,PRUNED
112,7.705201278440654e-05,2026-05-19 10:02:29.148346,2026-05-19 10:02:32.402216,0 days 00:00:03.253870,128,6.207732411089964,0.8611013362193817,0.006989828535134152,6,0.5258770912483106,2000,PRUNED
113,0.005972710903733969,2026-05-19 10:02:32.409376,2026-05-19 10:02:32.620724,0 days 00:00:00.211348,128,4.476380127152402,2.2117483064753274,0.009952055742661108,4,0.47728909034826894,2000,PRUNED
114,0.0015886506298556924,2026-05-19 10:02:32.629552,2026-05-19 10:02:32.862760,0 days 00:00:00.233208,128,3.2192222761501337,1.7196551887907703,0.007692711800289923,4,0.545093143528875,2000,PRUNED
115,8.791410073172301e-05,2026-05-19 10:02:32.870960,2026-05-19 10:02:33.419913,0 days 00:00:00.548953,128,4.0401633748510335,0.10078627233116927,0.008043173611924033,6,0.5989815583480684,2000,PRUNED
116,0.0007819219026714563,2026-05-19 10:02:33.428032,2026-05-19 10:02:33.851429,0 days 00:00:00.423397,128,5.1576189251596976,3.149136302217566,0.001071503111865808,4,0.45759240613427266,1000,PRUNED
117,0.0033181149046868086,2026-05-19 10:02:33.859380,2026-05-19 10:02:34.093341,0 days 00:00:00.233961,80,2.141066585738193,0.520266742223265,0.000320530255285142,5,0.40302245574119827,2000,PRUNED
118,7.552104216301814e-05,2026-05-19 10:02:34.102190,2026-05-19 10:02:35.054683,0 days 00:00:00.952493,112,3.5451238378608947,1.2530749626038784,0.0017153692224046765,4,0.3663997848666229,2000,PRUNED
119,0.0008297587046399713,2026-05-19 10:02:35.061664,2026-05-19 10:02:35.306439,0 days 00:00:00.244775,96,9.672782192877385,0.5792538620103178,0.009175051499065074,4,0.552543053244566,4000,PRUNED
120,0.0012722292449325323,2026-05-19 10:02:35.317603,2026-05-19 10:02:35.562172,0 days 00:00:00.244569,128,2.83396661906199,0.7030190624355384,0.006595420861159991,5,0.62060432358006,2000,PRUNED
121,0.0009565544896759093,2026-05-19 10:02:35.569136,2026-05-19 10:02:35.817410,0 days 00:00:00.248274,96,6.008951400543029,5.814533530375594,0.00575639223096571,5,0.4333355752268234,1000,PRUNED
122,0.0012371860211715102,2026-05-19 10:02:35.824488,2026-05-19 10:02:36.087936,0 days 00:00:00.263448,96,7.711590038146644,8.683127458666958,0.007046838966979039,5,0.4999839024412811,1000,PRUNED
123,0.0017051479080691934,2026-05-19 10:02:36.094615,2026-05-19 10:02:36.359212,0 days 00:00:00.264597,96,6.821859201651604,6.5880288436134125,0.008560674432416293,5,0.5702909754388653,1000,PRUNED
124,0.0031924538780003786,2026-05-19 10:02:36.366237,2026-05-19 10:02:36.534767,0 days 00:00:00.168530,80,5.698250032137801,4.5846973183257695,0.00744422875629825,2,0.4535149755785721,1000,PRUNED
125,0.0020049172453582287,2026-05-19 10:02:36.543132,2026-05-19 10:02:36.748977,0 days 00:00:00.205845,32,4.669034203742762,2.5373410930812215,0.0024017694583047832,4,0.44687041483670165,1000,PRUNED
126,2.835307213899796e-06,2026-05-19 10:02:36.756895,2026-05-19 10:02:41.178955,0 days 00:00:04.422060,96,4.310030229821656,3.9562222657609145,0.006433246798680863,5,0.3400562057417516,3000,COMPLETE
127,0.002124517923220992,2026-05-19 10:02:41.190865,2026-05-19 10:02:41.413053,0 days 00:00:00.222188,128,2.505761941158619,1.9405626814205925,0.005983166495652757,4,0.3150486843026981,2000,PRUNED
128,0.00013351436064112931,2026-05-19 10:02:41.421195,2026-05-19 10:02:41.967929,0 days 00:00:00.546734,112,4.246265933782106,3.6258407276731646,0.0004921806395018145,6,0.33970894574347843,3000,PRUNED
129,0.00017101896810345352,2026-05-19 10:02:41.975921,2026-05-19 10:02:42.602160,0 days 00:00:00.626239,128,3.795356898654914,1.431043274373433,0.0013275532607459344,4,0.31959342544294184,3000,PRUNED
130,0.0019051579292863607,2026-05-19 10:02:42.609144,2026-05-19 10:02:42.828051,0 days 00:00:00.218907,112,3.1427830978500415,0.9476723808065721,0.009893478064158705,4,0.38700786738378523,4000,PRUNED
131,2.6974194042850286e-06,2026-05-19 10:02:42.834401,2026-05-19 10:02:47.432236,0 days 00:00:04.597835,96,5.237702500795734,4.895736504509382,0.006324671816467444,5,0.4228430763279376,2000,COMPLETE
132,0.003195527009665966,2026-05-19 10:02:47.443476,2026-05-19 10:02:47.687322,0 days 00:00:00.243846,96,4.631767947511386,4.024233627316703,0.008218124449686698,5,0.3681323904832564,2000,PRUNED
133,0.0014119872357696295,2026-05-19 10:02:47.696759,2026-05-19 10:02:47.942788,0 days 00:00:00.246029,96,5.1482009209878035,3.0426231981961456,0.00647006366346235,5,0.42072453834981427,2000,PRUNED
134,0.0026952638290822506,2026-05-19 10:02:47.950501,2026-05-19 10:02:48.194641,0 days 00:00:00.244140,96,3.9527705161458515,0.0010313231675792324,0.009008460271783234,5,0.3455521447977309,2000,PRUNED
135,0.004074512515217066,2026-05-19 10:02:48.202624,2026-05-19 10:02:48.473449,0 days 00:00:00.270825,96,5.550467948203122,9.819161525233138,0.007249284044559051,5,0.30886311257615484,2000,PRUNED
136,6.167818355606869e-05,2026-05-19 10:02:48.481184,2026-05-19 10:02:48.885978,0 days 00:00:00.404794,128,3.543829880548174,2.21406787661063,0.0038431786007477333,4,0.6047459218862125,2000,PRUNED
137,0.0006204232922755182,2026-05-19 10:02:48.893825,2026-05-19 10:02:49.173522,0 days 00:00:00.279697,96,4.32455181413171,1.7533304741490703,0.005164335310451731,5,0.3333097259365863,2000,PRUNED
138,6.804009171901271e-05,2026-05-19 10:02:49.180567,2026-05-19 10:02:49.530598,0 days 00:00:00.350031,80,12.075738159790143,5.135407293746946,0.008016891260353948,4,0.5903037805466331,2000,PRUNED
139,0.006805438082665205,2026-05-19 10:02:49.537319,2026-05-19 10:02:49.793110,0 days 00:00:00.255791,128,2.6375360212757752,0.004496620496496377,0.0008213127223889632,6,0.404591910465537,2000,PRUNED
140,7.378902228083462e-05,2026-05-19 10:02:49.800051,2026-05-19 10:02:50.194389,0 days 00:00:00.394338,112,4.870906366858099,2.6820980826873915,0.006303388372228715,4,0.5359372863035617,2000,PRUNED
141,0.0008426390122622252,2026-05-19 10:02:50.201176,2026-05-19 10:02:50.446374,0 days 00:00:00.245198,96,6.099361388308699,7.620390771987571,0.005443843474240702,5,0.3901786157133306,1000,PRUNED
142,0.0009513476397842169,2026-05-19 10:02:50.453053,2026-05-19 10:02:50.694144,0 days 00:00:00.241091,96,7.229483808066441,5.7876168803470875,0.006902122702971822,5,0.35704324694438955,2000,PRUNED
143,0.0011328068794682622,2026-05-19 10:02:50.700597,2026-05-19 10:02:50.969999,0 days 00:00:00.269402,96,5.404916072752892,3.843863641638963,0.00017702515426955363,5,0.42122188918664194,2000,PRUNED
144,0.0006926181958988309,2026-05-19 10:02:50.977850,2026-05-19 10:02:51.210484,0 days 00:00:00.232634,96,6.544092182690264,4.868145540177855,0.007616545293406886,5,0.46752090759433584,2000,PRUNED
145,0.07377967983484268,2026-05-19 10:02:51.216661,2026-05-19 10:02:51.448511,0 days 00:00:00.231850,128,3.4961111616114597,6.90722868379142,0.008995518541056284,5,0.5614945953298934,2000,PRUNED
146,0.0008464698912575841,2026-05-19 10:02:51.455435,2026-05-19 10:02:51.664885,0 days 00:00:00.209450,96,2.9367147035515084,3.5374513072486193,0.0019192113696493208,4,0.44484289121128595,1000,PRUNED
147,0.0014631336089223623,2026-05-19 10:02:51.671472,2026-05-19 10:02:51.914276,0 days 00:00:00.242804,128,4.1977111794800495,1.0033481943000029,0.005989752318546382,5,0.5780715772585736,5000,PRUNED
148,7.662794814677909e-05,2026-05-19 10:02:51.920712,2026-05-19 10:02:52.309960,0 days 00:00:00.389248,128,6.3138704088102875,1.2873551618330863,0.00850375011211034,4,0.643193425551473,1000,PRUNED
149,0.0007761522429063916,2026-05-19 10:02:52.316570,2026-05-19 10:02:52.529985,0 days 00:00:00.213415,96,4.955659885720992,0.8233993345715045,0.006746578692665885,4,0.704112552798846,2000,PRUNED
150,0.0021557342261075974,2026-05-19 10:02:52.536717,2026-05-19 10:02:52.775273,0 days 00:00:00.238556,64,3.794478391773006,8.377819483508256,0.009945611754887099,4,0.3274646309269533,2000,PRUNED
151,8.069414616329595e-05,2026-05-19 10:02:52.781491,2026-05-19 10:02:53.334481,0 days 00:00:00.552990,80,10.963763917472082,9.418203206886528,0.003178854575412636,6,0.4344070540944328,1000,PRUNED
152,3.454037505434826e-05,2026-05-19 10:02:53.341330,2026-05-19 10:02:54.076338,0 days 00:00:00.735008,80,8.681874489228532,5.377674717567771,0.002669317159329068,6,0.4199740413191973,1000,PRUNED
153,0.000957847572863102,2026-05-19 10:02:54.084363,2026-05-19 10:02:54.363395,0 days 00:00:00.279032,96,18.638795994663074,7.825363720884853,0.007568321960267739,6,0.37887381375418255,1000,PRUNED
154,0.00015598649042658508,2026-05-19 10:02:54.369557,2026-05-19 10:02:55.119536,0 days 00:00:00.749979,64,3.2195829473833366,4.348559986898918,0.00449858017170404,6,0.39733131839567576,1000,PRUNED
155,0.0006807593745179474,2026-05-19 10:02:55.127491,2026-05-19 10:02:55.421861,0 days 00:00:00.294370,96,15.026196407313591,6.37621534806772,0.001477413131289173,6,0.6245340840897525,1000,PRUNED
156,0.0015364222927019,2026-05-19 10:02:55.430369,2026-05-19 10:02:55.725772,0 days 00:00:00.295403,128,4.533674237132154,2.9542463677649526,0.0009852766757114304,6,0.47722363401912093,2000,PRUNED
157,0.0006525141070596874,2026-05-19 10:02:55.732741,2026-05-19 10:02:55.960833,0 days 00:00:00.228092,112,7.885861408175767,2.43888619432618,0.005444513237122999,4,0.4085489003111664,3000,PRUNED
158,0.0028222398832440376,2026-05-19 10:02:55.967292,2026-05-19 10:02:56.212736,0 days 00:00:00.245444,128,5.687285767622949,0.4332945814635905,0.00040230132261970063,4,0.6102161237471923,3000,PRUNED
159,0.0015666323015466332,2026-05-19 10:02:56.219438,2026-05-19 10:02:56.454924,0 days 00:00:00.235486,96,2.249488399206581,1.5192413946360568,0.00813303925073672,4,0.44311012538477135,2000,PRUNED
160,8.229084050981328e-05,2026-05-19 10:02:56.461629,2026-05-19 10:02:57.212951,0 days 00:00:00.751322,112,10.08644780039921,9.859783919158108,0.001172210215483493,5,0.5926843596513939,2000,PRUNED
161,0.000220074609387666,2026-05-19 10:02:57.221650,2026-05-19 10:02:57.742323,0 days 00:00:00.520673,80,6.989782877698113,7.475019303497892,0.004079303398541903,6,0.5226734762335902,1000,PRUNED
162,0.0006034314865246415,2026-05-19 10:02:57.748814,2026-05-19 10:02:58.005375,0 days 00:00:00.256561,80,12.51488948531864,6.133970582723297,0.0034429664360143167,6,0.5169651211901566,1000,PRUNED
163,7.84346557338722e-05,2026-05-19 10:02:58.011997,2026-05-19 10:02:58.480894,0 days 00:00:00.468897,80,5.183472033741167,4.862856210538982,0.0030258377939550033,6,0.4930193647776084,1000,PRUNED
164,9.117443551076576e-05,2026-05-19 10:02:58.488268,2026-05-19 10:02:58.958447,0 days 00:00:00.470179,80,9.249369852705735,3.3830644879305196,0.007110288990904285,6,0.5589925218727779,1000,PRUNED
165,0.0014431908493861556,2026-05-19 10:02:58.964910,2026-05-19 10:02:59.259024,0 days 00:00:00.294114,128,2.756189233275868,6.590922770480724,0.0026160337397824643,6,0.3023556079201476,1000,PRUNED
166,0.0002490434853825718,2026-05-19 10:02:59.265962,2026-05-19 10:03:00.055737,0 days 00:00:00.789775,96,8.367949031879986,1.15948672802194,0.0062948273904426385,6,0.5051911485072538,1000,PRUNED
167,8.69153518578969e-05,2026-05-19 10:03:00.064261,2026-05-19 10:03:00.498958,0 days 00:00:00.434697,128,17.169540387595184,0.6890399031764417,0.009072654539799482,4,0.5451834983413797,2000,PRUNED
168,6.833852239651605e-05,2026-05-19 10:03:00.505976,2026-05-19 10:03:00.974058,0 days 00:00:00.468082,96,4.01907073464189,4.253084753766828,0.002259016378025446,5,0.42837569215476673,2000,PRUNED
169,0.0013074689777567983,2026-05-19 10:03:00.980959,2026-05-19 10:03:01.199996,0 days 00:00:00.219037,80,9.970723541138852,1.8622708699228252,0.0007146569120709132,4,0.5290703256035821,1000,PRUNED
170,0.00011825588444480672,2026-05-19 10:03:01.206067,2026-05-19 10:03:01.658883,0 days 00:00:00.452816,128,23.969680781217324,3.136020956922851,0.00516150781789808,4,0.48596750682948014,2000,PRUNED
171,0.001523474813438952,2026-05-19 10:03:01.665746,2026-05-19 10:03:01.930711,0 days 00:00:00.264965,80,3.6849725922041245,1.0146148331860447,0.0013456866651434618,5,0.6589125489371881,3000,PRUNED
172,0.00021129388187546283,2026-05-19 10:03:01.938002,2026-05-19 10:03:02.969470,0 days 00:00:01.031468,80,3.351890938054018,0.824907150084208,0.0017744394862009663,5,0.6773224510510351,3000,PRUNED
173,0.00019233122293371707,2026-05-19 10:03:02.977174,2026-05-19 10:03:03.438758,0 days 00:00:00.461584,64,4.375662076269442,5.144522111289074,0.0015239921227936813,5,0.6535452233494493,3000,PRUNED
174,0.0014444309053942561,2026-05-19 10:03:03.447247,2026-05-19 10:03:03.722500,0 days 00:00:00.275253,80,4.763148878020382,8.155700080949519,0.0017052254023816303,5,0.5806945676768878,3000,PRUNED
175,0.0009111022227443755,2026-05-19 10:03:03.729908,2026-05-19 10:03:03.938278,0 days 00:00:00.208370,96,3.264119218480176,2.1011589053496773,0.008145884130823206,4,0.6372085381402943,4000,PRUNED
176,5.784718723589322e-06,2026-05-19 10:03:03.944700,2026-05-19 10:03:08.377563,0 days 00:00:04.432863,128,2.955586915687648,0.6537426419285952,0.0016366507914891794,5,0.6812413731432299,2000,COMPLETE
177,3.0523562600137666e-05,2026-05-19 10:03:08.389562,2026-05-19 10:03:09.466013,0 days 00:00:01.076451,128,2.9929087960580563,0.5661874430748375,0.0011334536829807668,5,0.461977147105768,2000,PRUNED
178,0.0006889962824061513,2026-05-19 10:03:09.474589,2026-05-19 10:03:09.768933,0 days 00:00:00.294344,128,2.5004427798695503,0.6464573064732417,0.001989966224982582,6,0.727837897705239,2000,PRUNED
179,0.00010880189074669033,2026-05-19 10:03:09.777577,2026-05-19 10:03:10.215618,0 days 00:00:00.438041,128,2.717812400777111,1.3004701594591401,0.00034293318723578804,4,0.3185340174427774,2000,PRUNED
180,0.0013934243470430374,2026-05-19 10:03:10.223213,2026-05-19 10:03:10.430801,0 days 00:00:00.207588,128,7.439915955517546,3.723339372781209,0.00743065870790976,4,0.5693861066628709,2000,PRUNED
181,0.0001685730676399544,2026-05-19 10:03:10.437967,2026-05-19 10:03:10.952865,0 days 00:00:00.514898,128,3.911137797732559,0.2509457344623689,0.0016939790032547684,5,0.6845648462866433,2000,PRUNED
182,0.0004020219203084707,2026-05-19 10:03:10.960959,2026-05-19 10:03:11.446968,0 days 00:00:00.486009,96,3.6916551343330095,0.7716648749697697,0.001221671888738906,5,0.6632697702588696,2000,PRUNED
183,0.0008468308369629085,2026-05-19 10:03:11.456641,2026-05-19 10:03:11.723718,0 days 00:00:00.267077,128,2.9831139639767863,0.9454800002308784,0.002201362631464531,5,0.6998697796571558,2000,PRUNED
184,0.0002710231055971235,2026-05-19 10:03:11.736452,2026-05-19 10:03:12.896488,0 days 00:00:01.160036,80,4.247914357715222,1.4899916504524584,0.006650930631984694,5,0.6210781176887871,2000,PRUNED
185,0.0029003054369241,2026-05-19 10:03:12.902992,2026-05-19 10:03:13.123612,0 days 00:00:00.220620,128,5.21328107055699,1.1818716702699916,0.009150079904208488,5,0.689229122391593,2000,PRUNED
186,0.00010288912744726986,2026-05-19 10:03:13.130969,2026-05-19 10:03:13.510918,0 days 00:00:00.379949,96,3.4788197857190957,0.8862992227959021,0.0015800654395297445,4,0.6540366082431599,1000,PRUNED
187,0.0009362568962387741,2026-05-19 10:03:13.517815,2026-05-19 10:03:13.754102,0 days 00:00:00.236287,128,6.044394332535716,2.4587478602016817,0.0024111722213910566,5,0.6763687923496883,2000,PRUNED
188,7.419312896672636e-05,2026-05-19 10:03:13.760893,2026-05-19 10:03:14.235421,0 days 00:00:00.474528,96,4.618254653098992,5.876048011335758,0.00196637028320329,6,0.5983516690737014,3000,PRUNED
189,0.0038127617444843054,2026-05-19 10:03:14.241892,2026-05-19 10:03:14.442676,0 days 00:00:00.200784,112,2.075423909295383,0.6146085439191286,0.0002730714392959051,4,0.5520052191478543,2000,PRUNED
190,0.005039971321821213,2026-05-19 10:03:14.449372,2026-05-19 10:03:14.685840,0 days 00:00:00.236468,128,13.61795081902725,0.027044628515654368,0.008521757262207974,5,0.34219961134730076,1000,PRUNED
191,0.0009235541219823062,2026-05-19 10:03:14.694457,2026-05-19 10:03:14.904318,0 days 00:00:00.209861,128,4.057446985701652,0.6717627718838675,0.007776854474759737,4,0.30161804106005796,2000,PRUNED
192,0.0028675945941358805,2026-05-19 10:03:14.912844,2026-05-19 10:03:15.116018,0 days 00:00:00.203174,128,3.2475248276273203,0.7656866055167543,0.00848370656689843,4,0.31634000446984,2000,PRUNED
193,7.350093073910102e-05,2026-05-19 10:03:15.124665,2026-05-19 10:03:15.741028,0 days 00:00:00.616363,128,3.7856656265651396,0.5357138440099417,0.007053680807967684,5,0.32808853930513715,2000,PRUNED
194,0.0005967197357676923,2026-05-19 10:03:15.750077,2026-05-19 10:03:15.967418,0 days 00:00:00.217341,128,2.442083197586275,0.4403541471647943,0.009494092550351838,4,0.3071415608631833,2000,PRUNED
195,0.0006438451819121838,2026-05-19 10:03:15.974411,2026-05-19 10:03:16.165484,0 days 00:00:00.191073,128,5.508583417477295,0.3685916363373682,0.0014328704499709797,2,0.4054215626967673,2000,PRUNED
196,0.0014192733215168118,2026-05-19 10:03:16.173979,2026-05-19 10:03:16.449553,0 days 00:00:00.275574,96,4.476151117969685,9.841678341324583,0.007666811370951539,6,0.3731695799096368,2000,PRUNED
197,0.0009539895108900964,2026-05-19 10:03:16.458680,2026-05-19 10:03:16.711889,0 days 00:00:00.253209,80,4.928549121532777,6.978675308045162,0.0009141841410794233,5,0.6099387089850108,2000,PRUNED
198,0.0029999692924320698,2026-05-19 10:03:16.720878,2026-05-19 10:03:16.961836,0 days 00:00:00.240958,128,3.026905673316623,1.0360016429866878,0.006358943800595919,4,0.5864660761646114,2000,PRUNED
199,1.2164522900093289e-07,2026-05-19 10:03:16.970184,2026-05-19 10:03:21.220617,0 days 00:00:04.250433,128,6.509819894448015,4.166326495596324,0.008469426412455532,4,0.35360542699454045,1000,COMPLETE
200,5.278172011458082e-06,2026-05-19 10:03:21.235769,2026-05-19 10:03:26.074286,0 days 00:00:04.838517,96,6.281504237431457,4.157343133776841,0.005980195247005085,5,0.35908785772110424,1000,COMPLETE
201,5.4993361118249595e-06,2026-05-19 10:03:26.087355,2026-05-19 10:03:31.021371,0 days 00:00:04.934016,96,6.770334460159323,4.183871771285812,0.005714163120015733,5,0.356974034437276,1000,COMPLETE
202,0.0011577446712180972,2026-05-19 10:03:31.033838,2026-05-19 10:03:31.303008,0 days 00:00:00.269170,96,8.069256384586708,4.239737936410962,0.005850016831373157,5,0.35219641719364503,1000,PRUNED
203,0.0013633115449920297,2026-05-19 10:03:31.309662,2026-05-19 10:03:31.572348,0 days 00:00:00.262686,96,6.510421166330664,3.323094799806071,0.005668029006774375,5,0.3593887200649306,1000,PRUNED
204,5.0063848902937025e-05,2026-05-19 10:03:31.578789,2026-05-19 10:03:32.082528,0 days 00:00:00.503739,96,7.463993025058349,4.737380507218313,0.006931535774846916,5,0.36491957459750124,1000,PRUNED
205,8.727150088816416e-06,2026-05-19 10:03:32.090291,2026-05-19 10:03:36.700382,0 days 00:00:04.610091,96,6.683244802118648,3.9596939410604897,0.004728196961591526,5,0.3414065342813012,1000,COMPLETE
206,4.157111106906086e-06,2026-05-19 10:03:36.710173,2026-05-19 10:03:41.202899,0 days 00:00:04.492726,96,5.810238750132064,2.7188419116289473,0.006284827947284677,5,0.39475061890569335,1000,COMPLETE
207,0.0013617761433124542,2026-05-19 10:03:41.215328,2026-05-19 10:03:41.479810,0 days 00:00:00.264482,96,6.203627658731863,2.7439150353567054,0.006395947321758504,5,0.38611715188858364,1000,PRUNED
208,0.0015650130808353424,2026-05-19 10:03:41.486099,2026-05-19 10:03:41.711814,0 days 00:00:00.225715,96,5.796352431632376,2.825812078682804,0.005874028621118841,5,0.3962930849322071,1000,PRUNED
209,6.055526228010422e-06,2026-05-19 10:03:41.718010,2026-05-19 10:03:46.157981,0 days 00:00:04.439971,96,6.87210666700337,3.3560224481516885,0.005280921207311515,5,0.37587651896876345,1000,COMPLETE
210,5.934038654231699e-06,2026-05-19 10:03:46.172182,2026-05-19 10:03:50.406183,0 days 00:00:04.234001,96,6.019083815598757,3.5470232819132095,0.004990562125936188,5,0.37594331749655224,1000,COMPLETE
211,5.9622066146403085e-06,2026-05-19 10:03:50.417059,2026-05-19 10:03:55.042372,0 days 00:00:04.625313,96,6.780554117143796,3.754054778171434,0.004985779467107168,5,0.3776485794392292,1000,COMPLETE
212,8.896004146663472e-06,2026-05-19 10:03:55.055282,2026-05-19 10:03:59.701725,0 days 00:00:04.646443,96,5.809083985256018,4.1002632689766525,0.004757692814872835,5,0.3692692817431551,1000,COMPLETE
213,0.0006185799720697105,2026-05-19 10:03:59.713731,2026-05-19 10:03:59.970554,0 days 00:00:00.256823,96,5.428660179030463,2.423918230632567,0.004983551188014937,5,0.3855049938669368,1000,PRUNED
214,0.0012009080965071917,2026-05-19 10:03:59.978940,2026-05-19 10:04:00.252694,0 days 00:00:00.273754,96,6.330409617488477,3.248535279718033,0.0041862045878789346,5,0.35059115971847904,1000,PRUNED
215,0.001676614279858768,2026-05-19 10:04:00.261586,2026-05-19 10:04:00.510232,0 days 00:00:00.248646,96,7.254353392516309,3.731576050570759,0.007044140497698759,5,0.35853324874087367,1000,PRUNED
216,5.028736632084474e-05,2026-05-19 10:04:00.517204,2026-05-19 10:04:01.034750,0 days 00:00:00.517546,96,6.582930788846135,5.129683151532824,0.00587246473523372,5,0.38033753014295957,1000,PRUNED
217,1.9135124603053555e-05,2026-05-19 10:04:01.043722,2026-05-19 10:04:01.985032,0 days 00:00:00.941310,96,5.157431020801393,1.9599663359819353,0.006423621735264781,5,0.3928764262028226,1000,PRUNED
218,3.959569767175708e-06,2026-05-19 10:04:01.992018,2026-05-19 10:04:06.942222,0 days 00:00:04.950204,96,5.820004118987611,2.9710799060232485,0.008037086140675416,5,0.8085805057987128,1000,COMPLETE
219,0.0023648745846003294,2026-05-19 10:04:06.954656,2026-05-19 10:04:07.236164,0 days 00:00:00.281508,96,5.783634799406688,2.4202797441919106,0.007909187803122667,5,0.416399025940558,1000,PRUNED
220,4.616945079760626e-05,2026-05-19 10:04:07.243357,2026-05-19 10:04:07.725793,0 days 00:00:00.482436,96,5.396859596400009,2.992495380381606,0.007360788468791572,5,0.7924762041050152,1000,PRUNED
221,0.0014365443494170904,2026-05-19 10:04:07.733221,2026-05-19 10:04:08.006036,0 days 00:00:00.272815,96,6.19362254082172,4.353128603464167,0.008663110425763232,5,0.8080980257376187,1000,PRUNED
222,5.230574606684968e-05,2026-05-19 10:04:08.013277,2026-05-19 10:04:08.520421,0 days 00:00:00.507144,96,7.092351936948325,3.5714491401506008,0.008146262109439233,5,0.8475422191165921,1000,PRUNED
223,2.8216645659995265e-05,2026-05-19 10:04:08.527601,2026-05-19 10:04:09.254093,0 days 00:00:00.726492,96,7.829384448195558,2.654984013376997,0.006651109732648874,5,0.7613323088611553,1000,PRUNED
224,0.0014393655583262444,2026-05-19 10:04:09.260892,2026-05-19 10:04:09.527709,0 days 00:00:00.266817,96,4.902958124686987,4.737183255980321,0.005360670090369137,5,0.36558076252931176,1000,PRUNED
225,0.0009625182719901204,2026-05-19 10:04:09.534227,2026-05-19 10:04:09.789384,0 days 00:00:00.255157,96,5.859320138539956,2.0988666060551004,0.009821123489744323,5,0.33705928632066207,1000,PRUNED
226,2.7643287467071787e-05,2026-05-19 10:04:09.796263,2026-05-19 10:04:10.510330,0 days 00:00:00.714067,96,6.570204557934477,3.0302042544693455,0.0005284479089819613,5,0.8166015500720075,1000,PRUNED
227,0.0011812506709247828,2026-05-19 10:04:10.517518,2026-05-19 10:04:10.786795,0 days 00:00:00.269277,96,5.184472125612581,5.3601769546399085,0.007211450837716052,5,0.8662587455663409,1000,PRUNED
228,0.0008900976972654462,2026-05-19 10:04:10.795982,2026-05-19 10:04:11.043874,0 days 00:00:00.247892,128,5.916310317962554,1.6354834880158768,0.005973929380525271,4,0.8945692561297425,1000,PRUNED
229,0.0012645393144339323,2026-05-19 10:04:11.051026,2026-05-19 10:04:11.262927,0 days 00:00:00.211901,96,8.39052142108291,3.901317867612267,0.008442791575469141,4,0.776145889054606,1000,PRUNED
230,0.0035457138437777758,2026-05-19 10:04:11.270336,2026-05-19 10:04:11.514121,0 days 00:00:00.243785,128,4.589348286782317,3.3476813660473366,0.007696471325255536,5,0.3740586961304908,1000,PRUNED
231,4.8977304686559364e-05,2026-05-19 10:04:11.521768,2026-05-19 10:04:11.995367,0 days 00:00:00.473599,96,6.957483801607801,3.4578711776518687,0.005206405187995191,5,0.38053943464304857,1000,PRUNED
232,0.0013855573488399386,2026-05-19 10:04:12.003723,2026-05-19 10:04:12.272788,0 days 00:00:00.269065,96,6.845455366623593,2.885912972336485,0.005391351038260771,5,0.3516927023754087,1000,PRUNED
233,0.0006623241933993995,2026-05-19 10:04:12.281332,2026-05-19 10:04:12.513860,0 days 00:00:00.232528,96,6.299143738638951,3.6955341593544504,0.004520894703176085,5,0.39866000966853726,1000,PRUNED
234,0.00048674855497665703,2026-05-19 10:04:12.522418,2026-05-19 10:04:12.766661,0 days 00:00:00.244243,96,7.108361349507473,2.2463403751747584,0.004948241788681952,5,0.37006678894208306,1000,PRUNED
235,0.0013693523360416293,2026-05-19 10:04:12.775367,2026-05-19 10:04:13.042784,0 days 00:00:00.267417,96,7.668120277386512,4.4555620739712225,0.00637767689175048,5,0.38679856065594265,1000,PRUNED
236,0.0017388485139235854,2026-05-19 10:04:13.050896,2026-05-19 10:04:13.293045,0 days 00:00:00.242149,128,2.725008956172311,2.7312664784432763,0.005639868925654869,5,0.3277740565702023,1000,PRUNED
237,0.004206349141895771,2026-05-19 10:04:13.300331,2026-05-19 10:04:13.509630,0 days 00:00:00.209299,96,5.712216538599132,4.453022442644408,0.009233991238510821,4,0.35702646677425043,2000,PRUNED
238,0.0012891065562143922,2026-05-19 10:04:13.518136,2026-05-19 10:04:13.728497,0 days 00:00:00.210361,112,8.840813637415764,5.463114867719917,0.007086261047515039,4,0.34308075568473,1000,PRUNED
239,7.899224874563515e-05,2026-05-19 10:04:13.736719,2026-05-19 10:04:14.187970,0 days 00:00:00.451251,128,4.989232337114725,3.3809758783551933,0.00029880790919442125,5,0.4120889415192982,2000,PRUNED
240,0.02739337831735611,2026-05-19 10:04:14.195710,2026-05-19 10:04:14.425677,0 days 00:00:00.229967,96,5.4745340743048345,0.13326067378754589,0.00036651917512890475,5,0.5754042039670647,2000,PRUNED
241,3.2978393846860854e-06,2026-05-19 10:04:14.434072,2026-05-19 10:04:18.639505,0 days 00:00:04.205433,96,6.262078094575291,3.9929709448964785,0.007840005036599328,5,0.4234956657155391,1000,COMPLETE
242,0.0006149524124339223,2026-05-19 10:04:18.652183,2026-05-19 10:04:18.890737,0 days 00:00:00.238554,96,6.460454667021833,3.74953563068294,0.00790253295728054,5,0.4015330134061349,1000,PRUNED
243,0.000750916893593967,2026-05-19 10:04:18.897243,2026-05-19 10:04:19.132288,0 days 00:00:00.235045,96,6.330924610612765,2.96408936848875,0.008757174261583112,5,0.4266073185984763,1000,PRUNED
244,0.0013927550753578544,2026-05-19 10:04:19.139509,2026-05-19 10:04:19.380858,0 days 00:00:00.241349,96,7.202475325311572,4.221505908296679,0.006940337062347555,5,0.3770576422112318,1000,PRUNED
245,0.000841054948978126,2026-05-19 10:04:19.387413,2026-05-19 10:04:19.645573,0 days 00:00:00.258160,96,5.455175330436276,5.0528154580194915,0.00023410417707308979,5,0.3922713913311264,1000,PRUNED
246,0.0007635893998667598,2026-05-19 10:04:19.652571,2026-05-19 10:04:19.889563,0 days 00:00:00.236992,128,4.769053159168069,2.3443224787873884,0.005992233883671157,5,0.5999501260621978,1000,PRUNED
247,0.0005604108446277678,2026-05-19 10:04:19.896105,2026-05-19 10:04:20.117113,0 days 00:00:00.221008,96,5.932702631990964,3.2708457753532922,0.007769296667739313,4,0.40833654272521086,4000,PRUNED
248,5.4891137551749125e-05,2026-05-19 10:04:20.123827,2026-05-19 10:04:20.576966,0 days 00:00:00.453139,128,6.724811984090952,1.666286417972874,0.00874263391749649,4,0.36381565251963804,2000,PRUNED
249,5.356649580789963e-06,2026-05-19 10:04:20.584661,2026-05-19 10:04:25.495439,0 days 00:00:04.910778,96,4.473694877983597,1.1261610161513833,0.006398935825399781,5,0.43914466996058354,1000,COMPLETE
250,2.9825643650838174e-05,2026-05-19 10:04:25.508068,2026-05-19 10:04:26.102389,0 days 00:00:00.594321,96,4.271379385508271,1.2415747461624134,0.00677210122977314,4,0.43605253761594837,2000,PRUNED
251,6.926646892679855e-05,2026-05-19 10:04:26.108708,2026-05-19 10:04:26.606379,0 days 00:00:00.497671,128,4.642884857982646,0.9050265435037772,0.007476318528270828,5,0.45051416263893684,1000,PRUNED
252,6.74143448122777e-05,2026-05-19 10:04:26.613380,2026-05-19 10:04:27.107697,0 days 00:00:00.494317,96,4.136035269449273,1.2419841698904655,0.006476431236132402,5,0.41730270614860787,2000,PRUNED
253,4.5480373955797404e-05,2026-05-19 10:04:27.114562,2026-05-19 10:04:27.522724,0 days 00:00:00.408162,128,2.8090550835209873,1.1210741882708803,0.00042792867764313475,4,0.5661587278048296,1000,PRUNED
254,0.0012620147317647934,2026-05-19 10:04:27.531088,2026-05-19 10:04:27.786064,0 days 00:00:00.254976,96,4.996042553148061,1.9346152065769266,0.009533714689798866,5,0.4274738099033144,2000,PRUNED
255,0.004008930642157793,2026-05-19 10:04:27.794418,2026-05-19 10:04:28.034394,0 days 00:00:00.239976,96,3.5253642263565643,5.916283638487762,0.008155367249972404,4,0.3214380121665528,1000,PRUNED
256,0.0027317062485963106,2026-05-19 10:04:28.042474,2026-05-19 10:04:28.298120,0 days 00:00:00.255646,128,5.3853665274931934,4.0697824501994475,0.0060671374103282395,5,0.586414250259037,2000,PRUNED
257,4.010034535895102e-05,2026-05-19 10:04:28.306268,2026-05-19 10:04:29.218159,0 days 00:00:00.911891,32,4.42088267259707,2.573411067459528,0.0074254188241595345,5,0.7350243026077556,1000,PRUNED
258,0.0005861333338543773,2026-05-19 10:04:29.225678,2026-05-19 10:04:29.445711,0 days 00:00:00.220033,112,2.3673726556550267,1.416953042747623,0.006644294936005101,4,0.607439270097319,2000,PRUNED
259,0.0025590299628674984,2026-05-19 10:04:29.453576,2026-05-19 10:04:29.711240,0 days 00:00:00.257664,96,2.635211269572736,1.0333919987635436,0.00861635853318659,5,0.3314971433765444,1000,PRUNED
260,0.0014325089287012815,2026-05-19 10:04:29.720163,2026-05-19 10:04:29.945026,0 days 00:00:00.224863,128,2.9932077187025774,4.956917718461681,0.0005861218836326762,4,0.43960383813404824,2000,PRUNED
261,0.0008036254439502954,2026-05-19 10:04:29.953055,2026-05-19 10:04:30.210851,0 days 00:00:00.257796,96,5.966425391242177,0.8136409288143951,0.009944689439519967,5,0.4601806963876505,1000,PRUNED
262,7.021415513008833e-05,2026-05-19 10:04:30.218858,2026-05-19 10:04:30.660243,0 days 00:00:00.441385,128,4.002552794106374,3.8957338046170427,0.00732666325139064,5,0.5920723932445647,2000,PRUNED
263,0.002339536091312766,2026-05-19 10:04:30.669232,2026-05-19 10:04:30.863563,0 days 00:00:00.194331,96,3.256418137196595,2.9139658474584147,0.005711259284517375,3,0.7114145472012957,1000,PRUNED
264,6.711162131978199e-05,2026-05-19 10:04:30.871496,2026-05-19 10:04:31.332008,0 days 00:00:00.460512,96,5.054208719753874,6.208546705064911,0.0007528425918020722,4,0.6253766515012386,2000,PRUNED
265,8.803022501524538e-05,2026-05-19 10:04:31.341130,2026-05-19 10:04:31.826354,0 days 00:00:00.485224,128,43.658722461712,2.051254576648571,0.008193556438217831,5,0.3469342431123641,1000,PRUNED
266,0.0005192804965190589,2026-05-19 10:04:31.835058,2026-05-19 10:04:32.116325,0 days 00:00:00.281267,96,4.529556930489845,4.661438921714596,0.006733717724926007,5,0.4076187493270891,2000,PRUNED
267,0.0012180499034002423,2026-05-19 10:04:32.124752,2026-05-19 10:04:32.362242,0 days 00:00:00.237490,112,7.7222226859020235,2.5682448170165126,0.00920484309372415,4,0.3899168873371092,1000,PRUNED
268,4.3664815166266635e-05,2026-05-19 10:04:32.369008,2026-05-19 10:04:32.863308,0 days 00:00:00.494300,128,5.589122163263353,1.656255445431306,0.00047408010147666907,5,0.3122106715863664,2000,PRUNED
269,0.0009612388093955815,2026-05-19 10:04:32.871464,2026-05-19 10:04:33.111639,0 days 00:00:00.240175,96,3.832835095068987,0.3014754369031972,0.006122584237860518,4,0.7577203786792264,1000,PRUNED
270,5.402763781603426e-05,2026-05-19 10:04:33.118866,2026-05-19 10:04:34.059256,0 days 00:00:00.940390,128,6.297007581035333,0.9785477413123395,0.001045236700004166,5,0.5402320891168738,2000,PRUNED
271,0.0015118236187845469,2026-05-19 10:04:34.068337,2026-05-19 10:04:34.275789,0 days 00:00:00.207452,96,4.994405096051139,3.340904324975388,0.007879957666962192,4,0.8262991493772192,1000,PRUNED
272,0.0010439477628096938,2026-05-19 10:04:34.283916,2026-05-19 10:04:34.521551,0 days 00:00:00.237635,96,3.126816362745039,1.4207772217215906,0.00019939039502627024,5,0.3575032127173672,2000,PRUNED
273,0.0018520712619647384,2026-05-19 10:04:34.529567,2026-05-19 10:04:34.769816,0 days 00:00:00.240249,128,3.5557999076451305,4.024843407429307,0.004905899864091059,5,0.33881029795603057,5000,PRUNED
274,0.002059872029349208,2026-05-19 10:04:34.778024,2026-05-19 10:04:35.002499,0 days 00:00:00.224475,96,5.813028879704968,5.586500484816584,0.00012395596329363968,4,0.4211138585893889,1000,PRUNED
275,0.0021435425151139498,2026-05-19 10:04:35.009333,2026-05-19 10:04:35.246871,0 days 00:00:00.237538,112,8.108964049207525,2.8959955129404813,0.00722263716557399,5,0.5578773966835938,2000,PRUNED
276,0.0010468175169080496,2026-05-19 10:04:35.253351,2026-05-19 10:04:35.503903,0 days 00:00:00.250552,128,4.335040290703713,2.288318232946261,0.008777088726274586,5,0.37182963283337994,1000,PRUNED
277,0.0011679856106638908,2026-05-19 10:04:35.510959,2026-05-19 10:04:35.716125,0 days 00:00:00.205166,96,6.42639161535329,4.585977298532514,0.005517451371560951,4,0.5775055134140412,2000,PRUNED
278,0.0007381319883279502,2026-05-19 10:04:35.724264,2026-05-19 10:04:35.959098,0 days 00:00:00.234834,128,2.5185503578699335,3.789987009818733,0.006184505318257438,5,0.4035309163988718,1000,PRUNED
279,0.003437613369897008,2026-05-19 10:04:35.965931,2026-05-19 10:04:36.177291,0 days 00:00:00.211360,96,5.252917663986737,1.1459232994766042,0.007988055235806953,4,0.6147345013300105,2000,PRUNED
280,2.1447720428113826e-05,2026-05-19 10:04:36.184315,2026-05-19 10:04:37.073124,0 days 00:00:00.888809,96,7.218255638286053,0.7686863551419182,0.007030760029687553,5,0.47233475697087013,1000,PRUNED
281,0.0005818080971948802,2026-05-19 10:04:37.083246,2026-05-19 10:04:37.289309,0 days 00:00:00.206063,128,4.640251146180302,3.1757581915637174,0.004489151922175276,4,0.3841988494884044,2000,PRUNED
282,0.003994906321167946,2026-05-19 10:04:37.297569,2026-05-19 10:04:37.534814,0 days 00:00:00.237245,112,2.89627394803649,1.8832905269322557,0.008979021802302676,4,0.44124830710014484,1000,PRUNED
283,0.000518422108143568,2026-05-19 10:04:37.542680,2026-05-19 10:04:37.810731,0 days 00:00:00.268051,96,5.652418062385626,7.285267861937305,0.0008116416130728748,5,0.3603697212113583,1000,PRUNED
284,0.0006806479068472981,2026-05-19 10:04:37.817458,2026-05-19 10:04:38.052856,0 days 00:00:00.235398,96,4.052094449671175,5.191563501198212,0.0006847411944060277,5,0.3268341075295829,2000,PRUNED
285,4.525680560618639e-05,2026-05-19 10:04:38.059529,2026-05-19 10:04:38.473358,0 days 00:00:00.413829,48,6.156333584835752,0.9285728815968392,0.00669216298511626,4,0.6015264525868701,1000,PRUNED
286,0.005782215390354395,2026-05-19 10:04:38.480031,2026-05-19 10:04:38.686161,0 days 00:00:00.206130,128,4.876674840845586,3.530383861615435,0.007692448764019887,3,0.3926625701099954,2000,PRUNED
287,0.0055442689917981625,2026-05-19 10:04:38.693287,2026-05-19 10:04:38.954360,0 days 00:00:00.261073,96,6.9860975811706805,2.466169953870356,0.009980857244457632,5,0.35058819801891233,2000,PRUNED
288,1.533992872282397e-05,2026-05-19 10:04:38.961392,2026-05-19 10:04:43.700304,0 days 00:00:04.738912,128,9.381982770070639,4.130789898156892,0.003748325653983411,5,0.30042509260164746,1000,PRUNED
289,0.002058735815808177,2026-05-19 10:04:43.707610,2026-05-19 10:04:43.964922,0 days 00:00:00.257312,96,3.459172851255904,1.3907911703129332,0.005525987092623982,4,0.43001493118266265,2000,PRUNED
290,0.005825953558087349,2026-05-19 10:04:43.972337,2026-05-19 10:04:44.250632,0 days 00:00:00.278295,128,5.130781050073729,3.0196464803280296,0.008342058740838518,5,0.3764040197151947,1000,PRUNED
291,0.0011875109048560262,2026-05-19 10:04:44.257091,2026-05-19 10:04:44.465221,0 days 00:00:00.208130,96,4.252231874931285,5.814357932357612,0.0003385846447002943,4,0.6412561436744121,2000,PRUNED
292,0.0004877281025983393,2026-05-19 10:04:44.471773,2026-05-19 10:04:44.746516,0 days 00:00:00.274743,128,5.795123146964453,0.6744235540949811,0.006220910561021144,5,0.4096661868880354,1000,PRUNED
293,0.0008760998025536537,2026-05-19 10:04:44.753820,2026-05-19 10:04:44.990540,0 days 00:00:00.236720,96,6.599939805548979,4.460005143781184,0.007427235041074728,4,0.44913952914626853,1000,PRUNED
294,0.0010243830038234591,2026-05-19 10:04:44.998150,2026-05-19 10:04:45.266707,0 days 00:00:00.268557,96,7.873776322166211,0.07011899706819835,0.005143594674419588,5,0.5850901086773255,2000,PRUNED
295,4.251950031175511e-06,2026-05-19 10:04:45.273542,2026-05-19 10:04:49.700835,0 days 00:00:04.427293,112,3.786235840673293,1.7363326230928708,0.006708463644961844,5,0.5699143824641906,4000,COMPLETE
296,2.9278571673785336e-06,2026-05-19 10:04:49.711925,2026-05-19 10:04:54.279834,0 days 00:00:04.567909,112,3.699914516045311,1.567957634399613,0.0067065077174475116,5,0.5759152539276674,4000,COMPLETE
297,0.00011264431668678299,2026-05-19 10:04:54.289581,2026-05-19 10:04:54.689650,0 days 00:00:00.400069,112,3.7485221945672493,1.664164198324955,0.006744714148558277,4,0.5645643721017912,4000,PRUNED
298,0.00014499624376185238,2026-05-19 10:04:54.696296,2026-05-19 10:04:55.102869,0 days 00:00:00.406573,112,3.795464415427462,1.2689349923638726,0.007233956072862941,4,0.544650725266857,3000,PRUNED
299,0.0027798584196716547,2026-05-19 10:04:55.109391,2026-05-19 10:04:55.339639,0 days 00:00:00.230248,112,3.2034610133822454,1.9128223144275842,0.008397467016739628,5,0.5577930726184593,4000,PRUNED
300,0.00123216665815562,2026-05-19 10:04:55.345840,2026-05-19 10:04:55.618894,0 days 00:00:00.273054,112,3.367155531513119,1.5223625684575846,0.006517108012217941,5,0.5828372666104318,4000,PRUNED
301,0.0018613338470458984,2026-05-19 10:04:55.625360,2026-05-19 10:04:55.886097,0 days 00:00:00.260737,112,4.062499504342361,1.101191503199786,0.007578319714965357,5,0.5723269609652258,4000,PRUNED
302,0.0005029903841204941,2026-05-19 10:04:55.893007,2026-05-19 10:04:56.095536,0 days 00:00:00.202529,112,3.582993890657814,1.7610136310392515,0.008932790569500413,4,0.5728447839713787,4000,PRUNED
303,3.464410156084341e-06,2026-05-19 10:04:56.102883,2026-05-19 10:05:00.942738,0 days 00:00:04.839855,112,2.78545622206683,1.3692650173678358,0.006867956034386969,5,0.5965809151786767,4000,COMPLETE
304,0.0004745406622532755,2026-05-19 10:05:00.954705,2026-05-19 10:05:01.204775,0 days 00:00:00.250070,112,2.6606353206605475,1.427231610703502,0.006262958850000135,4,0.6060197110857243,4000,PRUNED
305,0.003992553800344467,2026-05-19 10:05:01.214068,2026-05-19 10:05:01.429276,0 days 00:00:00.215208,112,2.3169993161036646,2.1963701746671767,0.006974017883223706,4,0.5919202769033584,4000,PRUNED
306,0.0001434172154404223,2026-05-19 10:05:01.435845,2026-05-19 10:05:01.894163,0 days 00:00:00.458318,112,4.510546719465277,1.2192647455790724,0.007804060272414094,4,0.5535018152788291,4000,PRUNED
307,0.0013495358871296048,2026-05-19 10:05:01.901199,2026-05-19 10:05:02.157424,0 days 00:00:00.256225,16,3.9738709733487485,1.461843874910734,0.006908876612052919,4,0.5997917324682367,4000,PRUNED
308,0.0027359777595847845,2026-05-19 10:05:02.164840,2026-05-19 10:05:02.374167,0 days 00:00:00.209327,112,2.8236532896878472,1.740175853548753,0.005931783610625015,4,0.5809224582825069,4000,PRUNED
309,0.002578462939709425,2026-05-19 10:05:02.383253,2026-05-19 10:05:02.625130,0 days 00:00:00.241877,112,3.2609776623530764,1.1104884909862247,0.0002598473099910646,5,0.534624193951935,4000,PRUNED
310,0.000575077545363456,2026-05-19 10:05:02.634671,2026-05-19 10:05:02.854336,0 days 00:00:00.219665,112,4.403748005719708,2.052067106085374,0.008209635410355527,4,0.5110102009061691,4000,PRUNED
311,0.002590653020888567,2026-05-19 10:05:02.862082,2026-05-19 10:05:03.089594,0 days 00:00:00.227512,112,4.80307596321849,1.5937459087429267,0.007447065364356273,5,0.5963757735086374,5000,PRUNED
312,0.0006144128274172544,2026-05-19 10:05:03.097137,2026-05-19 10:05:03.334167,0 days 00:00:00.237030,112,3.5437123613963832,0.9640786190097056,0.006497846836819643,5,0.5645379220925817,4000,PRUNED
313,0.0009701292729005218,2026-05-19 10:05:03.341435,2026-05-19 10:05:03.637209,0 days 00:00:00.295774,112,3.8883908940188627,2.3432433381949056,0.008851565324287715,6,0.5921225152484142,4000,PRUNED
314,8.865519339451566e-05,2026-05-19 10:05:03.644021,2026-05-19 10:05:04.079184,0 days 00:00:00.435163,112,3.074473978857957,1.3146525082214646,0.007996967139144292,4,0.6153813023231899,4000,PRUNED
315,0.000664329738356173,2026-05-19 10:05:04.087802,2026-05-19 10:05:04.358200,0 days 00:00:00.270398,112,2.602589746384167,2.0362513940086786,0.005810853880299183,5,0.32126387491199787,4000,PRUNED
316,0.00013407076767180115,2026-05-19 10:05:04.367030,2026-05-19 10:05:04.793791,0 days 00:00:00.426761,112,5.366805606232894,2.585773437054763,0.007100752098438587,4,0.5732757073404668,3000,PRUNED
317,0.0025486790109425783,2026-05-19 10:05:04.801444,2026-05-19 10:05:05.061260,0 days 00:00:00.259816,128,4.6009824674524,1.146018193565068,0.009306740675438744,5,0.6261636167760966,2000,PRUNED
318,0.0010456335730850697,2026-05-19 10:05:05.068961,2026-05-19 10:05:05.316280,0 days 00:00:00.247319,128,4.22710045734118,0.18954109153423876,0.006358685096471229,4,0.33572120527065286,3000,PRUNED
319,0.0012024360476061702,2026-05-19 10:05:05.325073,2026-05-19 10:05:05.591650,0 days 00:00:00.266577,128,5.148869069716242,1.6757922508831637,0.007514671205058914,5,0.3142535825344319,2000,PRUNED
320,0.0013419640017673373,2026-05-19 10:05:05.599694,2026-05-19 10:05:05.813884,0 days 00:00:00.214190,112,3.453765479701171,0.8933447753902659,0.0003903093038901035,4,0.49457985988337183,2000,PRUNED
321,0.007539577316492796,2026-05-19 10:05:05.820635,2026-05-19 10:05:06.087768,0 days 00:00:00.267133,128,4.110419723030052,2.648127299437831,0.0081770276431402,5,0.42383093847484465,2000,PRUNED
322,0.008541430346667767,2026-05-19 10:05:06.095208,2026-05-19 10:05:06.372206,0 days 00:00:00.276998,96,2.942711695922863,6.567880733147533,0.006850922113600002,5,0.456155256768692,2000,PRUNED
323,0.003268902190029621,2026-05-19 10:05:06.379143,2026-05-19 10:05:06.600793,0 days 00:00:00.221650,112,4.635874083683429,1.3504844844046393,0.0058781311241712176,4,0.5790992941725169,2000,PRUNED
324,0.02074493281543255,2026-05-19 10:05:06.607998,2026-05-19 10:05:06.869889,0 days 00:00:00.261891,128,5.459078254496214,8.093039531481363,0.009087716557719864,5,0.5476746120826744,4000,PRUNED
325,0.0004720018769148737,2026-05-19 10:05:06.876535,2026-05-19 10:05:07.161417,0 days 00:00:00.284882,96,3.7335118341814884,1.0716269316967955,0.007431342049471185,6,0.43776098479123465,2000,PRUNED
326,0.003143178764730692,2026-05-19 10:05:07.168180,2026-05-19 10:05:07.376733,0 days 00:00:00.208553,128,2.255795832396202,0.005967193714362301,0.006385582581671396,4,0.6040405406992015,1000,PRUNED
327,5.723849608330056e-05,2026-05-19 10:05:07.383422,2026-05-19 10:05:07.889349,0 days 00:00:00.505927,96,4.846750777918809,2.1105051801944033,0.008075219189580806,5,0.5895891828863982,2000,PRUNED
328,0.001501760445535183,2026-05-19 10:05:07.896569,2026-05-19 10:05:08.153555,0 days 00:00:00.256986,112,8.595693251794334,2.8877698332770736,0.0001718174713841581,4,0.6174801152194306,1000,PRUNED
329,3.1427753128809854e-06,2026-05-19 10:05:08.160556,2026-05-19 10:05:12.480365,0 days 00:00:04.319809,96,7.467622558893464,4.841534328009115,0.007079164658303882,5,0.34112934535025297,2000,COMPLETE
330,0.0007934661116451025,2026-05-19 10:05:12.494454,2026-05-19 10:05:12.727931,0 days 00:00:00.233477,128,7.631609606351269,1.9617929485334806,0.00707263406751549,5,0.3300429902033753,2000,PRUNED
331,0.0031902247574180365,2026-05-19 10:05:12.734393,2026-05-19 10:05:13.011584,0 days 00:00:00.277191,96,3.16924110743907,1.5489218120503223,0.00850796885388352,5,0.34115757101375527,2000,PRUNED
332,0.0017008142312988639,2026-05-19 10:05:13.018334,2026-05-19 10:05:13.238234,0 days 00:00:00.219900,96,9.061119469320479,0.8558780033460731,0.009850826566293616,4,0.3481582489437393,2000,PRUNED
333,0.0003911940730176866,2026-05-19 10:05:13.245495,2026-05-19 10:05:13.479227,0 days 00:00:00.233732,128,7.410387299414651,3.152432657540848,0.0005902882871546204,5,0.31909193961644716,2000,PRUNED
334,0.03200957551598549,2026-05-19 10:05:13.487159,2026-05-19 10:05:13.786489,0 days 00:00:00.299330,112,63.38682272644446,0.0410756692796513,0.0068835291174995745,6,0.5622658330274042,2000,PRUNED
335,0.011608665809035301,2026-05-19 10:05:13.793530,2026-05-19 10:05:14.048895,0 days 00:00:00.255365,96,2.7766981049599746,4.884265011053052,0.007619233358139974,4,0.33512977264959243,2000,PRUNED
336,6.962115730857477e-05,2026-05-19 10:05:14.057295,2026-05-19 10:05:14.760860,0 days 00:00:00.703565,96,4.172897767152707,2.3744204274006986,0.0005238419185127129,5,0.5687728688102488,2000,PRUNED
337,0.0019167577847838402,2026-05-19 10:05:14.767851,2026-05-19 10:05:15.003126,0 days 00:00:00.235275,128,1.936748486492454,0.019652535496016112,0.00826685587352038,5,0.3602059206720941,2000,PRUNED
338,4.97344444738701e-05,2026-05-19 10:05:15.009867,2026-05-19 10:05:15.472213,0 days 00:00:00.462346,128,2.5112153311103405,1.274359481225063,0.0004592748436803713,4,0.34715830056498903,5000,PRUNED
339,0.0016147736459970474,2026-05-19 10:05:15.481264,2026-05-19 10:05:15.748801,0 days 00:00:00.267537,96,8.430076904318451,3.759530645839157,0.0064125715617038455,5,0.3111045749137068,2000,PRUNED
340,0.0011899987002834678,2026-05-19 10:05:15.757277,2026-05-19 10:05:16.028374,0 days 00:00:00.271097,112,3.555486446658228,1.792178790558861,0.00029356622684414117,5,0.531344316274856,2000,PRUNED
341,0.0004854761064052582,2026-05-19 10:05:16.036535,2026-05-19 10:05:16.236539,0 days 00:00:00.200004,96,6.229514270739519,2.8550122099782778,0.008979377511732133,4,0.592218143989075,2000,PRUNED
342,0.0021870466880500317,2026-05-19 10:05:16.242909,2026-05-19 10:05:16.488514,0 days 00:00:00.245605,128,4.466839412662609,4.550949437124521,0.007550043455868227,5,0.5800556347959113,4000,PRUNED
343,0.000509148754645139,2026-05-19 10:05:16.496458,2026-05-19 10:05:16.745546,0 days 00:00:00.249088,112,3.2555892096470256,1.0570378053771226,0.00662055610540774,4,0.3005444190145883,2000,PRUNED
344,0.00045490459888242185,2026-05-19 10:05:16.751937,2026-05-19 10:05:17.051592,0 days 00:00:00.299655,96,3.877946162182402,3.351275973984724,0.0060301682977191825,6,0.3284517011386029,4000,PRUNED
345,0.004462721291929483,2026-05-19 10:05:17.058333,2026-05-19 10:05:17.313705,0 days 00:00:00.255372,128,6.92300006082253,2.247990838191293,0.007947616214202724,5,0.8429426202888357,2000,PRUNED
346,8.334839367307723e-05,2026-05-19 10:05:17.320130,2026-05-19 10:05:17.767934,0 days 00:00:00.447804,96,5.281224729862998,5.6823486095057945,0.006880695395660538,4,0.6318582597153091,2000,PRUNED
347,0.0038374934811145067,2026-05-19 10:05:17.774729,2026-05-19 10:05:18.018982,0 days 00:00:00.244253,112,1.054453993133307,1.3364438537030825,0.00919834650018423,5,0.548905532416111,3000,PRUNED
348,0.003197095124050975,2026-05-19 10:05:18.025697,2026-05-19 10:05:18.231521,0 days 00:00:00.205824,128,10.412601194603164,4.10020050668946,0.005690259067441133,4,0.6096680160393841,2000,PRUNED
349,0.002827584743499756,2026-05-19 10:05:18.237726,2026-05-19 10:05:18.507031,0 days 00:00:00.269305,96,4.858285429973243,1.6531427899359397,0.007420873050733174,5,0.39990223535402253,1000,PRUNED
350,0.00048669843818061054,2026-05-19 10:05:18.513636,2026-05-19 10:05:18.752099,0 days 00:00:00.238463,96,5.722493372033751,2.703968512118208,0.008125023781389695,5,0.3602783071900282,2000,PRUNED
351,0.0007882437203079462,2026-05-19 10:05:18.759812,2026-05-19 10:05:18.970703,0 days 00:00:00.210891,128,2.790861319890911,0.9121706934491066,0.007149986912743088,4,0.34116731773830034,2000,PRUNED
352,0.0076644644141197205,2026-05-19 10:05:18.977009,2026-05-19 10:05:19.215034,0 days 00:00:00.238025,112,4.147537957446299,6.5168435768446695,0.008538098546560015,5,0.8783738731036971,1000,PRUNED
353,3.946229844586924e-05,2026-05-19 10:05:19.221440,2026-05-19 10:05:19.621954,0 days 00:00:00.400514,96,7.519708576739198,3.2474518881606427,0.0064444399841024624,4,0.4202420141108346,4000,PRUNED
354,0.004792169667780399,2026-05-19 10:05:19.630284,2026-05-19 10:05:19.879675,0 days 00:00:00.249391,128,3.6901705131139497,1.121065607417468,0.009749154349286311,5,0.7804599221495767,1000,PRUNED
355,1.498767869634321e-05,2026-05-19 10:05:19.886578,2026-05-19 10:05:21.060863,0 days 00:00:01.174285,96,6.509528720070727,2.3971236219842,0.007523934172669544,5,0.5675039238949378,2000,PRUNED
356,0.0006675438489764929,2026-05-19 10:05:21.068133,2026-05-19 10:05:21.310313,0 days 00:00:00.242180,64,3.030392242235617,0.7787647973919575,0.006135468320467429,5,0.5826997676216701,2000,PRUNED
357,0.0010229465551674366,2026-05-19 10:05:21.317516,2026-05-19 10:05:21.515600,0 days 00:00:00.198084,112,4.5190273248345365,5.078455126241497,0.008727336296280346,4,0.3152452895871835,3000,PRUNED
358,1.6949716155068018e-05,2026-05-19 10:05:21.523805,2026-05-19 10:05:22.482275,0 days 00:00:00.958470,128,5.109502536554282,3.8856180464470027,0.006885144991132067,5,0.5230547521015239,1000,PRUNED
359,0.0007842245395295322,2026-05-19 10:05:22.490031,2026-05-19 10:05:22.775737,0 days 00:00:00.285706,96,3.3549297649454095,1.9017687541991861,0.005542592057270245,6,0.3511087059008088,2000,PRUNED
360,0.000499980931635946,2026-05-19 10:05:22.783041,2026-05-19 10:05:23.010589,0 days 00:00:00.227548,128,5.797699410512967,1.366868503943056,0.0009091756577798266,4,0.41234543134645046,1000,PRUNED
361,0.0011004123371094465,2026-05-19 10:05:23.017586,2026-05-19 10:05:23.241299,0 days 00:00:00.223713,96,3.836858049279934,2.7725010115215296,0.008014530163323862,4,0.48210850028703955,5000,PRUNED
362,0.004387295339256525,2026-05-19 10:05:23.247906,2026-05-19 10:05:23.538856,0 days 00:00:00.290950,96,2.552840211421671,4.555266986565169,0.007185743798164795,5,0.6009010903498463,1000,PRUNED
363,0.0010366844944655895,2026-05-19 10:05:23.545776,2026-05-19 10:05:23.793699,0 days 00:00:00.247923,128,8.074533705164685,3.3832685278437875,0.006481921760689015,5,0.3254553396748405,2000,PRUNED
364,0.0006741185206919909,2026-05-19 10:05:23.801331,2026-05-19 10:05:24.003322,0 days 00:00:00.201991,80,6.2906437486539435,1.5730149267044335,0.008905623276084589,4,0.3667003415989344,1000,PRUNED
365,5.924956712988205e-05,2026-05-19 10:05:24.009786,2026-05-19 10:05:24.412370,0 days 00:00:00.402584,96,4.324125200001735,0.9564091079141662,0.009962431168985977,5,0.3899741242951376,4000,PRUNED
366,0.00018305517733097076,2026-05-19 10:05:24.418875,2026-05-19 10:05:24.789426,0 days 00:00:00.370551,112,5.422897915958567,2.3964681378725405,0.007572958721024166,4,0.56060685140871,2000,PRUNED
367,0.0034796118270605803,2026-05-19 10:05:24.795743,2026-05-19 10:05:25.018718,0 days 00:00:00.222975,112,6.900827442378014,0.0018176100309409643,0.005903043112111831,5,0.5093265233308261,2000,PRUNED
368,0.002761124400421977,2026-05-19 10:05:25.025181,2026-05-19 10:05:25.221924,0 days 00:00:00.196743,96,5.015723938210312,1.1835945668483212,0.008277312948737974,4,0.590916696147831,1000,PRUNED
369,0.00048512473586015403,2026-05-19 10:05:25.228309,2026-05-19 10:05:25.453613,0 days 00:00:00.225304,128,2.1852743777244377,1.9765286409200105,0.0002213247717884133,5,0.5750090813997922,2000,PRUNED
370,0.0006824059528298676,2026-05-19 10:05:25.460663,2026-05-19 10:05:25.720227,0 days 00:00:00.259564,48,3.1756204757374826,3.6921938993910994,0.006863934565174462,5,0.5471674026575748,1000,PRUNED
371,6.119952740846202e-05,2026-05-19 10:05:25.726805,2026-05-19 10:05:26.341052,0 days 00:00:00.614247,128,4.787904196053649,4.291772169204183,0.00037598418805532316,4,0.3362344242029018,2000,PRUNED
372,0.0009205681853927672,2026-05-19 10:05:26.347699,2026-05-19 10:05:26.612673,0 days 00:00:00.264974,96,7.336887197122868,5.697951460541004,0.007926961709278235,6,0.6066858131128793,4000,PRUNED
373,7.056212052702904e-05,2026-05-19 10:05:26.619358,2026-05-19 10:05:27.099736,0 days 00:00:00.480378,96,9.11768794483363,2.9006639803462244,0.006180450783920511,5,0.4014127257085387,1000,PRUNED
374,0.0006725611165165901,2026-05-19 10:05:27.106860,2026-05-19 10:05:27.320287,0 days 00:00:00.213427,112,5.995407209464986,1.5190411019254033,0.007239635472831826,4,0.6200145837442681,2000,PRUNED
375,4.397171505843289e-05,2026-05-19 10:05:27.327736,2026-05-19 10:05:27.791668,0 days 00:00:00.463932,96,2.874417320427749,0.785271726280099,0.009091858869623735,5,0.35122937751553457,1000,PRUNED
376,1.0126447023139917e-06,2026-05-19 10:05:27.798457,2026-05-19 10:05:32.199472,0 days 00:00:04.401015,128,4.088330543779985,7.401472126021954,0.005639261035809068,5,0.36505889649221257,2000,COMPLETE
377,0.0007693436346016824,2026-05-19 10:05:32.211655,2026-05-19 10:05:32.440459,0 days 00:00:00.228804,128,4.053656913013855,5.594568908667977,0.002776227983727312,4,0.3874917631738284,2000,PRUNED
378,0.0017569964984431863,2026-05-19 10:05:32.447167,2026-05-19 10:05:32.628272,0 days 00:00:00.181105,128,3.4946160784076095,8.249649439090977,0.0006351183790201037,2,0.37368484924145656,2000,PRUNED
379,0.030487172305583954,2026-05-19 10:05:32.635253,2026-05-19 10:05:32.900371,0 days 00:00:00.265118,128,4.232970642353466,8.976851862466786,0.006713757341180732,6,0.5973477298251232,2000,PRUNED
380,4.7079047362785786e-05,2026-05-19 10:05:32.906944,2026-05-19 10:05:33.319662,0 days 00:00:00.412718,128,30.778085439553234,7.539202635549192,0.005430146192236588,5,0.41643859625761415,2000,PRUNED
381,0.0011452488834038377,2026-05-19 10:05:33.326063,2026-05-19 10:05:33.530273,0 days 00:00:00.204210,128,3.5880225625877045,7.485537690600599,0.0004330303805658799,4,0.586137747185237,2000,PRUNED
382,0.07792387157678604,2026-05-19 10:05:33.536630,2026-05-19 10:05:33.763575,0 days 00:00:00.226945,128,4.505454188067187,9.616677857653114,0.007793617970356108,5,0.30856672837099786,2000,PRUNED
383,0.00086382677545771,2026-05-19 10:05:33.769856,2026-05-19 10:05:33.975184,0 days 00:00:00.205328,128,4.705971016658446,6.109922789273437,0.008502577751620723,4,0.556264454163031,2000,PRUNED
384,0.001512340153567493,2026-05-19 10:05:33.981899,2026-05-19 10:05:34.204863,0 days 00:00:00.222964,128,3.9510161627176843,1.0244304177549557,0.006517997855352354,5,0.36625831524487484,2000,PRUNED
385,0.0034437680151313543,2026-05-19 10:05:34.211259,2026-05-19 10:05:34.436053,0 days 00:00:00.224794,112,3.73311466407431,6.781333306991874,0.007231322771633958,5,0.5750007654153436,2000,PRUNED
386,0.00040647247806191444,2026-05-19 10:05:34.442906,2026-05-19 10:05:34.677011,0 days 00:00:00.234105,128,3.1418086413661737,0.1199834533080347,0.009097465662917416,4,0.5359163770249703,4000,PRUNED
387,0.0005136483814567327,2026-05-19 10:05:34.684630,2026-05-19 10:05:34.949513,0 days 00:00:00.264883,128,2.447373189579532,1.2388187985868393,0.0060996191670865865,5,0.39286244404265114,2000,PRUNED
388,4.90011261717882e-05,2026-05-19 10:05:34.957339,2026-05-19 10:05:35.414591,0 days 00:00:00.457252,112,4.272240942532952,1.8561397502966763,0.008484365574895387,4,0.6118788619685316,2000,PRUNED
389,0.011173945851624012,2026-05-19 10:05:35.422139,2026-05-19 10:05:35.743065,0 days 00:00:00.320926,128,5.510099375348025,9.977367523828711,0.007514301138920096,6,0.4303158370641982,3000,PRUNED
390,8.164638711605221e-05,2026-05-19 10:05:35.751006,2026-05-19 10:05:36.241267,0 days 00:00:00.490261,128,4.830796158210063,2.201211829865467,0.0003320600830291858,5,0.7469931556504064,2000,PRUNED
391,0.00964755192399025,2026-05-19 10:05:36.248513,2026-05-19 10:05:36.562669,0 days 00:00:00.314156,128,3.3891993440422694,1.4396805690912298,0.009971133872393996,5,0.40331697472331257,2000,PRUNED
392,0.000940081081353128,2026-05-19 10:05:36.571038,2026-05-19 10:05:36.881375,0 days 00:00:00.310337,112,3.8587677724385236,5.029750183299479,0.006825292972315719,5,0.6464658295573195,2000,PRUNED
393,0.00042667106026783586,2026-05-19 10:05:36.889654,2026-05-19 10:05:37.095499,0 days 00:00:00.205845,112,2.852645976388503,3.276302021299789,0.007958024145071518,4,0.33626311878989856,4000,PRUNED
394,0.004581961780786514,2026-05-19 10:05:37.105385,2026-05-19 10:05:37.413313,0 days 00:00:00.307928,128,5.0870228942120095,0.87233237209012,0.0002634108917378519,4,0.37743594651163087,2000,PRUNED
395,0.004830502904951572,2026-05-19 10:05:37.421252,2026-05-19 10:05:37.765796,0 days 00:00:00.344544,128,97.79473788125243,1.0630830384594974,0.005864537445403227,5,0.32490159240603417,3000,PRUNED
396,0.001513842144049704,2026-05-19 10:05:37.774017,2026-05-19 10:05:38.093973,0 days 00:00:00.319956,96,4.369182779034174,2.584665839265698,0.0072496756248048464,5,0.5679219065622816,2000,PRUNED
397,0.016617685556411743,2026-05-19 10:05:38.103158,2026-05-19 10:05:38.366587,0 days 00:00:00.263429,112,2.667486669767847,6.833148465245671,0.005339915185485411,4,0.5880707729648986,2000,PRUNED
398,0.0006959898746572435,2026-05-19 10:05:38.375297,2026-05-19 10:05:38.686596,0 days 00:00:00.311299,96,5.505965548975103,1.7474018810425487,0.006546492723021613,5,0.34956941073007336,4000,PRUNED
399,0.0004207606543786824,2026-05-19 10:05:38.692895,2026-05-19 10:05:39.059045,0 days 00:00:00.366150,128,3.927753253710117,0.6775405847820488,0.008365286283280095,4,0.6007720858981502,2000,PRUNED
400,0.0009835107484832406,2026-05-19 10:05:39.068184,2026-05-19 10:05:39.362561,0 days 00:00:00.294377,96,4.558877562851674,1.3234341387310966,0.007735154143022919,4,0.6340053054828986,2000,PRUNED
401,0.0005862709949724376,2026-05-19 10:05:39.371331,2026-05-19 10:05:39.648664,0 days 00:00:00.277333,48,3.0625016290638163,3.737454595866347,0.00624390380849535,5,0.3645990824653098,1000,PRUNED
402,7.164069393184036e-05,2026-05-19 10:05:39.656542,2026-05-19 10:05:40.139495,0 days 00:00:00.482953,112,3.518161045569748,4.906539725858221,0.00930605375935305,6,0.38435134371563967,2000,PRUNED
403,0.0009283331455662847,2026-05-19 10:05:40.148655,2026-05-19 10:05:40.450919,0 days 00:00:00.302264,128,6.119708411780112,2.151367780278556,0.007003232868065856,5,0.4137000393079381,2000,PRUNED
404,0.0051602553576231,2026-05-19 10:05:40.459603,2026-05-19 10:05:40.747056,0 days 00:00:00.287453,32,5.258880003049118,2.663835338323572,0.0009781713870040882,4,0.46725054564481605,2000,PRUNED
405,4.646691741072573e-05,2026-05-19 10:05:40.755724,2026-05-19 10:05:41.297915,0 days 00:00:00.542191,96,8.24638829973091,3.316861331022448,0.0005091007365903276,5,0.3206621211282659,1000,PRUNED
406,0.003904578275978565,2026-05-19 10:05:41.306966,2026-05-19 10:05:41.581672,0 days 00:00:00.274706,96,4.062521644057941,1.5670619103226813,0.00840507167666119,5,0.5578304858241355,4000,PRUNED
407,0.0014217396965250373,2026-05-19 10:05:41.591091,2026-05-19 10:05:41.873541,0 days 00:00:00.282450,80,4.9212242767519605,8.074636682863408,0.001314409438140252,4,0.4431114687626375,2000,PRUNED
408,0.0019102556398138404,2026-05-19 10:05:41.882043,2026-05-19 10:05:42.227068,0 days 00:00:00.345025,128,3.6913143492169276,1.175023427440239,0.0075331348633930805,5,0.34353099577290375,3000,PRUNED
409,0.001152376993559301,2026-05-19 10:05:42.235870,2026-05-19 10:05:42.525413,0 days 00:00:00.289543,128,2.4212376057520286,4.179332995219919,0.0011392522953974017,4,0.5770632209870575,1000,PRUNED
410,3.072385516134091e-05,2026-05-19 10:05:42.535901,2026-05-19 10:05:43.262414,0 days 00:00:00.726513,112,6.576021303200572,2.9580677159807776,0.005808505147698322,5,0.6209273664479181,1000,PRUNED
411,0.002173258690163493,2026-05-19 10:05:43.270982,2026-05-19 10:05:43.505430,0 days 00:00:00.234448,96,3.2748366923623093,1.0055157109436195,0.009024127934014676,4,0.5239882482939491,2000,PRUNED
412,0.0001274919486604631,2026-05-19 10:05:43.513643,2026-05-19 10:05:44.018821,0 days 00:00:00.505178,96,5.727721852050799,1.8684533108527317,0.0008196802199719853,5,0.30826662224553963,1000,PRUNED
413,0.0014649704098701477,2026-05-19 10:05:44.028098,2026-05-19 10:05:44.233406,0 days 00:00:00.205308,112,4.3748792626954485,6.0888751512658414,0.006694448027805725,3,0.42663657626476714,2000,PRUNED
414,0.002121375408023596,2026-05-19 10:05:44.240456,2026-05-19 10:05:44.577178,0 days 00:00:00.336722,128,2.9231891141136157,2.3793834087777705,0.007759497271122813,6,0.3589875317224348,4000,PRUNED
415,0.0010772221721708775,2026-05-19 10:05:44.585259,2026-05-19 10:05:44.865021,0 days 00:00:00.279762,128,4.7202040061090855,0.07587587902773797,0.006189359904914538,5,0.4056596617485074,1000,PRUNED
416,0.0004475309688132256,2026-05-19 10:05:44.872841,2026-05-19 10:05:45.146603,0 days 00:00:00.273762,96,7.227087335618975,0.5566869459811122,0.0070702488584644665,4,0.5867914025012464,5000,PRUNED
417,0.0005890755564905703,2026-05-19 10:05:45.154272,2026-05-19 10:05:45.420902,0 days 00:00:00.266630,112,9.797839175448594,4.506924030236735,0.005376162152901786,5,0.5410555230235365,2000,PRUNED
418,0.0008777715265750885,2026-05-19 10:05:45.428291,2026-05-19 10:05:45.699664,0 days 00:00:00.271373,128,5.326441451383203,3.6651939395476183,0.008914532967616483,4,0.3327676332788447,2000,PRUNED
419,0.0011465803254395723,2026-05-19 10:05:45.706577,2026-05-19 10:05:46.008312,0 days 00:00:00.301735,96,2.6425478947153023,1.5190761493986915,0.00031300728124705073,5,0.5029077844315316,1000,PRUNED
420,0.0010034702718257904,2026-05-19 10:05:46.016085,2026-05-19 10:05:46.257026,0 days 00:00:00.240941,96,4.177222762285952,1.2538939494186074,0.00794186746488203,4,0.39494680101719254,2000,PRUNED
421,0.0009505726047791541,2026-05-19 10:05:46.264286,2026-05-19 10:05:46.541312,0 days 00:00:00.277026,128,6.133918887143973,2.1327121930416295,0.006577471481346603,5,0.6039438971471407,2000,PRUNED
422,0.0009993123821914196,2026-05-19 10:05:46.548546,2026-05-19 10:05:46.858559,0 days 00:00:00.310013,96,3.4311833520813786,2.9153393475265563,0.007336230216862153,5,0.5693594171372989,1000,PRUNED
423,8.590215293224901e-05,2026-05-19 10:05:46.865794,2026-05-19 10:05:47.331184,0 days 00:00:00.465390,128,3.82449605322966,0.9315720870063383,0.00866993799425951,4,0.7264550987038652,2000,PRUNED
424,0.00013713978114537895,2026-05-19 10:05:47.338736,2026-05-19 10:05:47.867248,0 days 00:00:00.528512,80,4.752554586900092,0.728079052697348,0.009982563915087728,5,0.37126921043092237,3000,PRUNED
425,0.0004778475849889219,2026-05-19 10:05:47.874740,2026-05-19 10:05:48.125040,0 days 00:00:00.250300,112,3.09344799762591,5.156568715223158,0.0059753373166406155,5,0.30055357712773895,1000,PRUNED
426,0.0017656789859756827,2026-05-19 10:05:48.131618,2026-05-19 10:05:48.378601,0 days 00:00:00.246983,96,5.526860399565918,8.209396580025576,0.008074178527816337,6,0.5572871897206604,2000,PRUNED
427,0.0005060741095803678,2026-05-19 10:05:48.385675,2026-05-19 10:05:48.625038,0 days 00:00:00.239363,128,4.334702463949424,3.3516974813850138,0.0069517460394590965,5,0.4831785472273075,4000,PRUNED
428,0.0007430336554534733,2026-05-19 10:05:48.632095,2026-05-19 10:05:48.862872,0 days 00:00:00.230777,96,6.6139997390436225,1.7502039579631044,0.0005564271391985936,4,0.3823465773107095,1000,PRUNED
429,0.005940512288361788,2026-05-19 10:05:48.869910,2026-05-19 10:05:49.082301,0 days 00:00:00.212391,128,2.3047930419674563,6.5240713770836605,0.00641308094901103,3,0.5895567588968575,2000,PRUNED
430,0.0009683786192908883,2026-05-19 10:05:49.089827,2026-05-19 10:05:49.341621,0 days 00:00:00.251794,96,7.632753556424014,3.963081047910756,0.005574887798482824,5,0.3488072849104058,2000,PRUNED
431,0.0015668339328840375,2026-05-19 10:05:49.348486,2026-05-19 10:05:49.614518,0 days 00:00:00.266032,112,5.096145571478227,1.13658834617621,0.007569851563936462,5,0.6125361753204344,1000,PRUNED
432,0.003008247585967183,2026-05-19 10:05:49.621966,2026-05-19 10:05:49.866149,0 days 00:00:00.244183,128,8.748008694132837,2.546648894000045,0.009268427853957335,4,0.3155369737913043,4000,PRUNED
433,0.001130430493503809,2026-05-19 10:05:49.874009,2026-05-19 10:05:50.105294,0 days 00:00:00.231285,96,1.7485972922240633,1.388208053308684,0.005005293240892019,4,0.8340458729728653,2000,PRUNED
434,0.0031141205690801144,2026-05-19 10:05:50.113638,2026-05-19 10:05:50.347540,0 days 00:00:00.233902,128,3.717160771161232,0.8549414435966286,0.00014352833882352672,4,0.36112854691250096,1000,PRUNED
435,4.14176429330837e-05,2026-05-19 10:05:50.357046,2026-05-19 10:05:51.059452,0 days 00:00:00.702406,112,5.906473386264984,4.581780910696434,0.0032699258514397606,5,0.4528322119010558,2000,PRUNED
436,0.0008312388090416789,2026-05-19 10:05:51.067846,2026-05-19 10:05:51.357296,0 days 00:00:00.289450,80,3.338406122808095,2.060647085431874,0.00041051958184764914,5,0.698299579908913,2000,PRUNED
437,0.00010052440484287217,2026-05-19 10:05:51.365851,2026-05-19 10:05:51.845858,0 days 00:00:00.480007,128,2.7388142510662545,3.0880156782228125,0.00024503212092315306,4,0.41270769503502086,2000,PRUNED
438,7.965452095959336e-05,2026-05-19 10:05:51.854153,2026-05-19 10:05:52.385478,0 days 00:00:00.531325,64,4.2174130351550065,5.09663232810726,0.0007362100974562302,5,0.8692256301919175,1000,PRUNED
439,7.094400643836707e-05,2026-05-19 10:05:52.395944,2026-05-19 10:05:52.868500,0 days 00:00:00.472556,96,4.826819215593143,1.6711898679443393,0.008324246825978673,4,0.5742274965810289,1000,PRUNED
440,2.6373718355898745e-05,2026-05-19 10:05:52.875615,2026-05-19 10:05:54.243405,0 days 00:00:01.367790,96,3.9422832930197957,4.1019929956510905,0.007079367644105417,6,0.33341399175767816,2000,PRUNED
441,0.00010923184163402766,2026-05-19 10:05:54.251250,2026-05-19 10:05:54.766477,0 days 00:00:00.515227,128,2.9777486402702267,1.041211015424116,0.006430914528386668,5,0.8040312416540588,2000,PRUNED
442,0.0012637829640880227,2026-05-19 10:05:54.774093,2026-05-19 10:05:55.080319,0 days 00:00:00.306226,112,6.912155185113789,2.5538144147238215,0.0076861819823493,5,0.5953811637722088,4000,PRUNED
443,0.0009815077064558864,2026-05-19 10:05:55.090285,2026-05-19 10:05:55.360143,0 days 00:00:00.269858,96,6.027050720913375,6.941906214099592,0.008691539887903457,4,0.6284578727361948,2000,PRUNED
444,0.0008489612955600023,2026-05-19 10:05:55.367766,2026-05-19 10:05:55.680180,0 days 00:00:00.312414,128,11.781701800292469,1.3520628014977731,0.006840710520171756,5,0.39894716660541074,1000,PRUNED
445,2.9212071694928454e-06,2026-05-19 10:05:55.688136,2026-05-19 10:05:59.392343,0 days 00:00:03.704207,96,5.316547845263522,3.468482770924,0.005560654522984886,4,0.553329151309203,1000,COMPLETE
446,0.005696603562682867,2026-05-19 10:05:59.405084,2026-05-19 10:05:59.631037,0 days 00:00:00.225953,96,2.0475915108342733,3.3145645802023838,0.004718466843419311,3,0.5542881571755652,1000,PRUNED
447,0.001582460943609476,2026-05-19 10:05:59.637973,2026-05-19 10:05:59.892591,0 days 00:00:00.254618,96,5.228686066388396,3.683365639836536,0.005545768504358599,4,0.5675198210236304,1000,PRUNED
448,0.004385179374366999,2026-05-19 10:05:59.899274,2026-05-19 10:06:00.110913,0 days 00:00:00.211639,96,6.532909239413396,3.08520129625059,0.00011939206115572817,4,0.6710101532307028,1000,PRUNED
449,0.013113312423229218,2026-05-19 10:06:00.117298,2026-05-19 10:06:00.299843,0 days 00:00:00.182545,96,7.9508330434191326,0.012119106074725758,0.005158752186378747,3,0.543774349181139,1000,PRUNED
450,0.0007372385007329285,2026-05-19 10:06:00.306319,2026-05-19 10:06:00.506650,0 days 00:00:00.200331,96,5.58474434794902,4.319867970147164,0.004207839487554278,4,0.5814929477583791,1000,PRUNED
451,0.001062488416209817,2026-05-19 10:06:00.513143,2026-05-19 10:06:00.763707,0 days 00:00:00.250564,96,3.4843391419170056,5.723234521106903,0.00573498126736151,6,0.7143671691055343,1000,PRUNED
452,0.0023272777907550335,2026-05-19 10:06:00.770587,2026-05-19 10:06:00.974241,0 days 00:00:00.203654,96,4.576423636119063,2.6270341083519866,0.006069497709168542,4,0.37119588702615225,1000,PRUNED
453,0.0014494144124910235,2026-05-19 10:06:00.980941,2026-05-19 10:06:01.187163,0 days 00:00:00.206222,96,6.039630637521156,3.7799823685896428,0.006177903521876033,4,0.34191685888403484,1000,PRUNED
454,0.0011980870040133595,2026-05-19 10:06:01.193744,2026-05-19 10:06:01.405453,0 days 00:00:00.211709,96,7.364337966879433,5.050549757468175,0.006821455255322176,4,0.75967310924492,1000,PRUNED
455,0.0012611242709681392,2026-05-19 10:06:01.412526,2026-05-19 10:06:01.616501,0 days 00:00:00.203975,112,3.1013460505535657,2.212549307381836,0.0055693161362965525,4,0.5604650858909709,1000,PRUNED
456,0.000813061255030334,2026-05-19 10:06:01.624501,2026-05-19 10:06:01.836322,0 days 00:00:00.211821,96,2.533685819228839,0.0536753358911604,0.006244784492410071,4,0.3208780998373719,3000,PRUNED
457,0.0005615612026304007,2026-05-19 10:06:01.844074,2026-05-19 10:06:02.106238,0 days 00:00:00.262164,112,4.0183237950532815,3.2882237664077967,0.007401711199581222,6,0.38464791365988643,4000,PRUNED
458,3.963655399275012e-05,2026-05-19 10:06:02.114110,2026-05-19 10:06:02.499187,0 days 00:00:00.385077,96,5.05806800561053,2.707618682937663,0.006810334354881303,4,0.6546701050307028,1000,PRUNED
459,6.195303740241798e-06,2026-05-19 10:06:02.508282,2026-05-19 10:06:06.760235,0 days 00:00:04.251953,96,2.8225213796670654,1.9259451874493294,0.005237821066403993,5,0.35772806735468277,1000,COMPLETE
460,0.0013837628066539764,2026-05-19 10:06:06.770566,2026-05-19 10:06:07.022280,0 days 00:00:00.251714,112,3.6591881059870834,4.415005817034666,0.007347932214437719,4,0.6171246487908476,4000,PRUNED
461,7.298051787074655e-05,2026-05-19 10:06:07.029431,2026-05-19 10:06:07.469981,0 days 00:00:00.440550,96,5.659782098873717,7.435139191623164,0.004489704527208838,5,0.5804018275790022,1000,PRUNED
462,0.001801063073799014,2026-05-19 10:06:07.477198,2026-05-19 10:06:07.691678,0 days 00:00:00.214480,96,4.344987931380262,8.74808367354605,0.0003545543468956463,4,0.6004695897898586,1000,PRUNED
463,0.0014811399159952998,2026-05-19 10:06:07.698797,2026-05-19 10:06:07.949893,0 days 00:00:00.251096,96,6.325044035352336,3.674699039492056,0.005910012197504288,5,0.4255829850496544,1000,PRUNED
464,0.002668355591595173,2026-05-19 10:06:07.956639,2026-05-19 10:06:08.121894,0 days 00:00:00.165255,80,3.241252908596641,5.589412970929093,0.0066336733111530734,2,0.5439240530713041,4000,PRUNED
465,1.6587548088864423e-05,2026-05-19 10:06:08.128859,2026-05-19 10:06:09.061069,0 days 00:00:00.932210,112,4.551223042981646,3.016368247123603,0.008001052585551931,6,0.3264381603176529,3000,PRUNED
466,0.002087661763653159,2026-05-19 10:06:09.067727,2026-05-19 10:06:09.309502,0 days 00:00:00.241775,96,6.993144598940716,2.2123574573190727,0.007190929983687709,5,0.3395872334637007,2000,PRUNED
467,0.0005082689458504319,2026-05-19 10:06:09.317096,2026-05-19 10:06:09.637095,0 days 00:00:00.319999,112,5.290862109522751,4.458238845673913,0.006258133197185528,5,0.5648113705044462,2000,PRUNED
468,0.000822033325675875,2026-05-19 10:06:09.645012,2026-05-19 10:06:09.909604,0 days 00:00:00.264592,96,3.855560979801162,1.6573668371486558,0.008022381620338494,4,0.4360610178946076,1000,PRUNED
469,0.003007787512615323,2026-05-19 10:06:09.916728,2026-05-19 10:06:10.175800,0 days 00:00:00.259072,96,4.827393101338741,0.006305752668400444,0.004945376294834278,4,0.8861047184644971,2000,PRUNED
470,0.0003808095643762499,2026-05-19 10:06:10.182864,2026-05-19 10:06:10.450359,0 days 00:00:00.267495,112,8.488256122941808,9.816566568867053,0.0056555379997661045,5,0.35124351675447435,1000,PRUNED
471,0.002044537104666233,2026-05-19 10:06:10.457047,2026-05-19 10:06:10.659825,0 days 00:00:00.202778,96,3.5514150155898143,2.7022664584345177,0.00671158970573879,4,0.31204146622948703,1000,PRUNED
472,0.0006878439453430474,2026-05-19 10:06:10.667436,2026-05-19 10:06:10.957544,0 days 00:00:00.290108,16,4.172265333131649,5.441996881853114,0.007856703705262822,5,0.7742090123916622,2000,PRUNED
473,0.0009703206596896052,2026-05-19 10:06:10.965554,2026-05-19 10:06:11.231004,0 days 00:00:00.265450,128,2.709201253922053,3.5750743305150814,0.0019173370661954461,4,0.5919712508873045,4000,PRUNED
474,0.004480926785618067,2026-05-19 10:06:11.238645,2026-05-19 10:06:11.506555,0 days 00:00:00.267910,128,5.823981327408161,0.21506865693509963,0.00046853448449014033,5,0.3944328809976303,2000,PRUNED
475,1.7011274394462816e-05,2026-05-19 10:06:11.513941,2026-05-19 10:06:12.517996,0 days 00:00:01.004055,80,6.477513836961917,2.176824927569429,0.0072579098677606575,5,0.6076851049269703,1000,PRUNED
476,0.001490902272053063,2026-05-19 10:06:12.525498,2026-05-19 10:06:12.794391,0 days 00:00:00.268893,96,9.589982914761363,1.4747810099253718,0.0006571070977801008,4,0.36930687049496674,2000,PRUNED
477,0.0007231598719954491,2026-05-19 10:06:12.801659,2026-05-19 10:06:13.048989,0 days 00:00:00.247330,128,3.2390227037874304,6.221709169335357,0.00028099983480083776,4,0.5501454153178533,2000,PRUNED
478,0.0022736825048923492,2026-05-19 10:06:13.056351,2026-05-19 10:06:13.387906,0 days 00:00:00.331555,112,5.114951408931929,3.0415989878833556,0.008444428578992557,6,0.6360695692463119,5000,PRUNED
479,0.0008459946257062256,2026-05-19 10:06:13.396805,2026-05-19 10:06:13.695433,0 days 00:00:00.298628,112,4.538168097392694,4.030735938498678,0.00018063704978061175,5,0.4117130110729468,1000,PRUNED
480,6.659029168076813e-05,2026-05-19 10:06:13.704573,2026-05-19 10:06:14.136277,0 days 00:00:00.431704,96,2.291766120757949,2.418052383626538,0.006374412889117296,4,0.5725621727021233,2000,PRUNED
481,0.0018034252570942044,2026-05-19 10:06:14.143401,2026-05-19 10:06:14.410513,0 days 00:00:00.267112,96,8.010998531753579,4.953749461587538,0.007084661768488007,5,0.38289423762048197,1000,PRUNED
482,0.0007172501063905656,2026-05-19 10:06:14.418080,2026-05-19 10:06:14.687082,0 days 00:00:00.269002,128,6.909061410347413,1.2116046553602422,0.005892197381674456,5,0.5843201291739696,3000,PRUNED
483,0.00012055841943947598,2026-05-19 10:06:14.694807,2026-05-19 10:06:15.134744,0 days 00:00:00.439937,128,37.8537853985725,1.9727331803003731,0.008776502388868812,4,0.5325407644543076,2000,PRUNED
484,0.001822695485316217,2026-05-19 10:06:15.141826,2026-05-19 10:06:15.415100,0 days 00:00:00.273274,96,2.9928010398977625,2.917809591204483,0.007669988077919303,5,0.3439739971570041,2000,PRUNED
485,0.0007286897161975503,2026-05-19 10:06:15.423402,2026-05-19 10:06:15.703222,0 days 00:00:00.279820,96,5.58997634256302,1.6997941824995155,0.006637803416867789,5,0.3598329074131709,1000,PRUNED
486,4.294967948226258e-05,2026-05-19 10:06:15.710430,2026-05-19 10:06:16.509986,0 days 00:00:00.799556,128,3.957233349166418,3.499120943499344,0.002513886267580252,6,0.6040784399800294,2000,PRUNED
487,2.0997393221477978e-05,2026-05-19 10:06:16.518383,2026-05-19 10:06:17.427582,0 days 00:00:00.909199,96,3.3843511806176063,1.0142606882687244,0.005229704406871341,5,0.3318862106314469,4000,PRUNED
488,0.002314385026693344,2026-05-19 10:06:17.434577,2026-05-19 10:06:17.706064,0 days 00:00:00.271487,96,4.657747722778399,0.0028776370895509423,0.007970054235765463,4,0.5547137847601342,1000,PRUNED
489,0.00280207977630198,2026-05-19 10:06:17.715152,2026-05-19 10:06:17.958176,0 days 00:00:00.243024,112,7.434713905993815,6.912290151068743,0.0060451404286326164,4,0.5933916483580283,2000,PRUNED
490,0.0015618292381986976,2026-05-19 10:06:17.966696,2026-05-19 10:06:18.206337,0 days 00:00:00.239641,128,2.5746768840916734,4.112232060232004,0.007197089616975438,4,0.4193654402807523,1000,PRUNED
491,0.004776498302817345,2026-05-19 10:06:18.214201,2026-05-19 10:06:18.485423,0 days 00:00:00.271222,96,3.59207124744122,1.4103888288960966,0.009005637040097688,5,0.30223138818412626,1000,PRUNED
492,0.0010024458169937134,2026-05-19 10:06:18.494373,2026-05-19 10:06:18.741915,0 days 00:00:00.247542,112,6.180947834499744,2.680436506647138,0.0012363489012476002,5,0.8498514473541064,2000,PRUNED
493,7.749565702397376e-05,2026-05-19 10:06:18.749835,2026-05-19 10:06:19.182200,0 days 00:00:00.432365,128,5.262659462488057,0.8445744041070177,0.006663413815163603,5,0.37355130015170346,2000,PRUNED
494,5.077077730675228e-05,2026-05-19 10:06:19.191051,2026-05-19 10:06:19.628144,0 days 00:00:00.437093,64,4.127397805151673,3.392060154501421,0.008325077671335668,4,0.39575200885248063,2000,PRUNED
495,0.0004665407177526504,2026-05-19 10:06:19.637172,2026-05-19 10:06:19.924971,0 days 00:00:00.287799,96,4.885897162335812,4.707399782861602,0.00559233856832066,5,0.3210588490454761,1000,PRUNED
496,0.00015267750131897628,2026-05-19 10:06:19.933525,2026-05-19 10:06:20.420753,0 days 00:00:00.487228,112,3.744556687969552,1.2213378015823129,0.0073875281230351385,4,0.575190543640648,4000,PRUNED
497,0.0013429688988253474,2026-05-19 10:06:20.430659,2026-05-19 10:06:20.655587,0 days 00:00:00.224928,96,2.919096305762825,1.9321582787475051,0.00630105295500493,3,0.7924994800062597,3000,PRUNED
498,0.0009989120298996568,2026-05-19 10:06:20.665306,2026-05-19 10:06:20.967236,0 days 00:00:00.301930,128,4.328555289914741,2.3954347928670505,0.0015423559481513652,5,0.6227979140774765,1000,PRUNED
499,0.0892733708024025,2026-05-19 10:06:20.975473,2026-05-19 10:06:21.281419,0 days 00:00:00.305946,96,1.1536568967107677,6.137917278776937,0.009256959113477178,6,0.35188291257524157,2000,PRUNED
500,0.001505988766439259,2026-05-19 10:06:21.288702,2026-05-19 10:06:21.552504,0 days 00:00:00.263802,112,5.512299409067243,7.819632997012955,0.0077207557120730925,4,0.3825896806245674,1000,PRUNED
501,0.0005063153221271932,2026-05-19 10:06:21.560556,2026-05-19 10:06:21.851894,0 days 00:00:00.291338,128,6.672987376411691,4.042931959696224,0.0010515894392107994,5,0.4047690731580798,2000,PRUNED
502,3.677349741337821e-05,2026-05-19 10:06:21.859709,2026-05-19 10:06:22.395201,0 days 00:00:00.535492,96,6.075914478467562,1.5331248392653036,0.006895434475449093,5,0.5629915114737891,2000,PRUNED
503,0.0006355042569339275,2026-05-19 10:06:22.402417,2026-05-19 10:06:22.666253,0 days 00:00:00.263836,80,7.753836354735999,3.1340768225333226,0.0038345722506380755,4,0.5817767238299091,2000,PRUNED
504,0.0014706000220030546,2026-05-19 10:06:22.673666,2026-05-19 10:06:22.965782,0 days 00:00:00.292116,112,20.269054027893837,5.142488413318137,0.008207425335184319,5,0.43520689638306886,1000,PRUNED
505,0.004015679936856031,2026-05-19 10:06:22.973663,2026-05-19 10:06:23.249121,0 days 00:00:00.275458,128,55.81025562508018,1.008798697764628,0.00598223264430299,4,0.6136864147332676,4000,PRUNED
506,0.0005098984693177044,2026-05-19 10:06:23.256700,2026-05-19 10:06:23.515101,0 days 00:00:00.258401,96,2.4043888630715577,2.4423093350895173,0.0003881489604074931,4,0.36503772880590196,1000,PRUNED
507,0.002798372646793723,2026-05-19 10:06:23.522458,2026-05-19 10:06:23.833636,0 days 00:00:00.311178,128,3.2976820918797056,1.8821199213246427,0.007291514838468189,5,0.6857949911642014,2000,PRUNED
508,0.00035509199369698763,2026-05-19 10:06:23.840946,2026-05-19 10:06:24.143144,0 days 00:00:00.302198,112,4.891872922457397,0.161319392702273,0.0047381844824026355,5,0.33564696015281503,1000,PRUNED
509,0.0009829218033701181,2026-05-19 10:06:24.150727,2026-05-19 10:06:24.389405,0 days 00:00:00.238678,96,8.989058287967628,3.7287244717962054,0.009960054855744789,4,0.5924610371970824,2000,PRUNED
510,0.0006096614524722099,2026-05-19 10:06:24.396841,2026-05-19 10:06:24.667213,0 days 00:00:00.270372,128,4.32995986457243,1.1944882540585031,0.006481775235181968,5,0.8215597346214081,1000,PRUNED
511,0.0008771233260631561,2026-05-19 10:06:24.674486,2026-05-19 10:06:24.934562,0 days 00:00:00.260076,96,10.875646594350645,0.7920722607571323,0.0055788505865369264,4,0.5219936336890082,5000,PRUNED
512,0.0035944776609539986,2026-05-19 10:06:24.942219,2026-05-19 10:06:25.227458,0 days 00:00:00.285239,96,3.966536745808172,2.941226250044513,0.008563916279202763,5,0.316250354445971,2000,PRUNED
513,0.011382462456822395,2026-05-19 10:06:25.235274,2026-05-19 10:06:25.420738,0 days 00:00:00.185464,128,2.775983086836944,4.673514886166542,0.007438116631283921,2,0.6429279479281835,4000,PRUNED
514,0.00268804794177413,2026-05-19 10:06:25.429452,2026-05-19 10:06:25.754338,0 days 00:00:00.324886,96,5.963769008762133,0.02984275272126754,0.006505556977470028,6,0.7385349131126507,2000,PRUNED
515,0.001382788410410285,2026-05-19 10:06:25.763792,2026-05-19 10:06:26.044833,0 days 00:00:00.281041,128,7.011921195042257,5.986717908343626,0.0051717664765534065,4,0.5679183372172805,1000,PRUNED
516,0.0014814670430496335,2026-05-19 10:06:26.054935,2026-05-19 10:06:26.322937,0 days 00:00:00.268002,112,5.16180087561148,9.891177196906705,0.0008875393220738277,5,0.3431229168442154,2000,PRUNED
517,0.01061480026692152,2026-05-19 10:06:26.331737,2026-05-19 10:06:26.576906,0 days 00:00:00.245169,128,3.0709505221664086,1.7701672284579344,0.008155848844236075,5,0.5421397013622052,1000,PRUNED
518,5.167063500266522e-05,2026-05-19 10:06:26.584156,2026-05-19 10:06:26.969137,0 days 00:00:00.384981,96,4.621348243910277,2.3104798141652756,0.000581792018429675,4,0.4242951076758731,2000,PRUNED
519,2.503616997273639e-05,2026-05-19 10:06:26.977128,2026-05-19 10:06:28.223195,0 days 00:00:01.246067,96,3.6618692838095326,1.468429635994554,0.002106528986940621,4,0.660116502339535,3000,PRUNED
520,9.390796185471117e-05,2026-05-19 10:06:28.229911,2026-05-19 10:06:28.789660,0 days 00:00:00.559749,112,5.582522260920915,3.6793572024818353,0.007006630363550523,6,0.41049713908651136,2000,PRUNED
521,2.7360515559848864e-06,2026-05-19 10:06:28.797383,2026-05-19 10:06:33.063794,0 days 00:00:04.266411,128,2.1436918995365692,2.870605041558768,0.006051368011898408,5,0.6003283511836192,1000,COMPLETE
522,0.0005567094776779413,2026-05-19 10:06:33.073943,2026-05-19 10:06:33.312631,0 days 00:00:00.238688,128,2.0449032943427694,2.9335394627885294,0.000325937417844033,4,0.6035942446945188,1000,PRUNED
523,0.0014121985295787454,2026-05-19 10:06:33.319202,2026-05-19 10:06:33.570339,0 days 00:00:00.251137,128,1.6799449380775846,2.686842910353316,0.005946827296339927,4,0.6253569769294134,4000,PRUNED
524,2.4256951292045414e-07,2026-05-19 10:06:33.577262,2026-05-19 10:06:37.647083,0 days 00:00:04.069821,128,1.906081486435454,3.1853056725629973,0.007567302468301831,4,0.6088785978352446,2000,COMPLETE
525,0.0024062981829047203,2026-05-19 10:06:37.658098,2026-05-19 10:06:37.892087,0 days 00:00:00.233989,128,1.5447457047424111,2.161073594734058,0.009114225131734594,4,0.608515046456911,2000,PRUNED
526,1.1645987569863792e-06,2026-05-19 10:06:37.898715,2026-05-19 10:06:41.832759,0 days 00:00:03.934044,128,1.4774877220219678,3.11926285753584,0.007970346509561072,4,0.617325716750049,2000,COMPLETE
527,0.001128361327573657,2026-05-19 10:06:41.848421,2026-05-19 10:06:42.109074,0 days 00:00:00.260653,128,1.8624605169889257,2.5075319105108305,0.008106071966018346,4,0.613448390334394,2000,PRUNED
528,0.0011976482346653938,2026-05-19 10:06:42.115943,2026-05-19 10:06:42.327250,0 days 00:00:00.211307,128,2.0558584375333337,3.141793619910476,0.009243389935472286,4,0.6293675440312839,2000,PRUNED
529,3.0908728376743966e-07,2026-05-19 10:06:42.333583,2026-05-19 10:06:46.119816,0 days 00:00:03.786233,128,1.5445009256309157,2.160950572815891,0.0076469050534363325,4,0.6192162621237495,2000,COMPLETE
530,0.0011065119178965688,2026-05-19 10:06:46.130878,2026-05-19 10:06:46.359133,0 days 00:00:00.228255,128,2.0512836744890146,2.227657585783906,0.00010006407862365634,4,0.6204687913724527,2000,PRUNED
531,0.007318428717553616,2026-05-19 10:06:46.365749,2026-05-19 10:06:46.585919,0 days 00:00:00.220170,128,1.2591181311614312,2.8287655403070597,0.007390859083911014,4,0.6428544639736661,2000,PRUNED
532,0.0013318568235263228,2026-05-19 10:06:46.592621,2026-05-19 10:06:46.813589,0 days 00:00:00.220968,128,1.527049469697311,2.038603902552416,0.007708348305855028,4,0.6145494551256196,2000,PRUNED
533,0.0020414381287992,2026-05-19 10:06:46.819885,2026-05-19 10:06:47.041087,0 days 00:00:00.221202,128,1.4030657650523466,2.4917106784658203,0.006981725148019234,4,0.6272082740509786,2000,PRUNED
534,0.003921911586076021,2026-05-19 10:06:47.048545,2026-05-19 10:06:47.268892,0 days 00:00:00.220347,128,1.583215159370234,3.4035442816304347,0.00781973102191795,4,0.5970054962766731,2000,PRUNED
535,0.0008465700666420162,2026-05-19 10:06:47.276024,2026-05-19 10:06:47.519444,0 days 00:00:00.243420,128,1.3662913049397136,2.774238320920332,0.008492393924130256,4,0.605733756276634,2000,PRUNED
536,0.0029310821555554867,2026-05-19 10:06:47.525914,2026-05-19 10:06:47.769188,0 days 00:00:00.243274,128,2.0327905242368227,2.1767205719723255,0.007066759767493928,4,0.6305586527649919,2000,PRUNED
537,0.00302836112678051,2026-05-19 10:06:47.776277,2026-05-19 10:06:48.011458,0 days 00:00:00.235181,128,1.8096122937441679,3.2329160005381974,0.007550497190919341,4,0.5969493240193509,2000,PRUNED
538,0.002801906317472458,2026-05-19 10:06:48.018342,2026-05-19 10:06:48.278235,0 days 00:00:00.259893,128,2.6778196690417686,1.836183199233316,0.006599850791381417,4,0.6146192663377492,2000,PRUNED
539,0.0015047105262055993,2026-05-19 10:06:48.285966,2026-05-19 10:06:48.506980,0 days 00:00:00.221014,128,1.2877764201562778,2.4897741124474964,0.008309054054770408,4,0.5855456518998109,2000,PRUNED
540,3.1585327064931334e-07,2026-05-19 10:06:48.513579,2026-05-19 10:06:52.140030,0 days 00:00:03.626451,128,2.57410025664734,3.3515668637890403,0.00758496876339286,4,0.5998873349816052,4000,COMPLETE
541,0.0010922758374363184,2026-05-19 10:06:52.153221,2026-05-19 10:06:52.376626,0 days 00:00:00.223405,128,1.5535935932169886,3.5424723742413464,0.007779222126137858,4,0.6027364278577096,2000,PRUNED
542,0.001428027986548841,2026-05-19 10:06:52.383553,2026-05-19 10:06:52.602733,0 days 00:00:00.219180,128,1.764354440592251,4.126273223758334,0.008469850896270292,4,0.617512355338141,4000,PRUNED
543,0.006140252109616995,2026-05-19 10:06:52.609602,2026-05-19 10:06:52.828028,0 days 00:00:00.218426,128,1.434908144922134,3.1263746127199674,0.007313719708945536,4,0.64132696409811,2000,PRUNED
544,0.0150520084425807,2026-05-19 10:06:52.834726,2026-05-19 10:06:53.083371,0 days 00:00:00.248645,128,1.193622705926915,3.69658189930191,0.007755991434574056,4,0.5978884307160294,2000,PRUNED
545,0.0016728189075365663,2026-05-19 10:06:53.090033,2026-05-19 10:06:53.306267,0 days 00:00:00.216234,128,2.220587034141057,2.811054347559668,0.008785609887582368,4,0.6134026152509768,3000,PRUNED
546,0.0020315165165811777,2026-05-19 10:06:53.313012,2026-05-19 10:06:53.532914,0 days 00:00:00.219902,128,1.870069882969182,3.1301782835400185,0.006916775047407113,4,0.6300682520256631,2000,PRUNED
547,0.006773284636437893,2026-05-19 10:06:53.541997,2026-05-19 10:06:53.763115,0 days 00:00:00.221118,128,1.74580325471309,4.53012003345112,0.0030293915764021935,4,0.6034403327346718,2000,PRUNED
548,0.00044008984696120024,2026-05-19 10:06:53.772290,2026-05-19 10:06:53.994136,0 days 00:00:00.221846,128,2.340636654464611,3.9106394655436643,0.007983191107003526,4,0.5907453388419703,2000,PRUNED
549,0.002618607599288225,2026-05-19 10:06:54.003247,2026-05-19 10:06:54.242865,0 days 00:00:00.239618,128,1.527212096537205,2.6431979886467416,0.007186876202833253,4,0.619963110510425,4000,PRUNED
550,0.0012120234314352274,2026-05-19 10:06:54.251729,2026-05-19 10:06:54.491073,0 days 00:00:00.239344,128,2.240993031685451,3.443260709508211,0.006239161653185226,4,0.5847188784725056,2000,PRUNED
551,0.0024488004855811596,2026-05-19 10:06:54.499817,2026-05-19 10:06:54.732477,0 days 00:00:00.232660,128,1.8997225088573504,2.2545415767212593,0.009267984698972017,4,0.6044714003081305,2000,PRUNED
552,0.0010975414188578725,2026-05-19 10:06:54.739194,2026-05-19 10:06:54.987375,0 days 00:00:00.248181,128,2.219248026953624,4.295548983077908,0.008245737180688044,4,0.5946693239618566,2000,PRUNED
553,0.006163788493722677,2026-05-19 10:06:54.993835,2026-05-19 10:06:55.217142,0 days 00:00:00.223307,128,1.3692840368936603,2.924804852645929,0.006688510642994729,4,0.6373222806730539,2000,PRUNED
554,0.005368703510612249,2026-05-19 10:06:55.223820,2026-05-19 10:06:55.431361,0 days 00:00:00.207541,128,1.670828324465858,3.5385264011025175,0.007533161319559727,4,0.6173983250827481,3000,PRUNED
555,0.0011766115203499794,2026-05-19 10:06:55.438030,2026-05-19 10:06:55.669061,0 days 00:00:00.231031,128,2.424684504062914,0.020957470175911423,0.008878494145969017,4,0.5874209284366372,2000,PRUNED
556,0.011851979419589043,2026-05-19 10:06:55.676436,2026-05-19 10:06:55.906513,0 days 00:00:00.230077,128,1.6688940719283696,5.062469713311337,0.007165705251305379,4,0.6041476332756527,4000,PRUNED
557,0.0003851293586194515,2026-05-19 10:06:55.916736,2026-05-19 10:06:56.170372,0 days 00:00:00.253636,128,1.9313517995531624,2.494047760038659,0.00021116570702104366,4,0.6277576636460861,2000,PRUNED
558,0.01008208654820919,2026-05-19 10:06:56.177960,2026-05-19 10:06:56.426408,0 days 00:00:00.248448,128,2.4839922432520725,6.760601314819653,0.006206623487650449,4,0.5791698906760199,2000,PRUNED
559,0.05314255133271217,2026-05-19 10:06:56.433178,2026-05-19 10:06:56.665283,0 days 00:00:00.232105,128,1.9678467364014876,8.63720726846211,0.007828879374767764,4,0.610912687609049,1000,PRUNED
560,0.0008981564897112548,2026-05-19 10:06:56.672036,2026-05-19 10:06:56.918814,0 days 00:00:00.246778,128,2.259763673143288,3.1305108612027315,0.00016084831186141284,4,0.5959501930435228,2000,PRUNED
561,0.002915649674832821,2026-05-19 10:06:56.925431,2026-05-19 10:06:57.178187,0 days 00:00:00.252756,128,1.2422904953058524,2.0681226036795035,0.006782887471341815,4,0.3123817891190111,2000,PRUNED
562,0.012554241344332695,2026-05-19 10:06:57.185294,2026-05-19 10:06:57.410908,0 days 00:00:00.225614,128,1.400745703384937,4.011052051431562,0.008498075885555336,4,0.6223916710393802,4000,PRUNED
563,0.00718764029443264,2026-05-19 10:06:57.417232,2026-05-19 10:06:57.644357,0 days 00:00:00.227125,128,1.6947730555343474,5.60626682065244,0.00011381950176572435,4,0.3015242619975852,1000,PRUNED
564,0.0008794523309916258,2026-05-19 10:06:57.651312,2026-05-19 10:06:57.902203,0 days 00:00:00.250891,128,2.616357465409414,2.6074917581028294,0.005454262459099213,4,0.3268101674251013,2000,PRUNED
565,0.00596648920327425,2026-05-19 10:06:57.909262,2026-05-19 10:06:58.112769,0 days 00:00:00.203507,128,2.6095045132178747,4.47456388434077,0.0074664542765908466,3,0.5807233545437483,2000,PRUNED
566,0.003748262068256736,2026-05-19 10:06:58.120064,2026-05-19 10:06:58.365051,0 days 00:00:00.244987,128,2.3545872206525935,0.0010435855196165675,0.006441349744804162,4,0.6088944005127118,1000,PRUNED
567,0.0013540089130401611,2026-05-19 10:06:58.371795,2026-05-19 10:06:58.609087,0 days 00:00:00.237292,128,2.4761683062658393,3.0856907812329806,0.008351416890163084,4,0.5920604051365557,2000,PRUNED
568,0.0006384195876307786,2026-05-19 10:06:58.616330,2026-05-19 10:06:58.810737,0 days 00:00:00.194407,128,1.8786744769354007,2.3215814236412986,0.001809710369952545,3,0.5736998849133859,1000,PRUNED
569,0.018231812864542007,2026-05-19 10:06:58.817334,2026-05-19 10:06:59.038118,0 days 00:00:00.220784,128,2.126467181980649,7.934176392143176,0.005832649739225616,4,0.632000939213596,3000,PRUNED
570,0.0005511781782843173,2026-05-19 10:06:59.045336,2026-05-19 10:06:59.290939,0 days 00:00:00.245603,128,8.355602024776692,3.512010509469641,0.007343736295153506,4,0.599142803412428,1000,PRUNED
571,0.00257844477891922,2026-05-19 10:06:59.298746,2026-05-19 10:06:59.517353,0 days 00:00:00.218607,128,1.5583024626393638,1.8993393711786766,0.006860850459869045,4,0.6106794649184882,2000,PRUNED
572,0.003071448067203164,2026-05-19 10:06:59.525408,2026-05-19 10:06:59.768071,0 days 00:00:00.242663,128,2.6536605976965983,5.362095635813116,0.0023603969710291385,4,0.5882533778417802,2000,PRUNED
573,0.0036230282858014107,2026-05-19 10:06:59.776994,2026-05-19 10:07:00.025720,0 days 00:00:00.248726,128,2.0442100091819353,0.34737965857863135,0.009988165430186758,4,0.6514192199192923,4000,PRUNED
574,0.0013904684456065297,2026-05-19 10:07:00.034276,2026-05-19 10:07:00.252298,0 days 00:00:00.218022,128,2.7949389483769718,2.6582750782747437,0.003388472927273295,4,0.324637316013818,1000,PRUNED
575,7.566518615931273e-05,2026-05-19 10:07:00.261201,2026-05-19 10:07:00.712820,0 days 00:00:00.451619,128,1.4400618575938813,0.456729674556263,0.007827241806503092,4,0.6164018621405359,2000,PRUNED
576,0.003517408389598131,2026-05-19 10:07:00.722260,2026-05-19 10:07:00.952951,0 days 00:00:00.230691,128,7.423829135878247,3.9759699655631193,0.00887333013670862,4,0.5523409210665347,5000,PRUNED
577,4.321164306020364e-05,2026-05-19 10:07:00.960181,2026-05-19 10:07:01.376090,0 days 00:00:00.415909,128,2.4161974230533,3.075150201143988,0.004183767108835246,4,0.5828993832498435,1000,PRUNED
578,0.001110429409891367,2026-05-19 10:07:01.384760,2026-05-19 10:07:01.615196,0 days 00:00:00.230436,128,1.6147841750705794,2.2041576242184813,0.006031558043774198,4,0.8598230796441901,3000,PRUNED
579,0.005327110178768635,2026-05-19 10:07:01.623096,2026-05-19 10:07:01.874787,0 days 00:00:00.251691,128,2.1513014576024343,4.691096935441299,0.006936748969063583,5,0.6004752276381751,2000,PRUNED
580,0.030965711921453476,2026-05-19 10:07:01.881358,2026-05-19 10:07:02.138006,0 days 00:00:00.256648,128,1.0832914237143525,3.560742692883401,0.008109717858637752,4,0.5652923645160827,2000,PRUNED
581,0.0023418262135237455,2026-05-19 10:07:02.144646,2026-05-19 10:07:02.405568,0 days 00:00:00.260922,128,9.922625697076684,7.027315886951512,0.006396741520813594,5,0.6359789898156921,4000,PRUNED
582,0.0016932308208197355,2026-05-19 10:07:02.412539,2026-05-19 10:07:02.640284,0 days 00:00:00.227745,128,2.963522630206434,1.7391851233160942,0.009278928456501488,4,0.3363258209729425,1000,PRUNED
583,2.6902616809820756e-05,2026-05-19 10:07:02.646900,2026-05-19 10:07:03.275643,0 days 00:00:00.628743,128,6.497077806936214,2.611029869142858,0.004769841517639979,5,0.31571250064998146,2000,PRUNED
584,0.0086589977145195,2026-05-19 10:07:03.284149,2026-05-19 10:07:03.502750,0 days 00:00:00.218601,128,1.2798920469063106,3.7256955102854743,0.007603058431094178,4,0.5735516823576107,1000,PRUNED
585,0.009526630863547325,2026-05-19 10:07:03.510650,2026-05-19 10:07:03.749045,0 days 00:00:00.238395,80,8.930812038259724,0.09159764543544212,0.0014193473697964017,5,0.6081517298012339,2000,PRUNED
586,0.013845669105648994,2026-05-19 10:07:03.757080,2026-05-19 10:07:03.977447,0 days 00:00:00.220367,128,1.8153257356974457,5.828772228223482,0.005290820862381375,4,0.6191293337689598,2000,PRUNED
587,0.000656650576274842,2026-05-19 10:07:03.986435,2026-05-19 10:07:04.241405,0 days 00:00:00.254970,128,7.81273380191694,3.020357868433182,0.007111798062130394,4,0.5934573141348501,1000,PRUNED
588,0.003672317834571004,2026-05-19 10:07:04.249862,2026-05-19 10:07:04.502318,0 days 00:00:00.252456,80,5.777447948270237,4.407875462042179,0.00013437598713921504,5,0.3092437887075352,2000,PRUNED
589,0.0017651361413300037,2026-05-19 10:07:04.509812,2026-05-19 10:07:04.725645,0 days 00:00:00.215833,128,2.223282029045496,2.5527462722221377,0.008305602745731873,4,0.3507663082018396,1000,PRUNED
590,5.503877764567733e-05,2026-05-19 10:07:04.732412,2026-05-19 10:07:05.170165,0 days 00:00:00.437753,128,6.956515599121,2.0493659687518724,0.006264845417557081,5,0.5349656370900414,2000,PRUNED
591,0.001544420374557376,2026-05-19 10:07:05.177193,2026-05-19 10:07:05.450219,0 days 00:00:00.273026,32,2.4614555669395664,3.485089012892856,0.0076104091706548326,5,0.5827234716914916,2000,PRUNED
592,3.8441179640358314e-05,2026-05-19 10:07:05.457616,2026-05-19 10:07:05.883600,0 days 00:00:00.425984,128,6.517881156112917,1.6342549353124884,0.005646669793685403,4,0.3283609469873606,1000,PRUNED
593,0.002572254743427038,2026-05-19 10:07:05.890459,2026-05-19 10:07:06.136381,0 days 00:00:00.245922,128,2.784080354388116,4.942901882641759,0.0067421031026937365,5,0.5607957461933623,4000,PRUNED
594,0.001250336761586368,2026-05-19 10:07:06.143184,2026-05-19 10:07:06.365976,0 days 00:00:00.222792,128,5.430265325505417,2.955361107634076,0.00861566900667498,4,0.5968537767712463,2000,PRUNED
595,6.371587369358167e-05,2026-05-19 10:07:06.373998,2026-05-19 10:07:06.808222,0 days 00:00:00.434224,128,3.0880066528076875,2.1247752008537706,0.002784272878090901,5,0.6080337989617695,1000,PRUNED
596,0.0018126248614862561,2026-05-19 10:07:06.816424,2026-05-19 10:07:07.021237,0 days 00:00:00.204813,128,6.179120639074912,8.265972552145856,0.00708159920602378,4,0.4715973283616318,2000,PRUNED
597,0.0006960196769796312,2026-05-19 10:07:07.028064,2026-05-19 10:07:07.262746,0 days 00:00:00.234682,128,23.868027393245526,4.223394887897846,0.00921975269467032,4,0.5730603090361334,2000,PRUNED
598,0.004966231994330883,2026-05-19 10:07:07.270272,2026-05-19 10:07:07.512899,0 days 00:00:00.242627,128,5.266732131351466,6.317531989764445,0.007926304584113667,5,0.6234798978252563,4000,PRUNED
599,0.002131920773535967,2026-05-19 10:07:07.519490,2026-05-19 10:07:07.763858,0 days 00:00:00.244368,128,1.3604336261130645,2.5587194030641123,0.0061456195289974055,4,0.6439448418092464,2000,PRUNED
600,0.0031453657429665327,2026-05-19 10:07:07.770687,2026-05-19 10:07:08.050233,0 days 00:00:00.279546,128,2.6464151814499313,3.493399468091142,0.006634617019339855,5,0.33396370852057006,1000,PRUNED
601,0.004311441909521818,2026-05-19 10:07:08.057266,2026-05-19 10:07:08.315256,0 days 00:00:00.257990,128,4.88388734309435,1.8976166911244428,0.007508007732039677,5,0.3469547105750952,2000,PRUNED
602,2.2132639060146175e-05,2026-05-19 10:07:08.323291,2026-05-19 10:07:08.938145,0 days 00:00:00.614854,64,7.197529451972928,2.8862128945473544,0.008438558395918429,4,0.45835734832687025,3000,PRUNED
603,0.0016779298894107342,2026-05-19 10:07:08.945348,2026-05-19 10:07:09.175438,0 days 00:00:00.230090,128,2.928415477349808,5.381814103015461,0.0008022360277492606,4,0.30104541492858417,1000,PRUNED
604,0.0019136627670377493,2026-05-19 10:07:09.181798,2026-05-19 10:07:09.459731,0 days 00:00:00.277933,128,2.189738049619645,4.079506913630289,0.005842861435521231,5,0.5913664439722465,1000,PRUNED
605,0.0013272687792778015,2026-05-19 10:07:09.466336,2026-05-19 10:07:09.684470,0 days 00:00:00.218134,128,8.343512776829627,1.50454510606806,0.007174819240611936,4,0.5492800541981805,2000,PRUNED
606,0.0009079307201318443,2026-05-19 10:07:09.691238,2026-05-19 10:07:09.937406,0 days 00:00:00.246168,128,5.7472816580223745,2.255839442753979,0.007967914779437273,4,0.6256558780354421,1000,PRUNED
607,0.0032222166191786528,2026-05-19 10:07:09.944598,2026-05-19 10:07:10.190284,0 days 00:00:00.245686,128,1.4760152201592058,3.232860098154791,0.006405266855404003,5,0.6040428654357795,2000,PRUNED
608,0.09925226867198944,2026-05-19 10:07:10.197751,2026-05-19 10:07:10.476229,0 days 00:00:00.278478,128,1.7038752379769968,4.561758295278977,0.00916540465645878,5,0.4924721426332979,2000,PRUNED
609,7.577173528261483e-05,2026-05-19 10:07:10.483515,2026-05-19 10:07:10.874128,0 days 00:00:00.390613,128,5.101709527374764,0.6150674505521756,0.00552253555649843,4,0.3219350841548774,5000,PRUNED
610,9.825554298004135e-05,2026-05-19 10:07:10.880839,2026-05-19 10:07:11.361745,0 days 00:00:00.480906,128,1.8843559491192987,0.2860884611538169,0.007129633365759059,5,0.35993007047668324,4000,PRUNED
611,0.003790609771385789,2026-05-19 10:07:11.371179,2026-05-19 10:07:11.627463,0 days 00:00:00.256284,128,6.253621191798562,6.930058320803566,0.008435073129789883,5,0.5179707997146724,2000,PRUNED
612,0.001739251078106463,2026-05-19 10:07:11.634543,2026-05-19 10:07:11.848142,0 days 00:00:00.213599,128,2.442921170283297,2.35606558059789,0.004988427801212435,4,0.5817014489756193,1000,PRUNED
613,0.0004219058027956635,2026-05-19 10:07:11.854742,2026-05-19 10:07:12.081223,0 days 00:00:00.226481,128,4.609517815316449,3.7400667649736627,0.006732250767850938,4,0.613103278633802,2000,PRUNED
614,0.001083371345885098,2026-05-19 10:07:12.088781,2026-05-19 10:07:12.333638,0 days 00:00:00.244857,96,3.3024965367148407,2.9129442787791096,0.007633413273955905,4,0.562306414327301,1000,PRUNED
615,0.04090476036071777,2026-05-19 10:07:12.341204,2026-05-19 10:07:12.586048,0 days 00:00:00.244844,128,2.9087853167966315,1.3023530031238193,0.00947069583406664,5,0.6022639804612073,2000,PRUNED
616,0.0007544412510469556,2026-05-19 10:07:12.592332,2026-05-19 10:07:12.840476,0 days 00:00:00.248144,128,7.3650211170828825,1.7594337463022751,0.006287465398730063,4,0.6307406492315942,4000,PRUNED
617,0.0016924678348004818,2026-05-19 10:07:12.847266,2026-05-19 10:07:13.095733,0 days 00:00:00.248467,96,5.717575105483024,5.109195720186951,0.00787331977916025,5,0.5893079018251134,2000,PRUNED
618,0.0006402319995686412,2026-05-19 10:07:13.102702,2026-05-19 10:07:13.350447,0 days 00:00:00.247745,128,6.680635786160081,3.328462607484261,0.005829685028898305,4,0.576553485307475,1000,PRUNED
619,5.911073094466701e-05,2026-05-19 10:07:13.357245,2026-05-19 10:07:13.744964,0 days 00:00:00.387719,80,7.8605036095412055,2.4116610656630053,0.006975791506693183,4,0.3429231253998332,2000,PRUNED
620,0.022745586931705475,2026-05-19 10:07:13.752137,2026-05-19 10:07:14.002854,0 days 00:00:00.250717,128,1.0080511284004432,9.418553934197227,0.00019355923439480047,5,0.6148304519862783,4000,PRUNED
621,0.0029348789248615503,2026-05-19 10:07:14.010514,2026-05-19 10:07:14.230575,0 days 00:00:00.220061,96,4.268342221997726,3.8053815702174676,0.008554032681901606,4,0.31271183845574396,1000,PRUNED
622,0.000516686006449163,2026-05-19 10:07:14.239408,2026-05-19 10:07:14.451656,0 days 00:00:00.212248,96,2.643491861445021,1.9763224097242624,0.00757155691378574,4,0.3673371927904929,3000,PRUNED
623,0.0009822562569752336,2026-05-19 10:07:14.460673,2026-05-19 10:07:14.709819,0 days 00:00:00.249146,128,9.29971725973962,2.6332480409720636,0.006615432254155413,5,0.592649935744496,2000,PRUNED
624,4.883497967966832e-05,2026-05-19 10:07:14.718172,2026-05-19 10:07:15.055472,0 days 00:00:00.337300,96,2.024056403731604,1.5602127796218979,0.007298896969012216,3,0.6554412046047045,1000,PRUNED
625,6.176255556056276e-05,2026-05-19 10:07:15.064239,2026-05-19 10:07:15.505196,0 days 00:00:00.440957,48,5.449059219611732,6.104166582231691,0.00868400827455576,5,0.3334148099474777,2000,PRUNED
626,0.0021706176921725273,2026-05-19 10:07:15.512663,2026-05-19 10:07:15.726880,0 days 00:00:00.214217,128,4.914576503943472,0.051727385060197854,0.009978879034983125,4,0.5677401195838386,2000,PRUNED
627,0.0006956400466151536,2026-05-19 10:07:15.734765,2026-05-19 10:07:15.975320,0 days 00:00:00.240555,128,3.40494032174765,4.261462443636118,0.005965462016154976,5,0.5335627002675438,1000,PRUNED
628,0.0012648581760004163,2026-05-19 10:07:15.981868,2026-05-19 10:07:16.204732,0 days 00:00:00.222864,96,2.369799759772472,3.026187549999371,0.005154620160005834,4,0.5541187792134153,2000,PRUNED
629,0.0005414749612100422,2026-05-19 10:07:16.211981,2026-05-19 10:07:16.452369,0 days 00:00:00.240388,80,6.1406733353211305,2.0148813937927836,0.0007049738853424065,5,0.7067776407256758,2000,PRUNED
630,0.001527491956949234,2026-05-19 10:07:16.459815,2026-05-19 10:07:16.677922,0 days 00:00:00.218107,128,3.9723903483732763,4.738728096895092,0.007924081083591905,4,0.44799705939368023,1000,PRUNED
631,0.00869035255163908,2026-05-19 10:07:16.685310,2026-05-19 10:07:16.905388,0 days 00:00:00.220078,128,3.1441147178370947,7.2705942907535075,0.006605306526516031,4,0.3553498841653634,2000,PRUNED
632,0.0074944752268493176,2026-05-19 10:07:16.912516,2026-05-19 10:07:17.157149,0 days 00:00:00.244633,96,1.5727311928458938,3.4593171327296113,0.0072398028603868495,5,0.6197743442109942,1000,PRUNED
633,0.0020921826362609863,2026-05-19 10:07:17.165119,2026-05-19 10:07:17.328172,0 days 00:00:00.163053,128,4.6717232302605485,2.735685874771976,0.008318068960613632,2,0.6056565475359855,4000,PRUNED
634,0.0009727819124236703,2026-05-19 10:07:17.337196,2026-05-19 10:07:17.568373,0 days 00:00:00.231177,128,7.101501662181072,3.9595920849854465,0.006297427497452835,4,0.5811918975201827,2000,PRUNED
635,4.2080122511833906e-05,2026-05-19 10:07:17.575823,2026-05-19 10:07:17.970375,0 days 00:00:00.394552,128,2.8406179191627317,0.9350390462084447,0.007707826406393639,4,0.3245574411177686,1000,PRUNED
636,0.0008102193824015558,2026-05-19 10:07:17.978120,2026-05-19 10:07:18.220233,0 days 00:00:00.242113,96,2.152272209897974,1.2788261781001606,0.00904311590676537,5,0.7496666612048231,2000,PRUNED
637,0.0015464809257537127,2026-05-19 10:07:18.228149,2026-05-19 10:07:18.447246,0 days 00:00:00.219097,128,5.270798989688996,9.891007107487434,0.004628903267521349,4,0.3748807355079107,2000,PRUNED
638,0.00039167923387140036,2026-05-19 10:07:18.455383,2026-05-19 10:07:18.696301,0 days 00:00:00.240918,96,5.775240976676189,2.335440606132595,0.0057471414810255006,5,0.603556756047186,3000,PRUNED
639,0.0003943735209759325,2026-05-19 10:07:18.703614,2026-05-19 10:07:18.921590,0 days 00:00:00.217976,128,6.57005973705684,5.732418243575519,0.006591237252502999,4,0.6377066543201981,1000,PRUNED
640,2.0530507754301652e-05,2026-05-19 10:07:18.928804,2026-05-19 10:07:19.581746,0 days 00:00:00.652942,96,4.2928144259519945,3.05140392066433,0.0009576659287354886,5,0.5929251988892422,2000,PRUNED
641,5.661149771185592e-05,2026-05-19 10:07:19.589694,2026-05-19 10:07:20.025341,0 days 00:00:00.435647,128,2.521220763281674,3.3306572333979543,0.0035992648818683657,5,0.3972250620248627,2000,PRUNED
642,0.0003534978604875505,2026-05-19 10:07:20.036245,2026-05-19 10:07:20.274602,0 days 00:00:00.238357,96,8.193449073264699,1.7910389792604846,0.007075486035868888,4,0.6242698833950698,4000,PRUNED
643,0.00033991545205935836,2026-05-19 10:07:20.282083,2026-05-19 10:07:20.511772,0 days 00:00:00.229689,112,3.6454272005229886,4.846981858355006,0.008093556859856169,4,0.3459750314263553,1000,PRUNED
644,0.001850625965744257,2026-05-19 10:07:20.518462,2026-05-19 10:07:20.770134,0 days 00:00:00.251672,128,4.800133728077228,1.4473003655637244,0.0073836021881871295,5,0.5737100117195532,2000,PRUNED
645,0.0010735810501500964,2026-05-19 10:07:20.777313,2026-05-19 10:07:21.028155,0 days 00:00:00.250842,128,3.1541931650922073,0.7093327328418348,0.005306083253822854,4,0.6664901791020321,2000,PRUNED
646,0.0025428617373108864,2026-05-19 10:07:21.035287,2026-05-19 10:07:21.266950,0 days 00:00:00.231663,80,5.233287439225649,2.5474883839608546,0.008787244959134992,4,0.5497856774452813,1000,PRUNED
647,3.545758954714984e-05,2026-05-19 10:07:21.273457,2026-05-19 10:07:22.023106,0 days 00:00:00.749649,96,27.083527472254556,7.844077087767298,0.006035815520652804,5,0.38920161381307405,2000,PRUNED
648,0.012043566443026066,2026-05-19 10:07:22.030870,2026-05-19 10:07:22.249007,0 days 00:00:00.218137,128,1.327371535136692,3.9645113063394417,0.00696232009185514,4,0.7683424912167787,1000,PRUNED
649,0.0007784405024722219,2026-05-19 10:07:22.255579,2026-05-19 10:07:22.501958,0 days 00:00:00.246379,112,6.092145637209429,2.2577801690998753,0.007946856547610898,4,0.5976726345597951,2000,PRUNED
650,3.819099219981581e-05,2026-05-19 10:07:22.509068,2026-05-19 10:07:22.942814,0 days 00:00:00.433746,128,10.42419938163446,1.1147360072297356,0.001150013493948618,5,0.3177075036169494,1000,PRUNED
651,0.002463758224621415,2026-05-19 10:07:22.951856,2026-05-19 10:07:23.185457,0 days 00:00:00.233601,96,2.7397072858621145,0.008336890005897978,0.0065323496538936855,4,0.8095871265301264,2000,PRUNED
652,0.002012767130509019,2026-05-19 10:07:23.193169,2026-05-19 10:07:23.438994,0 days 00:00:00.245825,128,1.797057145211262,2.8552990649939423,0.009452278305800739,4,0.3004359183067729,4000,PRUNED
653,0.0030402541160583496,2026-05-19 10:07:23.446826,2026-05-19 10:07:23.729251,0 days 00:00:00.282425,128,4.420525351230488,3.4947396349322504,0.007546029157193522,5,0.6127994204607503,2000,PRUNED
654,0.0006182791548781097,2026-05-19 10:07:23.736238,2026-05-19 10:07:24.012878,0 days 00:00:00.276640,128,15.031463220468881,1.79459859338934,0.00549261144469154,5,0.5876478378962441,1000,PRUNED
655,0.001066586235538125,2026-05-19 10:07:24.019800,2026-05-19 10:07:24.283493,0 days 00:00:00.263693,96,4.057065394328269,4.301979185573711,0.008430420616892599,5,0.5675928446480116,3000,PRUNED
656,0.001913997926749289,2026-05-19 10:07:24.291130,2026-05-19 10:07:24.517577,0 days 00:00:00.226447,128,3.520052453574618,0.004270935569860367,0.006808924781151637,4,0.3349206327458183,2000,PRUNED
657,0.004202425945550203,2026-05-19 10:07:24.525054,2026-05-19 10:07:24.733098,0 days 00:00:00.208044,96,2.370879256805365,5.948087980978457,0.0016490997366703768,4,0.35573582145627475,2000,PRUNED
658,0.00010207110608462244,2026-05-19 10:07:24.741322,2026-05-19 10:07:25.193022,0 days 00:00:00.451700,112,83.17654464231215,2.1621975896196894,0.006148680894079623,5,0.3756269057146052,1000,PRUNED
659,2.7713294912246056e-05,2026-05-19 10:07:25.201283,2026-05-19 10:07:25.748055,0 days 00:00:00.546772,128,7.292782576891141,2.966351103266219,0.00726508199462481,4,0.7249066781928677,2000,PRUNED
660,0.0006483105244114995,2026-05-19 10:07:25.755291,2026-05-19 10:07:25.961879,0 days 00:00:00.206588,128,6.7253356708122,5.064382946618238,0.008077655782402274,4,0.6306857291709039,4000,PRUNED
661,0.003895614994689822,2026-05-19 10:07:25.968891,2026-05-19 10:07:26.225274,0 days 00:00:00.256383,112,5.6864056238468645,1.4980135178494232,0.00910737227377175,5,0.6103426029415547,2000,PRUNED
662,0.006437572184950113,2026-05-19 10:07:26.232182,2026-05-19 10:07:26.436684,0 days 00:00:00.204502,96,1.9587387737425588,3.6463758082428352,0.006737547258218411,3,0.5813387773402268,1000,PRUNED
663,0.0003690173907671124,2026-05-19 10:07:26.444294,2026-05-19 10:07:26.663477,0 days 00:00:00.219183,16,5.0067034419193215,2.683231647987451,0.007688624206605344,4,0.5601338564353938,4000,PRUNED
664,0.0002876024227589369,2026-05-19 10:07:26.672914,2026-05-19 10:07:27.122585,0 days 00:00:00.449671,32,1.4993561209431976,1.092608084230849,0.005804309536513563,5,0.5960261002839309,2000,PRUNED
665,0.0003641202347353101,2026-05-19 10:07:27.130256,2026-05-19 10:07:27.395789,0 days 00:00:00.265533,64,2.991662994001744,2.134804142079082,0.00844924721351944,5,0.32735626885340574,1000,PRUNED
666,0.002890275325626135,2026-05-19 10:07:27.404077,2026-05-19 10:07:27.628208,0 days 00:00:00.224131,96,1.6812770854279575,4.283793212986988,0.0013108179255348039,4,0.31128953528125775,2000,PRUNED
667,0.0006526645156554878,2026-05-19 10:07:27.636491,2026-05-19 10:07:27.915969,0 days 00:00:00.279478,128,3.9433790232465253,0.8906388335621143,0.009968470626044583,5,0.6429800995789546,1000,PRUNED
668,0.002160744508728385,2026-05-19 10:07:27.923922,2026-05-19 10:07:28.155867,0 days 00:00:00.231945,96,8.697707694840469,3.223620635684528,0.000240159509557959,4,0.5382522062649203,2000,PRUNED
669,0.020574327558279037,2026-05-19 10:07:28.163913,2026-05-19 10:07:28.405916,0 days 00:00:00.242003,128,2.178386110389385,7.67462688034994,0.006306469319411639,4,0.4191321362068459,1000,PRUNED
670,0.0023970615584403276,2026-05-19 10:07:28.412990,2026-05-19 10:07:28.661592,0 days 00:00:00.248602,128,2.595185033361582,1.6140469820534873,0.006976450425620605,5,0.3410055650818966,2000,PRUNED
671,6.542295886902139e-05,2026-05-19 10:07:28.668069,2026-05-19 10:07:29.059975,0 days 00:00:00.391906,96,7.82205767668356,2.5549251604550984,0.007435202879878812,4,0.6209148839027021,5000,PRUNED
672,0.0691613107919693,2026-05-19 10:07:29.067243,2026-05-19 10:07:29.267302,0 days 00:00:00.200059,128,1.1920028116402142,6.188640298462833,0.008495687395370738,4,0.6036598064601008,2000,PRUNED
673,0.0008954193908721209,2026-05-19 10:07:29.273428,2026-05-19 10:07:29.521422,0 days 00:00:00.247994,112,6.038764610271461,1.3433471927173153,0.005182206325443079,5,0.5106534818520073,3000,PRUNED
674,0.0014247266808524728,2026-05-19 10:07:29.528816,2026-05-19 10:07:29.771770,0 days 00:00:00.242954,128,5.28822332938635,4.9954147125091835,0.006386790287011867,4,0.38238417159372423,1000,PRUNED
675,0.00035202124854549766,2026-05-19 10:07:29.778484,2026-05-19 10:07:30.031687,0 days 00:00:00.253203,96,4.558335223614594,3.4646242556600826,0.007950480352578147,5,0.581994924963442,2000,PRUNED
676,0.00042974716052412987,2026-05-19 10:07:30.038697,2026-05-19 10:07:30.256410,0 days 00:00:00.217713,96,3.2027273189156578,1.82182690134694,0.006959735452017215,4,0.5897819297930257,1000,PRUNED
677,0.0008441692334599793,2026-05-19 10:07:30.263367,2026-05-19 10:07:30.521590,0 days 00:00:00.258223,128,6.516078474854367,4.16977698471885,0.004354763233570547,5,0.36817345064317153,4000,PRUNED
678,0.0005194382392801344,2026-05-19 10:07:30.527955,2026-05-19 10:07:30.750746,0 days 00:00:00.222791,128,3.506225414789657,2.564270870832108,0.005600155434303053,4,0.3522407559412611,2000,PRUNED
679,5.6701654102653265e-05,2026-05-19 10:07:30.758991,2026-05-19 10:07:31.262993,0 days 00:00:00.504002,128,4.296096642443269,3.0141210551886664,0.0022667821966142255,5,0.567976685052569,2000,PRUNED
680,0.0028343182057142258,2026-05-19 10:07:31.269475,2026-05-19 10:07:31.499852,0 days 00:00:00.230377,112,2.743631385543283,2.0557014180651296,0.009165071884853992,5,0.40921939472291896,1000,PRUNED
681,0.0035807888489216566,2026-05-19 10:07:31.506222,2026-05-19 10:07:31.723037,0 days 00:00:00.216815,128,4.87879264164312,8.343346435172373,0.007500327135941801,4,0.6177214667042756,2000,PRUNED
682,0.0013297076802700758,2026-05-19 10:07:31.729400,2026-05-19 10:07:31.947727,0 days 00:00:00.218327,128,5.648400242610559,3.7162804655527166,0.006061041957406048,4,0.6023550985321076,4000,PRUNED
683,0.001537533476948738,2026-05-19 10:07:31.954479,2026-05-19 10:07:32.199602,0 days 00:00:00.245123,96,3.774147531132344,4.9637565472931975,0.0080045180593909,5,0.3186947877945976,1000,PRUNED
684,0.001962055917829275,2026-05-19 10:07:32.206061,2026-05-19 10:07:32.408350,0 days 00:00:00.202289,96,6.968045947131308,2.354122550554893,0.006864943309583428,4,0.4365861928940386,2000,PRUNED
685,0.04624452069401741,2026-05-19 10:07:32.415810,2026-05-19 10:07:32.658638,0 days 00:00:00.242828,128,2.3824502700215335,0.986484456653253,0.00871802629751848,5,0.8921984164690059,2000,PRUNED
686,0.00022511093993671238,2026-05-19 10:07:32.665074,2026-05-19 10:07:33.116489,0 days 00:00:00.451415,112,2.9832858597620575,0.7704397709174646,0.000624418362110576,5,0.46556781596520863,1000,PRUNED
687,0.0007061368669383228,2026-05-19 10:07:33.124479,2026-05-19 10:07:33.343352,0 days 00:00:00.218873,128,5.263901525978335,1.2376621294732448,0.004903387491889482,4,0.5507173514652637,2000,PRUNED
688,0.0010122957173734903,2026-05-19 10:07:33.350247,2026-05-19 10:07:33.576281,0 days 00:00:00.226034,80,6.029371095630242,3.0327364486437336,0.007457987450764204,4,0.39968017964738484,3000,PRUNED
689,0.0036184368655085564,2026-05-19 10:07:33.584612,2026-05-19 10:07:33.797419,0 days 00:00:00.212807,112,4.169085446909315,3.8998814495078746,0.006188672110935481,3,0.5789811725530248,1000,PRUNED
690,0.0020142586436122656,2026-05-19 10:07:33.805346,2026-05-19 10:07:34.020164,0 days 00:00:00.214818,96,4.5555669321036785,1.5643623111026996,0.006734752959386568,4,0.34131517893658375,2000,PRUNED
691,0.026947252452373505,2026-05-19 10:07:34.029707,2026-05-19 10:07:34.260547,0 days 00:00:00.230840,96,1.7947869350667653,7.0072142597428755,0.008006022565153025,4,0.6302261411856424,2000,PRUNED
692,0.0007303595193661749,2026-05-19 10:07:34.269938,2026-05-19 10:07:34.519165,0 days 00:00:00.249227,128,2.0931317547952113,2.828484620308231,0.007188519418750207,5,0.6117891980410473,4000,PRUNED
693,0.0004187495505902916,2026-05-19 10:07:34.526988,2026-05-19 10:07:34.748954,0 days 00:00:00.221966,128,7.606236730658177,2.0026099233862165,0.00894756422037263,4,0.3615086147751421,1000,PRUNED
694,1.5051185755510232e-06,2026-05-19 10:07:34.757095,2026-05-19 10:07:39.858264,0 days 00:00:05.101169,128,3.377413668052286,5.478250252959722,0.005480949211481347,5,0.5897827559825725,2000,COMPLETE
695,0.0014967244351282716,2026-05-19 10:07:39.873027,2026-05-19 10:07:40.160065,0 days 00:00:00.287038,128,3.2111088627372912,6.63400880847632,0.005268826989182139,5,0.5932330045104433,2000,PRUNED
696,0.0012126610381528735,2026-05-19 10:07:40.167639,2026-05-19 10:07:40.414987,0 days 00:00:00.247348,96,3.3687619322461972,5.847803100768842,0.004894940475079442,5,0.5726753506373985,2000,PRUNED
697,0.0008103481377474964,2026-05-19 10:07:40.423253,2026-05-19 10:07:40.666902,0 days 00:00:00.243649,80,2.952040523936821,5.188945519576023,0.004597949678462398,5,0.5863534533653225,1000,PRUNED
698,0.0008943766006268561,2026-05-19 10:07:40.675251,2026-05-19 10:07:40.958031,0 days 00:00:00.282780,128,2.6302503627534173,5.663059377368913,0.004083896431149631,5,0.6042898458842196,2000,PRUNED
699,0.004245422314852476,2026-05-19 10:07:40.966892,2026-05-19 10:07:41.216450,0 days 00:00:00.249558,128,3.447454134440723,6.732287136969312,0.005948138470177561,5,0.5569125353720878,1000,PRUNED
700,0.0004647249879781157,2026-05-19 10:07:41.225012,2026-05-19 10:07:41.477118,0 days 00:00:00.252106,112,3.131223854036699,4.749766705366344,0.005457756546305391,5,0.5941791291052931,2000,PRUNED
701,0.004709410481154919,2026-05-19 10:07:41.484811,2026-05-19 10:07:41.730097,0 days 00:00:00.245286,128,2.8842690041615624,7.9215084812365095,0.005621516368871815,5,0.38874622815995125,2000,PRUNED
702,0.0008775319438427687,2026-05-19 10:07:41.736731,2026-05-19 10:07:41.993271,0 days 00:00:00.256540,96,2.56432116219724,4.824965478728848,0.005853566596642479,5,0.5722228875285061,1000,PRUNED
703,0.008061199449002743,2026-05-19 10:07:41.999943,2026-05-19 10:07:42.284221,0 days 00:00:00.284278,128,1.4580577174788465,4.131273656469491,0.004932701276050886,5,0.5846558048792186,2000,PRUNED
704,1.4293000276666135e-05,2026-05-19 10:07:42.291859,2026-05-19 10:07:43.233793,0 days 00:00:00.941934,96,3.650254201167726,5.707535087399594,0.006190207330716497,5,0.6102535099169283,4000,PRUNED
705,0.026013655588030815,2026-05-19 10:07:43.242436,2026-05-19 10:07:43.485840,0 days 00:00:00.243404,96,2.9020128663762645,9.8301293508577,0.006615509254889868,5,0.6501928428776214,5000,PRUNED
706,5.00321839354001e-05,2026-05-19 10:07:43.492325,2026-05-19 10:07:43.975497,0 days 00:00:00.483172,128,3.295894508218524,3.4002720655060976,0.005474698388976829,5,0.5992064747853674,1000,PRUNED
707,0.0015272838063538074,2026-05-19 10:07:43.982881,2026-05-19 10:07:44.253845,0 days 00:00:00.270964,128,6.526253975053573,0.03742964886484511,0.005769843326322247,5,0.37615954759951453,2000,PRUNED
708,0.0004959682119078934,2026-05-19 10:07:44.260900,2026-05-19 10:07:44.540349,0 days 00:00:00.279449,128,8.93450500796122,4.089391924094548,0.006356730224795712,5,0.5259533747117068,1000,PRUNED
709,0.009454620070755482,2026-05-19 10:07:44.546707,2026-05-19 10:07:44.797801,0 days 00:00:00.251094,96,2.8503329798567845,6.878163914561088,0.007057127454912628,5,0.6228600389777239,3000,PRUNED
710,0.0019449045648798347,2026-05-19 10:07:44.804561,2026-05-19 10:07:45.112099,0 days 00:00:00.307538,128,3.7442330398804153,4.385551095966519,0.0064002122524018275,6,0.5740657194382075,2000,PRUNED
711,0.0006755806389264762,2026-05-19 10:07:45.118887,2026-05-19 10:07:45.400433,0 days 00:00:00.281546,112,2.3718455858083463,3.528748717944202,0.004386913283471951,5,0.594659006205701,2000,PRUNED
712,0.002517266431823373,2026-05-19 10:07:45.407690,2026-05-19 10:07:45.711445,0 days 00:00:00.303755,128,7.121184631922786,5.5019151144890674,0.007506678502295643,5,0.693342372633883,4000,PRUNED
713,0.0005452067125588655,2026-05-19 10:07:45.718966,2026-05-19 10:07:45.999895,0 days 00:00:00.280929,128,1.622002170013941,2.4654780120250743,0.005315831658089326,5,0.5596484764096494,2000,PRUNED
714,0.0005928127211518586,2026-05-19 10:07:46.006821,2026-05-19 10:07:46.287869,0 days 00:00:00.281048,96,3.308115704336176,3.098337880297957,0.0018448508691392847,5,0.6068407087137224,3000,PRUNED
715,0.0006239871145226061,2026-05-19 10:07:46.295508,2026-05-19 10:07:46.555633,0 days 00:00:00.260125,96,6.241435662412628,8.201503808550369,0.008145604335128453,5,0.5411384453021939,1000,PRUNED
716,0.0008204441983252764,2026-05-19 10:07:46.563096,2026-05-19 10:07:46.839817,0 days 00:00:00.276721,112,5.454972671040816,4.54670700067848,0.00015877271609919703,5,0.5830790356861681,1000,PRUNED
717,0.0003565607767086476,2026-05-19 10:07:46.846165,2026-05-19 10:07:47.091807,0 days 00:00:00.245642,128,8.184639875372502,3.630749828762141,0.0025769222365855473,5,0.6354211999895011,2000,PRUNED
718,7.368058868451044e-05,2026-05-19 10:07:47.098819,2026-05-19 10:07:47.564774,0 days 00:00:00.465955,128,2.5960136739944426,2.6867076460021906,0.006776434216622345,5,0.4254208415035694,2000,PRUNED
719,4.601164982886985e-05,2026-05-19 10:07:47.571827,2026-05-19 10:07:48.014049,0 days 00:00:00.442222,128,1.9158962002845021,2.1866481716235193,0.006060651374303405,5,0.6197755079826366,1000,PRUNED
720,0.0010070656426250935,2026-05-19 10:07:48.020939,2026-05-19 10:07:48.315279,0 days 00:00:00.294340,112,9.42421918242398,0.22104840253689598,0.0020265713437350448,6,0.40386654380755904,2000,PRUNED
721,0.001273778616450727,2026-05-19 10:07:48.321580,2026-05-19 10:07:48.565168,0 days 00:00:00.243588,96,5.745095107717112,5.527161040491565,0.007554927997982993,5,0.3692344683767414,2000,PRUNED
722,0.06253845244646072,2026-05-19 10:07:48.572216,2026-05-19 10:07:48.843372,0 days 00:00:00.271156,128,3.0371141720480344,3.261288440024988,0.009188801321050138,5,0.4991027868875365,1000,PRUNED
723,0.002507399534806609,2026-05-19 10:07:48.850685,2026-05-19 10:07:49.113132,0 days 00:00:00.262447,96,2.254271634986083,4.145129151104157,0.0005468804879560852,5,0.7908177100130356,4000,PRUNED
724,0.0016908422112464905,2026-05-19 10:07:49.120319,2026-05-19 10:07:49.332701,0 days 00:00:00.212382,128,3.524919763055287,6.544621109780249,0.009995821740907835,4,0.5971667554957844,1000,PRUNED
725,3.7117675674380735e-05,2026-05-19 10:07:49.339364,2026-05-19 10:07:49.778537,0 days 00:00:00.439173,96,3.912236731318902,1.899718050760679,0.006818350590699072,5,0.5624070518147132,2000,PRUNED
726,0.0006108694360591471,2026-05-19 10:07:49.786353,2026-05-19 10:07:50.020071,0 days 00:00:00.233718,128,7.267486186527252,2.5466622020464555,0.008530447537334682,4,0.386514136498952,2000,PRUNED
727,0.0012055812403559685,2026-05-19 10:07:50.027419,2026-05-19 10:07:50.257893,0 days 00:00:00.230474,128,6.77781542038673,3.021146608711527,0.005026531248820434,4,0.4789903203481975,4000,PRUNED
728,0.002783003496006131,2026-05-19 10:07:50.264306,2026-05-19 10:07:50.421556,0 days 00:00:00.157250,112,2.733154431275226,0.13631294830314836,0.007330232684679523,2,0.5803170421811339,2000,PRUNED
729,0.010163218714296818,2026-05-19 10:07:50.428173,2026-05-19 10:07:50.676635,0 days 00:00:00.248462,96,1.3054935851588183,3.6149623408397464,0.00592853576332434,5,0.616933063683716,1000,PRUNED
730,0.0011883947299793363,2026-05-19 10:07:50.682865,2026-05-19 10:07:50.921822,0 days 00:00:00.238957,128,4.987244776208161,5.0020049835683,0.008119303659974977,4,0.8997946464505692,2000,PRUNED
731,0.0008391706505790353,2026-05-19 10:07:50.930523,2026-05-19 10:07:51.137832,0 days 00:00:00.207309,128,6.181694867756459,2.3411284860472574,0.006440230508302372,4,0.6088120074588355,1000,PRUNED
732,3.3654006983852014e-05,2026-05-19 10:07:51.146032,2026-05-19 10:07:51.595270,0 days 00:00:00.449238,96,7.979658143508503,1.7436046232616569,0.00721276420303129,5,0.5894247613934408,2000,PRUNED
733,0.0003510297101456672,2026-05-19 10:07:51.603303,2026-05-19 10:07:51.868482,0 days 00:00:00.265179,64,3.2048134197140943,4.167172666293951,0.0008740269700410714,5,0.3609405278311263,2000,PRUNED
734,0.00826969463378191,2026-05-19 10:07:51.877047,2026-05-19 10:07:52.120630,0 days 00:00:00.243583,128,2.5285477878005267,8.426537901875458,0.005421901755959065,5,0.4507808355488776,1000,PRUNED
735,4.464290032046847e-05,2026-05-19 10:07:52.128692,2026-05-19 10:07:52.556153,0 days 00:00:00.427461,96,5.645930840762302,2.99806643501626,0.008307528738700394,4,0.5756710712352565,4000,PRUNED
736,0.0007198320236057043,2026-05-19 10:07:52.564369,2026-05-19 10:07:52.832951,0 days 00:00:00.268582,48,3.9397849418607342,6.404297464435342,0.001043387481910027,4,0.600971559363388,2000,PRUNED
737,0.003167662536725402,2026-05-19 10:07:52.841096,2026-05-19 10:07:53.061100,0 days 00:00:00.220004,112,2.1674532432899025,0.01561579221231762,0.006785959608520952,3,0.629929047037358,1000,PRUNED
738,0.0008258889429271221,2026-05-19 10:07:53.067592,2026-05-19 10:07:53.332737,0 days 00:00:00.265145,128,12.701895647737098,4.855961434986807,0.007698802824787161,4,0.5441124923476899,2000,PRUNED
739,0.0008812539163045585,2026-05-19 10:07:53.339358,2026-05-19 10:07:53.592901,0 days 00:00:00.253543,128,2.8482249058792792,2.1609348199454694,0.0014908027899385088,5,0.5644034190553217,1000,PRUNED
740,0.0047094314359128475,2026-05-19 10:07:53.600043,2026-05-19 10:07:53.811134,0 days 00:00:00.211091,96,1.6165512242809774,3.694671775759943,0.005776039240268473,4,0.3812321149896879,3000,PRUNED
741,6.740048411302269e-05,2026-05-19 10:07:53.818923,2026-05-19 10:07:54.242745,0 days 00:00:00.423822,96,4.909652076100085,2.687038346180867,0.0007356992311674334,5,0.8365638150924329,2000,PRUNED
742,0.008376589976251125,2026-05-19 10:07:54.250685,2026-05-19 10:07:54.501189,0 days 00:00:00.250504,128,3.456677480807989,3.2290160539217534,0.009164936611497388,6,0.39671313654489615,2000,PRUNED
743,0.000599664926994592,2026-05-19 10:07:54.509047,2026-05-19 10:07:54.739602,0 days 00:00:00.230555,128,6.576773035872096,5.707224435671778,0.006406322722994307,5,0.6762884713899364,2000,PRUNED
744,0.0017871242016553879,2026-05-19 10:07:54.747827,2026-05-19 10:07:54.961266,0 days 00:00:00.213439,128,1.475776208379131,4.5191469709148215,0.00042987962064553137,4,0.4122270895028627,4000,PRUNED
745,0.00038684671744704247,2026-05-19 10:07:54.969870,2026-05-19 10:07:55.196389,0 days 00:00:00.226519,80,4.3270273523397345,1.691564562330111,0.007697403646726098,5,0.5904893686123563,1000,PRUNED
746,0.001078896108083427,2026-05-19 10:07:55.202802,2026-05-19 10:07:55.407439,0 days 00:00:00.204637,96,2.0090130067524976,2.663668912418738,0.0005063304652411863,4,0.6125620576469651,2000,PRUNED
747,0.0005368482088670135,2026-05-19 10:07:55.413800,2026-05-19 10:07:55.624757,0 days 00:00:00.210957,112,5.379038271228554,2.0343029327451925,0.0072708804882789324,4,0.5992396924949361,1000,PRUNED
748,0.0008270498365163803,2026-05-19 10:07:55.631708,2026-05-19 10:07:55.902979,0 days 00:00:00.271271,128,3.0937184006132625,3.2935979952808974,0.008664125374107092,5,0.43116749105282065,5000,PRUNED
749,0.027597345411777496,2026-05-19 10:07:55.909546,2026-05-19 10:07:56.152127,0 days 00:00:00.242581,128,1.1419847840469188,7.195703371870578,0.004822694932114878,4,0.6457477682941932,2000,PRUNED
750,1.2355457329249475e-05,2026-05-19 10:07:56.160120,2026-05-19 10:07:57.130988,0 days 00:00:00.970868,96,5.886551020394707,3.920109331671333,0.006463189337896128,5,0.5815987583371425,1000,PRUNED
751,1.4448213732976e-05,2026-05-19 10:07:57.140062,2026-05-19 10:07:58.023074,0 days 00:00:00.883012,80,7.40179573742348,2.367476042717,0.00712984935569213,5,0.3513855857461955,2000,PRUNED
752,7.888885011197999e-05,2026-05-19 10:07:58.031948,2026-05-19 10:07:58.455020,0 days 00:00:00.423072,112,2.3882034984360354,2.931979595689817,0.008052759033182977,4,0.6225155689488178,1000,PRUNED
753,0.002846476389095187,2026-05-19 10:07:58.462733,2026-05-19 10:07:58.717497,0 days 00:00:00.254764,128,3.7708683473595173,1.5310780414180019,0.005720880111467137,4,0.5738634980212025,2000,PRUNED
754,3.1308823054132517e-06,2026-05-19 10:07:58.726245,2026-05-19 10:08:03.237635,0 days 00:00:04.511390,128,4.7499732592834905,5.32373412028475,0.0061711497207287535,5,0.5512152582525708,2000,COMPLETE
755,0.008309654891490936,2026-05-19 10:08:03.252600,2026-05-19 10:08:03.532408,0 days 00:00:00.279808,96,1.7681134517443662,6.194940873380578,0.005063455708265028,5,0.5579376756600014,2000,PRUNED
756,4.3531981646083295e-05,2026-05-19 10:08:03.539408,2026-05-19 10:08:04.050911,0 days 00:00:00.511503,128,8.671201395397249,4.625790456444145,0.005725863336090138,5,0.5452913826263552,4000,PRUNED
757,2.025970388785936e-05,2026-05-19 10:08:04.058048,2026-05-19 10:08:04.706778,0 days 00:00:00.648730,128,4.928044081934543,5.339862222018853,0.005404355423476866,5,0.5351264359423709,1000,PRUNED
758,0.00971287302672863,2026-05-19 10:08:04.714233,2026-05-19 10:08:04.968216,0 days 00:00:00.253983,112,2.7474510615933085,7.615117341564782,0.006128687432873191,5,0.5153811489929391,2000,PRUNED
759,0.0012116602156311274,2026-05-19 10:08:04.975717,2026-05-19 10:08:05.224952,0 days 00:00:00.249235,96,6.0012597229211355,5.533148601923171,0.0061911480766899145,5,0.5430571321700159,1000,PRUNED
760,0.0003394434170331806,2026-05-19 10:08:05.231634,2026-05-19 10:08:05.477949,0 days 00:00:00.246315,128,5.401321611103822,9.186727357915121,0.005273169480418862,5,0.5302111380747271,2000,PRUNED
761,0.0017918056109920144,2026-05-19 10:08:05.485026,2026-05-19 10:08:05.734188,0 days 00:00:00.249162,128,4.549243484819692,6.70231619805263,0.006633066791881095,5,0.5518300988841045,4000,PRUNED
762,0.0010036464082077146,2026-05-19 10:08:05.741455,2026-05-19 10:08:05.996145,0 days 00:00:00.254690,96,10.242767124329948,4.701721932532145,0.004486766350505238,5,0.573550731294499,2000,PRUNED
763,0.0020878477953374386,2026-05-19 10:08:06.002822,2026-05-19 10:08:06.266287,0 days 00:00:00.263465,128,6.8451885889077815,4.197940171355453,0.0058339391978398615,5,0.5526429513457414,1000,PRUNED
764,0.0017762684728950262,2026-05-19 10:08:06.273158,2026-05-19 10:08:06.517988,0 days 00:00:00.244830,96,3.4284272289199516,3.7757200963747586,0.006709573652583885,5,0.5870511940614206,2000,PRUNED
765,0.0007053185836412013,2026-05-19 10:08:06.524547,2026-05-19 10:08:06.776915,0 days 00:00:00.252368,128,3.0407810597168456,5.134790574882684,0.006234739620004742,5,0.5666454066813731,2000,PRUNED
766,0.004501043818891048,2026-05-19 10:08:06.783832,2026-05-19 10:08:07.065144,0 days 00:00:00.281312,128,6.344979192297326,3.717237623032723,0.006920106186483544,5,0.5228929410168001,3000,PRUNED
767,0.002264163689687848,2026-05-19 10:08:07.072106,2026-05-19 10:08:07.313711,0 days 00:00:00.241605,112,2.5858971159450124,0.0019135580813522414,0.005574405424890408,5,0.5646631347206036,1000,PRUNED
768,0.0009717647335492074,2026-05-19 10:08:07.320237,2026-05-19 10:08:07.561663,0 days 00:00:00.241426,96,7.868789479930436,8.079643119182427,0.006296519629213254,5,0.6057319120636621,2000,PRUNED
769,0.0011581089347600937,2026-05-19 10:08:07.569548,2026-05-19 10:08:07.838148,0 days 00:00:00.268600,128,2.2226750341633514,6.4049124348021556,0.0031891333105838913,5,0.5564116276737124,1000,PRUNED
770,0.0007852683775126934,2026-05-19 10:08:07.847066,2026-05-19 10:08:08.103276,0 days 00:00:00.256210,96,4.210175188645659,3.3689333933110164,0.00029760985977275625,5,0.5940047214880065,4000,PRUNED
771,0.002704916289076209,2026-05-19 10:08:08.111385,2026-05-19 10:08:08.358870,0 days 00:00:00.247485,128,5.223131856025634,4.576699871752949,0.007252652443726704,5,0.5354347878071685,2000,PRUNED
772,0.0006854847888462245,2026-05-19 10:08:08.366637,2026-05-19 10:08:08.736981,0 days 00:00:00.370344,128,3.7032149382194333,2.7089775067841955,0.004915735482307735,5,0.5859969652701609,2000,PRUNED
773,4.821855327463709e-05,2026-05-19 10:08:08.745767,2026-05-19 10:08:09.271939,0 days 00:00:00.526172,96,4.730751373187991,5.851918864809982,0.0039507109423577305,6,0.6119282129688889,1000,PRUNED
774,0.00010832955740625039,2026-05-19 10:08:09.281034,2026-05-19 10:08:09.725614,0 days 00:00:00.444580,128,3.1919710994848733,0.10612895522707853,0.006652072576708124,5,0.6309982574073422,2000,PRUNED
775,0.0007552633760496974,2026-05-19 10:08:09.734820,2026-05-19 10:08:10.024508,0 days 00:00:00.289688,128,2.820092450622803,4.080984199575071,0.005883352039657306,5,0.5755872203290122,1000,PRUNED
776,0.0008901612018235028,2026-05-19 10:08:10.033993,2026-05-19 10:08:10.273655,0 days 00:00:00.239662,112,5.657115439363645,3.2232927436374634,0.0077025679142404225,5,0.566125567689204,2000,PRUNED
777,0.0016647957963868976,2026-05-19 10:08:10.282160,2026-05-19 10:08:10.566782,0 days 00:00:00.284622,96,1.4149452454512486,2.307306685027764,0.007161543521831006,5,0.6055216648479651,2000,PRUNED
778,0.03922627493739128,2026-05-19 10:08:10.575077,2026-05-19 10:08:10.870934,0 days 00:00:00.295857,128,1.9249034064007093,9.977013666897658,0.005249095861582584,5,0.5508327700933029,1000,PRUNED
779,0.0021244995296001434,2026-05-19 10:08:10.879611,2026-05-19 10:08:11.158161,0 days 00:00:00.278550,128,6.973767754618112,5.356875655965712,0.006299066218270926,5,0.5989655508179419,2000,PRUNED
780,0.0006176468450576067,2026-05-19 10:08:11.166970,2026-05-19 10:08:11.424025,0 days 00:00:00.257055,96,2.4798486375860795,2.8123464253601655,0.007878387361232609,5,0.6202863642312362,3000,PRUNED
781,4.453900328371674e-05,2026-05-19 10:08:11.433203,2026-05-19 10:08:11.970274,0 days 00:00:00.537071,128,4.061475456054156,3.9984421460843858,0.002932029712399742,6,0.5857983680823404,2000,PRUNED
782,0.000829370052088052,2026-05-19 10:08:11.978692,2026-05-19 10:08:12.265082,0 days 00:00:00.286390,112,6.237068291901037,3.43327947501805,0.007082863617583375,5,0.658155659387138,1000,PRUNED
783,0.002136279596015811,2026-05-19 10:08:12.273947,2026-05-19 10:08:12.529329,0 days 00:00:00.255382,128,5.02621345748508,6.664063105888364,0.005753472375258091,5,0.5960808685920771,2000,PRUNED
784,0.0015897384146228433,2026-05-19 10:08:12.537151,2026-05-19 10:08:12.812168,0 days 00:00:00.275017,96,3.3895008244287994,4.646902740051147,0.008562953234849853,5,0.8534871805588036,4000,PRUNED
785,0.0018308227881789207,2026-05-19 10:08:12.820586,2026-05-19 10:08:13.081829,0 days 00:00:00.261243,96,1.6262042409218038,2.059981698043461,0.006761679971284017,5,0.5673185427691833,1000,PRUNED
786,0.003420830238610506,2026-05-19 10:08:13.088835,2026-05-19 10:08:13.371050,0 days 00:00:00.282215,128,7.508908344214419,2.5887635880790456,0.007807402902233567,5,0.5798046160931399,2000,PRUNED
787,0.0011810153955593705,2026-05-19 10:08:13.379705,2026-05-19 10:08:13.640618,0 days 00:00:00.260913,112,4.51025002563326,3.220042516868465,0.0001288786314391383,5,0.610898288249736,1000,PRUNED
788,0.0008683828637003899,2026-05-19 10:08:13.647480,2026-05-19 10:08:13.891241,0 days 00:00:00.243761,80,8.462960999215642,7.871941843732344,0.006102891674548789,4,0.6372069403541238,2000,PRUNED
789,0.0009049789514392614,2026-05-19 10:08:13.898533,2026-05-19 10:08:14.120716,0 days 00:00:00.222183,128,5.924763953590337,5.360645505003831,0.004553208146973583,3,0.5458317283643043,1000,PRUNED
790,0.003007566323503852,2026-05-19 10:08:14.128346,2026-05-19 10:08:14.400174,0 days 00:00:00.271828,128,2.3130581089195448,4.201623979916647,0.007225064378900221,5,0.3539138715131891,2000,PRUNED
791,0.0007589241722598672,2026-05-19 10:08:14.406939,2026-05-19 10:08:14.657446,0 days 00:00:00.250507,96,3.0098064554656965,2.3576946683200553,0.00650805462319372,5,0.6209509360288521,4000,PRUNED
792,3.1944611691869795e-05,2026-05-19 10:08:14.664299,2026-05-19 10:08:15.071937,0 days 00:00:00.407638,128,2.6707317860246675,2.890507049798132,0.005435973030417435,4,0.5951612708478529,2000,PRUNED
793,0.06023242324590683,2026-05-19 10:08:15.078964,2026-05-19 10:08:15.323957,0 days 00:00:00.244993,96,1.292984798696464,3.6811201440991455,0.009312119166048918,5,0.5296716660636873,1000,PRUNED
794,0.0005300941411405802,2026-05-19 10:08:15.331463,2026-05-19 10:08:15.559631,0 days 00:00:00.228168,128,40.90686754908947,6.306628383656021,0.007720952814173498,4,0.5551146347529385,2000,PRUNED
795,0.0008105814340524375,2026-05-19 10:08:15.566540,2026-05-19 10:08:15.965964,0 days 00:00:00.399424,128,3.600480477906345,2.0669862887378696,0.0011693395796122557,4,0.3428210590606755,3000,PRUNED
796,0.002074357122182846,2026-05-19 10:08:15.973178,2026-05-19 10:08:16.256296,0 days 00:00:00.283118,112,5.270555493369137,4.7448379644622465,0.00688477919436435,6,0.5877882486456288,2000,PRUNED
797,0.05380775406956673,2026-05-19 10:08:16.262694,2026-05-19 10:08:16.550922,0 days 00:00:00.288228,128,6.779175498302177,2.913520898726698,0.008501183698956638,5,0.6106633026026003,1000,PRUNED
798,0.0030341404490172863,2026-05-19 10:08:16.558072,2026-05-19 10:08:16.827081,0 days 00:00:00.269009,80,2.0673470563229825,1.8329250961329688,0.00018436090428572763,4,0.6233081796075325,2000,PRUNED
799,0.000515396473929286,2026-05-19 10:08:16.834001,2026-05-19 10:08:17.118841,0 days 00:00:00.284840,96,4.6603490517187405,3.66470959726313,0.006067668348171474,5,0.5680051806798043,4000,PRUNED
800,0.0010478522162884474,2026-05-19 10:08:17.125818,2026-05-19 10:08:17.390769,0 days 00:00:00.264951,96,3.9356738001479386,2.456029404811553,0.007573970121884383,4,0.5092208063603615,1000,PRUNED
801,0.002033255295827985,2026-05-19 10:08:17.398192,2026-05-19 10:08:17.681590,0 days 00:00:00.283398,128,1.8453115944244625,5.464797632432379,0.00022656878472880997,5,0.578966685725059,2000,PRUNED
802,7.297003321582451e-05,2026-05-19 10:08:17.691076,2026-05-19 10:08:18.152661,0 days 00:00:00.461585,96,5.582144916610636,4.245850252954403,0.000800862575801029,4,0.36855164496519954,1000,PRUNED
803,0.0013381551252678037,2026-05-19 10:08:18.160355,2026-05-19 10:08:18.404466,0 days 00:00:00.244111,128,6.387507847097629,3.278245769406322,0.006673914299375136,5,0.6009099858840391,2000,PRUNED
804,0.04533074423670769,2026-05-19 10:08:18.411147,2026-05-19 10:08:18.680475,0 days 00:00:00.269328,128,2.797206874177472,8.012712383247957,0.008304089942281271,5,0.6097706639175584,1000,PRUNED
805,0.0001279125572182238,2026-05-19 10:08:18.687861,2026-05-19 10:08:19.161525,0 days 00:00:00.473664,112,3.2355816355885336,2.7121842346293477,0.005338857037007919,4,0.5740642606883398,2000,PRUNED
806,0.005688864272087812,2026-05-19 10:08:19.169971,2026-05-19 10:08:19.390227,0 days 00:00:00.220256,96,4.235952952204452,6.982781853054086,0.007273799647761198,4,0.6446071782759534,2000,PRUNED
807,0.001208308502100408,2026-05-19 10:08:19.396693,2026-05-19 10:08:19.648114,0 days 00:00:00.251421,128,7.843863166807,3.6709368834076024,0.005953177166925782,5,0.5941911086091338,4000,PRUNED
808,0.0018828639294952154,2026-05-19 10:08:19.655423,2026-05-19 10:08:19.934661,0 days 00:00:00.279238,128,9.32445777230556,2.283567684071569,0.008929697544434729,5,0.490685269823786,5000,PRUNED
809,0.0007772324606776237,2026-05-19 10:08:19.942156,2026-05-19 10:08:20.124833,0 days 00:00:00.182677,96,5.14118337514437,4.77924892777997,0.0006684424190721663,2,0.5574829013400537,1000,PRUNED
810,0.0009844893356785178,2026-05-19 10:08:20.132343,2026-05-19 10:08:20.384674,0 days 00:00:00.252331,128,2.5221066930959477,1.9369586176315934,0.006486459181616385,4,0.632090691578878,2000,PRUNED
811,0.0028869418893009424,2026-05-19 10:08:20.394050,2026-05-19 10:08:20.644517,0 days 00:00:00.250467,96,3.678125244031115,3.0996114110714585,0.009998133540284313,5,0.4429180982314356,2000,PRUNED
812,0.0009340645046904683,2026-05-19 10:08:20.652041,2026-05-19 10:08:20.890455,0 days 00:00:00.238414,128,50.429908846080025,5.818540538751293,0.0048712993378091,4,0.5851322764939613,3000,PRUNED
813,0.009273731149733067,2026-05-19 10:08:20.898353,2026-05-19 10:08:21.127529,0 days 00:00:00.229176,112,1.523598262171191,3.9732041676141816,0.007891314081832189,4,0.3589135681116712,2000,PRUNED
814,0.0004048157134093344,2026-05-19 10:08:21.135910,2026-05-19 10:08:21.382881,0 days 00:00:00.246971,128,11.04482972285591,2.6923328953540775,0.007002494541553355,5,0.5458043968555051,1000,PRUNED
815,0.005859453696757555,2026-05-19 10:08:21.389294,2026-05-19 10:08:21.630732,0 days 00:00:00.241438,128,5.92493888241718,4.643068891668694,0.008330316970929359,5,0.33135173674393487,2000,PRUNED
816,0.0014208565698936582,2026-05-19 10:08:21.637596,2026-05-19 10:08:21.937392,0 days 00:00:00.299796,96,2.990087572702935,3.298703385033854,0.00581076708497382,6,0.4643584580170579,2000,PRUNED
817,0.0005790517316199839,2026-05-19 10:08:21.944290,2026-05-19 10:08:22.184159,0 days 00:00:00.239869,128,2.3279958744989298,1.7919487424442804,0.007518142431415556,4,0.7383351760665315,2000,PRUNED
818,0.0030357155483216047,2026-05-19 10:08:22.190471,2026-05-19 10:08:22.478988,0 days 00:00:00.288517,96,7.099369715607676,2.2746580367922977,0.00026957065935284897,5,0.8825787595038246,1000,PRUNED
819,4.161535980529152e-05,2026-05-19 10:08:22.486469,2026-05-19 10:08:22.921558,0 days 00:00:00.435089,96,4.673867109510314,4.185454268418727,0.006431403741654527,4,0.6166441893395861,4000,PRUNED
820,0.003514065407216549,2026-05-19 10:08:22.928074,2026-05-19 10:08:23.185852,0 days 00:00:00.257778,128,4.145861053273231,8.605907361833205,0.007013615664670744,5,0.6033578943580875,1000,PRUNED
821,0.00047868560068309307,2026-05-19 10:08:23.192266,2026-05-19 10:08:23.422056,0 days 00:00:00.229790,112,3.3438993279657336,5.345001210407257,0.00036959789264696355,4,0.3475633587771051,2000,PRUNED
822,0.001228832988999784,2026-05-19 10:08:23.428829,2026-05-19 10:08:23.717372,0 days 00:00:00.288543,128,6.404123219658996,2.888839639026835,0.005484298313828924,5,0.5637128773879317,1000,PRUNED
823,0.014048930257558823,2026-05-19 10:08:23.724301,2026-05-19 10:08:23.975117,0 days 00:00:00.250816,64,2.0585926476551286,6.604112008343418,0.008861877975942867,4,0.5928106402953944,2000,PRUNED
824,0.009527327492833138,2026-05-19 10:08:23.981800,2026-05-19 10:08:24.231025,0 days 00:00:00.249225,128,5.552640164260528,9.92835589468478,0.00788090622954735,5,0.579692339869875,2000,PRUNED
825,0.0013529319548979402,2026-05-19 10:08:24.238820,2026-05-19 10:08:24.432031,0 days 00:00:00.193211,48,1.7181333005118806,3.411623212748349,0.006383519829541979,3,0.5351384419416682,3000,PRUNED
826,0.0004871333367191255,2026-05-19 10:08:24.439726,2026-05-19 10:08:24.702160,0 days 00:00:00.262434,96,4.945249794259179,1.4722669304722915,0.00723595454487122,4,0.6232516051309834,1000,PRUNED
827,0.0007223237189464271,2026-05-19 10:08:24.708924,2026-05-19 10:08:24.968849,0 days 00:00:00.259925,128,2.7289377934050294,2.226710167789763,0.005945014257918834,5,0.6019921739120182,4000,PRUNED
828,0.001928582787513733,2026-05-19 10:08:24.975951,2026-05-19 10:08:25.220173,0 days 00:00:00.244222,128,3.8755616616356643,3.99187760522654,0.008260434172782815,5,0.8265099330409702,2000,PRUNED
829,0.0003511631512083113,2026-05-19 10:08:25.226581,2026-05-19 10:08:25.453167,0 days 00:00:00.226586,112,2.4646744902289184,2.6436419650308753,0.005077080501037118,4,0.36765376719674003,2000,PRUNED
830,0.0012424017768353224,2026-05-19 10:08:25.460394,2026-05-19 10:08:25.708948,0 days 00:00:00.248554,96,3.1407672103107878,1.722526332125667,0.006667002657450151,5,0.5701459704274785,1000,PRUNED
831,3.6799032386625186e-05,2026-05-19 10:08:25.717458,2026-05-19 10:08:26.202905,0 days 00:00:00.485447,128,7.640726955857732,4.757192006469884,0.00046973306957837915,5,0.635098060874181,2000,PRUNED
832,0.0017862631939351559,2026-05-19 10:08:26.209471,2026-05-19 10:08:26.419851,0 days 00:00:00.210380,128,5.627783245069936,3.194380176376709,0.00011403508581694597,4,0.34194436184353716,1000,PRUNED
833,0.0022258779499679804,2026-05-19 10:08:26.426344,2026-05-19 10:08:26.641911,0 days 00:00:00.215567,80,4.59414521595846,5.485688206214628,0.007483867214909885,4,0.5896012019971115,2000,PRUNED
834,0.001543686375953257,2026-05-19 10:08:26.649006,2026-05-19 10:08:26.925280,0 days 00:00:00.276274,112,6.602973924398838,2.4407005079659254,0.000147577672983395,5,0.6080754038359641,4000,PRUNED
835,0.007608146406710148,2026-05-19 10:08:26.934376,2026-05-19 10:08:27.167800,0 days 00:00:00.233424,96,1.3932669636224309,3.401695724647163,0.008868247122436123,5,0.5555960886574338,1000,PRUNED
836,0.0008591039222665131,2026-05-19 10:08:27.176267,2026-05-19 10:08:27.390970,0 days 00:00:00.214703,128,2.15698848135292,0.3950759295783094,0.006964609286710439,4,0.5238329909002514,2000,PRUNED
837,0.001675687963142991,2026-05-19 10:08:27.400259,2026-05-19 10:08:27.682135,0 days 00:00:00.281876,128,8.47384194680141,6.839760415587937,0.00607473503650271,6,0.5743119473412552,2000,PRUNED
838,0.00044742124737240374,2026-05-19 10:08:27.696550,2026-05-19 10:08:27.954236,0 days 00:00:00.257686,96,3.5527799179621717,0.02332465285907263,0.00808642407760304,4,0.3807507954897512,2000,PRUNED
839,0.0007528711576014757,2026-05-19 10:08:27.962191,2026-05-19 10:08:28.206519,0 days 00:00:00.244328,128,2.9262501630746565,1.9598785914563057,0.009277639897555973,5,0.7554389252146685,1000,PRUNED
840,2.602784297778271e-05,2026-05-19 10:08:28.214234,2026-05-19 10:08:28.867694,0 days 00:00:00.653460,96,5.112130493370162,3.9198240290254343,0.002103583347852477,4,0.6180446652950766,2000,PRUNED
841,0.0012833174550905824,2026-05-19 10:08:28.876549,2026-05-19 10:08:29.135577,0 days 00:00:00.259028,128,6.062433636230115,2.8669384003841065,0.0016894811218621827,5,0.356666630242597,4000,PRUNED
842,0.00013063654478173703,2026-05-19 10:08:29.145505,2026-05-19 10:08:29.635547,0 days 00:00:00.490042,112,4.398013263150665,4.240378024904504,0.001386993637177569,5,0.5984318043601495,2000,PRUNED
843,0.0007302178419195116,2026-05-19 10:08:29.643736,2026-05-19 10:08:29.888171,0 days 00:00:00.244435,128,7.153177380828011,7.449184156861577,0.005619472304495708,4,0.58300492828146,1000,PRUNED
844,5.6980603403644636e-05,2026-05-19 10:08:29.895706,2026-05-19 10:08:30.334482,0 days 00:00:00.438776,96,2.7186059213765748,2.1415568889055527,0.007431281715834681,4,0.6132955866703333,2000,PRUNED
845,0.004107195418328047,2026-05-19 10:08:30.342739,2026-05-19 10:08:30.631595,0 days 00:00:00.288856,128,1.8414070988737083,6.023823714711567,0.0009682960479016789,5,0.5434159587214344,1000,PRUNED
846,0.0005665590870194137,2026-05-19 10:08:30.639105,2026-05-19 10:08:30.884597,0 days 00:00:00.245492,128,3.8486409437487827,4.827569388752697,0.006535919694406681,4,0.3374477921898353,5000,PRUNED
847,5.939345282968134e-05,2026-05-19 10:08:30.891504,2026-05-19 10:08:31.386105,0 days 00:00:00.494601,112,3.366184914901608,3.4422621276977217,0.004681703050374788,5,0.5627092693378346,2000,PRUNED
848,0.00036578881554305553,2026-05-19 10:08:31.395000,2026-05-19 10:08:31.669540,0 days 00:00:00.274540,96,2.2885279583593667,2.6105724679103215,0.007791809068619866,5,0.628735574590552,1000,PRUNED
849,0.0010082052322104573,2026-05-19 10:08:31.676729,2026-05-19 10:08:31.907023,0 days 00:00:00.230294,128,9.4682587807777,3.050767165721317,0.006784743228456294,4,0.41944665074680365,2000,PRUNED
850,1.1823156455648132e-05,2026-05-19 10:08:31.914435,2026-05-19 10:08:36.263451,0 days 00:00:04.349016,96,5.253843922887261,1.3813761105317102,0.005421224727935571,5,0.5908769056543051,4000,PRUNED
851,2.2651927793049254e-05,2026-05-19 10:08:36.270448,2026-05-19 10:08:36.943413,0 days 00:00:00.672965,128,6.174457779509854,1.662383686597512,0.006315002405124073,4,0.5974254891537689,2000,PRUNED
852,0.0006891209632158279,2026-05-19 10:08:36.950371,2026-05-19 10:08:37.261904,0 days 00:00:00.311533,96,2.535009370202373,4.2255922974503815,0.00359455024706584,6,0.665710358146026,1000,PRUNED
853,0.011949097737669945,2026-05-19 10:08:37.268568,2026-05-19 10:08:37.495303,0 days 00:00:00.226735,128,1.2073209312370339,3.5903849422222702,0.00826483232265839,4,0.5748440741661428,3000,PRUNED
854,0.00043392967199906707,2026-05-19 10:08:37.502683,2026-05-19 10:08:37.747936,0 days 00:00:00.245253,96,65.82980151785509,2.2831557295156193,0.007364999995970665,5,0.6087978225830387,2000,PRUNED
855,0.003391253761947155,2026-05-19 10:08:37.755016,2026-05-19 10:08:38.040767,0 days 00:00:00.285751,128,4.053546394354114,8.546961756816044,0.006098323560569877,5,0.33141159779793755,2000,PRUNED
856,7.219013014037046e-07,2026-05-19 10:08:38.047754,2026-05-19 10:08:42.127718,0 days 00:00:04.079964,112,3.0758161422082386,5.347381185507078,0.009346015445826337,4,0.719838779409462,1000,COMPLETE
857,0.0017924662679433823,2026-05-19 10:08:42.138840,2026-05-19 10:08:42.390035,0 days 00:00:00.251195,112,3.0650891055413076,5.9897184272253705,0.008491220959489934,4,0.7349551734533597,1000,PRUNED
858,0.0011964968871325254,2026-05-19 10:08:42.397524,2026-05-19 10:08:42.660373,0 days 00:00:00.262849,112,2.9401815998025853,5.5948472558508,0.009369882187140995,4,0.8020862244100764,1000,PRUNED
859,0.0012924342881888151,2026-05-19 10:08:42.667069,2026-05-19 10:08:42.905702,0 days 00:00:00.238633,112,3.5120711503079587,6.9684082409591195,0.009475066110499633,4,0.7038925081856123,4000,PRUNED
860,0.0012816892703995109,2026-05-19 10:08:42.912342,2026-05-19 10:08:43.125879,0 days 00:00:00.213537,112,3.1349201681331036,5.057387414929981,0.008768571028064125,4,0.8158022345812598,2000,PRUNED
861,0.005781739950180054,2026-05-19 10:08:43.132309,2026-05-19 10:08:43.346285,0 days 00:00:00.213976,112,2.7847436597141186,5.8080422449805615,0.009527387844514758,4,0.7212357312089981,2000,PRUNED
862,0.02352185919880867,2026-05-19 10:08:43.352550,2026-05-19 10:08:43.560765,0 days 00:00:00.208215,112,3.3070807876972093,8.17502171443254,0.009507475936802005,4,0.7770258417895998,1000,PRUNED
863,0.0010989319998770952,2026-05-19 10:08:43.567380,2026-05-19 10:08:43.775410,0 days 00:00:00.208030,112,2.65963805784526,5.0213842887739375,0.008616143882390525,4,0.7879927478954992,2000,PRUNED
864,0.027462415397167206,2026-05-19 10:08:43.782249,2026-05-19 10:08:43.997650,0 days 00:00:00.215401,112,3.0075876869384306,7.023233740460077,0.009831166727061942,4,0.714659128572116,2000,PRUNED
865,0.0010926136747002602,2026-05-19 10:08:44.004702,2026-05-19 10:08:44.215576,0 days 00:00:00.210874,112,3.266282421072114,4.936624991620458,0.00860838319777148,4,0.47835411499592645,3000,PRUNED
866,0.0015112035907804966,2026-05-19 10:08:44.222950,2026-05-19 10:08:44.427152,0 days 00:00:00.204202,112,3.7392152742150033,6.461236748324368,0.007956740751121108,4,0.7687811328639431,1000,PRUNED
867,1.4029779777047224e-05,2026-05-19 10:08:44.434466,2026-05-19 10:08:45.121019,0 days 00:00:00.686553,112,2.4856211972673665,4.218563474634254,0.008625713063591929,4,0.6445032057305554,2000,PRUNED
868,0.0015903363237157464,2026-05-19 10:08:45.128170,2026-05-19 10:08:45.336102,0 days 00:00:00.207932,112,2.95127292731547,4.728994214534812,0.00781765843045786,4,0.8691340283329982,1000,PRUNED
869,0.006557358428835869,2026-05-19 10:08:45.342486,2026-05-19 10:08:45.592320,0 days 00:00:00.249834,112,2.751729637003066,5.836120455928122,0.00936386962032079,4,0.5029395843585606,2000,PRUNED
870,0.0024197937455028296,2026-05-19 10:08:45.599801,2026-05-19 10:08:45.877555,0 days 00:00:00.277754,112,3.460659045016794,8.695119275753335,0.0006160677004096204,4,0.6950168849197581,2000,PRUNED
871,0.008439001627266407,2026-05-19 10:08:45.884521,2026-05-19 10:08:46.136405,0 days 00:00:00.251884,112,1.57101125567852,4.159935562329014,0.008054596484571812,4,0.6904965670138832,4000,PRUNED
872,0.06764540821313858,2026-05-19 10:08:46.143123,2026-05-19 10:08:46.368685,0 days 00:00:00.225562,128,2.3282287577526564,7.3889966713243025,0.009098779984278254,4,0.6602710763963262,1000,PRUNED
873,0.0008743369253352284,2026-05-19 10:08:46.375430,2026-05-19 10:08:46.621880,0 days 00:00:00.246450,128,3.209852565388005,3.8245988054380193,0.007456454102102651,4,0.6746698884934008,2000,PRUNED
874,0.0019557098858058453,2026-05-19 10:08:46.628784,2026-05-19 10:08:46.855293,0 days 00:00:00.226509,128,4.138765919860111,6.2351900174319494,0.007183383798173726,4,0.6264908141012419,2000,PRUNED
875,6.474878318840638e-05,2026-05-19 10:08:46.862832,2026-05-19 10:08:47.282016,0 days 00:00:00.419184,32,3.618264549865711,0.48942247721547694,0.008518819148050461,4,0.5887041811525355,2000,PRUNED
876,0.0033865701407194138,2026-05-19 10:08:47.289613,2026-05-19 10:08:47.505877,0 days 00:00:00.216264,128,33.32676638095946,5.238789478306369,0.007931022772540437,4,0.5557737689271296,1000,PRUNED
877,3.374540540335147e-07,2026-05-19 10:08:47.514147,2026-05-19 10:08:51.934142,0 days 00:00:04.419995,128,2.038620830786814,3.6465395486028656,0.009757155247090313,4,0.6057922244824638,4000,COMPLETE
878,0.0015428498154506087,2026-05-19 10:08:51.949131,2026-05-19 10:08:52.203311,0 days 00:00:00.254180,128,1.8357977445910032,4.0743323190937595,0.0007573629068073201,4,0.6197723171171822,4000,PRUNED
879,0.00384169421158731,2026-05-19 10:08:52.210270,2026-05-19 10:08:52.436771,0 days 00:00:00.226501,128,2.1578289547810066,4.640682546780755,0.00985761983054846,4,0.6039691979958387,4000,PRUNED
880,0.0006203692173585296,2026-05-19 10:08:52.443655,2026-05-19 10:08:52.666644,0 days 00:00:00.222989,128,1.9922385361071189,3.5978194366291767,0.009659446860326344,4,0.6111073998939136,4000,PRUNED
881,0.0067131700925529,2026-05-19 10:08:52.673327,2026-05-19 10:08:52.927527,0 days 00:00:00.254200,128,1.9234986432995038,4.739891747098701,0.009840563895154425,4,0.6342530918837224,4000,PRUNED
882,0.07075471431016922,2026-05-19 10:08:52.935239,2026-05-19 10:08:53.244386,0 days 00:00:00.309147,128,1.985145542964984,3.7154535750971736,0.009140594581367786,6,0.7490232296815351,4000,PRUNED
883,0.03020450845360756,2026-05-19 10:08:53.250665,2026-05-19 10:08:53.480762,0 days 00:00:00.230097,128,1.6601381174598167,9.902617746602461,0.0008335078861795526,4,0.600935694635269,4000,PRUNED
884,0.009109246544539928,2026-05-19 10:08:53.487495,2026-05-19 10:08:53.723138,0 days 00:00:00.235643,128,2.146768181787765,5.146412484039113,0.009838289066011321,4,0.6447943584559447,4000,PRUNED
885,0.0004568160220514983,2026-05-19 10:08:53.732934,2026-05-19 10:08:53.944103,0 days 00:00:00.211169,128,2.3744128834916114,3.6440884067564796,0.008854639455140919,3,0.6159608112523702,4000,PRUNED
886,0.0018648207187652588,2026-05-19 10:08:53.950852,2026-05-19 10:08:54.203274,0 days 00:00:00.252422,128,2.115106054639026,4.379847780270056,0.008984194072511949,4,0.5828954650958836,4000,PRUNED
887,0.008220335468649864,2026-05-19 10:08:54.209960,2026-05-19 10:08:54.443798,0 days 00:00:00.233838,128,1.7017125175213088,5.937590333013392,0.0008198715492864718,4,0.5995208506461939,4000,PRUNED
888,0.0012047130148857832,2026-05-19 10:08:54.450767,2026-05-19 10:08:54.702114,0 days 00:00:00.251347,128,2.3762245904757857,3.1164545342321404,0.008588901292314209,4,0.5879894153938456,4000,PRUNED
889,4.4188644096720964e-05,2026-05-19 10:08:54.711991,2026-05-19 10:08:55.148773,0 days 00:00:00.436782,128,1.8663219545233611,0.051923100872630155,0.00980089390361603,3,0.6214783537440688,4000,PRUNED
890,0.0015032952651381493,2026-05-19 10:08:55.157234,2026-05-19 10:08:55.395945,0 days 00:00:00.238711,128,2.702002023970461,4.386120971895748,0.0009480403761202384,4,0.8332091759177149,4000,PRUNED
891,0.0011056078365072608,2026-05-19 10:08:55.405843,2026-05-19 10:08:55.672069,0 days 00:00:00.266226,128,1.7536636624523587,3.228043875079194,0.001117007649524916,4,0.6073978110511293,4000,PRUNED
892,0.000549227639567107,2026-05-19 10:08:55.680647,2026-05-19 10:08:55.939694,0 days 00:00:00.259047,128,1.4658588312091057,0.17739736537404258,0.0009862494152429336,4,0.5780306267396155,4000,PRUNED
893,0.010981056839227676,2026-05-19 10:08:55.948312,2026-05-19 10:08:56.182647,0 days 00:00:00.234335,128,2.537433316586591,6.859504512043387,0.008200645353033624,4,0.5670363557473892,2000,PRUNED
894,0.013601880520582199,2026-05-19 10:08:56.191119,2026-05-19 10:08:56.450754,0 days 00:00:00.259635,112,2.2287198750658006,5.378271408158593,0.009006136265595157,4,0.5899745721366424,4000,PRUNED
895,0.0017018287908285856,2026-05-19 10:08:56.459389,2026-05-19 10:08:56.695709,0 days 00:00:00.236320,128,3.9371103679300976,3.7550721308161745,0.008098267547459351,5,0.5167401036728978,4000,PRUNED
896,0.0006610294803977013,2026-05-19 10:08:56.703961,2026-05-19 10:08:56.963477,0 days 00:00:00.259516,128,4.397020973377816,3.3155599223517074,0.0074516722091556185,6,0.6269828942909171,2000,PRUNED
897,0.008816497400403023,2026-05-19 10:08:56.971516,2026-05-19 10:08:57.186641,0 days 00:00:00.215125,128,2.0104312287242023,4.530151540045654,0.0068983929581137625,4,0.6519679837719063,4000,PRUNED
898,0.0738074779510498,2026-05-19 10:08:57.194853,2026-05-19 10:08:57.433116,0 days 00:00:00.238263,128,2.8587133261820967,7.851696910750616,0.008682899711016706,5,0.5421050579025948,2000,PRUNED
899,0.0027745752595365047,2026-05-19 10:08:57.441282,2026-05-19 10:08:57.650601,0 days 00:00:00.209319,112,2.572645207598801,5.710915622275332,0.007551030794757805,4,0.5980813610795789,3000,PRUNED
900,3.444689718890004e-05,2026-05-19 10:08:57.658695,2026-05-19 10:08:58.076057,0 days 00:00:00.417362,128,18.736367280201918,3.0410844579434437,0.0009236686638857591,5,0.6115858244060756,2000,PRUNED
901,0.0014603490708395839,2026-05-19 10:08:58.084163,2026-05-19 10:08:58.294144,0 days 00:00:00.209981,128,3.296440556239354,4.352639824387541,0.007984883172425367,4,0.6372200479181523,2000,PRUNED
902,2.5374996766913682e-05,2026-05-19 10:08:58.302179,2026-05-19 10:08:59.031297,0 days 00:00:00.729118,64,3.623481896408562,2.819527729203345,0.006968316034820101,5,0.5715725074417827,4000,PRUNED
903,0.0007821656763553619,2026-05-19 10:08:59.040108,2026-05-19 10:08:59.252074,0 days 00:00:00.211966,112,2.2545753797218815,3.9303051527560577,0.0008544664406778484,4,0.5993726436082764,2000,PRUNED
904,0.0016609240556135774,2026-05-19 10:08:59.260962,2026-05-19 10:08:59.509359,0 days 00:00:00.248397,128,3.004590817408918,7.07850615904242,0.0009161330606874584,5,0.4911587509039308,2000,PRUNED
905,0.0013020443730056286,2026-05-19 10:08:59.519331,2026-05-19 10:08:59.778692,0 days 00:00:00.259361,128,4.795906302141486,5.253753740142393,0.008921025130841864,5,0.5834311368323991,2000,PRUNED
906,0.0007959320209920406,2026-05-19 10:08:59.787854,2026-05-19 10:09:00.042182,0 days 00:00:00.254328,128,2.510845083967936,3.6346015074226776,0.001070775586780239,4,0.6148738778647751,4000,PRUNED
907,3.426788316573948e-05,2026-05-19 10:09:00.049916,2026-05-19 10:09:00.437143,0 days 00:00:00.387227,112,1.643992248024504,2.771075724888079,0.007656974040205383,4,0.5632813934920158,2000,PRUNED
908,0.0009883607272058725,2026-05-19 10:09:00.446065,2026-05-19 10:09:00.720074,0 days 00:00:00.274009,128,4.258581195926248,6.096737542465155,0.00686789833341557,5,0.5496773266713965,2000,PRUNED
909,0.09406472742557526,2026-05-19 10:09:00.728334,2026-05-19 10:09:00.978464,0 days 00:00:00.250130,128,2.78750712212869,4.9363711162975585,0.00999824284988343,5,0.5904559834844921,2000,PRUNED
910,0.0015138251474127173,2026-05-19 10:09:00.985929,2026-05-19 10:09:01.215380,0 days 00:00:00.229451,128,1.3683244059042716,3.3108362276113867,0.008474833167437435,4,0.799866093534708,5000,PRUNED
911,0.0003260368830524385,2026-05-19 10:09:01.224602,2026-05-19 10:09:01.453990,0 days 00:00:00.229388,112,3.1230282734129258,1.210123484706437,0.00733790102051445,4,0.5311654446813576,4000,PRUNED
912,0.0031789704225957394,2026-05-19 10:09:01.462233,2026-05-19 10:09:01.724464,0 days 00:00:00.262231,128,3.832799461638776,4.237034256928261,0.007936398424984547,5,0.8455666313689794,3000,PRUNED
913,0.07425917685031891,2026-05-19 10:09:01.733615,2026-05-19 10:09:02.004361,0 days 00:00:00.270746,128,2.060022788145265,8.281943891856917,0.009996475497082798,5,0.6049415705165354,2000,PRUNED
914,0.002095053205266595,2026-05-19 10:09:02.011943,2026-05-19 10:09:02.237467,0 days 00:00:00.225524,128,4.804922971649887,2.6327314976959575,0.00652322250119187,4,0.6141391047243964,2000,PRUNED
915,0.07900101691484451,2026-05-19 10:09:02.245610,2026-05-19 10:09:02.494288,0 days 00:00:00.248678,128,1.8162381727250905,3.784050163048181,0.009008571145690444,5,0.6265217325965603,2000,PRUNED
916,0.0022378170397132635,2026-05-19 10:09:02.502269,2026-05-19 10:09:02.808661,0 days 00:00:00.306392,80,2.379512671874608,3.0456077063212765,0.009999779686623028,6,0.5819133512102108,2000,PRUNED
917,0.01201583631336689,2026-05-19 10:09:02.816946,2026-05-19 10:09:03.062979,0 days 00:00:00.246033,112,3.4229324213761,9.994065866079627,0.007092666045166383,4,0.7584467918705422,4000,PRUNED
918,0.0028424640186131,2026-05-19 10:09:03.071699,2026-05-19 10:09:03.331123,0 days 00:00:00.259424,128,2.878542270088842,6.098282171208666,0.005934529085411839,5,0.5670010230604964,2000,PRUNED
919,0.005510224029421806,2026-05-19 10:09:03.339528,2026-05-19 10:09:03.580713,0 days 00:00:00.241185,128,1.5544749040929442,4.810741274895317,0.004260973394513359,4,0.7259550651376101,3000,PRUNED
920,0.0001593840861460194,2026-05-19 10:09:03.588613,2026-05-19 10:09:04.422488,0 days 00:00:00.833875,112,4.307433793229702,0.26152597293403684,0.005118935581616652,5,0.6004676663607984,2000,PRUNED
921,0.001646726974286139,2026-05-19 10:09:04.431243,2026-05-19 10:09:04.649273,0 days 00:00:00.218030,128,2.593057523514723,3.7285378982893054,0.008441775021033729,4,0.6823579669013263,2000,PRUNED
922,0.0010591793106868863,2026-05-19 10:09:04.656885,2026-05-19 10:09:04.870458,0 days 00:00:00.213573,128,3.6647618723883055,2.5437031160932757,0.006554937131116235,4,0.7804577263659906,2000,PRUNED
923,0.005022333934903145,2026-05-19 10:09:04.878114,2026-05-19 10:09:05.114701,0 days 00:00:00.236587,128,5.171115012439122,7.174749749970715,0.007880619878204041,5,0.5767873040303084,4000,PRUNED
924,0.0031904701609164476,2026-05-19 10:09:05.122078,2026-05-19 10:09:05.358471,0 days 00:00:00.236393,112,3.181230929942361,0.004035146503032477,0.007142775451626454,5,0.5573053514963461,2000,PRUNED
925,0.0018035032553598285,2026-05-19 10:09:05.365724,2026-05-19 10:09:05.579737,0 days 00:00:00.214013,128,4.569935100224274,3.227317600901329,0.005826815281714261,4,0.5938426800940403,2000,PRUNED
926,0.004437337629497051,2026-05-19 10:09:05.587758,2026-05-19 10:09:05.751257,0 days 00:00:00.163499,80,2.242425130391778,5.412597356321175,0.008241887081688508,2,0.6328878924882129,4000,PRUNED
927,0.0061702001839876175,2026-05-19 10:09:05.759244,2026-05-19 10:09:06.001986,0 days 00:00:00.242742,128,1.2477610946048,4.394815707280639,0.006482513656887907,5,0.6087690296926058,2000,PRUNED
928,0.001917753485031426,2026-05-19 10:09:06.010074,2026-05-19 10:09:06.232121,0 days 00:00:00.222047,112,1.943026097189725,1.4609108644438311,0.007487498655117688,4,0.6210981734716718,2000,PRUNED
929,0.004492174368351698,2026-05-19 10:09:06.239579,2026-05-19 10:09:06.474253,0 days 00:00:00.234674,128,3.9549064152782534,2.0099671657669718,0.00880201496335038,5,0.4729359057625163,2000,PRUNED
930,0.023037100210785866,2026-05-19 10:09:06.481881,2026-05-19 10:09:06.698207,0 days 00:00:00.216326,16,2.7376626511429145,0.016359858132827643,0.005613406054421257,4,0.5863104269607933,4000,PRUNED
931,0.002525994786992669,2026-05-19 10:09:06.706194,2026-05-19 10:09:06.970874,0 days 00:00:00.264680,128,3.4060003157632748,0.009447986457915008,0.006919715909982902,5,0.5745480828063579,2000,PRUNED
932,1.0746398260153e-07,2026-05-19 10:09:06.979074,2026-05-19 10:09:10.880361,0 days 00:00:03.901287,128,5.508194702090789,3.775100750241886,0.0076432779204103785,4,0.5451558796602239,2000,COMPLETE
933,0.002147217281162739,2026-05-19 10:09:10.892093,2026-05-19 10:09:11.120037,0 days 00:00:00.227944,128,5.172616616278133,5.39598097599768,0.006492448197095145,4,0.5041954702544531,2000,PRUNED
934,0.0024438919499516487,2026-05-19 10:09:11.126621,2026-05-19 10:09:11.379805,0 days 00:00:00.253184,128,4.725464628431842,4.393607859888063,0.007349258586876648,4,0.5271075481105917,2000,PRUNED
935,0.0010641692206263542,2026-05-19 10:09:11.386550,2026-05-19 10:09:11.637240,0 days 00:00:00.250690,128,4.2126223697603855,3.833342370211459,0.006057521820198997,4,0.5293024041003462,2000,PRUNED
936,0.0019229286117479205,2026-05-19 10:09:11.644159,2026-05-19 10:09:11.893780,0 days 00:00:00.249621,128,3.041272637305855,6.3972821138316025,0.0010349213007437629,4,0.5480481006282674,2000,PRUNED
937,0.0017667801585048437,2026-05-19 10:09:11.900647,2026-05-19 10:09:12.146227,0 days 00:00:00.245580,128,5.698369540940716,5.068963135028657,0.005246893517148239,4,0.5453240320766305,2000,PRUNED
938,8.302848436869681e-05,2026-05-19 10:09:12.152734,2026-05-19 10:09:12.583875,0 days 00:00:00.431141,128,2.485084599260559,4.121513834171494,0.007946719477661094,4,0.5134850466633224,2000,PRUNED
939,0.022199643775820732,2026-05-19 10:09:12.590640,2026-05-19 10:09:12.854895,0 days 00:00:00.264255,128,1.7580522668078693,7.666658034280924,0.006743489489814074,4,0.5556858069739746,2000,PRUNED
940,0.0007558554061688483,2026-05-19 10:09:12.862243,2026-05-19 10:09:13.100896,0 days 00:00:00.238653,128,4.615060187078514,3.6247353925820964,0.00621359255732864,4,0.5367533150050298,2000,PRUNED
941,0.0015726379351690412,2026-05-19 10:09:13.109523,2026-05-19 10:09:13.318180,0 days 00:00:00.208657,128,3.7102380479282213,4.950647534903586,0.007549567512622874,4,0.5337404193807983,2000,PRUNED
942,0.0030008249450474977,2026-05-19 10:09:13.326311,2026-05-19 10:09:13.570966,0 days 00:00:00.244655,128,5.376002831410708,6.205200645478481,0.006977143428512935,4,0.548185951485212,2000,PRUNED
943,0.00322844204492867,2026-05-19 10:09:13.579769,2026-05-19 10:09:13.840305,0 days 00:00:00.260536,128,2.1269842718536243,3.1813495523292903,0.009219384059796531,4,0.5604465172121156,2000,PRUNED
944,0.0014431733870878816,2026-05-19 10:09:13.849104,2026-05-19 10:09:14.095078,0 days 00:00:00.245974,128,2.8023628146983524,4.286116940041943,0.008380063388397507,4,0.5393517882430903,2000,PRUNED
945,0.0009061841410584748,2026-05-19 10:09:14.102494,2026-05-19 10:09:14.327382,0 days 00:00:00.224888,128,4.00940939285328,3.5257754443054807,0.005874513903616621,4,0.5228604991351067,2000,PRUNED
946,0.0007825875654816628,2026-05-19 10:09:14.334328,2026-05-19 10:09:14.557902,0 days 00:00:00.223574,128,3.250220347407587,1.1271474105174315,0.007507253685668986,4,0.5657938983061068,2000,PRUNED
947,0.0016609295271337032,2026-05-19 10:09:14.564596,2026-05-19 10:09:14.789113,0 days 00:00:00.224517,128,5.096215059812277,5.40685936173869,0.004825687702738105,4,0.5737115920196808,2000,PRUNED
948,1.0951557669613976e-06,2026-05-19 10:09:14.795758,2026-05-19 10:09:18.574153,0 days 00:00:03.778395,128,2.338328395715933,2.8631784270829312,0.006391038268976949,4,0.5520188385783105,2000,COMPLETE
949,0.00046009631478227675,2026-05-19 10:09:18.584854,2026-05-19 10:09:18.819243,0 days 00:00:00.234389,128,2.0292950679324697,2.798957989126611,0.005240245489193406,4,0.5174737124013078,2000,PRUNED
950,0.0021934553515166044,2026-05-19 10:09:18.827032,2026-05-19 10:09:19.053586,0 days 00:00:00.226554,128,2.4403464468949534,3.0406077986337237,0.005799263220143121,4,0.5404256368806564,2000,PRUNED
951,0.0008452581241726875,2026-05-19 10:09:19.060521,2026-05-19 10:09:19.281959,0 days 00:00:00.221438,128,2.314011213285419,2.3553881164037755,0.006301538647352376,4,0.5375929326278044,2000,PRUNED
952,0.0009493847610428929,2026-05-19 10:09:19.289545,2026-05-19 10:09:19.513493,0 days 00:00:00.223948,128,2.1101340915473976,0.06764174820749605,0.0056285162268728236,4,0.5439943167785833,2000,PRUNED
953,0.0012896823463961482,2026-05-19 10:09:19.520196,2026-05-19 10:09:19.756426,0 days 00:00:00.236230,128,1.7978624506115033,2.828291222311103,0.004535148063297728,4,0.5549922064747891,2000,PRUNED
954,0.0012365952134132385,2026-05-19 10:09:19.763458,2026-05-19 10:09:19.994049,0 days 00:00:00.230591,128,1.9346410211820266,3.253984807857872,0.006522365411736882,4,0.5516604650828716,2000,PRUNED
955,0.0007338279974646866,2026-05-19 10:09:20.000877,2026-05-19 10:09:20.237437,0 days 00:00:00.236560,128,2.2215570559226703,3.781425821362519,0.00905452833441452,4,0.5591736750086912,2000,PRUNED
956,0.0011927038431167603,2026-05-19 10:09:20.244865,2026-05-19 10:09:20.468094,0 days 00:00:00.223229,128,4.449194936852796,0.09060966858163753,0.007873915765674271,4,0.5501019438758452,2000,PRUNED
957,0.006920438725501299,2026-05-19 10:09:20.476137,2026-05-19 10:09:20.725511,0 days 00:00:00.249374,128,1.0847283489958452,2.470534364398859,0.00689020232857403,4,0.5301527052345351,2000,PRUNED
958,0.0013856681762263179,2026-05-19 10:09:20.736161,2026-05-19 10:09:20.994028,0 days 00:00:00.257867,128,2.299951031798861,4.469309596155531,0.0008941533779777222,4,0.5635768875345759,2000,PRUNED
959,0.001927663804963231,2026-05-19 10:09:21.000718,2026-05-19 10:09:21.229761,0 days 00:00:00.229043,128,5.580024729068461,3.5158900728449796,0.006208961049781493,4,0.5414852563840016,2000,PRUNED
960,0.004664980340749025,2026-05-19 10:09:21.236632,2026-05-19 10:09:21.443759,0 days 00:00:00.207127,128,1.4933272900695607,2.7163585289572634,0.005341925445458961,4,0.4567375339604383,2000,PRUNED
961,3.389767880435102e-05,2026-05-19 10:09:21.451628,2026-05-19 10:09:21.859183,0 days 00:00:00.407555,128,2.032041825532174,3.930363960416363,0.00838202061484129,4,0.5556693021208023,2000,PRUNED
962,0.0016973433084785938,2026-05-19 10:09:21.867327,2026-05-19 10:09:22.088011,0 days 00:00:00.220684,128,4.873245307384292,8.338518946841443,0.0007624424524647534,4,0.5237501296747156,2000,PRUNED
963,0.003088847268372774,2026-05-19 10:09:22.095852,2026-05-19 10:09:22.329673,0 days 00:00:00.233821,128,1.6354585882400081,2.9890496887960816,0.0072796337808756495,4,0.5570649992098626,2000,PRUNED
964,0.0012005061144009233,2026-05-19 10:09:22.337693,2026-05-19 10:09:22.557449,0 days 00:00:00.219756,128,2.468835796302591,4.4709835290540845,0.009186249057707896,4,0.5810535786903948,2000,PRUNED
965,0.002959496807307005,2026-05-19 10:09:22.565971,2026-05-19 10:09:22.792969,0 days 00:00:00.226998,128,2.1241607608050437,2.4231551477598474,0.00997220405592579,4,0.5738545760966145,2000,PRUNED
966,0.0006057299324311316,2026-05-19 10:09:22.800060,2026-05-19 10:09:23.016429,0 days 00:00:00.216369,128,1.903325969815059,3.5234802074964686,0.007831667040151138,4,0.5399938483218241,2000,PRUNED
967,0.002999261487275362,2026-05-19 10:09:23.023233,2026-05-19 10:09:23.236926,0 days 00:00:00.213693,128,4.368317491921325,7.031713947081999,0.006843796914611965,4,0.5657656241496987,2000,PRUNED
968,0.006267362739890814,2026-05-19 10:09:23.243261,2026-05-19 10:09:23.470496,0 days 00:00:00.227235,128,6.02347053992093,0.001357732035133494,0.006119225270415726,4,0.5679192499085675,3000,PRUNED
969,5.9627134760376066e-05,2026-05-19 10:09:23.477163,2026-05-19 10:09:23.857522,0 days 00:00:00.380359,128,3.9875390139463627,5.273671790784897,0.005504119773376677,4,0.34442219822001424,2000,PRUNED
970,0.0026532358024269342,2026-05-19 10:09:23.864517,2026-05-19 10:09:24.124780,0 days 00:00:00.260263,128,1.3055144889469508,3.353548115340006,0.003926543197483986,4,0.5497326837462558,2000,PRUNED
971,3.011188880464033e-07,2026-05-19 10:09:24.131715,2026-05-19 10:09:28.099474,0 days 00:00:03.967759,128,5.44392472792498,4.267256024738213,0.008433452770847767,4,0.6360554475584739,2000,COMPLETE
972,0.0020689466036856174,2026-05-19 10:09:28.109861,2026-05-19 10:09:28.369243,0 days 00:00:00.259382,128,6.041938990392599,6.517053733894383,0.00910674628747347,4,0.6399109143097068,2000,PRUNED
973,0.0020022958051413298,2026-05-19 10:09:28.376462,2026-05-19 10:09:28.629648,0 days 00:00:00.253186,128,5.62653121786768,5.47575700177665,0.008526675987780107,4,0.6352193697620702,2000,PRUNED
974,0.0010105501860380173,2026-05-19 10:09:28.637157,2026-05-19 10:09:28.879687,0 days 00:00:00.242530,128,2.6175453340959653,4.495187072033408,0.008416184587654104,4,0.6248501280593592,2000,PRUNED
975,0.0009279092773795128,2026-05-19 10:09:28.886599,2026-05-19 10:09:29.140314,0 days 00:00:00.253715,128,6.726523601211481,6.386546452624028,0.007710414007949818,4,0.6448442942621652,2000,PRUNED
976,0.0018939962610602379,2026-05-19 10:09:29.147538,2026-05-19 10:09:29.377501,0 days 00:00:00.229963,128,5.41875719793437,5.160264474966532,0.008408890173849359,4,0.6585326079309828,2000,PRUNED
977,0.0030006926972419024,2026-05-19 10:09:29.384270,2026-05-19 10:09:29.611192,0 days 00:00:00.226922,128,2.3315538028175173,4.278135104867503,0.007418592407650456,4,0.6225680227811274,2000,PRUNED
978,0.0009695484768599272,2026-05-19 10:09:29.618373,2026-05-19 10:09:29.862490,0 days 00:00:00.244117,128,3.514769299607373,5.917559756681352,0.009265530413236743,4,0.6056170547936205,2000,PRUNED
979,0.0010305286850780249,2026-05-19 10:09:29.869944,2026-05-19 10:09:30.107203,0 days 00:00:00.237259,128,6.280609424627408,8.482734491977881,0.007814429391055823,4,0.6171145661691126,2000,PRUNED
980,0.011686726473271847,2026-05-19 10:09:30.114133,2026-05-19 10:09:30.340561,0 days 00:00:00.226428,128,1.7356690797305674,4.808375187001702,0.007122929312973765,4,0.6333570482915363,2000,PRUNED
981,0.0008443157421424985,2026-05-19 10:09:30.347535,2026-05-19 10:09:30.570374,0 days 00:00:00.222839,128,2.2515295623459086,3.838889892354,0.009078422613118357,4,0.6483278133706033,2000,PRUNED
982,0.0028865723870694637,2026-05-19 10:09:30.578676,2026-05-19 10:09:30.823355,0 days 00:00:00.244679,128,2.5876382609203668,4.117174180759845,0.009937137896641801,4,0.6119560835829783,2000,PRUNED
983,0.0015774656785652041,2026-05-19 10:09:30.831005,2026-05-19 10:09:31.072531,0 days 00:00:00.241526,128,5.128521159903115,6.9467909650215125,0.008274881975207054,4,0.624846314115455,2000,PRUNED
984,0.0011869162553921342,2026-05-19 10:09:31.080839,2026-05-19 10:09:31.302862,0 days 00:00:00.222023,128,2.9884234346425096,4.85382779462436,0.006678665379840141,4,0.5950348544078691,2000,PRUNED
985,0.0020124646835029125,2026-05-19 10:09:31.310903,2026-05-19 10:09:31.532201,0 days 00:00:00.221298,128,1.4341068265656034,2.927298996305392,0.00743731945297959,4,0.6067268660459599,2000,PRUNED
986,0.04983464255928993,2026-05-19 10:09:31.539406,2026-05-19 10:09:31.791731,0 days 00:00:00.252325,128,1.9293953428574826,5.875394954411076,0.009040065984811102,4,0.6158151957195351,2000,PRUNED
987,0.0017239442095160484,2026-05-19 10:09:31.798669,2026-05-19 10:09:32.031032,0 days 00:00:00.232363,128,5.876524359622135,3.656354481940923,0.008131927334692066,4,0.5918696895616989,2000,PRUNED
988,0.0019484151853248477,2026-05-19 10:09:32.038115,2026-05-19 10:09:32.295570,0 days 00:00:00.257455,128,6.79304364357924,0.006366094605890434,0.006617267664337774,4,0.6360460433071878,2000,PRUNED
989,0.0008698871824890375,2026-05-19 10:09:32.302527,2026-05-19 10:09:32.522643,0 days 00:00:00.220116,128,4.9468733401089935,2.343496595765987,0.007349352137551621,4,0.6060235503879352,2000,PRUNED
990,0.0008472948102280498,2026-05-19 10:09:32.529105,2026-05-19 10:09:32.754445,0 days 00:00:00.225340,128,3.532904205670379,3.258242911643484,0.0063295387286899435,4,0.349735288639304,2000,PRUNED
991,0.001493530930019915,2026-05-19 10:09:32.761837,2026-05-19 10:09:32.990372,0 days 00:00:00.228535,128,2.709617253455305,4.753551685792003,0.008102946674463292,4,0.5950243854218975,2000,PRUNED
992,0.0074029904790222645,2026-05-19 10:09:32.997184,2026-05-19 10:09:33.225832,0 days 00:00:00.228648,128,1.5534321494864742,3.99033856602002,0.007000945693025672,4,0.6240747384858248,2000,PRUNED
993,0.0017707550432533026,2026-05-19 10:09:33.232220,2026-05-19 10:09:33.464312,0 days 00:00:00.232092,128,2.155362009494626,2.6983995934571943,0.008780883470997411,4,0.5832517853010867,2000,PRUNED
994,7.091581937856972e-05,2026-05-19 10:09:33.471134,2026-05-19 10:09:34.054060,0 days 00:00:00.582926,128,3.853058530545706,0.3296962652673189,0.005792956651018388,6,0.6170031001871883,3000,PRUNED
995,0.0025236087385565042,2026-05-19 10:09:34.060327,2026-05-19 10:09:34.282990,0 days 00:00:00.222663,128,2.431709705202569,0.5432466228236909,0.007668805944603619,4,0.6058944439089975,2000,PRUNED
996,0.0018262226367369294,2026-05-19 10:09:34.289313,2026-05-19 10:09:34.507025,0 days 00:00:00.217712,128,5.617074773912242,5.711457275593535,0.005025535409142659,4,0.5976212045814354,2000,PRUNED
997,0.002781153656542301,2026-05-19 10:09:34.514413,2026-05-19 10:09:34.737301,0 days 00:00:00.222888,128,4.709966082607369,7.499915144543042,0.006907313984128254,4,0.5832801020269288,2000,PRUNED
998,0.0025901347398757935,2026-05-19 10:09:34.743857,2026-05-19 10:09:34.991690,0 days 00:00:00.247833,128,3.1045264598111943,3.295926934578453,0.006204517445038858,4,0.656753185452229,2000,PRUNED
999,0.0011886694701388478,2026-05-19 10:09:34.999675,2026-05-19 10:09:35.252282,0 days 00:00:00.252607,128,6.675526975541076,8.988664217132861,0.008362890737990212,4,0.6340995700316434,5000,PRUNED
