number,value,datetime_start,datetime_complete,duration,params_hidden,params_lambda_ic,params_lambda_phys,params_lr,params_n_layers,params_scheduler_gamma,params_scheduler_step,state
0,1.7738031601766124e-05,2026-05-19 10:09:35.361687,2026-05-19 10:09:42.400890,0 days 00:00:07.039203,48,15.75132049977973,0.8471801418819978,0.0002051338263087451,6,0.3935967122017216,1000,COMPLETE
1,4.306783921492752e-06,2026-05-19 10:09:42.414834,2026-05-19 10:09:46.721577,0 days 00:00:04.306743,112,1.0994335574766196,0.679657809075816,0.008706020878304856,5,0.7994655844802532,2000,COMPLETE
2,0.00011411442392272875,2026-05-19 10:09:46.737717,2026-05-19 10:09:56.283372,0 days 00:00:09.545655,32,11.207606211860567,0.016480446427978974,0.0007309539835912913,2,0.47473748411882516,4000,COMPLETE
3,1.746442103467416e-05,2026-05-19 10:09:56.293563,2026-05-19 10:10:01.438602,0 days 00:00:05.145039,32,8.168455894760163,0.029204338471814112,0.0037183641805732083,3,0.41980426929501585,3000,COMPLETE
4,1.5768113371450454e-05,2026-05-19 10:10:01.448528,2026-05-19 10:10:06.379749,0 days 00:00:04.931221,80,2.1930485556643684,0.26926469100861794,0.00013492834268013249,2,0.8693313223520001,5000,COMPLETE
5,0.009843776002526283,2026-05-19 10:10:06.388981,2026-05-19 10:10:06.719894,0 days 00:00:00.330913,112,23.359635026261596,0.002458603276328005,0.0007591104805282694,3,0.3732229409068673,3000,PRUNED
6,0.10749409347772598,2026-05-19 10:10:06.726068,2026-05-19 10:10:07.022492,0 days 00:00:00.296424,16,21.137059440645725,0.010842262717330166,0.0004201672054372534,6,0.6120408127066865,3000,PRUNED
7,3.3623033232288435e-05,2026-05-19 10:10:07.029555,2026-05-19 10:10:13.833222,0 days 00:00:06.803667,32,75.68292060167619,1.2604664585649468,0.006161049539380964,6,0.6587399872866511,5000,COMPLETE
8,0.08609063178300858,2026-05-19 10:10:13.844442,2026-05-19 10:10:14.000489,0 days 00:00:00.156047,16,4.473636174621264,0.0015167330688076208,0.0005989003672254305,2,0.4628094190643376,5000,PRUNED
9,1.0958566235785838e-05,2026-05-19 10:10:14.008263,2026-05-19 10:10:17.235306,0 days 00:00:03.227043,48,1.9135880487692298,0.14817820606039092,0.0040215545266902904,3,0.3447303862078625,5000,COMPLETE
10,0.01919294334948063,2026-05-19 10:10:17.249235,2026-05-19 10:10:17.496420,0 days 00:00:00.247185,128,1.0862348973937128,7.553503645583189,0.0020124870829750945,5,0.8445988771695108,1000,PRUNED
11,9.453984603169374e-06,2026-05-19 10:10:17.503067,2026-05-19 10:10:21.077213,0 days 00:00:03.574146,80,1.078313102013456,0.12775215110810637,0.007791470666172783,4,0.7444221836847316,2000,COMPLETE
12,4.955172698828392e-07,2026-05-19 10:10:21.086104,2026-05-19 10:10:24.739161,0 days 00:00:03.653057,96,1.0201113652123812,1.0267094629542988,0.007956692282233665,4,0.740957287747034,2000,COMPLETE
13,5.476701517181937e-06,2026-05-19 10:10:24.752367,2026-05-19 10:10:29.039756,0 days 00:00:04.287389,96,3.2323534348361185,4.135860453609436,0.002012962831034317,5,0.7631577502561161,2000,COMPLETE
14,2.3253614926943555e-06,2026-05-19 10:10:29.052011,2026-05-19 10:10:32.751979,0 days 00:00:03.699968,128,1.0111248797295136,0.8387744815011882,0.0018766870441105819,4,0.7410619834032235,2000,COMPLETE
15,4.38593224316719e-06,2026-05-19 10:10:32.766930,2026-05-19 10:10:37.103416,0 days 00:00:04.336486,128,5.069600917348214,2.491233903441562,0.0018449423462897506,4,0.6877965078726933,2000,COMPLETE
16,0.00019276337116025388,2026-05-19 10:10:37.113767,2026-05-19 10:10:37.922820,0 days 00:00:00.809053,96,2.1926824717449196,0.26518036882151624,0.0014425540650734175,4,0.5973709633416708,1000,PRUNED
17,0.016817374154925346,2026-05-19 10:10:37.931014,2026-05-19 10:10:38.128320,0 days 00:00:00.197306,112,47.507472315742596,0.049027403564167196,0.003484228189457654,4,0.5817085615954312,3000,PRUNED
18,2.900482058976195e-06,2026-05-19 10:10:38.136394,2026-05-19 10:10:42.386957,0 days 00:00:04.250563,96,1.6995888913376278,1.8701016971334423,0.004903814798968554,5,0.7014283407227422,4000,COMPLETE
19,0.0028389915823936462,2026-05-19 10:10:42.399739,2026-05-19 10:10:42.584853,0 days 00:00:00.185114,128,4.424953543422653,0.444281819459846,0.00034352487171563175,3,0.8984232822351942,2000,PRUNED
20,0.0035260184668004513,2026-05-19 10:10:42.591675,2026-05-19 10:10:42.802554,0 days 00:00:00.210879,80,3.373966241651291,9.760347577201744,0.001262231143848418,4,0.531998343238509,4000,PRUNED
21,0.0011704890057444572,2026-05-19 10:10:42.810049,2026-05-19 10:10:43.029549,0 days 00:00:00.219500,96,1.6452301896278672,2.4678645339851037,0.005113258691925766,5,0.7067625365609452,4000,PRUNED
22,1.6016019799280912e-06,2026-05-19 10:10:43.036065,2026-05-19 10:10:47.456587,0 days 00:00:04.420522,64,1.447195329736351,1.6566214124230756,0.009770906647138616,5,0.7988634584534464,4000,COMPLETE
23,0.0002856983046513051,2026-05-19 10:10:47.466955,2026-05-19 10:10:47.935984,0 days 00:00:00.469029,64,1.403423093533812,0.4531115229984265,0.0027785749049236146,5,0.8170555375371218,2000,PRUNED
24,4.61081162939081e-06,2026-05-19 10:10:47.942910,2026-05-19 10:10:51.889673,0 days 00:00:03.946763,64,2.7172583687433396,1.1450168560708571,0.009557305500712796,4,0.7685667439083331,1000,COMPLETE
25,0.014765728265047073,2026-05-19 10:10:51.904014,2026-05-19 10:10:52.123494,0 days 00:00:00.219480,64,1.3343376463783772,5.098119821208537,0.002757007439834074,3,0.6428493968364364,3000,PRUNED
26,0.00321976444683969,2026-05-19 10:10:52.130493,2026-05-19 10:10:52.355548,0 days 00:00:00.225055,48,5.81306942890767,0.0697799628173791,0.006645150105967686,4,0.7366425322027266,3000,PRUNED
27,0.08378301560878754,2026-05-19 10:10:52.362301,2026-05-19 10:10:52.605543,0 days 00:00:00.243242,112,2.2912654344737233,3.4706243106465156,0.009756514344284824,5,0.7888963443035315,4000,PRUNED
28,5.408117431215942e-06,2026-05-19 10:10:52.611950,2026-05-19 10:10:56.684807,0 days 00:00:04.072857,80,1.560920339339959,0.2973801000562453,0.005821540999100251,4,0.8280401849554162,2000,COMPLETE
29,0.00017496997315902263,2026-05-19 10:10:56.694009,2026-05-19 10:10:57.245985,0 days 00:00:00.551976,128,1.016372706649764,1.1683631991133283,0.0001765394829300419,6,0.7204047378867301,1000,PRUNED
30,0.0006959441234357655,2026-05-19 10:10:57.252617,2026-05-19 10:10:57.801600,0 days 00:00:00.548983,64,8.288750525929023,1.8564199697742219,0.0003126705880979494,6,0.3001572673828277,1000,PRUNED
31,5.790804607386235e-06,2026-05-19 10:10:57.808353,2026-05-19 10:11:02.579306,0 days 00:00:04.770953,96,1.637565604820132,0.6208176242424545,0.00467255019176061,5,0.6747013818979675,4000,COMPLETE
32,1.58462523813796e-06,2026-05-19 10:11:02.592424,2026-05-19 10:11:07.611222,0 days 00:00:05.018798,96,1.367461334416787,0.805292750977039,0.0028097216009321828,5,0.786777902876036,4000,COMPLETE
33,0.00021048984490334988,2026-05-19 10:11:07.624806,2026-05-19 10:11:08.205207,0 days 00:00:00.580401,112,1.00230824871941,0.7540372699289928,0.0026058337424913836,5,0.8005338436434345,4000,PRUNED
34,0.0001078086206689477,2026-05-19 10:11:08.212237,2026-05-19 10:11:08.763635,0 days 00:00:00.551398,80,2.6725235082462304,0.19414153764289646,0.0010356713131866866,5,0.8694872583528545,3000,PRUNED
35,6.335355283226818e-05,2026-05-19 10:11:08.773416,2026-05-19 10:11:09.321402,0 days 00:00:00.547986,48,1.3295255770413363,0.5769817152148381,0.0072942022712495945,4,0.7700479329254267,2000,PRUNED
36,0.00011185292532900348,2026-05-19 10:11:09.328657,2026-05-19 10:11:09.784909,0 days 00:00:00.456252,112,12.682004253655888,1.3380027963439711,0.003132890959318406,3,0.8501920489611685,5000,PRUNED
37,0.003680939320474863,2026-05-19 10:11:09.792167,2026-05-19 10:11:10.051823,0 days 00:00:00.259656,96,1.2781595873845157,5.761270430231094,0.001690201636575222,5,0.8989701516996023,4000,PRUNED
38,0.008630049414932728,2026-05-19 10:11:10.059042,2026-05-19 10:11:10.350488,0 days 00:00:00.291446,64,3.088029249367627,0.016063467297744338,0.0009730406964471717,6,0.6378314128814776,3000,PRUNED
39,0.00034603162202984095,2026-05-19 10:11:10.357988,2026-05-19 10:11:10.797498,0 days 00:00:00.439510,80,1.9626299085000818,0.34530308981269725,0.002331200218927854,4,0.5506873551125531,3000,PRUNED
40,0.008892476558685303,2026-05-19 10:11:10.805018,2026-05-19 10:11:11.041540,0 days 00:00:00.236522,32,34.39355831697861,0.8819812145262719,0.004151826971087145,4,0.7998917281718632,4000,PRUNED
41,4.455797352420632e-06,2026-05-19 10:11:11.048432,2026-05-19 10:11:15.934543,0 days 00:00:04.886111,96,1.8941327964232046,1.9584821988159875,0.005445904631834304,5,0.6931198940467117,4000,COMPLETE
42,0.013335313647985458,2026-05-19 10:11:15.947280,2026-05-19 10:11:16.258188,0 days 00:00:00.310908,112,1.2757786177801207,2.8997416393479067,0.007679883610382862,6,0.7312049968387057,5000,PRUNED
43,3.868307248922065e-05,2026-05-19 10:11:16.266214,2026-05-19 10:11:17.240713,0 days 00:00:00.974499,96,1.7405479646898825,1.6081184133629745,0.004425022903378397,5,0.7579658254562178,4000,PRUNED
44,1.317604187534016e-06,2026-05-19 10:11:17.248082,2026-05-19 10:11:21.988298,0 days 00:00:04.740216,80,2.289443348802963,0.8224282553487274,0.009988229015155793,5,0.7044348259731533,5000,COMPLETE
45,0.0206292774528265,2026-05-19 10:11:21.997847,2026-05-19 10:11:22.298642,0 days 00:00:00.300795,80,2.4624097679381602,0.00712036162307134,0.00010189161943391766,5,0.786489220532669,5000,PRUNED
46,0.001001442433334887,2026-05-19 10:11:22.305919,2026-05-19 10:11:22.495332,0 days 00:00:00.189413,48,3.9597298330124207,0.8313802994725109,0.008311234616971523,3,0.6514087810121396,5000,PRUNED
47,0.0007204007706604898,2026-05-19 10:11:22.502118,2026-05-19 10:11:22.880527,0 days 00:00:00.378409,64,1.1911322673788876,0.20640617193292055,0.006656531171227747,4,0.8160153426389765,5000,PRUNED
48,0.008577023632824421,2026-05-19 10:11:22.886961,2026-05-19 10:11:23.049158,0 days 00:00:00.162197,80,89.26283695736552,0.09178173834848408,0.0005915934908238686,2,0.8499186875450968,2000,PRUNED
49,7.86315126788395e-07,2026-05-19 10:11:23.055554,2026-05-19 10:11:27.370377,0 days 00:00:04.314823,128,1.0066998956294553,0.4550089594214893,0.003522685296289495,5,0.6211801033723706,3000,COMPLETE
50,0.0008166306070052087,2026-05-19 10:11:27.379881,2026-05-19 10:11:27.654632,0 days 00:00:00.274751,96,7.166195686703946,0.4011188493986591,0.008812963032274024,6,0.6216539886044766,3000,PRUNED
51,2.483042590029072e-05,2026-05-19 10:11:27.661061,2026-05-19 10:11:28.856679,0 days 00:00:01.195618,128,1.0589393661423503,1.0310189334043396,0.003482422174445861,5,0.6732377625882147,2000,PRUNED
52,0.002305625705048442,2026-05-19 10:11:28.864187,2026-05-19 10:11:29.141943,0 days 00:00:00.277756,128,1.4822185853833232,0.636882705579212,0.006305306308883818,5,0.7140329414760762,3000,PRUNED
53,8.347189577762038e-05,2026-05-19 10:11:29.149006,2026-05-19 10:11:29.550268,0 days 00:00:00.401262,112,2.1298381250908758,0.4744984540867569,0.0015206900508745614,4,0.7454630021942151,2000,PRUNED
54,0.0017744341166689992,2026-05-19 10:11:29.557824,2026-05-19 10:11:29.822298,0 days 00:00:00.264474,128,1.215373906634663,0.2041493126622292,0.00988776200277898,5,0.5314997805921042,3000,PRUNED
55,0.00034000896266661584,2026-05-19 10:11:29.828819,2026-05-19 10:11:30.965222,0 days 00:00:01.136403,112,19.78814878044896,2.4226575485505344,0.0022288600575315095,5,0.5737843181655959,5000,PRUNED
56,0.0012616366147994995,2026-05-19 10:11:30.972473,2026-05-19 10:11:31.180379,0 days 00:00:00.207906,128,1.5385339801249605,0.12961181052691922,0.0033085185193571405,4,0.6741465725205992,2000,PRUNED
57,0.001987490803003311,2026-05-19 10:11:31.188042,2026-05-19 10:11:31.421830,0 days 00:00:00.233788,80,1.0160417397068409,3.3846056907541624,0.003839461910177115,5,0.4651182901424037,4000,PRUNED
58,1.369570327369729e-05,2026-05-19 10:11:31.430595,2026-05-19 10:11:32.300247,0 days 00:00:00.869652,96,1.8909346116488894,1.5175973465255637,0.0012054727336913713,4,0.7733253452932577,2000,PRUNED
59,6.017826308379881e-06,2026-05-19 10:11:32.306975,2026-05-19 10:11:36.645535,0 days 00:00:04.338560,112,1.3955932525322297,0.9139573169431056,0.005447950049175269,5,0.7454771540729328,1000,COMPLETE
60,2.033428245340474e-05,2026-05-19 10:11:36.658081,2026-05-19 10:11:37.657133,0 days 00:00:00.999052,64,1.2471353069525821,0.2618544523820583,0.008012080571516858,6,0.7180350424041878,4000,PRUNED
61,2.676256144695799e-06,2026-05-19 10:11:37.663944,2026-05-19 10:11:42.520806,0 days 00:00:04.856862,96,1.702805780739623,2.0355931012391095,0.004689923741777986,5,0.6913840618910632,4000,COMPLETE
62,1.8704977264860645e-05,2026-05-19 10:11:42.534321,2026-05-19 10:11:43.424986,0 days 00:00:00.890665,96,1.1340738945708904,1.2954052366502173,0.0066001431053626545,5,0.6961306850557437,4000,PRUNED
63,0.014610657468438148,2026-05-19 10:11:43.432513,2026-05-19 10:11:43.708015,0 days 00:00:00.275502,112,1.559722624606445,5.63144723782023,0.004687209543028371,5,0.61894232179968,4000,PRUNED
64,0.001532035763375461,2026-05-19 10:11:43.715907,2026-05-19 10:11:43.958217,0 days 00:00:00.242310,80,2.332183907176166,4.31394212718785,0.0019748125218693293,4,0.6664765719773948,3000,PRUNED
65,0.0008123791194520891,2026-05-19 10:11:43.965901,2026-05-19 10:11:44.226691,0 days 00:00:00.260790,128,1.82877046083003,2.248372303094082,0.0030031123539896384,5,0.7550619526935342,4000,PRUNED
66,1.9405176772124832e-06,2026-05-19 10:11:44.233983,2026-05-19 10:11:48.338030,0 days 00:00:04.104047,96,1.1609173786505864,0.5144263776050009,0.0023244127589321156,4,0.8189850927609869,5000,COMPLETE
67,8.216965943574905e-05,2026-05-19 10:11:48.348456,2026-05-19 10:11:48.767181,0 days 00:00:00.418725,80,1.1105502899492457,0.7020371129042026,0.0022857674217346717,4,0.8203719846248977,5000,PRUNED
68,0.0008433362818323076,2026-05-19 10:11:48.774494,2026-05-19 10:11:49.005879,0 days 00:00:00.231385,64,1.4624862351873953,0.5234633008807676,0.0015425885004022092,4,0.7839600680830421,5000,PRUNED
69,0.00016507215332239866,2026-05-19 10:11:49.013210,2026-05-19 10:11:49.420284,0 days 00:00:00.407074,112,2.9951734849764526,0.3735246101106888,0.0018066950174658884,3,0.8370160800614698,5000,PRUNED
70,5.575236718868837e-05,2026-05-19 10:11:49.428546,2026-05-19 10:11:49.882446,0 days 00:00:00.453900,48,3.7135966817377186,1.1714836868829688,0.0025782742577667717,4,0.7990945921979479,5000,PRUNED
71,0.00010946782276732847,2026-05-19 10:11:49.889596,2026-05-19 10:11:50.313065,0 days 00:00:00.423469,96,2.0707562896738785,0.7828821235706639,0.0038332347132779255,5,0.7335711753150094,4000,PRUNED
72,0.0027103254105895758,2026-05-19 10:11:50.319206,2026-05-19 10:11:50.562017,0 days 00:00:00.242811,96,1.2001641982630518,1.624519756921487,0.006993749940207112,4,0.6874963628786868,5000,PRUNED
73,0.0017176553374156356,2026-05-19 10:11:50.568648,2026-05-19 10:11:50.821053,0 days 00:00:00.252405,96,1.7152271771840801,0.5049840340382176,0.008756986894378026,5,0.8585732567990584,4000,PRUNED
74,2.3464652258553542e-05,2026-05-19 10:11:50.828356,2026-05-19 10:11:51.780520,0 days 00:00:00.952164,80,1.3762083570308876,1.0747663016002134,0.005780475306944652,5,0.8779158215017181,2000,PRUNED
75,1.5956515198922716e-05,2026-05-19 10:11:51.788051,2026-05-19 10:11:52.595096,0 days 00:00:00.807045,96,1.032828075108513,0.30336522919599146,0.004961253063161176,4,0.5988651403794197,3000,PRUNED
76,0.0012506620259955525,2026-05-19 10:11:52.604751,2026-05-19 10:11:52.907920,0 days 00:00:00.303169,112,1.1827944630920957,3.0856418679213555,0.0026882443481533835,5,0.7712923558895844,5000,PRUNED
77,8.24320741230622e-05,2026-05-19 10:11:52.916853,2026-05-19 10:11:53.377475,0 days 00:00:00.460622,80,2.518206796886266,0.04230331003382069,0.003188551814278675,4,0.812249968606385,1000,PRUNED
78,0.0032160370610654354,2026-05-19 10:11:53.386081,2026-05-19 10:11:53.675558,0 days 00:00:00.289477,128,1.446959118930524,2.1009826780823317,0.007732377706995873,6,0.7089720194015091,3000,PRUNED
79,0.026186112314462662,2026-05-19 10:11:53.684587,2026-05-19 10:11:53.945385,0 days 00:00:00.260798,32,1.6344431483816897,8.87556943488919,0.009481179864153342,4,0.42515582910294303,4000,PRUNED
80,0.0001856579474406317,2026-05-19 10:11:53.955427,2026-05-19 10:11:54.939353,0 days 00:00:00.983926,96,1.320650676408362,0.6149415364039972,0.004239720221416249,5,0.6380136637979513,5000,PRUNED
81,3.1061308618518524e-06,2026-05-19 10:11:54.947296,2026-05-19 10:11:59.682780,0 days 00:00:04.735484,96,1.7360239172986618,1.575121709724153,0.005075082059339355,5,0.7312537335563348,4000,COMPLETE
82,9.027097576108645e-07,2026-05-19 10:11:59.692583,2026-05-19 10:12:04.587744,0 days 00:00:04.895161,96,2.0634735266255375,0.9050647559147087,0.003612892496552342,5,0.6899136450881367,4000,COMPLETE
83,4.530746446107514e-05,2026-05-19 10:12:04.599870,2026-05-19 10:12:05.106574,0 days 00:00:00.506704,96,2.08294580685458,0.9360417085136746,0.002906571143403659,5,0.7512395665718428,4000,PRUNED
84,3.972676131525077e-05,2026-05-19 10:12:05.113521,2026-05-19 10:12:05.832887,0 days 00:00:00.719366,112,1.1053080749785547,0.72070979164846,0.0036507549162077355,5,0.6601464244246376,4000,PRUNED
85,0.0004735813126899302,2026-05-19 10:12:05.839442,2026-05-19 10:12:06.330611,0 days 00:00:00.491169,64,5.1996321717986,1.2901106641503524,0.0021341759395312777,5,0.6952714645605791,4000,PRUNED
86,0.0018847271567210555,2026-05-19 10:12:06.336904,2026-05-19 10:12:06.589002,0 days 00:00:00.252098,80,2.906732955585288,0.002748900348808849,0.0058379357410293315,5,0.7822202155053883,2000,PRUNED
87,0.0017670633969828486,2026-05-19 10:12:06.595863,2026-05-19 10:12:06.876568,0 days 00:00:00.280705,96,47.14941886276246,0.41557610377601967,0.0025981596938043686,6,0.7248764117239785,3000,PRUNED
88,0.0018923843745142221,2026-05-19 10:12:06.883006,2026-05-19 10:12:07.099450,0 days 00:00:00.216444,112,1.324702816312213,2.7867126621969565,0.001331871033450955,4,0.8352958116634897,5000,PRUNED
89,0.00422310084104538,2026-05-19 10:12:07.106066,2026-05-19 10:12:07.342760,0 days 00:00:00.236694,16,2.2746687594929647,0.17232583904155627,0.004189470007930356,4,0.7628112976376333,4000,PRUNED
90,0.0008012057514861226,2026-05-19 10:12:07.349755,2026-05-19 10:12:07.602685,0 days 00:00:00.252930,80,12.350903137086352,0.9440678183129213,0.00725593594741733,5,0.6824686357406409,5000,PRUNED
91,0.0007277958211489022,2026-05-19 10:12:07.609865,2026-05-19 10:12:07.855067,0 days 00:00:00.245202,96,1.0092581161599434,1.7486194144625544,0.0033312615709811108,5,0.6479248436063269,4000,PRUNED
92,0.0026642337907105684,2026-05-19 10:12:07.863019,2026-05-19 10:12:08.023665,0 days 00:00:00.160646,96,1.6314954419251138,1.3748431153954115,0.004621461987174796,2,0.706146348881409,4000,PRUNED
93,0.004490736871957779,2026-05-19 10:12:08.032600,2026-05-19 10:12:08.275766,0 days 00:00:00.243166,96,1.920301523858782,3.9805426295337285,0.008467525004129353,5,0.8006743524582745,4000,PRUNED
94,0.001331463223323226,2026-05-19 10:12:08.283639,2026-05-19 10:12:08.506840,0 days 00:00:00.223201,128,1.1682374341503325,1.8977461081671336,0.0023988474440053637,5,0.7032875720009318,4000,PRUNED
95,0.00027102723834104836,2026-05-19 10:12:08.514416,2026-05-19 10:12:08.940511,0 days 00:00:00.426095,64,1.4668698030886227,0.24714885283347807,0.00632536981527077,5,0.5835148336214956,3000,PRUNED
96,0.001208196161314845,2026-05-19 10:12:08.948576,2026-05-19 10:12:09.172736,0 days 00:00:00.224160,96,2.555264494395783,0.6062615676203912,0.0036097048679724787,5,0.7440781542593745,2000,PRUNED
97,0.00012185069499537349,2026-05-19 10:12:09.181685,2026-05-19 10:12:09.617428,0 days 00:00:00.435743,80,3.424561892224421,0.33861344992711034,0.00526348024422205,5,0.6240323559760392,4000,PRUNED
98,0.0016419111052528024,2026-05-19 10:12:09.623743,2026-05-19 10:12:09.836237,0 days 00:00:00.212494,112,1.2736209833837688,0.8048690352955927,0.00295098664096729,3,0.7249497155316851,4000,PRUNED
99,0.0017895895289257169,2026-05-19 10:12:09.843684,2026-05-19 10:12:10.090872,0 days 00:00:00.247188,96,1.7966655632539352,1.050135596146615,0.009179483734690408,5,0.6800103383483181,1000,PRUNED
100,0.0012417839607223868,2026-05-19 10:12:10.098832,2026-05-19 10:12:10.373796,0 days 00:00:00.274964,128,1.5560238142289087,2.318237117323428,0.0019397215640160957,6,0.6590805890882545,2000,PRUNED
101,7.512921456509503e-06,2026-05-19 10:12:10.381903,2026-05-19 10:12:14.893783,0 days 00:00:04.511880,96,1.7479699623805651,1.6584305686478373,0.004864375455748992,5,0.7293266205808077,4000,COMPLETE
102,1.8042904912363156e-06,2026-05-19 10:12:14.906976,2026-05-19 10:12:19.152081,0 days 00:00:04.245105,96,2.0352550070059774,1.4307708686758296,0.004085320673605756,5,0.738188349605704,4000,COMPLETE
103,5.0116445891035255e-06,2026-05-19 10:12:19.164558,2026-05-19 10:12:23.564524,0 days 00:00:04.399966,96,2.048522946589066,1.2027383246706702,0.004076154135228217,5,0.49477932346245246,4000,COMPLETE
104,0.0005517760291695595,2026-05-19 10:12:23.578870,2026-05-19 10:12:24.000832,0 days 00:00:00.421962,112,1.107458936336173,0.4692344207066263,0.0034576091642877474,5,0.7599057608692031,4000,PRUNED
105,3.2281513995258138e-06,2026-05-19 10:12:24.008161,2026-05-19 10:12:28.434635,0 days 00:00:04.426474,96,1.3870973359990904,0.716690532449899,0.005879713538881914,5,0.7786454374134752,4000,COMPLETE
106,0.0007033563451841474,2026-05-19 10:12:28.447470,2026-05-19 10:12:28.683427,0 days 00:00:00.235957,80,2.8102064383702077,0.548783610384385,0.0007041418537954199,5,0.7914306858538881,5000,PRUNED
107,0.0005619243020191789,2026-05-19 10:12:28.691188,2026-05-19 10:12:28.928203,0 days 00:00:00.237015,96,2.2480221222056906,0.8553797174607863,0.001686334493214194,5,0.7415653157111077,4000,PRUNED
108,0.0020465170964598656,2026-05-19 10:12:28.935739,2026-05-19 10:12:29.171164,0 days 00:00:00.235425,96,1.1646475386285395,2.6213601162482414,0.0024607063365538256,4,0.8106721902803944,2000,PRUNED
109,3.1367657356895506e-05,2026-05-19 10:12:29.179141,2026-05-19 10:12:30.142773,0 days 00:00:00.963632,64,1.5409149509720552,1.4360487481264528,0.007160960276869001,5,0.7166479354348374,3000,PRUNED
110,0.0007122435490600765,2026-05-19 10:12:30.151138,2026-05-19 10:12:30.397980,0 days 00:00:00.246842,112,1.2774927999357406,3.675104429863006,0.003865404422093616,5,0.8263288982551589,5000,PRUNED
111,0.0020317386370152235,2026-05-19 10:12:30.406811,2026-05-19 10:12:30.646536,0 days 00:00:00.239725,96,1.7524299957810878,2.0118416774202905,0.007968574339342572,5,0.7366345827659028,4000,PRUNED
112,0.0006374905351549387,2026-05-19 10:12:30.655722,2026-05-19 10:12:30.897723,0 days 00:00:00.242001,96,1.853052877547663,1.480507280551227,0.004542552910146566,5,0.7011150897051968,4000,PRUNED
113,4.098475073988084e-06,2026-05-19 10:12:30.905599,2026-05-19 10:12:35.142679,0 days 00:00:04.237080,96,1.0087228137220372,1.1696097200102342,0.00537881866939701,5,0.713868707089782,4000,COMPLETE
114,5.9977377532050014e-05,2026-05-19 10:12:35.155175,2026-05-19 10:12:35.632196,0 days 00:00:00.477021,96,1.4007397010355573,1.0086759405546275,0.0031347064820987825,5,0.7676855453219608,4000,PRUNED
115,4.7756152525835205e-06,2026-05-19 10:12:35.638475,2026-05-19 10:12:40.309405,0 days 00:00:04.670930,80,2.05761539834987,1.9323441862109578,0.006542652815164889,5,0.6892193182102301,4000,COMPLETE
116,0.00540009792894125,2026-05-19 10:12:40.323963,2026-05-19 10:12:40.564567,0 days 00:00:00.240604,112,1.677466850636028,0.6625072827882466,0.009776666981301247,4,0.7556320705351443,4000,PRUNED
117,0.0021998186130076647,2026-05-19 10:12:40.571316,2026-05-19 10:12:40.832378,0 days 00:00:00.261062,96,2.4403367054430816,6.859773895153368,0.004406353191902503,5,0.6650867004230216,4000,PRUNED
118,0.0026615201495587826,2026-05-19 10:12:40.841317,2026-05-19 10:12:41.106593,0 days 00:00:00.265276,80,1.109451941109275,3.025077620143842,0.0021153186059774077,5,0.7295456657330927,5000,PRUNED
119,6.509136437671259e-05,2026-05-19 10:12:41.116254,2026-05-19 10:12:41.555910,0 days 00:00:00.439656,128,6.926147479250846,4.607331880265492,0.004943388023920335,4,0.7912299326999779,2000,PRUNED
120,0.0008104334701783955,2026-05-19 10:12:41.564213,2026-05-19 10:12:41.829176,0 days 00:00:00.264963,64,16.008906834732386,1.5676158983891721,0.0028624655408322004,5,0.7492583680183953,4000,PRUNED
121,1.1958262575717526e-06,2026-05-19 10:12:41.839430,2026-05-19 10:12:46.582781,0 days 00:00:04.743351,96,1.4591009213191128,0.7591805490120508,0.005576840161140808,5,0.7815510958171328,4000,COMPLETE
122,0.0009578249300830066,2026-05-19 10:12:46.596187,2026-05-19 10:12:46.841620,0 days 00:00:00.245433,96,1.2480938091161373,0.8369775644941956,0.00546136005052884,5,0.8070857887147274,4000,PRUNED
123,0.0006003861199133098,2026-05-19 10:12:46.848858,2026-05-19 10:12:47.099031,0 days 00:00:00.250173,96,1.525592199882198,1.238017564912909,0.005995151407058175,5,0.7770442993154224,4000,PRUNED
124,0.0008249009842984378,2026-05-19 10:12:47.105974,2026-05-19 10:12:47.332129,0 days 00:00:00.226155,96,1.9285233653319256,0.4452241338318047,0.0038350308527548707,5,0.7368818350450563,4000,PRUNED
125,3.9766397094354033e-05,2026-05-19 10:12:47.338285,2026-05-19 10:12:47.742526,0 days 00:00:00.404241,96,1.3401439805149793,0.9972037722884628,0.007281502173359667,5,0.7217212597999789,4000,PRUNED
126,0.00010795613343361765,2026-05-19 10:12:47.749798,2026-05-19 10:12:48.146834,0 days 00:00:00.397036,48,1.6189784383704766,0.6170482855146614,0.008653511073797934,5,0.763692286361772,3000,PRUNED
127,0.0030515810940414667,2026-05-19 10:12:48.154422,2026-05-19 10:12:48.349326,0 days 00:00:00.194904,96,1.1814658168539267,2.2353266320553007,0.004278870831524701,4,0.6934962176791274,4000,PRUNED
128,0.0005430938908830285,2026-05-19 10:12:48.355457,2026-05-19 10:12:48.586105,0 days 00:00:00.230648,112,10.127908631542326,0.5389990139830839,0.0033915792610332523,5,0.6772552774115409,5000,PRUNED
129,1.8301381032870268e-07,2026-05-19 10:12:48.593506,2026-05-19 10:12:53.392782,0 days 00:00:04.799276,96,1.4539198302877387,0.7831688548785064,0.0009900868746661152,5,0.5530016971257624,4000,COMPLETE
130,0.0002360044018132612,2026-05-19 10:12:53.409389,2026-05-19 10:12:53.874472,0 days 00:00:00.465083,80,1.4433428501886056,0.7498406972066383,0.0010205031737269674,5,0.528618801281431,4000,PRUNED
131,0.0007175816572271287,2026-05-19 10:12:53.880802,2026-05-19 10:12:54.122050,0 days 00:00:00.241248,96,1.074818443122747,1.307575759073184,0.0011023613595804475,5,0.5553650536796373,4000,PRUNED
132,1.5503042050113436e-06,2026-05-19 10:12:54.128999,2026-05-19 10:12:58.501011,0 days 00:00:04.372012,96,2.2032626146384096,1.043372611239627,0.005075826741189541,5,0.7112109765330327,4000,COMPLETE
133,6.120112084317952e-05,2026-05-19 10:12:58.514993,2026-05-19 10:12:58.971485,0 days 00:00:00.456492,96,2.3022717540292303,0.9475668702028827,0.0008854674817230513,5,0.6082897771557872,4000,PRUNED
134,0.000253681733738631,2026-05-19 10:12:58.978906,2026-05-19 10:12:59.417365,0 days 00:00:00.438459,96,1.2651540833742825,0.3729573724946477,0.0006839364317350221,5,0.5655402357055964,4000,PRUNED
135,0.000739891838748008,2026-05-19 10:12:59.424385,2026-05-19 10:12:59.662045,0 days 00:00:00.237660,96,1.0074971119445253,1.1028540878520086,0.0002611689747420586,5,0.7091346301224839,4000,PRUNED
136,0.0021778251975774765,2026-05-19 10:12:59.669975,2026-05-19 10:12:59.905828,0 days 00:00:00.235853,80,28.026323822733847,0.7254577004926973,0.0013369034378963645,5,0.5142219704367348,2000,PRUNED
137,3.149151962134056e-05,2026-05-19 10:12:59.913460,2026-05-19 10:13:00.428577,0 days 00:00:00.515117,112,2.112998645904541,0.8421339065219046,0.004026044289049654,6,0.6331753402462422,3000,PRUNED
138,0.00014789530541747808,2026-05-19 10:13:00.437733,2026-05-19 10:13:00.815975,0 days 00:00:00.378242,128,1.4096953715179423,0.4924531494292322,0.0007968267653768039,4,0.8408296005279556,4000,PRUNED
139,0.0006590059492737055,2026-05-19 10:13:00.823988,2026-05-19 10:13:01.060830,0 days 00:00:00.236842,96,1.9496082482424602,1.7236758566604924,0.00048465493673625226,5,0.5846049901379514,4000,PRUNED
140,0.00013366878556553274,2026-05-19 10:13:01.069842,2026-05-19 10:13:01.353855,0 days 00:00:00.284013,64,1.5825028305879878,0.5700886666290658,0.003143841659286847,2,0.8237308532799325,5000,PRUNED
141,2.660571453816374e-06,2026-05-19 10:13:01.361524,2026-05-19 10:13:06.085298,0 days 00:00:04.723774,96,1.752968131302651,1.4491281303786971,0.005026293277483897,5,0.7218225716338211,4000,COMPLETE
142,1.7381719317199895e-06,2026-05-19 10:13:06.099273,2026-05-19 10:13:11.100550,0 days 00:00:05.001277,96,1.8286071441188072,1.0562140175586876,0.00463235374283981,5,0.7062133120316028,4000,COMPLETE
143,0.0005157954292371869,2026-05-19 10:13:11.114103,2026-05-19 10:13:11.325871,0 days 00:00:00.211768,96,1.8651616711326002,1.0192666518225886,0.0037194299043044657,4,0.7001500325718246,4000,PRUNED
144,0.004904580302536488,2026-05-19 10:13:11.331974,2026-05-19 10:13:11.570843,0 days 00:00:00.238869,96,2.5604759514219952,1.4406237227751792,0.009971453353680207,5,0.7153524821373913,4000,PRUNED
145,0.0010386917274445295,2026-05-19 10:13:11.576984,2026-05-19 10:13:11.824580,0 days 00:00:00.247596,96,1.1880340308857669,0.8173726156767248,0.0048030566625196225,5,0.7471368322428378,4000,PRUNED
146,0.0027053654193878174,2026-05-19 10:13:11.831432,2026-05-19 10:13:12.072538,0 days 00:00:00.241106,96,1.7346482611020386,0.6672771082931539,0.005452590877326239,4,0.7965078623439819,4000,PRUNED
147,0.0006444792961701751,2026-05-19 10:13:12.079398,2026-05-19 10:13:12.292056,0 days 00:00:00.212658,96,1.496086579300943,1.1794956638043315,0.007840142123132639,4,0.6866310565138914,4000,PRUNED
148,0.00042179590673185885,2026-05-19 10:13:12.298625,2026-05-19 10:13:12.525549,0 days 00:00:00.226924,96,2.2313785420533514,0.9225358480685585,0.006682646389866778,5,0.7778830424739867,4000,PRUNED
149,2.9949655072414316e-05,2026-05-19 10:13:12.532134,2026-05-19 10:13:13.016338,0 days 00:00:00.484204,96,1.3557027218144926,1.282030656998401,0.0027492404836062293,5,0.6486719416629216,4000,PRUNED
150,7.937114423839375e-05,2026-05-19 10:13:13.022938,2026-05-19 10:13:13.504396,0 days 00:00:00.481458,112,2.785271433356046,0.2965226187087131,0.00448613807084725,5,0.6741474919077932,1000,PRUNED
151,0.0005456007784232497,2026-05-19 10:13:13.510575,2026-05-19 10:13:13.785117,0 days 00:00:00.274542,96,1.6297052071992935,1.945806864214741,0.006059888171361992,5,0.7207668248746321,4000,PRUNED
152,0.0006896510603837669,2026-05-19 10:13:13.792341,2026-05-19 10:13:14.057432,0 days 00:00:00.265091,96,1.12016621527532,1.5977157183764523,0.004286617032461296,5,0.7033391582734636,4000,PRUNED
153,0.0009111244580708444,2026-05-19 10:13:14.063927,2026-05-19 10:13:14.337667,0 days 00:00:00.273740,96,2.0908280100929844,1.0895353670181298,0.004862940140781087,5,0.7376057272874441,4000,PRUNED
154,0.0035568149760365486,2026-05-19 10:13:14.344497,2026-05-19 10:13:14.604629,0 days 00:00:00.260132,96,1.8269229997505492,2.647497145705746,0.008902089878616161,5,0.7535214637892601,4000,PRUNED
155,5.4218894547375385e-06,2026-05-19 10:13:14.611832,2026-05-19 10:13:19.523699,0 days 00:00:04.911867,128,1.2807233401891482,0.7106683515834338,0.003460538948259908,5,0.7132433153871257,4000,COMPLETE
156,0.0022271780762821436,2026-05-19 10:13:19.537858,2026-05-19 10:13:19.815545,0 days 00:00:00.277687,80,1.5189274070953493,0.0701761049548339,0.0008983978160178867,5,0.6957683751054314,5000,PRUNED
157,0.0005452818586491048,2026-05-19 10:13:19.822508,2026-05-19 10:13:20.095531,0 days 00:00:00.273023,96,1.7095211856209933,2.3830715319153675,0.005116907179282864,5,0.7667349716617764,2000,PRUNED
158,0.001041493145748973,2026-05-19 10:13:20.102450,2026-05-19 10:13:20.336850,0 days 00:00:00.234400,96,1.0034936487036328,1.3443066499746323,0.004038808302123592,5,0.667088958488938,4000,PRUNED
159,0.0009527236106805503,2026-05-19 10:13:20.343951,2026-05-19 10:13:20.578680,0 days 00:00:00.234729,80,1.9303950286562175,0.02697910173874213,0.005630952713808722,4,0.7285505914199115,4000,PRUNED
160,4.683531642513117e-06,2026-05-19 10:13:20.585224,2026-05-19 10:13:25.515003,0 days 00:00:04.929779,96,2.3852785867341644,0.4316532691924396,0.004524596240270048,5,0.684278442802822,4000,COMPLETE
161,0.00037609098944813013,2026-05-19 10:13:25.528365,2026-05-19 10:13:25.790858,0 days 00:00:00.262493,96,1.746126404919611,1.6356761180598798,0.005154861026836468,5,0.7333687515279856,4000,PRUNED
162,0.0013236956438049674,2026-05-19 10:13:25.800285,2026-05-19 10:13:26.050561,0 days 00:00:00.250276,96,1.4051877571817857,1.8404790397108597,0.006332299473801918,5,0.7207118336512623,4000,PRUNED
163,1.0836639603439835e-06,2026-05-19 10:13:26.059559,2026-05-19 10:13:30.707770,0 days 00:00:04.648211,96,1.1100180254903662,0.8845510865139159,0.0011448211834792594,5,0.7040922787696279,4000,COMPLETE
164,0.0004200301191303879,2026-05-19 10:13:30.719258,2026-05-19 10:13:31.159862,0 days 00:00:00.440604,96,1.118915656664503,0.9023998618274972,0.0015885756191974306,5,0.7069954301936698,4000,PRUNED
165,0.0004409696557559073,2026-05-19 10:13:31.168771,2026-05-19 10:13:31.399911,0 days 00:00:00.231140,96,1.2265824364234625,1.107019672818501,0.0011748494458350763,5,0.7852509859413559,4000,PRUNED
166,8.403174433624372e-05,2026-05-19 10:13:31.408851,2026-05-19 10:13:31.888952,0 days 00:00:00.480101,112,1.342428950338839,0.624170169593574,0.0023523110035351923,5,0.8089717726459206,2000,PRUNED
167,2.8696833396679722e-05,2026-05-19 10:13:31.897716,2026-05-19 10:13:32.344223,0 days 00:00:00.446507,96,1.1022877639682087,0.8197224696731639,0.001838449091095904,4,0.6954548796820773,3000,PRUNED
168,6.7397159000393e-05,2026-05-19 10:13:32.352140,2026-05-19 10:13:33.279697,0 days 00:00:00.927557,64,1.2035211268961772,0.5432142616236837,0.003669902801646472,5,0.7478128580836608,4000,PRUNED
169,0.000351257884176448,2026-05-19 10:13:33.286811,2026-05-19 10:13:33.549173,0 days 00:00:00.262362,96,1.5748708338061823,1.3431488903040623,0.003098000671868373,5,0.6814942285282077,5000,PRUNED
170,0.0004357065772637725,2026-05-19 10:13:33.555940,2026-05-19 10:13:33.824680,0 days 00:00:00.268740,96,3.162360273698528,0.7503894076933683,0.0009365890540041899,5,0.4460382264815125,4000,PRUNED
171,3.984827799285995e-06,2026-05-19 10:13:33.831142,2026-05-19 10:13:38.593042,0 days 00:00:04.761900,96,2.120860364966519,1.0401783352084808,0.004801469456348022,5,0.7263346160123505,4000,COMPLETE
172,5.396121559897438e-05,2026-05-19 10:13:38.602749,2026-05-19 10:13:39.064102,0 days 00:00:00.461353,96,1.6907400006174556,1.5900674232562735,0.003993917696440443,5,0.7395621731154679,4000,PRUNED
173,2.7651776690618135e-05,2026-05-19 10:13:39.071170,2026-05-19 10:13:39.568802,0 days 00:00:00.497632,96,1.452902060825684,2.0575434284006504,0.008416266061228085,5,0.710454150828106,4000,PRUNED
174,5.628249346045777e-05,2026-05-19 10:13:39.575280,2026-05-19 10:13:40.047570,0 days 00:00:00.472290,96,1.9782765961306685,0.901301560269332,0.0008249766263406454,5,0.8590827400875961,4000,PRUNED
175,0.0005393411265686154,2026-05-19 10:13:40.054379,2026-05-19 10:13:40.320279,0 days 00:00:00.265900,96,1.0018236122311863,1.2127036135300289,0.005695610265675824,5,0.7001102886679537,4000,PRUNED
176,0.0016539599746465683,2026-05-19 10:13:40.326809,2026-05-19 10:13:40.599672,0 days 00:00:00.272863,128,1.287902737359135,1.4654001635710834,0.0025675275145374244,5,0.7642219963530006,4000,PRUNED
177,0.0009254526812583208,2026-05-19 10:13:40.607180,2026-05-19 10:13:40.873713,0 days 00:00:00.266533,80,1.8327049508691104,0.6849662565000277,0.005241193751125482,5,0.3614529045618099,4000,PRUNED
178,0.0033623133786022663,2026-05-19 10:13:40.882788,2026-05-19 10:13:41.152152,0 days 00:00:00.269364,112,1.1177598708238896,3.2149067568499703,0.0010957041982616246,5,0.655910467179898,4000,PRUNED
179,0.0005116768297739327,2026-05-19 10:13:41.160502,2026-05-19 10:13:41.439978,0 days 00:00:00.279476,16,1.5110395986634988,1.0015419199661495,0.006990489951807194,5,0.30743154482669016,4000,PRUNED
180,0.001015392947010696,2026-05-19 10:13:41.448439,2026-05-19 10:13:41.686226,0 days 00:00:00.237787,96,1.6324797234510215,1.8944275752115747,0.0021296692001953835,4,0.7214000671770009,5000,PRUNED
181,8.917011768971861e-07,2026-05-19 10:13:41.694060,2026-05-19 10:13:46.036296,0 days 00:00:04.342236,96,1.4012422462873764,0.7716327988862075,0.0059681093875806005,5,0.7866283697791978,4000,COMPLETE
182,3.956090586143546e-05,2026-05-19 10:13:46.048841,2026-05-19 10:13:46.910670,0 days 00:00:00.861829,96,1.343357095668916,0.5834994215632962,0.004671281984146979,5,0.7915968125574611,4000,PRUNED
183,0.0003852573281619698,2026-05-19 10:13:46.917833,2026-05-19 10:13:47.188568,0 days 00:00:00.270735,96,1.2515407003826589,0.8359809055464417,0.006330540956465003,5,0.8194322744783156,4000,PRUNED
184,0.0010006498778238893,2026-05-19 10:13:47.197299,2026-05-19 10:13:47.450063,0 days 00:00:00.252764,96,2.230656247793402,1.1372707158267903,0.0076746337759173435,5,0.7497186541025515,4000,PRUNED
185,2.491951090632938e-05,2026-05-19 10:13:47.458724,2026-05-19 10:13:47.948864,0 days 00:00:00.490140,96,1.456121274478944,0.7262560812305081,0.004283675954321591,5,0.7707546532541911,4000,PRUNED
186,0.0031995608005672693,2026-05-19 10:13:47.957706,2026-05-19 10:13:48.221634,0 days 00:00:00.263928,96,1.1685277516668924,0.5041558123083274,0.009432753105643704,5,0.8075325888967632,4000,PRUNED
187,0.0013802035246044397,2026-05-19 10:13:48.229755,2026-05-19 10:13:48.485820,0 days 00:00:00.256065,96,1.747701599658688,0.0012269409232009431,0.005844587504193276,5,0.5440445565156988,4000,PRUNED
188,0.00039707537507638335,2026-05-19 10:13:48.494465,2026-05-19 10:13:48.759935,0 days 00:00:00.265470,96,1.090301930683834,0.9094298682898132,0.005094009870663642,5,0.8303674215855898,4000,PRUNED
189,0.0028629954904317856,2026-05-19 10:13:48.768309,2026-05-19 10:13:49.039014,0 days 00:00:00.270705,96,1.9572328796819103,0.00812141568761646,0.0035853148867177158,5,0.734899649799661,2000,PRUNED
190,0.0003759168612305075,2026-05-19 10:13:49.046059,2026-05-19 10:13:49.264160,0 days 00:00:00.218101,96,2.6226082981503844,1.4097429099952963,0.004467468724811479,4,0.5061169169634543,4000,PRUNED
191,0.00036762189120054245,2026-05-19 10:13:49.270997,2026-05-19 10:13:49.536758,0 days 00:00:00.265761,96,1.355234772342614,0.6887970805180454,0.005876053933947123,5,0.7782211506996832,4000,PRUNED
192,0.0006623098161071539,2026-05-19 10:13:49.543575,2026-05-19 10:13:49.812386,0 days 00:00:00.268811,96,1.582460503674754,0.7773762546445107,0.001393898672136458,5,0.7941078908821811,4000,PRUNED
193,0.0004313702811487019,2026-05-19 10:13:49.819109,2026-05-19 10:13:50.088048,0 days 00:00:00.268939,96,1.3921201547397442,1.0358679548824057,0.005114380823408443,5,0.7123793945813127,4000,PRUNED
194,0.0007022658828645945,2026-05-19 10:13:50.094937,2026-05-19 10:13:50.361480,0 days 00:00:00.266543,96,1.233175356682612,0.619977059087453,0.0066875054544991335,5,0.7803355020956649,4000,PRUNED
195,0.0012453716481104493,2026-05-19 10:13:50.367881,2026-05-19 10:13:50.644972,0 days 00:00:00.277091,48,1.496388719862408,0.4072337758124937,0.0056068409061575735,5,0.7597448130745414,4000,PRUNED
196,6.552564445883036e-05,2026-05-19 10:13:50.652244,2026-05-19 10:13:51.175887,0 days 00:00:00.523643,96,1.8392488511564271,1.1055806952380036,0.003869696563695025,5,0.7981131708314244,4000,PRUNED
197,0.0005651480751112103,2026-05-19 10:13:51.182774,2026-05-19 10:13:51.435420,0 days 00:00:00.252646,128,1.6462464291757124,1.2862527374341561,0.002850340903116028,5,0.592669543717645,4000,PRUNED
198,0.0701824277639389,2026-05-19 10:13:51.442693,2026-05-19 10:13:51.707518,0 days 00:00:00.264825,96,1.0676361457385504,2.448209153910947,0.008941842479201458,5,0.695066295813251,3000,PRUNED
199,0.0009042359888553619,2026-05-19 10:13:51.714276,2026-05-19 10:13:51.936390,0 days 00:00:00.222114,96,1.1913549131121952,0.8766461492542279,0.004795550552062086,4,0.7295975996691944,2000,PRUNED
200,0.0005443114205263555,2026-05-19 10:13:51.943490,2026-05-19 10:13:52.414171,0 days 00:00:00.470681,80,2.0218166342475685,1.6408873476145376,0.003306569116810403,5,0.6860965579568634,4000,PRUNED
201,5.218345791035972e-07,2026-05-19 10:13:52.421434,2026-05-19 10:13:56.602300,0 days 00:00:04.180866,96,2.2057757763015036,1.0357063401290274,0.004887939672050796,5,0.7193254354259265,4000,COMPLETE
202,0.0010120747610926628,2026-05-19 10:13:56.615162,2026-05-19 10:13:56.861374,0 days 00:00:00.246212,96,2.4045196532171826,0.8122021313149186,0.004265957122955112,5,0.7060811915807376,4000,PRUNED
203,2.8312810172792524e-05,2026-05-19 10:13:56.867794,2026-05-19 10:13:57.344512,0 days 00:00:00.476718,96,2.2346327284532075,0.9937218302485101,0.005440845803115834,5,0.718415876892354,4000,PRUNED
204,1.8970646124216728e-05,2026-05-19 10:13:57.352121,2026-05-19 10:13:57.816648,0 days 00:00:00.464527,96,1.7945228368509283,1.259187142159787,0.006201667246973495,5,0.7436204948553311,4000,PRUNED
205,5.5902692110976204e-05,2026-05-19 10:13:57.823461,2026-05-19 10:13:58.694774,0 days 00:00:00.871313,96,1.3847770173296436,0.6597115181719483,0.004790949132649054,5,0.6715391671227438,4000,PRUNED
206,0.0005462330300360918,2026-05-19 10:13:58.701940,2026-05-19 10:13:58.956641,0 days 00:00:00.254701,96,2.1236600858823316,0.4952976389749965,0.007347447848807093,5,0.7734344179914404,4000,PRUNED
207,0.0012531280517578125,2026-05-19 10:13:58.963226,2026-05-19 10:13:59.232165,0 days 00:00:00.268939,96,59.27184033990291,1.5239049029182727,0.004071750898678631,5,0.7237829557830531,4000,PRUNED
208,0.001051359111443162,2026-05-19 10:13:59.238727,2026-05-19 10:13:59.517593,0 days 00:00:00.278866,96,4.163871498096684,2.1388460524242325,0.005283930962678101,5,0.7041454820665833,5000,PRUNED
209,0.00849324744194746,2026-05-19 10:13:59.524453,2026-05-19 10:13:59.780185,0 days 00:00:00.255732,96,1.6386723762170363,0.753091791747964,0.009892596770581736,5,0.7562962075234736,4000,PRUNED
210,0.000388135522371158,2026-05-19 10:13:59.787244,2026-05-19 10:14:00.002007,0 days 00:00:00.214763,96,1.0178132333480052,0.9648517704897692,0.004451775352665809,4,0.7383047998133372,4000,PRUNED
211,2.8281830964260735e-05,2026-05-19 10:14:00.009444,2026-05-19 10:14:00.441036,0 days 00:00:00.431592,96,1.9429743905224728,1.1544721212856284,0.004940589096454153,5,0.7266484168362048,4000,PRUNED
212,2.063934289253666e-06,2026-05-19 10:14:00.448012,2026-05-19 10:14:04.696330,0 days 00:00:04.248318,96,2.1240601666252803,1.083063318422712,0.004637075763704357,5,0.716752920320291,4000,COMPLETE
213,0.0007483960362151265,2026-05-19 10:14:04.707737,2026-05-19 10:14:04.955988,0 days 00:00:00.248251,96,2.4158620404075704,1.3508679403488144,0.005905403678612679,5,0.7136596228197544,4000,PRUNED
214,0.0006869813078083098,2026-05-19 10:14:04.962325,2026-05-19 10:14:05.215035,0 days 00:00:00.252710,96,2.080435726959676,0.5897385874242176,0.004569235362802923,5,0.6966413940472402,4000,PRUNED
215,0.001043515163473785,2026-05-19 10:14:05.221601,2026-05-19 10:14:05.466194,0 days 00:00:00.244593,96,1.7726807286139874,0.8142326784427117,0.003915578060326692,5,0.8042908397315656,4000,PRUNED
216,0.000649821013212204,2026-05-19 10:14:05.474009,2026-05-19 10:14:05.703576,0 days 00:00:00.229567,64,1.5039986067449223,1.766922915322094,0.008287574697422154,5,0.7113643305813065,4000,PRUNED
217,6.18801568634808e-05,2026-05-19 10:14:05.710833,2026-05-19 10:14:06.114827,0 days 00:00:00.403994,96,1.2901069433729606,1.0420584416245176,0.005335990307893094,5,0.814679373018332,4000,PRUNED
218,2.0377477994770743e-05,2026-05-19 10:14:06.121350,2026-05-19 10:14:06.523091,0 days 00:00:00.401741,112,1.142158843911743,0.8862087263403133,0.0035925906820576396,5,0.6913926490288711,4000,PRUNED
219,0.0007555520278401673,2026-05-19 10:14:06.529765,2026-05-19 10:14:06.762645,0 days 00:00:00.232880,96,1.8751136357372185,1.2965392855882745,0.004344331527080204,5,0.7886431608041133,4000,PRUNED
220,0.0004649207694455981,2026-05-19 10:14:06.771407,2026-05-19 10:14:07.019934,0 days 00:00:00.248527,96,2.2917939147336726,0.6524990014810937,0.0050547467125542575,5,0.565626555545922,2000,PRUNED
221,0.00041797265294007957,2026-05-19 10:14:07.029222,2026-05-19 10:14:07.264375,0 days 00:00:00.235153,96,1.6602858314858402,1.0325197031976576,0.004872729823967707,5,0.7274809977232481,4000,PRUNED
222,0.0008836251217871904,2026-05-19 10:14:07.273693,2026-05-19 10:14:07.524341,0 days 00:00:00.250648,96,2.129468224460662,1.159781603553131,0.005644003822545203,5,0.7395867878054122,4000,PRUNED
223,1.833494388847612e-05,2026-05-19 10:14:07.531754,2026-05-19 10:14:07.963227,0 days 00:00:00.431473,96,2.1050371260880367,0.9384640566939425,0.004616040578925352,5,0.7183889868143712,4000,PRUNED
224,0.0004981086240150034,2026-05-19 10:14:07.969877,2026-05-19 10:14:08.246843,0 days 00:00:00.276966,96,2.785319365373222,0.7390288175812028,0.0006171723467147658,5,0.7524839079774065,4000,PRUNED
225,1.6805420273158234e-06,2026-05-19 10:14:08.253689,2026-05-19 10:14:12.736422,0 days 00:00:04.482733,96,2.5883098178449346,1.5272020083054687,0.0040837360698246505,5,0.7334941723434182,4000,COMPLETE
226,4.91723112645559e-05,2026-05-19 10:14:12.747327,2026-05-19 10:14:13.232773,0 days 00:00:00.485446,96,1.4616798763897372,1.5005708387265198,0.004007594647170283,5,0.7084785591401008,4000,PRUNED
227,3.452330201980658e-05,2026-05-19 10:14:13.240998,2026-05-19 10:14:13.743419,0 days 00:00:00.502421,96,2.6010350116215544,1.8423754685968317,0.003152246805051119,5,0.7334125524346646,4000,PRUNED
228,0.00128305540420115,2026-05-19 10:14:13.750526,2026-05-19 10:14:14.016208,0 days 00:00:00.265682,128,1.3148683632716476,1.7387503061403082,0.0010210730553656484,5,0.7663200997647479,4000,PRUNED
229,0.0008396863704547286,2026-05-19 10:14:14.024287,2026-05-19 10:14:14.286857,0 days 00:00:00.262570,96,1.882757464023918,1.3236753367063916,0.0034846958133995104,5,0.7446947359865357,4000,PRUNED
230,0.0009840322891250253,2026-05-19 10:14:14.295654,2026-05-19 10:14:14.572674,0 days 00:00:00.277020,96,2.3915891047622884,2.3131479110670297,0.006706215650454963,5,0.7829773990216443,4000,PRUNED
231,0.0005387139972299337,2026-05-19 10:14:14.581943,2026-05-19 10:14:14.836045,0 days 00:00:00.254102,96,1.9949984000116099,1.0980446150461551,0.004879612457721069,5,0.7239091401884313,4000,PRUNED
232,0.00033179536694660783,2026-05-19 10:14:14.843683,2026-05-19 10:14:15.110772,0 days 00:00:00.267089,96,2.221774477510467,0.9363796472282513,0.0041549344212493825,5,0.6866398175442887,4000,PRUNED
233,3.6025227018399164e-05,2026-05-19 10:14:15.118004,2026-05-19 10:14:15.991977,0 days 00:00:00.873973,96,1.003150299477078,0.7640516747322823,0.0045224831301914105,5,0.7283899334864437,4000,PRUNED
234,6.0358688642736524e-05,2026-05-19 10:14:16.000191,2026-05-19 10:14:16.512126,0 days 00:00:00.511935,96,1.7270054360575353,1.5083890795041173,0.005360504634168422,5,0.7021596466694938,4000,PRUNED
235,0.00035671982914209366,2026-05-19 10:14:16.521239,2026-05-19 10:14:16.789331,0 days 00:00:00.268092,96,2.0131407684795053,1.097405651841426,0.00013122040607041957,5,0.7166363971025608,5000,PRUNED
236,0.004580443259328604,2026-05-19 10:14:16.798305,2026-05-19 10:14:17.037711,0 days 00:00:00.239406,96,1.5526772498342185,0.0026200609721900225,0.0038791606765625638,5,0.7377804625022182,4000,PRUNED
237,0.0023183058947324753,2026-05-19 10:14:17.045497,2026-05-19 10:14:17.263331,0 days 00:00:00.217834,48,8.348108976938137,0.5724842672309383,0.0012404041419374176,4,0.756322873278951,4000,PRUNED
238,0.0012235556496307254,2026-05-19 10:14:17.271666,2026-05-19 10:14:17.536779,0 days 00:00:00.265113,64,2.4780801775851553,0.8721687821252073,0.0060963096816042195,5,0.6957357269249078,4000,PRUNED
239,0.0004781254392582923,2026-05-19 10:14:17.544602,2026-05-19 10:14:17.785852,0 days 00:00:00.241250,96,1.196758768674082,1.2936184196852378,0.004916725989768975,5,0.7046008086522361,4000,PRUNED
240,0.0011106034507974982,2026-05-19 10:14:17.792644,2026-05-19 10:14:18.004631,0 days 00:00:00.211987,96,1.1009732404752042,0.7212152565755704,0.004507159765935126,4,0.6786405314557569,1000,PRUNED
241,0.0005665896460413933,2026-05-19 10:14:18.011756,2026-05-19 10:14:18.299267,0 days 00:00:00.287511,96,1.0323587667427445,1.0549474565120358,0.00556408884366681,5,0.7161169591657686,4000,PRUNED
242,6.4839196056709625e-06,2026-05-19 10:14:18.306444,2026-05-19 10:14:23.003953,0 days 00:00:04.697509,96,1.1905182075305192,1.234723247572305,0.005107745739399148,5,0.7278883062094549,4000,COMPLETE
243,0.0007654431974515319,2026-05-19 10:14:23.013773,2026-05-19 10:14:23.287512,0 days 00:00:00.273739,96,1.0924529927309108,0.8811047947232138,0.005414772772484873,5,0.7132581726757444,4000,PRUNED
244,2.1365580323617905e-05,2026-05-19 10:14:23.294990,2026-05-19 10:14:23.765230,0 days 00:00:00.470240,96,2.222820315096909,1.6804958626344333,0.004241197151602516,5,0.70346509420616,4000,PRUNED
245,0.0005396078340709209,2026-05-19 10:14:23.773109,2026-05-19 10:14:24.007137,0 days 00:00:00.234028,96,4.970267464017574,1.9875073578922917,0.006239010918815086,5,0.7248725525029589,4000,PRUNED
246,0.0005477311788126826,2026-05-19 10:14:24.013897,2026-05-19 10:14:24.271010,0 days 00:00:00.257113,96,1.0003404745693685,1.104693513629275,0.004686984655993488,5,0.7420616804620014,4000,PRUNED
247,0.00032246301998384297,2026-05-19 10:14:24.277283,2026-05-19 10:14:24.517434,0 days 00:00:00.240151,96,1.3823494484901573,1.3965760339310918,0.0024249084923106024,5,0.6893779609181412,4000,PRUNED
248,0.00043673653271980584,2026-05-19 10:14:24.523746,2026-05-19 10:14:24.788966,0 days 00:00:00.265220,96,1.803282397538966,0.7961747252580327,0.005664946092494798,5,0.716588461705165,2000,PRUNED
249,0.0004451976274140179,2026-05-19 10:14:24.796148,2026-05-19 10:14:25.046162,0 days 00:00:00.250014,128,1.6113096741750101,0.6467873119741788,0.0037029599250017154,5,0.7934948564690291,3000,PRUNED
250,3.7586153212032514e-06,2026-05-19 10:14:25.052358,2026-05-19 10:14:29.950251,0 days 00:00:04.897893,96,1.1973479096040784,0.9747094557629717,0.0048611539689467475,5,0.732375343500343,4000,COMPLETE
251,0.0004902167711406946,2026-05-19 10:14:29.963025,2026-05-19 10:14:30.233380,0 days 00:00:00.270355,96,1.3118119664178756,0.9065310426068172,0.004305437479943659,5,0.7501074604254796,4000,PRUNED
252,0.0018258108757436275,2026-05-19 10:14:30.240443,2026-05-19 10:14:30.501230,0 days 00:00:00.260787,96,1.4425341523319384,0.49512116836996123,0.009283951836963199,5,0.7711705573194578,4000,PRUNED
253,0.0003388371260371059,2026-05-19 10:14:30.510277,2026-05-19 10:14:30.740766,0 days 00:00:00.230489,80,1.2364544975919138,0.9988387429946226,0.004955404193317544,5,0.6153680939928067,5000,PRUNED
254,0.0015297442441806197,2026-05-19 10:14:30.747424,2026-05-19 10:14:30.976591,0 days 00:00:00.229167,96,1.9308626997546234,0.7535448255440389,0.0040871029674586674,4,0.7345901304023512,4000,PRUNED
255,0.0002039585233433172,2026-05-19 10:14:30.983267,2026-05-19 10:14:31.480142,0 days 00:00:00.496875,96,2.125430478915148,1.491852410761365,0.0019470885367045775,5,0.7816145704709577,4000,PRUNED
256,0.0036527083721011877,2026-05-19 10:14:31.487628,2026-05-19 10:14:31.765078,0 days 00:00:00.277450,96,1.6423646593592773,0.6467481550629868,0.009989584054948843,5,0.7606875617513852,4000,PRUNED
257,2.0775939901795937e-06,2026-05-19 10:14:31.771880,2026-05-19 10:14:36.617813,0 days 00:00:04.845933,96,1.5070333992521132,1.2144303475736373,0.004570290308478456,5,0.8230490825883413,4000,COMPLETE
258,0.0003839264390990138,2026-05-19 10:14:36.630024,2026-05-19 10:14:36.892845,0 days 00:00:00.262821,96,1.474901190476886,1.249855107962189,0.0028896180853199556,5,0.8406288557945167,4000,PRUNED
259,0.0019572977907955647,2026-05-19 10:14:36.901250,2026-05-19 10:14:37.147714,0 days 00:00:00.246464,96,1.335243853127365,2.810097996631633,0.0017097549408613192,5,0.8112389549362589,4000,PRUNED
260,0.0014405202819034457,2026-05-19 10:14:37.156151,2026-05-19 10:14:37.388896,0 days 00:00:00.232745,64,1.1710805349471243,2.193627052597868,0.0037270996839097368,4,0.828675801535877,4000,PRUNED
261,0.0009660882060416043,2026-05-19 10:14:37.395929,2026-05-19 10:14:37.660674,0 days 00:00:00.264745,96,1.6136013329391037,1.7257920177596195,0.004630910962192613,5,0.8295856040643885,2000,PRUNED
262,0.0005515050725080073,2026-05-19 10:14:37.667216,2026-05-19 10:14:37.942667,0 days 00:00:00.275451,96,1.7788322072096856,0.8694683022633988,0.00797562478408682,5,0.8025963680017799,4000,PRUNED
263,0.0001612589694559574,2026-05-19 10:14:37.949240,2026-05-19 10:14:38.392324,0 days 00:00:00.443084,80,1.432270337138133,1.1829833808773007,0.0032919058061056466,5,0.8004294533196803,4000,PRUNED
264,0.0019513082224875689,2026-05-19 10:14:38.399832,2026-05-19 10:14:38.689082,0 days 00:00:00.289250,128,1.232249402346554,1.4097778995105628,0.00525536220516795,5,0.8223656474665623,5000,PRUNED
265,0.001559103257022798,2026-05-19 10:14:38.696415,2026-05-19 10:14:38.931513,0 days 00:00:00.235098,96,1.5478313429473636,0.5627651741805699,0.004325679674889221,5,0.8567881162610612,4000,PRUNED
266,0.000998481409624219,2026-05-19 10:14:38.938375,2026-05-19 10:14:39.194461,0 days 00:00:00.256086,96,1.122818718589534,0.9907136520935771,0.006760105578410789,5,0.7450679484904007,4000,PRUNED
267,0.002278398722410202,2026-05-19 10:14:39.201365,2026-05-19 10:14:39.412509,0 days 00:00:00.211144,112,1.3288497587647927,0.7215645042174288,0.0057532342273356775,4,0.7029999071410313,3000,PRUNED
268,0.0006135301082395017,2026-05-19 10:14:39.419381,2026-05-19 10:14:39.659491,0 days 00:00:00.240110,96,1.7831150393322006,1.5885922420765732,0.00047408010147666907,5,0.815218793894592,4000,PRUNED
269,4.474196975934319e-05,2026-05-19 10:14:39.666340,2026-05-19 10:14:40.097027,0 days 00:00:00.430687,96,1.4623852276761506,0.1130481536359882,0.003866768116171471,5,0.6683315542525023,4000,PRUNED
270,7.584233389934525e-05,2026-05-19 10:14:40.104429,2026-05-19 10:14:40.544223,0 days 00:00:00.439794,96,1.1051750495562511,0.818998926184329,0.0026827132728348044,5,0.6332311374680992,4000,PRUNED
271,3.099507375736721e-05,2026-05-19 10:14:40.551758,2026-05-19 10:14:41.077049,0 days 00:00:00.525291,96,1.9681738059495038,1.170044194592779,0.004886404361436343,5,0.7903355695517299,4000,PRUNED
272,0.0009720142115838826,2026-05-19 10:14:41.084771,2026-05-19 10:14:41.340887,0 days 00:00:00.256116,96,1.2617953470109686,1.9880687068308396,0.004244542127654601,5,0.7754838801972161,2000,PRUNED
273,0.0006368685862980783,2026-05-19 10:14:41.347856,2026-05-19 10:14:41.607409,0 days 00:00:00.259553,112,1.7216138340680018,0.9749813774987203,0.006115415870697073,5,0.7325936077983165,4000,PRUNED
274,0.0003367601311765611,2026-05-19 10:14:41.614077,2026-05-19 10:14:41.816865,0 days 00:00:00.202788,96,1.55980167047052,0.3524873649123554,0.0022685490800550827,4,0.6906178995076893,4000,PRUNED
275,0.0005183733883313835,2026-05-19 10:14:41.823277,2026-05-19 10:14:42.047088,0 days 00:00:00.223811,96,2.36404808934653,0.6662524797704065,0.001132522916098405,5,0.7113396536899784,4000,PRUNED
276,2.0654490072047338e-05,2026-05-19 10:14:42.053350,2026-05-19 10:14:42.459966,0 days 00:00:00.406616,80,1.3932598808931802,1.481270629390755,0.005240137054843654,5,0.7582609149741241,5000,PRUNED
277,0.0007101456867530942,2026-05-19 10:14:42.466594,2026-05-19 10:14:42.694097,0 days 00:00:00.227503,96,2.9887456379498665,0.530838585781897,0.008767279483702808,5,0.6807216956748083,4000,PRUNED
278,0.000506786338519305,2026-05-19 10:14:42.700459,2026-05-19 10:14:42.922875,0 days 00:00:00.222416,96,2.666943732727816,1.1886198741554197,0.0034650554577522197,5,0.7211342832259643,4000,PRUNED
279,0.008627672679722309,2026-05-19 10:14:42.929192,2026-05-19 10:14:43.148987,0 days 00:00:00.219795,96,94.7206409236347,0.837571461768452,0.0008228014615986704,5,0.5315535590364537,4000,PRUNED
280,1.697692096058745e-05,2026-05-19 10:14:43.155465,2026-05-19 10:14:43.590344,0 days 00:00:00.434879,96,1.8910267166779091,1.8106023405506797,0.004590496004165933,5,0.6996343182643523,4000,PRUNED
281,0.0006140052573755383,2026-05-19 10:14:43.597252,2026-05-19 10:14:43.802434,0 days 00:00:00.205182,32,1.1829377650677135,0.9994871850539021,0.004029611251733071,4,0.7406273331479424,2000,PRUNED
282,0.004447567276656628,2026-05-19 10:14:43.808915,2026-05-19 10:14:44.064137,0 days 00:00:00.255222,80,19.145855764927717,0.4464477763132139,0.0009665025371335692,5,0.7241376779982304,4000,PRUNED
283,0.0010002747876569629,2026-05-19 10:14:44.070498,2026-05-19 10:14:44.303500,0 days 00:00:00.233002,64,1.6864926615428497,2.569432518100265,0.005204993530750731,5,0.48722482596589695,3000,PRUNED
284,0.0035039756912738085,2026-05-19 10:14:44.310536,2026-05-19 10:14:44.583813,0 days 00:00:00.273277,128,1.0807581292008774,1.3844803936380774,0.007617163675881207,5,0.7846481915431998,5000,PRUNED
285,2.873028506655828e-06,2026-05-19 10:14:44.590547,2026-05-19 10:14:49.353673,0 days 00:00:04.763126,96,1.265942325952394,0.7797220987959248,0.0045742205730555366,5,0.6020539257128,4000,COMPLETE
286,0.001881554489955306,2026-05-19 10:14:49.365968,2026-05-19 10:14:49.635245,0 days 00:00:00.269277,96,1.525778035482003,0.00418635630385641,0.003046477420237379,5,0.5948263760958851,4000,PRUNED
287,0.0020215343683958054,2026-05-19 10:14:49.641740,2026-05-19 10:14:49.871953,0 days 00:00:00.230213,96,1.3208983161787415,0.6396434862072415,0.0044467046142422344,4,0.6242019057232656,4000,PRUNED
288,0.0003965350042562932,2026-05-19 10:14:49.879238,2026-05-19 10:14:50.172437,0 days 00:00:00.293199,112,2.211846469792262,0.76755504379813,0.005833331833827818,5,0.5897983349034581,4000,PRUNED
289,0.003316699992865324,2026-05-19 10:14:50.180972,2026-05-19 10:14:50.409890,0 days 00:00:00.228918,96,35.91571973843496,0.1490133597487205,0.0036330986057855315,5,0.5817940655029127,4000,PRUNED
290,0.000418538402300328,2026-05-19 10:14:50.418128,2026-05-19 10:14:50.692504,0 days 00:00:00.274376,96,2.0456444430256835,0.744235625295264,0.00207540294371074,5,0.567666074069448,3000,PRUNED
291,0.0006025632028467953,2026-05-19 10:14:50.699979,2026-05-19 10:14:50.965198,0 days 00:00:00.265219,96,1.4306947556471676,0.5747365679696653,0.004083398252434195,6,0.8028845722100973,4000,PRUNED
292,0.0007123221294023097,2026-05-19 10:14:50.972993,2026-05-19 10:14:51.249724,0 days 00:00:00.276731,96,1.8652851134430262,1.178299821917265,0.0069431547802848844,5,0.6083752709404303,4000,PRUNED
293,0.0006589884869754314,2026-05-19 10:14:51.256870,2026-05-19 10:14:51.524948,0 days 00:00:00.268078,96,1.641714676520278,0.019417592602669995,0.004655156843113956,5,0.8200636381461665,4000,PRUNED
294,0.0028788095805794,2026-05-19 10:14:51.531782,2026-05-19 10:14:51.793115,0 days 00:00:00.261333,96,1.298222375807225,1.664436829471195,0.008788328997247538,5,0.6004792152074859,4000,PRUNED
295,0.0019058992620557547,2026-05-19 10:14:51.800347,2026-05-19 10:14:52.066478,0 days 00:00:00.266131,96,1.0018603555405237,2.1105481935535053,0.0014278107612167136,5,0.8432028621834332,4000,PRUNED
296,0.00033446887391619384,2026-05-19 10:14:52.073278,2026-05-19 10:14:52.338814,0 days 00:00:00.265536,80,2.466197254086041,0.8562903073578195,0.005308172465742213,5,0.7058591520522333,4000,PRUNED
297,0.0007126240525394678,2026-05-19 10:14:52.345327,2026-05-19 10:14:52.583180,0 days 00:00:00.237853,128,1.532830237001574,1.1101618271401523,0.003340332863386421,4,0.5458627388362661,2000,PRUNED
298,0.0004118543001823127,2026-05-19 10:14:52.589519,2026-05-19 10:14:52.828085,0 days 00:00:00.238566,96,1.7909082208534388,1.3438211180531492,0.003861411762638078,5,0.6950237706853659,4000,PRUNED
299,0.00043668344733305275,2026-05-19 10:14:52.834363,2026-05-19 10:14:53.089475,0 days 00:00:00.255112,64,1.120836215488639,0.23144785759481867,0.006283075875148926,5,0.712799755289102,5000,PRUNED
300,0.0008727419190108776,2026-05-19 10:14:53.096504,2026-05-19 10:14:53.286073,0 days 00:00:00.189569,96,1.2858938872769776,0.653195583020723,0.00426650479900428,3,0.7696541024387132,4000,PRUNED
301,0.0011711284751072526,2026-05-19 10:14:53.292600,2026-05-19 10:14:53.506013,0 days 00:00:00.213413,96,3.6742886877206975,0.053335794916555726,0.004861226289706816,4,0.6804225062483198,4000,PRUNED
302,1.9388347936910577e-05,2026-05-19 10:14:53.512463,2026-05-19 10:14:54.016706,0 days 00:00:00.504243,96,1.956714118944419,0.9602597095082764,0.002471674718026087,5,0.7541931250151348,4000,PRUNED
303,0.0008900132379494607,2026-05-19 10:14:54.023689,2026-05-19 10:14:54.269205,0 days 00:00:00.245516,96,1.4074729458165585,0.8007595348888616,0.005728193032485653,5,0.6583441734179676,4000,PRUNED
304,0.0003908565267920494,2026-05-19 10:14:54.275955,2026-05-19 10:14:54.537718,0 days 00:00:00.261763,96,2.210877524906421,0.5287319871807622,0.004483577896393471,5,0.8047032185570545,4000,PRUNED
305,5.33983757122769e-06,2026-05-19 10:14:54.544378,2026-05-19 10:14:59.509159,0 days 00:00:04.964781,96,1.6863472257023695,1.6472587521658213,0.005148631402219016,5,0.7900565723291527,4000,COMPLETE
306,0.0011848139110952616,2026-05-19 10:14:59.522113,2026-05-19 10:14:59.797027,0 days 00:00:00.274914,96,1.5501671613291907,0.42301709293877865,0.003690325436530824,5,0.748978053844144,1000,PRUNED
307,0.0015708995051681995,2026-05-19 10:14:59.803710,2026-05-19 10:15:00.065835,0 days 00:00:00.262125,96,1.2109227160001454,1.28543984279946,0.0073736920803270725,5,0.7174874915787784,4000,PRUNED
308,3.309323074063286e-05,2026-05-19 10:15:00.073471,2026-05-19 10:15:00.554847,0 days 00:00:00.481376,80,1.3929758696292602,0.9297115343651552,0.009715844989814393,5,0.6913827942392338,4000,PRUNED
309,0.0009318904485553503,2026-05-19 10:15:00.561912,2026-05-19 10:15:00.784801,0 days 00:00:00.222889,96,2.0709595154571776,0.6969702172034231,0.0027388399972535556,4,0.7770955615629432,5000,PRUNED
310,1.580129173817113e-05,2026-05-19 10:15:00.791890,2026-05-19 10:15:01.246845,0 days 00:00:00.454955,112,1.1060731279475071,2.0346200678769892,0.005509790727980149,5,0.7036829063655222,4000,PRUNED
311,0.0014003932010382414,2026-05-19 10:15:01.255665,2026-05-19 10:15:01.535768,0 days 00:00:00.280103,96,1.7153718031904943,1.0968256750876115,0.008305631640799381,5,0.7301714795347342,2000,PRUNED
312,0.00036158194416202605,2026-05-19 10:15:01.543237,2026-05-19 10:15:01.788762,0 days 00:00:00.245525,96,2.5766202030365166,1.4710532965810306,0.0007562507945452917,5,0.7624818951461498,4000,PRUNED
313,0.0004191822372376919,2026-05-19 10:15:01.796456,2026-05-19 10:15:02.036046,0 days 00:00:00.239590,96,1.002175346733332,0.8204323352613864,0.004691963107722524,5,0.8175403655090197,4000,PRUNED
314,0.0017152694053947926,2026-05-19 10:15:02.045371,2026-05-19 10:15:02.285133,0 days 00:00:00.239762,96,2.3315686151397337,0.5908134818343921,0.004088954829019694,5,0.5161055984007589,2000,PRUNED
315,0.0010332517558708787,2026-05-19 10:15:02.293463,2026-05-19 10:15:02.531656,0 days 00:00:00.238193,128,1.9440253391397087,1.1193506779534155,0.0030542679579399195,5,0.7385403861025397,4000,PRUNED
316,0.005096736829727888,2026-05-19 10:15:02.539968,2026-05-19 10:15:02.755026,0 days 00:00:00.215058,96,1.5133904119554473,2.4147613269370845,0.006372856096024917,4,0.7193903919200464,4000,PRUNED
317,0.0009234451572410762,2026-05-19 10:15:02.763166,2026-05-19 10:15:03.014128,0 days 00:00:00.250962,96,1.2572471904361564,1.788342692884054,0.0010689142710327247,5,0.8794175874495584,4000,PRUNED
318,1.8892198568210006e-05,2026-05-19 10:15:03.021582,2026-05-19 10:15:03.493808,0 days 00:00:00.472226,64,1.794102865277407,0.93060006158424,0.001553921811412845,5,0.609746384515529,4000,PRUNED
319,7.486631511710584e-05,2026-05-19 10:15:03.503059,2026-05-19 10:15:03.928766,0 days 00:00:00.425707,112,1.1102273265623515,0.7056151373362951,0.005140719965716879,5,0.6409091940221189,4000,PRUNED
320,2.5052788259927183e-05,2026-05-19 10:15:03.937002,2026-05-19 10:15:04.413757,0 days 00:00:00.476755,96,1.4102357372077028,1.2664227526969423,0.004436392971866231,5,0.6722456111983802,4000,PRUNED
321,0.0018049853388220072,2026-05-19 10:15:04.423442,2026-05-19 10:15:04.689395,0 days 00:00:00.265953,96,1.676126212123979,3.3635686485804763,0.0008719229444512199,5,0.791014893054133,5000,PRUNED
322,4.314608474942361e-07,2026-05-19 10:15:04.697659,2026-05-19 10:15:09.249087,0 days 00:00:04.551428,32,2.090083959690194,1.5328231525136886,0.005772994046314477,5,0.7105029224564487,4000,COMPLETE
323,0.014370620250701904,2026-05-19 10:15:09.264598,2026-05-19 10:15:09.519799,0 days 00:00:00.255201,16,14.474543266446034,1.511799282442848,0.0012746995688987523,5,0.7016347600157743,4000,PRUNED
324,0.0004808371013496071,2026-05-19 10:15:09.527920,2026-05-19 10:15:09.790794,0 days 00:00:00.262874,80,2.270703513978849,1.9649648434393285,0.0018283592031957865,5,0.71740608534469,3000,PRUNED
325,5.7704299251781777e-05,2026-05-19 10:15:09.798993,2026-05-19 10:15:10.239949,0 days 00:00:00.440956,48,2.0373100130720747,1.531310164105847,0.003489686771977226,4,0.6906867501311771,4000,PRUNED
326,6.444676546379924e-05,2026-05-19 10:15:10.248685,2026-05-19 10:15:10.743364,0 days 00:00:00.494679,112,2.11449822411612,1.1883953097695252,0.0048433130186885266,5,0.7313330988835385,2000,PRUNED
327,0.001212093629874289,2026-05-19 10:15:10.752438,2026-05-19 10:15:10.981428,0 days 00:00:00.228990,48,1.8699672719165727,1.7674205411043429,0.00406231606995677,5,0.7072316671782307,4000,PRUNED
328,0.017042046412825584,2026-05-19 10:15:10.989048,2026-05-19 10:15:11.263241,0 days 00:00:00.274193,48,2.6626221782660275,2.678231845535673,0.0002072967055396681,5,0.5765683781390942,4000,PRUNED
329,0.0005566680338233709,2026-05-19 10:15:11.270964,2026-05-19 10:15:11.558682,0 days 00:00:00.287718,32,2.2275794186353934,1.401145578797825,0.005301876561319435,5,0.6809688360023054,4000,PRUNED
330,4.989379885955714e-05,2026-05-19 10:15:11.566151,2026-05-19 10:15:12.072022,0 days 00:00:00.505871,32,1.9238124570533157,1.0315826117527096,0.0059049199948814565,5,0.7182193176923427,4000,PRUNED
331,6.136779120424762e-05,2026-05-19 10:15:12.080360,2026-05-19 10:15:12.531792,0 days 00:00:00.451432,80,2.8618390466671983,2.2327373041452483,0.00381911211318882,5,0.7063526308500131,5000,PRUNED
332,0.00134938838891685,2026-05-19 10:15:12.539709,2026-05-19 10:15:12.754345,0 days 00:00:00.214636,128,2.408141151739433,1.2925859565377362,0.009987198731362161,4,0.7393805414691346,4000,PRUNED
333,0.0005172780947759748,2026-05-19 10:15:12.762000,2026-05-19 10:15:13.009281,0 days 00:00:00.247281,96,1.17579668252708,1.0170975212189743,0.008997611781437325,5,0.7248303739109122,3000,PRUNED
334,1.6642608898109756e-05,2026-05-19 10:15:13.016094,2026-05-19 10:15:13.438597,0 days 00:00:00.422503,96,1.6041297738373184,0.8471954589653984,0.0022856488693130533,5,0.8308306693609292,4000,PRUNED
335,0.0003607218386605382,2026-05-19 10:15:13.446541,2026-05-19 10:15:13.691888,0 days 00:00:00.245347,96,7.3878802594320705,1.628979198452448,0.004415644244394286,5,0.6949800197288284,4000,PRUNED
336,0.00047282883315347135,2026-05-19 10:15:13.698648,2026-05-19 10:15:13.937773,0 days 00:00:00.239125,96,1.811506413815706,1.283144611106456,0.004908463262286472,5,0.7124620414407331,4000,PRUNED
337,0.00036187563091516495,2026-05-19 10:15:13.944388,2026-05-19 10:15:14.167261,0 days 00:00:00.222873,96,2.0864492256096483,0.3215603254669228,0.006820172625227039,4,0.5564937617878258,3000,PRUNED
338,0.000719729287084192,2026-05-19 10:15:14.174170,2026-05-19 10:15:14.422656,0 days 00:00:00.248486,16,1.2864786161843806,0.9045284402135848,0.0056377913513707386,5,0.7494819488662333,4000,PRUNED
339,0.0011607871856540442,2026-05-19 10:15:14.430102,2026-05-19 10:15:14.716155,0 days 00:00:00.286053,96,1.0526116018639662,1.97999431415938,0.004266869863185441,5,0.6970151616833472,4000,PRUNED
340,0.0007664112490601838,2026-05-19 10:15:14.723338,2026-05-19 10:15:14.953932,0 days 00:00:00.230594,96,1.577986646061032,1.0998192462416556,0.0033492497396769632,5,0.7285387963912575,4000,PRUNED
341,6.142649363027886e-05,2026-05-19 10:15:14.960888,2026-05-19 10:15:15.421808,0 days 00:00:00.460920,112,1.7597514708116366,0.7740708254564398,0.0009520629372307073,5,0.6841385946743456,4000,PRUNED
342,0.000722124706953764,2026-05-19 10:15:15.428578,2026-05-19 10:15:15.601643,0 days 00:00:00.173065,96,1.947362775656813,0.09033952963958118,0.004610736657112041,2,0.5998614289577144,4000,PRUNED
343,0.00083089096006006,2026-05-19 10:15:15.608985,2026-05-19 10:15:15.849828,0 days 00:00:00.240843,32,1.152249375303962,1.4911725062230548,0.0050125786110265325,5,0.6652560391081713,4000,PRUNED
344,4.257368345861323e-05,2026-05-19 10:15:15.856935,2026-05-19 10:15:16.319174,0 days 00:00:00.462239,80,2.445060302507421,1.0339071832970108,0.0038804112948449417,5,0.8103772781605255,5000,PRUNED
345,5.028844952903455e-06,2026-05-19 10:15:16.326610,2026-05-19 10:15:20.985814,0 days 00:00:04.659204,96,1.0012779726227565,0.48354079861604765,0.006223537489623098,5,0.7397959114131606,4000,COMPLETE
346,0.0009288796572946012,2026-05-19 10:15:21.000590,2026-05-19 10:15:21.274505,0 days 00:00:00.273915,128,5.558308407901328,0.6135525874231936,0.0026311604653862946,5,0.6268906034143337,2000,PRUNED
347,0.0017577516846358776,2026-05-19 10:15:21.280813,2026-05-19 10:15:21.529157,0 days 00:00:00.248344,96,1.464057434325567,1.2772948884955273,0.007919585922938652,4,0.7106381763930365,4000,PRUNED
348,1.7846468836069107e-05,2026-05-19 10:15:21.535953,2026-05-19 10:15:21.965398,0 days 00:00:00.429445,96,2.1334061187828737,0.9290427726166575,0.005507213222176098,5,0.8466774213032838,4000,PRUNED
349,0.0003073199768550694,2026-05-19 10:15:21.971728,2026-05-19 10:15:22.251562,0 days 00:00:00.279834,96,1.3197830135616675,1.82163909159288,0.004633678409571465,6,0.7230941722107314,1000,PRUNED
350,0.00034389286884106696,2026-05-19 10:15:22.258566,2026-05-19 10:15:22.501725,0 days 00:00:00.243159,96,3.282130807139816,0.7567263365144932,0.0042388932394533015,5,0.7058067565426495,4000,PRUNED
351,0.0009101225296035409,2026-05-19 10:15:22.509197,2026-05-19 10:15:22.781852,0 days 00:00:00.272655,96,1.6498931493325535,1.4589900807721046,0.0035498108328052653,5,0.6521184290516877,4000,PRUNED
352,0.001045531127601862,2026-05-19 10:15:22.788225,2026-05-19 10:15:23.046646,0 days 00:00:00.258421,96,1.187481415798138,2.305157598314437,0.0029288147804898226,5,0.7484579923512393,4000,PRUNED
353,0.0015306805726140738,2026-05-19 10:15:23.053874,2026-05-19 10:15:23.262554,0 days 00:00:00.208680,96,2.3173210031317573,1.1850196762968264,0.005102103989058292,4,0.44223921380819187,4000,PRUNED
354,0.0005533118383027613,2026-05-19 10:15:23.269066,2026-05-19 10:15:23.551278,0 days 00:00:00.282212,80,1.8566603465824814,0.8632650646857555,0.00589255004223811,5,0.4068684398911119,4000,PRUNED
355,0.0003141362394671887,2026-05-19 10:15:23.558984,2026-05-19 10:15:23.832130,0 days 00:00:00.273146,96,1.4787375738247088,0.6576430922862692,0.004071433073778769,5,0.7643670368308276,5000,PRUNED
356,0.0017643593018874526,2026-05-19 10:15:23.839494,2026-05-19 10:15:24.100451,0 days 00:00:00.260957,96,1.0740239004667977,1.1094910296835503,0.009063909390074237,5,0.6878703827805024,4000,PRUNED
357,0.0007086727418936789,2026-05-19 10:15:24.108456,2026-05-19 10:15:24.360816,0 days 00:00:00.252360,96,78.90874722447546,2.91715329823574,0.001988312543802752,5,0.7296100660862254,4000,PRUNED
358,0.0006861259462311864,2026-05-19 10:15:24.369878,2026-05-19 10:15:24.642118,0 days 00:00:00.272240,112,1.3297072484125856,1.768769100650269,0.0006506480546112776,5,0.7143620639294692,2000,PRUNED
359,0.0018865588353946805,2026-05-19 10:15:24.650712,2026-05-19 10:15:24.877779,0 days 00:00:00.227067,96,2.0413993064680005,0.3893784458690283,0.004803012400689691,4,0.6987077233270913,4000,PRUNED
360,0.0003955896245315671,2026-05-19 10:15:24.885731,2026-05-19 10:15:25.142369,0 days 00:00:00.256638,48,1.5841280207699646,0.9532860952403401,0.005445021284295328,5,0.7953243385772957,4000,PRUNED
361,4.995917697669938e-05,2026-05-19 10:15:25.149793,2026-05-19 10:15:25.664222,0 days 00:00:00.514429,128,2.585291579113413,0.5434254725660961,0.003237758234401784,5,0.8323963326063337,5000,PRUNED
362,2.7683541702572256e-05,2026-05-19 10:15:25.671819,2026-05-19 10:15:26.168920,0 days 00:00:00.497101,96,1.2417017484050523,1.445966300169699,0.004420635512587027,5,0.7393833518989305,4000,PRUNED
363,1.6950802091741934e-05,2026-05-19 10:15:26.176760,2026-05-19 10:15:26.661497,0 days 00:00:00.484737,96,1.7190227494270232,0.8027461913458199,0.003685188654851526,5,0.6772840208596194,4000,PRUNED
364,8.706081189302495e-07,2026-05-19 10:15:26.670735,2026-05-19 10:15:31.062242,0 days 00:00:04.391507,96,1.4108480758610615,1.1638490777752248,0.007283875914008666,5,0.7262151028287476,3000,COMPLETE
365,1.448979674023576e-05,2026-05-19 10:15:31.073708,2026-05-19 10:15:31.558611,0 days 00:00:00.484903,80,1.3619210380541422,1.0848710221610793,0.006881935697278288,5,0.7226323658602531,3000,PRUNED
366,0.0005221994360908866,2026-05-19 10:15:31.566694,2026-05-19 10:15:31.810501,0 days 00:00:00.243807,96,1.0961255639286376,0.7916622890464728,0.007491338175041325,5,0.8137360626617758,3000,PRUNED
367,0.00100787915289402,2026-05-19 10:15:31.818639,2026-05-19 10:15:32.071445,0 days 00:00:00.252806,96,1.436624845768453,0.6690919752800581,0.00822819229411479,5,0.7045950936775766,3000,PRUNED
368,0.000742830743547529,2026-05-19 10:15:32.080227,2026-05-19 10:15:32.271476,0 days 00:00:00.191249,96,1.208958971426592,1.2146127367908532,0.007331092234396338,3,0.7140337649864466,2000,PRUNED
369,0.0004719579010270536,2026-05-19 10:15:32.278371,2026-05-19 10:15:32.517683,0 days 00:00:00.239312,96,1.3622811422058576,0.9370524226042335,0.0064460755652961214,4,0.6926588900512249,2000,PRUNED
370,0.00032115858630277216,2026-05-19 10:15:32.524770,2026-05-19 10:15:32.980548,0 days 00:00:00.455778,96,1.5044816271427044,1.3341550470397285,0.0016901482115831048,5,0.7803209362281434,5000,PRUNED
371,2.2450427422882058e-05,2026-05-19 10:15:32.987043,2026-05-19 10:15:33.481182,0 days 00:00:00.494139,96,1.0033491598495763,0.994667416845292,0.008184368397302019,5,0.801324187269351,3000,PRUNED
372,0.0010132963070645928,2026-05-19 10:15:33.489449,2026-05-19 10:15:33.730405,0 days 00:00:00.240956,32,1.1677747657990285,0.7085499510953193,0.009314540985889172,5,0.7546221208047721,4000,PRUNED
373,0.0007240817067213356,2026-05-19 10:15:33.737269,2026-05-19 10:15:34.017179,0 days 00:00:00.279910,16,2.2123900073326244,0.5815836887536504,0.006828691181490172,5,0.7319763724846062,4000,PRUNED
374,0.0011895973002538085,2026-05-19 10:15:34.024068,2026-05-19 10:15:34.301026,0 days 00:00:00.276958,96,1.2448349872293878,1.1812791337936879,0.005951935336792573,5,0.6155021186894826,4000,PRUNED
375,0.0010673565557226539,2026-05-19 10:15:34.308243,2026-05-19 10:15:34.567341,0 days 00:00:00.259098,96,1.9033352419658724,0.9086376395228095,0.00859253572783118,5,0.7238660152314915,5000,PRUNED
376,0.0005285594961605966,2026-05-19 10:15:34.574380,2026-05-19 10:15:34.829592,0 days 00:00:00.255212,112,1.5527837092859917,1.6393861331046855,0.0003558062106338083,5,0.7080974185829593,2000,PRUNED
377,0.0004863929934799671,2026-05-19 10:15:34.836055,2026-05-19 10:15:35.105226,0 days 00:00:00.269171,80,1.3574466465310828,0.7923342396606364,0.0021523043042441584,5,0.7683994686765124,4000,PRUNED
378,0.0003131207777187228,2026-05-19 10:15:35.112548,2026-05-19 10:15:35.362541,0 days 00:00:00.249993,128,1.682967099329776,1.067042204535049,0.002499497786821836,4,0.7441034763714165,4000,PRUNED
379,0.0006465654005296528,2026-05-19 10:15:35.369543,2026-05-19 10:15:35.644851,0 days 00:00:00.275308,96,1.117688394022422,0.4619918984398142,0.0011479673384663723,5,0.8253417962385237,4000,PRUNED
380,1.602604788786266e-05,2026-05-19 10:15:35.653366,2026-05-19 10:15:36.148359,0 days 00:00:00.494993,96,2.3116682149324657,1.3882496213926143,0.003870206379241988,5,0.6718610897698511,3000,PRUNED
381,0.00035900145303457975,2026-05-19 10:15:36.156141,2026-05-19 10:15:36.429476,0 days 00:00:00.273335,96,26.86589088458431,2.0176911896934544,0.005298701229867435,5,0.6989410907638847,4000,PRUNED
382,0.0016759668942540884,2026-05-19 10:15:36.437898,2026-05-19 10:15:36.724376,0 days 00:00:00.286478,112,1.9753385539716106,0.8741581256432792,0.0001013647398273697,5,0.7170553217667128,4000,PRUNED
383,1.720927457427024e-06,2026-05-19 10:15:36.733616,2026-05-19 10:15:41.477053,0 days 00:00:04.743437,96,1.4561629363533715,1.1784854712910124,0.004651213844859143,5,0.684008915092761,4000,COMPLETE
384,3.7197420169832185e-05,2026-05-19 10:15:41.487691,2026-05-19 10:15:41.929803,0 days 00:00:00.442112,96,1.264098610926908,1.1190458574885123,0.004262530854412609,5,0.6847414976000474,3000,PRUNED
385,7.533599273301661e-05,2026-05-19 10:15:41.936457,2026-05-19 10:15:42.358275,0 days 00:00:00.421818,96,1.4868599202320616,0.6906373125725892,0.0005561862080514969,4,0.6693370493209416,3000,PRUNED
386,0.000292678305413574,2026-05-19 10:15:42.365646,2026-05-19 10:15:42.863592,0 days 00:00:00.497946,96,1.0947467718169313,0.9925180422746194,0.000994060499967151,5,0.6885620179484386,3000,PRUNED
387,6.637949263677001e-05,2026-05-19 10:15:42.870441,2026-05-19 10:15:43.305781,0 days 00:00:00.435340,96,1.3534905507395742,1.2485914736793085,0.007519313822448266,5,0.6470378485918031,3000,PRUNED
388,0.0007360198651440442,2026-05-19 10:15:43.312720,2026-05-19 10:15:43.557832,0 days 00:00:00.245112,96,1.231152935234835,0.8783683721479058,0.003195445818964386,5,0.5746749075218938,4000,PRUNED
389,0.0006701443926431239,2026-05-19 10:15:43.564776,2026-05-19 10:15:43.783341,0 days 00:00:00.218565,96,1.4434194181190143,0.5972755263299706,0.004770359920002879,4,0.6032678669196296,4000,PRUNED
390,2.2692243874189444e-05,2026-05-19 10:15:43.790476,2026-05-19 10:15:44.337781,0 days 00:00:00.547305,96,11.252634570252797,1.4566801797737292,0.006456347661085636,6,0.7326053912554914,4000,PRUNED
391,0.00031696047517471015,2026-05-19 10:15:44.344563,2026-05-19 10:15:44.586907,0 days 00:00:00.242344,96,2.575950762777592,0.7757250556338098,0.003937054059061179,5,0.7951945080219842,3000,PRUNED
392,6.31888397037983e-05,2026-05-19 10:15:44.593462,2026-05-19 10:15:45.020958,0 days 00:00:00.427496,80,2.8151722697659327,1.0556351751359496,0.002861363786088811,5,0.7553871131795019,4000,PRUNED
393,5.7927885791286826e-05,2026-05-19 10:15:45.027519,2026-05-19 10:15:45.519008,0 days 00:00:00.491489,128,1.6084702952531729,1.3132989419827468,0.0044552345638942245,5,0.8158029752900671,4000,PRUNED
394,0.001048111473210156,2026-05-19 10:15:45.525825,2026-05-19 10:15:45.764363,0 days 00:00:00.238538,96,1.070918205578684,0.5227005907342586,0.0035121719618933784,5,0.5877029646932932,4000,PRUNED
395,9.919328294927254e-05,2026-05-19 10:15:45.772644,2026-05-19 10:15:46.212515,0 days 00:00:00.439871,48,1.1707042928766898,0.6859248234152812,0.005675665111660575,5,0.7000512321873612,4000,PRUNED
396,0.00045599587610922754,2026-05-19 10:15:46.219202,2026-05-19 10:15:46.482219,0 days 00:00:00.263017,96,2.0837938780755265,0.9961720808453427,0.005081029333727684,5,0.7803263137553624,1000,PRUNED
397,7.065594400046393e-05,2026-05-19 10:15:46.489974,2026-05-19 10:15:46.879766,0 days 00:00:00.389792,64,1.8250476361309245,1.6207087249174015,0.004735249729650762,4,0.5190528522681976,3000,PRUNED
398,0.00719499634578824,2026-05-19 10:15:46.887129,2026-05-19 10:15:47.116612,0 days 00:00:00.229483,96,1.3418813045028555,1.2348904334550554,0.009770436266492507,5,0.7115587698608669,5000,PRUNED
399,0.0005265636718831956,2026-05-19 10:15:47.123621,2026-05-19 10:15:47.350639,0 days 00:00:00.227018,96,9.360109342681406,0.8524547605288644,0.0008767498790908814,5,0.7377392609202935,4000,PRUNED
400,0.0006313506164588034,2026-05-19 10:15:47.357125,2026-05-19 10:15:47.623083,0 days 00:00:00.265958,96,1.4903366309026975,1.1060838920258602,0.004265587962643387,5,0.7209964011689224,4000,PRUNED
401,1.9529500150383683e-06,2026-05-19 10:15:47.629979,2026-05-19 10:15:52.033550,0 days 00:00:04.403571,96,1.7146426417972587,0.7606143865734232,0.006135418953479058,5,0.8363169336649097,4000,COMPLETE
402,0.0024084465112537146,2026-05-19 10:15:52.046077,2026-05-19 10:15:52.312065,0 days 00:00:00.265988,96,1.7463262241466018,0.6404781861896359,0.0069250237390280295,5,0.8481830744644206,4000,PRUNED
403,0.0006214594468474388,2026-05-19 10:15:52.318832,2026-05-19 10:15:52.592832,0 days 00:00:00.274000,80,2.218187629959248,1.5723389865358604,0.006281238865237033,5,0.8683282788170458,4000,PRUNED
404,0.0004912079893983901,2026-05-19 10:15:52.600529,2026-05-19 10:15:52.864767,0 days 00:00:00.264238,112,1.6767520423552364,0.9197720375098806,0.007103607715957385,5,0.833904566618086,4000,PRUNED
405,0.0009187602554447949,2026-05-19 10:15:52.872186,2026-05-19 10:15:53.127565,0 days 00:00:00.255379,96,1.894594535241253,1.2617294846787719,0.006141322943680413,5,0.8430300809477966,4000,PRUNED
406,0.0007129557779990137,2026-05-19 10:15:53.135304,2026-05-19 10:15:53.403019,0 days 00:00:00.267715,96,2.424754602892448,0.2868639280833844,0.00774028100864706,5,0.8052972171358287,4000,PRUNED
407,0.0008114379597827792,2026-05-19 10:15:53.412130,2026-05-19 10:15:53.668300,0 days 00:00:00.256170,96,2.0442394536759583,0.012042775178023442,0.00573131770796397,5,0.47907907436646197,3000,PRUNED
408,0.0008077810634858906,2026-05-19 10:15:53.677356,2026-05-19 10:15:53.938127,0 days 00:00:00.260771,96,1.6022644726287962,0.4789068468093935,0.006484744210945768,5,0.8209098553301998,4000,PRUNED
409,0.05560872331261635,2026-05-19 10:15:53.946209,2026-05-19 10:15:54.203399,0 days 00:00:00.257190,128,1.82438373432117,0.7885304470095679,0.008619086593275153,5,0.8386242321348326,4000,PRUNED
410,0.0016376773128286004,2026-05-19 10:15:54.211379,2026-05-19 10:15:54.434408,0 days 00:00:00.223029,96,1.5785477422117713,1.0867401006962605,0.005454272840303303,4,0.7471657878819755,5000,PRUNED
411,0.0007423794595524669,2026-05-19 10:15:54.441845,2026-05-19 10:15:54.697141,0 days 00:00:00.255296,96,1.0054508711190582,1.7503081461117995,0.005221008172152225,5,0.6840252915166201,4000,PRUNED
412,0.0015279034851118922,2026-05-19 10:15:54.703954,2026-05-19 10:15:54.925365,0 days 00:00:00.221411,80,2.1650409788231957,0.9647503323694858,0.006061482439356405,4,0.769669794003722,4000,PRUNED
413,0.0005367187550291419,2026-05-19 10:15:54.931878,2026-05-19 10:15:55.204545,0 days 00:00:00.272667,96,1.7430477992728197,1.3293492015509119,0.008030661135065347,5,0.660091669739971,4000,PRUNED
414,0.00039795003249309957,2026-05-19 10:15:55.211242,2026-05-19 10:15:55.468927,0 days 00:00:00.257685,96,1.439173705853343,0.5942881210133062,0.0013678943635899762,5,0.8571827878446754,4000,PRUNED
415,0.0005541155114769936,2026-05-19 10:15:55.476699,2026-05-19 10:15:55.756190,0 days 00:00:00.279491,96,1.9671430362410776,0.725836774680458,0.0037456326611940752,5,0.3151364954430395,4000,PRUNED
416,0.010761260986328125,2026-05-19 10:15:55.763811,2026-05-19 10:15:56.003286,0 days 00:00:00.239475,96,57.13295805387145,0.0018345834122128265,0.003060268081343794,5,0.6971731179628413,2000,PRUNED
417,3.302521145087667e-05,2026-05-19 10:15:56.010963,2026-05-19 10:15:56.455378,0 days 00:00:00.444415,96,2.44790195520555,1.5025430553572374,0.005555248572020622,5,0.5401226818025349,5000,PRUNED
418,0.0005909446626901627,2026-05-19 10:15:56.464083,2026-05-19 10:15:56.706428,0 days 00:00:00.242345,112,1.6092884650262143,2.1268184245097395,0.0026659820372176494,5,0.710717440165865,4000,PRUNED
419,0.001119475462473929,2026-05-19 10:15:56.713110,2026-05-19 10:15:56.962069,0 days 00:00:00.248959,96,6.4165533147760145,0.17686266753821075,0.0010736401515622814,4,0.7290181603950371,3000,PRUNED
420,1.6623123883618973e-05,2026-05-19 10:15:56.968857,2026-05-19 10:15:57.446833,0 days 00:00:00.477976,96,1.4186203697334496,0.9301904587979601,0.00732557876245507,5,0.8275983357356107,4000,PRUNED
421,0.006084288936108351,2026-05-19 10:15:57.454466,2026-05-19 10:15:57.710876,0 days 00:00:00.256410,96,1.8256402680884256,0.029512613960785816,0.0007387232389898952,5,0.8144446079476843,4000,PRUNED
422,6.293976184679195e-05,2026-05-19 10:15:57.718882,2026-05-19 10:15:58.221571,0 days 00:00:00.502689,128,2.276522643330546,0.398369974509863,0.004983644684485311,5,0.7181414671933616,4000,PRUNED
423,4.446069215191528e-05,2026-05-19 10:15:58.228952,2026-05-19 10:15:58.716222,0 days 00:00:00.487270,96,1.1605491623071067,1.167494091580765,0.004003642128585993,5,0.7901300827610092,4000,PRUNED
424,2.147198756574653e-05,2026-05-19 10:15:58.723596,2026-05-19 10:15:59.131892,0 days 00:00:00.408296,64,3.0494555510500687,6.813783164422184,0.008922299990833783,5,0.7367836972315024,4000,PRUNED
425,0.0004251037316862494,2026-05-19 10:15:59.139614,2026-05-19 10:15:59.387955,0 days 00:00:00.248341,96,2.048981916063422,0.8224587915511395,0.002422885454751369,5,0.7014513409683595,4000,PRUNED
426,0.0009243536042049527,2026-05-19 10:15:59.395099,2026-05-19 10:15:59.635650,0 days 00:00:00.240551,80,1.2697654959418188,1.7575266941996566,0.0032847388057910473,4,0.6740102398419106,5000,PRUNED
427,0.0006417602417059243,2026-05-19 10:15:59.642185,2026-05-19 10:15:59.887055,0 days 00:00:00.244870,32,1.0820865706530276,1.0527166962315582,0.004639780863663759,5,0.8074438499272291,4000,PRUNED
428,0.0012229039566591382,2026-05-19 10:15:59.894052,2026-05-19 10:16:00.156759,0 days 00:00:00.262707,96,1.6946111799391284,1.3669773324573105,0.006864377941948973,5,0.6890786587554915,3000,PRUNED
429,0.0003046928904950619,2026-05-19 10:16:00.164263,2026-05-19 10:16:00.447631,0 days 00:00:00.283368,112,1.4185176361802767,0.722617836973069,0.005913913702042875,5,0.7241444274256389,4000,PRUNED
430,5.011104803998023e-05,2026-05-19 10:16:00.454653,2026-05-19 10:16:00.975832,0 days 00:00:00.521179,96,1.5310133527667737,0.5625345252910126,0.0012178497514554367,5,0.754072533356061,4000,PRUNED
431,0.003137927269563079,2026-05-19 10:16:00.982409,2026-05-19 10:16:01.254311,0 days 00:00:00.271902,96,4.727099431256945,0.891046037759436,0.005207823252457752,5,0.5045258932683145,4000,PRUNED
432,0.0007949701976031065,2026-05-19 10:16:01.261494,2026-05-19 10:16:01.542321,0 days 00:00:00.280827,16,1.3074222803248914,1.1602185389402955,0.003604119967652439,5,0.7071330271123623,2000,PRUNED
433,0.0003592892026063055,2026-05-19 10:16:01.550260,2026-05-19 10:16:01.844306,0 days 00:00:00.294046,96,2.668068177406771,2.426669003852997,0.0018671585285353228,6,0.7623340034642525,4000,PRUNED
434,0.0012188159162178636,2026-05-19 10:16:01.851575,2026-05-19 10:16:02.063665,0 days 00:00:00.212090,112,1.9449838929524828,1.481488079501982,0.004254248773086698,4,0.7758293008392317,4000,PRUNED
435,0.0004613344499375671,2026-05-19 10:16:02.071521,2026-05-19 10:16:02.323202,0 days 00:00:00.251681,96,1.1441961339666769,0.7495651348605421,0.0064247621281726865,5,0.5564602340329825,4000,PRUNED
436,3.4841774322558194e-05,2026-05-19 10:16:02.331611,2026-05-19 10:16:02.839154,0 days 00:00:00.507543,96,2.19690405624241,0.637064706978099,0.004955233304202437,5,0.739694917365924,4000,PRUNED
437,0.00010251054482068866,2026-05-19 10:16:02.848283,2026-05-19 10:16:03.354108,0 days 00:00:00.505825,96,1.7522852162992222,1.024155340098175,0.0021175392627334378,5,0.7251470562981215,4000,PRUNED
438,0.0005407219869084656,2026-05-19 10:16:03.362642,2026-05-19 10:16:03.621701,0 days 00:00:00.259059,96,1.5545158279878497,1.7799486854841269,0.001504635696290724,5,0.7106092217109788,4000,PRUNED
439,0.006936768069863319,2026-05-19 10:16:03.629447,2026-05-19 10:16:03.911726,0 days 00:00:00.282279,96,1.2372964407265403,1.2397583982781724,0.009306853203199843,5,0.8026221858707886,3000,PRUNED
440,0.00037124037044122815,2026-05-19 10:16:03.919890,2026-05-19 10:16:04.186365,0 days 00:00:00.266475,96,2.3938150396526363,0.8698719895315262,0.005675738937251772,5,0.693727810113844,2000,PRUNED
441,0.0004682021972257644,2026-05-19 10:16:04.194291,2026-05-19 10:16:04.398012,0 days 00:00:00.203721,96,1.013781351849381,1.3658729628355946,0.004101042350725386,4,0.7863560625215793,4000,PRUNED
442,0.00034855163539759815,2026-05-19 10:16:04.404334,2026-05-19 10:16:04.651184,0 days 00:00:00.246850,80,1.3903983937015287,1.0555966372564123,0.004653008046971539,5,0.821287846579929,5000,PRUNED
443,0.0003790349292103201,2026-05-19 10:16:04.657725,2026-05-19 10:16:04.896480,0 days 00:00:00.238755,48,1.8484595814242855,2.019533663880301,0.007848698619476983,5,0.7449008704382054,4000,PRUNED
444,0.0011441687820479274,2026-05-19 10:16:04.903570,2026-05-19 10:16:05.154037,0 days 00:00:00.250467,96,2.06251949442701,3.7615595459606097,0.003784567444056042,5,0.6764799926628098,4000,PRUNED
445,0.00054977519903332,2026-05-19 10:16:05.160960,2026-05-19 10:16:05.415518,0 days 00:00:00.254558,128,1.6926981209195973,0.5301471060630657,0.004479233520013995,5,0.7205627818682336,4000,PRUNED
446,0.00185789680108428,2026-05-19 10:16:05.422342,2026-05-19 10:16:05.702191,0 days 00:00:00.279849,96,1.4894997399247976,0.005191698018504444,0.005344750169785216,5,0.6991035698071111,5000,PRUNED
447,0.0055270204320549965,2026-05-19 10:16:05.708725,2026-05-19 10:16:05.962037,0 days 00:00:00.253312,96,1.0999703950308308,0.6799411921386264,0.009997965589306705,5,0.8330856139880587,4000,PRUNED
448,0.0008808718994259834,2026-05-19 10:16:05.968556,2026-05-19 10:16:06.182296,0 days 00:00:00.213740,96,1.0013046148174272,0.8961959498398713,0.003467171743676651,4,0.8695762609857867,1000,PRUNED
449,0.0016408563824370503,2026-05-19 10:16:06.188781,2026-05-19 10:16:06.451650,0 days 00:00:00.262869,96,1.308184151561868,1.237967829697798,0.0060324925318359915,5,0.7326714141908823,4000,PRUNED
450,0.0001473717566113919,2026-05-19 10:16:06.458656,2026-05-19 10:16:06.988388,0 days 00:00:00.529732,64,1.9851736189099578,1.4891099229065525,0.0029121695502369893,5,0.7091297216589058,4000,PRUNED
451,2.523133844078984e-06,2026-05-19 10:16:06.996049,2026-05-19 10:16:11.950659,0 days 00:00:04.954610,96,1.5960460023286258,0.7959110662224363,0.00496886052890558,5,0.7967073102602702,4000,COMPLETE
452,0.0015067033236846328,2026-05-19 10:16:11.961333,2026-05-19 10:16:12.227445,0 days 00:00:00.266112,96,1.171745459190868,0.7058783731186833,0.006828533113549295,5,0.8049808178462168,4000,PRUNED
453,0.0005304598016664386,2026-05-19 10:16:12.234520,2026-05-19 10:16:12.504463,0 days 00:00:00.269943,80,1.4936286204451805,0.7939793713799776,0.0053817648543230175,5,0.7928545761117919,4000,PRUNED
454,0.0008179370779544115,2026-05-19 10:16:12.511242,2026-05-19 10:16:12.784984,0 days 00:00:00.273742,96,1.327273864320491,0.4534266913259532,0.004965060753043131,5,0.7876757964143041,4000,PRUNED
455,0.0004363994230516255,2026-05-19 10:16:12.791363,2026-05-19 10:16:13.071288,0 days 00:00:00.279925,96,1.6100685634115344,0.6035801115135134,0.008377153263770736,5,0.7686775891789362,3000,PRUNED
456,0.00047431793063879013,2026-05-19 10:16:13.078445,2026-05-19 10:16:13.324245,0 days 00:00:00.245800,96,2.216418714551911,1.0281658163692367,0.006144455968522231,5,0.757936235537377,2000,PRUNED
457,0.0003164995287079364,2026-05-19 10:16:13.331391,2026-05-19 10:16:13.554171,0 days 00:00:00.222780,128,1.2046204332229395,0.8588675585243953,0.004240283341955438,4,0.7978185393177868,4000,PRUNED
458,4.103314859094098e-05,2026-05-19 10:16:13.562041,2026-05-19 10:16:14.064990,0 days 00:00:00.502949,96,1.8140009967968937,0.9452193612147288,0.0023488889753895156,5,0.7785059354262618,4000,PRUNED
459,0.00041550982859916985,2026-05-19 10:16:14.072552,2026-05-19 10:16:14.320558,0 days 00:00:00.248006,112,1.4484939917666486,0.7380704625117853,0.00011557861409141853,5,0.8108913101637372,4000,PRUNED
460,1.9872337361448444e-05,2026-05-19 10:16:14.328539,2026-05-19 10:16:14.757611,0 days 00:00:00.429072,96,2.772008474805059,1.1298093453760438,0.005630564596669951,5,0.8445068532526475,4000,PRUNED
461,0.0021440230775624514,2026-05-19 10:16:14.764948,2026-05-19 10:16:15.005172,0 days 00:00:00.240224,96,1.633266476505486,0.5465372100678519,0.007464472890873587,5,0.8256057696851565,3000,PRUNED
462,5.076302841189317e-06,2026-05-19 10:16:15.013787,2026-05-19 10:16:19.871654,0 days 00:00:04.857867,80,1.0967902674376557,0.8863049050871857,0.004899818539580065,5,0.7444445580963971,4000,COMPLETE
463,0.0020007030107080936,2026-05-19 10:16:19.885635,2026-05-19 10:16:20.101237,0 days 00:00:00.215602,96,1.3947467836401497,0.6745790925879098,0.004535343118309385,4,0.7958457245358448,4000,PRUNED
464,2.7449679691926576e-05,2026-05-19 10:16:20.109599,2026-05-19 10:16:20.608480,0 days 00:00:00.498881,96,1.2522289632309236,1.1199670003146731,0.0009719063819623323,5,0.7291783479546821,4000,PRUNED
465,0.00043502560583874583,2026-05-19 10:16:20.615818,2026-05-19 10:16:20.891770,0 days 00:00:00.275952,96,2.339238965823684,0.8188867011199454,0.006577362298993759,5,0.814314216823661,5000,PRUNED
466,1.800645077310037e-05,2026-05-19 10:16:20.899341,2026-05-19 10:16:21.410156,0 days 00:00:00.510815,32,1.913364641283434,1.277004416295489,0.003988251386818211,5,0.7767410260813441,4000,PRUNED
467,6.598470645258203e-05,2026-05-19 10:16:21.417171,2026-05-19 10:16:21.926765,0 days 00:00:00.509594,96,18.19687526938698,0.9736164551549767,0.0032702758698038266,5,0.7196448125269161,4000,PRUNED
468,0.0023270449601113796,2026-05-19 10:16:21.933344,2026-05-19 10:16:22.101630,0 days 00:00:00.168286,96,2.521588243635282,0.6225179057244213,0.005117575002496666,2,0.7655670043838481,4000,PRUNED
469,0.0015949581284075975,2026-05-19 10:16:22.108305,2026-05-19 10:16:22.362632,0 days 00:00:00.254327,96,1.56256668629017,1.551148609159257,0.009996604105187636,5,0.7365938444263913,4000,PRUNED
470,0.000795804662629962,2026-05-19 10:16:22.370326,2026-05-19 10:16:22.617742,0 days 00:00:00.247416,128,2.1379912784084376,0.41742853093133964,0.0026159775140071756,5,0.7510896802450534,4000,PRUNED
471,3.415762694203295e-05,2026-05-19 10:16:22.624060,2026-05-19 10:16:23.008880,0 days 00:00:00.384820,112,1.7522514420038315,1.0717805371128952,0.0054348691216437855,4,0.712486067751955,3000,PRUNED
472,0.00219750520773232,2026-05-19 10:16:23.015572,2026-05-19 10:16:23.254780,0 days 00:00:00.239208,96,1.3629530268772532,0.8132670663972952,0.008868813373193098,5,0.8022041544098684,4000,PRUNED
473,0.002210061764344573,2026-05-19 10:16:23.262009,2026-05-19 10:16:23.503165,0 days 00:00:00.241156,96,36.22888397354067,0.3466276772720288,0.0036281559637358846,5,0.783744930251458,2000,PRUNED
474,0.0008190838852897286,2026-05-19 10:16:23.510125,2026-05-19 10:16:23.774812,0 days 00:00:00.264687,96,1.167304243571446,1.3042741758349492,0.0008205353593602022,5,0.8220723583909411,4000,PRUNED
475,0.0017056530341506004,2026-05-19 10:16:23.781675,2026-05-19 10:16:23.974280,0 days 00:00:00.192605,96,1.0802146273238988,0.7161582306603704,0.006001142354076565,3,0.7238247532279372,5000,PRUNED
476,0.000318872625939548,2026-05-19 10:16:23.983585,2026-05-19 10:16:24.262767,0 days 00:00:00.279182,80,1.9738036506816732,0.9752591218411752,0.004606812316615147,5,0.7051028139875808,4000,PRUNED
477,0.0009406345780007541,2026-05-19 10:16:24.270046,2026-05-19 10:16:24.540116,0 days 00:00:00.270070,96,1.632729858694359,0.4945093823085496,0.007231499213202186,5,0.8357643361068517,4000,PRUNED
478,2.9889559300499968e-05,2026-05-19 10:16:24.547306,2026-05-19 10:16:24.983874,0 days 00:00:00.436568,96,1.3071726013282954,1.1815009170974424,0.004014702996547515,5,0.7329281164050726,4000,PRUNED
479,0.0004106878477614373,2026-05-19 10:16:24.991240,2026-05-19 10:16:25.237358,0 days 00:00:00.246118,96,1.5247575567718878,1.5343779492778344,0.004917890984775056,5,0.7176420881543718,4000,PRUNED
480,5.743071142205736e-06,2026-05-19 10:16:25.244166,2026-05-19 10:16:29.541030,0 days 00:00:04.296864,96,1.0013008834137003,0.8429673521424811,0.008254952477459724,5,0.7485780995610265,4000,COMPLETE
481,0.0003170619602315128,2026-05-19 10:16:29.551234,2026-05-19 10:16:29.830846,0 days 00:00:00.279612,64,1.806617834593502,0.6324798823929024,0.005718751062640535,5,0.8574019721365231,3000,PRUNED
482,5.289960881782463e-06,2026-05-19 10:16:29.838900,2026-05-19 10:16:34.826150,0 days 00:00:04.987250,96,1.214752936551483,0.9633465427931681,0.006479414219646565,6,0.6871738117642074,4000,COMPLETE
483,0.0001263777812710032,2026-05-19 10:16:34.840429,2026-05-19 10:16:35.271256,0 days 00:00:00.430827,96,2.1838750045947974,1.2302011954105214,0.002249705350530099,5,0.761666871624662,4000,PRUNED
484,0.0009785708971321583,2026-05-19 10:16:35.279898,2026-05-19 10:16:35.488907,0 days 00:00:00.209009,96,1.3739804729255753,0.2355648045699854,0.00431470958165575,4,0.3809863825429821,5000,PRUNED
485,3.7448739021783695e-05,2026-05-19 10:16:35.497391,2026-05-19 10:16:35.981949,0 days 00:00:00.484558,112,2.4778838988185288,0.8029817753896245,0.005243543461868487,5,0.7882813763688996,2000,PRUNED
486,0.0011855565244331956,2026-05-19 10:16:35.989970,2026-05-19 10:16:36.229689,0 days 00:00:00.239719,16,1.6923878008681494,1.7446832401921673,0.003763848163483302,5,0.7010666158872754,4000,PRUNED
487,0.0008212268003262579,2026-05-19 10:16:36.237123,2026-05-19 10:16:36.467164,0 days 00:00:00.230041,128,1.4815004973076389,0.07737720156274207,0.0047003545721762425,4,0.8117191260687384,4000,PRUNED
488,0.0004915399476885796,2026-05-19 10:16:36.476938,2026-05-19 10:16:36.755300,0 days 00:00:00.278362,80,2.032396141458569,1.068288516312692,0.0031062851529810804,5,0.7319857347500371,2000,PRUNED
489,0.0002624947519507259,2026-05-19 10:16:36.764468,2026-05-19 10:16:37.255560,0 days 00:00:00.491092,96,1.0984048160418036,0.5904458169656078,0.0016224878683852228,5,0.7146271335013668,4000,PRUNED
490,0.002179743954911828,2026-05-19 10:16:37.264501,2026-05-19 10:16:37.544467,0 days 00:00:00.279966,96,1.8303128627901266,0.05377674843070642,0.0010419797900262195,5,0.7432122573701497,4000,PRUNED
491,0.0013813362456858158,2026-05-19 10:16:37.553553,2026-05-19 10:16:37.826622,0 days 00:00:00.273069,48,1.2480164372685372,1.4127846573400236,0.004233775313343262,5,0.7971356027382394,4000,PRUNED
492,7.165361921579461e-07,2026-05-19 10:16:37.834983,2026-05-19 10:16:42.804677,0 days 00:00:04.969694,96,1.4369270718091516,0.6997273447710846,0.005989474626187096,5,0.6922574320615621,3000,COMPLETE
493,0.002212855499237776,2026-05-19 10:16:42.817993,2026-05-19 10:16:43.056667,0 days 00:00:00.238674,96,1.4023008696514514,0.500740518526668,0.007047879364554437,5,0.6620201278638943,3000,PRUNED
494,1.7493854102212936e-05,2026-05-19 10:16:43.063773,2026-05-19 10:16:43.507173,0 days 00:00:00.443400,96,1.2638789565764172,0.6774676545584102,0.00670529530352988,5,0.684368966301588,3000,PRUNED
495,0.00015322673425544053,2026-05-19 10:16:43.514495,2026-05-19 10:16:43.945514,0 days 00:00:00.431019,32,1.4974646190253076,0.722309681789508,0.006223381409088727,5,0.6758294995643457,3000,PRUNED
496,0.0009192210854962468,2026-05-19 10:16:43.951931,2026-05-19 10:16:44.207576,0 days 00:00:00.255645,96,1.150396628999334,0.5408608927053266,0.007460714879795628,5,0.6865223843545305,3000,PRUNED
497,3.074459164054133e-05,2026-05-19 10:16:44.214432,2026-05-19 10:16:44.620999,0 days 00:00:00.406567,96,1.3721887516622875,0.7933777374162988,0.001992826356773353,4,0.6410369059677428,5000,PRUNED
498,5.385115946410224e-05,2026-05-19 10:16:44.627770,2026-05-19 10:16:45.074487,0 days 00:00:00.446717,112,1.0004953565921448,0.6930875244926241,0.005581245028521381,5,0.6943182212195129,3000,PRUNED
499,6.158060159577872e-07,2026-05-19 10:16:45.081491,2026-05-19 10:16:49.441277,0 days 00:00:04.359786,96,1.176389787667332,0.5826110388501822,0.006089998624921329,5,0.6993520335112963,3000,COMPLETE
500,0.0007288986817002296,2026-05-19 10:16:49.453841,2026-05-19 10:16:49.730611,0 days 00:00:00.276770,96,1.1503867964649162,0.4558834433415061,0.00017979972712537019,5,0.6969242901300896,3000,PRUNED
501,0.0001612795313121751,2026-05-19 10:16:49.737300,2026-05-19 10:16:50.224428,0 days 00:00:00.487128,48,1.2331093679919822,0.5908954168679447,0.0061368234124675024,5,0.674109590838186,3000,PRUNED
502,5.792226511402987e-05,2026-05-19 10:16:50.231392,2026-05-19 10:16:50.699736,0 days 00:00:00.468344,96,1.1071432652558384,0.40784011608868853,0.007549649206936691,5,0.7090143936758824,3000,PRUNED
503,0.0006139097968116403,2026-05-19 10:16:50.706809,2026-05-19 10:16:50.944484,0 days 00:00:00.237675,64,1.0917781272647642,0.5282114015526035,0.006745713466534742,4,0.6972544746115115,3000,PRUNED
504,0.0011733288411051035,2026-05-19 10:16:50.953654,2026-05-19 10:16:51.199076,0 days 00:00:00.245422,96,1.2756023389999884,0.6176349564035751,0.007989351274307572,5,0.6633698026493239,2000,PRUNED
505,0.0005398429348133504,2026-05-19 10:16:51.207988,2026-05-19 10:16:51.461276,0 days 00:00:00.253288,96,1.1904356939194407,0.9543826901454169,0.005860837174123627,5,0.6808241936634799,1000,PRUNED
506,0.07451415061950684,2026-05-19 10:16:51.469346,2026-05-19 10:16:51.738752,0 days 00:00:00.269406,80,1.3055877074247817,9.851557649727672,0.009178194212577585,5,0.7089524163781188,3000,PRUNED
507,0.0006363910506479442,2026-05-19 10:16:51.745736,2026-05-19 10:16:52.012233,0 days 00:00:00.266497,128,1.0746769481237475,0.8892141317000822,0.0028918745858227814,5,0.6914587303509601,3000,PRUNED
508,0.0013836806174367666,2026-05-19 10:16:52.018709,2026-05-19 10:16:52.290603,0 days 00:00:00.271894,96,2.6349735307823106,0.5065284854359132,0.006414356126598352,5,0.7009324789605644,3000,PRUNED
509,0.0011493019992485642,2026-05-19 10:16:52.297514,2026-05-19 10:16:52.575240,0 days 00:00:00.277726,96,2.34702603991669,0.6861868099869038,0.0033147475772346835,5,0.7164746184963261,2000,PRUNED
510,4.1312621760880575e-05,2026-05-19 10:16:52.581949,2026-05-19 10:16:53.092562,0 days 00:00:00.510613,96,1.3943358031049324,1.1138674930587051,0.00578569685624989,5,0.7252305184165253,3000,PRUNED
511,0.0008842193055897951,2026-05-19 10:16:53.099498,2026-05-19 10:16:53.358159,0 days 00:00:00.258661,96,3.541902822864273,0.932762234361053,0.0009134236043104955,5,0.7027573803840578,2000,PRUNED
512,0.0012424776796251535,2026-05-19 10:16:53.364518,2026-05-19 10:16:53.581160,0 days 00:00:00.216642,96,1.2022420614530547,0.39114486781554636,0.00891990348602769,4,0.5349624334335378,3000,PRUNED
513,0.0002897781669162214,2026-05-19 10:16:53.587893,2026-05-19 10:16:53.832583,0 days 00:00:00.244690,80,1.335043797224026,0.7506741279139278,0.0012607611918480717,5,0.681432167313528,5000,PRUNED
514,7.040359923848882e-05,2026-05-19 10:16:53.839993,2026-05-19 10:16:54.318707,0 days 00:00:00.478714,96,2.9551096081509196,0.574588334879607,0.006938796584873238,5,0.6540248935542424,3000,PRUNED
515,0.0006909893127158284,2026-05-19 10:16:54.325765,2026-05-19 10:16:54.566045,0 days 00:00:00.240280,96,3.9820615347197186,1.0471610781686647,0.001146085477383475,5,0.7132882687918014,5000,PRUNED
516,0.0008150823996402323,2026-05-19 10:16:54.572797,2026-05-19 10:16:54.817168,0 days 00:00:00.244371,96,1.0871835526310378,0.83155333477468,0.006284599292977289,5,0.4554791786271436,3000,PRUNED
517,0.0010324801551178098,2026-05-19 10:16:54.823976,2026-05-19 10:16:55.036401,0 days 00:00:00.212425,96,1.4930931163851695,1.2840640473738059,0.0026344429792082786,4,0.6915755608393539,1000,PRUNED
518,0.0028678711969405413,2026-05-19 10:16:55.043486,2026-05-19 10:16:55.283550,0 days 00:00:00.240064,112,12.98090058615694,0.631308674408403,0.0005662483386508997,5,0.8398408861346887,3000,PRUNED
519,0.0008490803884342313,2026-05-19 10:16:55.290034,2026-05-19 10:16:55.542004,0 days 00:00:00.251970,96,2.213750542683174,0.9742819848931966,0.00827423442097205,5,0.7274321738870859,2000,PRUNED
520,1.9203254851163365e-05,2026-05-19 10:16:55.548773,2026-05-19 10:16:56.025094,0 days 00:00:00.476321,96,1.1859173993623102,0.3239815970699718,0.005448623144747035,5,0.8937311851091729,4000,PRUNED
521,0.0005387190612964332,2026-05-19 10:16:56.031646,2026-05-19 10:16:56.284390,0 days 00:00:00.252744,96,1.0017776029900107,1.1439033318874199,0.0035131740589366732,5,0.7396147278490958,4000,PRUNED
522,0.00036638430901803076,2026-05-19 10:16:56.291866,2026-05-19 10:16:56.526983,0 days 00:00:00.235117,80,1.4168748002338416,0.7660506259686023,0.0038768545664869094,5,0.7543921033755525,2000,PRUNED
523,0.0015839183470234275,2026-05-19 10:16:56.535499,2026-05-19 10:16:56.777062,0 days 00:00:00.241563,128,1.2753572635590478,0.493421927240668,0.00713375887020528,5,0.7095025604206135,5000,PRUNED
524,0.0007952733431011438,2026-05-19 10:16:56.785817,2026-05-19 10:16:57.077009,0 days 00:00:00.291192,96,1.980511324840076,1.4053142655827047,0.005883902346339234,6,0.6679112872006054,4000,PRUNED
525,0.000346793734934181,2026-05-19 10:16:57.086385,2026-05-19 10:16:57.325513,0 days 00:00:00.239128,96,2.373177158763574,0.9221317957194213,0.006561483328582019,5,0.8284625981374222,4000,PRUNED
526,0.0016187807777896523,2026-05-19 10:16:57.332494,2026-05-19 10:16:57.574916,0 days 00:00:00.242422,96,1.0008764562834755,1.7014840512907918,0.00175261293888042,5,0.7226178168642982,3000,PRUNED
527,0.0023779284674674273,2026-05-19 10:16:57.582183,2026-05-19 10:16:57.796986,0 days 00:00:00.214803,96,1.5733934710118942,0.6522701012936521,0.005206607178520722,4,0.7010631766723747,4000,PRUNED
528,0.000595270365010947,2026-05-19 10:16:57.804569,2026-05-19 10:16:58.045847,0 days 00:00:00.241278,96,1.1151265066889502,1.1846166473230817,0.0004167291342185104,5,0.768201124561931,4000,PRUNED
529,0.0005553432856686413,2026-05-19 10:16:58.054099,2026-05-19 10:16:58.297122,0 days 00:00:00.243023,96,2.105773314916116,0.8289054346606032,0.0044966999253928325,5,0.5651659213449288,4000,PRUNED
530,0.0009697045315988362,2026-05-19 10:16:58.305080,2026-05-19 10:16:58.539610,0 days 00:00:00.234530,96,1.3331620330296787,0.9883528379782934,0.009407661020440052,4,0.686214950338509,4000,PRUNED
531,6.493352702818811e-05,2026-05-19 10:16:58.547625,2026-05-19 10:16:58.983735,0 days 00:00:00.436110,96,22.71240799936383,0.7236706186954341,0.00781951275650806,5,0.7325522880081768,3000,PRUNED
532,0.00624137744307518,2026-05-19 10:16:58.991781,2026-05-19 10:16:59.263071,0 days 00:00:00.271290,96,1.685222512637823,1.2486524411352276,0.009970867855226087,5,0.7130722680024728,4000,PRUNED
533,0.0008717232849448919,2026-05-19 10:16:59.271258,2026-05-19 10:16:59.504439,0 days 00:00:00.233181,64,1.50078419755973,0.43587743577557797,0.005604667796536385,5,0.6938608578362513,4000,PRUNED
534,0.0003082510083913803,2026-05-19 10:16:59.511239,2026-05-19 10:16:59.786790,0 days 00:00:00.275551,112,1.1858547671960245,0.12611442922306115,0.0042143727326947825,5,0.7502494896367757,5000,PRUNED
535,1.485847224103054e-05,2026-05-19 10:16:59.793431,2026-05-19 10:17:00.299071,0 days 00:00:00.505640,96,1.8700453865626177,0.6132598133811107,0.003043393792653552,5,0.8172171526563446,4000,PRUNED
536,0.0009688750724308193,2026-05-19 10:17:00.305855,2026-05-19 10:17:00.559068,0 days 00:00:00.253213,80,1.4066055154422994,1.5301605504517903,0.00220267579713307,5,0.7233450192050792,4000,PRUNED
537,2.9368646210059524e-05,2026-05-19 10:17:00.566191,2026-05-19 10:17:01.056031,0 days 00:00:00.489840,128,1.2754213570155246,1.0664607052267736,0.004891233868537504,5,0.7394416107871286,4000,PRUNED
538,7.939180068206042e-05,2026-05-19 10:17:01.063098,2026-05-19 10:17:01.531541,0 days 00:00:00.468443,96,2.690232164771859,0.8407787101300748,0.006134608157708072,5,0.6995252110781944,4000,PRUNED
539,0.0006165303057059646,2026-05-19 10:17:01.538732,2026-05-19 10:17:01.762647,0 days 00:00:00.223915,96,2.1466472131294365,1.9293799067849107,0.0038031673574926896,4,0.6307023078758883,4000,PRUNED
540,0.0004139215452596545,2026-05-19 10:17:01.769351,2026-05-19 10:17:02.043095,0 days 00:00:00.273744,96,1.6963858866817672,1.3785558791148063,0.005355078369142189,5,0.7719859337679225,3000,PRUNED
541,0.0005876619834452868,2026-05-19 10:17:02.050435,2026-05-19 10:17:02.323936,0 days 00:00:00.273501,112,1.095672116741059,0.7132392614764773,0.0024244750011718163,5,0.6757775977955223,2000,PRUNED
542,0.0004808210942428559,2026-05-19 10:17:02.330868,2026-05-19 10:17:02.618480,0 days 00:00:00.287612,96,2.4276722608211956,0.9859653421230195,0.007253372707131031,5,0.7169770538678321,4000,PRUNED
543,0.0004511438892222941,2026-05-19 10:17:02.624958,2026-05-19 10:17:02.886953,0 days 00:00:00.261995,96,1.4861823566599652,0.5475939536814283,0.00459008196199019,5,0.7318361872209195,5000,PRUNED
544,2.646918801474385e-05,2026-05-19 10:17:02.893464,2026-05-19 10:17:03.347835,0 days 00:00:00.454371,96,1.9817573141271896,1.1231979727642776,0.0033922822801001336,5,0.7051245307870107,3000,PRUNED
545,5.163941386854276e-05,2026-05-19 10:17:03.354990,2026-05-19 10:17:03.795984,0 days 00:00:00.440994,96,1.183710999317073,0.8964987632685618,0.005928516279512672,5,0.7583940845541938,4000,PRUNED
546,0.0008651324897073209,2026-05-19 10:17:03.802813,2026-05-19 10:17:04.041271,0 days 00:00:00.238458,96,1.3424291793901713,1.7416532211518256,0.00025751298638965284,4,0.6864602374173958,4000,PRUNED
547,0.00039356606430374086,2026-05-19 10:17:04.048034,2026-05-19 10:17:04.288679,0 days 00:00:00.240645,96,1.5864047100256533,0.7495258601704387,0.002806273038683671,5,0.846242980676184,4000,PRUNED
548,0.0007702617440372705,2026-05-19 10:17:04.295309,2026-05-19 10:17:04.569482,0 days 00:00:00.274173,80,1.7941811962794443,1.2456791034528891,0.008740700295873545,5,0.49247070321377023,4000,PRUNED
549,0.0023064150009304285,2026-05-19 10:17:04.577015,2026-05-19 10:17:04.768050,0 days 00:00:00.191035,48,2.263234269103482,0.6082487559830743,0.0014421779628680117,3,0.7807899920559689,2000,PRUNED
550,0.00028615520568564534,2026-05-19 10:17:04.775027,2026-05-19 10:17:05.044806,0 days 00:00:00.269779,128,1.0001014713711425,0.8621834471413421,0.004111578522834929,5,0.8066165131843535,4000,PRUNED
551,0.0007145535782910883,2026-05-19 10:17:05.051610,2026-05-19 10:17:05.329859,0 days 00:00:00.278249,96,1.213435267453324,1.4950161235927295,0.0067622762083445875,5,0.710670286161216,3000,PRUNED
552,7.70581464166753e-05,2026-05-19 10:17:05.336395,2026-05-19 10:17:05.776945,0 days 00:00:00.440550,112,1.4441175957305654,1.0722499470820903,0.005104473238657119,5,0.8206827946886398,4000,PRUNED
553,0.0011166336480528116,2026-05-19 10:17:05.783463,2026-05-19 10:17:06.018769,0 days 00:00:00.235306,96,1.1121407091287907,0.4822501865870515,0.0036324017773403856,5,0.7421549187466591,4000,PRUNED
554,0.000570639269426465,2026-05-19 10:17:06.025589,2026-05-19 10:17:06.272227,0 days 00:00:00.246638,96,1.6559684247752908,2.229627230453896,0.007956278472980404,5,0.7215975050179367,5000,PRUNED
555,0.0012585616204887629,2026-05-19 10:17:06.279694,2026-05-19 10:17:06.541923,0 days 00:00:00.262229,96,2.035353378514311,0.6886501895509594,0.00474959601327712,5,0.697485101545202,4000,PRUNED
556,0.0009341344120912254,2026-05-19 10:17:06.548952,2026-05-19 10:17:06.794569,0 days 00:00:00.245617,96,1.3137631688009572,1.3364917982036135,0.005484960172478762,5,0.7248765658185182,4000,PRUNED
557,0.0004131961613893509,2026-05-19 10:17:06.801232,2026-05-19 10:17:07.031402,0 days 00:00:00.230170,96,1.5471778928302957,0.9367824649430693,0.004229575282661419,4,0.6675843140053213,4000,PRUNED
558,0.0005033841589465737,2026-05-19 10:17:07.039232,2026-05-19 10:17:07.312568,0 days 00:00:00.273336,32,1.8379606429047823,0.7658807146469676,0.0007872833204497625,5,0.5516545512959558,3000,PRUNED
559,0.0002313576260348782,2026-05-19 10:17:07.321520,2026-05-19 10:17:07.762303,0 days 00:00:00.440783,80,2.557957950126162,1.1323784045349101,0.00199880500273204,5,0.8514673361153869,4000,PRUNED
560,0.00039227839442901313,2026-05-19 10:17:07.770303,2026-05-19 10:17:08.039819,0 days 00:00:00.269516,96,1.0869311662495205,0.5829407803830795,0.00617603193948032,5,0.8333463658127339,4000,PRUNED
561,1.8167031157645397e-05,2026-05-19 10:17:08.048074,2026-05-19 10:17:08.538391,0 days 00:00:00.490317,96,3.245159122207266,1.685676265559965,0.0010483409615292144,5,0.5213374224142111,4000,PRUNED
562,6.208905688254163e-05,2026-05-19 10:17:08.547318,2026-05-19 10:17:08.998558,0 days 00:00:00.451240,96,6.143184768454494,0.8828038547365715,0.0009063163303881952,4,0.6803958873886446,1000,PRUNED
563,9.7520554845687e-05,2026-05-19 10:17:09.007798,2026-05-19 10:17:09.494639,0 days 00:00:00.486841,64,1.2560144515061578,1.3570574938914972,0.005107776772851219,5,0.7087196637531495,2000,PRUNED
564,0.0005739962798543274,2026-05-19 10:17:09.502898,2026-05-19 10:17:09.773525,0 days 00:00:00.270627,16,1.4028301653971085,1.0572196460485797,0.00653252048055595,5,0.7549011103603464,4000,PRUNED
565,0.00039984911563806236,2026-05-19 10:17:09.781189,2026-05-19 10:17:10.021625,0 days 00:00:00.240436,96,2.2264539042771783,0.7626373287222026,0.0044827323846588695,5,0.735845187085622,4000,PRUNED
566,0.0024369359016418457,2026-05-19 10:17:10.030196,2026-05-19 10:17:10.265942,0 days 00:00:00.235746,96,1.1738899131971299,0.0010435855196165675,0.0038839204174154662,5,0.6494967823638828,5000,PRUNED
567,0.00019510761194396764,2026-05-19 10:17:10.274817,2026-05-19 10:17:10.742959,0 days 00:00:00.468142,128,1.9175791830544333,0.349210012384609,0.0031436594733179487,5,0.6946974195971072,4000,PRUNED
568,9.261408558813855e-05,2026-05-19 10:17:10.752443,2026-05-19 10:17:11.192073,0 days 00:00:00.439630,96,1.6901478087269866,0.9597227127974437,0.0006927915071112683,5,0.7834593389859871,4000,PRUNED
569,0.00038051928277127445,2026-05-19 10:17:11.200475,2026-05-19 10:17:11.465856,0 days 00:00:00.265381,96,1.5237275744702299,0.6620291106267925,0.0057274217455900115,5,0.7172156682966674,4000,PRUNED
570,0.0005697862943634391,2026-05-19 10:17:11.474874,2026-05-19 10:17:11.710747,0 days 00:00:00.235873,96,8.224667279565239,1.21334030527964,0.008420740922296924,5,0.8078939729197228,4000,PRUNED
571,0.006339744199067354,2026-05-19 10:17:11.718685,2026-05-19 10:17:11.946013,0 days 00:00:00.227328,96,1.3230282008838041,1.966982458042735,0.007559063020604039,4,0.7065190796767425,3000,PRUNED
572,0.0017945360159501433,2026-05-19 10:17:11.953745,2026-05-19 10:17:12.191796,0 days 00:00:00.238051,112,1.0784304079459233,0.45677831374542105,0.004593761377599267,5,0.7662163296272976,3000,PRUNED
573,3.5126242437399924e-05,2026-05-19 10:17:12.199333,2026-05-19 10:17:12.608224,0 days 00:00:00.408891,96,2.396809395246896,1.5499182126656492,0.005191693049203564,5,0.7445301050330148,4000,PRUNED
574,2.6371491912868805e-05,2026-05-19 10:17:12.616120,2026-05-19 10:17:13.025718,0 days 00:00:00.409598,96,2.0929266295024838,0.8386705487461755,0.006815654667167282,5,0.8663478909938498,4000,PRUNED
575,0.00032536237267777324,2026-05-19 10:17:13.033641,2026-05-19 10:17:13.260256,0 days 00:00:00.226615,96,1.4269206669862815,0.5447436336895634,0.0034926119167608006,5,0.7297939111865189,4000,PRUNED
576,0.00036621905746869743,2026-05-19 10:17:13.268035,2026-05-19 10:17:13.493527,0 days 00:00:00.225492,112,1.1860122342498278,1.1311712702327523,0.0040572830297865405,5,0.8243942367144291,4000,PRUNED
577,0.00014370273856911808,2026-05-19 10:17:13.501476,2026-05-19 10:17:13.928874,0 days 00:00:00.427398,64,1.74567890587668,0.6935014957195647,0.005734039145226211,5,0.690883651283437,3000,PRUNED
578,0.0011009129229933023,2026-05-19 10:17:13.937037,2026-05-19 10:17:14.146843,0 days 00:00:00.209806,96,1.6147841750705794,0.03043759813413079,0.004956009859392286,4,0.7187676988045685,2000,PRUNED
579,1.6477713870699517e-05,2026-05-19 10:17:14.155398,2026-05-19 10:17:14.605258,0 days 00:00:00.449860,80,1.9695542099299996,0.9719618155777644,0.00999341094907493,5,0.7061210595358602,4000,PRUNED
580,0.0007837548619136214,2026-05-19 10:17:14.613260,2026-05-19 10:17:14.878646,0 days 00:00:00.265386,96,1.2599747544765172,1.373001150961585,0.006298098681615176,5,0.6824369992805759,5000,PRUNED
581,9.133417188422754e-05,2026-05-19 10:17:14.885855,2026-05-19 10:17:15.320843,0 days 00:00:00.434988,96,9.434102147038933,0.7800624226287384,0.0025631775352737357,4,0.7893529596979547,2000,PRUNED
582,0.0004684090963564813,2026-05-19 10:17:15.329402,2026-05-19 10:17:15.588788,0 days 00:00:00.259386,96,1.0596374579415784,1.1500363897963455,0.00439484911874157,5,0.7293566746664963,4000,PRUNED
583,0.0031207294669002295,2026-05-19 10:17:15.596002,2026-05-19 10:17:15.879713,0 days 00:00:00.283711,128,1.372697785030307,0.8637693256404207,0.007259226060434336,5,0.7474102824373305,4000,PRUNED
584,0.0044419472105801105,2026-05-19 10:17:15.886719,2026-05-19 10:17:16.046180,0 days 00:00:00.159461,80,2.744202879299094,0.6128591495888848,0.0090608492936152,2,0.7723048386665187,4000,PRUNED
585,0.0005693248240277171,2026-05-19 10:17:16.053505,2026-05-19 10:17:16.287713,0 days 00:00:00.234208,32,1.7995924919866118,1.6803850955151223,0.00542999011623115,5,0.800155997537661,4000,PRUNED
586,0.0019640782848000526,2026-05-19 10:17:16.294305,2026-05-19 10:17:16.585004,0 days 00:00:00.290699,96,1.0005217346331956,2.659947065715451,0.003682710308623284,5,0.6978997591758501,4000,PRUNED
587,0.001352675841189921,2026-05-19 10:17:16.592678,2026-05-19 10:17:16.859618,0 days 00:00:00.266940,96,2.2593557169248797,0.9704862642554448,0.004786995442081783,5,0.7178476905380579,4000,PRUNED
588,0.0007963927928358316,2026-05-19 10:17:16.866158,2026-05-19 10:17:17.116064,0 days 00:00:00.249906,96,41.091167050400536,1.3367779414371745,0.002833067614704951,5,0.737457068722339,5000,PRUNED
589,0.00012305589916650206,2026-05-19 10:17:17.122972,2026-05-19 10:17:17.615786,0 days 00:00:00.492814,96,1.5152525184703853,0.5242294121455795,0.0018635641856989058,5,0.6746095141237963,3000,PRUNED
590,0.0007584164850413799,2026-05-19 10:17:17.622502,2026-05-19 10:17:17.893215,0 days 00:00:00.270713,96,1.1774479763220456,0.7196013395316055,0.005983635661748004,5,0.8394656295310419,3000,PRUNED
591,0.001570328837260604,2026-05-19 10:17:17.899849,2026-05-19 10:17:18.152853,0 days 00:00:00.253004,96,1.2964693798562557,0.38806457093810354,0.003960284160123111,5,0.704307729735709,4000,PRUNED
592,0.0010575901251286268,2026-05-19 10:17:18.160027,2026-05-19 10:17:18.399132,0 days 00:00:00.239105,96,1.9152484113261858,1.0784636835769257,0.005336075708735631,5,0.8163498444990869,4000,PRUNED
593,0.0009181293426081538,2026-05-19 10:17:18.405782,2026-05-19 10:17:18.663267,0 days 00:00:00.257485,48,27.16465346609255,1.4920122726311051,0.003147802624445858,4,0.7570165811981073,4000,PRUNED
594,0.0006848503253422678,2026-05-19 10:17:18.669865,2026-05-19 10:17:18.904781,0 days 00:00:00.234916,96,1.5837856356774558,1.9499008701338385,0.0022782422706328596,5,0.7229433614876482,4000,PRUNED
595,0.00030537176644429564,2026-05-19 10:17:18.911437,2026-05-19 10:17:19.387910,0 days 00:00:00.476473,112,1.3944388148490359,0.8617428884365971,0.0011579265050428264,5,0.6909772649306573,2000,PRUNED
596,0.000811265897937119,2026-05-19 10:17:19.394491,2026-05-19 10:17:19.662298,0 days 00:00:00.267807,96,2.0802948484605674,1.2048135700461593,0.008010003886831527,6,0.6577668945416685,4000,PRUNED
597,0.001121699926443398,2026-05-19 10:17:19.669365,2026-05-19 10:17:19.912940,0 days 00:00:00.243575,96,1.134015496187128,0.6118711976079031,0.004389894073932424,5,0.7098858512752918,4000,PRUNED
598,4.5676824811380357e-05,2026-05-19 10:17:19.919766,2026-05-19 10:17:20.301479,0 days 00:00:00.381713,80,2.501613887226017,0.7955112964050819,0.006896747061340935,4,0.7789727849491447,3000,PRUNED
599,0.0006830471684224904,2026-05-19 10:17:20.308513,2026-05-19 10:17:20.581994,0 days 00:00:00.273481,16,1.740414325635014,0.9674354778548593,0.004932654525417844,5,0.5817562454924484,5000,PRUNED
600,0.0010463789803907275,2026-05-19 10:17:20.589265,2026-05-19 10:17:20.869223,0 days 00:00:00.279958,96,1.4827679208767777,1.3429460295070315,0.0034087512133656353,5,0.7305607242219808,4000,PRUNED
601,0.00036180237657390535,2026-05-19 10:17:20.876714,2026-05-19 10:17:21.131712,0 days 00:00:00.254998,96,4.490261183303977,0.6841739733100012,0.005754494298890571,5,0.7961441541445418,2000,PRUNED
602,0.0005669572856277227,2026-05-19 10:17:21.138877,2026-05-19 10:17:21.381974,0 days 00:00:00.243097,128,1.2198491003168739,0.44747395553484803,0.006407439599867463,5,0.8283047319377148,4000,PRUNED
603,1.6918407709454186e-05,2026-05-19 10:17:21.388942,2026-05-19 10:17:21.822762,0 days 00:00:00.433820,96,2.2345967811367236,1.030937390620247,0.0009625803310144003,5,0.6975855494041647,4000,PRUNED
604,0.0034146022517234087,2026-05-19 10:17:21.829731,2026-05-19 10:17:22.072817,0 days 00:00:00.243086,96,1.6698019308209409,0.003367398649225288,0.004129771537279459,5,0.355618311569518,4000,PRUNED
605,1.4062959962757304e-05,2026-05-19 10:17:22.079224,2026-05-19 10:17:22.535155,0 days 00:00:00.455931,96,2.9168161033152527,1.6327678040732894,0.009133830176339206,5,0.7386188941524789,3000,PRUNED
606,0.0005051239277236164,2026-05-19 10:17:22.542037,2026-05-19 10:17:22.828064,0 days 00:00:00.286027,96,1.0724752167631055,0.8129957038603695,0.004723897668336133,5,0.7139650405685766,4000,PRUNED
607,0.0006173123838379979,2026-05-19 10:17:22.835814,2026-05-19 10:17:23.073870,0 days 00:00:00.238056,96,1.2968486532827823,1.1265640467226319,0.007303072353527432,5,0.6243472083299884,4000,PRUNED
608,0.0003670770092867315,2026-05-19 10:17:23.082334,2026-05-19 10:17:23.310637,0 days 00:00:00.228303,80,1.8722951852806702,0.03981445848676651,0.005315389797815235,4,0.7494189810000718,4000,PRUNED
609,0.0011970829218626022,2026-05-19 10:17:23.318552,2026-05-19 10:17:23.564357,0 days 00:00:00.245805,96,1.434807053714423,0.5888967862826011,0.0036316385504318004,5,0.5036741553276679,2000,PRUNED
610,0.0012256486807018518,2026-05-19 10:17:23.573839,2026-05-19 10:17:23.817782,0 days 00:00:00.243943,96,1.14211054209544,0.8895500744050584,0.006378150077119978,5,0.8079152726538218,5000,PRUNED
611,0.003738658968359232,2026-05-19 10:17:23.825939,2026-05-19 10:17:24.056692,0 days 00:00:00.230753,112,1.00160921722454,1.2307247087160602,0.008327239439162122,5,0.6829335326682322,4000,PRUNED
612,0.0004363255575299263,2026-05-19 10:17:24.066584,2026-05-19 10:17:24.303966,0 days 00:00:00.237382,96,2.1705252539424,2.1629940946786474,0.004439135699643246,5,0.8515022770419413,4000,PRUNED
613,0.0006788879982195795,2026-05-19 10:17:24.311795,2026-05-19 10:17:24.532291,0 days 00:00:00.220496,64,1.5843776797018128,0.723713134958892,0.005020643720919952,4,0.7663038233690893,4000,PRUNED
614,0.0007170289754867554,2026-05-19 10:17:24.539261,2026-05-19 10:17:24.786912,0 days 00:00:00.247651,128,1.3219584620363072,0.9701943014041584,0.005774209108764836,5,0.665592038755476,1000,PRUNED
615,0.0011704048374667764,2026-05-19 10:17:24.793426,2026-05-19 10:17:25.062311,0 days 00:00:00.268885,96,16.83896385565422,0.515251673991568,0.0016273654732091123,5,0.7237422435129321,4000,PRUNED
616,0.00013238954124972224,2026-05-19 10:17:25.069539,2026-05-19 10:17:25.538418,0 days 00:00:00.468879,96,1.944385834007522,1.443979803528623,0.0008394270239834806,5,0.699828724362225,4000,PRUNED
617,0.0001402041525579989,2026-05-19 10:17:25.546708,2026-05-19 10:17:25.988401,0 days 00:00:00.441693,96,2.530738516183528,0.2831360269783344,0.0013149258680803051,5,0.786615991211444,4000,PRUNED
618,0.0004995226627215743,2026-05-19 10:17:25.996145,2026-05-19 10:17:26.270036,0 days 00:00:00.273891,96,1.4509053974205848,1.678836748354955,0.003980137951497222,5,0.709390061217984,3000,PRUNED
619,0.0005088997422717512,2026-05-19 10:17:26.278770,2026-05-19 10:17:26.530433,0 days 00:00:00.251663,48,1.1693734322410934,0.6867369876862255,0.002669237896797721,5,0.6897718047343957,4000,PRUNED
620,0.0011414566542953253,2026-05-19 10:17:26.537769,2026-05-19 10:17:26.793598,0 days 00:00:00.255829,96,1.743145144792775,1.0527912810794948,0.005571392340871575,5,0.7350024571278926,4000,PRUNED
621,1.155941504293878e-06,2026-05-19 10:17:26.800662,2026-05-19 10:17:31.524777,0 days 00:00:04.724115,96,2.3616671170465415,0.7886590025278282,0.004759290864049034,5,0.8128925330172041,3000,COMPLETE
622,2.4969966034404933e-05,2026-05-19 10:17:31.537962,2026-05-19 10:17:32.001873,0 days 00:00:00.463911,96,2.4034018829868637,0.8325464366018843,0.004539043630365821,5,0.809266107635607,3000,PRUNED
623,0.0016363238682970405,2026-05-19 10:17:32.009939,2026-05-19 10:17:32.275786,0 days 00:00:00.265847,96,2.657112754040017,0.5412975820649448,0.004269216265298281,5,0.7987601886489438,3000,PRUNED
624,0.00040724145947024226,2026-05-19 10:17:32.282102,2026-05-19 10:17:32.526081,0 days 00:00:00.243979,96,3.0438605200964943,1.1735890878849755,0.00045322234412880106,5,0.8228856162813043,3000,PRUNED
625,0.0003181725915055722,2026-05-19 10:17:32.532822,2026-05-19 10:17:32.792048,0 days 00:00:00.259226,96,2.292171495303964,0.6400869403305,0.005077297479299439,5,0.8305769286812814,3000,PRUNED
626,0.001124196918681264,2026-05-19 10:17:32.798978,2026-05-19 10:17:33.080928,0 days 00:00:00.281950,96,2.0827150432402175,0.7980245809325734,0.004801250972411136,5,0.8195372992741127,3000,PRUNED
627,1.7476493667345494e-05,2026-05-19 10:17:33.087641,2026-05-19 10:17:33.565357,0 days 00:00:00.477716,96,2.371800576761209,1.4309531251948489,0.0038446448604007055,5,0.8099329534547133,3000,PRUNED
628,2.1389809262473136e-05,2026-05-19 10:17:33.572966,2026-05-19 10:17:34.073910,0 days 00:00:00.500944,96,2.6682444409019856,1.8846193348597142,0.004667463515662587,5,0.46943797226304007,3000,PRUNED
629,0.00039852497866377234,2026-05-19 10:17:34.080738,2026-05-19 10:17:34.366123,0 days 00:00:00.285385,96,2.0385703351603897,0.9648202372692407,0.006028567590420002,5,0.7957090276540948,3000,PRUNED
630,0.0024208438117057085,2026-05-19 10:17:34.373045,2026-05-19 10:17:34.640055,0 days 00:00:00.267010,96,2.0760591075395727,5.4667024944215346,0.0053126457893519765,5,0.7880552279494061,3000,PRUNED
631,0.0004287631018087268,2026-05-19 10:17:34.647901,2026-05-19 10:17:34.925074,0 days 00:00:00.277173,96,1.905219618281167,0.43128505738177475,0.004182877523307094,5,0.8372412154631722,3000,PRUNED
632,0.0007758614374324679,2026-05-19 10:17:34.933108,2026-05-19 10:17:35.205161,0 days 00:00:00.272053,96,1.569978296424725,1.2337695557042527,0.00675036247631405,5,0.8130827138276403,3000,PRUNED
633,3.955812280764803e-05,2026-05-19 10:17:35.212261,2026-05-19 10:17:35.644157,0 days 00:00:00.431896,96,2.299894436746917,0.6902176425734581,0.00480743333332222,5,0.8403168328740483,5000,PRUNED
634,6.029581345501356e-05,2026-05-19 10:17:35.651601,2026-05-19 10:17:36.127618,0 days 00:00:00.476017,96,2.8656810182284675,0.15941880396521146,0.00528464386206034,5,0.8229800668907271,3000,PRUNED
635,3.3807555155362934e-05,2026-05-19 10:17:36.134138,2026-05-19 10:17:36.630783,0 days 00:00:00.496645,80,1.7294053723734553,0.9004632358840818,0.007726612455856975,5,0.8005575086268695,3000,PRUNED
636,0.0006259257206693292,2026-05-19 10:17:36.637398,2026-05-19 10:17:36.903176,0 days 00:00:00.265778,80,2.4412919977627676,1.1005222697235288,0.00593436717414601,5,0.6781173561535349,4000,PRUNED
637,1.5832118151593022e-05,2026-05-19 10:17:36.910257,2026-05-19 10:17:37.411671,0 days 00:00:00.501414,96,7.381781802564584,0.7790462318339013,0.004457674844836558,5,0.7022242060963994,4000,PRUNED
638,0.0007810569950379431,2026-05-19 10:17:37.418591,2026-05-19 10:17:37.703395,0 days 00:00:00.284804,112,56.94554816988344,0.5830581512769556,0.0036921869141822517,5,0.32320273411511363,4000,PRUNED
639,0.0017438974464312196,2026-05-19 10:17:37.710071,2026-05-19 10:17:37.984852,0 days 00:00:00.274781,96,2.241476995393108,1.4615215265264747,0.00994683248396016,5,0.5631026502182082,3000,PRUNED
640,0.0005452700424939394,2026-05-19 10:17:37.991701,2026-05-19 10:17:38.238017,0 days 00:00:00.246316,96,1.8284808925270732,2.428103960765208,0.004182601661888515,5,0.7144791252590936,4000,PRUNED
641,0.002043682849034667,2026-05-19 10:17:38.244462,2026-05-19 10:17:38.485785,0 days 00:00:00.241323,96,5.376622166931115,0.9819622521052843,0.00856279492189048,5,0.6904175549365085,4000,PRUNED
642,0.003238079370930791,2026-05-19 10:17:38.493960,2026-05-19 10:17:38.737953,0 days 00:00:00.243993,96,1.423844818293825,0.014728168322626373,0.003340015411753659,5,0.7841185782540077,4000,PRUNED
643,0.0011654739500954747,2026-05-19 10:17:38.744817,2026-05-19 10:17:39.017281,0 days 00:00:00.272464,96,1.588319880460944,1.268956690284122,0.0063867367300429415,5,0.8133649309934244,5000,PRUNED
644,0.0018337985966354609,2026-05-19 10:17:39.024349,2026-05-19 10:17:39.298856,0 days 00:00:00.274507,96,2.0846850439088365,0.7827287356639984,0.0052896781910778574,5,0.540072070798148,4000,PRUNED
645,0.0012236268958076835,2026-05-19 10:17:39.306371,2026-05-19 10:17:39.560073,0 days 00:00:00.253702,96,1.3271598874568733,0.4889679705419819,0.0049035505707484,5,0.6446229435026222,3000,PRUNED
646,0.003326685167849064,2026-05-19 10:17:39.568994,2026-05-19 10:17:39.817397,0 days 00:00:00.248403,80,1.8366533213698686,0.008636176772059667,0.0070216637694485605,5,0.8597964200161385,4000,PRUNED
647,0.0003548870445229113,2026-05-19 10:17:39.825816,2026-05-19 10:17:40.067516,0 days 00:00:00.241700,32,1.6517419268896354,1.7807342929366787,0.00584899392828436,5,0.8313256781040781,4000,PRUNED
648,0.0003747430455405265,2026-05-19 10:17:40.076888,2026-05-19 10:17:40.317936,0 days 00:00:00.241048,96,2.572639296502623,0.6153110380635161,0.004039160484226311,5,0.6719103652940788,4000,PRUNED
649,0.000327345565892756,2026-05-19 10:17:40.325911,2026-05-19 10:17:40.570981,0 days 00:00:00.245070,112,1.5257029755243985,1.010898772481955,0.0002766733537635615,5,0.7172816786450451,4000,PRUNED
650,0.000690448097884655,2026-05-19 10:17:40.577785,2026-05-19 10:17:40.772842,0 days 00:00:00.195057,96,2.1661685372436468,1.2505168200781691,0.004555288548281909,3,0.7042310890249639,4000,PRUNED
651,0.00035371448029763997,2026-05-19 10:17:40.779240,2026-05-19 10:17:41.022194,0 days 00:00:00.242954,64,1.2593798807680008,0.8403161077058554,0.005526905172164469,5,0.6925896837020441,4000,PRUNED
652,0.0001728684437694028,2026-05-19 10:17:41.028675,2026-05-19 10:17:41.511027,0 days 00:00:00.482352,96,1.3958386545009427,0.7153481006695577,0.0037742734593624932,6,0.7758922835006957,3000,PRUNED
653,0.0009969946695491672,2026-05-19 10:17:41.518668,2026-05-19 10:17:41.761123,0 days 00:00:00.242455,96,1.9173578286358284,0.36659482524851417,0.007470733777044011,5,0.722526505889225,5000,PRUNED
654,0.0003636963665485382,2026-05-19 10:17:41.768144,2026-05-19 10:17:42.014019,0 days 00:00:00.245875,96,1.649163649502805,1.5604209310647832,0.0003579115748091447,5,0.8000105999301764,4000,PRUNED
655,0.0022585114929825068,2026-05-19 10:17:42.020906,2026-05-19 10:17:42.267992,0 days 00:00:00.247086,96,1.4267462501783887,1.056208814951045,0.009192107521299972,5,0.6847006141713384,4000,PRUNED
656,4.831345904676709e-06,2026-05-19 10:17:42.274858,2026-05-19 10:17:46.890185,0 days 00:00:04.615327,96,2.0051849820932564,0.8680334301470818,0.005053418736574157,5,0.7091888917016816,4000,COMPLETE
657,0.0016766744665801525,2026-05-19 10:17:46.905197,2026-05-19 10:17:47.151581,0 days 00:00:00.246384,112,2.33672387714747,0.6590527489479497,0.006461279011766633,5,0.8061113058383598,3000,PRUNED
658,0.0006275068735703826,2026-05-19 10:17:47.158318,2026-05-19 10:17:47.401813,0 days 00:00:00.243495,96,1.2586595082054615,1.2629410378362578,0.0056708293040639395,5,0.6972635180762229,4000,PRUNED
659,2.8493292120401748e-05,2026-05-19 10:17:47.407982,2026-05-19 10:17:47.842411,0 days 00:00:00.434429,96,1.7522882456134965,0.5452054039835202,0.004688351302266311,5,0.7256304757425441,4000,PRUNED
660,0.0004916616016998887,2026-05-19 10:17:47.849713,2026-05-19 10:17:48.130330,0 days 00:00:00.280617,96,1.4773650985018834,1.947271407940319,0.004283387198277924,5,0.8224583521592334,3000,PRUNED
661,4.176635775365867e-05,2026-05-19 10:17:48.138273,2026-05-19 10:17:48.571952,0 days 00:00:00.433679,96,2.2091502798860385,0.932015084179396,0.0031978470547569283,5,0.8496963516138111,4000,PRUNED
662,0.0002746940590441227,2026-05-19 10:17:48.578504,2026-05-19 10:17:48.845716,0 days 00:00:00.267212,80,2.607021952875095,1.121880959712121,0.003562127056204301,5,0.5260061690474582,4000,PRUNED
663,0.00385756092146039,2026-05-19 10:17:48.852618,2026-05-19 10:17:49.116634,0 days 00:00:00.264016,96,1.3288724485362848,0.7546369376304527,0.008449771242414993,5,0.6624177616791083,4000,PRUNED
664,0.0017930121393874288,2026-05-19 10:17:49.123042,2026-05-19 10:17:49.402086,0 days 00:00:00.279044,96,1.5732227339314175,1.4562886873388694,0.006012774353599485,5,0.7637346242527835,5000,PRUNED
665,0.0004535390471573919,2026-05-19 10:17:49.409645,2026-05-19 10:17:49.650446,0 days 00:00:00.240801,96,1.9247765054723724,0.4615351496903564,0.005110307547075591,5,0.7089375184187766,1000,PRUNED
666,0.0007098757778294384,2026-05-19 10:17:49.657463,2026-05-19 10:17:49.906731,0 days 00:00:00.249268,96,1.24882801777494,0.9400795073455461,0.0005273203763363736,5,0.6178065920606765,4000,PRUNED
667,0.001260789344087243,2026-05-19 10:17:49.913796,2026-05-19 10:17:50.217215,0 days 00:00:00.303419,96,1.7078745673010498,2.867801726186656,0.004442598623549478,5,0.7888719782410561,3000,PRUNED
668,0.0008903364068828523,2026-05-19 10:17:50.223652,2026-05-19 10:17:50.474750,0 days 00:00:00.251098,96,2.0973040429486005,1.6182636445389238,0.006938502284799714,5,0.6814208030290482,4000,PRUNED
669,0.0003275407652836293,2026-05-19 10:17:50.484057,2026-05-19 10:17:50.730580,0 days 00:00:00.246523,96,1.5016098344001025,0.6243649766376963,0.0039626780326240205,5,0.7332259945681374,4000,PRUNED
670,0.0004013130092062056,2026-05-19 10:17:50.738518,2026-05-19 10:17:51.175735,0 days 00:00:00.437217,64,2.4399728173902058,1.1349991878085801,0.005432934318572614,5,0.5902233307111078,3000,PRUNED
671,0.001399670960381627,2026-05-19 10:17:51.182932,2026-05-19 10:17:51.455970,0 days 00:00:00.273038,96,1.3958669619095418,0.8023037175785072,0.007865313918935562,5,0.716516730784516,4000,PRUNED
672,0.0008858194923959672,2026-05-19 10:17:51.464392,2026-05-19 10:17:51.733582,0 days 00:00:00.269190,96,1.1715655498783133,1.3358279019194077,0.004802218215655376,5,0.6353540940959221,4000,PRUNED
673,0.0005710023688152432,2026-05-19 10:17:51.743409,2026-05-19 10:17:52.004627,0 days 00:00:00.261218,32,1.829424326140229,1.0149507364561203,0.006127727384917546,5,0.6982241619568983,5000,PRUNED
674,0.0011456728680059314,2026-05-19 10:17:52.013979,2026-05-19 10:17:52.459738,0 days 00:00:00.445759,80,1.3054487586453853,0.7415444259264359,0.004211599522205074,5,0.8335466699605446,4000,PRUNED
675,0.0018625679658725858,2026-05-19 10:17:52.468652,2026-05-19 10:17:52.695419,0 days 00:00:00.226767,96,1.637758206189953,2.228929835181883,0.001042800843362888,3,0.7469884996775784,4000,PRUNED
676,0.08400276303291321,2026-05-19 10:17:52.703242,2026-05-19 10:17:52.947603,0 days 00:00:00.244361,16,2.7479842477532257,0.8901138397364999,0.00015047639084218303,5,0.42319766963316724,4000,PRUNED
677,0.0009487051283940673,2026-05-19 10:17:52.956656,2026-05-19 10:17:53.235104,0 days 00:00:00.278448,96,1.1306929139410014,0.5789333906819853,0.009014862617326983,5,0.774686234414239,3000,PRUNED
678,0.0010312009835615754,2026-05-19 10:17:53.242179,2026-05-19 10:17:53.494180,0 days 00:00:00.252001,96,2.0194864592336876,1.2600570873150225,0.006607455696751406,5,0.8060257747683552,4000,PRUNED
679,0.0005303973448462784,2026-05-19 10:17:53.501181,2026-05-19 10:17:53.766587,0 days 00:00:00.265406,96,2.2595615749254545,1.6505268961265487,0.005483819305445032,5,0.8190457862297237,4000,PRUNED
680,0.000286546943243593,2026-05-19 10:17:53.775866,2026-05-19 10:17:54.252845,0 days 00:00:00.476979,48,1.434223146031335,0.6669723058439173,0.0037470017066579876,5,0.7043243523715074,5000,PRUNED
681,0.00038187328027561307,2026-05-19 10:17:54.261280,2026-05-19 10:17:54.532578,0 days 00:00:00.271298,112,1.838363860592945,1.0392860599711584,0.00505796334311399,5,0.7265263762334305,4000,PRUNED
682,0.0005163202295079827,2026-05-19 10:17:54.541924,2026-05-19 10:17:54.811685,0 days 00:00:00.269761,80,1.2283552703705125,0.8553835846731319,0.0034289022158114036,5,0.5757939628115137,4000,PRUNED
683,0.00195520231500268,2026-05-19 10:17:54.819296,2026-05-19 10:17:55.097087,0 days 00:00:00.277791,96,1.5242970728517509,0.5150865302197951,0.007551818479873142,5,0.6909033346209158,3000,PRUNED
684,0.00027710312861017883,2026-05-19 10:17:55.104600,2026-05-19 10:17:55.376779,0 days 00:00:00.272179,96,1.0918510538863953,1.3430485030867545,0.004494978556650174,5,0.7159739537595811,4000,PRUNED
685,3.0928455089451745e-05,2026-05-19 10:17:55.383832,2026-05-19 10:17:55.861794,0 days 00:00:00.477962,96,3.409819486544869,1.0485743177143108,0.003008919697887463,5,0.6759893906706153,4000,PRUNED
686,0.0006757089286111295,2026-05-19 10:17:55.868736,2026-05-19 10:17:56.111802,0 days 00:00:00.243066,96,2.4515333773282975,1.8724775321761622,0.006083358888442611,5,0.7925036023499283,3000,PRUNED
687,9.568260793457739e-06,2026-05-19 10:17:56.119184,2026-05-19 10:18:00.882645,0 days 00:00:04.763461,112,2.140492800340264,0.09757863902851201,0.004808928514460076,5,0.7408456106165021,4000,COMPLETE
688,0.0002079675905406475,2026-05-19 10:18:00.893752,2026-05-19 10:18:01.331193,0 days 00:00:00.437441,96,1.3665103809513772,0.20515302716834388,0.0038998273158496605,5,0.7537504938586331,4000,PRUNED
689,1.3957494047645014e-05,2026-05-19 10:18:01.338907,2026-05-19 10:18:01.792932,0 days 00:00:00.454025,96,1.654452789214519,0.7186844315192887,0.005525239368621831,5,0.7038798332789015,4000,PRUNED
690,0.0005495774676091969,2026-05-19 10:18:01.800172,2026-05-19 10:18:02.057509,0 days 00:00:00.257337,96,1.2088353530626892,0.8599938328200503,0.006834955072166505,5,0.8408323824032206,4000,PRUNED
691,0.0018462834414094687,2026-05-19 10:18:02.065121,2026-05-19 10:18:02.333352,0 days 00:00:00.268231,96,1.9991184453808684,0.4267781379580159,0.004343892154240355,5,0.7197810334864153,5000,PRUNED
692,0.0004949434660375118,2026-05-19 10:18:02.340942,2026-05-19 10:18:02.625954,0 days 00:00:00.285012,96,1.723667158366473,1.5540022263808664,0.009225757960563427,6,0.6885304803385752,3000,PRUNED
693,2.8779661533917533e-06,2026-05-19 10:18:02.632423,2026-05-19 10:18:06.879493,0 days 00:00:04.247070,96,1.4944776886842874,1.1906581013516977,0.004954634806835558,5,0.732342600639787,4000,COMPLETE
694,0.0005839099758304656,2026-05-19 10:18:06.889515,2026-05-19 10:18:07.328671,0 days 00:00:00.439156,96,14.50410592116229,0.6237253029216727,0.005994035219438829,5,0.7625628112496806,4000,PRUNED
695,0.0023044857662171125,2026-05-19 10:18:07.336509,2026-05-19 10:18:07.580453,0 days 00:00:00.243944,96,1.3254114543043818,0.9598538218056784,0.009903616090883853,5,0.8163413785461642,4000,PRUNED
696,0.0002894900680985302,2026-05-19 10:18:07.587160,2026-05-19 10:18:07.829743,0 days 00:00:00.242583,80,2.279296876950913,0.7541174471160124,0.0006179928076709374,5,0.6685070039207601,4000,PRUNED
697,0.0011390335857868195,2026-05-19 10:18:07.836389,2026-05-19 10:18:08.077966,0 days 00:00:00.241577,96,2.956626804327961,1.1299231865175516,0.005350457175405004,5,0.7000287288360997,4000,PRUNED
698,0.0007302393787540495,2026-05-19 10:18:08.086210,2026-05-19 10:18:08.335098,0 days 00:00:00.248888,96,1.0682123897956144,1.321436000107735,0.007144205503622237,5,0.7852495224446951,3000,PRUNED
699,1.8729662770056166e-05,2026-05-19 10:18:08.342802,2026-05-19 10:18:08.775271,0 days 00:00:00.432469,64,1.909023557175435,0.5137559722037185,0.003954160861435882,5,0.7124547035019858,4000,PRUNED
700,4.0959218949865317e-07,2026-05-19 10:18:08.783395,2026-05-19 10:18:13.014239,0 days 00:00:04.230844,96,1.5981848012685616,0.9128118228930965,0.004622652822791769,5,0.8013914097985748,3000,COMPLETE
701,0.0004389712121337652,2026-05-19 10:18:13.027398,2026-05-19 10:18:13.278705,0 days 00:00:00.251307,96,1.7925957556635357,0.6581731701158675,0.006167321211961456,5,0.7854184437856663,3000,PRUNED
702,0.0015410748310387135,2026-05-19 10:18:13.285921,2026-05-19 10:18:13.544988,0 days 00:00:00.259067,96,2.10478401281613,0.82985606854725,0.008023974769646475,5,0.7802789480982304,3000,PRUNED
703,0.0002900744730141014,2026-05-19 10:18:13.552231,2026-05-19 10:18:13.796699,0 days 00:00:00.244468,96,2.531622204102707,0.760477642737901,0.0034797008359606627,5,0.7696983845729691,3000,PRUNED
704,1.4237874893296976e-05,2026-05-19 10:18:13.803261,2026-05-19 10:18:14.254459,0 days 00:00:00.451198,96,1.6202355208489987,0.9330974091598254,0.004608024769990826,5,0.7919714685659671,3000,PRUNED
705,6.513478001579642e-05,2026-05-19 10:18:14.261028,2026-05-19 10:18:14.690709,0 days 00:00:00.429681,96,1.1837535841159923,0.6791266519144432,0.0008970048505947203,5,0.8095586883559657,3000,PRUNED
706,5.3373933042166755e-05,2026-05-19 10:18:14.697841,2026-05-19 10:18:15.163249,0 days 00:00:00.465408,112,1.0017385000533996,0.5839450932861497,0.005083138813257045,5,0.8011320549879405,3000,PRUNED
707,0.0004644286527764052,2026-05-19 10:18:15.170063,2026-05-19 10:18:15.420988,0 days 00:00:00.250925,96,1.9733988662084039,0.8942206468228358,0.005688384599617516,5,0.7281312217438354,3000,PRUNED
708,4.449960033525713e-05,2026-05-19 10:18:15.427953,2026-05-19 10:18:15.936652,0 days 00:00:00.508699,96,1.7659917553419078,0.33662493121568227,0.006576949416308175,5,0.6542456977994401,3000,PRUNED
709,1.9761957901209826e-06,2026-05-19 10:18:15.942965,2026-05-19 10:18:20.944269,0 days 00:00:05.001304,96,1.3607301392889304,1.059041795853693,0.004426301482803368,5,0.744843856986986,3000,COMPLETE
710,0.00040750697371549904,2026-05-19 10:18:20.959777,2026-05-19 10:18:21.258136,0 days 00:00:00.298359,80,1.3751408163445449,0.7733193837216453,0.0007548726178345712,5,0.7472180796665276,3000,PRUNED
711,0.0005931576597504318,2026-05-19 10:18:21.265190,2026-05-19 10:18:21.513121,0 days 00:00:00.247931,96,1.2626487894342453,0.49311987351842484,0.004139605476024594,5,0.7709675026034404,3000,PRUNED
712,4.6775567170698196e-05,2026-05-19 10:18:21.519843,2026-05-19 10:18:22.023721,0 days 00:00:00.503878,96,1.4362462253494166,1.048822093953359,0.0029581431059410674,5,0.7578052397423782,3000,PRUNED
713,0.001420724904164672,2026-05-19 10:18:22.030324,2026-05-19 10:18:22.312442,0 days 00:00:00.282118,112,32.13647648311212,0.6765027527358286,0.008629800120329816,5,0.7943127021025698,3000,PRUNED
714,0.0005130837089382112,2026-05-19 10:18:22.319513,2026-05-19 10:18:22.579702,0 days 00:00:00.260189,96,1.3449485303399036,0.9145951448075551,0.0037084283685871007,5,0.745175928522249,3000,PRUNED
715,0.000900834973435849,2026-05-19 10:18:22.586852,2026-05-19 10:18:22.863222,0 days 00:00:00.276370,96,1.1510268483906076,0.5649643632027959,0.004242224824455932,5,0.7744237313741931,3000,PRUNED
716,3.8552472688024864e-05,2026-05-19 10:18:22.870425,2026-05-19 10:18:23.387078,0 days 00:00:00.516653,96,1.5467466492341713,1.061367917489346,0.007446271673604096,5,0.7442352836350715,3000,PRUNED
717,0.0003136409795843065,2026-05-19 10:18:23.394714,2026-05-19 10:18:23.683662,0 days 00:00:00.288948,48,1.2578072836558685,0.7871626025130274,0.0032404889717522496,5,0.5521105256664482,3000,PRUNED
718,0.0003648917190730572,2026-05-19 10:18:23.690765,2026-05-19 10:18:23.974771,0 days 00:00:00.284006,96,1.0910985777156545,1.3344529201376951,0.0047228396705828735,5,0.7352906042025354,3000,PRUNED
719,0.0004427034582477063,2026-05-19 10:18:23.981972,2026-05-19 10:18:24.262474,0 days 00:00:00.280502,80,1.472620416277415,0.9314674441969302,0.005288861140941927,5,0.753780863608575,3000,PRUNED
720,0.0014686944196000695,2026-05-19 10:18:24.269120,2026-05-19 10:18:24.533130,0 days 00:00:00.264010,96,1.2971393892944145,0.394576164720944,0.006428006855226701,5,0.6088764899500958,3000,PRUNED
721,0.0003395100648049265,2026-05-19 10:18:24.539951,2026-05-19 10:18:24.793511,0 days 00:00:00.253560,96,1.6082903547782077,0.6337505160112378,0.005874680457919814,5,0.8004604796231591,3000,PRUNED
722,0.0011133007938042283,2026-05-19 10:18:24.800739,2026-05-19 10:18:25.058275,0 days 00:00:00.257536,96,1.4262217999985092,2.2434851857242837,0.004069037322978595,5,0.7362413523996282,3000,PRUNED
723,0.0007516244659200311,2026-05-19 10:18:25.065157,2026-05-19 10:18:25.328730,0 days 00:00:00.263573,96,1.1639700943498836,1.5075549493878688,0.004916270230599944,5,0.7617666474009035,3000,PRUNED
724,0.004118187353014946,2026-05-19 10:18:25.335873,2026-05-19 10:18:25.593954,0 days 00:00:00.258081,96,1.3189121533709272,0.7820708632267833,0.009995821740907835,5,0.7784911972235015,3000,PRUNED
725,1.388000964652747e-05,2026-05-19 10:18:25.601774,2026-05-19 10:18:26.097219,0 days 00:00:00.495445,96,1.6477414287420367,1.139192943559572,0.008194151323834858,5,0.678658604961845,3000,PRUNED
726,0.0010356818092986941,2026-05-19 10:18:26.105623,2026-05-19 10:18:26.379235,0 days 00:00:00.273612,80,1.5401309778777945,0.26522123589102087,0.0035725352760605173,5,0.7251284123687909,3000,PRUNED
727,3.956654472858645e-05,2026-05-19 10:18:26.386693,2026-05-19 10:18:26.889564,0 days 00:00:00.502871,96,10.577240291036691,0.9362634189770701,0.004384093167878784,5,0.7556039665497836,3000,PRUNED
728,0.0014895718777552247,2026-05-19 10:18:26.896701,2026-05-19 10:18:27.154766,0 days 00:00:00.258065,96,1.0916373225536475,1.856973350967131,0.0011520089403021549,5,0.8057999397818747,3000,PRUNED
729,4.236332642904017e-06,2026-05-19 10:18:27.163816,2026-05-19 10:18:32.024071,0 days 00:00:04.860255,96,1.4402486588676204,0.46844941462780526,0.005564174542783651,5,0.7100569125601107,3000,COMPLETE
730,2.179684270231519e-05,2026-05-19 10:18:32.038086,2026-05-19 10:18:32.526318,0 days 00:00:00.488232,96,1.2670442650459866,1.1175617165547214,0.004607286484258278,5,0.6923261427350499,3000,PRUNED
731,6.605569797102362e-05,2026-05-19 10:18:32.535241,2026-05-19 10:18:33.044343,0 days 00:00:00.509102,112,1.1884286284013597,0.7100271715677455,0.0009700356756475276,5,0.7393809011461657,3000,PRUNED
732,0.0003051087842322886,2026-05-19 10:18:33.053078,2026-05-19 10:18:33.331137,0 days 00:00:00.278059,96,1.3377102697874632,0.55517980105813,0.0004018706273836016,5,0.7966342566551857,3000,PRUNED
733,2.850011696864385e-05,2026-05-19 10:18:33.339572,2026-05-19 10:18:33.851722,0 days 00:00:00.512150,64,1.5517367152498835,1.4364045076768321,0.006814629969869685,5,0.719584533365483,3000,PRUNED
734,0.0007193703204393387,2026-05-19 10:18:33.861345,2026-05-19 10:18:34.069201,0 days 00:00:00.207856,96,1.00144294061192,0.8019617707182479,0.003922657576452863,4,0.7611214843174743,3000,PRUNED
735,0.00035363039933145046,2026-05-19 10:18:34.076848,2026-05-19 10:18:34.327672,0 days 00:00:00.250824,96,1.6881768771816221,1.1985947118234188,0.005057290277576203,5,0.7803090756165247,3000,PRUNED
736,0.0005007516010664403,2026-05-19 10:18:34.334874,2026-05-19 10:18:34.626389,0 days 00:00:00.291515,16,1.2060366153991415,0.9301531317915399,0.0032893085276720856,5,0.7064501154284104,3000,PRUNED
737,1.4429806469706818e-05,2026-05-19 10:18:34.635599,2026-05-19 10:18:35.108043,0 days 00:00:00.472444,96,1.3683852658375175,0.630504642644142,0.005762586807750053,5,0.6854648769479736,3000,PRUNED
738,0.0010388653026893735,2026-05-19 10:18:35.116116,2026-05-19 10:18:35.412269,0 days 00:00:00.296153,80,1.8277802835219532,1.6528815284333922,0.007159982150206846,6,0.7259682841307583,5000,PRUNED
739,0.0019818649161607027,2026-05-19 10:18:35.419960,2026-05-19 10:18:35.921140,0 days 00:00:00.501180,48,1.4952386443985766,1.0248836452174326,0.004281995935897487,5,0.7002143309532715,3000,PRUNED
740,0.0028886976651847363,2026-05-19 10:18:35.930482,2026-05-19 10:18:36.105725,0 days 00:00:00.175243,96,1.0978702794503055,0.8312420401525402,0.0053060049397417,2,0.818542145241083,3000,PRUNED
741,0.0009528009104542434,2026-05-19 10:18:36.113976,2026-05-19 10:18:36.360938,0 days 00:00:00.246962,96,1.6977182337395673,1.2956551878059803,0.0064017112748632424,5,0.8787590879600036,3000,PRUNED
742,0.005541974678635597,2026-05-19 10:18:36.369125,2026-05-19 10:18:36.625204,0 days 00:00:00.256079,96,1.4069709689427312,0.6923362339333744,0.009267693875405528,5,0.7421197322798596,3000,PRUNED
743,0.0003223435487598181,2026-05-19 10:18:36.633125,2026-05-19 10:18:36.870450,0 days 00:00:00.237325,96,1.2303910563346807,1.0519027523141669,0.0039008639866923837,5,0.7144395946459486,5000,PRUNED
744,0.00017068769375327975,2026-05-19 10:18:36.876973,2026-05-19 10:18:37.302514,0 days 00:00:00.425541,32,1.0808811002253758,0.5343267943474579,0.004760644861565599,5,0.7880636454819333,3000,PRUNED
745,0.000556820014026016,2026-05-19 10:18:37.309575,2026-05-19 10:18:37.560927,0 days 00:00:00.251352,96,1.527455751542605,0.8723843633116778,0.007891965969345948,5,0.7344858610817376,3000,PRUNED
746,0.0006038869032636285,2026-05-19 10:18:37.567746,2026-05-19 10:18:37.801537,0 days 00:00:00.233791,96,1.8970479254110928,1.444368052720997,0.003653135876542007,4,0.6715680794223944,5000,PRUNED
747,2.7889587727258913e-05,2026-05-19 10:18:37.808875,2026-05-19 10:18:38.287533,0 days 00:00:00.478658,112,1.2686684096365302,0.7048812568438924,0.00607605153514194,5,0.5107093935944472,3000,PRUNED
748,0.0020860403310507536,2026-05-19 10:18:38.293826,2026-05-19 10:18:38.552644,0 days 00:00:00.258818,64,1.6242112817792873,0.022775989697984108,0.004453135925827771,5,0.7667852063310601,3000,PRUNED
749,0.0013881754130125046,2026-05-19 10:18:38.559942,2026-05-19 10:18:38.818512,0 days 00:00:00.258570,96,1.1563946628464283,2.0443734657693864,0.005422905343916706,5,0.8073331289124085,3000,PRUNED
750,2.0359807422209997e-06,2026-05-19 10:18:38.826557,2026-05-19 10:18:43.275056,0 days 00:00:04.448499,96,1.3762658394048035,1.0867022313260313,0.008650838819975344,5,0.6933467870202481,3000,COMPLETE
751,1.5105239071999677e-05,2026-05-19 10:18:43.285846,2026-05-19 10:18:43.694671,0 days 00:00:00.408825,96,2.2605233896494115,0.8686996011840219,0.002825735913787152,4,0.7247891993101004,3000,PRUNED
752,0.0005367412231862545,2026-05-19 10:18:43.701886,2026-05-19 10:18:43.944478,0 days 00:00:00.242592,96,1.773747341274652,0.6207016412002783,0.004909375304681527,5,0.7059829329345194,5000,PRUNED
753,0.00038091084570623934,2026-05-19 10:18:43.951069,2026-05-19 10:18:44.212438,0 days 00:00:00.261369,96,2.7662502189171247,1.1575046372628601,0.007178800666825386,5,0.8274814815718738,4000,PRUNED
754,0.0005348591948859394,2026-05-19 10:18:44.220369,2026-05-19 10:18:44.473352,0 days 00:00:00.252983,96,1.0000679652629825,1.7176591188641495,0.00576689159177674,5,0.7921912359502187,3000,PRUNED
755,2.1268928321660496e-05,2026-05-19 10:18:44.480380,2026-05-19 10:18:44.949702,0 days 00:00:00.469322,96,1.5011227547041062,0.4460917568741227,0.004090690885792449,5,0.680247896472945,4000,PRUNED
756,0.0013841852778568864,2026-05-19 10:18:44.956991,2026-05-19 10:18:45.212644,0 days 00:00:00.255653,80,2.0110034770613496,0.06741063595251154,0.006406399625866645,5,0.7510802047983814,4000,PRUNED
757,0.0003543849161360413,2026-05-19 10:18:45.219322,2026-05-19 10:18:45.504706,0 days 00:00:00.285384,96,1.240227049289184,0.7713644852766264,0.0034776857027341707,5,0.7196135350463498,5000,PRUNED
758,2.864410271286033e-05,2026-05-19 10:18:45.512169,2026-05-19 10:18:46.031310,0 days 00:00:00.519141,96,2.417392499368117,1.3764285597938184,0.005146661988407222,5,0.7720681742646536,4000,PRUNED
759,0.0004937894991599023,2026-05-19 10:18:46.038942,2026-05-19 10:18:46.284133,0 days 00:00:00.245191,96,1.352289906228307,0.965570654327492,0.004469407580137229,4,0.8145115512579117,3000,PRUNED
760,0.002564111491665244,2026-05-19 10:18:46.291935,2026-05-19 10:18:46.536629,0 days 00:00:00.244694,96,1.1210590256809922,0.0016220489971147916,0.0031557044107192213,5,0.6595909590512485,4000,PRUNED
761,0.003110581310465932,2026-05-19 10:18:46.543271,2026-05-19 10:18:46.815148,0 days 00:00:00.271877,96,1.6660068346679922,7.9018431638712485,0.001089256743880143,5,0.7328880777743859,4000,PRUNED
762,6.072065298212692e-05,2026-05-19 10:18:46.821729,2026-05-19 10:18:47.334551,0 days 00:00:00.512822,112,6.74864135867682,0.5395333372691539,0.0054903455404416235,5,0.6944942919547777,1000,PRUNED
763,0.0011316726449877024,2026-05-19 10:18:47.341508,2026-05-19 10:18:47.614648,0 days 00:00:00.273140,96,2.1074583347927884,1.2874241947643783,0.006628668757240692,5,0.7108301544924488,3000,PRUNED
764,0.0011374920140951872,2026-05-19 10:18:47.621620,2026-05-19 10:18:47.902696,0 days 00:00:00.281076,96,1.5271508468784574,0.741385847898186,0.004648846927947741,5,0.8040347909740175,4000,PRUNED
765,0.00029216284747235477,2026-05-19 10:18:47.910844,2026-05-19 10:18:48.187278,0 days 00:00:00.276434,96,1.8963287089677088,0.9537743473970071,0.003901472022667062,5,0.7483403416373571,4000,PRUNED
766,0.004576804582029581,2026-05-19 10:18:48.195442,2026-05-19 10:18:48.452965,0 days 00:00:00.257523,96,1.3795125223870055,3.314784983573088,0.008315535720913599,5,0.5974680599581006,3000,PRUNED
767,0.0013757733395323157,2026-05-19 10:18:48.461730,2026-05-19 10:18:48.728280,0 days 00:00:00.266550,96,3.1187869831680013,0.6267359018525683,0.006015172255726897,5,0.786564266199389,4000,PRUNED
768,0.004885401111096144,2026-05-19 10:18:48.737186,2026-05-19 10:18:49.003102,0 days 00:00:00.265916,80,1.2270114045699463,2.4956304176677686,0.009990183215373332,5,0.7037722021489022,4000,PRUNED
769,6.145113002276048e-05,2026-05-19 10:18:49.011191,2026-05-19 10:18:49.441977,0 days 00:00:00.430786,96,1.8041506751864889,1.174896538376321,0.005066204455964784,5,0.6443041181234317,3000,PRUNED
770,0.000643968116492033,2026-05-19 10:18:49.449909,2026-05-19 10:18:49.735272,0 days 00:00:00.285363,96,1.0833950806243682,0.3771870965351051,0.0073071219667221335,5,0.6858857803281045,5000,PRUNED
771,0.0005434707272797823,2026-05-19 10:18:49.743311,2026-05-19 10:18:49.964336,0 days 00:00:00.221025,96,1.4411284316963362,1.5994124919612625,0.0044522422583923235,4,0.7288553641349945,4000,PRUNED
772,0.00030390985193662345,2026-05-19 10:18:49.971000,2026-05-19 10:18:50.241443,0 days 00:00:00.270443,96,1.5992334300435296,0.8008463281595383,0.004105089280644658,5,0.714964453720145,4000,PRUNED
773,0.0009061178425326943,2026-05-19 10:18:50.248250,2026-05-19 10:18:50.514521,0 days 00:00:00.266271,96,2.3432793814437356,0.9948889749605576,0.0012441270965877682,5,0.7593963426369857,3000,PRUNED
774,0.02897760085761547,2026-05-19 10:18:50.521202,2026-05-19 10:18:50.804533,0 days 00:00:00.283331,64,80.74569689154025,0.8599741090368165,0.00023183532831042757,5,0.8268223729592327,4000,PRUNED
775,0.0016137175261974335,2026-05-19 10:18:50.811216,2026-05-19 10:18:51.093150,0 days 00:00:00.281934,112,1.2563997968105043,1.2045618398287425,0.009064167364666491,5,0.7729214527919486,3000,PRUNED
776,0.0003462583408690989,2026-05-19 10:18:51.099977,2026-05-19 10:18:51.353688,0 days 00:00:00.253711,96,2.145198673959422,0.6707273196857381,0.005659200796858344,5,0.6972965428337529,4000,PRUNED
777,0.0006287580472417176,2026-05-19 10:18:51.360886,2026-05-19 10:18:51.647337,0 days 00:00:00.286451,80,2.5958664787453256,0.5488716359123621,0.004903395717615882,5,0.7217303192747528,4000,PRUNED
778,0.023998834192752838,2026-05-19 10:18:51.653886,2026-05-19 10:18:51.904534,0 days 00:00:00.250648,32,1.1706005191621067,1.9559938372558094,0.0008345732301211871,4,0.7996936425908988,4000,PRUNED
779,4.914067903882824e-05,2026-05-19 10:18:51.911448,2026-05-19 10:18:52.387019,0 days 00:00:00.475571,96,1.7496386183645223,1.0150529244634774,0.0035943327381654506,5,0.7411909805127149,4000,PRUNED
780,0.000738027214538306,2026-05-19 10:18:52.394703,2026-05-19 10:18:52.685399,0 days 00:00:00.290696,96,1.4509274006053345,1.4619979292539675,0.006101755072090571,5,0.5690229491263341,3000,PRUNED
781,1.9094901290372945e-05,2026-05-19 10:18:52.693197,2026-05-19 10:18:53.141787,0 days 00:00:00.448590,96,1.9765358706414708,0.7698981718327299,0.005456819874118781,5,0.81379454357729,4000,PRUNED
782,0.0004238227556925267,2026-05-19 10:18:53.148546,2026-05-19 10:18:53.411310,0 days 00:00:00.262764,96,1.3222480819922933,1.2096421887050197,0.007578692465065413,5,0.6702238067137642,5000,PRUNED
783,0.0006308668525889516,2026-05-19 10:18:53.419174,2026-05-19 10:18:53.702882,0 days 00:00:00.283708,112,1.065940740315656,0.8429119445898839,0.00665838589907733,5,0.6866397446051777,4000,PRUNED
784,1.944034011103213e-05,2026-05-19 10:18:53.709848,2026-05-19 10:18:54.220451,0 days 00:00:00.510603,96,1.6053813552120602,0.6142485151874609,0.004460930913724023,5,0.5412148468358846,3000,PRUNED
785,0.00027881539426743984,2026-05-19 10:18:54.227564,2026-05-19 10:18:54.742672,0 days 00:00:00.515108,96,1.3199690900530023,0.4767243214041655,0.00249547991317748,5,0.8472787642027797,4000,PRUNED
786,0.00032327277585864067,2026-05-19 10:18:54.749232,2026-05-19 10:18:55.017382,0 days 00:00:00.268150,96,1.1791751627095033,1.0154929747277435,0.0051556354002871,5,0.7029045365889275,3000,PRUNED
787,6.427941843867302e-05,2026-05-19 10:18:55.024816,2026-05-19 10:18:55.510910,0 days 00:00:00.486094,96,11.744947513590528,1.693617409072442,0.0038079287263514403,5,0.7816120532710695,4000,PRUNED
788,0.00040658077341504395,2026-05-19 10:18:55.518303,2026-05-19 10:18:55.748346,0 days 00:00:00.230043,96,2.2549512889882917,0.6940235811247887,0.0033558000511655253,4,0.7328880256984658,4000,PRUNED
789,0.00037828972563147545,2026-05-19 10:18:55.755077,2026-05-19 10:18:56.010290,0 days 00:00:00.255213,48,1.855657656754363,1.3393546844490518,0.004314995751686014,5,0.718752048726946,4000,PRUNED
790,0.0006039459258317947,2026-05-19 10:18:56.016933,2026-05-19 10:18:56.299331,0 days 00:00:00.282398,80,1.50601496116315,0.8811900371845006,0.0029956162868308243,5,0.7419478847547184,3000,PRUNED
791,3.4632997994776815e-05,2026-05-19 10:18:56.305807,2026-05-19 10:18:56.789155,0 days 00:00:00.483348,112,1.7077903780946067,1.1538346471099787,0.004797087084334826,5,0.48113729595140753,4000,PRUNED
792,2.9249478757265024e-05,2026-05-19 10:18:56.796260,2026-05-19 10:18:57.253312,0 days 00:00:00.457052,96,1.4087722807622114,0.7233204826498232,0.008162667641210536,5,0.7918755012897948,5000,PRUNED
793,0.0006552206468768418,2026-05-19 10:18:57.259555,2026-05-19 10:18:57.565848,0 days 00:00:00.306293,96,1.9856240407154788,0.9553457178578117,0.0014314288842791217,6,0.7551545728609906,4000,PRUNED
794,2.904111534007825e-05,2026-05-19 10:18:57.572766,2026-05-19 10:18:58.077236,0 days 00:00:00.504470,96,2.4649495475960475,1.463778910341624,0.006131315621432042,5,0.7127388665547005,4000,PRUNED
795,0.0011398650240153074,2026-05-19 10:18:58.085099,2026-05-19 10:18:58.342504,0 days 00:00:00.257405,96,21.18554642483981,0.582282544526112,0.005616612594114026,5,0.8086390154973702,3000,PRUNED
796,0.0021521560847759247,2026-05-19 10:18:58.348864,2026-05-19 10:18:58.618395,0 days 00:00:00.269531,96,1.1397400896060004,0.4242815591385395,0.006867143615791709,5,0.6949002047585393,3000,PRUNED
797,0.002126151230186224,2026-05-19 10:18:58.626140,2026-05-19 10:18:58.880431,0 days 00:00:00.254291,16,1.6327949853375607,2.2233769052869405,0.004065542441346399,4,0.6773240703882125,4000,PRUNED
798,0.001048375153914094,2026-05-19 10:18:58.887522,2026-05-19 10:18:59.143628,0 days 00:00:00.256106,80,1.2843055909301195,0.12664263809236467,0.0009732102713208208,5,0.8340212058463753,4000,PRUNED
799,0.04570482298731804,2026-05-19 10:18:59.150229,2026-05-19 10:18:59.431077,0 days 00:00:00.280848,96,1.0762654898754114,4.359648895864188,0.008884941064079182,5,0.40907059010020985,3000,PRUNED
800,0.0001347931392956525,2026-05-19 10:18:59.437721,2026-05-19 10:18:59.933771,0 days 00:00:00.496050,96,1.0021310632793956,0.3115812672864927,0.005228242945140753,5,0.7264466859157753,4000,PRUNED
801,4.653847099689301e-06,2026-05-19 10:18:59.941446,2026-05-19 10:19:04.186222,0 days 00:00:04.244776,96,4.235804854546977,0.8157400355045257,0.004738127728291035,5,0.7063301628552718,4000,COMPLETE
802,0.0006894542020745575,2026-05-19 10:19:04.196298,2026-05-19 10:19:04.444416,0 days 00:00:00.248118,96,2.1167696461994505,1.0940545579863217,0.002749534221715129,5,0.6243755640673272,3000,PRUNED
803,0.00031972903525456786,2026-05-19 10:19:04.451247,2026-05-19 10:19:04.718338,0 days 00:00:00.267091,96,2.729647831661944,1.2833144664236087,0.0038310243483096655,5,0.7730766435490428,5000,PRUNED
804,0.0006767591694369912,2026-05-19 10:19:04.724844,2026-05-19 10:19:04.984334,0 days 00:00:00.259490,96,1.464975503992905,0.6832062940286682,0.007607183327520403,5,0.8195162858053745,1000,PRUNED
805,0.0008566675242036581,2026-05-19 10:19:04.991966,2026-05-19 10:19:05.270626,0 days 00:00:00.278660,96,1.7970078887870613,1.7216696017657658,0.006249825319362101,5,0.743814079139516,4000,PRUNED
806,0.00029206855106167495,2026-05-19 10:19:05.277053,2026-05-19 10:19:05.548159,0 days 00:00:00.271106,96,1.2534295756616372,0.966117232149527,0.004263907985280887,5,0.7981001565628656,3000,PRUNED
807,0.00040341008570976555,2026-05-19 10:19:05.556192,2026-05-19 10:19:05.815647,0 days 00:00:00.259455,96,1.5756129178928828,0.5296755286038565,0.004959685960033078,5,0.7141023903321391,4000,PRUNED
808,7.594143971800804e-05,2026-05-19 10:19:05.825322,2026-05-19 10:19:06.303284,0 days 00:00:00.477962,64,1.3797104263177262,0.8118430446632042,0.005581154061852913,5,0.6907707520104178,4000,PRUNED
809,0.0011765762465074658,2026-05-19 10:19:06.311782,2026-05-19 10:19:06.554268,0 days 00:00:00.242486,96,2.3560423005492845,1.1419276674148786,0.0033796168382360598,5,0.5835808547575946,4000,PRUNED
810,7.295192335732281e-05,2026-05-19 10:19:06.563888,2026-05-19 10:19:06.955931,0 days 00:00:00.392043,48,1.9431832952084367,1.4594312491553991,0.006718853849092001,4,0.7292785062743801,4000,PRUNED
811,0.00030296060140244663,2026-05-19 10:19:06.965582,2026-05-19 10:19:07.222426,0 days 00:00:00.256844,96,1.2229739156139061,0.9103267839129262,0.004480923882379232,5,0.7015038691840986,3000,PRUNED
812,0.0007628878811374307,2026-05-19 10:19:07.231834,2026-05-19 10:19:07.508004,0 days 00:00:00.276170,80,50.429908846080025,0.6122716049733735,0.00940974738783955,5,0.763424918597336,5000,PRUNED
813,0.00037499560858123004,2026-05-19 10:19:07.517205,2026-05-19 10:19:07.780164,0 days 00:00:00.262959,96,1.7084276499781421,0.7289877353750891,0.0006710028823480617,5,0.7837679944235714,4000,PRUNED
814,6.525227149722923e-07,2026-05-19 10:19:07.789099,2026-05-19 10:19:12.693337,0 days 00:00:04.904238,96,2.1644885367981757,1.0933850116514634,0.005829119141235772,5,0.5274479690607857,3000,COMPLETE
815,0.001974828541278839,2026-05-19 10:19:12.707475,2026-05-19 10:19:12.989900,0 days 00:00:00.282425,96,2.1611630771905745,1.8918555526710237,0.006170786411307279,5,0.5293621665080207,4000,PRUNED
816,0.0018530803499743342,2026-05-19 10:19:12.997407,2026-05-19 10:19:13.257705,0 days 00:00:00.260298,96,2.573864562114499,1.3582422781336794,0.007168025635206356,5,0.5162405544198231,4000,PRUNED
817,0.000672216119710356,2026-05-19 10:19:13.264058,2026-05-19 10:19:13.505600,0 days 00:00:00.241542,96,2.284397240021527,0.46752303089832214,0.005742362933155512,5,0.5456810729163979,3000,PRUNED
818,3.322263728477992e-05,2026-05-19 10:19:13.512451,2026-05-19 10:19:13.849380,0 days 00:00:00.336929,96,2.2240748186383548,0.8820181470598676,0.00681485345658302,3,0.5304007704863862,4000,PRUNED
819,0.0002942351857200265,2026-05-19 10:19:13.855998,2026-05-19 10:19:14.124307,0 days 00:00:00.268309,112,2.023577899274485,1.110008452122605,0.0057820986824639875,5,0.5112058213739731,4000,PRUNED
820,0.0013987525599077344,2026-05-19 10:19:14.131919,2026-05-19 10:19:14.384102,0 days 00:00:00.252183,96,2.8638493909700347,0.7597422482142145,0.006415432888229168,5,0.5054024712451646,3000,PRUNED
821,4.010941211163299e-06,2026-05-19 10:19:14.391351,2026-05-19 10:19:19.227741,0 days 00:00:04.836390,80,2.5108321892076795,1.6042435843740208,0.005984299015411949,5,0.5396290858037237,4000,COMPLETE
822,4.883037763647735e-05,2026-05-19 10:19:19.237756,2026-05-19 10:19:19.742708,0 days 00:00:00.504952,96,2.0395711535821612,1.2091562614029827,0.007678597334641516,5,0.5051255800399707,3000,PRUNED
823,0.00028245121939107776,2026-05-19 10:19:19.750202,2026-05-19 10:19:20.052918,0 days 00:00:00.302716,96,2.3653754327223773,2.7486161221676557,0.005349707254572397,6,0.5242011327686278,4000,PRUNED
824,0.0003142347850371152,2026-05-19 10:19:20.059613,2026-05-19 10:19:20.341383,0 days 00:00:00.281770,112,1.8593133288640138,0.6189539289043209,0.006549035694268711,5,0.4886543544963917,5000,PRUNED
825,0.00029630045173689723,2026-05-19 10:19:20.347601,2026-05-19 10:19:20.616274,0 days 00:00:00.268673,96,2.186497544648055,0.9588841876111567,0.0052907141409793135,4,0.5328737843717399,4000,PRUNED
826,1.44942287079175e-05,2026-05-19 10:19:20.623542,2026-05-19 10:19:21.087323,0 days 00:00:00.463781,96,1.9249910469407572,0.8325564337328603,0.005890653431310031,5,0.5482153205965519,3000,PRUNED
827,0.0004857289604842663,2026-05-19 10:19:21.094129,2026-05-19 10:19:21.360193,0 days 00:00:00.266064,96,2.048009703458512,2.0219895298654156,0.00838406204148,5,0.6592931575476486,4000,PRUNED
828,3.628718695836142e-05,2026-05-19 10:19:21.367066,2026-05-19 10:19:21.851601,0 days 00:00:00.484535,96,2.4725080624077838,0.5338084709351795,0.007367670876195262,5,0.6782074988401592,4000,PRUNED
829,2.9793816793244332e-05,2026-05-19 10:19:21.859720,2026-05-19 10:19:22.365203,0 days 00:00:00.505483,96,1.8558806556861969,1.4884409510048509,0.005157896535897565,5,0.834595377504495,4000,PRUNED
830,0.005193023942410946,2026-05-19 10:19:22.373439,2026-05-19 10:19:22.644112,0 days 00:00:00.270673,96,2.1936572661370985,0.7061356223523906,0.00997252036067034,5,0.8131451890434839,3000,PRUNED
831,0.0018273817840963602,2026-05-19 10:19:22.650771,2026-05-19 10:19:22.892963,0 days 00:00:00.242192,96,5.001611422526155,1.0399535438616838,0.0003059027480174615,4,0.5564257584448308,4000,PRUNED
832,6.973031850066036e-05,2026-05-19 10:19:22.900522,2026-05-19 10:19:23.399332,0 days 00:00:00.498810,32,2.740641028922382,1.1738546734202537,0.006326677957245395,5,0.6914104685603665,4000,PRUNED
833,0.00048037077067419887,2026-05-19 10:19:23.406103,2026-05-19 10:19:23.657612,0 days 00:00:00.251509,80,3.2129463381255254,0.8617061105504737,0.00576552908449032,5,0.4931949413533451,3000,PRUNED
834,0.001212366041727364,2026-05-19 10:19:23.664939,2026-05-19 10:19:23.954335,0 days 00:00:00.289396,96,1.7042277695211767,1.338100224494454,0.006989732867774836,5,0.5577586833092835,5000,PRUNED
835,0.00027050168137066066,2026-05-19 10:19:23.961691,2026-05-19 10:19:24.241697,0 days 00:00:00.280006,96,2.095389160616658,0.6513817310722365,0.004964187980704401,5,0.8028040465219153,3000,PRUNED
836,0.0149824945256114,2026-05-19 10:19:24.248399,2026-05-19 10:19:24.507303,0 days 00:00:00.258904,64,2.3457887850882497,0.00563935039057806,0.0010711927584618859,5,0.5180579309417862,4000,PRUNED
837,0.0005179265281185508,2026-05-19 10:19:24.514478,2026-05-19 10:19:24.771029,0 days 00:00:00.256551,96,1.7822670818148434,0.36248093181519003,0.008723492434062693,5,0.6704189322957385,4000,PRUNED
838,0.0009208067203871906,2026-05-19 10:19:24.778405,2026-05-19 10:19:25.055060,0 days 00:00:00.276655,96,1.1192702897682891,0.9905282588498374,0.0055680129374744034,5,0.8541776182408554,3000,PRUNED
839,0.0010025621159002185,2026-05-19 10:19:25.063049,2026-05-19 10:19:25.306381,0 days 00:00:00.243332,96,1.5864528902882566,1.758393932868673,0.00624299351297037,5,0.7033159491991866,4000,PRUNED
840,0.00016905475058592856,2026-05-19 10:19:25.314593,2026-05-19 10:19:25.745051,0 days 00:00:00.430458,96,1.0038255339316138,0.7528813705609951,0.0009199493299979252,5,0.8242268733951398,4000,PRUNED
841,1.3064578524790704e-05,2026-05-19 10:19:25.752084,2026-05-19 10:19:26.153055,0 days 00:00:00.400971,80,1.8613610819005348,0.4415967901359499,0.003119290161984241,4,0.5677376801432694,4000,PRUNED
842,0.0008672717958688736,2026-05-19 10:19:26.160082,2026-05-19 10:19:26.420614,0 days 00:00:00.260532,96,2.5677596969641603,0.5584887181581706,0.008105253908579815,5,0.6892297097553425,1000,PRUNED
843,0.0003790372284129262,2026-05-19 10:19:26.428027,2026-05-19 10:19:26.706121,0 days 00:00:00.278094,112,1.9721298044517603,1.2983790009069016,0.0005214840178933164,5,0.7107207837776219,3000,PRUNED
844,0.0010498003102838993,2026-05-19 10:19:26.713471,2026-05-19 10:19:26.960761,0 days 00:00:00.247290,96,1.5604124723125707,0.9051951941624082,0.005192796584903134,5,0.4362739572877067,4000,PRUNED
845,0.0004029760311823338,2026-05-19 10:19:26.967969,2026-05-19 10:19:27.212314,0 days 00:00:00.244345,96,2.248636447135423,1.0760964513160247,0.002136343681549812,5,0.7937159139277316,5000,PRUNED
846,0.00029296899447217584,2026-05-19 10:19:27.219022,2026-05-19 10:19:27.472612,0 days 00:00:00.253590,96,3.8929407293749643,0.7326653552759962,0.0047630313377846085,5,0.7019281773769176,4000,PRUNED
847,0.0009333625202998519,2026-05-19 10:19:27.479635,2026-05-19 10:19:27.726242,0 days 00:00:00.246607,96,1.1360996737783406,1.5594694176916317,0.007255542121415147,5,0.7149091514684724,4000,PRUNED
848,4.2800456867553294e-05,2026-05-19 10:19:27.734417,2026-05-19 10:19:28.198316,0 days 00:00:00.463899,96,1.7112114984708573,0.6068542439513299,0.005900282031753258,5,0.6820583681689745,3000,PRUNED
849,0.0007816250436007977,2026-05-19 10:19:28.204581,2026-05-19 10:19:28.477495,0 days 00:00:00.272914,96,1.481660817326068,0.857888058758222,0.005407648315512835,5,0.6533173027744129,4000,PRUNED
850,0.0017035764176398516,2026-05-19 10:19:28.485917,2026-05-19 10:19:28.727500,0 days 00:00:00.241583,96,2.05271095020618,2.365338725084738,0.009081887058060784,4,0.863792261128575,4000,PRUNED
851,0.001158396014943719,2026-05-19 10:19:28.735888,2026-05-19 10:19:29.004355,0 days 00:00:00.268467,96,1.0686669050318809,1.1442006486244272,0.0036770652743410184,5,0.605638002591159,3000,PRUNED
852,0.000339561520377174,2026-05-19 10:19:29.013767,2026-05-19 10:19:29.261981,0 days 00:00:00.248214,96,1.2031837068690858,1.3106713369857859,0.002401466623837308,5,0.8093870246830455,4000,PRUNED
853,0.0007093536551110446,2026-05-19 10:19:29.270283,2026-05-19 10:19:29.527561,0 days 00:00:00.257278,80,5.787557893966203,0.8964678403166103,0.006364679582543337,5,0.7221009553372043,4000,PRUNED
854,0.0011159026762470603,2026-05-19 10:19:29.535283,2026-05-19 10:19:29.780251,0 days 00:00:00.244968,96,65.82980151785509,0.6846574248833945,0.004770735761821487,5,0.6342982099597393,3000,PRUNED
855,9.347994637209922e-05,2026-05-19 10:19:29.787020,2026-05-19 10:19:30.270902,0 days 00:00:00.483882,64,1.3237825952990905,1.0463953600829752,0.002800689764655356,5,0.6972960208976444,4000,PRUNED
856,0.00027359192608855665,2026-05-19 10:19:30.278766,2026-05-19 10:19:30.530500,0 days 00:00:00.251734,96,1.792769953736887,1.9401686074763227,0.004131796990720191,5,0.8394771972620718,5000,PRUNED
857,1.4372425539477263e-05,2026-05-19 10:19:30.537287,2026-05-19 10:19:31.026259,0 days 00:00:00.488972,112,1.4901179236892952,0.5076495817101703,0.0013110405249467352,5,0.8236171463789511,4000,PRUNED
858,0.0005940875271335244,2026-05-19 10:19:31.033366,2026-05-19 10:19:31.308595,0 days 00:00:00.275229,96,2.3609283749519228,1.5136082211258766,0.007820956826298327,5,0.7999431223181457,3000,PRUNED
859,0.0005766847170889378,2026-05-19 10:19:31.315710,2026-05-19 10:19:31.556979,0 days 00:00:00.241269,48,2.912234263130919,0.7709824024788258,0.006782246145174202,5,0.7790833647690418,4000,PRUNED
860,0.0014870002632960677,2026-05-19 10:19:31.563793,2026-05-19 10:19:31.837046,0 days 00:00:00.273253,96,2.1150093018983833,0.9607969159100131,0.005264860789896223,5,0.5327110799884431,4000,PRUNED
861,2.4554824449296575e-06,2026-05-19 10:19:31.843854,2026-05-19 10:19:36.359475,0 days 00:00:04.515621,96,1.6426556048401273,1.2093470062756448,0.00470014982473534,5,0.668877622191474,5000,COMPLETE
862,0.0006421408033929765,2026-05-19 10:19:36.370038,2026-05-19 10:19:36.620744,0 days 00:00:00.250706,16,1.4084433712651396,0.6362022409000936,0.003581671990721272,4,0.6842346495525311,4000,PRUNED
863,0.00043990820995531976,2026-05-19 10:19:36.630017,2026-05-19 10:19:36.860120,0 days 00:00:00.230103,96,1.8889053317979625,0.8086485403667617,0.005673133658767249,5,0.7101604096425623,3000,PRUNED
864,5.476654041558504e-05,2026-05-19 10:19:36.866584,2026-05-19 10:19:37.355562,0 days 00:00:00.488978,96,1.1846644769471193,1.0390718499151816,0.004058466330367324,5,0.7898353167987403,4000,PRUNED
865,0.0004196516238152981,2026-05-19 10:19:37.362395,2026-05-19 10:19:37.638937,0 days 00:00:00.276542,96,1.275852881502198,0.227777838422701,0.006402282916495307,5,0.4603837362807851,4000,PRUNED
866,0.0027913355734199286,2026-05-19 10:19:37.645714,2026-05-19 10:19:37.889764,0 days 00:00:00.244050,96,99.80708189590749,1.354425979452449,0.0032392531219954243,5,0.7230184144907487,3000,PRUNED
867,0.0002609826624393463,2026-05-19 10:19:37.896842,2026-05-19 10:19:38.171774,0 days 00:00:00.274932,96,2.5810579759835472,0.39667673055579905,0.005100014972898801,5,0.7002642991016148,4000,PRUNED
868,0.000833063677418977,2026-05-19 10:19:38.179021,2026-05-19 10:19:38.428652,0 days 00:00:00.249631,96,1.601222812577798,1.6255026443755956,0.0071299875945292366,5,0.8174651267877775,4000,PRUNED
869,0.0002835958730429411,2026-05-19 10:19:38.435454,2026-05-19 10:19:38.718058,0 days 00:00:00.282604,80,1.0809133728047318,0.5746641847440569,0.005771457162431702,5,0.5767997009829756,3000,PRUNED
870,0.0008907127194106579,2026-05-19 10:19:38.725307,2026-05-19 10:19:38.957555,0 days 00:00:00.232248,96,13.379940055660299,0.7488165081665794,0.004486200659546115,4,0.5226093411904601,4000,PRUNED
871,0.0006188194965943694,2026-05-19 10:19:38.964423,2026-05-19 10:19:39.214855,0 days 00:00:00.250432,112,2.218587580937642,0.9420332658361277,0.008292836405731268,5,0.7305829226087796,3000,PRUNED
872,0.0020774558652192354,2026-05-19 10:19:39.221814,2026-05-19 10:19:39.473891,0 days 00:00:00.252077,96,1.0033190829929648,0.042687627387250085,0.0007485031330227255,5,0.7132465075001537,4000,PRUNED
873,0.001420940738171339,2026-05-19 10:19:39.481147,2026-05-19 10:19:39.727994,0 days 00:00:00.246847,96,1.426742834982874,1.1451075271835143,0.009323555572442525,5,0.6952119730534801,4000,PRUNED
874,0.00039338829810731113,2026-05-19 10:19:39.735901,2026-05-19 10:19:39.983150,0 days 00:00:00.247249,96,1.95438956644659,0.46934282191806104,0.004872002077268617,5,0.49932680165065557,5000,PRUNED
875,2.79711207440414e-06,2026-05-19 10:19:39.991875,2026-05-19 10:19:44.297248,0 days 00:00:04.305373,96,1.3024819121867681,0.6765179102233289,0.003777434115139987,5,0.6163448630640556,4000,COMPLETE
876,0.0004188207385595888,2026-05-19 10:19:44.307826,2026-05-19 10:19:44.588317,0 days 00:00:00.280491,96,1.8065915203974368,0.8449649754548176,0.005982728611257223,5,0.8074992118431419,3000,PRUNED
877,0.03901418671011925,2026-05-19 10:19:44.595364,2026-05-19 10:19:44.879809,0 days 00:00:00.284445,32,2.4185442089865083,0.0023323998000476117,0.0008772961374455239,5,0.6833359370230078,4000,PRUNED
878,9.60654579102993e-05,2026-05-19 10:19:44.886186,2026-05-19 10:19:45.411089,0 days 00:00:00.524903,96,1.672544884825604,1.3030042564171334,0.0011825157775135367,5,0.7899312440739796,3000,PRUNED
879,0.0007515846518799663,2026-05-19 10:19:45.417864,2026-05-19 10:19:45.697891,0 days 00:00:00.280027,96,1.1563750859415305,1.7541190833854599,0.005396741634615063,5,0.7206813702267818,4000,PRUNED
880,0.00031818001298233867,2026-05-19 10:19:45.704270,2026-05-19 10:19:46.006197,0 days 00:00:00.301927,80,1.5124972592079786,1.0230205578840934,0.0041709141213883355,5,0.5908836838214852,4000,PRUNED
881,0.0003546859370544553,2026-05-19 10:19:46.013338,2026-05-19 10:19:46.277944,0 days 00:00:00.264606,96,2.0161373289487305,0.5629868619788431,0.006770407707445875,4,0.7076044600677589,3000,PRUNED
882,3.812569411820732e-05,2026-05-19 10:19:46.285680,2026-05-19 10:19:46.840572,0 days 00:00:00.554892,96,1.3153537835628384,0.8220659769390021,0.004699240643585456,6,0.8297288321759649,4000,PRUNED
883,0.0003119496104773134,2026-05-19 10:19:46.848731,2026-05-19 10:19:47.141822,0 days 00:00:00.293091,48,2.260240079849323,1.4419665566512334,0.006098093910072798,5,0.8496698291069703,4000,PRUNED
884,0.000513038074132055,2026-05-19 10:19:47.148974,2026-05-19 10:19:47.342075,0 days 00:00:00.193101,96,1.2049160947027007,0.6915160256514293,0.003487389482811458,2,0.7749727068472123,3000,PRUNED
885,0.0016680312110111117,2026-05-19 10:19:47.350418,2026-05-19 10:19:47.639780,0 days 00:00:00.289362,96,1.538051698912617,2.1049429590591577,0.002930865696038542,5,0.691545326609353,3000,PRUNED
886,1.5250142496370245e-05,2026-05-19 10:19:47.646406,2026-05-19 10:19:48.152824,0 days 00:00:00.506418,112,1.706252342157229,1.1278699359078472,0.0010157706293181282,5,0.7329113995497781,4000,PRUNED
887,0.00030906678875908256,2026-05-19 10:19:48.161019,2026-05-19 10:19:48.428933,0 days 00:00:00.267914,96,1.0782727741444675,0.9006542074739656,0.007941644245595828,5,0.6748028843746973,5000,PRUNED
888,8.875928324414417e-05,2026-05-19 10:19:48.436491,2026-05-19 10:19:48.942765,0 days 00:00:00.506274,96,1.42947918449252,1.2303191596016279,0.0025889300737486497,5,0.7960339827049825,4000,PRUNED
889,0.00010951912554446608,2026-05-19 10:19:48.949959,2026-05-19 10:19:49.464847,0 days 00:00:00.514888,64,2.6289014541470297,0.9967568889943804,0.005352294296146478,5,0.702363713171007,1000,PRUNED
890,3.644192838692106e-05,2026-05-19 10:19:49.472463,2026-05-19 10:19:49.990119,0 days 00:00:00.517656,96,2.1021480805199273,0.6373326984138182,0.0042118356415149615,5,0.5455115025460509,4000,PRUNED
891,3.5889053833670914e-05,2026-05-19 10:19:49.997640,2026-05-19 10:19:50.463490,0 days 00:00:00.465850,112,1.001380430165773,0.8037988044790331,0.00510791064770695,5,0.7171158884784548,3000,PRUNED
892,0.0014422067906707525,2026-05-19 10:19:50.471972,2026-05-19 10:19:50.691420,0 days 00:00:00.219448,96,1.9184519715240578,1.7725727923588521,0.006466812531006783,4,0.7659582091458506,4000,PRUNED
893,0.004213998559862375,2026-05-19 10:19:50.697967,2026-05-19 10:19:50.945433,0 days 00:00:00.247466,96,1.3803013745825896,0.516320168700035,0.009129884011161262,5,0.8090010095458107,4000,PRUNED
894,0.0009679385693743825,2026-05-19 10:19:50.953055,2026-05-19 10:19:51.222141,0 days 00:00:00.269086,96,1.2450839572642594,1.2346505269584014,0.007316660820127863,5,0.7354664367553471,3000,PRUNED
895,2.6583460567053407e-05,2026-05-19 10:19:51.229230,2026-05-19 10:19:51.735921,0 days 00:00:00.506691,96,1.570127493810484,1.547366963313117,0.001778028193848159,5,0.6605450558374444,4000,PRUNED
896,1.921267539728433e-05,2026-05-19 10:19:51.743001,2026-05-19 10:19:52.211600,0 days 00:00:00.468599,96,1.7744231614122452,0.9851930326996858,0.004551038635044681,5,0.707207455532372,4000,PRUNED
897,0.0002699042088352144,2026-05-19 10:19:52.218858,2026-05-19 10:19:52.497196,0 days 00:00:00.278338,80,2.41016459027123,0.7151310052382537,0.005834955946617822,5,0.8379378692616068,3000,PRUNED
898,0.0005031257169321179,2026-05-19 10:19:52.504354,2026-05-19 10:19:52.786178,0 days 00:00:00.281824,96,1.1321212039807629,0.8518508517691041,0.004773306816173035,5,0.8191398679964851,5000,PRUNED
899,0.0011964678997173905,2026-05-19 10:19:52.793109,2026-05-19 10:19:53.039531,0 days 00:00:00.246422,96,2.8304908992169766,1.3963060723779501,0.003943470225274333,5,0.6859988943357829,4000,PRUNED
900,0.0003338908718433231,2026-05-19 10:19:53.046609,2026-05-19 10:19:53.294478,0 days 00:00:00.247869,96,2.1418066965624205,0.6042138592733651,0.005335636676736831,5,0.7236139804709111,4000,PRUNED
901,0.0018024700693786144,2026-05-19 10:19:53.301615,2026-05-19 10:19:53.552548,0 days 00:00:00.250933,96,1.3340309347820294,0.3076946154636157,0.006461620587290963,5,0.7790981619557367,3000,PRUNED
902,0.0006972594419494271,2026-05-19 10:19:53.559222,2026-05-19 10:19:53.766562,0 days 00:00:00.207340,96,1.734792488448918,1.0707444157753245,0.0032102409319009735,4,0.6947466638686024,4000,PRUNED
903,0.0005626376369036734,2026-05-19 10:19:53.773645,2026-05-19 10:19:54.025269,0 days 00:00:00.251624,96,1.9330710925507513,0.4426141829364432,0.005742070029700081,5,0.8013030612816456,3000,PRUNED
904,2.140285687346477e-05,2026-05-19 10:19:54.032287,2026-05-19 10:19:54.474587,0 days 00:00:00.442300,80,1.1824224866800863,0.7370561508461192,0.0036906649582017664,5,0.6474503141639892,4000,PRUNED
905,0.0016495491145178676,2026-05-19 10:19:54.481856,2026-05-19 10:19:54.756503,0 days 00:00:00.274647,96,1.4767293545283764,2.5041311203384176,0.0015961418651861173,5,0.3790998169131626,5000,PRUNED
906,0.0022060496266931295,2026-05-19 10:19:54.763508,2026-05-19 10:19:55.048141,0 days 00:00:00.284633,96,2.306287296415486,0.9245436521362945,0.007620887253477157,5,0.753438187196318,4000,PRUNED
907,0.0006304013077169657,2026-05-19 10:19:55.055582,2026-05-19 10:19:55.303534,0 days 00:00:00.247952,112,1.6062879298505812,1.1934725785405524,0.009845405173564107,5,0.7193330091082898,3000,PRUNED
908,0.0007334724068641663,2026-05-19 10:19:55.310498,2026-05-19 10:19:55.532089,0 days 00:00:00.221591,96,31.282802540077903,0.8044473636986259,0.004345067845498288,4,0.7840645716096538,4000,PRUNED
909,0.0005738254403695464,2026-05-19 10:19:55.539629,2026-05-19 10:19:55.784019,0 days 00:00:00.244390,64,8.89037905525973,0.5457018885218273,0.008640569240842803,5,0.7058627708542519,4000,PRUNED
910,0.0005306733655743301,2026-05-19 10:19:55.790997,2026-05-19 10:19:56.053870,0 days 00:00:00.262873,96,1.3507416219388257,1.4822586590433897,0.005053941866414031,5,0.7393011635604034,4000,PRUNED
911,0.00130373053252697,2026-05-19 10:19:56.060853,2026-05-19 10:19:56.316818,0 days 00:00:00.255965,96,1.1287089233059227,1.084255637677833,0.0068433416272908505,5,0.6801891883065724,4000,PRUNED
912,0.0013097641058266163,2026-05-19 10:19:56.323358,2026-05-19 10:19:56.660642,0 days 00:00:00.337284,96,2.086436993007069,0.6609334769806364,0.009986260084107457,5,0.8277223093365883,4000,PRUNED
913,0.00026482006069272757,2026-05-19 10:19:56.668750,2026-05-19 10:19:56.920889,0 days 00:00:00.252139,80,1.8633879216848706,0.9431822455436804,0.0061666528207876565,5,0.7152265506097372,3000,PRUNED
914,0.0007008056854829192,2026-05-19 10:19:56.929464,2026-05-19 10:19:57.184007,0 days 00:00:00.254543,16,1.4240113409171045,1.8681885593515064,0.005599387283672582,5,0.6954658835264834,3000,PRUNED
915,0.0004067533300258219,2026-05-19 10:19:57.191820,2026-05-19 10:19:57.463213,0 days 00:00:00.271393,96,1.6719146629182895,1.2722771671457072,0.004694248364904233,5,0.8137030669204723,4000,PRUNED
916,0.00012219167547300458,2026-05-19 10:19:57.472809,2026-05-19 10:19:57.916129,0 days 00:00:00.443320,96,1.2541350112177512,0.7687815353641518,0.003903945158120569,5,0.7262492216476923,5000,PRUNED
917,0.03418300673365593,2026-05-19 10:19:57.924379,2026-05-19 10:19:58.174131,0 days 00:00:00.249752,48,1.0709746288360917,0.9690257327958454,0.00016393719538508375,5,0.7653894722114081,4000,PRUNED
918,5.188952854950912e-05,2026-05-19 10:19:58.182314,2026-05-19 10:19:58.627412,0 days 00:00:00.445098,96,2.4363494314239356,0.6384726452327137,0.005041433086382284,5,0.707527048437367,4000,PRUNED
919,0.0004130574525333941,2026-05-19 10:19:58.636670,2026-05-19 10:19:58.885761,0 days 00:00:00.249091,96,1.4972992094726323,1.5317272827139685,0.004292624127552983,5,0.6683556207370204,4000,PRUNED
920,0.005360825918614864,2026-05-19 10:19:58.893571,2026-05-19 10:19:59.133621,0 days 00:00:00.240050,96,2.1503002565949845,0.47832954957081036,0.00011249201871804441,5,0.7557148172968989,3000,PRUNED
921,0.0008966096793301404,2026-05-19 10:19:59.141865,2026-05-19 10:19:59.393709,0 days 00:00:00.251844,96,1.2384532406267132,1.1026559625597139,0.0034356671236384024,5,0.7886929116905319,4000,PRUNED
922,0.0007016704767011106,2026-05-19 10:19:59.401691,2026-05-19 10:19:59.660538,0 days 00:00:00.258847,96,1.7244382331974542,0.8598326129371981,0.0070825443498787,4,0.8026310608603286,3000,PRUNED
923,1.3623197219203576e-06,2026-05-19 10:19:59.670096,2026-05-19 10:20:04.618345,0 days 00:00:04.948249,96,1.878951221877096,1.3364791996202885,0.0055220190795576395,5,0.7311798721281654,4000,COMPLETE
924,0.0017355479067191482,2026-05-19 10:20:04.631219,2026-05-19 10:20:04.839609,0 days 00:00:00.208390,96,1.95443192050852,2.22272750590666,0.004729704524489364,3,0.7421126071332756,4000,PRUNED
925,0.0008269809186458588,2026-05-19 10:20:04.846709,2026-05-19 10:20:05.102357,0 days 00:00:00.255648,96,2.46276497846172,1.497856636405876,0.005292839630357365,5,0.7318158362442059,4000,PRUNED
926,0.0007477860781364143,2026-05-19 10:20:05.109540,2026-05-19 10:20:05.395422,0 days 00:00:00.285882,112,40.087967339805616,1.6759998313397477,0.004389718025484289,5,0.7491348025498693,1000,PRUNED
927,0.0010329358046874404,2026-05-19 10:20:05.402260,2026-05-19 10:20:05.687073,0 days 00:00:00.284813,80,2.2170882537770606,1.8952136931408885,0.0008216533089251167,5,0.7321220235207793,4000,PRUNED
928,9.220634092343971e-05,2026-05-19 10:20:05.693842,2026-05-19 10:20:06.212028,0 days 00:00:00.518186,96,1.983362885831402,1.3142530769609573,0.0030116520045053267,5,0.7199310406633054,3000,PRUNED
929,0.00044280843576416373,2026-05-19 10:20:06.220394,2026-05-19 10:20:06.509990,0 days 00:00:00.289596,32,2.1922699895105136,1.3089299394921714,0.004878383041073044,5,0.7486879322948536,3000,PRUNED
930,0.000540933629963547,2026-05-19 10:20:06.517244,2026-05-19 10:20:06.795854,0 days 00:00:00.278610,96,2.808231303729972,1.6585974941188526,0.005504001293667325,5,0.7305063065248297,3000,PRUNED
931,0.007525033317506313,2026-05-19 10:20:06.803147,2026-05-19 10:20:07.065072,0 days 00:00:00.261925,96,1.1151489495665132,3.0595102219296604,0.003849022213047864,4,0.7387709104111866,4000,PRUNED
932,2.871382275770884e-05,2026-05-19 10:20:07.071979,2026-05-19 10:20:07.584775,0 days 00:00:00.512796,96,1.897079283785124,1.9581720100352378,0.004214406524669184,5,0.7175919136959293,5000,PRUNED
933,0.00011138990521430969,2026-05-19 10:20:07.592301,2026-05-19 10:20:08.073668,0 days 00:00:00.481367,112,1.3389655612216589,0.08108966647529502,0.004922570376976251,5,0.7085379015673474,4000,PRUNED
934,7.925339741632342e-05,2026-05-19 10:20:08.080429,2026-05-19 10:20:08.581364,0 days 00:00:00.500935,96,2.55638594992496,1.4032888639522947,0.0019343179161440663,5,0.7592948889963094,3000,PRUNED
935,0.0004614994104485959,2026-05-19 10:20:08.588455,2026-05-19 10:20:08.881888,0 days 00:00:00.293433,96,2.3030900580197167,1.187759101475002,0.005674732814072752,5,0.7256140712496524,4000,PRUNED
936,0.0003772214113269001,2026-05-19 10:20:08.888794,2026-05-19 10:20:09.165465,0 days 00:00:00.276671,96,1.2101587561940692,1.1243427122714063,0.0044570657430705665,5,0.6929056805637054,4000,PRUNED
937,0.00029652772354893386,2026-05-19 10:20:09.172893,2026-05-19 10:20:09.416119,0 days 00:00:00.243226,64,2.010534046690813,1.5840964436453013,0.005134538512354866,5,0.5570344623369576,4000,PRUNED
938,0.0009208936244249344,2026-05-19 10:20:09.423501,2026-05-19 10:20:09.736097,0 days 00:00:00.312596,96,1.553623739660219,1.2743617074511366,0.008640937369159881,6,0.742322972131688,2000,PRUNED
939,0.0009215105674229562,2026-05-19 10:20:09.742586,2026-05-19 10:20:10.020911,0 days 00:00:00.278325,96,1.0672761527271553,1.0237123490822828,0.0035619935120145955,5,0.7118504055778719,3000,PRUNED
940,1.5187332792265806e-05,2026-05-19 10:20:10.029161,2026-05-19 10:20:10.563794,0 days 00:00:00.534633,80,1.8415258902622296,1.3326893587362951,0.004091379597618754,5,0.7013024117064283,5000,PRUNED
941,0.0005109585472382605,2026-05-19 10:20:10.571184,2026-05-19 10:20:10.839937,0 days 00:00:00.268753,96,3.1451037845044985,2.238963959862221,0.002335098723032841,5,0.7332190176016039,4000,PRUNED
942,0.0002865862916223705,2026-05-19 10:20:10.846493,2026-05-19 10:20:11.126928,0 days 00:00:00.280435,96,1.3936654501009411,1.780561839852216,0.005948200748013118,5,0.7739085003648375,4000,PRUNED
943,0.001217189827002585,2026-05-19 10:20:11.134420,2026-05-19 10:20:11.344377,0 days 00:00:00.209957,96,2.098199269211085,1.0446844142715197,0.00543668193877458,4,0.6875442753920794,3000,PRUNED
944,0.0006955229328013957,2026-05-19 10:20:11.353388,2026-05-19 10:20:11.632066,0 days 00:00:00.278678,96,1.0015875323609649,1.459112386717295,0.004633287835433852,5,0.7172067173234996,4000,PRUNED
945,0.0004627791349776089,2026-05-19 10:20:11.641384,2026-05-19 10:20:11.901635,0 days 00:00:00.260251,96,1.1750682095891727,1.1764409293979998,0.001118365095174434,5,0.7247710705061132,4000,PRUNED
946,0.0010584669653326273,2026-05-19 10:20:11.909122,2026-05-19 10:20:12.190567,0 days 00:00:00.281445,96,1.291515027689116,0.8689737379541002,0.0050880615785018814,5,0.748328512756972,3000,PRUNED
947,0.00012658353080041707,2026-05-19 10:20:12.198727,2026-05-19 10:20:12.675658,0 days 00:00:00.476931,80,1.6157507926891526,1.0103541108979615,0.00266089615680733,5,0.7003194225773023,4000,PRUNED
948,0.0010141863021999598,2026-05-19 10:20:12.682441,2026-05-19 10:20:12.980617,0 days 00:00:00.298176,96,2.689366446009936,0.8867014528309515,0.0038906240104630823,5,0.6368151555757393,4000,PRUNED
949,0.00050641706911847,2026-05-19 10:20:12.988291,2026-05-19 10:20:13.262631,0 days 00:00:00.274340,96,1.7608223922304276,0.3875417805808622,0.0010108162942546112,5,0.342372190979451,2000,PRUNED
950,1.4523050595016684e-05,2026-05-19 10:20:13.271576,2026-05-19 10:20:13.731867,0 days 00:00:00.460291,96,2.310826908485663,1.624308736668643,0.006133932402806747,5,0.6805058075589737,3000,PRUNED
951,0.000639469304587692,2026-05-19 10:20:13.740852,2026-05-19 10:20:13.988420,0 days 00:00:00.247568,112,1.4677766060696673,1.1691457129455538,0.003273902972787959,5,0.7595444202942299,5000,PRUNED
952,0.0015064176404848695,2026-05-19 10:20:13.997377,2026-05-19 10:20:14.240763,0 days 00:00:00.243386,96,1.2695447708653318,0.16959335847387574,0.00785334501501738,5,0.7100110283741053,4000,PRUNED
953,0.003730610478669405,2026-05-19 10:20:14.248744,2026-05-19 10:20:14.468101,0 days 00:00:00.219357,96,1.0016687223499363,0.739676411497159,0.009057238972467043,4,0.5370101462122695,4000,PRUNED
954,2.916249468398746e-05,2026-05-19 10:20:14.476449,2026-05-19 10:20:14.963028,0 days 00:00:00.486579,96,3.6066967352919908,2.0936592258152786,0.005271051381704268,5,0.5210749184733058,3000,PRUNED
955,0.0004074330208823085,2026-05-19 10:20:14.971227,2026-05-19 10:20:15.214031,0 days 00:00:00.242804,96,2.1241070843375165,1.4040273627012338,0.004537771356677707,5,0.7358271110795689,4000,PRUNED
956,8.514739602105692e-05,2026-05-19 10:20:15.221701,2026-05-19 10:20:15.655675,0 days 00:00:00.433974,64,1.1481595567292953,0.10895172087263268,0.005702036559532567,5,0.7814178943324287,3000,PRUNED
957,0.001047193305566907,2026-05-19 10:20:15.663464,2026-05-19 10:20:15.936735,0 days 00:00:00.273271,96,1.6097174483924723,1.0158443819745202,0.006719806650088153,5,0.6973072739970803,5000,PRUNED
958,0.00119279813952744,2026-05-19 10:20:15.943694,2026-05-19 10:20:16.190733,0 days 00:00:00.247039,96,1.8601675601189303,0.851378329080042,0.004260767723607601,5,0.7684597209108944,4000,PRUNED
959,0.0007218150421977043,2026-05-19 10:20:16.197283,2026-05-19 10:20:16.443780,0 days 00:00:00.246497,32,1.4110608544721193,0.5805359701618329,0.004801192963280957,5,0.7199429476985915,4000,PRUNED
960,0.0038028969429433346,2026-05-19 10:20:16.450548,2026-05-19 10:20:16.704428,0 days 00:00:00.253880,48,2.336095462506542,0.05757339995811231,0.0030015691030047783,5,0.6703651942307355,4000,PRUNED
961,0.0006776520167477429,2026-05-19 10:20:16.711577,2026-05-19 10:20:17.003846,0 days 00:00:00.292269,80,1.9711702733346514,1.25628836585731,0.003737603847267917,5,0.7263856793899617,4000,PRUNED
962,0.0018777194200083613,2026-05-19 10:20:17.010670,2026-05-19 10:20:17.237998,0 days 00:00:00.227328,96,1.325261940191843,0.7043835928976493,0.006130012035390887,4,0.5701346972188868,3000,PRUNED
963,0.00427469564601779,2026-05-19 10:20:17.244415,2026-05-19 10:20:17.512312,0 days 00:00:00.267897,96,2.5298491182095355,0.9562059401260886,0.009949357935294502,5,0.7949330838923558,4000,PRUNED
964,0.0011236948193982244,2026-05-19 10:20:17.519148,2026-05-19 10:20:17.760891,0 days 00:00:00.241743,96,1.5024429342421455,1.5515424972599874,0.0054360783777375925,5,0.7100179462134273,4000,PRUNED
965,0.0004955768818035722,2026-05-19 10:20:17.767589,2026-05-19 10:20:18.035140,0 days 00:00:00.267551,112,1.7608931780806252,1.1316201794078629,0.008138182124839879,5,0.6860750087682567,3000,PRUNED
966,0.0012973942793905735,2026-05-19 10:20:18.041829,2026-05-19 10:20:18.310320,0 days 00:00:00.268491,96,1.113890977944235,2.7220584634080893,0.0048786957888389895,5,0.743801844406747,4000,PRUNED
967,2.55974391620839e-05,2026-05-19 10:20:18.316618,2026-05-19 10:20:18.803762,0 days 00:00:00.487144,96,1.2565148622645763,0.7440010233305595,0.004080743412614527,5,0.7010613467550639,4000,PRUNED
968,0.002175054745748639,2026-05-19 10:20:18.811539,2026-05-19 10:20:19.094810,0 days 00:00:00.283271,96,2.0567399357572285,1.8307429448780155,0.006516241208887683,5,0.7280578277932163,5000,PRUNED
969,0.0003820603305939585,2026-05-19 10:20:19.101122,2026-05-19 10:20:19.380764,0 days 00:00:00.279642,96,24.512763837365316,0.9221086646628351,0.007480960031685695,5,0.7532414255068305,3000,PRUNED
970,0.0002720168267842382,2026-05-19 10:20:19.387520,2026-05-19 10:20:19.653964,0 days 00:00:00.266444,96,1.6333626313511602,0.5382224310541648,0.00456956791141128,5,0.7151651545947509,4000,PRUNED
971,0.00025042277411557734,2026-05-19 10:20:19.661615,2026-05-19 10:20:19.898232,0 days 00:00:00.236617,96,1.3949244128672922,1.1810701154498788,0.001386608857589541,4,0.7861025737161131,4000,PRUNED
972,0.0003548616950865835,2026-05-19 10:20:19.905053,2026-05-19 10:20:20.191864,0 days 00:00:00.286811,96,1.1539864074519455,0.622775953531085,0.005678032826744095,5,0.6780330592112275,4000,PRUNED
973,0.00032394647132605314,2026-05-19 10:20:20.198351,2026-05-19 10:20:20.474701,0 days 00:00:00.276350,128,1.8364239888166594,1.4072811851859435,0.003352491797312033,5,0.6948827862175857,3000,PRUNED
974,0.0004341460589785129,2026-05-19 10:20:20.482166,2026-05-19 10:20:20.736395,0 days 00:00:00.254229,80,1.5436673880762586,0.8061897867866367,0.004411592112262048,5,0.7960551216806471,2000,PRUNED
975,0.0012589830439537764,2026-05-19 10:20:20.743116,2026-05-19 10:20:21.019376,0 days 00:00:00.276260,96,2.1658942132315944,1.0200155917321536,0.005301281452441535,5,0.734135791974686,4000,PRUNED
976,0.0015585041837766767,2026-05-19 10:20:21.026882,2026-05-19 10:20:21.291617,0 days 00:00:00.264735,96,2.3159796979506186,1.3066586110048746,0.009063748325390213,5,0.7084514564890694,4000,PRUNED
977,0.00044916081242263317,2026-05-19 10:20:21.300458,2026-05-19 10:20:21.545159,0 days 00:00:00.244701,96,1.2302373176897359,0.8792599268129422,0.0050685563015686885,5,0.7674893931901857,3000,PRUNED
978,0.00028938864124938846,2026-05-19 10:20:21.554254,2026-05-19 10:20:21.798610,0 days 00:00:00.244356,96,1.0658297685207538,0.441313953871643,0.0038697057860851243,5,0.7218060344405683,4000,PRUNED
979,0.0005210333620198071,2026-05-19 10:20:21.808028,2026-05-19 10:20:22.061008,0 days 00:00:00.252980,96,2.628993240131991,0.684410512622135,0.00019785758053951312,5,0.6618517878774179,3000,PRUNED
980,0.0007252116338349879,2026-05-19 10:20:22.070059,2026-05-19 10:20:22.350584,0 days 00:00:00.280525,96,1.3655676836990922,1.6736409734289404,0.0009579901464446634,5,0.6924498798369271,4000,PRUNED
981,0.001771454932168126,2026-05-19 10:20:22.357835,2026-05-19 10:20:22.587565,0 days 00:00:00.229730,96,1.9989442887950195,1.083388009716022,0.006374613177560357,4,0.7478576341248285,5000,PRUNED
982,0.0002881843247450888,2026-05-19 10:20:22.594575,2026-05-19 10:20:22.838678,0 days 00:00:00.244103,80,1.0001618661808556,0.7916781898530584,0.005798852080709381,5,0.4780912121304313,3000,PRUNED
983,0.00034074418363161385,2026-05-19 10:20:22.845174,2026-05-19 10:20:23.119102,0 days 00:00:00.273928,112,1.6995032017439522,2.094466220084756,0.004787451998162628,5,0.5985396172123008,4000,PRUNED
984,0.0011098155518993735,2026-05-19 10:20:23.126024,2026-05-19 10:20:23.412315,0 days 00:00:00.286291,16,1.5105695589032293,0.5191672328063828,0.0068761892346754375,6,0.513957848287556,1000,PRUNED
985,0.0003704969130922109,2026-05-19 10:20:23.420316,2026-05-19 10:20:23.669417,0 days 00:00:00.249101,96,1.2200383525060416,1.2607530171691552,0.004144908941694299,5,0.8051203286905432,3000,PRUNED
986,3.658077912405133e-05,2026-05-19 10:20:23.676905,2026-05-19 10:20:24.154459,0 days 00:00:00.477554,96,1.7859604054634548,1.0061716835900516,0.0034780153893657953,5,0.7028388393926644,4000,PRUNED
987,0.0008005268755368888,2026-05-19 10:20:24.162274,2026-05-19 10:20:24.408884,0 days 00:00:00.246610,96,2.3957799223095155,0.6140537286401038,0.002752372401636678,5,0.5476612966983503,3000,PRUNED
988,0.00010654135985532776,2026-05-19 10:20:24.415911,2026-05-19 10:20:24.868796,0 days 00:00:00.452885,112,1.4163962898923212,0.8917014209297894,0.0006366063074225247,5,0.6176664155058438,4000,PRUNED
989,0.00032342851045541465,2026-05-19 10:20:24.875026,2026-05-19 10:20:25.141236,0 days 00:00:00.266210,96,2.122070849083187,1.4143603143237486,0.0012260732664585233,5,0.49691298394887745,4000,PRUNED
990,0.0006674800533801317,2026-05-19 10:20:25.148052,2026-05-19 10:20:25.425736,0 days 00:00:00.277684,96,2.972621727398089,0.7199467180233577,0.007834437154099597,5,0.7144911681711569,4000,PRUNED
991,6.254280742723495e-05,2026-05-19 10:20:25.432550,2026-05-19 10:20:25.876043,0 days 00:00:00.443493,64,1.1066908967270934,1.103630123043736,0.005986222670520632,5,0.7382308836945999,3000,PRUNED
992,0.0004499827336985618,2026-05-19 10:20:25.882718,2026-05-19 10:20:26.111567,0 days 00:00:00.228849,96,1.3082534824617948,0.3480408182260041,0.005095731072698272,4,0.7785138744935847,4000,PRUNED
993,0.00033771133166737854,2026-05-19 10:20:26.118758,2026-05-19 10:20:26.362503,0 days 00:00:00.243745,96,1.9020164482986128,1.8737135668078808,0.00450876347809486,5,0.6855383788420331,4000,PRUNED
994,8.988883450911089e-07,2026-05-19 10:20:26.369522,2026-05-19 10:20:30.702595,0 days 00:00:04.333073,96,1.6497498432619238,0.8378631860560383,0.005463945767587698,5,0.7278146564208257,3000,COMPLETE
995,0.0006354470388032496,2026-05-19 10:20:30.716111,2026-05-19 10:20:30.962017,0 days 00:00:00.245906,96,1.727425669422927,0.9546856211162471,0.005477418888347456,5,0.7313255575033335,3000,PRUNED
996,4.799133603228256e-05,2026-05-19 10:20:30.969192,2026-05-19 10:20:31.430261,0 days 00:00:00.461069,80,1.5703410963944018,0.8650077129424429,0.005680353765753513,5,0.7425130295221715,3000,PRUNED
997,1.9021774278371595e-05,2026-05-19 10:20:31.437292,2026-05-19 10:20:31.943222,0 days 00:00:00.505930,96,1.7568901126567913,1.0987101004761455,0.00635772003783427,5,0.7282273596990909,3000,PRUNED
998,0.004031151067465544,2026-05-19 10:20:31.950307,2026-05-19 10:20:32.203520,0 days 00:00:00.253213,112,7.784180436678666,0.03472353864006265,0.005190954883233159,5,0.7236690166487594,3000,PRUNED
999,3.128524258499965e-05,2026-05-19 10:20:32.210238,2026-05-19 10:20:32.647645,0 days 00:00:00.437407,96,1.6321397967939788,1.1940309882539466,0.006004362540664182,5,0.7488196764944973,3000,PRUNED
