number,value,datetime_start,datetime_complete,duration,params_hidden,params_lambda_ic,params_lambda_phys,params_lr,params_n_layers,params_scheduler_gamma,params_scheduler_step,state
0,0.006092776544392109,2026-05-19 00:04:20.372928,2026-05-19 00:04:38.492695,0 days 00:00:18.119767,48,15.75132049977973,0.8471801418819978,0.0002051338263087451,6,0.3935967122017216,1000,COMPLETE
1,2.578827661636751e-05,2026-05-19 00:04:38.506742,2026-05-19 00:04:55.552423,0 days 00:00:17.045681,112,1.0994335574766196,0.679657809075816,0.008706020878304856,5,0.7994655844802532,2000,COMPLETE
2,0.06325732916593552,2026-05-19 00:04:55.566444,2026-05-19 00:04:57.898682,0 days 00:00:02.332238,32,11.207606211860567,0.016480446427978974,0.0007309539835912913,2,0.47473748411882516,4000,COMPLETE
3,0.0005715365405194461,2026-05-19 00:04:57.908278,2026-05-19 00:05:31.488386,0 days 00:00:33.580108,32,8.168455894760163,0.029204338471814112,0.0037183641805732083,3,0.41980426929501585,3000,COMPLETE
4,0.003106903051957488,2026-05-19 00:05:31.499544,2026-05-19 00:06:03.528037,0 days 00:00:32.028493,80,2.1930485556643684,0.26926469100861794,0.00013492834268013249,2,0.8693313223520001,5000,COMPLETE
5,0.23935817182064056,2026-05-19 00:06:03.538169,2026-05-19 00:06:03.706761,0 days 00:00:00.168592,112,23.359635026261596,0.002458603276328005,0.0007591104805282694,3,0.3732229409068673,3000,PRUNED
6,0.24676677584648132,2026-05-19 00:06:03.713088,2026-05-19 00:06:03.982036,0 days 00:00:00.268948,16,21.137059440645725,0.010842262717330166,0.0004201672054372534,6,0.6120408127066865,3000,PRUNED
7,3.185948298778385e-05,2026-05-19 00:06:03.988635,2026-05-19 00:06:38.162862,0 days 00:00:34.174227,32,75.68292060167619,1.2604664585649468,0.006161049539380964,6,0.6587399872866511,5000,COMPLETE
8,0.2303626984357834,2026-05-19 00:06:38.175755,2026-05-19 00:06:38.315174,0 days 00:00:00.139419,16,4.473636174621264,0.0015167330688076208,0.0005989003672254305,2,0.4628094190643376,5000,PRUNED
9,0.00010390501120127738,2026-05-19 00:06:38.322455,2026-05-19 00:06:54.801940,0 days 00:00:16.479485,48,1.9135880487692298,0.14817820606039092,0.0040215545266902904,3,0.3447303862078625,5000,COMPLETE
10,0.06391523033380508,2026-05-19 00:06:54.813802,2026-05-19 00:06:55.424209,0 days 00:00:00.610407,128,1.0862348973937128,7.553503645583189,0.0020124870829750945,5,0.8445988771695108,1000,PRUNED
11,0.0006538427551276982,2026-05-19 00:06:55.432240,2026-05-19 00:07:09.311524,0 days 00:00:13.879284,96,96.55565586404381,4.1227039564557195,0.007791470666172783,5,0.7109790362975853,2000,COMPLETE
12,0.003800409846007824,2026-05-19 00:07:09.322414,2026-05-19 00:07:13.390664,0 days 00:00:04.068250,80,99.14191510481005,1.2269950005516586,0.007956692282233665,5,0.7266836773846171,2000,PRUNED
13,0.005396584048867226,2026-05-19 00:07:13.398068,2026-05-19 00:07:17.830889,0 days 00:00:04.432821,128,42.25341142883644,0.7221503416201749,0.002012962831034317,6,0.7235345463194052,4000,PRUNED
14,0.00029701850144192576,2026-05-19 00:07:17.837716,2026-05-19 00:07:30.827495,0 days 00:00:12.989779,64,45.774787153236524,2.2943250835053917,0.004261548525190929,4,0.5811442655053709,2000,COMPLETE
15,8.772323781158775e-05,2026-05-19 00:07:30.839732,2026-05-19 00:07:51.719682,0 days 00:00:20.879950,96,4.995657141647444,0.257965681676157,0.009818247569037455,5,0.782801182566667,4000,COMPLETE
16,0.0906079113483429,2026-05-19 00:07:51.730765,2026-05-19 00:07:51.959431,0 days 00:00:00.228666,64,3.7665435455339784,0.06446221903608028,0.0015107653087335614,4,0.6000139096604017,2000,PRUNED
17,9.666337427916005e-05,2026-05-19 00:07:51.967611,2026-05-19 00:08:07.183340,0 days 00:00:15.215729,112,1.0246748445375236,0.5097975228189386,0.005603029841417724,6,0.7991010874923367,4000,COMPLETE
18,0.0504189133644104,2026-05-19 00:08:07.195120,2026-05-19 00:08:07.445655,0 days 00:00:00.250535,48,44.231398593930834,2.302230307837834,0.0027790154491502904,5,0.6366104039797016,1000,PRUNED
19,0.1155768483877182,2026-05-19 00:08:07.452089,2026-05-19 00:08:07.684541,0 days 00:00:00.232452,96,8.229086558998668,0.060894794372568437,0.0011982448134112169,6,0.5281096358316664,2000,PRUNED
20,0.0672469288110733,2026-05-19 00:08:07.691199,2026-05-19 00:08:07.892960,0 days 00:00:00.201761,64,2.3083123192396884,9.807934335521601,0.006420381557327489,4,0.6662482553243512,3000,PRUNED
21,0.00012389832409098744,2026-05-19 00:08:07.899545,2026-05-19 00:08:28.659424,0 days 00:00:20.759879,96,4.384691240155528,0.236487944037281,0.0097332804462723,5,0.7904499880445636,4000,COMPLETE
22,0.028719715774059296,2026-05-19 00:08:28.670844,2026-05-19 00:08:29.156469,0 days 00:00:00.485625,112,5.863871873896023,0.35253317777183774,0.009937170128862544,5,0.7806239207051526,5000,PRUNED
23,0.061662063002586365,2026-05-19 00:08:29.166294,2026-05-19 00:08:29.384035,0 days 00:00:00.217741,96,1.5339213971428955,1.4229022620494547,0.005122950469508641,4,0.8845642877736568,4000,PRUNED
24,0.00011052697664126754,2026-05-19 00:08:29.393598,2026-05-19 00:08:53.237519,0 days 00:00:23.843921,80,3.1417639113887175,0.10525506803398074,0.002968835783743788,6,0.6786575096035401,5000,COMPLETE
25,0.0006364047876559198,2026-05-19 00:08:53.246481,2026-05-19 00:09:04.909744,0 days 00:00:11.663263,112,29.481940043322762,3.2697008961494207,0.00554575836055187,5,0.7631487771262789,4000,PRUNED
26,0.0002972205402329564,2026-05-19 00:09:04.917373,2026-05-19 00:09:23.505910,0 days 00:00:18.588537,128,10.67379250592378,0.19892490183295064,0.006901294124591142,6,0.8455128652121097,5000,COMPLETE
27,0.043273963034152985,2026-05-19 00:09:23.514908,2026-05-19 00:09:23.777304,0 days 00:00:00.262396,32,6.0033051947336675,0.40117933045286336,0.0027099096542930446,5,0.8135805043580835,4000,PRUNED
28,0.039908867329359055,2026-05-19 00:09:23.783882,2026-05-19 00:09:23.981698,0 days 00:00:00.197816,96,59.60710360410062,0.7493727629653077,0.00978447599368575,4,0.5497705278035329,3000,PRUNED
29,0.09201717376708984,2026-05-19 00:09:23.988509,2026-05-19 00:09:24.222585,0 days 00:00:00.234076,80,15.854629149104188,1.0733630100509852,0.00043324874404618774,6,0.747976665161351,5000,PRUNED
30,0.06315969675779343,2026-05-19 00:09:24.229107,2026-05-19 00:09:24.463456,0 days 00:00:00.234349,112,1.489640714469024,5.152301075957681,0.0002531278360124861,5,0.6777746069297628,1000,PRUNED
31,0.00010516895417822525,2026-05-19 00:09:24.469664,2026-05-19 00:09:41.451516,0 days 00:00:16.981852,112,1.244519460779512,0.48823250565750187,0.005447501845663944,6,0.812355603970472,4000,COMPLETE
32,0.05125848948955536,2026-05-19 00:09:41.463654,2026-05-19 00:09:41.714549,0 days 00:00:00.250895,128,1.0071403128847234,0.599402219230699,0.006774649821319949,6,0.8263009296045067,4000,PRUNED
33,0.015076534822583199,2026-05-19 00:09:41.721872,2026-05-19 00:09:42.388959,0 days 00:00:00.667087,112,2.8850279543007153,2.1196325642426386,0.004583421204302014,6,0.7434636338162629,3000,PRUNED
34,0.018003560602664948,2026-05-19 00:09:42.395541,2026-05-19 00:09:43.018467,0 days 00:00:00.622926,96,1.6531107562456444,0.03386349758284921,0.003571214275848953,6,0.8893871961398969,4000,PRUNED
35,0.00012904968752991408,2026-05-19 00:09:43.024889,2026-05-19 00:09:56.389812,0 days 00:00:13.364923,112,2.629557046296721,0.1389315556602366,0.007303416754470403,5,0.7788535525967761,3000,COMPLETE
36,0.15525388717651367,2026-05-19 00:09:56.401991,2026-05-19 00:09:56.657130,0 days 00:00:00.255139,32,15.182275249142327,0.008380795406954248,0.003440447741482186,5,0.6355412324410232,5000,PRUNED
37,0.08201450109481812,2026-05-19 00:09:56.663661,2026-05-19 00:09:56.957327,0 days 00:00:00.293666,16,6.0668916888583295,0.32623037845134517,0.002012919066546547,6,0.7006796534361726,4000,PRUNED
38,0.06584729254245758,2026-05-19 00:09:56.965796,2026-05-19 00:09:57.212180,0 days 00:00:00.246384,80,2.0080934868110343,1.4648666558248566,0.0001113717572032857,6,0.8556337399165652,5000,PRUNED
39,0.02774994820356369,2026-05-19 00:09:57.218826,2026-05-19 00:09:57.532283,0 days 00:00:00.313457,128,1.3212937044646136,0.07408390537496719,0.005510299489635373,3,0.46971636487442076,3000,PRUNED
40,0.039637234061956406,2026-05-19 00:09:57.541384,2026-05-19 00:09:57.767894,0 days 00:00:00.226510,48,14.754171871364653,0.22535035640231732,0.00858983092068102,5,0.8077847003694358,3000,PRUNED
41,0.0654912143945694,2026-05-19 00:09:57.775403,2026-05-19 00:09:57.941948,0 days 00:00:00.166545,48,1.9647835942009948,0.13814440777422524,0.004762401428105243,3,0.3254852738944713,5000,PRUNED
42,0.05663878470659256,2026-05-19 00:09:57.948178,2026-05-19 00:09:58.103957,0 days 00:00:00.155779,16,1.0189733581418612,0.5766774499065668,0.00388755796359742,2,0.3016007767663688,5000,PRUNED
43,0.029522880911827087,2026-05-19 00:09:58.110287,2026-05-19 00:09:58.471274,0 days 00:00:00.360987,32,1.7405479646898825,0.03571344592510508,0.0066112754484969815,4,0.4256149139320614,5000,PRUNED
44,0.05652280151844025,2026-05-19 00:09:58.478236,2026-05-19 00:09:58.632202,0 days 00:00:00.153966,48,1.2469748140581742,0.9130350770709001,0.00835914068547936,2,0.519101368968495,4000,PRUNED
45,0.09895656257867813,2026-05-19 00:09:58.638330,2026-05-19 00:09:58.810604,0 days 00:00:00.172274,32,3.627711421141427,0.16863073977194284,0.0025435311790330778,3,0.74186034088921,2000,PRUNED
46,0.07173827290534973,2026-05-19 00:09:58.816882,2026-05-19 00:09:58.985824,0 days 00:00:00.168942,64,2.3481074546244076,0.2983066251345943,0.0009119181537993274,3,0.4006117325847126,5000,PRUNED
47,0.049254052340984344,2026-05-19 00:09:58.992740,2026-05-19 00:09:59.187488,0 days 00:00:00.194748,96,74.06491127596415,1.7626859566400714,0.0015156166016162876,4,0.3644860038547343,4000,PRUNED
48,0.057788457721471786,2026-05-19 00:09:59.194291,2026-05-19 00:09:59.370538,0 days 00:00:00.176247,112,7.998538067531401,3.334078633529737,0.005826472733340489,3,0.6380274826522142,1000,PRUNED
49,0.04002226144075394,2026-05-19 00:09:59.376794,2026-05-19 00:09:59.610451,0 days 00:00:00.233657,48,1.8564733706197314,0.09904377215721646,0.004119320896556683,6,0.5719850908989471,2000,PRUNED
50,0.19305667281150818,2026-05-19 00:09:59.616617,2026-05-19 00:09:59.836799,0 days 00:00:00.220182,32,23.22638218820746,0.019979903114283434,0.003240434410087215,5,0.7030474327466109,5000,PRUNED
51,0.04551203176379204,2026-05-19 00:09:59.843393,2026-05-19 00:10:00.085761,0 days 00:00:00.242368,112,1.2298842684466038,0.4496190595964546,0.008190358712782174,6,0.8208210194550478,4000,PRUNED
52,0.00010966231639031321,2026-05-19 00:10:00.092272,2026-05-19 00:10:13.796389,0 days 00:00:13.704117,112,1.1515445432451035,0.5662774045620603,0.005287415323244471,6,0.7952786668415227,4000,COMPLETE
53,0.04879035800695419,2026-05-19 00:10:13.804519,2026-05-19 00:10:14.089522,0 days 00:00:00.285003,128,1.3732717029463324,0.8045895833613549,0.006143807909211105,6,0.8662453938413313,4000,PRUNED
54,0.052067652344703674,2026-05-19 00:10:14.095952,2026-05-19 00:10:14.381176,0 days 00:00:00.285224,96,28.903312130221295,0.44155613559488055,0.004414005985193783,6,0.7650410175277197,4000,PRUNED
55,0.05365759879350662,2026-05-19 00:10:14.387826,2026-05-19 00:10:14.612738,0 days 00:00:00.224912,128,4.861835771284161,1.111721577984534,0.0077518833685494256,5,0.8353022089547844,3000,PRUNED
56,0.0384148433804512,2026-05-19 00:10:14.622127,2026-05-19 00:10:14.854310,0 days 00:00:00.232183,112,1.5054618019731576,0.30184433346421824,0.009495297628168458,4,0.7217567478135423,5000,PRUNED
57,4.7596746298950166e-05,2026-05-19 00:10:14.861836,2026-05-19 00:10:35.982989,0 days 00:00:21.121153,96,2.4402882481272425,0.1972756436166849,0.006255532391606076,6,0.5156428556473345,4000,COMPLETE
58,0.038820747286081314,2026-05-19 00:10:35.994227,2026-05-19 00:10:36.212563,0 days 00:00:00.218336,80,2.449100839553433,0.04579548317796388,0.0023709668316065154,5,0.5034967037837467,5000,PRUNED
59,0.00027956272242590785,2026-05-19 00:10:36.220562,2026-05-19 00:10:53.102532,0 days 00:00:16.881970,96,3.438438779477706,0.12333236163948574,0.007100621504316218,6,0.44070467870590174,3000,COMPLETE
60,0.09170134365558624,2026-05-19 00:10:53.113967,2026-05-19 00:10:53.362169,0 days 00:00:00.248202,64,4.813504835247674,0.0847668931198815,0.0014746501183981592,5,0.3684955628179182,4000,PRUNED
61,0.00012114941637264565,2026-05-19 00:10:53.368710,2026-05-19 00:11:10.184223,0 days 00:00:16.815513,96,2.1229664468986593,0.19330916929766137,0.0051671203130213795,6,0.49603435609289676,4000,COMPLETE
62,0.035236526280641556,2026-05-19 00:11:10.197196,2026-05-19 00:11:10.485231,0 days 00:00:00.288035,112,1.1741205513727815,0.4961153455038527,0.006045885008549616,6,0.7658160161248103,4000,PRUNED
63,0.06924746930599213,2026-05-19 00:11:10.493652,2026-05-19 00:11:10.775481,0 days 00:00:00.281829,112,1.7050111749079488,0.26951267688852815,0.00019569524800225723,6,0.8028551748976568,4000,PRUNED
64,0.03743970766663551,2026-05-19 00:11:10.784351,2026-05-19 00:11:11.027414,0 days 00:00:00.243063,96,8.875989754098372,0.7079130446664552,0.00847241718333345,6,0.6568139135285815,5000,PRUNED
65,0.05658135190606117,2026-05-19 00:11:11.039724,2026-05-19 00:11:11.285550,0 days 00:00:00.245826,80,2.867625339507804,0.3538249586320617,0.004100047748074856,6,0.5895917764199645,4000,PRUNED
66,0.03955724462866783,2026-05-19 00:11:11.291813,2026-05-19 00:11:11.532429,0 days 00:00:00.240616,128,1.4034195558335432,0.18266612696331663,0.009896782389528949,6,0.6161195176134491,1000,PRUNED
67,0.08733139932155609,2026-05-19 00:11:11.539105,2026-05-19 00:11:11.755512,0 days 00:00:00.216407,16,1.0711049164441786,0.0043102115913214644,0.0047386581948153945,5,0.5500723999033091,2000,PRUNED
68,0.014631345868110657,2026-05-19 00:11:11.762350,2026-05-19 00:11:12.409876,0 days 00:00:00.647526,112,1.6553992225218868,1.1906902849461076,0.006103111354590563,6,0.8960280150072226,4000,PRUNED
69,0.01746273972094059,2026-05-19 00:11:12.416701,2026-05-19 00:11:12.998118,0 days 00:00:00.581417,96,6.812010789307351,2.56495725319339,0.0030808731716810457,5,0.8500723436407439,3000,PRUNED
70,9.791968477657065e-05,2026-05-19 00:11:13.006922,2026-05-19 00:11:28.182288,0 days 00:00:15.175366,80,4.110311902397977,0.8913240666838462,0.007408771387633091,6,0.7790522994689392,5000,COMPLETE
71,0.03605222329497337,2026-05-19 00:11:28.191402,2026-05-19 00:11:28.454378,0 days 00:00:00.262976,80,3.9942914745411526,1.5456197867792392,0.007104813683391908,6,0.7775321633423962,5000,PRUNED
72,0.017527928575873375,2026-05-19 00:11:28.461176,2026-05-19 00:11:29.154755,0 days 00:00:00.693579,80,2.9964095994732545,0.8577248157723356,0.007481326297248109,6,0.7932328838838255,5000,PRUNED
73,0.039194054901599884,2026-05-19 00:11:29.161891,2026-05-19 00:11:29.450370,0 days 00:00:00.288479,96,11.789518064464515,0.6615547930754752,0.009012229875685332,6,0.7343084630113087,5000,PRUNED
74,0.04094337671995163,2026-05-19 00:11:29.457736,2026-05-19 00:11:29.705261,0 days 00:00:00.247525,64,2.6882395093793994,0.3925881502119985,0.005125105089331579,6,0.8694251459775721,5000,PRUNED
75,0.03480866178870201,2026-05-19 00:11:29.711502,2026-05-19 00:11:29.944609,0 days 00:00:00.233107,96,2.152453451490417,0.24302873833026536,0.003727540164388785,6,0.7524614553253798,5000,PRUNED
76,0.055460184812545776,2026-05-19 00:11:29.950988,2026-05-19 00:11:30.140148,0 days 00:00:00.189160,112,5.163201626563673,5.074456722204908,0.00656581181134739,4,0.8312906465889688,5000,PRUNED
77,0.1754404604434967,2026-05-19 00:11:30.146385,2026-05-19 00:11:30.295254,0 days 00:00:00.148869,80,4.209609213964832,0.0012205945242266213,0.0005539199503058976,2,0.7831042509436448,4000,PRUNED
78,0.03852463513612747,2026-05-19 00:11:30.301578,2026-05-19 00:11:30.519461,0 days 00:00:00.217883,32,3.441968162948334,0.9852429478889964,0.007847502599754778,5,0.6859208484229739,4000,PRUNED
79,9.50672838371247e-05,2026-05-19 00:11:30.526008,2026-05-19 00:11:45.758016,0 days 00:00:15.232008,64,1.0009958646585486,0.05600989363387054,0.005781272446649668,4,0.7228481054073705,5000,COMPLETE
80,0.0017772308783605695,2026-05-19 00:11:45.771901,2026-05-19 00:11:49.283629,0 days 00:00:03.511728,64,1.5222443245078594,0.049316515014835784,0.005839850515722255,4,0.7149067711307958,5000,PRUNED
81,0.04415815323591232,2026-05-19 00:11:49.290375,2026-05-19 00:11:49.487824,0 days 00:00:00.197449,48,1.0276887053930144,0.15203697851007444,0.004734278535085702,4,0.8062967986030541,5000,PRUNED
82,0.010691216215491295,2026-05-19 00:11:49.494994,2026-05-19 00:11:50.066705,0 days 00:00:00.571711,64,1.198909883478055,0.08742911389616814,0.006840011559475816,3,0.3457305882073181,5000,PRUNED
83,0.033828262239694595,2026-05-19 00:11:50.073072,2026-05-19 00:11:50.268726,0 days 00:00:00.195654,64,1.2943286003957655,0.06519408867672942,0.008753066918931107,4,0.7642063041831032,5000,PRUNED
84,0.04704230651259422,2026-05-19 00:11:50.275052,2026-05-19 00:11:50.519572,0 days 00:00:00.244520,48,37.611230902126465,0.1234887555007529,0.005850342696192187,6,0.8198604606015003,4000,PRUNED
85,0.056537263095378876,2026-05-19 00:11:50.526225,2026-05-19 00:11:50.673828,0 days 00:00:00.147603,112,1.8823294265480066,0.560306785839222,0.004259832209609506,2,0.655732566591839,5000,PRUNED
86,0.05098124220967293,2026-05-19 00:11:50.680109,2026-05-19 00:11:50.915756,0 days 00:00:00.235647,112,1.3795111162597273,1.8808248746883636,0.00541881901562307,6,0.6900125045356711,4000,PRUNED
87,4.509017526288517e-05,2026-05-19 00:11:50.921998,2026-05-19 00:12:14.363120,0 days 00:00:23.441122,48,1.123972797911625,0.22935014314483232,0.007708100465019511,5,0.7308205034539312,5000,COMPLETE
88,7.262713188538328e-05,2026-05-19 00:12:14.375757,2026-05-19 00:12:30.696591,0 days 00:00:16.320834,48,1.120265513641534,0.2317777113066453,0.007684015817731283,5,0.7498286055271542,5000,COMPLETE
89,0.033051565289497375,2026-05-19 00:12:30.704920,2026-05-19 00:12:30.945217,0 days 00:00:00.240297,48,1.1102897966252454,0.2614315453864285,0.007919690925029485,5,0.7397018547323401,5000,PRUNED
90,0.035529330372810364,2026-05-19 00:12:30.951342,2026-05-19 00:12:31.197349,0 days 00:00:00.246007,32,12.350903137086352,0.21584978314259395,0.009974717894760244,5,0.705558599326415,5000,PRUNED
91,0.033766504377126694,2026-05-19 00:12:31.203671,2026-05-19 00:12:31.472888,0 days 00:00:00.269217,48,1.5489096210921602,0.16756285088164544,0.007300059073278331,5,0.7272434254383887,5000,PRUNED
92,0.00010489280248293653,2026-05-19 00:12:31.480852,2026-05-19 00:12:44.999815,0 days 00:00:13.518963,48,1.0067173336713453,0.1084668501331729,0.008851274674300273,5,0.7517666518475381,5000,COMPLETE
93,0.039919961243867874,2026-05-19 00:12:45.008640,2026-05-19 00:12:45.253014,0 days 00:00:00.244374,64,87.91947350696965,0.32453644653009645,0.0063879764588250275,5,0.778493403697795,5000,PRUNED
94,0.03974633663892746,2026-05-19 00:12:45.259737,2026-05-19 00:12:45.502379,0 days 00:00:00.242642,48,19.248118719976052,0.4870800000413662,0.008023858956565984,5,0.3944849147356742,5000,PRUNED
95,0.03408413007855415,2026-05-19 00:12:45.509567,2026-05-19 00:12:45.729327,0 days 00:00:00.219760,32,1.1201891128861414,0.048482400546090994,0.006645470023105583,4,0.6235153015691655,5000,PRUNED
96,0.0010755927069112659,2026-05-19 00:12:45.736780,2026-05-19 00:12:52.871832,0 days 00:00:07.135052,80,2.525161687291777,0.024545149359219764,0.009006186734360702,5,0.7207394249235691,5000,PRUNED
97,0.05885834991931915,2026-05-19 00:12:52.879028,2026-05-19 00:12:53.061518,0 days 00:00:00.182490,48,1.3078902936481727,0.4228509729293709,0.004663021147418295,3,0.7541734956620737,5000,PRUNED
98,0.0064735738560557365,2026-05-19 00:12:53.068465,2026-05-19 00:12:54.386661,0 days 00:00:01.318196,64,1.7854642269574816,0.207858361682187,0.007574583544711976,5,0.6946626569349474,2000,PRUNED
99,0.04831289127469063,2026-05-19 00:12:54.395108,2026-05-19 00:12:54.653064,0 days 00:00:00.257956,32,7.018553042212645,0.13381236306588282,0.005074037515102149,5,0.6665091535895218,5000,PRUNED
100,0.12211548537015915,2026-05-19 00:12:54.661772,2026-05-19 00:12:54.890567,0 days 00:00:00.228795,16,57.10538879474216,0.34771855538986524,0.006366981656793555,5,0.7932462371487915,3000,PRUNED
101,0.0001454092562198639,2026-05-19 00:12:54.898358,2026-05-19 00:13:10.734207,0 days 00:00:15.835849,48,1.0140199370121237,0.07280419899825523,0.00879301587940706,5,0.7585374528291564,5000,COMPLETE
102,0.033097729086875916,2026-05-19 00:13:10.745969,2026-05-19 00:13:11.002911,0 days 00:00:00.256942,48,1.1768529696331942,0.11391084308795767,0.009256108235869916,5,0.7733268400676591,5000,PRUNED
103,0.00010140213998965919,2026-05-19 00:13:11.010717,2026-05-19 00:13:28.213176,0 days 00:00:17.202459,48,1.0043984351973327,0.09414018498510708,0.007056620065118997,5,0.7309490800318786,5000,COMPLETE
104,0.005891670007258654,2026-05-19 00:13:28.221851,2026-05-19 00:13:29.223391,0 days 00:00:01.001540,64,1.4679068949553895,0.16074026040492448,0.005670893128870284,4,0.7356197393954294,5000,PRUNED
105,0.05075867474079132,2026-05-19 00:13:29.230928,2026-05-19 00:13:29.456116,0 days 00:00:00.225188,48,1.646488694697144,1.3775417217571462,0.006984434251041576,5,0.673515903729134,5000,PRUNED
106,0.039160918444395065,2026-05-19 00:13:29.464212,2026-05-19 00:13:29.712163,0 days 00:00:00.247951,32,1.1341367545079637,0.08723363031109649,0.0034954579481499643,6,0.6456136961394258,5000,PRUNED
107,0.0006369043258018792,2026-05-19 00:13:29.720892,2026-05-19 00:13:36.066701,0 days 00:00:06.345809,48,1.32789928505517,0.27555078427830937,0.008070912138337966,5,0.7132412968300841,5000,PRUNED
108,0.034158967435359955,2026-05-19 00:13:36.076062,2026-05-19 00:13:36.318492,0 days 00:00:00.242430,96,1.952015101146387,0.7607677071762242,0.007264251131568476,6,0.30173600545666057,2000,PRUNED
109,0.036379627883434296,2026-05-19 00:13:36.328074,2026-05-19 00:13:36.589444,0 days 00:00:00.261370,64,2.2568228191324824,0.011644490919490127,0.003909386500593635,6,0.8099394918508054,5000,PRUNED
110,0.0019474035361781716,2026-05-19 00:13:36.598657,2026-05-19 00:13:39.368486,0 days 00:00:02.769829,80,1.2747559877612271,0.05907678814320324,0.006292818532510014,4,0.4097539566217027,5000,PRUNED
111,8.55102261994034e-05,2026-05-19 00:13:39.375936,2026-05-19 00:13:50.549325,0 days 00:00:11.173389,48,1.0566775009963603,0.10962812647459712,0.008820868444848971,5,0.7532165360369435,5000,COMPLETE
112,0.01293992530554533,2026-05-19 00:13:50.560226,2026-05-19 00:13:51.151312,0 days 00:00:00.591086,48,1.1406392083248336,0.04092247460981111,0.008349433169224853,5,0.7296116918054595,5000,PRUNED
113,0.0001180379040306434,2026-05-19 00:13:51.158838,2026-05-19 00:14:02.421879,0 days 00:00:11.263041,48,1.0036081121408909,0.09377827607633575,0.009952785458626174,5,0.7916775126121307,5000,COMPLETE
114,0.0324508473277092,2026-05-19 00:14:02.434363,2026-05-19 00:14:02.660625,0 days 00:00:00.226262,48,5.4128682358446785,0.1914268453871291,0.005596463808650855,5,0.7663995572017002,5000,PRUNED
115,0.033908918499946594,2026-05-19 00:14:02.667372,2026-05-19 00:14:02.889167,0 days 00:00:00.221795,32,1.4318856835420346,0.1371581816930414,0.007472604385378376,5,0.8354610361172522,1000,PRUNED
116,0.03783823922276497,2026-05-19 00:14:02.896486,2026-05-19 00:14:03.126315,0 days 00:00:00.229829,48,1.2433835686800778,0.2304523578980538,0.0051564731708212555,5,0.45759240613427266,5000,PRUNED
117,0.03327805548906326,2026-05-19 00:14:03.133437,2026-05-19 00:14:03.372139,0 days 00:00:00.238702,64,1.6167873517546427,0.05701694411648905,0.0066501906503478835,6,0.74726770362483,5000,PRUNED
118,0.07260680943727493,2026-05-19 00:14:03.378696,2026-05-19 00:14:03.553306,0 days 00:00:00.174610,48,3.162014200330661,0.6436467435121802,0.0003230529526768834,3,0.8021336333285202,4000,PRUNED
119,0.055863797664642334,2026-05-19 00:14:03.559929,2026-05-19 00:14:03.779775,0 days 00:00:00.219846,80,1.0981659877451513,0.9837425230607627,0.0007732677059621609,5,0.7837082571801413,5000,PRUNED
120,0.003993503749370575,2026-05-19 00:14:03.786414,2026-05-19 00:14:05.639877,0 days 00:00:01.853463,96,1.3798912323290682,0.030042175670471197,0.008310405838203836,6,0.7057095571567378,3000,PRUNED
121,8.85292756720446e-05,2026-05-19 00:14:05.647950,2026-05-19 00:14:16.782695,0 days 00:00:11.134745,48,1.0614272422907256,0.11565455373124128,0.009002835685699775,5,0.7502497523709994,5000,COMPLETE
122,0.0001346258941339329,2026-05-19 00:14:16.791119,2026-05-19 00:14:32.966716,0 days 00:00:16.175597,48,1.2132529727904915,0.07436379488684204,0.009280332702260427,5,0.563072581099506,5000,COMPLETE
123,0.03382756933569908,2026-05-19 00:14:32.978382,2026-05-19 00:14:33.230041,0 days 00:00:00.251659,48,1.0025240635907966,0.15710981982074929,0.006015942073682717,5,0.7450431070051354,5000,PRUNED
124,0.041007719933986664,2026-05-19 00:14:33.236634,2026-05-19 00:14:33.473310,0 days 00:00:00.236676,32,1.0993753141352955,0.09520789680195797,0.007181903297126077,5,0.7725469940428373,5000,PRUNED
125,0.04795604944229126,2026-05-19 00:14:33.480157,2026-05-19 00:14:33.693279,0 days 00:00:00.213122,128,1.2293835820827412,0.10843246218991867,0.007772532638190449,5,0.7245223705805097,5000,PRUNED
126,2.1569920136244036e-05,2026-05-19 00:14:33.699676,2026-05-19 00:14:53.525107,0 days 00:00:19.825431,64,1.4607801341572781,0.3730833846349221,0.00898280855159325,5,0.5931812959997502,4000,COMPLETE
127,0.0026915627531707287,2026-05-19 00:14:53.540220,2026-05-19 00:14:55.300624,0 days 00:00:01.760404,64,1.5217652077282102,0.5094892699185065,0.00926893754274187,5,0.8194453044334269,4000,PRUNED
128,0.037332192063331604,2026-05-19 00:14:55.307573,2026-05-19 00:14:55.521381,0 days 00:00:00.213808,64,1.0990317100338736,0.25691787791054904,0.008477899643677629,4,0.49991756309217267,4000,PRUNED
129,2.8996564651606604e-05,2026-05-19 00:14:55.528208,2026-05-19 00:15:18.536208,0 days 00:00:23.008000,64,1.3896702222842339,0.3300017590131373,0.009962430092268569,5,0.5359447667109126,4000,COMPLETE
130,0.036794669926166534,2026-05-19 00:15:18.546288,2026-05-19 00:15:18.774926,0 days 00:00:00.228638,64,1.7525356439599342,0.36325734627051964,0.009849635850194233,4,0.5419270391237123,4000,PRUNED
131,0.03211390599608421,2026-05-19 00:15:18.781757,2026-05-19 00:15:19.026454,0 days 00:00:00.244697,64,1.3455998879378588,0.29481337942422414,0.007930072901477967,5,0.600437743064714,4000,PRUNED
132,0.019781993702054024,2026-05-19 00:15:19.032736,2026-05-19 00:15:19.426195,0 days 00:00:00.393459,64,1.231429890255479,0.422615601269245,0.0069571357234351604,5,0.5701512560709402,4000,PRUNED
133,0.01087514404207468,2026-05-19 00:15:19.432898,2026-05-19 00:15:20.174812,0 days 00:00:00.741914,80,1.089228217360936,0.18858907689301657,0.008703546441162828,5,0.5195294095476231,4000,PRUNED
134,0.036900803446769714,2026-05-19 00:15:20.181897,2026-05-19 00:15:20.403251,0 days 00:00:00.221354,64,1.4357695569625668,0.8225909299275133,0.009024860810036842,5,0.7590148033987466,4000,PRUNED
135,0.047486450523138046,2026-05-19 00:15:20.409629,2026-05-19 00:15:20.623462,0 days 00:00:00.213833,112,9.063203456033133,0.6084204815615472,0.009985309709108466,5,0.5911657204083085,4000,PRUNED
136,0.05185204744338989,2026-05-19 00:15:20.629882,2026-05-19 00:15:20.844023,0 days 00:00:00.214141,64,1.0077590320866232,1.1580935346992391,0.007454368469869023,5,0.5241955366299904,4000,PRUNED
137,0.032729923725128174,2026-05-19 00:15:20.850424,2026-05-19 00:15:21.061301,0 days 00:00:00.210877,80,1.1663602139414941,0.3083860614980218,0.0063974166217423386,5,0.4854719283788931,4000,PRUNED
138,0.0009347877930849791,2026-05-19 00:15:21.067556,2026-05-19 00:15:27.099696,0 days 00:00:06.032140,48,1.2851765918500047,0.21809802397051173,0.008152004368797384,6,0.7363856297380335,4000,PRUNED
139,0.03784492611885071,2026-05-19 00:15:27.107393,2026-05-19 00:15:27.348304,0 days 00:00:00.240911,112,4.4699539736322595,0.3612946580583596,0.006840550645893611,5,0.7725243065994902,5000,PRUNED
140,0.05795857310295105,2026-05-19 00:15:27.354945,2026-05-19 00:15:27.607313,0 days 00:00:00.252368,96,3.975112483403154,0.12295889717192468,0.0012124380721341942,6,0.5349581994128084,5000,PRUNED
141,0.050750941038131714,2026-05-19 00:15:27.613993,2026-05-19 00:15:27.856114,0 days 00:00:00.242121,48,1.5935790202868654,0.14735230411472647,0.005784782805158958,5,0.3823115696929611,5000,PRUNED
142,0.02105875499546528,2026-05-19 00:15:27.863053,2026-05-19 00:15:28.303170,0 days 00:00:00.440117,48,2.05841828089839,0.17256133628215015,0.005012337946701644,5,0.6127393598750379,5000,PRUNED
143,0.03328927978873253,2026-05-19 00:15:28.310030,2026-05-19 00:15:28.579156,0 days 00:00:00.269126,48,1.7890111655398568,0.22586479939715493,0.007514141884472368,6,0.628453148661398,5000,PRUNED
144,0.08011089265346527,2026-05-19 00:15:28.586534,2026-05-19 00:15:28.773226,0 days 00:00:00.186692,16,1.4212925467083541,0.07894992501560223,0.009018264554739997,3,0.43686105279949894,5000,PRUNED
145,0.03352191299200058,2026-05-19 00:15:28.780270,2026-05-19 00:15:29.019283,0 days 00:00:00.239013,48,1.10211869772372,0.47332120905481295,0.00818700493861068,5,0.7992062111115694,3000,PRUNED
146,0.03365456685423851,2026-05-19 00:15:29.028215,2026-05-19 00:15:29.266639,0 days 00:00:00.238424,64,1.19842217087377,0.25448737114035475,0.0062570646933368225,5,0.682423405959664,5000,PRUNED
147,0.05747928470373154,2026-05-19 00:15:29.273705,2026-05-19 00:15:29.426856,0 days 00:00:00.153151,48,1.500984547796259,0.7037580886110584,0.004322565083981285,2,0.7812317094856831,5000,PRUNED
148,0.011165499687194824,2026-05-19 00:15:29.433554,2026-05-19 00:15:30.458842,0 days 00:00:01.025288,48,1.274533607816413,0.384379598120817,0.0069097327227626085,6,0.7523890124449738,4000,PRUNED
149,0.017915338277816772,2026-05-19 00:15:30.465618,2026-05-19 00:15:30.942321,0 days 00:00:00.476703,64,6.764283573824088,1.3326657842821135,0.005572216308379131,5,0.7236128174634325,2000,PRUNED
150,0.035190094262361526,2026-05-19 00:15:30.949205,2026-05-19 00:15:31.234218,0 days 00:00:00.285013,112,1.0006646850369487,0.11513699848151025,0.009128257844931384,6,0.71289469037098,5000,PRUNED
151,0.0008958919206634164,2026-05-19 00:15:31.241434,2026-05-19 00:15:36.029745,0 days 00:00:04.788311,48,1.084092110863211,0.06719516502829936,0.008499048608517266,5,0.7517427431604646,5000,PRUNED
152,0.03240493685007095,2026-05-19 00:15:36.038871,2026-05-19 00:15:36.304774,0 days 00:00:00.265903,48,1.0050306276789265,0.1396080612447609,0.007603444041771531,5,0.7405805538010525,5000,PRUNED
153,0.0329914353787899,2026-05-19 00:15:36.313488,2026-05-19 00:15:36.560294,0 days 00:00:00.246806,48,1.3649694216732946,0.09400152853922863,0.009946852543628754,5,0.7627848153485945,5000,PRUNED
154,0.02178066223859787,2026-05-19 00:15:36.567992,2026-05-19 00:15:37.068666,0 days 00:00:00.500674,48,1.1632841225186563,0.17767173030080347,0.008797925301298838,5,0.6974871226311443,5000,PRUNED
155,0.05039963498711586,2026-05-19 00:15:37.077323,2026-05-19 00:15:37.323755,0 days 00:00:00.246432,32,1.299080656734254,0.10564692615477718,0.001699625138460315,5,0.5538350131247745,5000,PRUNED
156,0.0348038449883461,2026-05-19 00:15:37.330982,2026-05-19 00:15:37.597459,0 days 00:00:00.266477,48,29.361360190951867,0.285095617450428,0.006546458389628271,5,0.7858533156693243,5000,PRUNED
157,0.003793897805735469,2026-05-19 00:15:37.604388,2026-05-19 00:15:39.416613,0 days 00:00:01.812225,64,1.121374861119181,0.05280256420952338,0.007316904580918765,5,0.734271919985331,4000,PRUNED
158,0.0527583509683609,2026-05-19 00:15:39.422946,2026-05-19 00:15:39.680952,0 days 00:00:00.258006,80,1.1998582465296976,0.9267436405950712,0.008076344200035218,5,0.7640775961445128,5000,PRUNED
159,0.03599277883768082,2026-05-19 00:15:39.687708,2026-05-19 00:15:39.944017,0 days 00:00:00.256309,96,2.6519138206703143,0.20688309081156683,0.009125768484806257,6,0.8104880426545262,5000,PRUNED
160,0.03834464028477669,2026-05-19 00:15:39.951263,2026-05-19 00:15:40.201113,0 days 00:00:00.249850,32,2.358038265629847,0.5538699877818893,0.00603086329820802,5,0.6478411884166402,4000,PRUNED
161,0.019223978742957115,2026-05-19 00:15:40.209072,2026-05-19 00:15:40.669654,0 days 00:00:00.460582,112,1.6342604963503289,0.43939254639455966,0.005558860427715377,6,0.8380491947481217,4000,PRUNED
162,0.04115515202283859,2026-05-19 00:15:40.676131,2026-05-19 00:15:40.912353,0 days 00:00:00.236222,112,1.0497521828083634,0.32902625007456726,0.006574599913919931,6,0.7951099275134602,4000,PRUNED
163,0.004619143903255463,2026-05-19 00:15:40.918771,2026-05-19 00:15:42.565558,0 days 00:00:01.646787,112,1.3498204629783248,0.04026877490849233,0.004650392535669811,6,0.8163280932129496,4000,PRUNED
164,0.039746060967445374,2026-05-19 00:15:42.574209,2026-05-19 00:15:42.858244,0 days 00:00:00.284035,112,1.184988246043586,0.636848177301429,0.007535618601030871,6,0.8590122467927221,5000,PRUNED
165,0.07212233543395996,2026-05-19 00:15:42.866835,2026-05-19 00:15:43.121451,0 days 00:00:00.254616,48,1.0686736184551182,0.1519376140821646,0.00016560500132280445,6,0.7483676778723066,1000,PRUNED
166,0.0087154945358634,2026-05-19 00:15:43.128866,2026-05-19 00:15:43.892787,0 days 00:00:00.763921,128,34.193116867808705,0.5214730304975733,0.008290308431873773,5,0.7752617358229866,4000,PRUNED
167,0.036761317402124405,2026-05-19 00:15:43.899211,2026-05-19 00:15:44.111996,0 days 00:00:00.212785,96,17.169540387595184,0.12298527069986367,0.005069725211343133,5,0.8252336575231227,5000,PRUNED
168,8.501042611896992e-05,2026-05-19 00:15:44.120519,2026-05-19 00:16:01.140540,0 days 00:00:17.020021,64,1.9504041493286324,0.24631851755584336,0.006025768543590301,6,0.8050657763946333,5000,COMPLETE
169,0.03646959364414215,2026-05-19 00:16:01.153068,2026-05-19 00:16:01.340952,0 days 00:00:00.187884,64,1.9697873157670955,0.1929118020065067,0.009332105656045952,3,0.7878603949758798,5000,PRUNED
170,0.033998019993305206,2026-05-19 00:16:01.347847,2026-05-19 00:16:01.542170,0 days 00:00:00.194323,64,2.1197370803724715,0.29016560922735035,0.006890466708710243,4,0.7571590201058479,5000,PRUNED
171,0.059468939900398254,2026-05-19 00:16:01.548559,2026-05-19 00:16:01.781649,0 days 00:00:00.233090,64,1.000803338537369,1.7845477740015243,0.005424228928492876,6,0.811724269261049,5000,PRUNED
172,0.015467473305761814,2026-05-19 00:16:01.787906,2026-05-19 00:16:02.423647,0 days 00:00:00.635741,64,1.8363863442340367,0.3767204731760326,0.009952251727043933,6,0.8010486153087686,5000,PRUNED
173,0.03377223014831543,2026-05-19 00:16:02.431392,2026-05-19 00:16:02.667296,0 days 00:00:00.235904,112,1.5109302135362057,0.22807251530155612,0.00612543345512903,6,0.3346656179549997,5000,PRUNED
174,0.0342615507543087,2026-05-19 00:16:02.675123,2026-05-19 00:16:02.909245,0 days 00:00:00.234122,80,12.909308940574556,0.2621410499673529,0.007254103796917922,6,0.7702163196152834,4000,PRUNED
175,0.008631092496216297,2026-05-19 00:16:02.917011,2026-05-19 00:16:03.753012,0 days 00:00:00.836001,48,1.2673593311098579,0.08116339927610677,0.008506200283004804,6,0.727800412034252,5000,PRUNED
176,0.0023609267082065344,2026-05-19 00:16:03.760052,2026-05-19 00:16:06.200633,0 days 00:00:02.440581,64,1.1409934453248167,0.16243506024893983,0.007832701919586094,5,0.7878940610284617,3000,PRUNED
177,0.07883183658123016,2026-05-19 00:16:06.208208,2026-05-19 00:16:06.494143,0 days 00:00:00.285935,48,57.477913009567565,1.068644024931078,0.00010007372350934212,6,0.845064087065419,4000,PRUNED
178,0.032688990235328674,2026-05-19 00:16:06.502585,2026-05-19 00:16:06.750592,0 days 00:00:00.248007,48,3.246439574784299,0.10328741961337395,0.005992169025948456,5,0.7435782080723853,5000,PRUNED
179,0.04641261324286461,2026-05-19 00:16:06.759959,2026-05-19 00:16:07.023802,0 days 00:00:00.263843,112,1.4122516755203947,0.4385726298647803,0.002251945009615489,5,0.6021846626483839,4000,PRUNED
180,0.031919967383146286,2026-05-19 00:16:07.032242,2026-05-19 00:16:07.313174,0 days 00:00:00.280932,64,1.2108497107661285,0.7573278418098756,0.006610377001692697,6,0.5801548334860285,5000,PRUNED
181,0.0258910171687603,2026-05-19 00:16:07.320927,2026-05-19 00:16:07.853519,0 days 00:00:00.532592,112,1.0023810631732744,0.0026909156006783143,0.005452769299773412,6,0.8042018353639504,4000,PRUNED
182,0.03380393609404564,2026-05-19 00:16:07.863109,2026-05-19 00:16:08.152766,0 days 00:00:00.289657,112,1.1231574520303609,0.5915653692844465,0.004764369818307466,6,0.7789542238532884,4000,PRUNED
183,0.026276370510458946,2026-05-19 00:16:08.161430,2026-05-19 00:16:08.688307,0 days 00:00:00.526877,112,1.296920845110934,0.320529294239486,0.004293186735574708,6,0.7951412914610121,4000,PRUNED
184,0.05566376447677612,2026-05-19 00:16:08.696883,2026-05-19 00:16:08.979607,0 days 00:00:00.282724,96,1.1234278065317345,0.9189370953478229,0.008717171716672356,6,0.4751725094464139,4000,PRUNED
185,0.05895761772990227,2026-05-19 00:16:08.986895,2026-05-19 00:16:09.144329,0 days 00:00:00.157434,112,1.663863903888255,0.243116499229216,0.007034682080813418,2,0.8262436454850488,5000,PRUNED
186,0.04097077250480652,2026-05-19 00:16:09.151628,2026-05-19 00:16:09.380585,0 days 00:00:00.228957,48,2.873112494891057,0.5518420135174588,0.005097396829771552,5,0.7659411448844811,5000,PRUNED
187,0.01811063475906849,2026-05-19 00:16:09.387345,2026-05-19 00:16:09.835207,0 days 00:00:00.447862,112,1.460800735818269,0.4076442732936381,0.005971904994728914,6,0.7545687167984517,4000,PRUNED
188,0.03340377286076546,2026-05-19 00:16:09.842066,2026-05-19 00:16:10.052731,0 days 00:00:00.210665,48,1.2044918171283576,0.12993350991446248,0.00816937799402416,5,0.714722253375507,2000,PRUNED
189,4.889316187473014e-05,2026-05-19 00:16:10.058867,2026-05-19 00:16:27.335050,0 days 00:00:17.276183,64,1.0738615532984979,0.18539325572585533,0.007831480008153329,6,0.45308283154174755,5000,COMPLETE
190,0.01237549353390932,2026-05-19 00:16:27.347770,2026-05-19 00:16:28.037821,0 days 00:00:00.690051,64,5.756136842753525,0.18525594618583427,0.00775632930621271,5,0.5150718876624629,5000,PRUNED
191,0.00010586889402475208,2026-05-19 00:16:28.044336,2026-05-19 00:16:40.198902,0 days 00:00:12.154566,64,1.0774152527305292,0.21587078957302516,0.00935488854436679,6,0.459558648609065,5000,COMPLETE
192,0.0703534185886383,2026-05-19 00:16:40.207914,2026-05-19 00:16:51.300119,0 days 00:00:11.092205,64,1.0748440065054428,0.16293045950371082,0.009469006400970235,6,0.45190758800808584,5000,PRUNED
193,0.0001849980471888557,2026-05-19 00:16:51.308638,2026-05-19 00:17:02.650672,0 days 00:00:11.342034,64,1.083957877981208,0.21221204790038334,0.009021732868776828,6,0.467237184503416,5000,COMPLETE
194,0.03448903560638428,2026-05-19 00:17:02.662035,2026-05-19 00:17:02.903296,0 days 00:00:00.241261,64,10.2307816256734,0.1440760750948383,0.0075692832627107685,6,0.4097891515054083,5000,PRUNED
195,0.0001448028488084674,2026-05-19 00:17:02.910436,2026-05-19 00:17:17.369006,0 days 00:00:14.458570,64,1.229688199479451,0.2908485547531127,0.009925864413015035,6,0.5086675471053255,5000,COMPLETE
196,0.03536573797464371,2026-05-19 00:17:17.380694,2026-05-19 00:17:17.623375,0 days 00:00:00.242681,80,1.3577566789244908,0.2444514083025683,0.008756302667651053,6,0.49227221902870333,5000,PRUNED
197,0.03984832018613815,2026-05-19 00:17:17.632561,2026-05-19 00:17:17.859715,0 days 00:00:00.227154,64,48.39298158756002,0.11237281328031361,0.007036867684540625,5,0.43287886935746167,5000,PRUNED
198,9.62970734690316e-05,2026-05-19 00:17:17.867359,2026-05-19 00:17:36.482685,0 days 00:00:18.615326,64,1.0141043524319433,0.19955997081651497,0.008120023545765744,6,0.45190578670742243,5000,COMPLETE
199,0.03710873797535896,2026-05-19 00:17:36.491437,2026-05-19 00:17:36.720212,0 days 00:00:00.228775,64,1.0154022467902344,0.18775431957740427,0.008157487459449839,5,0.5453350395263736,5000,PRUNED
200,0.031377147883176804,2026-05-19 00:17:36.726971,2026-05-19 00:17:37.037408,0 days 00:00:00.310437,48,1.0019754621106522,0.3590091005526726,0.006470309015615858,6,0.3522974930650444,5000,PRUNED
201,0.058011531829833984,2026-05-19 00:17:37.044286,2026-05-19 00:17:37.327704,0 days 00:00:00.283418,64,1.137558714786216,0.21101224381408046,0.008775555903852357,6,0.44113287075051183,5000,PRUNED
202,0.03271077945828438,2026-05-19 00:17:37.334838,2026-05-19 00:17:37.602278,0 days 00:00:00.267440,64,1.2630562542338941,0.15017010974881626,0.00760610882217479,6,0.47830692309641065,5000,PRUNED
203,0.031547535210847855,2026-05-19 00:17:37.609301,2026-05-19 00:17:37.890022,0 days 00:00:00.280721,64,1.0958398749688079,0.26095485777198135,0.009174304469549812,6,0.4589677899188954,5000,PRUNED
204,0.00015795942454133183,2026-05-19 00:17:37.897242,2026-05-19 00:17:51.747274,0 days 00:00:13.850032,64,1.1674302213534957,0.17716755537800422,0.008159521030962333,6,0.42618046818825883,5000,COMPLETE
205,0.0001666763419052586,2026-05-19 00:17:51.759688,2026-05-19 00:18:03.566954,0 days 00:00:11.807266,48,1.071428462654324,0.12501026882955632,0.009997177673204136,6,0.45059601223005635,5000,COMPLETE
206,0.03300172835588455,2026-05-19 00:18:03.578278,2026-05-19 00:18:03.801283,0 days 00:00:00.223005,64,1.003027994813552,0.31355244302220164,0.006994092759466634,5,0.7435737484840134,5000,PRUNED
207,0.043906647711992264,2026-05-19 00:18:03.808011,2026-05-19 00:18:03.987233,0 days 00:00:00.179222,48,1.299641755754574,0.09551339409276895,0.007788876660349312,3,0.5318240008067553,5000,PRUNED
208,6.517557631013915e-05,2026-05-19 00:18:03.993450,2026-05-19 00:18:22.065072,0 days 00:00:18.071622,80,1.2083070787735308,0.06900131858772696,0.00642795440569581,6,0.7300883011937405,5000,COMPLETE
209,0.01626446656882763,2026-05-19 00:18:22.074947,2026-05-19 00:18:22.529899,0 days 00:00:00.454952,80,1.4255162675597086,0.05979788000872812,0.006392457358802978,5,0.7312422843248427,5000,PRUNED
210,0.019998637959361076,2026-05-19 00:18:22.538563,2026-05-19 00:18:23.221173,0 days 00:00:00.682610,80,1.2115747033129363,0.07783806371814744,0.006158894595661854,6,0.7063631704920162,5000,PRUNED
211,0.04403802379965782,2026-05-19 00:18:23.230287,2026-05-19 00:18:23.475627,0 days 00:00:00.245340,80,73.87635023767717,0.08518389424860431,0.00706938883425087,6,0.7202478720170414,5000,PRUNED
212,0.009280463680624962,2026-05-19 00:18:23.483839,2026-05-19 00:18:24.519759,0 days 00:00:01.035920,80,1.1252409357806423,0.06543950623674175,0.008502920425996525,6,0.7316205280598637,5000,PRUNED
213,0.00011133926454931498,2026-05-19 00:18:24.526729,2026-05-19 00:18:39.972008,0 days 00:00:15.445279,64,1.0013687872371504,0.21782434316863225,0.009107181587086365,6,0.7517423430731066,5000,COMPLETE
214,0.037430863827466965,2026-05-19 00:18:39.981559,2026-05-19 00:18:40.261665,0 days 00:00:00.280106,48,7.7638659526019165,1.4961445992129025,0.005476137941390196,6,0.770719689486947,5000,PRUNED
215,0.040335435420274734,2026-05-19 00:18:40.269517,2026-05-19 00:18:40.553191,0 days 00:00:00.283674,64,3.6207885060135223,0.10695273831461476,0.007607772336412652,6,0.3157139203114302,5000,PRUNED
216,0.11399564146995544,2026-05-19 00:18:40.561809,2026-05-19 00:18:40.797906,0 days 00:00:00.236097,16,24.22736015072506,0.13817463911454586,0.006708806317728357,5,0.41887655655605593,5000,PRUNED
217,0.03957027196884155,2026-05-19 00:18:40.806488,2026-05-19 00:18:41.088399,0 days 00:00:00.281911,48,1.1871339790406394,0.24796226488160322,0.0058656078526711205,6,0.3759941285146764,5000,PRUNED
218,0.03383956849575043,2026-05-19 00:18:41.096397,2026-05-19 00:18:41.340589,0 days 00:00:00.244192,96,4.853842763125845,0.1777689281244773,0.008477596949899472,5,0.5592144798267027,3000,PRUNED
219,0.011573119089007378,2026-05-19 00:18:41.348726,2026-05-19 00:18:42.138182,0 days 00:00:00.789456,64,2.370458760650464,0.33152313781206505,0.009355575252898336,6,0.4856967562906636,5000,PRUNED
220,0.034111928194761276,2026-05-19 00:18:42.145762,2026-05-19 00:18:42.416090,0 days 00:00:00.270328,80,1.327388664783894,0.4903835633009861,0.0072014550482964275,5,0.7397986015027261,1000,PRUNED
221,0.033264439553022385,2026-05-19 00:18:42.423338,2026-05-19 00:18:42.714227,0 days 00:00:00.290889,112,1.1036832365400835,0.8407586561662242,0.005052491158882595,6,0.7956349412327077,4000,PRUNED
222,0.032091762870550156,2026-05-19 00:18:42.722391,2026-05-19 00:18:43.009059,0 days 00:00:00.286668,112,1.1861889135086134,0.6477478566327269,0.0055411937394048765,6,0.8123084310032217,4000,PRUNED
223,0.035263750702142715,2026-05-19 00:18:43.017680,2026-05-19 00:18:43.262342,0 days 00:00:00.244662,112,1.0841632437609292,0.4852354948354371,0.006319157614026071,6,0.7832902963885744,4000,PRUNED
224,0.06190218776464462,2026-05-19 00:18:43.270231,2026-05-19 00:18:43.514348,0 days 00:00:00.244117,48,1.2671810038905318,0.36774826737463334,0.0006171723467147658,6,0.8042269550890002,4000,PRUNED
225,0.015900610014796257,2026-05-19 00:18:43.523957,2026-05-19 00:18:44.393365,0 days 00:00:00.869408,64,1.0999183715741696,0.27742205435688355,0.008063361821315972,6,0.7595914265001508,5000,PRUNED
226,0.03714221343398094,2026-05-19 00:18:44.400706,2026-05-19 00:18:44.612504,0 days 00:00:00.211798,48,1.3612649838787507,0.7186169505987451,0.00865574972529338,5,0.7871867038259054,5000,PRUNED
227,0.06452945619821548,2026-05-19 00:18:44.620165,2026-05-19 00:18:44.819197,0 days 00:00:00.199032,64,1.520230912659613,1.1636465037614305,0.009939138657039473,4,0.6688250964305554,4000,PRUNED
228,0.0038377370219677687,2026-05-19 00:18:44.827098,2026-05-19 00:18:46.240174,0 days 00:00:01.413076,112,1.0081453436571692,0.046054406793556255,0.005950248852436128,6,0.5786450702899267,5000,PRUNED
229,0.00013131041487213224,2026-05-19 00:18:46.247056,2026-05-19 00:19:00.002705,0 days 00:00:13.755649,64,1.1851531379588718,0.06675048853780507,0.007441080835513309,6,0.8250781080821217,5000,COMPLETE
230,0.03188912943005562,2026-05-19 00:19:00.012887,2026-05-19 00:19:00.236023,0 days 00:00:00.223136,96,1.1019434931465257,0.20005059701780056,0.004785706741647102,5,0.7746172090711084,4000,PRUNED
231,0.03608556091785431,2026-05-19 00:19:00.243513,2026-05-19 00:19:00.494862,0 days 00:00:00.251349,80,3.80148225935026,0.09869153276329952,0.0028146139219150535,6,0.6881419216897926,5000,PRUNED
232,0.052067793905735016,2026-05-19 00:19:00.501838,2026-05-19 00:19:00.746473,0 days 00:00:00.244635,80,3.0156184485410025,0.1253670904279055,0.0054646529886544825,6,0.7195567231249996,5000,PRUNED
233,0.03030449151992798,2026-05-19 00:19:00.753318,2026-05-19 00:19:00.985636,0 days 00:00:00.232318,80,4.191113378716726,0.0810290563589969,0.003499419360572931,6,0.6257847089147189,5000,PRUNED
234,0.05079834163188934,2026-05-19 00:19:00.992023,2026-05-19 00:19:01.233383,0 days 00:00:00.241360,80,2.4934973605115958,0.14610918832360448,0.004506629803088137,6,0.6452918035942986,5000,PRUNED
235,0.03330891206860542,2026-05-19 00:19:01.240422,2026-05-19 00:19:01.482490,0 days 00:00:00.242068,48,2.192719726295868,0.10336597720858846,0.006704083259353508,6,0.7415662085163794,5000,PRUNED
236,0.019548851996660233,2026-05-19 00:19:01.489053,2026-05-19 00:19:01.935581,0 days 00:00:00.446528,64,2.7054228145599017,0.16630083213765115,0.004060118560988557,6,0.7566989375394527,5000,PRUNED
237,0.03262811899185181,2026-05-19 00:19:01.941978,2026-05-19 00:19:02.162119,0 days 00:00:00.220141,32,3.3657588217995156,0.42320537012827336,0.008072863094943802,5,0.7078596106865042,5000,PRUNED
238,0.03243635222315788,2026-05-19 00:19:02.170439,2026-05-19 00:19:02.350251,0 days 00:00:00.179812,80,1.2276261238811668,0.2270749346636392,0.008998943873537798,3,0.6570109238577483,5000,PRUNED
239,0.05831313878297806,2026-05-19 00:19:02.356823,2026-05-19 00:19:02.561769,0 days 00:00:00.204946,48,1.0641499962994123,0.557814397878264,0.007113921660200458,4,0.38631228210175056,4000,PRUNED
240,0.01918572187423706,2026-05-19 00:19:02.568782,2026-05-19 00:19:03.022458,0 days 00:00:00.453676,128,1.845467038370983,0.11774764206289762,0.0032278719193061735,6,0.7982166241246993,5000,PRUNED
241,0.0001132057950599119,2026-05-19 00:19:03.030517,2026-05-19 00:19:14.907137,0 days 00:00:11.876620,64,1.0242534850811889,0.19898483330818145,0.009115336861676232,6,0.7557650676315614,5000,COMPLETE
242,6.80617376929149e-05,2026-05-19 00:19:14.918696,2026-05-19 00:19:25.370813,0 days 00:00:10.452117,64,1.0812388896049947,0.2207988971698223,0.0092822296003177,6,0.7354197950899657,5000,COMPLETE
243,4.874711885349825e-05,2026-05-19 00:19:25.380587,2026-05-19 00:19:41.896408,0 days 00:00:16.515821,64,1.1489644294733514,0.27489290807553124,0.00831816584187921,6,0.7338303803420556,5000,COMPLETE
244,0.02596346288919449,2026-05-19 00:19:41.909867,2026-05-19 00:19:42.699092,0 days 00:00:00.789225,64,1.1697732236341112,0.2937133318408072,0.008308048952655354,6,0.7297862202238615,5000,PRUNED
245,0.00011878971417900175,2026-05-19 00:19:42.708127,2026-05-19 00:19:55.995917,0 days 00:00:13.287790,64,1.2856521537449992,0.2534755472304992,0.00938492745116335,6,0.7368618857608631,5000,COMPLETE
246,0.03954857587814331,2026-05-19 00:19:56.004631,2026-05-19 00:19:56.248429,0 days 00:00:00.243798,64,1.000738352967501,0.3234269683040122,0.009916140751010941,6,0.73124406211272,5000,PRUNED
247,0.03472764417529106,2026-05-19 00:19:56.255612,2026-05-19 00:19:56.505607,0 days 00:00:00.249995,64,1.1470439474674072,0.21747195420636953,0.007727605399562204,5,0.7452107980103755,5000,PRUNED
248,9.46488362387754e-05,2026-05-19 00:19:56.512598,2026-05-19 00:20:07.917582,0 days 00:00:11.404984,64,1.0962995807331946,0.25514176738881383,0.008598644126239265,6,0.7208454110903545,4000,COMPLETE
249,0.0007210773765109479,2026-05-19 00:20:07.925938,2026-05-19 00:20:12.793591,0 days 00:00:04.867653,64,1.0917617583422332,0.24566729362069253,0.008143128098318733,6,0.6973596716002097,5000,PRUNED
250,0.03033670410513878,2026-05-19 00:20:12.802335,2026-05-19 00:20:13.047126,0 days 00:00:00.244791,64,1.2265107360727152,0.2812897716678674,0.008648703446892208,6,0.7295438888154484,4000,PRUNED
251,0.006350699346512556,2026-05-19 00:20:13.054965,2026-05-19 00:20:14.109134,0 days 00:00:01.054169,64,1.361036831876697,0.17458778113850515,0.007677222239637212,5,0.7185299487487377,2000,PRUNED
252,0.03362540155649185,2026-05-19 00:20:14.116515,2026-05-19 00:20:14.340055,0 days 00:00:00.223540,64,1.0028417995341505,0.22627126846961396,0.009068150276414378,5,0.7170470614372602,3000,PRUNED
253,0.005101487506181002,2026-05-19 00:20:14.348383,2026-05-19 00:20:15.851506,0 days 00:00:01.503123,64,1.1463788357044165,0.34200266242973343,0.009982860919221811,6,0.750072315067566,5000,PRUNED
254,0.059231314808130264,2026-05-19 00:20:15.857806,2026-05-19 00:20:16.009488,0 days 00:00:00.151682,64,1.102777224698801,0.1902008650718188,0.0070892345873755655,2,0.44483774011101396,5000,PRUNED
255,0.006743411999195814,2026-05-19 00:20:16.016040,2026-05-19 00:20:16.982631,0 days 00:00:00.966591,64,1.238439819446653,0.15813530937608783,0.008427286112893216,5,0.7401940347700662,5000,PRUNED
256,0.06010095402598381,2026-05-19 00:20:16.991715,2026-05-19 00:20:17.244893,0 days 00:00:00.253178,48,1.0869428119921056,0.2899260100098959,0.001088256351645077,6,0.7647352571115427,4000,PRUNED
257,0.03289296105504036,2026-05-19 00:20:17.252536,2026-05-19 00:20:17.496512,0 days 00:00:00.243976,64,1.3963496396559314,0.26761335835572236,0.006557346102335808,6,0.7005696887599123,5000,PRUNED
258,0.007103727664798498,2026-05-19 00:20:17.503835,2026-05-19 00:20:18.314701,0 days 00:00:00.810866,64,1.003781480069158,0.054552711672399154,0.008905511980279592,5,0.5895913291742348,5000,PRUNED
259,0.030380643904209137,2026-05-19 00:20:18.324015,2026-05-19 00:20:18.610176,0 days 00:00:00.286161,48,1.5488179497574104,0.3896059195320647,0.007592413465610349,6,0.7160520030557146,5000,PRUNED
260,0.03799234703183174,2026-05-19 00:20:18.619223,2026-05-19 00:20:18.882838,0 days 00:00:00.263615,64,1.1813509851500743,0.20963368805200908,0.008003199682472192,5,0.36058373831660284,4000,PRUNED
261,0.012272410094738007,2026-05-19 00:20:18.893034,2026-05-19 00:20:19.701965,0 days 00:00:00.808931,48,1.2785145421125754,0.15425563183360957,0.009225586550289743,6,0.5085174684842034,5000,PRUNED
262,0.03412626311182976,2026-05-19 00:20:19.710353,2026-05-19 00:20:19.972337,0 days 00:00:00.261984,64,1.081090463281467,0.244109439868263,0.007066446858281372,5,0.4678755232896001,5000,PRUNED
263,0.0485549159348011,2026-05-19 00:20:19.982012,2026-05-19 00:20:20.270569,0 days 00:00:00.288557,48,1.1702882231653868,0.33319986764719683,0.008472338424218101,6,0.8151979060599917,4000,PRUNED
264,0.03246844559907913,2026-05-19 00:20:20.279072,2026-05-19 00:20:20.496341,0 days 00:00:00.217269,32,1.3168269729181459,0.18419824639583063,0.006354840526165766,5,0.7279560172651803,5000,PRUNED
265,0.017355902120471,2026-05-19 00:20:20.504116,2026-05-19 00:20:20.939322,0 days 00:00:00.435206,64,1.6738519640255112,0.1351030614681543,0.00762801599937684,6,0.7487965172248076,5000,PRUNED
266,0.05154239386320114,2026-05-19 00:20:20.947487,2026-05-19 00:20:21.182388,0 days 00:00:00.234901,64,1.0912869685417175,0.3902883544691746,0.009979344632475491,6,0.7760278338137404,5000,PRUNED
267,0.04321858659386635,2026-05-19 00:20:21.189761,2026-05-19 00:20:21.401822,0 days 00:00:00.212061,96,1.4224933146899341,0.07400912044863141,0.008616793891450687,5,0.40103620500205767,4000,PRUNED
268,0.037485551089048386,2026-05-19 00:20:21.408982,2026-05-19 00:20:21.650055,0 days 00:00:00.241073,48,1.989613160082739,0.21574872009265555,0.005908988529166066,6,0.7373127322802483,5000,PRUNED
269,0.1031784638762474,2026-05-19 00:20:21.656408,2026-05-19 00:20:21.843067,0 days 00:00:00.186659,64,6.218590533842774,0.27967926952932265,0.00037897317552047213,4,0.5672554293747565,5000,PRUNED
270,0.035056307911872864,2026-05-19 00:20:21.850975,2026-05-19 00:20:22.062106,0 days 00:00:00.211131,48,1.0024749285817007,0.09175361716492847,0.006697267387767773,5,0.7626634758614104,4000,PRUNED
271,0.007054474204778671,2026-05-19 00:20:22.070582,2026-05-19 00:20:22.908012,0 days 00:00:00.837430,64,1.210660709853577,0.43398940864313407,0.009109544779781677,6,0.45928197702167345,5000,PRUNED
272,0.04791780188679695,2026-05-19 00:20:22.915398,2026-05-19 00:20:23.130680,0 days 00:00:00.215282,64,1.1157372706125186,0.9938904428654611,0.007855734487413031,5,0.6055272314317459,5000,PRUNED
273,0.06395233422517776,2026-05-19 00:20:23.138641,2026-05-19 00:20:23.375730,0 days 00:00:00.237089,48,1.2786192783806873,2.5411084986895283,0.007453397857082471,6,0.7838266361209364,5000,PRUNED
274,0.03890904039144516,2026-05-19 00:20:23.383991,2026-05-19 00:20:23.667766,0 days 00:00:00.283775,16,1.1448149956734044,0.1672448228186166,0.009212537099806574,6,0.49449193713712075,4000,PRUNED
275,0.032048728317022324,2026-05-19 00:20:23.677032,2026-05-19 00:20:23.900397,0 days 00:00:00.223365,64,1.0863672770440038,0.23334085827073703,0.008176335530661114,5,0.5403398054264794,5000,PRUNED
276,0.03526720404624939,2026-05-19 00:20:23.907891,2026-05-19 00:20:24.143015,0 days 00:00:00.235124,32,1.4201378855388833,0.12877338543474084,0.006956046864232061,6,0.8080175972013547,5000,PRUNED
277,0.03180062398314476,2026-05-19 00:20:24.150105,2026-05-19 00:20:24.372804,0 days 00:00:00.222699,48,1.2489566245452415,0.3164081772381353,0.006017360760462801,5,0.7425900162356476,4000,PRUNED
278,0.0403166338801384,2026-05-19 00:20:24.379521,2026-05-19 00:20:24.623330,0 days 00:00:00.243809,64,1.06872353979786,0.8287887787629041,0.00857521072974549,6,0.7237420423863068,5000,PRUNED
279,0.01052887737751007,2026-05-19 00:20:24.629846,2026-05-19 00:20:25.221610,0 days 00:00:00.591764,64,1.6061717955506687,0.10826341914003322,0.007380932671147533,5,0.7691989334755596,3000,PRUNED
280,0.04027717933058739,2026-05-19 00:20:25.229321,2026-05-19 00:20:25.469997,0 days 00:00:00.240676,48,14.179268331536514,0.19964380490013542,0.009349409724318797,6,0.7901113531180728,5000,PRUNED
281,0.04152467101812363,2026-05-19 00:20:25.476662,2026-05-19 00:20:25.720933,0 days 00:00:00.244271,96,1.0047711064876823,0.5127476209307718,0.006452708155034151,6,0.7040497800405553,4000,PRUNED
282,0.061320699751377106,2026-05-19 00:20:25.728390,2026-05-19 00:20:25.907320,0 days 00:00:00.178930,48,1.1822937518017036,0.6642277452181792,0.009966536480661635,3,0.751277815582103,5000,PRUNED
283,0.06625322997570038,2026-05-19 00:20:25.913971,2026-05-19 00:20:26.081009,0 days 00:00:00.167038,64,1.3003690687024627,7.285267861937305,0.00024869328805839156,3,0.7142417857586405,5000,PRUNED
284,0.04653257131576538,2026-05-19 00:20:26.087723,2026-05-19 00:20:26.305070,0 days 00:00:00.217347,128,1.0054373447567129,0.24643654321839487,0.005258306930600169,5,0.4791249008375207,4000,PRUNED
285,0.009944606572389603,2026-05-19 00:20:26.311783,2026-05-19 00:20:27.171150,0 days 00:00:00.859367,64,1.1679822997064664,0.1496574557886223,0.008063127708834982,6,0.5274914894328467,5000,PRUNED
286,0.0322645865380764,2026-05-19 00:20:27.177987,2026-05-19 00:20:27.370830,0 days 00:00:00.192843,112,8.746281117111595,0.18841350267242413,0.005684121285198228,4,0.7339082373753795,5000,PRUNED
287,0.05044693499803543,2026-05-19 00:20:27.377142,2026-05-19 00:20:27.599809,0 days 00:00:00.222667,48,1.4664069071267334,1.330210994487106,0.008594803157513443,5,0.4278211877195325,5000,PRUNED
288,0.03592856228351593,2026-05-19 00:20:27.606480,2026-05-19 00:20:27.850598,0 days 00:00:00.244118,80,1.7564075787614062,0.03601934960253141,0.006912900729548875,6,0.832070526987175,4000,PRUNED
289,0.022935278713703156,2026-05-19 00:20:27.856817,2026-05-19 00:20:28.301518,0 days 00:00:00.444701,64,1.0788477768042117,0.08804274718841565,0.0017607570573029204,6,0.7947836975430517,2000,PRUNED
290,0.03961224481463432,2026-05-19 00:20:28.308044,2026-05-19 00:20:28.528178,0 days 00:00:00.220134,96,1.330100083637999,0.3723047791270489,0.0076648505199527085,5,0.7619184748236941,5000,PRUNED
291,0.03058156929910183,2026-05-19 00:20:28.534551,2026-05-19 00:20:28.768058,0 days 00:00:00.233507,48,1.1805378276907053,0.2696791778673698,0.008956365026559159,6,0.682675627315156,5000,PRUNED
292,0.023880720138549805,2026-05-19 00:20:28.774266,2026-05-19 00:20:29.188499,0 days 00:00:00.414233,64,1.0942702999535812,0.007474152175274387,0.006242688623424183,5,0.8155422938212455,5000,PRUNED
293,0.03229808434844017,2026-05-19 00:20:29.195979,2026-05-19 00:20:29.442147,0 days 00:00:00.246168,64,2.1452752686746224,0.05677895040618294,0.008250498878868952,6,0.7456599704700746,4000,PRUNED
294,0.04517579823732376,2026-05-19 00:20:29.449317,2026-05-19 00:20:29.687606,0 days 00:00:00.238289,112,1.2307341444845261,0.3121222500555956,0.009966833086336318,6,0.7769541114860791,5000,PRUNED
295,0.10465354472398758,2026-05-19 00:20:29.694702,2026-05-19 00:20:29.895132,0 days 00:00:00.200430,48,92.427419395868,0.11866615110944224,0.007339439822157655,4,0.7343680452607191,5000,PRUNED
296,0.01605188474059105,2026-05-19 00:20:29.901759,2026-05-19 00:20:30.302380,0 days 00:00:00.400621,64,1.0066832440662512,0.06704073399367948,0.006678290752181548,5,0.7247511131517173,5000,PRUNED
297,0.031194280833005905,2026-05-19 00:20:30.309481,2026-05-19 00:20:30.530504,0 days 00:00:00.221023,32,1.344335056060033,0.2153833677942998,0.009236184046325152,5,0.7551311694814425,4000,PRUNED
298,0.03135814890265465,2026-05-19 00:20:30.537345,2026-05-19 00:20:30.779511,0 days 00:00:00.242166,48,1.1474302477125486,0.4766165059327231,0.00809412803724568,6,0.8055029460865544,5000,PRUNED
299,0.018356500193476677,2026-05-19 00:20:30.785831,2026-05-19 00:20:31.181189,0 days 00:00:00.395358,80,1.5109357306238638,0.1705305723870426,0.005518712884056504,5,0.6327105678587309,5000,PRUNED
300,0.03301168978214264,2026-05-19 00:20:31.187722,2026-05-19 00:20:31.425462,0 days 00:00:00.237740,64,5.168717114216766,0.14168736432306203,0.007342564028370894,6,0.5521175904060432,5000,PRUNED
301,0.04390459507703781,2026-05-19 00:20:31.431834,2026-05-19 00:20:31.680602,0 days 00:00:00.248768,112,1.0799146399420696,0.25618239811075416,0.008498465107504155,6,0.33186092017991936,4000,PRUNED
302,0.026399698108434677,2026-05-19 00:20:31.687053,2026-05-19 00:20:32.123868,0 days 00:00:00.436815,64,7.3900782262031015,0.32048151167884353,0.006070331324942715,6,0.7660690764115078,3000,PRUNED
303,0.017676839604973793,2026-05-19 00:20:32.130273,2026-05-19 00:20:32.530958,0 days 00:00:00.400685,48,1.2745600754082296,0.19494302141751885,0.009185620564292873,5,0.45063676592324914,5000,PRUNED
304,0.030624570325016975,2026-05-19 00:20:32.537383,2026-05-19 00:20:32.788709,0 days 00:00:00.251326,96,1.006167343546744,0.07919023980380671,0.00684019340292871,6,0.6146992405795807,1000,PRUNED
305,0.04127108305692673,2026-05-19 00:20:32.796156,2026-05-19 00:20:33.065572,0 days 00:00:00.269416,64,1.1700566621848367,0.7368189008782414,0.007888720246337194,5,0.7076901088590548,4000,PRUNED
306,0.0315256342291832,2026-05-19 00:20:33.072935,2026-05-19 00:20:33.324985,0 days 00:00:00.252050,48,1.1044403795918694,0.38589682203963566,0.005083860625931949,6,0.7446379744223819,5000,PRUNED
307,0.03640362247824669,2026-05-19 00:20:33.331816,2026-05-19 00:20:33.543068,0 days 00:00:00.211252,64,1.9076058614566511,1.1180292118039603,0.008699011517641748,5,0.7266292264643428,2000,PRUNED
308,0.05466265231370926,2026-05-19 00:20:33.549517,2026-05-19 00:20:33.782905,0 days 00:00:00.233388,112,1.3826357147603445,0.04574464787158571,0.000827238375747563,6,0.7557743496636589,5000,PRUNED
309,0.007437317166477442,2026-05-19 00:20:33.789194,2026-05-19 00:20:34.635170,0 days 00:00:00.845976,80,1.221624374919213,0.10753179506514578,0.007364975340985431,6,0.7779275734092281,5000,PRUNED
310,0.0013535115867853165,2026-05-19 00:20:34.641660,2026-05-19 00:20:38.261445,0 days 00:00:03.619785,64,2.319222808521453,0.2405529122482516,0.009320648466968923,5,0.4188165125942837,5000,PRUNED
311,0.04037553817033768,2026-05-19 00:20:38.269511,2026-05-19 00:20:38.556403,0 days 00:00:00.286892,48,1.0056779089816295,0.1585805865910076,0.006073249345061593,6,0.7976999659725992,5000,PRUNED
312,0.029804013669490814,2026-05-19 00:20:38.563828,2026-05-19 00:20:39.048024,0 days 00:00:00.484196,64,11.287013717993409,1.9917096793730904,0.009945722788470425,5,0.5912459333918967,4000,PRUNED
313,0.006543615832924843,2026-05-19 00:20:39.055392,2026-05-19 00:20:40.244889,0 days 00:00:01.189497,64,4.632782860572371,0.5799374889944214,0.008075618493791339,6,0.4647656551712209,5000,PRUNED
314,0.03259697183966637,2026-05-19 00:20:40.253416,2026-05-19 00:20:40.477645,0 days 00:00:00.224229,48,1.1151748823738783,0.2938619681691436,0.006810206528679374,5,0.7158294619899943,5000,PRUNED
315,0.050329845398664474,2026-05-19 00:20:40.485316,2026-05-19 00:20:40.639882,0 days 00:00:00.154566,80,1.2476385371254541,0.4505499766114394,0.008499710386251835,2,0.8210995983750603,3000,PRUNED
316,0.04935897886753082,2026-05-19 00:20:40.647519,2026-05-19 00:20:40.824181,0 days 00:00:00.176662,96,1.0922623304302732,0.20738777407377054,0.007520518775091782,3,0.7870933085513605,4000,PRUNED
317,0.006284923292696476,2026-05-19 00:20:40.830789,2026-05-19 00:20:41.861976,0 days 00:00:01.031187,112,1.5715686464568865,0.1314700850680145,0.005723153142281134,6,0.5018531462184288,5000,PRUNED
318,0.032586678862571716,2026-05-19 00:20:41.869077,2026-05-19 00:20:42.083074,0 days 00:00:00.213997,32,1.3699476696462247,0.17715360660745005,0.006463851386572636,5,0.736928251865284,5000,PRUNED
319,0.00014871210441924632,2026-05-19 00:20:42.090929,2026-05-19 00:20:56.148551,0 days 00:00:14.057622,64,1.0011693315368937,0.09489595792860828,0.008953128065760917,6,0.694071507181383,4000,COMPLETE
320,0.04021066427230835,2026-05-19 00:20:56.160421,2026-05-19 00:20:56.439451,0 days 00:00:00.279030,48,65.45421025466015,0.3450715730056833,0.007921803466510958,6,0.7660108686723868,5000,PRUNED
321,0.03347385674715042,2026-05-19 00:20:56.446563,2026-05-19 00:20:56.697430,0 days 00:00:00.250867,64,1.2005538951153754,0.2580607098534098,0.0071106679872929976,5,0.5207325417209031,5000,PRUNED
322,0.0365397073328495,2026-05-19 00:20:56.704861,2026-05-19 00:20:56.936044,0 days 00:00:00.231183,48,1.1137910065981325,0.06863738452747777,0.009937260790893646,4,0.7478020050335191,4000,PRUNED
323,0.017148451879620552,2026-05-19 00:20:56.943006,2026-05-19 00:20:57.479914,0 days 00:00:00.536908,112,1.2926632584866677,0.2279743030044554,0.004914958473275401,6,0.43458139616287855,5000,PRUNED
324,0.01494024321436882,2026-05-19 00:20:57.486804,2026-05-19 00:20:57.878655,0 days 00:00:00.391851,64,35.269626283458535,1.5663499369689082,0.008862547868199016,5,0.719166273068234,5000,PRUNED
325,0.002102759201079607,2026-05-19 00:20:57.885158,2026-05-19 00:21:00.392148,0 days 00:00:02.506990,64,1.1752780037356831,0.11925987383167419,0.006455272487849557,6,0.7823476121998747,4000,PRUNED
326,0.03679756447672844,2026-05-19 00:21:00.398907,2026-05-19 00:21:00.639795,0 days 00:00:00.240888,48,1.0835550554431872,0.919011391544795,0.00802027797716558,6,0.31073148556048513,5000,PRUNED
327,0.045381247997283936,2026-05-19 00:21:00.646337,2026-05-19 00:21:00.881448,0 days 00:00:00.235111,64,1.4709284960263542,0.1466397220157651,0.005487971667491999,6,0.7356504380527729,5000,PRUNED
328,0.033782459795475006,2026-05-19 00:21:00.887678,2026-05-19 00:21:01.105249,0 days 00:00:00.217571,48,1.0043026540844129,0.2875786701598106,0.009242781080020681,5,0.8007809477636105,5000,PRUNED
329,0.10161685943603516,2026-05-19 00:21:01.111821,2026-05-19 00:21:01.327423,0 days 00:00:00.215602,80,20.87210900771776,0.3994220664316183,0.007459106376857837,5,0.34575160954261186,4000,PRUNED
330,0.00017618919082451612,2026-05-19 00:21:01.334461,2026-05-19 00:21:17.483492,0 days 00:00:16.149031,64,2.618973326010059,0.6265496855611882,0.0084277802798439,6,0.7572580935300178,5000,COMPLETE
331,0.044904984533786774,2026-05-19 00:21:17.495579,2026-05-19 00:21:17.759026,0 days 00:00:00.263447,112,1.2551672241209162,0.17691182744386685,0.009965097827363278,6,0.5722409091041308,5000,PRUNED
332,0.03647053241729736,2026-05-19 00:21:17.766160,2026-05-19 00:21:17.988322,0 days 00:00:00.222162,16,1.7124546895344137,0.2307897326091644,0.007075586440609112,5,0.8327143613269468,5000,PRUNED
333,0.03590415418148041,2026-05-19 00:21:17.994670,2026-05-19 00:21:18.242235,0 days 00:00:00.247565,48,1.162654546815613,0.08298074931973129,0.005935041385036847,6,0.4841083946768012,5000,PRUNED
334,0.017994079738855362,2026-05-19 00:21:18.248490,2026-05-19 00:21:18.658928,0 days 00:00:00.410438,64,2.0234921362711438,0.19029536173015676,0.00837679635574637,5,0.8122289833960568,4000,PRUNED
335,0.038261208683252335,2026-05-19 00:21:18.666019,2026-05-19 00:21:18.913375,0 days 00:00:00.247356,96,1.3578298831041575,0.31477872754813485,0.00659622115043168,6,0.7425294731508026,5000,PRUNED
336,0.07723836600780487,2026-05-19 00:21:18.920816,2026-05-19 00:21:19.136840,0 days 00:00:00.216024,64,1.0858393617994955,0.10600054856404299,0.0005238419185127129,5,0.6732485138021318,5000,PRUNED
337,0.04288365691900253,2026-05-19 00:21:19.143984,2026-05-19 00:21:19.391378,0 days 00:00:00.247394,128,47.10507324284642,0.1548355835508302,0.007690880998790291,6,0.7719560086491006,4000,PRUNED
338,0.03374462574720383,2026-05-19 00:21:19.397939,2026-05-19 00:21:19.625232,0 days 00:00:00.227293,48,1.1908457402594215,0.2684951159418923,0.008920619912053361,5,0.7219340867177525,5000,PRUNED
339,0.04111197218298912,2026-05-19 00:21:19.632736,2026-05-19 00:21:19.884328,0 days 00:00:00.251592,80,1.0735736723682503,0.45150958144396003,0.00919137152853437,6,0.4435411036632897,5000,PRUNED
340,0.06442207843065262,2026-05-19 00:21:19.893151,2026-05-19 00:21:20.081199,0 days 00:00:00.188048,64,1.000568673169213,0.7966864878284717,0.0071525256731040125,4,0.7914087819621893,4000,PRUNED
341,0.030878230929374695,2026-05-19 00:21:20.089975,2026-05-19 00:21:20.295964,0 days 00:00:00.205989,112,6.380419885291072,0.21043824277222342,0.005271484215537851,4,0.6597222207410937,5000,PRUNED
342,0.0007993160979822278,2026-05-19 00:21:20.304094,2026-05-19 00:21:25.082715,0 days 00:00:04.778621,64,1.4429939067045652,0.05273334535900281,0.007942062021918892,6,0.7118372155400592,2000,PRUNED
343,0.037187956273555756,2026-05-19 00:21:25.089586,2026-05-19 00:21:25.348624,0 days 00:00:00.259038,48,1.2501698933569856,0.5179015490685057,0.006317423020747323,5,0.7309795054921747,5000,PRUNED
344,0.05045921728014946,2026-05-19 00:21:25.357055,2026-05-19 00:21:25.552773,0 days 00:00:00.195718,32,1.1328399748422777,0.13006073440270674,0.009260979636871843,3,0.4088764430962388,5000,PRUNED
345,0.030007949098944664,2026-05-19 00:21:25.561507,2026-05-19 00:21:25.802860,0 days 00:00:00.241353,64,1.000134636556226,0.3665628227958612,0.004576765331521495,6,0.7482188496253344,4000,PRUNED
346,0.009151192381978035,2026-05-19 00:21:25.811014,2026-05-19 00:21:26.745298,0 days 00:00:00.934284,48,1.3062855379130687,0.2346363209487393,0.008099284408704078,5,0.5366728222169975,5000,PRUNED
347,0.010072683915495872,2026-05-19 00:21:26.751568,2026-05-19 00:21:27.617523,0 days 00:00:00.865955,64,1.829252516693349,0.16500585753535615,0.0058273015680285764,6,0.8457579479945216,5000,PRUNED
348,0.014329135417938232,2026-05-19 00:21:27.625017,2026-05-19 00:21:28.163797,0 days 00:00:00.538780,80,1.5671982861255753,0.09856119925221389,0.006860184793842541,6,0.47118246167703587,5000,PRUNED
349,0.03904423862695694,2026-05-19 00:21:28.170229,2026-05-19 00:21:28.383764,0 days 00:00:00.213535,112,1.1658998143678758,0.29838814910496725,0.008533393946966065,5,0.7020386990520612,5000,PRUNED
350,0.01054464466869831,2026-05-19 00:21:28.390138,2026-05-19 00:21:29.028217,0 days 00:00:00.638079,48,1.0841739622038344,0.06450919492328669,0.009937458623996013,6,0.7693160699503624,4000,PRUNED
351,0.023982228711247444,2026-05-19 00:21:29.034551,2026-05-19 00:21:29.424806,0 days 00:00:00.390255,96,26.999054961508666,0.19424922624753072,0.007458821312517048,5,0.7596508447882677,5000,PRUNED
352,0.01181486900895834,2026-05-19 00:21:29.431863,2026-05-19 00:21:30.203690,0 days 00:00:00.771827,64,1.3340125140039147,0.6388415458522398,0.008683210365196814,6,0.7369633954553069,5000,PRUNED
353,0.036514297127723694,2026-05-19 00:21:30.210800,2026-05-19 00:21:30.467508,0 days 00:00:00.256708,48,2.809248272698072,0.2605710500399173,0.003751288279973094,6,0.8179597029283765,4000,PRUNED
354,0.04586311802268028,2026-05-19 00:21:30.474110,2026-05-19 00:21:30.699863,0 days 00:00:00.225753,64,1.1706176822269192,0.12797247543791312,0.0013628321755250223,5,0.8032715014124095,5000,PRUNED
355,0.06204685941338539,2026-05-19 00:21:30.706956,2026-05-19 00:21:30.954262,0 days 00:00:00.247306,80,1.079450568976613,1.2511772112552164,0.007639157203506065,6,0.7270084650572347,5000,PRUNED
356,0.03200170397758484,2026-05-19 00:21:30.961039,2026-05-19 00:21:31.206708,0 days 00:00:00.245669,64,1.2594436105440037,0.3443478534630043,0.002443831167325382,6,0.787567499705928,1000,PRUNED
357,0.12734133005142212,2026-05-19 00:21:31.213466,2026-05-19 00:21:31.368251,0 days 00:00:00.154785,48,16.696996445116802,0.07655385859833867,0.0062823115469674345,2,0.7528223952742032,3000,PRUNED
358,0.03668944165110588,2026-05-19 00:21:31.374765,2026-05-19 00:21:31.596702,0 days 00:00:00.221937,32,3.515912613204515,0.2103685007905703,0.006926278658334149,5,0.5104695394557573,5000,PRUNED
359,0.03145971521735191,2026-05-19 00:21:31.603371,2026-05-19 00:21:31.849401,0 days 00:00:00.246030,64,1.0809807485371068,0.41935804771979673,0.009977254787878745,6,0.5532263768898424,5000,PRUNED
360,0.0434749498963356,2026-05-19 00:21:31.857105,2026-05-19 00:21:32.085670,0 days 00:00:00.228565,64,1.0006005108776799,0.9470655449590112,0.00835936950131588,5,0.7792440658697525,4000,PRUNED
361,0.028458228334784508,2026-05-19 00:21:32.092344,2026-05-19 00:21:32.553520,0 days 00:00:00.461176,112,5.65612301970499,0.15169094481124426,0.00564357156691946,6,0.3665814724167322,5000,PRUNED
362,0.038318704813718796,2026-05-19 00:21:32.560900,2026-05-19 00:21:32.819103,0 days 00:00:00.258203,80,1.4730793692766964,0.5366885807607518,0.008906814085615233,6,0.39361854787223405,5000,PRUNED
363,0.029525402933359146,2026-05-19 00:21:32.827002,2026-05-19 00:21:33.047169,0 days 00:00:00.220167,64,9.733587276799726,0.278756281274942,0.0050259689067596435,5,0.4601919664767681,4000,PRUNED
364,0.038175325840711594,2026-05-19 00:21:33.053970,2026-05-19 00:21:33.299585,0 days 00:00:00.245615,32,1.1984359769481483,0.09251395096478034,0.007282709650963238,6,0.7420480374363597,3000,PRUNED
365,0.015735484659671783,2026-05-19 00:21:33.307134,2026-05-19 00:21:33.770823,0 days 00:00:00.463689,48,1.6539453971954872,0.043599637144077504,0.007896447836716402,5,0.6207874805891576,5000,PRUNED
366,0.12224753201007843,2026-05-19 00:21:33.778453,2026-05-19 00:21:33.952137,0 days 00:00:00.173684,64,1.1502811627912026,0.023450179596483368,0.00015241784861637673,3,0.6876621736904577,5000,PRUNED
367,0.0035042252857238054,2026-05-19 00:21:33.959385,2026-05-19 00:21:35.264481,0 days 00:00:01.305096,112,1.3596508050339973,0.0018176100309409643,0.006587386036912129,5,0.7226768476582653,4000,PRUNED
368,0.007634562905877829,2026-05-19 00:21:35.271239,2026-05-19 00:21:36.331528,0 days 00:00:01.060289,64,2.3546237440896602,0.18232195873456847,0.009157900739040648,6,0.6418320501739345,5000,PRUNED
369,0.04649871587753296,2026-05-19 00:21:36.340124,2026-05-19 00:21:36.538771,0 days 00:00:00.198647,48,1.0028324564456692,0.24224759631417794,0.008152126023267552,4,0.5924047751933672,5000,PRUNED
370,0.03030230477452278,2026-05-19 00:21:36.546528,2026-05-19 00:21:36.777636,0 days 00:00:00.231108,96,1.2197747809712123,0.1104295455489101,0.006089116970889227,6,0.7081412830879313,5000,PRUNED
371,0.0171032901853323,2026-05-19 00:21:36.785445,2026-05-19 00:21:37.236636,0 days 00:00:00.451191,48,1.0861966762753243,0.3689484410388782,0.00915331495711723,6,0.8027994630835755,5000,PRUNED
372,0.03475046157836914,2026-05-19 00:21:37.245904,2026-05-19 00:21:37.463068,0 days 00:00:00.217164,64,1.2925283792673825,0.2044991797840737,0.007582929781766357,5,0.7544661626490128,4000,PRUNED
373,0.0316430926322937,2026-05-19 00:21:37.471002,2026-05-19 00:21:37.688116,0 days 00:00:00.217114,64,2.1219870514752195,0.7247185108037774,0.006918268312747371,5,0.7715783200329912,5000,PRUNED
374,0.03861279413104057,2026-05-19 00:21:37.695047,2026-05-19 00:21:38.088517,0 days 00:00:00.393470,48,1.1005505971386356,0.14269882772694512,0.005384689501632317,5,0.7310752584064218,4000,PRUNED
375,0.016085755079984665,2026-05-19 00:21:38.096123,2026-05-19 00:21:38.599965,0 days 00:00:00.503842,64,4.20789688374611,0.3208991093558512,0.008427075709047351,6,0.8212757745563405,2000,PRUNED
376,0.0496315099298954,2026-05-19 00:21:38.609797,2026-05-19 00:21:38.904530,0 days 00:00:00.294733,48,1.403946132029939,1.5912643405653495,0.00430771670336347,6,0.49551619259862684,5000,PRUNED
377,0.013437247835099697,2026-05-19 00:21:38.912083,2026-05-19 00:21:39.762038,0 days 00:00:00.849955,64,1.1842913583208443,0.16436500816061586,0.009212565659871932,6,0.7860986201067248,5000,PRUNED
378,0.037830278277397156,2026-05-19 00:21:39.768949,2026-05-19 00:21:39.984411,0 days 00:00:00.215462,112,3.090586551191077,0.465860811863948,0.006290025233435395,5,0.7404607552616786,5000,PRUNED
379,0.003979738336056471,2026-05-19 00:21:39.991745,2026-05-19 00:21:41.441760,0 days 00:00:01.450015,96,1.0884335185804634,0.058355018702066955,0.007682327595630398,6,0.7624454050923973,4000,PRUNED
380,0.018843049183487892,2026-05-19 00:21:41.448874,2026-05-19 00:21:41.903231,0 days 00:00:00.454357,48,1.2439808767542477,0.23048819649317712,0.008463374269629367,5,0.7142085633491492,5000,PRUNED
381,0.0363241471350193,2026-05-19 00:21:41.910566,2026-05-19 00:21:42.102968,0 days 00:00:00.192402,128,1.5354106814404236,0.11845340594231452,0.009322644200768665,4,0.7500684825453334,5000,PRUNED
382,0.033029887825250626,2026-05-19 00:21:42.110530,2026-05-19 00:21:42.395616,0 days 00:00:00.285086,64,1.0804060765810504,0.29011890307859617,0.007038372837970093,6,0.4515472515911435,5000,PRUNED
383,0.007087824400514364,2026-05-19 00:21:42.402374,2026-05-19 00:21:43.437928,0 days 00:00:01.035554,64,1.8850514336143802,0.1831832349717551,0.009904756039793516,6,0.7969482608877033,3000,PRUNED
384,0.03361039608716965,2026-05-19 00:21:43.445176,2026-05-19 00:21:43.714092,0 days 00:00:00.268916,48,1.170525322562609,0.08266619540742297,0.005809572491067446,5,0.7229759006623951,4000,PRUNED
385,0.11054863780736923,2026-05-19 00:21:43.721401,2026-05-19 00:21:44.013042,0 days 00:00:00.291641,80,41.40080517624494,1.054526930944405,0.007826608472442835,6,0.5609746007825354,5000,PRUNED
386,0.039629943668842316,2026-05-19 00:21:44.019858,2026-05-19 00:21:44.314394,0 days 00:00:00.294536,16,1.3128940093801689,0.23442573111957093,0.004761982307121445,6,0.6978294956743963,5000,PRUNED
387,0.03916080296039581,2026-05-19 00:21:44.323177,2026-05-19 00:21:44.553260,0 days 00:00:00.230083,112,1.0090921690653296,0.13671972467937973,0.006611417251591111,5,0.8093526741558236,4000,PRUNED
388,0.015984773635864258,2026-05-19 00:21:44.562009,2026-05-19 00:21:45.102616,0 days 00:00:00.540607,64,1.0005806572689289,0.36620131666518985,0.008545343568786,6,0.7720613225964676,5000,PRUNED
389,0.036123886704444885,2026-05-19 00:21:45.110687,2026-05-19 00:21:45.368847,0 days 00:00:00.258160,48,1.1630638527404193,0.25543493561819913,0.007436203720470895,5,0.5244263163676002,5000,PRUNED
390,0.03168918192386627,2026-05-19 00:21:45.377373,2026-05-19 00:21:45.663815,0 days 00:00:00.286442,64,79.80459820577532,0.5629023317161415,0.009946370487367401,6,0.7318148601247082,4000,PRUNED
391,0.034065090119838715,2026-05-19 00:21:45.672649,2026-05-19 00:21:45.920387,0 days 00:00:00.247738,80,1.7047535744008762,0.19653052008600713,0.008553307892878968,5,0.6074635155316898,5000,PRUNED
392,0.035986557602882385,2026-05-19 00:21:45.929819,2026-05-19 00:21:46.213990,0 days 00:00:00.284171,48,1.4457648163923928,0.07301454874965395,0.006019458407580989,6,0.8334145047648973,5000,PRUNED
393,0.03989618644118309,2026-05-19 00:21:46.221760,2026-05-19 00:21:46.486583,0 days 00:00:00.264823,64,1.2527007178757077,0.7857540515707855,0.005270364966809769,5,0.43819564592160964,4000,PRUNED
394,0.036736197769641876,2026-05-19 00:21:46.493878,2026-05-19 00:21:46.777235,0 days 00:00:00.283357,96,1.0939094751384684,0.09758504152340279,0.007894571435903202,6,0.8824709733872464,5000,PRUNED
395,0.03314299136400223,2026-05-19 00:21:46.784024,2026-05-19 00:21:47.022538,0 days 00:00:00.238514,64,1.3391668100312606,0.29557383091476425,0.007036853513675391,5,0.7514352644699652,5000,PRUNED
396,0.014340998604893684,2026-05-19 00:21:47.030578,2026-05-19 00:21:47.492507,0 days 00:00:00.461929,48,2.5082302687431333,0.4284721822871325,0.009131467641224437,6,0.47365100588339715,5000,PRUNED
397,0.01946854405105114,2026-05-19 00:21:47.499655,2026-05-19 00:21:47.944042,0 days 00:00:00.444387,64,1.1488607933465842,0.16198433535197143,0.00813095178835027,6,0.580491090390761,5000,PRUNED
398,0.031693242490291595,2026-05-19 00:21:47.950460,2026-05-19 00:21:48.185933,0 days 00:00:00.235473,80,1.06832598670376,0.035629254933493275,0.00655313447192194,6,0.7397421810329894,4000,PRUNED
399,0.03709162771701813,2026-05-19 00:21:48.192748,2026-05-19 00:21:48.409653,0 days 00:00:00.216905,112,1.2072892570222662,0.11428523867772136,0.007317753207211566,5,0.7791936185234671,5000,PRUNED
400,0.04158062860369682,2026-05-19 00:21:48.415823,2026-05-19 00:21:48.671866,0 days 00:00:00.256043,32,1.2928193352994002,0.33909252568416703,0.009179916225654285,6,0.7611694995508388,5000,PRUNED
401,0.03562212362885475,2026-05-19 00:21:48.678455,2026-05-19 00:21:48.893454,0 days 00:00:00.214999,64,1.0828541408220347,0.015309227210031928,0.005748509305242166,5,0.4212815469459311,5000,PRUNED
402,0.05208374932408333,2026-05-19 00:21:48.899878,2026-05-19 00:21:49.071133,0 days 00:00:00.171255,48,1.5841676516068783,0.21024807700559073,0.00868322913638927,3,0.48654462498761425,4000,PRUNED
403,0.06854983419179916,2026-05-19 00:21:49.077608,2026-05-19 00:21:49.288998,0 days 00:00:00.211390,64,13.339033969148188,0.25875755193236394,0.0019419663683739239,5,0.7901868792667528,5000,PRUNED
404,0.06658904254436493,2026-05-19 00:21:49.295403,2026-05-19 00:21:49.490095,0 days 00:00:00.194692,48,1.4153100630562303,3.649797245906054,0.007883776095442491,4,0.714337386719371,5000,PRUNED
405,0.014987990260124207,2026-05-19 00:21:49.496790,2026-05-19 00:21:49.932200,0 days 00:00:00.435410,64,1.1610174186542828,0.1744003195510373,0.009912031749332376,6,0.37693258935070295,2000,PRUNED
406,0.05030724033713341,2026-05-19 00:21:49.938460,2026-05-19 00:21:50.174283,0 days 00:00:00.235823,112,2.2055462029203317,1.275467258847119,0.007407789007527933,6,0.7284323956228868,4000,PRUNED
407,0.06276173889636993,2026-05-19 00:21:50.180618,2026-05-19 00:21:50.424448,0 days 00:00:00.243830,64,1.0210168627234215,0.13643497191847678,0.0010014280267164708,6,0.8086584742700228,5000,PRUNED
408,0.04294881597161293,2026-05-19 00:21:50.430941,2026-05-19 00:21:50.654055,0 days 00:00:00.223114,128,1.2341560438158894,0.2204169024056693,0.006641823504050221,5,0.7430640269542517,5000,PRUNED
409,0.04294099658727646,2026-05-19 00:21:50.660522,2026-05-19 00:21:50.878894,0 days 00:00:00.218372,80,1.08058232257871,0.4706791648410347,0.00850434924040204,5,0.7681780733856204,1000,PRUNED
410,0.03357856720685959,2026-05-19 00:21:50.884989,2026-05-19 00:21:51.118583,0 days 00:00:00.233594,48,1.1601757235441417,0.05141837621475305,0.00622594274565958,6,0.6765538165040956,5000,PRUNED
411,0.06216549873352051,2026-05-19 00:21:51.125070,2026-05-19 00:21:51.336774,0 days 00:00:00.211704,64,1.370992499738824,0.2959693036504939,0.0006574796364009291,5,0.7544306828997056,4000,PRUNED
412,0.03754870221018791,2026-05-19 00:21:51.343268,2026-05-19 00:21:51.587358,0 days 00:00:00.244090,112,1.0086570649749884,0.06753816473284388,0.005226201977021535,6,0.8237423321508162,5000,PRUNED
413,0.043859805911779404,2026-05-19 00:21:51.593893,2026-05-19 00:21:51.775879,0 days 00:00:00.181986,96,3.80711469159595,0.1641566313706835,0.00923329415077714,3,0.7256662379745629,5000,PRUNED
414,0.03603846952319145,2026-05-19 00:21:51.782290,2026-05-19 00:21:52.028647,0 days 00:00:00.246357,48,1.0035041123634936,0.6010137736494336,0.007127925042749371,6,0.7890091282921479,5000,PRUNED
415,0.0343581922352314,2026-05-19 00:21:52.035198,2026-05-19 00:21:52.282095,0 days 00:00:00.246897,32,5.195513498680849,0.3764400771438008,0.008172857261679387,6,0.7045279005202169,3000,PRUNED
416,0.007280426565557718,2026-05-19 00:21:52.288494,2026-05-19 00:21:53.031350,0 days 00:00:00.742856,64,1.973322607418067,0.0957253497591455,0.009982072384450086,5,0.7444392240138515,5000,PRUNED
417,0.0608244463801384,2026-05-19 00:21:53.037956,2026-05-19 00:21:53.236986,0 days 00:00:00.199030,64,1.2630847046327602,0.8411003228218594,0.008791170215758835,4,0.8029487970401145,4000,PRUNED
418,0.03590703755617142,2026-05-19 00:21:53.243335,2026-05-19 00:21:53.491749,0 days 00:00:00.248414,48,1.1367828340944477,0.24775586159723784,0.007918060786486096,6,0.5446622722775677,5000,PRUNED
419,0.0711529329419136,2026-05-19 00:21:53.497942,2026-05-19 00:21:53.650598,0 days 00:00:00.152656,96,6.912475587411446,0.2039935277664926,0.005740854702667071,2,0.7747407980155804,5000,PRUNED
420,0.031594064086675644,2026-05-19 00:21:53.657613,2026-05-19 00:21:53.883920,0 days 00:00:00.226307,64,8.233504501718292,0.08320184320228649,0.00659980034279711,5,0.7631045538340255,4000,PRUNED
421,0.0073780217207968235,2026-05-19 00:21:53.890380,2026-05-19 00:21:54.957338,0 days 00:00:01.066958,80,1.1138994015014765,0.11943730800260684,0.007235420606317624,6,0.7341655350362852,5000,PRUNED
422,0.04084574431180954,2026-05-19 00:21:54.963945,2026-05-19 00:21:55.186423,0 days 00:00:00.222478,112,1.4635679537369755,0.30360188724090703,0.008874876624224816,5,0.6936940759763282,4000,PRUNED
423,0.03340613842010498,2026-05-19 00:21:55.192899,2026-05-19 00:21:55.441648,0 days 00:00:00.248749,64,1.0013086043786095,0.6915856788596952,0.004527157842122874,6,0.5159774749353808,5000,PRUNED
424,0.03328149765729904,2026-05-19 00:21:55.448222,2026-05-19 00:21:55.696058,0 days 00:00:00.247836,48,1.2591518288697066,0.18781735256338167,0.007806113567804889,6,0.7204467046368735,5000,PRUNED
425,0.029331430792808533,2026-05-19 00:21:55.703220,2026-05-19 00:21:55.930078,0 days 00:00:00.226858,64,1.7289061761009974,0.25738641480047547,0.006185116602938259,5,0.45176136676233586,5000,PRUNED
426,0.0026707607321441174,2026-05-19 00:21:55.937830,2026-05-19 00:21:57.625725,0 days 00:00:01.687895,64,1.140192891612321,0.14538254543641488,0.009242226636814635,5,0.7950932151217468,4000,PRUNED
427,0.0372445285320282,2026-05-19 00:21:57.632934,2026-05-19 00:21:57.886300,0 days 00:00:00.253366,48,1.2456940889804125,1.0631854161449854,0.0069517460394590965,6,0.6494554829948647,5000,PRUNED
428,0.03358026593923569,2026-05-19 00:21:57.893440,2026-05-19 00:21:58.138760,0 days 00:00:00.245320,80,1.0932712775168358,0.4755718596563937,0.008357736665730446,6,0.40655153185304216,5000,PRUNED
429,0.04613674059510231,2026-05-19 00:21:58.145975,2026-05-19 00:21:58.391510,0 days 00:00:00.245535,64,1.3140009662206869,0.3090396852487219,0.005496202487814598,6,0.74372980616293,5000,PRUNED
430,0.031688421964645386,2026-05-19 00:21:58.399134,2026-05-19 00:21:58.617833,0 days 00:00:00.218699,48,1.088855643368074,0.2231927474466915,0.00764223673605702,5,0.5022262600732182,5000,PRUNED
431,0.040960874408483505,2026-05-19 00:21:58.625605,2026-05-19 00:21:58.872934,0 days 00:00:00.247329,32,1.4100075580232203,0.3868315250093516,0.004842116871963048,6,0.8155541191260508,4000,PRUNED
432,0.003283390309661627,2026-05-19 00:21:58.880705,2026-05-19 00:22:00.155920,0 days 00:00:01.275215,112,1.5896318232053759,0.06022714852477018,0.009268427853957335,5,0.7798761865255115,5000,PRUNED
433,0.00016356939158868045,2026-05-19 00:22:00.162770,2026-05-19 00:22:11.525970,0 days 00:00:11.363200,64,1.0006721203318298,0.15988698219486386,0.008252188762647024,6,0.7587014439968202,5000,COMPLETE
434,0.07188033312559128,2026-05-19 00:22:11.536957,2026-05-19 00:22:11.778972,0 days 00:00:00.242015,48,99.6896565989759,0.1120761923609462,0.006571902207305789,5,0.3563781222979583,4000,PRUNED
435,0.06328849494457245,2026-05-19 00:22:11.786762,2026-05-19 00:22:12.067221,0 days 00:00:00.280459,64,1.1779458484415146,0.5443523210356634,0.0002805351920106914,6,0.46427786541494126,5000,PRUNED
436,0.0390436165034771,2026-05-19 00:22:12.075765,2026-05-19 00:22:12.324491,0 days 00:00:00.248726,16,1.2322257053271015,0.19118563881523226,0.00995028060255265,6,0.3199538964880897,5000,PRUNED
437,0.04190395772457123,2026-05-19 00:22:12.334406,2026-05-19 00:22:12.589456,0 days 00:00:00.255050,96,2.838240153158685,0.2680693149388236,0.007318765476703685,5,0.7074497637929399,5000,PRUNED
438,0.006924787536263466,2026-05-19 00:22:12.598085,2026-05-19 00:22:13.457126,0 days 00:00:00.859041,80,1.0916717246788195,0.0900533621046745,0.00859503039552736,6,0.7362991390719241,4000,PRUNED
439,0.04442405700683594,2026-05-19 00:22:13.463809,2026-05-19 00:22:13.664834,0 days 00:00:00.201025,48,1.3480316507785337,0.12819546888410502,0.0062590715412289,4,0.4340208842313408,5000,PRUNED
440,0.03061153180897236,2026-05-19 00:22:13.672780,2026-05-19 00:22:13.895920,0 days 00:00:00.223140,64,1.1921814803753135,0.3249170896357017,0.007894868714018243,5,0.750427732459764,3000,PRUNED
441,0.00102421420160681,2026-05-19 00:22:13.904354,2026-05-19 00:22:18.303862,0 days 00:00:04.399508,48,1.0819792556563304,0.22255812513384335,0.009280557446568367,6,0.631909384961891,2000,PRUNED
442,0.04511307179927826,2026-05-19 00:22:18.311173,2026-05-19 00:22:18.562103,0 days 00:00:00.250930,112,1.176182819897184,0.41777574926244626,0.009997356991694985,6,0.8403784866636649,5000,PRUNED
443,0.03347250074148178,2026-05-19 00:22:18.568321,2026-05-19 00:22:18.992150,0 days 00:00:00.423829,64,3.162277370855749,0.16831822823738818,0.004076122977459856,5,0.7220889317319982,5000,PRUNED
444,0.05142752453684807,2026-05-19 00:22:18.998738,2026-05-19 00:22:19.245260,0 days 00:00:00.246522,32,1.0067151604450042,0.668118633048547,0.0058058556535053344,6,0.7800001744818413,5000,PRUNED
445,0.044275496155023575,2026-05-19 00:22:19.251970,2026-05-19 00:22:19.431658,0 days 00:00:00.179688,64,1.0003994224508863,0.1402298426461045,0.006978307146399515,3,0.5964999774584441,4000,PRUNED
446,0.1662706732749939,2026-05-19 00:22:19.437976,2026-05-19 00:22:19.662211,0 days 00:00:00.224235,48,1.846042024189204,0.005191698018504444,0.0004459267515940709,5,0.801178367866901,5000,PRUNED
447,0.037674680352211,2026-05-19 00:22:19.668638,2026-05-19 00:22:19.914949,0 days 00:00:00.246311,64,1.528541101244388,0.9227704660415018,0.00853201799202275,6,0.5642852063311469,4000,PRUNED
448,0.010845777578651905,2026-05-19 00:22:19.921214,2026-05-19 00:22:20.572424,0 days 00:00:00.651210,64,1.3185101437732443,0.26158587034378844,0.007387405039570689,6,0.7632743162183433,5000,PRUNED
449,0.039307545870542526,2026-05-19 00:22:20.578945,2026-05-19 00:22:20.801717,0 days 00:00:00.222772,96,1.137438374745183,0.07837334880800173,0.008760970120667707,5,0.3353211125763914,5000,PRUNED
450,0.03164113685488701,2026-05-19 00:22:20.808300,2026-05-19 00:22:21.028119,0 days 00:00:00.219819,80,4.639540232157854,0.2099618005430182,0.005126505880502751,5,0.732868823883763,5000,PRUNED
451,0.03276732191443443,2026-05-19 00:22:21.034364,2026-05-19 00:22:21.283354,0 days 00:00:00.248990,48,2.345281363212775,0.35467807904570636,0.0066551557229006745,6,0.5378335683312371,4000,PRUNED
452,0.03689228370785713,2026-05-19 00:22:21.290018,2026-05-19 00:22:21.541126,0 days 00:00:00.251108,112,1.0945712220759605,0.193290431884205,0.007974218379142231,6,0.7448298302833073,5000,PRUNED
453,0.04958151653409004,2026-05-19 00:22:21.548401,2026-05-19 00:22:21.755287,0 days 00:00:00.206886,64,1.2169076658696676,0.26599566546421344,0.006096179742585836,4,0.7103164071382214,5000,PRUNED
454,0.014373325742781162,2026-05-19 00:22:21.762656,2026-05-19 00:22:22.175369,0 days 00:00:00.412713,48,1.366678549772876,0.09756847199812978,0.00911365960292474,5,0.4817899667454582,4000,PRUNED
455,0.031970296055078506,2026-05-19 00:22:22.182748,2026-05-19 00:22:22.408123,0 days 00:00:00.225375,64,2.118897964793071,0.49136950942040886,0.007553095302953433,5,0.8251066518404973,5000,PRUNED
456,0.0007228354224935174,2026-05-19 00:22:22.414694,2026-05-19 00:22:26.779208,0 days 00:00:04.364514,112,1.0752643616560777,0.15135217663322004,0.005584008326686234,6,0.7528780720978273,5000,PRUNED
457,0.06375560164451599,2026-05-19 00:22:26.786809,2026-05-19 00:22:27.030541,0 days 00:00:00.243732,80,1.0029159295001269,1.867438870927482,0.0082400880199838,6,0.7935297325463584,5000,PRUNED
458,0.03434479609131813,2026-05-19 00:22:27.039242,2026-05-19 00:22:27.217770,0 days 00:00:00.178528,64,1.244958284734748,0.12486091650810344,0.006762374255923882,3,0.38758025450259886,4000,PRUNED
459,0.011819545179605484,2026-05-19 00:22:27.226686,2026-05-19 00:22:27.897870,0 days 00:00:00.671184,48,1.4693771459736509,0.31469167741270987,0.00900694177024505,6,0.5805533886294915,2000,PRUNED
460,0.03530356287956238,2026-05-19 00:22:27.905944,2026-05-19 00:22:28.120773,0 days 00:00:00.214829,32,1.1746971367361119,0.22337754485253428,0.002762606461644989,5,0.7234291833601717,5000,PRUNED
461,0.004091020207852125,2026-05-19 00:22:28.128758,2026-05-19 00:22:29.253876,0 days 00:00:01.125118,64,1.0846312442686992,0.05152838482688597,0.007276243188130449,5,0.7696171805636018,5000,PRUNED
462,0.07107901573181152,2026-05-19 00:22:29.260960,2026-05-19 00:22:29.415964,0 days 00:00:00.155004,48,2.6208868368727267,0.39556390508506606,0.0001268079148932344,2,0.8163682932304781,5000,PRUNED
463,0.04979938268661499,2026-05-19 00:22:29.422524,2026-05-19 00:22:29.670015,0 days 00:00:00.247491,128,52.149738232270266,0.07258158754618758,0.009992598182275797,6,0.7338655748503096,3000,PRUNED
464,0.017005478963255882,2026-05-19 00:22:29.676515,2026-05-19 00:22:30.329793,0 days 00:00:00.653278,64,1.3442317506322552,0.16617825176266587,0.007909594825929529,6,0.6845229378224589,1000,PRUNED
465,0.028972569853067398,2026-05-19 00:22:30.336504,2026-05-19 00:22:30.581401,0 days 00:00:00.244897,64,1.645127769475654,0.10838969986319974,0.00628993355441813,6,0.6644902171171851,4000,PRUNED
466,0.057658080011606216,2026-05-19 00:22:30.587871,2026-05-19 00:22:30.813599,0 days 00:00:00.225728,48,1.0011970427129013,1.2237807096158297,0.0031614389334042032,5,0.7877323136986387,5000,PRUNED
467,0.01562053244560957,2026-05-19 00:22:30.820196,2026-05-19 00:22:31.274219,0 days 00:00:00.454023,112,18.19687526938698,0.2545609455689195,0.008652055846604854,6,0.8578168647948645,4000,PRUNED
468,0.014240462332963943,2026-05-19 00:22:31.280891,2026-05-19 00:22:31.688990,0 days 00:00:00.408099,80,1.1675429316496428,0.04015174497922534,0.007040833647050209,5,0.8058124224194935,5000,PRUNED
469,0.03580082207918167,2026-05-19 00:22:31.695595,2026-05-19 00:22:31.972951,0 days 00:00:00.277356,96,1.26537316339272,0.1845757386412508,0.009313304579085252,6,0.4161171455707797,5000,PRUNED
470,0.03715229779481888,2026-05-19 00:22:31.979360,2026-05-19 00:22:32.208189,0 days 00:00:00.228829,64,1.1415836321789559,0.5613747641365947,0.005279388352507835,5,0.6168492342310002,5000,PRUNED
471,0.048718299716711044,2026-05-19 00:22:32.214665,2026-05-19 00:22:32.469192,0 days 00:00:00.254527,48,6.184348110256376,0.3030015280450344,0.008179869424869438,6,0.7567367120299104,5000,PRUNED
472,0.04459725692868233,2026-05-19 00:22:32.476077,2026-05-19 00:22:32.739323,0 days 00:00:00.263246,64,1.4692676364557924,0.834196295673069,0.005994451996639797,5,0.4441174341908367,4000,PRUNED
473,0.013799280859529972,2026-05-19 00:22:32.746460,2026-05-19 00:22:33.542492,0 days 00:00:00.796032,64,1.0935172763343106,0.22468070592733969,0.007575091503026844,6,0.7138817215166873,5000,PRUNED
474,0.01189268659800291,2026-05-19 00:22:33.549508,2026-05-19 00:22:34.229271,0 days 00:00:00.679763,48,1.289163990325954,0.4068900048373401,0.009232328200884703,6,0.5265066225951613,5000,PRUNED
475,0.04094177484512329,2026-05-19 00:22:34.235982,2026-05-19 00:22:34.442064,0 days 00:00:00.206082,112,1.9713784888768902,0.13829629830333356,0.006619671851466608,4,0.7375738548928065,4000,PRUNED
476,0.046675119549036026,2026-05-19 00:22:34.448709,2026-05-19 00:22:34.664098,0 days 00:00:00.215389,64,1.7817924187104954,1.4747810099253718,0.008254192427955692,5,0.7700415951439562,5000,PRUNED
477,0.032223526388406754,2026-05-19 00:22:34.670380,2026-05-19 00:22:34.914663,0 days 00:00:00.244283,80,1.0984069670016516,0.33967815623512426,0.007403455193875789,6,0.7481105899638031,5000,PRUNED
478,0.0309471283107996,2026-05-19 00:22:34.921552,2026-05-19 00:22:35.139003,0 days 00:00:00.217451,48,4.0707462948329205,0.08602193407456839,0.004661884420505259,5,0.7262668104154669,5000,PRUNED
479,0.03620181977748871,2026-05-19 00:22:35.145322,2026-05-19 00:22:35.381911,0 days 00:00:00.236589,96,1.2046409701801266,0.18292721856787247,0.008559076811176753,6,0.45950559439045974,3000,PRUNED
480,0.03347865864634514,2026-05-19 00:22:35.388283,2026-05-19 00:22:35.603959,0 days 00:00:00.215676,64,1.0050784192565732,0.268590331274958,0.005699640435817401,5,0.7819333968136095,5000,PRUNED
481,0.01408239547163248,2026-05-19 00:22:35.610399,2026-05-19 00:22:36.249420,0 days 00:00:00.639021,64,1.3699410205367273,0.6627979667439835,0.009972632715505553,6,0.7979206516733209,5000,PRUNED
482,0.04365529119968414,2026-05-19 00:22:36.255997,2026-05-19 00:22:36.496939,0 days 00:00:00.240942,48,25.095402595469984,0.10910968886843012,0.006945020756288352,6,0.4913941709761087,4000,PRUNED
483,0.042757757008075714,2026-05-19 00:22:36.503437,2026-05-19 00:22:36.724838,0 days 00:00:00.221401,64,31.054439199110814,0.22659938898555762,0.009232929186932701,5,0.7000169198110607,4000,PRUNED
484,0.040840115398168564,2026-05-19 00:22:36.731806,2026-05-19 00:22:37.020650,0 days 00:00:00.288844,48,9.564995660333631,0.06561604186621994,0.007767210662669282,6,0.7654007752591457,5000,PRUNED
485,0.031107215210795403,2026-05-19 00:22:37.028337,2026-05-19 00:22:37.247959,0 days 00:00:00.219622,64,1.0917457373797248,0.33212674907643974,0.008521704439658455,5,0.7451985582285895,5000,PRUNED
486,0.04435694217681885,2026-05-19 00:22:37.254518,2026-05-19 00:22:37.491044,0 days 00:00:00.236526,16,3.5023211773378327,0.150156166726953,0.006192251307913159,6,0.7225670371082793,4000,PRUNED
487,0.05400097742676735,2026-05-19 00:22:37.497396,2026-05-19 00:22:37.692104,0 days 00:00:00.194708,112,1.2096907359231202,0.5080534290609385,0.00507660549778302,4,0.8119109893858925,5000,PRUNED
488,0.033417265862226486,2026-05-19 00:22:37.698877,2026-05-19 00:22:37.979117,0 days 00:00:00.280240,48,1.086459826958689,0.207382679835952,0.007958071964116695,6,0.7349293242075718,5000,PRUNED
489,0.06219107657670975,2026-05-19 00:22:37.985586,2026-05-19 00:22:38.242272,0 days 00:00:00.256686,64,1.2737743242556285,2.2480499297398686,0.001312489481551022,5,0.4721894527013037,5000,PRUNED
490,0.038764819502830505,2026-05-19 00:22:38.249142,2026-05-19 00:22:38.490989,0 days 00:00:00.241847,32,11.017827147695352,0.2832027100502506,0.0069088711181246616,6,0.7567345183823287,5000,PRUNED
491,0.02980508655309677,2026-05-19 00:22:38.497729,2026-05-19 00:22:38.738318,0 days 00:00:00.240589,80,1.5764444737453402,0.1768324063021055,0.009196647178653991,6,0.5506874332823127,4000,PRUNED
492,0.05089545249938965,2026-05-19 00:22:38.745336,2026-05-19 00:22:38.963024,0 days 00:00:00.217688,112,1.1313458684793392,1.0484980177505665,0.008596423115555425,5,0.5076047133238867,5000,PRUNED
493,0.0028529029805213213,2026-05-19 00:22:38.971396,2026-05-19 00:22:41.023117,0 days 00:00:02.051721,64,1.4276421889016413,0.12593210440673078,0.00751887118593027,6,0.7787205824585647,5000,PRUNED
494,0.03340166062116623,2026-05-19 00:22:41.029750,2026-05-19 00:22:41.289433,0 days 00:00:00.259683,48,1.008201019352041,0.0951131428243838,0.005663803556780407,5,0.8295100377203087,5000,PRUNED
495,0.0029825964011251926,2026-05-19 00:22:41.296271,2026-05-19 00:22:42.733632,0 days 00:00:01.437361,64,1.1909303295707925,0.4343248800088489,0.009940966230273704,6,0.5696629411922935,5000,PRUNED
496,0.03305545821785927,2026-05-19 00:22:42.741020,2026-05-19 00:22:42.954102,0 days 00:00:00.213082,64,1.0000487650710583,0.2341121307655521,0.006570280818044459,5,0.7121352367033263,4000,PRUNED
497,0.04223990440368652,2026-05-19 00:22:42.962746,2026-05-19 00:22:43.245473,0 days 00:00:00.282727,128,1.3127910926539508,0.35633078412479346,0.008083645626479286,6,0.7432492602647166,3000,PRUNED
498,0.03035770356655121,2026-05-19 00:22:43.254402,2026-05-19 00:22:43.472654,0 days 00:00:00.218252,48,1.1582204822881603,0.030036504671730115,0.007150441382018748,5,0.7874993169683395,5000,PRUNED
499,0.036676108837127686,2026-05-19 00:22:43.480428,2026-05-19 00:22:43.717979,0 days 00:00:00.237551,80,1.088151393811386,0.17201316832207483,0.00921995080909155,6,0.7268864992345174,5000,PRUNED
500,0.03561782464385033,2026-05-19 00:22:43.724882,2026-05-19 00:22:43.965726,0 days 00:00:00.240844,64,15.509920475140435,0.2593274167004702,0.0063856587175284245,6,0.763519254023283,5000,PRUNED
501,0.029724396765232086,2026-05-19 00:22:43.971973,2026-05-19 00:22:44.195354,0 days 00:00:00.223381,32,1.0001338639458919,0.061393758955795526,0.00856573711630082,5,0.42717258167034494,5000,PRUNED
502,0.040577612817287445,2026-05-19 00:22:44.201845,2026-05-19 00:22:44.442157,0 days 00:00:00.240312,48,1.2425146779664524,0.137538205855184,0.007574242846674795,6,0.8079019120671163,4000,PRUNED
503,0.015178307890892029,2026-05-19 00:22:44.448479,2026-05-19 00:22:44.752944,0 days 00:00:00.304465,112,40.50916038523899,0.5873587818678452,0.00994241404066248,3,0.7495298325188307,5000,PRUNED
504,0.032288096845149994,2026-05-19 00:22:44.760533,2026-05-19 00:22:44.973184,0 days 00:00:00.212651,64,63.71632679138712,0.7765305756690014,0.00594520742530263,5,0.6955298766584317,4000,PRUNED
505,0.037916310131549835,2026-05-19 00:22:44.979627,2026-05-19 00:22:45.211815,0 days 00:00:00.232188,96,1.382694550003834,0.21243657329793017,0.008756911760258317,6,0.7289697317225717,5000,PRUNED
506,0.06351784616708755,2026-05-19 00:22:45.218823,2026-05-19 00:22:45.371701,0 days 00:00:00.152878,64,2.4964115120454062,9.851557649727672,0.005381170771163885,2,0.7186236089384208,5000,PRUNED
507,0.010685423389077187,2026-05-19 00:22:45.377935,2026-05-19 00:22:45.980469,0 days 00:00:00.602534,64,2.1843577803128547,0.07684894673958059,0.008070381872003915,5,0.6040195653877886,2000,PRUNED
508,0.03260386362671852,2026-05-19 00:22:45.989033,2026-05-19 00:22:46.249769,0 days 00:00:00.260736,48,1.1492727082236198,0.1048108763308118,0.007021552622866808,6,0.30243199940226423,4000,PRUNED
509,0.01940257102251053,2026-05-19 00:22:46.256692,2026-05-19 00:22:46.690125,0 days 00:00:00.433433,80,1.5114512546940504,0.2951730528870414,0.004337557625425591,6,0.7382938564791186,5000,PRUNED
510,0.032364677637815475,2026-05-19 00:22:46.697561,2026-05-19 00:22:46.909925,0 days 00:00:00.212364,96,5.690415200665074,0.19047211628159552,0.009228995883383785,5,0.7671750993420943,5000,PRUNED
511,0.03025210276246071,2026-05-19 00:22:46.916365,2026-05-19 00:22:47.132960,0 days 00:00:00.216595,48,1.7504952932747657,0.04555983909008279,0.007700758336870425,5,0.7989580412967413,4000,PRUNED
512,0.03075483813881874,2026-05-19 00:22:47.139912,2026-05-19 00:22:47.381849,0 days 00:00:00.241937,64,1.0730415483601086,0.44247759199468867,0.004831733545903587,6,0.44230813579001993,5000,PRUNED
513,0.0004888412076979876,2026-05-19 00:22:47.389410,2026-05-19 00:22:54.827010,0 days 00:00:07.437600,64,1.2397773805712284,0.15899771974540894,0.00634602873778996,6,0.7837156208340117,5000,PRUNED
514,0.053007662296295166,2026-05-19 00:22:54.835020,2026-05-19 00:22:55.053518,0 days 00:00:00.218498,64,1.0866704776050373,0.24890015866074586,0.0020994545585237847,4,0.7546168652961829,5000,PRUNED
515,0.052800968289375305,2026-05-19 00:22:55.059911,2026-05-19 00:22:55.299661,0 days 00:00:00.239750,48,20.343795903641656,0.36201782862439935,0.008609783382059998,6,0.4012071206539312,4000,PRUNED
516,0.031051939353346825,2026-05-19 00:22:55.305762,2026-05-19 00:22:55.525773,0 days 00:00:00.220011,48,1.303647010383009,0.12310186703304932,0.007145298123062564,5,0.7068699977461865,5000,PRUNED
517,0.03440943732857704,2026-05-19 00:22:55.532258,2026-05-19 00:22:55.749650,0 days 00:00:00.217392,32,1.1584352342280648,0.2005495002246693,0.00915395459284264,5,0.7724498723495099,5000,PRUNED
518,0.030269363895058632,2026-05-19 00:22:55.756256,2026-05-19 00:22:55.998023,0 days 00:00:00.241767,112,1.0834496486578082,0.08915414864130819,0.003554583096755299,6,0.8228062168159723,5000,PRUNED
519,0.03913860395550728,2026-05-19 00:22:56.004528,2026-05-19 00:22:56.200849,0 days 00:00:00.196321,64,1.183390888881956,0.29609239962570866,0.008190424422350389,4,0.7941201141252663,5000,PRUNED
520,0.03639554604887962,2026-05-19 00:22:56.207198,2026-05-19 00:22:56.453279,0 days 00:00:00.246081,80,1.3925424157230015,0.6745985664629733,0.009996027936794813,6,0.6524403607727133,4000,PRUNED
521,0.03881169110536575,2026-05-19 00:22:56.459632,2026-05-19 00:22:56.704934,0 days 00:00:00.245302,48,1.007313480749182,0.900974290024507,0.0066448894165904715,6,0.5331007904421479,5000,PRUNED
522,0.03280631825327873,2026-05-19 00:22:56.711643,2026-05-19 00:22:56.943673,0 days 00:00:00.232030,112,1.608727467168716,0.144281689368497,0.005854077189040208,5,0.6289034292950503,4000,PRUNED
523,0.050042569637298584,2026-05-19 00:22:56.950821,2026-05-19 00:22:57.127839,0 days 00:00:00.177018,64,1.260569958130066,0.2421366586215545,0.007714449667178966,3,0.4541047478254355,5000,PRUNED
524,0.00018557935254648328,2026-05-19 00:22:57.134917,2026-05-19 00:23:10.491293,0 days 00:00:13.356376,64,1.0850646999452231,0.05325699037607919,0.00856003941565014,6,0.7384349489333651,5000,COMPLETE
525,0.01945951022207737,2026-05-19 00:23:10.503621,2026-05-19 00:23:10.960118,0 days 00:00:00.456497,48,1.934536096603722,0.11060263702767976,0.0072825451492665345,5,0.748147256630305,1000,PRUNED
526,0.0037866788916289806,2026-05-19 00:23:10.966660,2026-05-19 00:23:12.232650,0 days 00:00:01.265990,64,4.435728907558275,0.4994019841960462,0.009386712821511203,6,0.7171402038493658,5000,PRUNED
527,0.03288508206605911,2026-05-19 00:23:12.240491,2026-05-19 00:23:12.481672,0 days 00:00:00.241181,80,7.827552581927625,1.3178221020594336,0.005434641243513885,5,0.6778410272688232,4000,PRUNED
528,0.015454954467713833,2026-05-19 00:23:12.488524,2026-05-19 00:23:12.944640,0 days 00:00:00.456116,64,1.2133358996097394,0.1736765211727939,0.006564855080987989,6,0.8075385388120592,5000,PRUNED
529,0.06690385937690735,2026-05-19 00:23:12.951170,2026-05-19 00:23:13.191996,0 days 00:00:00.240826,96,1.4490020315617906,0.35580073087853464,0.00019268419655595588,6,0.47571817848686093,5000,PRUNED
530,0.029117228463292122,2026-05-19 00:23:13.198886,2026-05-19 00:23:13.425471,0 days 00:00:00.226585,48,1.0944353366349016,0.22024066355055805,0.007893184111058136,5,0.7343825268029055,5000,PRUNED
531,0.03346293047070503,2026-05-19 00:23:13.432156,2026-05-19 00:23:13.656246,0 days 00:00:00.224090,64,1.3138473286675856,0.28223102658361243,0.008653149984420393,5,0.36780255955737606,4000,PRUNED
532,0.055140841752290726,2026-05-19 00:23:13.662769,2026-05-19 00:23:13.912647,0 days 00:00:00.249878,48,3.062221307107946,0.07250117670075142,0.00997639297379651,6,0.5181231757285872,5000,PRUNED
533,0.030660076066851616,2026-05-19 00:23:13.919114,2026-05-19 00:23:14.162759,0 days 00:00:00.243645,112,1.166374726764534,0.15098459711861983,0.006120226325564418,6,0.7772837475010401,5000,PRUNED
534,0.03613827005028725,2026-05-19 00:23:14.169074,2026-05-19 00:23:14.391173,0 days 00:00:00.222099,80,1.0680463887175264,0.1989740883808854,0.00722473340334679,5,0.7606469401506492,3000,PRUNED
535,0.01663883402943611,2026-05-19 00:23:14.397387,2026-05-19 00:23:14.840437,0 days 00:00:00.443050,64,1.181438214942446,0.40834653102018786,0.0082816153852888,6,0.8423630418265934,2000,PRUNED
536,0.03655017912387848,2026-05-19 00:23:14.847370,2026-05-19 00:23:15.085960,0 days 00:00:00.238590,32,1.2917024723264763,0.2570041149271784,0.005024025454295297,6,0.4977249767265137,4000,PRUNED
537,0.04948686063289642,2026-05-19 00:23:15.092985,2026-05-19 00:23:15.304017,0 days 00:00:00.211032,96,1.075521307629669,0.32218016612833783,0.009042753753693096,4,0.7267558594056537,5000,PRUNED
538,0.03053095191717148,2026-05-19 00:23:15.310749,2026-05-19 00:23:15.530849,0 days 00:00:00.220100,64,1.011512023873275,0.09810446579938895,0.006769380093176186,5,0.7919142334809763,5000,PRUNED
539,0.01182033121585846,2026-05-19 00:23:15.537675,2026-05-19 00:23:16.172849,0 days 00:00:00.635174,112,1.1753124003252182,0.12349603460374167,0.007616657010260974,6,0.8157224326320898,5000,PRUNED
540,0.02973526157438755,2026-05-19 00:23:16.179472,2026-05-19 00:23:16.421236,0 days 00:00:00.241764,64,1.006934409241868,0.5820883476782235,0.0059708693994600425,6,0.755260215337211,5000,PRUNED
541,0.022911041975021362,2026-05-19 00:23:16.427738,2026-05-19 00:23:16.837152,0 days 00:00:00.409414,48,5.064565522547094,0.17271911856124936,0.0038937346159646485,5,0.6396552296104562,4000,PRUNED
542,0.03002125211060047,2026-05-19 00:23:16.845023,2026-05-19 00:23:17.116969,0 days 00:00:00.271946,48,1.69464382107865,0.22704906190123292,0.009094247534144536,5,0.7068471347296124,5000,PRUNED
543,0.03964964672923088,2026-05-19 00:23:17.124736,2026-05-19 00:23:17.379723,0 days 00:00:00.254987,16,1.3974275532021538,1.0649949263281673,0.007963408449482956,6,0.7429123141718904,4000,PRUNED
544,0.039004240185022354,2026-05-19 00:23:17.386107,2026-05-19 00:23:17.610372,0 days 00:00:00.224265,64,1.0031477572322565,0.44626330224512695,0.007064486841724568,5,0.5909472636187032,5000,PRUNED
545,0.033367037773132324,2026-05-19 00:23:17.617029,2026-05-19 00:23:17.857691,0 days 00:00:00.240662,64,2.2618417281487844,0.06076245530403588,0.005487529447132277,6,0.7190557596784699,5000,PRUNED
546,0.06685368716716766,2026-05-19 00:23:17.864390,2026-05-19 00:23:18.087196,0 days 00:00:00.222806,48,1.2363733957635568,5.439214245182035,0.008419820744892273,5,0.4652659627002866,5000,PRUNED
547,0.05781032517552376,2026-05-19 00:23:18.093896,2026-05-19 00:23:18.345179,0 days 00:00:00.251283,48,1.1398469040565244,0.2855945188765767,0.0016198477454866782,6,0.7674111053795547,4000,PRUNED
548,0.054525475949048996,2026-05-19 00:23:18.351897,2026-05-19 00:23:18.599816,0 days 00:00:00.247919,128,1.3512788649104839,0.08450687187357903,0.009959808684266271,6,0.7357255741863772,3000,PRUNED
549,0.13980013132095337,2026-05-19 00:23:18.606356,2026-05-19 00:23:18.829683,0 days 00:00:00.223327,64,1.136078276076087,0.002999744507980999,0.0008772010017755794,5,0.5525952005235212,5000,PRUNED
550,0.03513015806674957,2026-05-19 00:23:18.837652,2026-05-19 00:23:19.082059,0 days 00:00:00.244407,64,1.001079865019341,0.7910043133023488,0.006289173454969284,6,0.7789798152948313,5000,PRUNED
551,0.033218491822481155,2026-05-19 00:23:19.089879,2026-05-19 00:23:19.269983,0 days 00:00:00.180104,80,1.531530539532175,0.19352837652593968,0.009170763310213353,3,0.3440575540346442,4000,PRUNED
552,0.0316472128033638,2026-05-19 00:23:19.278032,2026-05-19 00:23:19.520754,0 days 00:00:00.242722,112,3.8685497306280956,0.1354960525747462,0.007423410618851738,6,0.7998874975134415,5000,PRUNED
553,0.029199304059147835,2026-05-19 00:23:19.528471,2026-05-19 00:23:19.750457,0 days 00:00:00.221986,64,2.797235368134131,0.3664377610974532,0.008144251681603175,5,0.69505640497409,5000,PRUNED
554,0.028985261917114258,2026-05-19 00:23:19.757330,2026-05-19 00:23:19.995067,0 days 00:00:00.237737,48,2.0513280339860747,0.25572945514879963,0.006820447801736376,6,0.5741055507844588,5000,PRUNED
555,0.029627762734889984,2026-05-19 00:23:20.001558,2026-05-19 00:23:20.175513,0 days 00:00:00.173955,112,1.111583781769305,0.16049080628260007,0.009162950774482105,3,0.7428685955841602,5000,PRUNED
556,0.03674788773059845,2026-05-19 00:23:20.181975,2026-05-19 00:23:20.404126,0 days 00:00:00.222151,64,1.2655887944760191,0.22184245312960466,0.00770582474382334,5,0.7512227757508286,4000,PRUNED
557,0.018117964267730713,2026-05-19 00:23:20.410815,2026-05-19 00:23:20.859560,0 days 00:00:00.448745,96,12.078973249282637,0.11292926148304028,0.008475158726858686,6,0.8287665268826474,5000,PRUNED
558,0.05852549895644188,2026-05-19 00:23:20.866143,2026-05-19 00:23:21.112605,0 days 00:00:00.246462,48,1.2036899312748897,1.738749929623724,0.009994256316662321,6,0.6647132255413952,5000,PRUNED
559,0.04989471659064293,2026-05-19 00:23:21.119769,2026-05-19 00:23:21.321266,0 days 00:00:00.201497,64,1.4285969973388948,0.3067560002488837,0.004663266980011853,4,0.4373575531219005,5000,PRUNED
560,0.033124733716249466,2026-05-19 00:23:21.327940,2026-05-19 00:23:21.556486,0 days 00:00:00.228546,64,1.8376293098711258,0.5285594763699724,0.0064987811278158746,5,0.4887555083705427,5000,PRUNED
561,0.032137949019670486,2026-05-19 00:23:21.563187,2026-05-19 00:23:21.798285,0 days 00:00:00.235098,48,1.0915017349953213,0.18731086327346733,0.005571184191229024,5,0.7237366582798719,4000,PRUNED
562,0.03594648838043213,2026-05-19 00:23:21.805341,2026-05-19 00:23:22.056545,0 days 00:00:00.251204,80,1.29090097272873,0.7004581267900075,0.008722397432644314,6,0.7617597893825211,4000,PRUNED
563,0.031014876440167427,2026-05-19 00:23:22.063387,2026-05-19 00:23:22.292935,0 days 00:00:00.229548,32,1.1106511258767944,0.0730750730379481,0.007630537934165635,5,0.7854892131879699,5000,PRUNED
564,0.0570177361369133,2026-05-19 00:23:22.299530,2026-05-19 00:23:22.545319,0 days 00:00:00.245789,64,3.291877136002455,0.14480091872288137,0.007085892125967259,6,0.7315817610158482,5000,PRUNED
565,0.015730855986475945,2026-05-19 00:23:22.552419,2026-05-19 00:23:23.018372,0 days 00:00:00.465953,112,1.1852509459387417,0.24432637251867254,0.0059567714023556146,6,0.6145333398264159,5000,PRUNED
566,0.0049087065272033215,2026-05-19 00:23:23.025649,2026-05-19 00:23:24.592920,0 days 00:00:01.567271,80,1.0020314843710851,0.0010435855196165675,0.008184561194045979,5,0.8122320320391848,4000,PRUNED
567,7.13329718564637e-05,2026-05-19 00:23:24.600575,2026-05-19 00:23:39.377866,0 days 00:00:14.777291,64,1.5118371879773356,0.3380643485114546,0.009137010454251658,6,0.7498654364844215,5000,COMPLETE
568,0.014804108068346977,2026-05-19 00:23:39.386778,2026-05-19 00:23:39.848590,0 days 00:00:00.461812,48,1.8037660387519527,0.42833412226038303,0.0069575602114701094,6,0.759094555437134,5000,PRUNED
569,0.05809826776385307,2026-05-19 00:23:39.855445,2026-05-19 00:23:40.030794,0 days 00:00:00.175349,64,1.6204766927399021,0.3495848818381954,0.0076924030318258315,2,0.7460645159276661,1000,PRUNED
570,0.0007704813033342361,2026-05-19 00:23:40.037713,2026-05-19 00:23:44.444111,0 days 00:00:04.406398,48,1.5290370154157857,0.4164069292154629,0.009048236244488538,6,0.7716390437407845,5000,PRUNED
571,0.04619457945227623,2026-05-19 00:23:44.452572,2026-05-19 00:23:44.666871,0 days 00:00:00.214299,64,1.634493560816766,0.3333214360912966,0.006393856875793327,4,0.7470747549909457,4000,PRUNED
572,0.04640816152095795,2026-05-19 00:23:44.676637,2026-05-19 00:23:44.903641,0 days 00:00:00.227004,48,1.4760424039774531,0.5223923285759586,0.005082893747206593,5,0.7335109593383156,5000,PRUNED
573,0.030295535922050476,2026-05-19 00:23:44.911647,2026-05-19 00:23:45.153356,0 days 00:00:00.241709,64,1.9770397175173353,0.6327944834201862,0.008309133239256963,6,0.7149635404725355,5000,PRUNED
574,0.04088423773646355,2026-05-19 00:23:45.161681,2026-05-19 00:23:45.407166,0 days 00:00:00.245485,96,1.3911093140520034,0.30580466472129864,0.009244563626650423,6,0.7569957926922858,5000,PRUNED
575,0.044599827378988266,2026-05-19 00:23:45.415020,2026-05-19 00:23:45.670263,0 days 00:00:00.255243,112,1.7614795123952292,0.9332844171275239,0.007417650777138943,6,0.38310361445951885,4000,PRUNED
576,0.03435448929667473,2026-05-19 00:23:45.676940,2026-05-19 00:23:45.896464,0 days 00:00:00.219524,64,1.3651574722769557,0.37355301708121963,0.0059848859868912654,5,0.7888960644860926,5000,PRUNED
577,0.08485198765993118,2026-05-19 00:23:45.902859,2026-05-19 00:23:46.115731,0 days 00:00:00.212872,16,85.38778416296658,0.46450569120583485,0.00853736971974173,5,0.7667643117280059,5000,PRUNED
578,0.035255830734968185,2026-05-19 00:23:46.122268,2026-05-19 00:23:46.342352,0 days 00:00:00.220084,64,2.4651377763357383,0.09151567167593054,0.006821970970554818,5,0.7382028223366901,5000,PRUNED
579,0.03352069482207298,2026-05-19 00:23:46.349820,2026-05-19 00:23:46.591775,0 days 00:00:00.241955,128,1.5539121380381813,0.29363184004670384,0.00072095624764307,6,0.7743752844061494,4000,PRUNED
580,0.03468194231390953,2026-05-19 00:23:46.598909,2026-05-19 00:23:46.837177,0 days 00:00:00.238268,80,6.637280698560534,0.04594536005666707,0.008010801283044476,6,0.7201188825156171,5000,PRUNED
581,0.03382720425724983,2026-05-19 00:23:46.844114,2026-05-19 00:23:47.062444,0 days 00:00:00.218330,48,1.2219388997042226,0.2648962455191954,0.00929711784963318,5,0.745858272641202,5000,PRUNED
582,0.04312621057033539,2026-05-19 00:23:47.068920,2026-05-19 00:23:47.318013,0 days 00:00:00.249093,32,8.903102582419143,1.1478576764092938,0.005474316070382062,6,0.7265777560336482,4000,PRUNED
583,0.0013906242093071342,2026-05-19 00:23:47.324484,2026-05-19 00:23:50.895341,0 days 00:00:03.570857,64,1.3108519137579673,0.10056534793561116,0.007323607749730848,5,0.7544539975152862,5000,PRUNED
584,0.039117686450481415,2026-05-19 00:23:50.904778,2026-05-19 00:23:51.186124,0 days 00:00:00.281346,48,1.495119141822177,0.40557583589607715,0.008502680113627837,6,0.7067566633155238,2000,PRUNED
585,0.016964981332421303,2026-05-19 00:23:51.194422,2026-05-19 00:23:51.602250,0 days 00:00:00.407828,64,1.3081374220986022,0.06594134914821843,0.006543115152198607,4,0.7962022024657995,3000,PRUNED
586,0.034173864871263504,2026-05-19 00:23:51.611621,2026-05-19 00:23:51.882397,0 days 00:00:00.270776,48,1.0003917096948152,0.3395027714191073,0.009986247989808794,5,0.7746126794452062,5000,PRUNED
587,0.020245900377631187,2026-05-19 00:23:51.891761,2026-05-19 00:23:52.429206,0 days 00:00:00.537445,64,1.1723754735985363,0.1180799151099142,0.0043546561209182105,6,0.7358024137451011,3000,PRUNED
588,0.002465540776029229,2026-05-19 00:23:52.438127,2026-05-19 00:23:54.735350,0 days 00:00:02.297223,64,1.6998895441610213,0.23603149988649322,0.007769019115250702,6,0.5424349883684876,5000,PRUNED
589,0.042739786207675934,2026-05-19 00:23:54.742668,2026-05-19 00:23:55.025957,0 days 00:00:00.283289,112,1.0969405600851392,1.4439374898948656,0.009016042002401508,6,0.80470602477391,4000,PRUNED
590,0.032350681722164154,2026-05-19 00:23:55.033609,2026-05-19 00:23:55.267817,0 days 00:00:00.234208,80,1.2412605785735384,0.5652629766181366,0.005944411426122845,5,0.5601179016812583,5000,PRUNED
591,0.04990240931510925,2026-05-19 00:23:55.275163,2026-05-19 00:23:55.533995,0 days 00:00:00.258832,48,72.01979635043912,0.16940671220232612,0.0071555254957552565,6,0.762663877309762,5000,PRUNED
592,0.06950592249631882,2026-05-19 00:23:55.541659,2026-05-19 00:23:55.799561,0 days 00:00:00.257902,112,1.4510466426668143,0.1973110244084692,0.0003859652133069738,5,0.7504721838888332,5000,PRUNED
593,0.030511662364006042,2026-05-19 00:23:55.806310,2026-05-19 00:23:56.046598,0 days 00:00:00.240288,64,1.0980053931533935,0.2866988097233481,0.007955935544992751,5,0.6926453543920869,4000,PRUNED
594,0.05978194624185562,2026-05-19 00:23:56.053767,2026-05-19 00:23:56.226056,0 days 00:00:00.172289,96,2.219790391559767,0.7883451293420308,0.005106330419842897,2,0.822743874663054,5000,PRUNED
595,0.001089816098101437,2026-05-19 00:23:56.233075,2026-05-19 00:24:00.221510,0 days 00:00:03.988435,48,1.335270006431447,0.14591371993437285,0.008718301629714466,6,0.784957126385728,5000,PRUNED
596,0.05293532833456993,2026-05-19 00:24:00.228207,2026-05-19 00:24:00.476492,0 days 00:00:00.248285,64,1.1790856598533292,0.46458010190839527,0.001116270234095786,6,0.7271959515737503,5000,PRUNED
597,0.03967142105102539,2026-05-19 00:24:00.483594,2026-05-19 00:24:00.732409,0 days 00:00:00.248815,48,1.0781334741849353,0.12282336238556342,0.006671519100136229,6,0.7104166141160425,4000,PRUNED
598,0.031810034066438675,2026-05-19 00:24:00.738800,2026-05-19 00:24:00.986521,0 days 00:00:00.247721,80,1.2618408790811186,0.08269970251976685,0.009936586337299588,5,0.7380191125407829,5000,PRUNED
599,0.03225170448422432,2026-05-19 00:24:00.992872,2026-05-19 00:24:01.220324,0 days 00:00:00.227452,64,1.003969436194208,0.3606100231729759,0.007915411543970708,5,0.7527915947008341,5000,PRUNED
600,0.05530409514904022,2026-05-19 00:24:01.227134,2026-05-19 00:24:01.407524,0 days 00:00:00.180390,64,1.1744026862768144,0.20773185204261027,0.006301852497503529,3,0.5119016297323438,5000,PRUNED
601,0.029155120253562927,2026-05-19 00:24:01.414021,2026-05-19 00:24:01.665446,0 days 00:00:00.251425,48,1.9594603374584758,0.2505777941441735,0.009150956062305201,6,0.5848938524855135,5000,PRUNED
602,0.028831196948885918,2026-05-19 00:24:01.673201,2026-05-19 00:24:01.921582,0 days 00:00:00.248381,112,1.413966689494423,0.1013137856581615,0.007339672057332351,6,0.5999593219016459,4000,PRUNED
603,0.02870027907192707,2026-05-19 00:24:01.929669,2026-05-19 00:24:02.176117,0 days 00:00:00.246448,64,1.0799939025865606,0.3037518573619569,0.00547892727021339,6,0.8060664504743973,5000,PRUNED
604,0.034232474863529205,2026-05-19 00:24:02.183927,2026-05-19 00:24:02.413487,0 days 00:00:00.229560,32,1.6073409471689772,0.6309037844685499,0.008537350060181097,5,0.7736973915441048,4000,PRUNED
605,9.196618339046836e-05,2026-05-19 00:24:02.421657,2026-05-19 00:24:15.455908,0 days 00:00:13.034251,64,1.258090781237619,0.1627168150264294,0.008138609422551703,6,0.7177938114414215,5000,COMPLETE
606,0.028611714020371437,2026-05-19 00:24:15.465491,2026-05-19 00:24:15.748950,0 days 00:00:00.283459,64,1.292422702636497,0.14631875971497227,0.007914471670047926,6,0.6801943427620408,5000,PRUNED
607,0.0029498396907001734,2026-05-19 00:24:15.756112,2026-05-19 00:24:17.196461,0 days 00:00:01.440349,64,1.1550229720004184,0.1693911708281969,0.009183756277608151,5,0.7172631543337689,5000,PRUNED
608,0.003625116776674986,2026-05-19 00:24:17.203333,2026-05-19 00:24:18.357344,0 days 00:00:01.154011,64,1.1265993880357608,0.1360218801425699,0.008316973303225358,5,0.6932708905933095,5000,PRUNED
609,0.028287779539823532,2026-05-19 00:24:18.364072,2026-05-19 00:24:18.656416,0 days 00:00:00.292344,64,1.3792024265364922,0.1932180864868921,0.0025839174273482764,6,0.7046205639976021,5000,PRUNED
610,0.03971545025706291,2026-05-19 00:24:18.663978,2026-05-19 00:24:18.957288,0 days 00:00:00.293310,64,7.122016127309018,0.16012204463722124,0.007558213288139646,6,0.7247744376941957,5000,PRUNED
611,0.0049881283193826675,2026-05-19 00:24:18.966694,2026-05-19 00:24:19.925370,0 days 00:00:00.958676,64,1.0024190079932218,0.12683581507388403,0.009212262851260065,5,0.7158679929874661,5000,PRUNED
612,0.00013543173554353416,2026-05-19 00:24:19.932294,2026-05-19 00:24:33.095303,0 days 00:00:13.163009,64,1.229265901006726,0.21640781227716976,0.008637785040154018,6,0.7349165013294271,5000,COMPLETE
613,0.01824413612484932,2026-05-19 00:24:33.106080,2026-05-19 00:24:33.585204,0 days 00:00:00.479124,64,2.645460627417793,0.05661290240047465,0.007305782096554471,5,0.7042577037070983,5000,PRUNED
614,0.033328961580991745,2026-05-19 00:24:33.593548,2026-05-19 00:24:33.843272,0 days 00:00:00.249724,64,4.750900643898706,0.03857491792463224,0.008260666126786987,6,0.7290859823360525,5000,PRUNED
615,0.040823787450790405,2026-05-19 00:24:33.851219,2026-05-19 00:24:34.064254,0 days 00:00:00.213035,64,23.134620950583347,0.17767308412051244,0.009247424596199027,5,0.7435263501770408,5000,PRUNED
616,0.030798308551311493,2026-05-19 00:24:34.071485,2026-05-19 00:24:34.309176,0 days 00:00:00.237691,48,1.5339882650271524,0.10823398439366617,0.006871997268473276,6,0.7558392450881646,5000,PRUNED
617,0.045464709401130676,2026-05-19 00:24:34.315716,2026-05-19 00:24:34.513304,0 days 00:00:00.197588,80,1.0788343648864234,0.2396072999893577,0.007892859186613447,4,0.7210724613350252,2000,PRUNED
618,0.00013277855759952217,2026-05-19 00:24:34.519724,2026-05-19 00:24:47.679576,0 days 00:00:13.159852,64,1.2364547434717823,0.20467130091490002,0.00997560116184212,6,0.741082304783388,5000,COMPLETE
619,0.0013741606380790472,2026-05-19 00:24:47.690845,2026-05-19 00:24:51.386046,0 days 00:00:03.695201,64,1.7870334455408687,0.07275691840904518,0.008626132481315031,6,0.5320390650205753,5000,PRUNED
620,0.07751482725143433,2026-05-19 00:24:51.393819,2026-05-19 00:24:51.627013,0 days 00:00:00.233194,48,1.0895937264771494,0.09008469938861481,0.00048626300691641093,5,0.7138104690487367,5000,PRUNED
621,0.03104441985487938,2026-05-19 00:24:51.634212,2026-05-19 00:24:51.839209,0 days 00:00:00.204997,64,2.077349899861958,0.15286844303094657,0.007178755965661836,4,0.729554281310751,5000,PRUNED
622,0.037263840436935425,2026-05-19 00:24:51.846945,2026-05-19 00:24:52.068362,0 days 00:00:00.221417,80,53.295871285040896,0.26369867597738156,0.007783748564314244,5,0.7567577287365691,5000,PRUNED
623,0.0027964168693870306,2026-05-19 00:24:52.076057,2026-05-19 00:24:53.551847,0 days 00:00:01.475790,64,1.3605539459528042,0.11737254681249835,0.00998395885025978,6,0.7438312791933825,5000,PRUNED
624,0.04353100806474686,2026-05-19 00:24:53.558947,2026-05-19 00:24:53.813353,0 days 00:00:00.254406,48,33.14464189070733,0.17267390810452574,0.008226282257507793,6,0.3996726397342163,5000,PRUNED
625,0.03386317193508148,2026-05-19 00:24:53.820149,2026-05-19 00:24:54.106688,0 days 00:00:00.286539,64,1.1845764685368212,0.2296976275572871,0.006753745448930248,6,0.3293667677204104,5000,PRUNED
626,0.02007310837507248,2026-05-19 00:24:54.113623,2026-05-19 00:24:54.531667,0 days 00:00:00.418044,48,3.705214178194915,0.269105948407023,0.009148716511688882,5,0.7008843922942902,5000,PRUNED
627,0.033054955303668976,2026-05-19 00:24:54.538849,2026-05-19 00:24:54.769549,0 days 00:00:00.230700,96,1.0013153825099412,0.131967288001583,0.007414522737656562,5,0.6548193934010877,3000,PRUNED
628,0.000800686189904809,2026-05-19 00:24:54.776408,2026-05-19 00:24:59.114115,0 days 00:00:04.337707,64,1.0923445230715363,0.18747860450197706,0.008513172959110742,6,0.6882004013683821,5000,PRUNED
629,0.03310975059866905,2026-05-19 00:24:59.121965,2026-05-19 00:24:59.349231,0 days 00:00:00.227266,48,1.4715194027885277,0.3121409954907787,0.0089131947045456,5,0.7314314351552647,5000,PRUNED
630,0.01571515016257763,2026-05-19 00:24:59.357743,2026-05-19 00:25:00.099169,0 days 00:00:00.741426,64,1.2733779401315544,0.21787786810433288,0.006535041108669571,6,0.6243626414399787,5000,PRUNED
631,0.03279280662536621,2026-05-19 00:25:00.106359,2026-05-19 00:25:00.383998,0 days 00:00:00.277639,96,2.368694164970953,0.0901104669990035,0.007774307346284114,6,0.7616429387559697,5000,PRUNED
632,0.03328026086091995,2026-05-19 00:25:00.390634,2026-05-19 00:25:00.590245,0 days 00:00:00.199611,48,1.1613937639128156,0.05187519340341451,0.009313144896018139,3,0.7699814102092932,5000,PRUNED
633,0.010160598903894424,2026-05-19 00:25:00.597026,2026-05-19 00:25:01.244604,0 days 00:00:00.647578,64,1.0839064846469126,0.009402456343443897,0.007060832216333295,6,0.6377291773946484,5000,PRUNED
634,0.03169991075992584,2026-05-19 00:25:01.251050,2026-05-19 00:25:01.422645,0 days 00:00:00.171595,80,1.0049210776793018,0.171826424310336,0.008186178651997155,3,0.746823823110545,5000,PRUNED
635,0.0355694442987442,2026-05-19 00:25:01.429136,2026-05-19 00:25:01.662121,0 days 00:00:00.232985,32,1.6006677787085455,0.10718666860869307,0.006256834372765165,5,0.7130509237382239,5000,PRUNED
636,0.0436076819896698,2026-05-19 00:25:01.668512,2026-05-19 00:25:01.906205,0 days 00:00:00.237693,64,5.366070991859734,0.14830682400596273,0.008676835458603972,6,0.6695751319379585,5000,PRUNED
637,0.046090830117464066,2026-05-19 00:25:01.913292,2026-05-19 00:25:02.136654,0 days 00:00:00.223362,48,1.326561035898829,0.9183337007042449,0.007596354570874907,5,0.7802668210575431,5000,PRUNED
638,0.004856877960264683,2026-05-19 00:25:02.144422,2026-05-19 00:25:03.227855,0 days 00:00:01.083433,64,2.9146744967284155,0.06777407308005975,0.009270360180025933,5,0.7339835273280777,5000,PRUNED
639,0.015313350595533848,2026-05-19 00:25:03.234269,2026-05-19 00:25:03.689281,0 days 00:00:00.455012,48,1.1991227279232304,0.2520705045077957,0.009969559623781186,6,0.7481345133140189,5000,PRUNED
640,0.028570175170898438,2026-05-19 00:25:03.696051,2026-05-19 00:25:03.932525,0 days 00:00:00.236474,64,1.0012073356945494,0.33227291110261975,0.0068790954937498995,6,0.7203298467005192,5000,PRUNED
641,0.029882825911045074,2026-05-19 00:25:03.938968,2026-05-19 00:25:04.180518,0 days 00:00:00.241550,80,1.153941445258793,0.20388041392497933,0.008294274709694538,6,0.7604018791497467,5000,PRUNED
642,0.04501999169588089,2026-05-19 00:25:04.186922,2026-05-19 00:25:04.416485,0 days 00:00:00.229563,64,1.4596040800179053,1.1477015456342767,0.007477443848800384,5,0.788782705639396,5000,PRUNED
643,0.030947091057896614,2026-05-19 00:25:04.423667,2026-05-19 00:25:04.665439,0 days 00:00:00.241772,64,1.2854826314448506,0.13261024034773702,0.005946493473899276,5,0.4123929592164791,5000,PRUNED
644,0.031455159187316895,2026-05-19 00:25:04.671862,2026-05-19 00:25:04.963021,0 days 00:00:00.291159,48,4.160990375615669,0.26579878848884375,0.009991022542468008,6,0.7378636437225798,5000,PRUNED
645,0.03316853940486908,2026-05-19 00:25:04.969935,2026-05-19 00:25:05.210189,0 days 00:00:00.240254,32,1.1043870513011753,0.08139699701793549,0.008611218735362398,5,0.7009189834412354,5000,PRUNED
646,0.02944210171699524,2026-05-19 00:25:05.217723,2026-05-19 00:25:05.467598,0 days 00:00:00.249875,64,1.2187392207757326,0.37143681664716344,0.006789787500130314,6,0.35501928301015523,5000,PRUNED
647,0.014651460573077202,2026-05-19 00:25:05.473895,2026-05-19 00:25:05.928243,0 days 00:00:00.454348,80,1.8663649061557626,0.193905940084202,0.007894275129067364,6,0.7638931370851426,1000,PRUNED
648,0.0035006338730454445,2026-05-19 00:25:05.935201,2026-05-19 00:25:07.407371,0 days 00:00:01.472170,64,1.6575782862036694,0.30183106680989086,0.009176678999696949,6,0.7260727644471877,5000,PRUNED
649,0.06347570568323135,2026-05-19 00:25:07.413971,2026-05-19 00:25:07.636129,0 days 00:00:00.222158,16,1.0814767207258724,3.0274581788464916,0.00629478291539908,5,0.3762839286199056,5000,PRUNED
650,0.04089125245809555,2026-05-19 00:25:07.642368,2026-05-19 00:25:07.887524,0 days 00:00:00.245156,48,13.804624248701133,0.11145836242827091,0.00768173073848586,6,0.5704817506352102,5000,PRUNED
651,0.03402997553348541,2026-05-19 00:25:07.894039,2026-05-19 00:25:08.094348,0 days 00:00:00.200309,64,1.3924412017357808,0.15487064615372612,0.00850199624005267,4,0.5050235392039988,2000,PRUNED
652,0.043805789202451706,2026-05-19 00:25:08.101027,2026-05-19 00:25:08.335824,0 days 00:00:00.234797,48,1.174158051704734,0.22682170628861945,0.0029084346272118893,5,0.7467390014041021,5000,PRUNED
653,0.033981338143348694,2026-05-19 00:25:08.342354,2026-05-19 00:25:08.538650,0 days 00:00:00.196296,64,1.0882776628444955,0.17936533856660977,0.0073550886198346125,4,0.777498490910655,3000,PRUNED
654,0.012873990461230278,2026-05-19 00:25:08.545001,2026-05-19 00:25:09.215894,0 days 00:00:00.670893,48,1.3079693146633358,0.2792236664495239,0.009997630263066335,6,0.7182970122568318,5000,PRUNED
655,0.05567316338419914,2026-05-19 00:25:09.222568,2026-05-19 00:25:09.375601,0 days 00:00:00.153033,64,1.0009039584885862,0.05993333125299569,0.008555806652121557,2,0.7319733649120694,5000,PRUNED
656,0.039410579949617386,2026-05-19 00:25:09.382188,2026-05-19 00:25:09.599754,0 days 00:00:00.217566,96,1.1922511152747866,0.09944007915304934,0.006872555616164345,5,0.6067308382018328,5000,PRUNED
657,0.05108769237995148,2026-05-19 00:25:09.606233,2026-05-19 00:25:09.859412,0 days 00:00:00.253179,64,1.0974566083676418,1.4778809324831506,0.005850499577322114,6,0.5255928277301674,5000,PRUNED
658,0.013521289452910423,2026-05-19 00:25:09.865829,2026-05-19 00:25:10.265683,0 days 00:00:00.399854,48,1.39870029769452,0.2340252576946298,0.00914851426639448,5,0.7544769245659768,5000,PRUNED
659,0.028599316254258156,2026-05-19 00:25:10.272045,2026-05-19 00:25:10.514210,0 days 00:00:00.242165,64,1.2568145828389696,0.3751824707866112,0.007943486285845368,6,0.7938091403808051,5000,PRUNED
660,0.08578075468540192,2026-05-19 00:25:10.521086,2026-05-19 00:25:10.769839,0 days 00:00:00.248753,80,2.1177010518424972,0.14592288279551208,0.00023185146680046505,6,0.7688386326438419,5000,PRUNED
661,0.013979489915072918,2026-05-19 00:25:10.777113,2026-05-19 00:25:11.190868,0 days 00:00:00.413755,64,1.526794386479996,0.1217047685329248,0.007251877345999292,5,0.7381522269212046,5000,PRUNED
662,0.03403298184275627,2026-05-19 00:25:11.197598,2026-05-19 00:25:11.450228,0 days 00:00:00.252630,48,1.0619112668326693,0.2116715280996187,0.0064500794192236905,6,0.7051682384917678,4000,PRUNED
663,0.057254545390605927,2026-05-19 00:25:11.457986,2026-05-19 00:25:11.713131,0 days 00:00:00.255145,96,1.1516737042167355,0.7585093645615836,0.009247908719949,6,0.7504723719041111,5000,PRUNED
664,0.036656610667705536,2026-05-19 00:25:11.722559,2026-05-19 00:25:11.986934,0 days 00:00:00.264375,64,1.7710903035277292,0.3154782143332728,0.008362246805680235,5,0.30769260048823655,5000,PRUNED
665,0.01886281929910183,2026-05-19 00:25:11.995820,2026-05-19 00:25:12.455156,0 days 00:00:00.459336,48,3.33316425112867,0.17699256428254145,0.007863966891827499,5,0.5458967680271397,4000,PRUNED
666,0.001753477961756289,2026-05-19 00:25:12.463625,2026-05-19 00:25:15.394674,0 days 00:00:02.931049,64,1.3325904561889548,0.08051447100524278,0.007123972110135981,6,0.6841828401701323,5000,PRUNED
667,0.0049799541011452675,2026-05-19 00:25:15.402575,2026-05-19 00:25:16.562600,0 days 00:00:01.160025,64,1.0729129004897047,0.4043826557251853,0.008987426709337708,6,0.7247071158395507,5000,PRUNED
668,0.03341956064105034,2026-05-19 00:25:16.568828,2026-05-19 00:25:16.864225,0 days 00:00:00.295397,80,1.2168892230462993,0.2597379014524155,0.008132919508470603,6,0.7832591928716193,4000,PRUNED
669,0.033308036625385284,2026-05-19 00:25:16.871423,2026-05-19 00:25:17.129926,0 days 00:00:00.258503,48,1.0904693311252553,0.1342400750192497,0.006265377763291138,5,0.7139719603299092,5000,PRUNED
670,0.04859066754579544,2026-05-19 00:25:17.137025,2026-05-19 00:25:17.363178,0 days 00:00:00.226153,64,1.2628526776375808,1.0650983035689061,0.00562519775528076,5,0.7415461090601891,5000,PRUNED
671,0.03477206453680992,2026-05-19 00:25:17.369441,2026-05-19 00:25:17.616581,0 days 00:00:00.247140,32,1.0114856050793293,0.21346576896216515,0.009981882306861766,6,0.7670301337572261,5000,PRUNED
672,0.04364009201526642,2026-05-19 00:25:17.623324,2026-05-19 00:25:17.846493,0 days 00:00:00.223169,64,1.485061292425414,0.1637788659439115,0.001461189890999713,5,0.7286115889669109,3000,PRUNED
673,0.030665572732686996,2026-05-19 00:25:17.853091,2026-05-19 00:25:18.093146,0 days 00:00:00.240055,48,1.1683586391588205,0.49764950309042705,0.007308455071850327,6,0.38977323630051935,5000,PRUNED
674,0.059513211250305176,2026-05-19 00:25:18.099903,2026-05-19 00:25:18.344553,0 days 00:00:00.244650,96,1.0011041674974044,0.31125223140085406,0.00871436032751098,6,0.7454252345780971,4000,PRUNED
675,0.011286694556474686,2026-05-19 00:25:18.351723,2026-05-19 00:25:18.993139,0 days 00:00:00.641416,128,1.0015861823861676,0.0975243002427336,0.006612843124814566,6,0.759227119889367,5000,PRUNED
676,0.007851531729102135,2026-05-19 00:25:18.999507,2026-05-19 00:25:19.749484,0 days 00:00:00.749977,64,1.3448209578644312,0.07408546746130297,0.009161956032771632,5,0.3448858063521107,5000,PRUNED
677,0.032060906291007996,2026-05-19 00:25:19.756375,2026-05-19 00:25:19.934157,0 days 00:00:00.177782,80,1.629845949197887,0.25494111835146654,0.007928148015230117,3,0.7753092877664969,5000,PRUNED
678,0.03505071625113487,2026-05-19 00:25:19.940570,2026-05-19 00:25:20.159675,0 days 00:00:00.219105,48,1.1453486373844604,0.190302320098308,0.00725670783412337,5,0.7951653502229401,5000,PRUNED
679,0.028231676667928696,2026-05-19 00:25:20.166170,2026-05-19 00:25:20.403625,0 days 00:00:00.237455,64,2.3120364867183922,0.3292475155497055,0.008440393317946816,6,0.7350424973351813,4000,PRUNED
680,0.07603275775909424,2026-05-19 00:25:20.410328,2026-05-19 00:25:20.651142,0 days 00:00:00.240814,64,1.2522373499335133,0.12383897624440361,0.0003062997153924135,6,0.5870315915847107,5000,PRUNED
681,0.1436178982257843,2026-05-19 00:25:20.657656,2026-05-19 00:25:20.880314,0 days 00:00:00.222658,16,8.341350296740458,0.04477186263451704,0.00487328799093119,5,0.5609736573704496,5000,PRUNED
682,0.0323420986533165,2026-05-19 00:25:20.887529,2026-05-19 00:25:21.182561,0 days 00:00:00.295032,48,1.1423382034204037,0.2229271958056353,0.006074460433101486,6,0.7125462037847025,4000,PRUNED
683,0.04982846975326538,2026-05-19 00:25:21.189740,2026-05-19 00:25:21.440357,0 days 00:00:00.250617,64,1.4105342062985333,1.2591747120110715,0.002181862201829813,6,0.31877016196337443,5000,PRUNED
684,0.03202953189611435,2026-05-19 00:25:21.447058,2026-05-19 00:25:21.679042,0 days 00:00:00.231984,48,1.0936563040462342,0.42562129461353626,0.009148929504886561,5,0.7484532352069121,5000,PRUNED
685,0.03397766500711441,2026-05-19 00:25:21.686003,2026-05-19 00:25:21.956979,0 days 00:00:00.270976,64,2.6077881944580916,0.9060266140474591,0.009993340150090185,5,0.49785226611508127,3000,PRUNED
686,0.003252342576161027,2026-05-19 00:25:21.964817,2026-05-19 00:25:23.541464,0 days 00:00:01.576647,64,1.9643953826815086,0.1577917284636866,0.007821942215862101,6,0.5164805248823714,5000,PRUNED
687,0.033316850662231445,2026-05-19 00:25:23.548222,2026-05-19 00:25:23.768626,0 days 00:00:00.220404,48,1.2327097598530457,0.2769276566053927,0.006882922908623441,5,0.7271700502281399,5000,PRUNED
688,0.04563933610916138,2026-05-19 00:25:23.775044,2026-05-19 00:25:24.010220,0 days 00:00:00.235176,64,5.869283535100026,0.061302463607057836,0.005587826286884469,6,0.7585083480742362,2000,PRUNED
689,0.032103657722473145,2026-05-19 00:25:24.016735,2026-05-19 00:25:24.213830,0 days 00:00:00.197095,80,1.0957756705942734,0.10767983665755519,0.008499710745524235,4,0.4819412349356747,1000,PRUNED
690,0.04202178493142128,2026-05-19 00:25:24.220287,2026-05-19 00:25:24.462519,0 days 00:00:00.242232,32,1.314617406278695,0.19264794613419123,0.0077592602512032306,6,0.6460360790568282,4000,PRUNED
691,0.03257197141647339,2026-05-19 00:25:24.469287,2026-05-19 00:25:24.690955,0 days 00:00:00.221668,64,1.170768523688808,0.2336759630325212,0.009156419928648235,5,0.7983674479961071,5000,PRUNED
692,0.042390428483486176,2026-05-19 00:25:24.697349,2026-05-19 00:25:24.941356,0 days 00:00:00.244007,80,1.0031524902368836,0.7032286142502123,0.006643675728693317,6,0.814718287904364,5000,PRUNED
693,0.03438814729452133,2026-05-19 00:25:24.947762,2026-05-19 00:25:25.167147,0 days 00:00:00.219385,48,1.5012300792178777,0.34334569491065564,0.00831957306820279,5,0.6971445545149864,5000,PRUNED
694,0.03307635709643364,2026-05-19 00:25:25.173690,2026-05-19 00:25:25.415490,0 days 00:00:00.241800,96,1.0850969365637069,0.03308396653494349,0.0075157357309867555,6,0.7769191937408407,4000,PRUNED
695,0.039501938968896866,2026-05-19 00:25:25.422099,2026-05-19 00:25:25.642737,0 days 00:00:00.220638,128,1.6897004377538853,0.14535702807578826,0.006903835439871908,5,0.739827583354598,5000,PRUNED
696,0.014732982032001019,2026-05-19 00:25:25.650478,2026-05-19 00:25:26.197292,0 days 00:00:00.546814,64,1.241762581280517,0.09009484860428178,0.005256938911010437,6,0.7172712387855175,5000,PRUNED
697,0.04123315587639809,2026-05-19 00:25:26.204869,2026-05-19 00:25:26.408095,0 days 00:00:00.203226,64,1.407384994935831,0.5018074978845027,0.009279255381287172,4,0.7681318809392154,5000,PRUNED
698,0.04050404578447342,2026-05-19 00:25:26.415581,2026-05-19 00:25:26.663642,0 days 00:00:00.248061,48,1.154433092593471,0.26782325827061826,0.006155479859302961,6,0.7867652462151861,5000,PRUNED
699,0.0001593609486008063,2026-05-19 00:25:26.671530,2026-05-19 00:25:40.881981,0 days 00:00:14.210451,64,1.0821346834071355,0.17777811338859328,0.008408731437860775,6,0.7522294651921657,5000,COMPLETE
700,0.06670738011598587,2026-05-19 00:25:40.892400,2026-05-19 00:25:41.137750,0 days 00:00:00.245350,64,1.298474485832107,1.7445754767083144,0.009996554317666165,4,0.7277886082006426,4000,PRUNED
701,0.03411932662129402,2026-05-19 00:25:41.144700,2026-05-19 00:25:41.421176,0 days 00:00:00.276476,48,4.492552940125147,0.39942002312884034,0.007341464042439796,5,0.7087086558814941,5000,PRUNED
702,0.028912875801324844,2026-05-19 00:25:41.427990,2026-05-19 00:25:41.682150,0 days 00:00:00.254160,80,1.0067270301423152,0.13019890881309484,0.003896900231621668,6,0.8040004599234841,5000,PRUNED
703,0.031431782990694046,2026-05-19 00:25:41.688652,2026-05-19 00:25:41.907893,0 days 00:00:00.219241,32,1.1864677283285228,0.22316818941764788,0.008683796925005954,5,0.7388218853169298,4000,PRUNED
704,0.029446754604578018,2026-05-19 00:25:41.914246,2026-05-19 00:25:42.152618,0 days 00:00:00.238372,64,1.0012401631658079,0.006201195288898006,0.00795037521915484,6,0.7613176147198066,5000,PRUNED
705,0.0642249584197998,2026-05-19 00:25:42.159277,2026-05-19 00:25:42.309041,0 days 00:00:00.149764,48,1.3478602280368628,0.2815505376716453,0.006358858170275542,2,0.7518072836718047,5000,PRUNED
706,0.0001876779570011422,2026-05-19 00:25:42.315565,2026-05-19 00:25:54.473718,0 days 00:00:12.158153,64,1.1603647550442653,0.0831891154301652,0.009349876264852126,6,0.7225649248091285,4000,COMPLETE
707,0.030703697353601456,2026-05-19 00:25:54.485597,2026-05-19 00:25:54.761268,0 days 00:00:00.275671,48,1.0006360383700283,0.11522874843420575,0.007467380993921484,5,0.5767145297955198,5000,PRUNED
708,0.03638748824596405,2026-05-19 00:25:54.767887,2026-05-19 00:25:55.009416,0 days 00:00:00.241529,96,1.8985654426504195,0.16037467478566628,0.008663323649219993,5,0.6757390753784983,5000,PRUNED
709,0.027984686195850372,2026-05-19 00:25:55.016633,2026-05-19 00:25:55.263673,0 days 00:00:00.247040,64,1.5389441829499326,0.6197722846731069,0.006877293519579114,6,0.4177287503976727,5000,PRUNED
710,0.03157021105289459,2026-05-19 00:25:55.271322,2026-05-19 00:25:55.453527,0 days 00:00:00.182205,64,10.544557271209007,0.2000588961098239,0.008059242211952216,3,0.5345092190804999,5000,PRUNED
711,0.014613869599997997,2026-05-19 00:25:55.462331,2026-05-19 00:25:55.915869,0 days 00:00:00.453538,80,1.2593352192666996,0.3368449846586262,0.005936689143725391,6,0.7850268229976581,5000,PRUNED
712,0.0353606641292572,2026-05-19 00:25:55.923836,2026-05-19 00:25:56.168877,0 days 00:00:00.245041,64,1.1062642733772252,0.051135861576659926,0.0032639692435814673,6,0.7355770182907939,4000,PRUNED
713,0.015202994458377361,2026-05-19 00:25:56.177090,2026-05-19 00:25:56.592510,0 days 00:00:00.415420,48,2.112820525589878,0.07145802751912723,0.009287835079804274,5,0.6278411985808012,5000,PRUNED
714,0.04041125252842903,2026-05-19 00:25:56.600647,2026-05-19 00:25:56.826278,0 days 00:00:00.225631,64,2.9219562131561463,0.2873757236001077,0.0018448508691392847,5,0.7697526091640083,5000,PRUNED
715,0.06900861859321594,2026-05-19 00:25:56.834721,2026-05-19 00:25:57.076801,0 days 00:00:00.242080,64,1.7191309280915452,0.2364728249200655,0.0005925848970557651,6,0.7477389549803025,4000,PRUNED
716,0.06741003692150116,2026-05-19 00:25:57.085205,2026-05-19 00:25:57.339165,0 days 00:00:00.253960,96,1.184666498266496,0.45750582064738815,0.00010872645303248493,6,0.3661693767393913,5000,PRUNED
717,0.02028242126107216,2026-05-19 00:25:57.347734,2026-05-19 00:25:57.772211,0 days 00:00:00.424477,48,1.3989877776494068,0.16499402798193308,0.005642636891655039,5,0.7028070168412288,5000,PRUNED
718,0.038566723465919495,2026-05-19 00:25:57.779654,2026-05-19 00:25:58.020117,0 days 00:00:00.240463,32,1.0821504736802396,0.09814260534502674,0.007153961005360136,6,0.7171192682485305,5000,PRUNED
719,0.03724385052919388,2026-05-19 00:25:58.027154,2026-05-19 00:25:58.245219,0 days 00:00:00.218065,80,1.246800069352025,0.36727828963747844,0.008163834692953823,5,0.7949348710058688,2000,PRUNED
720,0.040228866040706635,2026-05-19 00:25:58.253344,2026-05-19 00:25:58.488237,0 days 00:00:00.234893,64,44.4417931330068,0.19642432433740725,0.004773945577569286,6,0.7406373572923061,5000,PRUNED
721,0.028727645054459572,2026-05-19 00:25:58.495962,2026-05-19 00:25:58.722685,0 days 00:00:00.226723,48,1.0010199354451377,0.1307131759853404,0.009234398204224403,5,0.7281321730555637,4000,PRUNED
722,0.05030972510576248,2026-05-19 00:25:58.731167,2026-05-19 00:25:58.967977,0 days 00:00:00.236810,48,37.51405400679657,0.24039465547844718,0.006504284992179431,6,0.6114640658200636,5000,PRUNED
723,0.02936609648168087,2026-05-19 00:25:58.975689,2026-05-19 00:25:59.204911,0 days 00:00:00.229222,64,1.1169676299615643,0.161476044381132,0.007662187421646303,5,0.8124438316843097,5000,PRUNED
724,0.055188339203596115,2026-05-19 00:25:59.212516,2026-05-19 00:25:59.464108,0 days 00:00:00.251592,64,1.5047170247645194,0.7891389517814313,0.0009513757896056576,6,0.7609603551848712,4000,PRUNED
725,0.040250327438116074,2026-05-19 00:25:59.471483,2026-05-19 00:25:59.714204,0 days 00:00:00.242721,48,1.2948587344355338,0.29914304063550917,0.008649229952285464,6,0.7737870414878448,5000,PRUNED
726,0.03554092347621918,2026-05-19 00:25:59.720720,2026-05-19 00:25:59.949062,0 days 00:00:00.228342,64,1.158260833798317,0.19560867683485533,0.007470584674020413,5,0.7527945180684569,5000,PRUNED
727,0.03401825204491615,2026-05-19 00:25:59.956031,2026-05-19 00:26:00.204915,0 days 00:00:00.248884,64,1.0871760155742562,0.5725524580119373,0.005193568392934478,6,0.6919433885793526,5000,PRUNED
728,0.02895522490143776,2026-05-19 00:26:00.211352,2026-05-19 00:26:00.461200,0 days 00:00:00.249848,80,1.38852870300715,0.10818140402908528,0.009937269399040431,6,0.7115253231785187,5000,PRUNED
729,0.03779735788702965,2026-05-19 00:26:00.467641,2026-05-19 00:26:00.721267,0 days 00:00:00.253626,48,7.525694801905249,0.14358357217669318,0.006819636650722545,6,0.7408589971662131,3000,PRUNED
730,0.04842322692275047,2026-05-19 00:26:00.728041,2026-05-19 00:26:00.910830,0 days 00:00:00.182789,64,1.204933682041352,0.24955580606456404,0.008467402544073698,3,0.8373355486198455,5000,PRUNED
731,0.03484157845377922,2026-05-19 00:26:00.918677,2026-05-19 00:26:01.183233,0 days 00:00:00.264556,48,3.7723070368791176,0.39058616196422713,0.007976301480343588,5,0.5524528420246988,3000,PRUNED
732,0.0655347928404808,2026-05-19 00:26:01.190754,2026-05-19 00:26:01.409718,0 days 00:00:00.218964,64,1.1129988483505948,0.9429071297907042,0.006274073708024565,4,0.7823264379009246,5000,PRUNED
733,0.03522399440407753,2026-05-19 00:26:01.416766,2026-05-19 00:26:01.644405,0 days 00:00:00.227639,96,1.6042275604963203,0.05625926649984301,0.009196688743569945,5,0.7271877648437045,4000,PRUNED
734,0.03725695610046387,2026-05-19 00:26:01.651993,2026-05-19 00:26:01.899543,0 days 00:00:00.247550,64,1.0001161597186088,0.33429217682207757,0.005849080248434785,6,0.7638745543459606,5000,PRUNED
735,0.02816816419363022,2026-05-19 00:26:01.905828,2026-05-19 00:26:02.149225,0 days 00:00:00.243397,48,1.2954723004901576,0.08734765452418115,0.0074543892882709024,6,0.42907733027011735,1000,PRUNED
736,0.05697034299373627,2026-05-19 00:26:02.156762,2026-05-19 00:26:02.376702,0 days 00:00:00.219940,80,1.0896506657683735,1.2870383435758588,0.008703711960442477,5,0.8006696329677242,5000,PRUNED
737,0.0016006387304514647,2026-05-19 00:26:02.384569,2026-05-19 00:26:05.328419,0 days 00:00:02.943850,64,2.262930012404706,0.01561579221231762,0.00996578302578854,5,0.7304775217008832,5000,PRUNED
738,0.028094926849007607,2026-05-19 00:26:05.335512,2026-05-19 00:26:05.577012,0 days 00:00:00.241500,112,2.5118280041898977,0.22479489399859132,0.004246588901644167,6,0.8205306179634548,2000,PRUNED
739,0.010629775002598763,2026-05-19 00:26:05.584833,2026-05-19 00:26:06.191509,0 days 00:00:00.606676,64,1.860292536442329,0.0715723869397727,0.007914402143622634,5,0.6617545434841694,4000,PRUNED
740,0.04987278953194618,2026-05-19 00:26:06.200443,2026-05-19 00:26:06.471161,0 days 00:00:00.270718,48,27.945051468695894,0.28050255544961195,0.006906490130137544,6,0.8965404865516484,5000,PRUNED
741,0.04439902305603027,2026-05-19 00:26:06.479153,2026-05-19 00:26:06.944570,0 days 00:00:00.465417,64,1.222589234447647,0.12333929092994496,0.008651404058969926,6,0.7533602696105931,5000,PRUNED
742,0.0360141322016716,2026-05-19 00:26:06.952212,2026-05-19 00:26:07.179299,0 days 00:00:00.227087,16,1.4359222079229428,0.20885784064739538,0.009231755994934704,5,0.7871244208056714,5000,PRUNED
743,0.03190097585320473,2026-05-19 00:26:07.187314,2026-05-19 00:26:07.438251,0 days 00:00:00.250937,48,1.152409150910684,0.48098118012738145,0.006980205938041145,6,0.7411966292278523,4000,PRUNED
744,0.028192980214953423,2026-05-19 00:26:07.446825,2026-05-19 00:26:07.668708,0 days 00:00:00.221883,64,6.417026418102892,0.17286188610799583,0.008017895383274002,5,0.875867446185717,5000,PRUNED
745,0.03886166214942932,2026-05-19 00:26:07.676813,2026-05-19 00:26:07.925746,0 days 00:00:00.248933,32,1.0758763522711048,0.15165909639325464,0.006312322170361823,6,0.7191456168834082,5000,PRUNED
746,0.0477021299302578,2026-05-19 00:26:07.933453,2026-05-19 00:26:08.135447,0 days 00:00:00.201994,80,1.3162331140606052,0.29742283526050556,0.007335620574758166,4,0.7748472574420779,4000,PRUNED
747,0.0390351340174675,2026-05-19 00:26:08.142316,2026-05-19 00:26:08.393423,0 days 00:00:00.251107,112,1.1927871853056173,0.1006017389419892,0.009147027917658482,6,0.5233097499917514,5000,PRUNED
748,0.033258020877838135,2026-05-19 00:26:08.400393,2026-05-19 00:26:08.623053,0 days 00:00:00.222660,96,3.4196468389993044,0.022775989697984108,0.005652183968634597,5,0.7054569232593828,5000,PRUNED
749,0.029838580638170242,2026-05-19 00:26:08.629903,2026-05-19 00:26:08.791322,0 days 00:00:00.161419,128,1.6700250827745304,0.3863481501019022,0.008436232396158181,2,0.49161538823968265,5000,PRUNED
750,5.787261761724949e-05,2026-05-19 00:26:08.798302,2026-05-19 00:26:25.664480,0 days 00:00:16.866178,64,1.0768395313372507,0.19112999827190408,0.007809494513418944,6,0.7346182211295613,4000,COMPLETE
751,0.03198659420013428,2026-05-19 00:26:25.674346,2026-05-19 00:26:25.925624,0 days 00:00:00.251278,64,15.031767511666777,2.122746848607458,0.006302456174128507,6,0.7198136524354546,4000,PRUNED
752,0.002724624238908291,2026-05-19 00:26:25.932099,2026-05-19 00:26:27.840545,0 days 00:00:01.908446,64,1.4364536085985005,0.18751535513491835,0.006742605399986709,6,0.5954481507466816,4000,PRUNED
753,0.03295546770095825,2026-05-19 00:26:27.848628,2026-05-19 00:26:28.092290,0 days 00:00:00.243662,64,5.104581938971491,0.2452539456918576,0.007402962343628774,6,0.7318038033500058,4000,PRUNED
754,0.035968564450740814,2026-05-19 00:26:28.099694,2026-05-19 00:26:28.349288,0 days 00:00:00.249594,64,1.255371092388333,0.2053432066423198,0.00542372057344018,6,0.7106279246228501,4000,PRUNED
755,1.8085218471242115e-05,2026-05-19 00:26:28.357073,2026-05-19 00:26:47.354464,0 days 00:00:18.997391,64,1.3679644471974322,0.24630857020206118,0.007550928744152998,6,0.6833849629201456,4000,COMPLETE
756,0.036218639463186264,2026-05-19 00:26:47.369742,2026-05-19 00:26:47.597070,0 days 00:00:00.227328,64,1.3162614928405407,0.2687349768893761,0.007707862514111166,4,0.673014722989975,4000,PRUNED
757,0.06835144758224487,2026-05-19 00:26:47.604510,2026-05-19 00:26:47.857025,0 days 00:00:00.252515,64,1.4021888803956468,0.3328379690065726,0.007239990756719998,6,0.4506518760652035,4000,PRUNED
758,0.03551322966814041,2026-05-19 00:26:47.863787,2026-05-19 00:26:48.063869,0 days 00:00:00.200082,64,1.259853829492417,0.25788515469610573,0.007852618307384618,4,0.6959173239206918,4000,PRUNED
759,0.011399763636291027,2026-05-19 00:26:48.070449,2026-05-19 00:26:48.735105,0 days 00:00:00.664656,64,1.527562879550461,0.22963838585852706,0.006702942677900562,6,0.46020944896281024,4000,PRUNED
760,0.03816279396414757,2026-05-19 00:26:48.741689,2026-05-19 00:26:48.992213,0 days 00:00:00.250524,64,1.1711309875477813,0.0016220489971147916,0.008094406579102086,6,0.6881789380800409,4000,PRUNED
761,0.02832549251616001,2026-05-19 00:26:48.998637,2026-05-19 00:26:49.247986,0 days 00:00:00.249349,64,1.331203260958539,0.2955652590576979,0.0070372178327511295,6,0.6542721334800368,4000,PRUNED
762,0.014788963831961155,2026-05-19 00:26:49.254381,2026-05-19 00:26:49.706615,0 days 00:00:00.452234,64,1.0969326447542895,0.23875651150585242,0.008134732130233354,6,0.6780688129540774,4000,PRUNED
763,0.07096369564533234,2026-05-19 00:26:49.712998,2026-05-19 00:26:49.959113,0 days 00:00:00.246115,64,1.2000981581100325,0.36241922315878977,0.00016400217126468153,6,0.6855956003051782,4000,PRUNED
764,0.0007905974634923041,2026-05-19 00:26:49.965998,2026-05-19 00:26:54.764277,0 days 00:00:04.798279,64,1.0881295958308175,0.21518570358357095,0.007316188164245763,6,0.7003210960861573,4000,PRUNED
765,0.036172471940517426,2026-05-19 00:26:54.771736,2026-05-19 00:26:55.047400,0 days 00:00:00.275664,64,1.4098645696712615,0.3126741824081146,0.006454064608277876,6,0.4376671416430018,4000,PRUNED
766,0.0010036892490461469,2026-05-19 00:26:55.054805,2026-05-19 00:26:59.427826,0 days 00:00:04.373021,64,1.2232375940238016,0.2658463630562799,0.008655795211941859,6,0.4684956307710169,4000,PRUNED
767,0.027179697528481483,2026-05-19 00:26:59.436398,2026-05-19 00:26:59.682992,0 days 00:00:00.246594,64,1.5274086585656894,0.4387132484307405,0.007759342513440364,6,0.7137247332406991,4000,PRUNED
768,9.94637084659189e-05,2026-05-19 00:26:59.689806,2026-05-19 00:27:11.960848,0 days 00:00:12.271042,64,1.0829660150190927,0.19394367719140118,0.009994417314049805,6,0.7234139253238998,4000,COMPLETE
769,0.0358450822532177,2026-05-19 00:27:11.972465,2026-05-19 00:27:12.257537,0 days 00:00:00.285072,64,18.496537609451178,0.19960576411532155,0.009836514994650596,6,0.6986713117020316,4000,PRUNED
770,0.044817790389060974,2026-05-19 00:27:12.263927,2026-05-19 00:27:12.555003,0 days 00:00:00.291076,64,9.591989996205294,0.19996888113485775,0.009187048880435512,6,0.7193995156197631,4000,PRUNED
771,0.010109653696417809,2026-05-19 00:27:12.563242,2026-05-19 00:27:13.209665,0 days 00:00:00.646423,64,1.330597832442473,0.18382492041479298,0.009344037049184788,6,0.7076334548784975,4000,PRUNED
772,0.010080423206090927,2026-05-19 00:27:13.216112,2026-05-19 00:27:13.859674,0 days 00:00:00.643562,64,1.2503234542364023,0.25425648834940934,0.00990933784173633,6,0.7249986757718202,4000,PRUNED
773,8.506148151354864e-05,2026-05-19 00:27:13.866199,2026-05-19 00:27:31.112013,0 days 00:00:17.245814,64,1.3791903199142197,0.22839146955453274,0.009907576833507587,6,0.44597483687912004,4000,COMPLETE
774,0.0007557815406471491,2026-05-19 00:27:31.120643,2026-05-19 00:27:35.776253,0 days 00:00:04.655610,64,1.3631681411944123,0.3114433240154807,0.008679828424593024,6,0.4284863066779919,4000,PRUNED
775,0.029525822028517723,2026-05-19 00:27:35.784951,2026-05-19 00:27:36.066067,0 days 00:00:00.281116,64,1.6253901737152279,0.26492736189453536,0.009066853782205958,6,0.4457632084735051,4000,PRUNED
776,0.0068908799439668655,2026-05-19 00:27:36.075429,2026-05-19 00:27:36.931046,0 days 00:00:00.855617,64,1.4624668709714186,0.23951922440759427,0.008744360192802189,6,0.4663514475834075,4000,PRUNED
777,0.01304388977587223,2026-05-19 00:27:36.938049,2026-05-19 00:27:37.403261,0 days 00:00:00.465212,64,1.448499684834239,0.3524739577966809,0.0099993138689337,6,0.4401419336389411,4000,PRUNED
778,0.03341259807348251,2026-05-19 00:27:37.410083,2026-05-19 00:27:37.609955,0 days 00:00:00.199872,64,1.5173849045196628,0.21844795403451425,0.008428448061647461,4,0.4559439296621247,4000,PRUNED
779,0.0001266094477614388,2026-05-19 00:27:37.616653,2026-05-19 00:27:48.688615,0 days 00:00:11.071962,64,1.333350312406002,0.29708917888350106,0.009207331620498312,6,0.4516912044870742,4000,COMPLETE
780,0.026814531534910202,2026-05-19 00:27:48.700736,2026-05-19 00:27:48.951897,0 days 00:00:00.251161,64,1.656434520168419,0.6298485709776112,0.008371701567886969,6,0.4301071719451637,4000,PRUNED
781,0.009103232994675636,2026-05-19 00:27:48.961248,2026-05-19 00:27:49.989913,0 days 00:00:01.028665,64,1.3789714046845452,0.4277761914872781,0.009104259256601173,6,0.44739793682530565,4000,PRUNED
782,0.048448748886585236,2026-05-19 00:27:49.997279,2026-05-19 00:27:50.294392,0 days 00:00:00.297113,64,1.5498473068830523,1.0814889863703971,0.008119167654677455,6,0.47643948943801595,4000,PRUNED
783,1.5389507098007016e-05,2026-05-19 00:27:50.301081,2026-05-19 00:28:14.763116,0 days 00:00:24.462035,64,1.2322348585912897,0.23075547694115664,0.007838181229075033,6,0.45681946953522234,4000,COMPLETE
784,0.05170541629195213,2026-05-19 00:28:14.777811,2026-05-19 00:28:15.056262,0 days 00:00:00.278451,64,1.284053283987843,2.4304698730249377,0.009391266202663203,6,0.4681133859753702,4000,PRUNED
785,4.465428719413467e-05,2026-05-19 00:28:15.063917,2026-05-19 00:28:32.279473,0 days 00:00:17.215556,64,1.215825349282711,0.2763222989255582,0.008546710147402346,6,0.45072427393745795,4000,COMPLETE
786,0.0031090849079191685,2026-05-19 00:28:32.292895,2026-05-19 00:28:34.109317,0 days 00:00:01.816422,64,1.3921155513065697,0.25926890785780704,0.008655132488090916,6,0.45054646052921415,4000,PRUNED
787,0.00930500403046608,2026-05-19 00:28:34.116338,2026-05-19 00:28:34.864731,0 days 00:00:00.748393,64,1.4874825865279642,0.20937898049823603,0.009925543890952132,6,0.4413628405462819,4000,PRUNED
788,0.011423664167523384,2026-05-19 00:28:34.871433,2026-05-19 00:28:35.874161,0 days 00:00:01.002728,64,1.2979176231899963,0.24123480421645213,0.007925761871688567,6,0.46000738464258817,4000,PRUNED
789,0.0142323924228549,2026-05-19 00:28:35.882539,2026-05-19 00:28:36.620541,0 days 00:00:00.738002,64,1.390490031507689,0.22009534704406647,0.00870819957258036,6,0.43052293180447626,4000,PRUNED
790,0.00456556212157011,2026-05-19 00:28:36.629602,2026-05-19 00:28:37.882243,0 days 00:00:01.252641,64,1.2186170294066598,0.17532695029920256,0.009065533956833885,6,0.47813716295618675,4000,PRUNED
791,0.011043054983019829,2026-05-19 00:28:37.889817,2026-05-19 00:28:38.689393,0 days 00:00:00.799576,64,1.2683009729013475,0.2813540481214277,0.008196083556745807,6,0.45837183175265767,4000,PRUNED
792,0.03536182641983032,2026-05-19 00:28:38.696759,2026-05-19 00:28:38.896042,0 days 00:00:00.199283,64,1.5542424899247154,0.16925949341881236,0.007723129704019952,4,0.43773630980836425,4000,PRUNED
793,0.00017815192404668778,2026-05-19 00:28:38.902736,2026-05-19 00:28:53.518814,0 days 00:00:14.616078,64,1.1923549069597135,0.22915851947103177,0.009254300133752669,6,0.46345571733391355,4000,COMPLETE
794,0.005686009768396616,2026-05-19 00:28:53.531013,2026-05-19 00:28:54.399038,0 days 00:00:00.868025,64,1.402239207271046,0.2948472424752399,0.009934608715425218,6,0.4208720821250694,4000,PRUNED
795,0.012764319777488708,2026-05-19 00:28:54.405737,2026-05-19 00:28:55.270237,0 days 00:00:00.864500,64,1.2845866364407932,0.1825855042549785,0.00833806248933443,6,0.4453260638149514,4000,PRUNED
796,0.014799630269408226,2026-05-19 00:28:55.277313,2026-05-19 00:28:55.834132,0 days 00:00:00.556819,64,1.1705247461268191,0.24546599056575777,0.009983483145422821,6,0.44829778853913,4000,PRUNED
797,0.01473282091319561,2026-05-19 00:28:55.841877,2026-05-19 00:28:56.290774,0 days 00:00:00.448897,64,1.457711058706736,0.3316577522000724,0.007621479375097561,6,0.4319011017472721,4000,PRUNED
798,0.009015594609081745,2026-05-19 00:28:56.297517,2026-05-19 00:28:56.938288,0 days 00:00:00.640771,64,1.2009135930052246,0.2121478403940691,0.008654540424247115,6,0.4714392687944168,4000,PRUNED
799,0.06534399837255478,2026-05-19 00:28:56.944856,2026-05-19 00:28:57.189494,0 days 00:00:00.244638,64,1.3408638420297487,4.359648895864188,0.007877235424513448,6,0.4796774718456833,4000,PRUNED
800,0.029337666928768158,2026-05-19 00:28:57.196167,2026-05-19 00:28:57.470374,0 days 00:00:00.274207,64,1.6362279963521666,0.2775689659168367,0.008985288710036942,6,0.44951257666803407,4000,PRUNED
801,0.032953329384326935,2026-05-19 00:28:57.477443,2026-05-19 00:28:57.719590,0 days 00:00:00.242147,64,1.1726002774703743,0.18457968689633783,0.007454265577165651,4,0.4188245215132222,4000,PRUNED
802,0.004316224250942469,2026-05-19 00:28:57.726629,2026-05-19 00:28:58.892589,0 days 00:00:01.165960,64,1.295612253015847,0.24179584266751916,0.008652060932441839,6,0.4364442235861683,4000,PRUNED
803,0.027509592473506927,2026-05-19 00:28:58.900989,2026-05-19 00:28:59.149202,0 days 00:00:00.248213,64,1.1593968642185575,0.16875632259171117,0.008026376156515119,6,0.46038637505800367,4000,PRUNED
804,0.01893562264740467,2026-05-19 00:28:59.157506,2026-05-19 00:28:59.620173,0 days 00:00:00.462667,64,1.4401859143042006,0.31800934823525456,0.009980447842913643,6,0.4558581658155849,4000,PRUNED
805,0.032812733203172684,2026-05-19 00:28:59.629500,2026-05-19 00:28:59.882664,0 days 00:00:00.253164,64,1.2462223861389687,0.21193352574685498,0.007309090031376796,6,0.47419966167554856,4000,PRUNED
806,0.013082613237202168,2026-05-19 00:28:59.892093,2026-05-19 00:29:00.398328,0 days 00:00:00.506235,64,1.1573410923394365,0.2745431500464422,0.008898346123760883,6,0.44449231698410985,4000,PRUNED
807,0.03319842740893364,2026-05-19 00:29:00.407157,2026-05-19 00:29:00.657407,0 days 00:00:00.250250,64,1.7251807311364313,0.16972847533531565,0.008210076672681177,6,0.4607264401806632,4000,PRUNED
808,0.013528904877603054,2026-05-19 00:29:00.665658,2026-05-19 00:29:01.121312,0 days 00:00:00.455654,64,1.3226788891567225,0.2183184492102709,0.009238930820015718,6,0.44101930359488556,4000,PRUNED
809,0.04465831071138382,2026-05-19 00:29:01.130136,2026-05-19 00:29:01.348929,0 days 00:00:00.218793,64,1.086659109254812,0.3348287337731728,0.007610728175573831,4,0.42755903979759896,4000,PRUNED
810,0.049705781042575836,2026-05-19 00:29:01.358266,2026-05-19 00:29:01.641024,0 days 00:00:00.282758,64,1.5313674258318126,0.2644987425861519,0.0012379804640333116,6,0.4664943135096033,4000,PRUNED
811,0.03300585225224495,2026-05-19 00:29:01.649438,2026-05-19 00:29:01.899208,0 days 00:00:00.249770,64,60.526427384045064,0.15358887838518437,0.009999722904095107,6,0.48409293073619436,4000,PRUNED
812,0.01594434306025505,2026-05-19 00:29:01.907140,2026-05-19 00:29:02.571347,0 days 00:00:00.664207,64,1.236702875185938,0.1977028667841884,0.00702086709872564,6,0.44669495323137187,4000,PRUNED
813,0.07536520808935165,2026-05-19 00:29:02.579735,2026-05-19 00:29:02.827366,0 days 00:00:00.247631,64,1.1170801001550537,0.23630486857167202,0.00013410653404570828,6,0.6667672539388612,4000,PRUNED
814,0.05075119435787201,2026-05-19 00:29:02.835857,2026-05-19 00:29:03.082939,0 days 00:00:00.247082,64,1.3605494480572544,0.04123545738039347,0.008369037354408502,6,0.41188161118121586,4000,PRUNED
815,0.030673542991280556,2026-05-19 00:29:03.091239,2026-05-19 00:29:03.342449,0 days 00:00:00.251210,64,1.1534175115175143,0.3004133903318558,0.008977979715757691,6,0.4546910720055412,4000,PRUNED
816,0.018069803714752197,2026-05-19 00:29:03.349718,2026-05-19 00:29:03.794623,0 days 00:00:00.444905,64,1.4496200030906565,0.003539412454879021,0.008044151137798284,6,0.47094759495168437,4000,PRUNED
817,0.028746940195560455,2026-05-19 00:29:03.803001,2026-05-19 00:29:04.044203,0 days 00:00:00.241202,64,1.0872430569333342,0.35315069881290173,0.007122217911491845,6,0.4953075440131378,3000,PRUNED
818,0.034897107630968094,2026-05-19 00:29:04.051132,2026-05-19 00:29:04.294119,0 days 00:00:00.242987,64,12.365207691312904,0.19043453879635316,0.009213865200281893,6,0.4343174605994089,4000,PRUNED
819,0.008888570591807365,2026-05-19 00:29:04.300759,2026-05-19 00:29:04.948829,0 days 00:00:00.648070,64,1.2437231631904637,0.2479597454920856,0.00830468967953648,6,0.6839507842828748,4000,PRUNED
820,0.028115801513195038,2026-05-19 00:29:04.957958,2026-05-19 00:29:05.210694,0 days 00:00:00.252736,64,1.3404071677104945,0.2881180818451499,0.007129114325692096,6,0.6449385185788652,4000,PRUNED
821,0.031202081590890884,2026-05-19 00:29:05.217910,2026-05-19 00:29:05.448340,0 days 00:00:00.230430,64,1.0779847743550992,0.15291878463755407,0.007617824557412446,4,0.424401631462478,4000,PRUNED
822,0.07329246401786804,2026-05-19 00:29:05.455549,2026-05-19 00:29:05.747933,0 days 00:00:00.292384,64,1.6006861686700817,0.20205023409118922,0.0003416964986542411,6,0.4600105062652464,4000,PRUNED
823,0.05756436288356781,2026-05-19 00:29:05.755519,2026-05-19 00:29:06.005952,0 days 00:00:00.250433,64,1.2440586307388,3.1471744199978224,0.00919919077337103,6,0.4513067740920019,3000,PRUNED
824,0.05683310329914093,2026-05-19 00:29:06.013081,2026-05-19 00:29:06.255403,0 days 00:00:00.242322,64,1.0038323647551426,0.38267221210612834,0.000738464614856353,6,0.7399100678274292,4000,PRUNED
825,0.013141552917659283,2026-05-19 00:29:06.262551,2026-05-19 00:29:06.771357,0 days 00:00:00.508806,64,1.1884276487334637,0.23289619960903046,0.008459800645293437,6,0.6944878550380632,4000,PRUNED
826,0.03778761252760887,2026-05-19 00:29:06.777876,2026-05-19 00:29:07.082032,0 days 00:00:00.304156,64,1.4560473285870963,0.16210689795219974,0.00767548213902182,6,0.733042435906627,2000,PRUNED
827,0.02830333448946476,2026-05-19 00:29:07.088783,2026-05-19 00:29:07.338021,0 days 00:00:00.249238,64,1.0942582551182551,0.2858502818222802,0.009213980082138584,6,0.6213578721442885,4000,PRUNED
828,0.037625543773174286,2026-05-19 00:29:07.344743,2026-05-19 00:29:07.595553,0 days 00:00:00.250810,64,1.7791707264463434,0.20575221716285075,0.006905031331168151,6,0.6353854360533322,4000,PRUNED
829,0.041207727044820786,2026-05-19 00:29:07.602075,2026-05-19 00:29:07.801564,0 days 00:00:00.199489,64,1.3347238218704054,0.3305452207228242,0.009978714786711225,4,0.4790027732439167,4000,PRUNED
830,0.0007158677326515317,2026-05-19 00:29:07.809214,2026-05-19 00:29:12.598313,0 days 00:00:04.789099,64,1.1863885765788011,0.2412553600839509,0.008381056583219368,6,0.707352585852609,4000,PRUNED
831,0.040063753724098206,2026-05-19 00:29:12.606008,2026-05-19 00:29:12.898507,0 days 00:00:00.292499,16,1.0803491308642432,0.17094781853626878,0.007669457895007985,6,0.7373841209841411,1000,PRUNED
832,0.029553722590208054,2026-05-19 00:29:12.905827,2026-05-19 00:29:13.165125,0 days 00:00:00.259298,64,1.0024913417259531,0.14464824690820072,0.0023905425734971875,6,0.5058478105148025,4000,PRUNED
833,0.06597276777029037,2026-05-19 00:29:13.172533,2026-05-19 00:29:13.467126,0 days 00:00:00.294593,64,1.2637788436379422,6.660863191274697,0.006669318258276284,6,0.7240629746771355,3000,PRUNED
834,0.027549099177122116,2026-05-19 00:29:13.474306,2026-05-19 00:29:13.777188,0 days 00:00:00.302882,64,1.1529602701717936,0.27804857015895446,0.008688523241717613,6,0.662622839503682,4000,PRUNED
835,0.0150106530636549,2026-05-19 00:29:13.784284,2026-05-19 00:29:14.446721,0 days 00:00:00.662437,64,1.4527368968405079,0.1876642957326968,0.009249218213136396,6,0.7465711688889316,4000,PRUNED
836,0.0195851419121027,2026-05-19 00:29:14.453772,2026-05-19 00:29:14.907242,0 days 00:00:00.453470,64,1.5822032471405396,0.37339560885375317,0.008027467719022094,6,0.4855471808620373,4000,PRUNED
837,0.013004804961383343,2026-05-19 00:29:14.914102,2026-05-19 00:29:15.369026,0 days 00:00:00.454924,64,1.2899411009917392,0.2661998131902527,0.007278065903620804,6,0.7361211045770342,4000,PRUNED
838,0.01562278438359499,2026-05-19 00:29:15.375926,2026-05-19 00:29:16.023666,0 days 00:00:00.647740,64,1.0928024714643294,0.2185448625911541,0.008538390789947328,6,0.7159280848808232,4000,PRUNED
839,0.0354812927544117,2026-05-19 00:29:16.030159,2026-05-19 00:29:16.235312,0 days 00:00:00.205153,64,71.81751890921592,0.3257606858651672,0.009323437658314195,4,0.43812257803266375,4000,PRUNED
840,0.003276190720498562,2026-05-19 00:29:16.242270,2026-05-19 00:29:17.520698,0 days 00:00:01.278428,64,1.364344897317157,0.18246000568805215,0.007985441886593538,6,0.4671973008433228,4000,PRUNED
841,0.03362699970602989,2026-05-19 00:29:17.529147,2026-05-19 00:29:17.774901,0 days 00:00:00.245754,64,1.1812654418314634,0.22818301084263456,0.006800752106347298,6,0.5660197483823846,3000,PRUNED
842,0.00016234868962783366,2026-05-19 00:29:17.783116,2026-05-19 00:29:28.231076,0 days 00:00:10.447960,64,1.0688174655865728,0.1419949901902334,0.009954583217082407,6,0.7479688896607671,2000,COMPLETE
843,0.007252601440995932,2026-05-19 00:29:28.242855,2026-05-19 00:29:29.151820,0 days 00:00:00.908965,64,1.2092648778299377,0.265750140384478,0.008750905937053244,6,0.7271660707531565,4000,PRUNED
844,0.010796675458550453,2026-05-19 00:29:29.161604,2026-05-19 00:29:30.185523,0 days 00:00:01.023919,64,1.3535300341363194,0.1875967544978987,0.00758120095934779,6,0.6901694341483426,4000,PRUNED
845,0.04573216661810875,2026-05-19 00:29:30.192126,2026-05-19 00:29:30.481192,0 days 00:00:00.289066,64,87.30785834372524,0.3107601129471977,0.006425467544626092,6,0.45038486687788626,4000,PRUNED
846,0.06478007882833481,2026-05-19 00:29:30.489415,2026-05-19 00:29:30.741787,0 days 00:00:00.252372,64,21.973181911038985,0.227085821301291,0.008341700223794863,6,0.7336013006729066,4000,PRUNED
847,0.03723295032978058,2026-05-19 00:29:30.749468,2026-05-19 00:29:30.995889,0 days 00:00:00.246421,32,1.0068524651725363,0.38611884782085976,0.009178857361592196,6,0.6708563142483984,4000,PRUNED
848,0.03527335077524185,2026-05-19 00:29:31.003777,2026-05-19 00:29:31.201726,0 days 00:00:00.197949,64,1.5674200553299145,0.155409087405726,0.007630049045669934,4,0.7160503364309015,4000,PRUNED
849,0.06425917148590088,2026-05-19 00:29:31.209798,2026-05-19 00:29:31.451440,0 days 00:00:00.241642,64,1.0003195680113042,2.771311243478547,0.007072186903588737,6,0.40758693852466854,5000,PRUNED
850,0.014825739897787571,2026-05-19 00:29:31.459605,2026-05-19 00:29:31.902152,0 days 00:00:00.442547,64,1.16006887706524,0.25675182059926166,0.009983643785824598,6,0.7085933190567922,4000,PRUNED
851,0.03651449456810951,2026-05-19 00:29:31.910581,2026-05-19 00:29:32.155335,0 days 00:00:00.244754,96,1.2658248368318474,0.19816434729389606,0.008511998171028549,6,0.42480580912951726,5000,PRUNED
852,0.0307561494410038,2026-05-19 00:29:32.162503,2026-05-19 00:29:32.420881,0 days 00:00:00.258378,64,1.432474799495568,0.3090271992940149,0.006164814714182328,6,0.7543487651143964,4000,PRUNED
853,0.037488628178834915,2026-05-19 00:29:32.427983,2026-05-19 00:29:32.678767,0 days 00:00:00.250784,32,1.7591671675608382,0.13908874078509287,0.008008748230030328,6,0.5392884112189026,5000,PRUNED
854,5.0618571549421176e-05,2026-05-19 00:29:32.685253,2026-05-19 00:29:50.613934,0 days 00:00:17.928681,64,1.124184547008544,0.21308194558566984,0.009128718398220008,6,0.6996502173373929,2000,COMPLETE
855,0.02677294984459877,2026-05-19 00:29:50.625971,2026-05-19 00:29:50.877208,0 days 00:00:00.251237,64,1.2976559281536095,0.3944996514004805,0.009282005769034363,6,0.682759110337402,2000,PRUNED
856,0.01266618724912405,2026-05-19 00:29:50.883797,2026-05-19 00:29:51.623789,0 days 00:00:00.739992,64,1.4624048926364674,0.2457357780763626,0.009241191092198764,6,0.697889029563329,2000,PRUNED
857,0.04555734619498253,2026-05-19 00:29:51.631603,2026-05-19 00:29:51.875211,0 days 00:00:00.243608,128,1.182707196367456,0.3093170848074455,0.009244621550757172,6,0.6883464809234744,2000,PRUNED
858,0.03187870234251022,2026-05-19 00:29:51.882901,2026-05-19 00:29:52.077126,0 days 00:00:00.194225,64,1.3052630706124506,0.2203441955452244,0.008824409892878913,4,0.7027988859136074,2000,PRUNED
859,0.012852420099079609,2026-05-19 00:29:52.084184,2026-05-19 00:29:52.718743,0 days 00:00:00.634559,64,1.1455917527168222,0.17828682890037684,0.00846105792459715,6,0.6784468319156925,2000,PRUNED
860,0.016854820773005486,2026-05-19 00:29:52.727023,2026-05-19 00:29:53.443945,0 days 00:00:00.716922,64,1.3798065984960195,0.26207515972886486,0.009264924748343452,6,0.704227162835021,2000,PRUNED
861,0.042241886258125305,2026-05-19 00:29:53.452697,2026-05-19 00:29:53.753111,0 days 00:00:00.300414,64,1.2356106739791828,0.32431374226797843,0.007465898078153697,6,0.7010258042114164,1000,PRUNED
862,0.011540434323251247,2026-05-19 00:29:53.761658,2026-05-19 00:29:54.464881,0 days 00:00:00.703223,64,1.5673782292481497,0.20719566714015875,0.008104586533589923,6,0.7162500125169355,2000,PRUNED
863,0.03647320345044136,2026-05-19 00:29:54.472012,2026-05-19 00:29:54.710933,0 days 00:00:00.238921,64,51.491101133579065,0.16077624828694448,0.00940879217986561,6,0.69365391977249,2000,PRUNED
864,0.00878809578716755,2026-05-19 00:29:54.718626,2026-05-19 00:29:55.406193,0 days 00:00:00.687567,64,1.1171893939671422,0.26694665593850003,0.009883901626092043,6,0.7146930602711428,2000,PRUNED
865,0.03277047723531723,2026-05-19 00:29:55.414819,2026-05-19 00:29:55.613942,0 days 00:00:00.199123,96,1.256076753520049,0.04824040104791166,0.006783533213498494,4,0.7200243027848281,2000,PRUNED
866,0.03361614793539047,2026-05-19 00:29:55.621911,2026-05-19 00:29:55.908518,0 days 00:00:00.286607,64,25.292655829446165,0.3938054458316585,0.008698096123433457,6,0.703363117011852,2000,PRUNED
867,0.02681945450603962,2026-05-19 00:29:55.916398,2026-05-19 00:29:56.212183,0 days 00:00:00.295785,80,1.4159363957741324,0.22190659853435674,0.007743553469383314,6,0.6902490860541238,4000,PRUNED
868,0.029241761192679405,2026-05-19 00:29:56.221423,2026-05-19 00:29:56.471013,0 days 00:00:00.249590,64,1.099321323858194,0.35396886382843096,0.00853717364421807,6,0.7292778957758072,4000,PRUNED
869,0.017263948917388916,2026-05-19 00:29:56.479056,2026-05-19 00:29:57.115129,0 days 00:00:00.636073,64,1.691534404061254,0.17892178833483227,0.009921124350140526,6,0.6798775533623644,2000,PRUNED
870,0.012850526720285416,2026-05-19 00:29:57.122879,2026-05-19 00:29:57.575479,0 days 00:00:00.452600,64,1.1705392028233867,0.2730859812658909,0.007424907924814005,6,0.7245306431584703,2000,PRUNED
871,0.03260958939790726,2026-05-19 00:29:57.582743,2026-05-19 00:29:57.823123,0 days 00:00:00.240380,64,1.347523441661466,0.225965265197951,0.006291735536469865,6,0.7394634098295044,4000,PRUNED
872,0.030456675216555595,2026-05-19 00:29:57.831090,2026-05-19 00:29:58.070328,0 days 00:00:00.239238,64,1.0815921856945396,0.1451788463998334,0.008177992848077248,6,0.5826617608184675,2000,PRUNED
873,0.0348474495112896,2026-05-19 00:29:58.077917,2026-05-19 00:29:58.299900,0 days 00:00:00.221983,32,1.2153244122711406,0.03593576177069245,0.006991261281770878,5,0.7153396778422658,2000,PRUNED
874,0.0030264982488006353,2026-05-19 00:29:58.308339,2026-05-19 00:29:59.889660,0 days 00:00:01.581321,64,1.5372027957866081,0.3223238289765916,0.009979636408543886,6,0.6669462904032138,2000,PRUNED
875,4.1628423787187785e-05,2026-05-19 00:29:59.896390,2026-05-19 00:30:14.244494,0 days 00:00:14.348104,64,1.2775428007032739,0.1890894705942889,0.008744718033790259,6,0.744977037745463,2000,COMPLETE
876,0.028051428496837616,2026-05-19 00:30:14.254536,2026-05-19 00:30:14.527103,0 days 00:00:00.272567,80,1.399553442420704,0.16534064902644632,0.008795866433729942,6,0.7488619677737489,2000,PRUNED
877,0.03474978730082512,2026-05-19 00:30:14.535489,2026-05-19 00:30:14.826837,0 days 00:00:00.291348,64,17.110102968987608,0.21719288747249896,0.008797737081266124,6,0.7450890599589552,2000,PRUNED
878,0.01116835419088602,2026-05-19 00:30:14.837961,2026-05-19 00:30:15.523379,0 days 00:00:00.685418,64,1.4632517409820807,0.1369578820979193,0.009258181817750809,6,0.7525487270927772,2000,PRUNED
879,0.01280515268445015,2026-05-19 00:30:15.532142,2026-05-19 00:30:16.309050,0 days 00:00:00.776908,64,1.853499586225113,0.19054564195030368,0.008104148312209536,6,0.7619475626675533,2000,PRUNED
880,0.009104354307055473,2026-05-19 00:30:16.315733,2026-05-19 00:30:17.098936,0 days 00:00:00.783203,64,1.575808904451381,0.18385062249124626,0.009038478812431862,6,0.7361444520941794,4000,PRUNED
881,0.03840595483779907,2026-05-19 00:30:17.106092,2026-05-19 00:30:17.401670,0 days 00:00:00.295578,16,1.3530797501501226,0.24874770778492003,0.00995764400407855,6,0.7430084270081717,2000,PRUNED
882,0.011342529207468033,2026-05-19 00:30:17.408329,2026-05-19 00:30:18.210846,0 days 00:00:00.802517,64,1.2847322987722365,0.16798566560604733,0.008016019586059587,6,0.7289303207477567,2000,PRUNED
883,0.008884929120540619,2026-05-19 00:30:18.218198,2026-05-19 00:30:18.998681,0 days 00:00:00.780483,64,1.465513104728012,0.12717935043653736,0.0085943997255639,6,0.6535393934698723,2000,PRUNED
884,0.0127180814743042,2026-05-19 00:30:19.005802,2026-05-19 00:30:19.551811,0 days 00:00:00.546009,80,1.7044029470804534,0.21520473848410074,0.007629582075227218,6,0.7537095720621215,2000,PRUNED
885,0.00014857150381430984,2026-05-19 00:30:19.559480,2026-05-19 00:30:31.431284,0 days 00:00:11.871804,64,1.2972687268506058,0.2465170270420461,0.009026236077191796,6,0.7321835007998535,2000,COMPLETE
886,0.032815881073474884,2026-05-19 00:30:31.443119,2026-05-19 00:30:31.743846,0 days 00:00:00.300727,80,1.2531646578199591,0.289730615900282,0.008195703087104931,6,0.7581440188377108,2000,PRUNED
887,0.01251688227057457,2026-05-19 00:30:31.750756,2026-05-19 00:30:32.298216,0 days 00:00:00.547460,64,1.3595641888253112,0.15438407887297145,0.009963426449943542,6,0.7406080836066106,2000,PRUNED
888,0.02904389798641205,2026-05-19 00:30:32.304782,2026-05-19 00:30:32.605086,0 days 00:00:00.300304,64,1.547939743412437,0.18219980121326937,0.008661144480553964,6,0.7089334316922279,2000,PRUNED
889,0.03892858326435089,2026-05-19 00:30:32.612805,2026-05-19 00:30:32.874001,0 days 00:00:00.261196,96,1.1890618397768549,0.2097391123236213,0.007546902847218545,6,0.5986995628756299,2000,PRUNED
890,0.026979202404618263,2026-05-19 00:30:32.880848,2026-05-19 00:30:33.123404,0 days 00:00:00.242556,64,1.401448865448113,0.4352263255221889,0.009194003116121317,6,0.765575242405467,2000,PRUNED
891,0.007684143725782633,2026-05-19 00:30:33.129954,2026-05-19 00:30:33.964483,0 days 00:00:00.834529,64,1.2289847670132203,0.299033055630565,0.00999337114404207,6,0.5112654289791475,2000,PRUNED
892,0.03676276654005051,2026-05-19 00:30:33.970855,2026-05-19 00:30:34.221959,0 days 00:00:00.251104,32,1.1751290670639691,0.13233027410720705,0.008146351209330934,6,0.725709712022518,2000,PRUNED
893,0.03929596394300461,2026-05-19 00:30:34.228453,2026-05-19 00:30:34.473393,0 days 00:00:00.244940,96,1.30609285415477,0.2444424795102834,0.0073335597520529615,6,0.8510967279908995,4000,PRUNED
894,0.060147855430841446,2026-05-19 00:30:34.480857,2026-05-19 00:30:34.741821,0 days 00:00:00.260964,64,1.4817718615283186,2.0490670004027143,0.00021882052508093527,5,0.7480077087097027,4000,PRUNED
895,0.015303468331694603,2026-05-19 00:30:34.749313,2026-05-19 00:30:35.271149,0 days 00:00:00.521836,64,1.6998278650893572,0.3551615161448457,0.008637917920070619,6,0.5569509306814706,2000,PRUNED
896,0.013517210260033607,2026-05-19 00:30:35.277688,2026-05-19 00:30:35.830889,0 days 00:00:00.553201,64,1.1294275830518021,0.20747839761017717,0.009189762357123842,6,0.6919983436432828,2000,PRUNED
897,0.0038471210282295942,2026-05-19 00:30:35.838572,2026-05-19 00:30:37.339113,0 days 00:00:01.500541,64,1.2817347224850915,0.15669424633153708,0.008057548167323526,6,0.7374973422964946,4000,PRUNED
898,0.04643074423074722,2026-05-19 00:30:37.346752,2026-05-19 00:30:37.593699,0 days 00:00:00.246947,128,1.1530602026548233,0.27580880961265286,0.007280675617710325,5,0.709933056005978,3000,PRUNED
899,0.034120965749025345,2026-05-19 00:30:37.600699,2026-05-19 00:30:37.885045,0 days 00:00:00.284346,64,30.10854243839241,0.1784609817390877,0.008141177823504065,6,0.7612941324969306,4000,PRUNED
900,0.031187629327178,2026-05-19 00:30:37.892407,2026-05-19 00:30:38.127610,0 days 00:00:00.235203,64,1.3568984409506792,0.23573792720060371,0.00917955517341672,5,0.6737443233210441,4000,PRUNED
901,0.029836034402251244,2026-05-19 00:30:38.134492,2026-05-19 00:30:38.394853,0 days 00:00:00.260361,64,1.5050238878751319,0.0023292983971933186,0.007626175329258892,6,0.7289635773030729,2000,PRUNED
902,0.03603663668036461,2026-05-19 00:30:38.401479,2026-05-19 00:30:38.650525,0 days 00:00:00.249046,80,1.235276194223128,0.3467598298885206,0.008616018303748108,6,0.745756750783084,4000,PRUNED
903,0.03227733448147774,2026-05-19 00:30:38.657088,2026-05-19 00:30:38.898882,0 days 00:00:00.241794,64,1.9094538742255964,0.19942232120850006,0.006921962192021326,6,0.7193560224141746,4000,PRUNED
904,0.03127801790833473,2026-05-19 00:30:38.905206,2026-05-19 00:30:39.152880,0 days 00:00:00.247674,64,1.0949659499489959,0.2857298365493042,0.008943297796229453,6,0.6997636817822308,4000,PRUNED
905,0.03701460361480713,2026-05-19 00:30:39.159381,2026-05-19 00:30:39.408540,0 days 00:00:00.249159,96,1.3691877670740589,0.41835229557203424,0.00792411383257319,6,0.7570157856516287,4000,PRUNED
906,0.004260554909706116,2026-05-19 00:30:39.415006,2026-05-19 00:30:40.360757,0 days 00:00:00.945751,64,1.1760893920678366,0.13911939607434176,0.009391772474269354,5,0.6097751981859243,4000,PRUNED
907,0.009824441745877266,2026-05-19 00:30:40.367585,2026-05-19 00:30:41.059542,0 days 00:00:00.691957,64,1.0776776734403823,0.24629940141415288,0.008511640380105833,6,0.7412677681488037,3000,PRUNED
908,0.02818012237548828,2026-05-19 00:30:41.068506,2026-05-19 00:30:41.312094,0 days 00:00:00.243588,64,1.255802390062635,0.17609485723358415,0.007181760570055642,5,0.49361255397646964,2000,PRUNED
909,0.027742385864257812,2026-05-19 00:30:41.320588,2026-05-19 00:30:41.545585,0 days 00:00:00.224997,64,1.6341810292554364,0.2909021080914121,0.009999562332175655,5,0.7223754427378406,4000,PRUNED
910,0.06776804476976395,2026-05-19 00:30:41.552393,2026-05-19 00:30:41.804480,0 days 00:00:00.252087,32,1.4504809131390994,0.20719525343734743,0.0010299174216722347,6,0.5421496510249362,4000,PRUNED
911,0.03033091500401497,2026-05-19 00:30:41.810920,2026-05-19 00:30:42.030215,0 days 00:00:00.219295,64,1.0834397306741952,0.3507868373237513,0.007819021954129911,5,0.7392391042678748,2000,PRUNED
912,0.0026152776554226875,2026-05-19 00:30:42.036487,2026-05-19 00:30:43.490289,0 days 00:00:01.453802,64,1.1943894134958897,0.12566176464859435,0.006745059836327996,6,0.7654714447958727,4000,PRUNED
913,0.00012414049706421793,2026-05-19 00:30:43.497395,2026-05-19 00:30:57.794083,0 days 00:00:14.296688,64,1.336643199948104,0.23874594214694306,0.009993323549775092,6,0.7522783458675827,4000,COMPLETE
914,0.03340031951665878,2026-05-19 00:30:57.808082,2026-05-19 00:30:58.109093,0 days 00:00:00.301011,80,1.0911419745506468,0.16826708400122567,0.008545811118418178,6,0.6856036936092008,4000,PRUNED
915,0.012767797335982323,2026-05-19 00:30:58.119074,2026-05-19 00:30:58.629921,0 days 00:00:00.510847,64,1.2565649829674557,0.47663160932280557,0.009142137593667343,6,0.5731622250146127,4000,PRUNED
916,0.0007120039663277566,2026-05-19 00:30:58.638195,2026-05-19 00:31:03.904028,0 days 00:00:05.265833,64,1.16039121033415,0.20759063778747128,0.007535198916451335,6,0.7102070008189414,4000,PRUNED
917,0.03634819760918617,2026-05-19 00:31:03.912206,2026-05-19 00:31:04.165914,0 days 00:00:00.253708,64,1.574979461572585,0.27728190590050233,0.008152590183553531,5,0.5183236105359189,2000,PRUNED
918,0.008679029531776905,2026-05-19 00:31:04.173129,2026-05-19 00:31:05.240905,0 days 00:00:01.067776,64,1.3744707644740113,0.14780243525647443,0.009250273439539955,6,0.7330519299188525,3000,PRUNED
919,0.03251583129167557,2026-05-19 00:31:05.250532,2026-05-19 00:31:05.492308,0 days 00:00:00.241776,64,1.0770473252850725,0.3287035887081141,0.007170015387545784,5,0.723737012051776,4000,PRUNED
920,0.008955422788858414,2026-05-19 00:31:05.500850,2026-05-19 00:31:06.313388,0 days 00:00:00.812538,64,1.2469099131144883,0.24269678293801034,0.00854031757464954,6,0.7500047516614023,2000,PRUNED
921,0.03991410881280899,2026-05-19 00:31:06.322054,2026-05-19 00:31:06.617930,0 days 00:00:00.295876,16,1.452811179551741,0.19043855888464353,0.0077510484892244855,6,0.7705319269314332,4000,PRUNED
922,0.036184318363666534,2026-05-19 00:31:06.625990,2026-05-19 00:31:06.924535,0 days 00:00:00.298545,96,1.0830468926015488,0.3913478181873047,0.006679236759517363,6,0.6976016754016715,4000,PRUNED
923,0.027153048664331436,2026-05-19 00:31:06.931806,2026-05-19 00:31:07.230500,0 days 00:00:00.298694,80,1.1806504147632801,0.12279233166633284,0.009225659402134469,6,0.7313753766419758,4000,PRUNED
924,4.7716432163724676e-05,2026-05-19 00:31:07.237434,2026-05-19 00:31:24.779158,0 days 00:00:17.541724,64,1.3019362710785516,0.27194875452829903,0.008269052843191611,6,0.827498003927193,5000,COMPLETE
925,0.04268951341509819,2026-05-19 00:31:24.791435,2026-05-19 00:31:25.099985,0 days 00:00:00.308550,32,1.8197830459447282,0.30478607319230466,0.0071705858755131335,6,0.8225787548061407,5000,PRUNED
926,0.03270075097680092,2026-05-19 00:31:25.107535,2026-05-19 00:31:25.340449,0 days 00:00:00.232914,64,1.5233882938595478,0.4526754288364462,0.006587252629178796,5,0.8468745117286913,5000,PRUNED
927,0.042156439274549484,2026-05-19 00:31:25.347326,2026-05-19 00:31:25.577799,0 days 00:00:00.230473,64,1.6844420047070061,0.25566363188548813,0.0016132374929436382,5,0.8224931381213846,5000,PRUNED
928,0.026485132053494453,2026-05-19 00:31:25.584580,2026-05-19 00:31:25.882268,0 days 00:00:00.297688,64,1.4341418811832738,0.1650543814764224,0.007866332536481942,6,0.8429155629406511,5000,PRUNED
929,0.07245450466871262,2026-05-19 00:31:25.890153,2026-05-19 00:31:26.137983,0 days 00:00:00.247830,64,2.0414238833697205,0.21174881294675776,0.0008376190646322482,6,0.8194425906479933,5000,PRUNED
930,0.03583553805947304,2026-05-19 00:31:26.147223,2026-05-19 00:31:26.381264,0 days 00:00:00.234041,80,1.3401828728075846,0.33189952071890444,0.00840561815394298,5,0.826801205357968,5000,PRUNED
931,0.03760238736867905,2026-05-19 00:31:26.391002,2026-05-19 00:31:26.647088,0 days 00:00:00.256086,96,1.6056930734479657,0.2892054989582513,0.009948565544142814,6,0.7963633350543848,5000,PRUNED
932,0.05039158836007118,2026-05-19 00:31:26.656463,2026-05-19 00:31:26.913820,0 days 00:00:00.257357,64,1.3137348022985669,1.7053927822992798,0.007416258720317612,6,0.5297779138619488,5000,PRUNED
933,0.030379977077245712,2026-05-19 00:31:26.922771,2026-05-19 00:31:27.165674,0 days 00:00:00.242903,64,1.4492809200216177,0.19057239700620643,0.008630541385419648,5,0.7996265324606091,5000,PRUNED
934,0.06902816891670227,2026-05-19 00:31:27.172621,2026-05-19 00:31:27.429165,0 days 00:00:00.256544,64,1.3087002944403487,0.22941141892705003,0.00046222260381438427,6,0.6573785647689339,5000,PRUNED
935,0.012183800339698792,2026-05-19 00:31:27.436153,2026-05-19 00:31:27.950181,0 days 00:00:00.514028,64,1.5052992983849818,0.14862346899797768,0.006422943971343745,6,0.8223792015142893,5000,PRUNED
936,0.01390653196722269,2026-05-19 00:31:27.957754,2026-05-19 00:31:28.461837,0 days 00:00:00.504083,64,1.2719903226281155,0.3679628451773592,0.007846572044836374,6,0.8331292322168364,5000,PRUNED
937,0.012322195805609226,2026-05-19 00:31:28.470248,2026-05-19 00:31:29.022775,0 days 00:00:00.552527,64,1.2006405041331056,0.11576403334063773,0.00900758018539758,6,0.8385112697155719,5000,PRUNED
938,0.034601643681526184,2026-05-19 00:31:29.031105,2026-05-19 00:31:29.287804,0 days 00:00:00.256699,64,1.3810551227390746,0.2730724820835244,0.007111031524576589,5,0.7779660312178742,5000,PRUNED
939,0.01607583276927471,2026-05-19 00:31:29.297493,2026-05-19 00:31:29.854184,0 days 00:00:00.556691,64,1.6465323258780982,0.18889129029167773,0.008073641206248164,6,0.4379964707262965,5000,PRUNED
940,0.02804957516491413,2026-05-19 00:31:29.863256,2026-05-19 00:31:30.674971,0 days 00:00:00.811715,64,1.241173322739486,0.23088643464109232,0.009997246276133543,6,0.8096817808161333,5000,PRUNED
941,0.04396345838904381,2026-05-19 00:31:30.684920,2026-05-19 00:31:30.956771,0 days 00:00:00.271851,80,80.03311330017694,0.15891556785355415,0.006011465903956629,5,0.7567565504431799,5000,PRUNED
942,0.05854908376932144,2026-05-19 00:31:30.965376,2026-05-19 00:31:31.269784,0 days 00:00:00.304408,64,1.399693206348855,0.49976446987030965,0.0006509712416485586,6,0.8175065811301684,5000,PRUNED
943,0.02647411823272705,2026-05-19 00:31:31.280475,2026-05-19 00:31:31.573945,0 days 00:00:00.293470,64,1.1576883725022455,0.3179214282797062,0.009183343748671654,6,0.8072982332331599,5000,PRUNED
944,0.03808584436774254,2026-05-19 00:31:31.582289,2026-05-19 00:31:31.852512,0 days 00:00:00.270223,32,1.0012498695359842,0.2627190577852471,0.008367423316303382,5,0.8377878407322836,5000,PRUNED
945,0.03709154203534126,2026-05-19 00:31:31.861146,2026-05-19 00:31:32.106213,0 days 00:00:00.245067,128,1.2910741791857974,0.4121893760414262,0.007540107254865636,6,0.836035733538921,5000,PRUNED
946,0.03455602750182152,2026-05-19 00:31:32.114267,2026-05-19 00:31:32.338454,0 days 00:00:00.224187,96,1.520873950693861,0.20780698237357273,0.006795799997992483,5,0.8612357647991766,5000,PRUNED
947,0.010252254083752632,2026-05-19 00:31:32.345751,2026-05-19 00:31:32.981135,0 days 00:00:00.635384,64,1.840006712690065,0.1290469134970909,0.00999631660075721,6,0.47273890857026907,1000,PRUNED
948,0.008653303608298302,2026-05-19 00:31:32.989386,2026-05-19 00:31:33.621433,0 days 00:00:00.632047,64,1.1624995687808328,0.1842119404024294,0.008507844401542381,6,0.4583906560149392,5000,PRUNED
949,0.03507927432656288,2026-05-19 00:31:33.628503,2026-05-19 00:31:33.854052,0 days 00:00:00.225549,80,1.364325885290984,0.23496311404698256,0.009133088988612134,5,0.6430890427230603,2000,PRUNED
950,0.03408413380384445,2026-05-19 00:31:33.860504,2026-05-19 00:31:34.099323,0 days 00:00:00.238819,64,37.22533954384432,0.3367944012419227,0.007473020083190332,6,0.8117047912577952,5000,PRUNED
951,0.008852388709783554,2026-05-19 00:31:34.106703,2026-05-19 00:31:35.113393,0 days 00:00:01.006690,64,1.224629671236566,0.1548664573103216,0.008256304849350275,6,0.7735624288544557,5000,PRUNED
952,0.029750749468803406,2026-05-19 00:31:35.120454,2026-05-19 00:31:35.382126,0 days 00:00:00.261672,64,1.079563142742239,0.2903767780002435,0.009100204975538803,6,0.7635880927594286,3000,PRUNED
953,0.07249102741479874,2026-05-19 00:31:35.388902,2026-05-19 00:31:35.636748,0 days 00:00:00.247846,64,1.5535911088576466,0.23199785997741415,0.00026977724615055324,6,0.6253625360886658,2000,PRUNED
954,0.0816255733370781,2026-05-19 00:31:35.643226,2026-05-19 00:31:35.892141,0 days 00:00:00.248915,64,1.166973379249788,0.18674507337690543,0.00018572061790434195,6,0.745774740644958,5000,PRUNED
955,0.015595521777868271,2026-05-19 00:31:35.898788,2026-05-19 00:31:36.415892,0 days 00:00:00.517104,64,1.3317459193596959,0.38763389285128247,0.006628014483230643,6,0.672441960446372,5000,PRUNED
956,0.03339758887887001,2026-05-19 00:31:36.423869,2026-05-19 00:31:36.650383,0 days 00:00:00.226514,64,11.49628685682819,0.27438182495209185,0.00784447203081462,5,0.49051433038782466,5000,PRUNED
957,0.04600142687559128,2026-05-19 00:31:36.658856,2026-05-19 00:31:36.943162,0 days 00:00:00.284306,16,1.7638186911458225,0.13716725698055499,0.007159885145707661,6,0.868545331254457,5000,PRUNED
958,0.012309301644563675,2026-05-19 00:31:36.952080,2026-05-19 00:31:37.410391,0 days 00:00:00.458311,64,1.427958608570728,0.20183072995508147,0.009192034297011643,6,0.44578806337613264,1000,PRUNED
959,0.03674555569887161,2026-05-19 00:31:37.419221,2026-05-19 00:31:37.651692,0 days 00:00:00.232471,80,1.0669241805202327,0.3239748246875252,0.008443318252587432,5,0.7848973529242516,5000,PRUNED
960,0.01477926503866911,2026-05-19 00:31:37.658012,2026-05-19 00:31:38.132201,0 days 00:00:00.474189,48,1.257124362858928,0.16944778830792015,0.007821896544184423,6,0.4179478410897297,5000,PRUNED
961,0.028734566643834114,2026-05-19 00:31:38.139420,2026-05-19 00:31:38.388890,0 days 00:00:00.249470,64,1.1485316472026343,0.11013490275672556,0.006079623489984665,5,0.7442742916061924,2000,PRUNED
962,0.03464462608098984,2026-05-19 00:31:38.396413,2026-05-19 00:31:38.673277,0 days 00:00:00.276864,32,3.0713093365269306,0.267003760101543,0.009194350185709493,6,0.8309458072569034,5000,PRUNED
963,0.013398970477283001,2026-05-19 00:31:38.679983,2026-05-19 00:31:39.199201,0 days 00:00:00.519218,64,8.675868431759952,0.2231037278024453,0.009967704864565679,6,0.5876446748825326,5000,PRUNED
964,0.036744389683008194,2026-05-19 00:31:39.206880,2026-05-19 00:31:39.450703,0 days 00:00:00.243823,64,1.2411804881880542,0.2308699488912602,0.006954453747301039,5,0.5564658512200071,5000,PRUNED
965,0.17287012934684753,2026-05-19 00:31:39.457430,2026-05-19 00:31:39.719400,0 days 00:00:00.261970,64,19.775271317716363,0.16624389229278053,0.008463351285489973,6,0.8576128541414626,5000,PRUNED
966,0.034508462995290756,2026-05-19 00:31:39.725889,2026-05-19 00:31:39.973175,0 days 00:00:00.247286,48,1.4338615805153605,0.37403777022381485,0.007802220937044885,6,0.806367727190384,5000,PRUNED
967,0.03516151010990143,2026-05-19 00:31:39.980101,2026-05-19 00:31:40.200465,0 days 00:00:00.220364,80,1.0928388150095787,0.28823071066548744,0.008682894833548196,5,0.7663881796807261,2000,PRUNED
968,0.035733189433813095,2026-05-19 00:31:40.208674,2026-05-19 00:31:40.453928,0 days 00:00:00.245254,96,1.5793772847635739,0.20136711207177244,0.007312390805915513,6,0.7364609460940286,5000,PRUNED
969,0.03479677066206932,2026-05-19 00:31:40.461917,2026-05-19 00:31:40.684715,0 days 00:00:00.222798,64,1.3223168658157305,0.5251325885955922,0.006542730382148733,5,0.755577146367756,5000,PRUNED
970,0.041526880115270615,2026-05-19 00:31:40.692535,2026-05-19 00:31:40.939350,0 days 00:00:00.246815,48,1.9921554530558498,0.12888299422367952,0.009169207934512844,6,0.7486703703329672,3000,PRUNED
971,0.028210891410708427,2026-05-19 00:31:40.946974,2026-05-19 00:31:41.200074,0 days 00:00:00.253100,64,1.1923607548162551,0.4323117292126093,0.008070122491092558,6,0.7912862833443128,5000,PRUNED
972,0.037967976182699203,2026-05-19 00:31:41.206596,2026-05-19 00:31:41.457151,0 days 00:00:00.250555,64,1.0081894100621196,0.2563641674158734,0.00915398003782921,6,0.7331953880853815,5000,PRUNED
973,0.06408702582120895,2026-05-19 00:31:41.464228,2026-05-19 00:31:41.692017,0 days 00:00:00.227789,64,1.12531830967694,4.152106771832249,0.009978680113099249,5,0.4288028483654751,5000,PRUNED
974,0.032040782272815704,2026-05-19 00:31:41.698891,2026-05-19 00:31:42.005362,0 days 00:00:00.306471,48,1.0012981229814508,0.3256492593201739,0.0073490896445179595,6,0.4598040803416446,2000,PRUNED
975,0.031307872384786606,2026-05-19 00:31:42.012183,2026-05-19 00:31:42.241179,0 days 00:00:00.228996,64,1.3388843510873938,0.1490757332127998,0.006013103680634401,5,0.716554439591884,5000,PRUNED
976,0.039686381816864014,2026-05-19 00:31:42.247770,2026-05-19 00:31:42.499402,0 days 00:00:00.251632,64,5.730991446425373,0.19714316504673016,0.008073189424027993,6,0.4811162195823336,5000,PRUNED
977,0.03090686909854412,2026-05-19 00:31:42.505948,2026-05-19 00:31:42.750524,0 days 00:00:00.244576,64,7.40291142640333,0.2510655225665232,0.008781146455606802,6,0.7747802821751583,5000,PRUNED
978,0.10808444768190384,2026-05-19 00:31:42.757066,2026-05-19 00:31:43.006923,0 days 00:00:00.249857,48,4.255387484237121,0.1785330340599621,0.0005483046633568895,6,0.46910867534023115,2000,PRUNED
979,0.031093711033463478,2026-05-19 00:31:43.013509,2026-05-19 00:31:43.240543,0 days 00:00:00.227034,64,1.2575280549809527,0.31455715219279806,0.007567039690864162,5,0.5002458813830103,5000,PRUNED
980,0.00780758261680603,2026-05-19 00:31:43.247463,2026-05-19 00:31:44.124476,0 days 00:00:00.877013,64,2.6990903505537815,0.1110983252031555,0.0066242751825062235,6,0.7586022134382335,5000,PRUNED
981,0.014741095714271069,2026-05-19 00:31:44.131167,2026-05-19 00:31:44.583143,0 days 00:00:00.451976,64,1.6905281822588085,0.22643278866402694,0.008392385057980454,6,0.7087761368988722,5000,PRUNED
982,0.042509984225034714,2026-05-19 00:31:44.590521,2026-05-19 00:31:44.822764,0 days 00:00:00.232243,80,1.4582728937771248,0.37450278932759673,0.009248860430846302,5,0.8500311155867404,5000,PRUNED
983,0.03366410359740257,2026-05-19 00:31:44.831211,2026-05-19 00:31:45.074795,0 days 00:00:00.243584,32,96.03224455877773,0.276836176242278,0.007049103602003992,6,0.5437241389916541,5000,PRUNED
984,0.034114718437194824,2026-05-19 00:31:45.081739,2026-05-19 00:31:45.335464,0 days 00:00:00.253725,96,1.1513962978475458,0.16436741335171332,0.00811193013675449,6,0.6857856348655169,4000,PRUNED
985,0.005445762537419796,2026-05-19 00:31:45.342163,2026-05-19 00:31:46.215618,0 days 00:00:00.873455,64,1.080661039607971,0.2110977167197396,0.009266805160253128,6,0.44159143595383765,3000,PRUNED
986,0.02731100469827652,2026-05-19 00:31:46.223626,2026-05-19 00:31:46.450561,0 days 00:00:00.226935,64,1.25569650698914,0.1495212466278778,0.008495201308337188,5,0.7260812760084309,2000,PRUNED
987,0.03209063038229942,2026-05-19 00:31:46.459237,2026-05-19 00:31:46.702775,0 days 00:00:00.243538,48,1.4001855838049149,0.24997752809393858,0.007502773510214107,6,0.741589064671661,4000,PRUNED
988,0.028439028188586235,2026-05-19 00:31:46.711641,2026-05-19 00:31:46.954309,0 days 00:00:00.242668,64,1.1579650677507276,0.44034827330806914,0.00582508133573724,6,0.6573663262844232,5000,PRUNED
989,0.006488025188446045,2026-05-19 00:31:46.960891,2026-05-19 00:31:47.727056,0 days 00:00:00.766165,64,2.414080142989636,0.3321758741357507,0.009959395306574956,5,0.6134936054719253,5000,PRUNED
990,0.012554733082652092,2026-05-19 00:31:47.736361,2026-05-19 00:31:48.197540,0 days 00:00:00.461179,128,1.5025365643256403,0.1910659025759777,0.0064070544314194,6,0.8048874668922738,4000,PRUNED
991,0.005648700520396233,2026-05-19 00:31:48.205695,2026-05-19 00:31:49.039410,0 days 00:00:00.833715,64,1.2867308964788011,0.22570784405354852,0.008489915903778055,6,0.7523820007126046,5000,PRUNED
992,0.039430711418390274,2026-05-19 00:31:49.045895,2026-05-19 00:31:49.300511,0 days 00:00:00.254616,16,1.0808378994491599,0.28988406220373863,0.007780074425426296,6,0.8315492851046711,4000,PRUNED
993,0.014344502240419388,2026-05-19 00:31:49.307268,2026-05-19 00:31:49.760423,0 days 00:00:00.453155,64,1.1989201807708798,0.16627629654093048,0.006961615438400841,6,0.7334428992857169,5000,PRUNED
994,0.027290930971503258,2026-05-19 00:31:49.767198,2026-05-19 00:31:50.028734,0 days 00:00:00.261536,48,1.621868080815242,0.258624386789109,0.009236193818901844,5,0.7669244361379968,5000,PRUNED
995,0.028740808367729187,2026-05-19 00:31:50.036320,2026-05-19 00:31:50.292574,0 days 00:00:00.256254,80,1.3480738114247464,0.11814066735394788,0.007972564141317052,6,0.5675984056891694,4000,PRUNED
996,0.012218096293509007,2026-05-19 00:31:50.299126,2026-05-19 00:31:50.700385,0 days 00:00:00.401259,64,1.102923606542374,0.1336332817168443,0.009983262804714413,5,0.4517474827541194,5000,PRUNED
997,0.009814424440264702,2026-05-19 00:31:50.707067,2026-05-19 00:31:51.515776,0 days 00:00:00.808709,64,1.0079214686368623,0.20496212414203707,0.008637232490101265,6,0.7200827382078447,2000,PRUNED
998,0.035619281232357025,2026-05-19 00:31:51.523065,2026-05-19 00:31:51.819164,0 days 00:00:00.296099,96,1.1934944797824303,0.33746019283419454,0.007277815218183692,6,0.6778999258314182,4000,PRUNED
999,0.03488057851791382,2026-05-19 00:31:51.826063,2026-05-19 00:31:52.131447,0 days 00:00:00.305384,64,2.193517806446043,1.4940177164728121,0.008712713554833641,6,0.6983560662088474,5000,PRUNED
