number,value,datetime_start,datetime_complete,duration,params_hidden,params_lambda_ic,params_lambda_phys,params_lr,params_n_layers,params_scheduler_gamma,params_scheduler_step,state
0,0.042154401540756226,2026-05-19 09:29:48.358696,2026-05-19 09:30:21.763299,0 days 00:00:33.404603,48,15.75132049977973,0.8471801418819978,0.0002051338263087451,6,0.3935967122017216,1000,COMPLETE
1,0.0001547355786897242,2026-05-19 09:30:21.785281,2026-05-19 09:30:37.058383,0 days 00:00:15.273102,112,1.0994335574766196,0.679657809075816,0.008706020878304856,5,0.7994655844802532,2000,COMPLETE
2,0.016336439177393913,2026-05-19 09:30:37.074235,2026-05-19 09:31:18.430714,0 days 00:00:41.356479,32,11.207606211860567,0.016480446427978974,0.0007309539835912913,2,0.47473748411882516,4000,COMPLETE
3,0.0001680452551227063,2026-05-19 09:31:18.448373,2026-05-19 09:31:47.536263,0 days 00:00:29.087890,32,8.168455894760163,0.029204338471814112,0.0037183641805732083,3,0.41980426929501585,3000,COMPLETE
4,0.006634157616645098,2026-05-19 09:31:47.551370,2026-05-19 09:33:01.889670,0 days 00:01:14.338300,80,2.1930485556643684,0.26926469100861794,0.00013492834268013249,2,0.8693313223520001,5000,COMPLETE
5,0.29976171255111694,2026-05-19 09:33:01.903865,2026-05-19 09:33:02.101005,0 days 00:00:00.197140,112,23.359635026261596,0.002458603276328005,0.0007591104805282694,3,0.3732229409068673,3000,PRUNED
6,0.3486267030239105,2026-05-19 09:33:02.107163,2026-05-19 09:33:02.374503,0 days 00:00:00.267340,16,21.137059440645725,0.010842262717330166,0.0004201672054372534,6,0.6120408127066865,3000,PRUNED
7,0.00023781035270076245,2026-05-19 09:33:02.381337,2026-05-19 09:33:25.443528,0 days 00:00:23.062191,32,75.68292060167619,1.2604664585649468,0.006161049539380964,6,0.6587399872866511,5000,COMPLETE
8,0.3254525065422058,2026-05-19 09:33:25.456997,2026-05-19 09:33:25.623133,0 days 00:00:00.166136,16,4.473636174621264,0.0015167330688076208,0.0005989003672254305,2,0.4628094190643376,5000,PRUNED
9,5.5455806432291865e-05,2026-05-19 09:33:25.629644,2026-05-19 09:33:44.725437,0 days 00:00:19.095793,48,1.9135880487692298,0.14817820606039092,0.0040215545266902904,3,0.3447303862078625,5000,COMPLETE
10,0.11040355265140533,2026-05-19 09:33:44.741363,2026-05-19 09:33:45.349961,0 days 00:00:00.608598,80,1.0862348973937128,7.553503645583189,0.002323884211939932,4,0.3232351199767098,4000,PRUNED
11,0.0004187839513178915,2026-05-19 09:33:45.357358,2026-05-19 09:34:01.878644,0 days 00:00:16.521286,128,1.078313102013456,0.12775215110810637,0.007791470666172783,5,0.7895912314730211,1000,COMPLETE
12,5.1085295126540586e-05,2026-05-19 09:34:01.891059,2026-05-19 09:34:21.271581,0 days 00:00:19.380522,96,2.7271383314841704,0.5748594743060444,0.0019837097847729287,4,0.7366591367648677,2000,COMPLETE
13,0.04596683755517006,2026-05-19 09:34:21.289720,2026-05-19 09:34:22.391942,0 days 00:00:01.102222,64,3.8658624048676105,3.2613252154968766,0.0016268364153268163,4,0.7105462657794878,2000,PRUNED
14,0.1345161348581314,2026-05-19 09:34:22.398232,2026-05-19 09:34:22.584203,0 days 00:00:00.185971,96,2.6682595667833473,0.07876532796619967,0.0017311542042698074,3,0.5573911783081793,2000,PRUNED
15,2.9614111554110423e-05,2026-05-19 09:34:22.591608,2026-05-19 09:34:40.209768,0 days 00:00:17.618160,64,2.070551589646306,0.26563870172817117,0.0036469675188758413,4,0.5480484598156278,4000,COMPLETE
16,7.406856457237154e-05,2026-05-19 09:34:40.226526,2026-05-19 09:34:58.185837,0 days 00:00:17.959311,96,5.887056496896424,0.2866629615019467,0.002912348358732718,4,0.5491398822456548,4000,COMPLETE
17,0.16339971125125885,2026-05-19 09:34:58.194922,2026-05-19 09:34:58.479521,0 days 00:00:00.284599,64,44.96448242471307,2.3380683055827656,0.0012917877394837088,5,0.7088786169466812,2000,PRUNED
18,0.00039230799302458763,2026-05-19 09:34:58.486496,2026-05-19 09:35:08.475650,0 days 00:00:09.989154,96,2.6623228883155368,0.04538659094636796,0.004206261328868769,5,0.5332615168718318,4000,COMPLETE
19,0.14098183810710907,2026-05-19 09:35:08.486905,2026-05-19 09:35:08.706330,0 days 00:00:00.219425,128,1.7721366292267609,0.4306398686582907,0.00030479802556930395,4,0.6397436414191029,1000,PRUNED
20,0.11566772311925888,2026-05-19 09:35:08.714101,2026-05-19 09:35:08.952351,0 days 00:00:00.238250,80,6.867749902887238,9.50577550829543,0.0011535721228312717,4,0.7455455006716137,3000,PRUNED
21,0.026048293337225914,2026-05-19 09:35:08.961727,2026-05-19 09:35:10.424908,0 days 00:00:01.463181,48,1.5748861886853698,0.1314170173310149,0.004936312712230073,3,0.3073535506761102,5000,PRUNED
22,0.14003869891166687,2026-05-19 09:35:10.431195,2026-05-19 09:35:10.606608,0 days 00:00:00.175413,48,3.921861985347169,0.19651411124637957,0.0024647667074764157,3,0.8673922115750958,4000,PRUNED
23,0.004936640150845051,2026-05-19 09:35:10.612943,2026-05-19 09:35:14.221858,0 days 00:00:03.608915,64,2.864532701881402,0.06929605504723649,0.0033635209826815317,4,0.4916727974094228,5000,PRUNED
24,9.900773875415325e-05,2026-05-19 09:35:14.229144,2026-05-19 09:35:27.474262,0 days 00:00:13.245118,48,1.5921922401091224,0.5475779669393706,0.005601486345957139,3,0.5878840636873497,4000,COMPLETE
25,0.04824376106262207,2026-05-19 09:35:27.491428,2026-05-19 09:35:28.369754,0 days 00:00:00.878326,64,5.092835838644129,1.9373646850236117,0.0019503087174328082,4,0.687091035506995,3000,PRUNED
26,0.10357902944087982,2026-05-19 09:35:28.376048,2026-05-19 09:35:28.602635,0 days 00:00:00.226587,112,1.9112604448863808,0.009179754028586304,0.003073801489351649,5,0.7914751159225341,5000,PRUNED
27,0.00012482736201491207,2026-05-19 09:35:28.608975,2026-05-19 09:35:39.508626,0 days 00:00:10.899651,80,3.2427175912637134,0.03686249772453947,0.00963572847389805,3,0.34626930171574455,2000,COMPLETE
28,0.08023438602685928,2026-05-19 09:35:39.521167,2026-05-19 09:35:39.926550,0 days 00:00:00.405383,96,1.420146193012,0.3548299217253916,0.0013558013656389926,4,0.5081584691834964,4000,PRUNED
29,0.22097255289554596,2026-05-19 09:35:39.934325,2026-05-19 09:35:40.081978,0 days 00:00:00.147653,48,14.96313832348352,1.1002719560019927,0.0009361457502574145,2,0.4186749962018174,1000,PRUNED
30,0.10764510184526443,2026-05-19 09:35:40.090101,2026-05-19 09:35:40.260602,0 days 00:00:00.170501,32,10.103990139878906,4.125027343477553,0.00702800228414301,3,0.7537211883778207,5000,PRUNED
31,0.08087626099586487,2026-05-19 09:35:40.268655,2026-05-19 09:35:40.641995,0 days 00:00:00.373340,96,6.467851364839018,0.22164328953506304,0.0030003068523006553,4,0.5797404624246708,4000,PRUNED
32,0.05112769827246666,2026-05-19 09:35:40.649114,2026-05-19 09:35:41.554693,0 days 00:00:00.905579,112,5.490348594370287,0.7049266627129404,0.0023508613313383,4,0.6295374389660007,3000,PRUNED
33,0.00024152676633093506,2026-05-19 09:35:41.561410,2026-05-19 09:35:57.606857,0 days 00:00:16.045447,96,2.5704995411795304,0.14268649615825924,0.004484512855079244,5,0.43749282802647516,4000,COMPLETE
34,0.04583950713276863,2026-05-19 09:35:57.622071,2026-05-19 09:35:58.548571,0 days 00:00:00.926500,80,3.5595046727208457,0.8399878320901333,0.0028469224284762996,4,0.5363153979505624,4000,PRUNED
35,0.00010009144898504019,2026-05-19 09:35:58.555364,2026-05-19 09:36:16.076732,0 days 00:00:17.521368,64,2.192057150741131,0.3014122042679678,0.0038444869638370343,5,0.825132250303114,2000,COMPLETE
36,0.1584709882736206,2026-05-19 09:36:16.094027,2026-05-19 09:36:16.277062,0 days 00:00:00.183035,48,1.316245689261108,0.019837523443384422,0.0017758460001768164,3,0.38166947206638224,4000,PRUNED
37,0.002186091849580407,2026-05-19 09:36:16.283373,2026-05-19 09:36:20.040196,0 days 00:00:03.756823,112,7.7109556428069,0.07503935391207481,0.005357445814628114,4,0.8989701516996023,5000,PRUNED
38,0.1537577509880066,2026-05-19 09:36:20.047795,2026-05-19 09:36:20.209257,0 days 00:00:00.161462,32,2.10404790761359,0.48205583698130877,0.0001113717572032857,2,0.6799542439474072,3000,PRUNED
39,0.10275325179100037,2026-05-19 09:36:20.216057,2026-05-19 09:36:20.483841,0 days 00:00:00.267784,80,14.067204331646964,1.484369336660729,0.0009328131472969015,5,0.46066086846245713,5000,PRUNED
40,0.13553071022033691,2026-05-19 09:36:20.490768,2026-05-19 09:36:20.674437,0 days 00:00:00.183669,96,5.2241320148260355,0.20633793361723443,0.002090320365171075,3,0.5139023970488679,3000,PRUNED
41,0.00012282807438168675,2026-05-19 09:36:20.682643,2026-05-19 09:36:37.079573,0 days 00:00:16.396930,48,1.5618748031782717,0.5529126569316912,0.006005803645911507,3,0.5933135011184025,4000,COMPLETE
42,0.07704025506973267,2026-05-19 09:36:37.095115,2026-05-19 09:36:37.391943,0 days 00:00:00.296828,48,2.179436404858671,0.3531458873778083,0.007679883610382862,2,0.5696753312087954,4000,PRUNED
43,0.1307525634765625,2026-05-19 09:36:37.398122,2026-05-19 09:36:37.606290,0 days 00:00:00.208168,32,1.2241581221588824,0.8038330997007741,0.004062643697118094,3,0.556800640994505,4000,PRUNED
44,0.00013893806317355484,2026-05-19 09:36:37.613214,2026-05-19 09:36:47.072838,0 days 00:00:09.459624,64,1.7432943138604147,0.18344948229722857,0.005840493171108409,4,0.609423354765859,3000,COMPLETE
45,0.16435247659683228,2026-05-19 09:36:47.084454,2026-05-19 09:36:47.377236,0 days 00:00:00.292782,16,3.2651793194362795,0.10535436712763925,0.0034645323012846797,6,0.6252863134760114,5000,PRUNED
46,0.2666780948638916,2026-05-19 09:36:47.385099,2026-05-19 09:36:47.568943,0 days 00:00:00.183844,64,25.136148701684327,0.05326563292353654,0.0027825647199784583,3,0.6650705232086034,4000,PRUNED
47,0.07324114441871643,2026-05-19 09:36:47.575900,2026-05-19 09:36:47.999899,0 days 00:00:00.423999,80,1.0562563551461936,0.27674144114143584,0.001491695394995115,4,0.41598120348710743,2000,PRUNED
48,0.22074352204799652,2026-05-19 09:36:48.007180,2026-05-19 09:36:48.168680,0 days 00:00:00.161500,32,4.370825232502912,0.5939353004002431,0.000553261703984557,2,0.740882375240011,5000,PRUNED
49,0.08211660385131836,2026-05-19 09:36:48.175015,2026-05-19 09:36:48.480626,0 days 00:00:00.305611,128,2.451713567280875,1.1182991275307783,0.005123191807895258,3,0.48199495254882185,4000,PRUNED
50,0.0985666811466217,2026-05-19 09:36:48.487270,2026-05-19 09:36:48.709560,0 days 00:00:00.222290,48,2.9370321889467386,4.396887109538275,0.00692717402678935,4,0.3633294170754566,1000,PRUNED
51,0.0001552767789689824,2026-05-19 09:36:48.716728,2026-05-19 09:37:03.359795,0 days 00:00:14.643067,64,2.2294159781886362,0.2995308582923625,0.004084814613690407,5,0.8192715085776944,2000,COMPLETE
52,0.00016406551003456116,2026-05-19 09:37:03.374737,2026-05-19 09:37:19.271913,0 days 00:00:15.897176,64,1.8938817640983774,0.43859462006247263,0.0035012994978910863,6,0.8288801930138745,2000,COMPLETE
53,0.08024458587169647,2026-05-19 09:37:19.281845,2026-05-19 09:37:19.759690,0 days 00:00:00.477845,48,1.3388500482764063,0.16553614878785133,0.0025119684166040905,5,0.8460240225544691,2000,PRUNED
54,0.00013139858492650092,2026-05-19 09:37:19.766562,2026-05-19 09:37:34.049029,0 days 00:00:14.282467,80,1.6911715267440435,0.2779297858746365,0.004762342498568603,5,0.7726626627878281,3000,COMPLETE
55,0.10979026556015015,2026-05-19 09:37:34.064569,2026-05-19 09:37:34.289008,0 days 00:00:00.224439,64,4.336973342765597,0.10018826588951596,0.008761562191597282,4,0.7163790400945176,1000,PRUNED
56,0.10460008680820465,2026-05-19 09:37:34.295598,2026-05-19 09:37:34.511491,0 days 00:00:00.215893,112,2.12672803687733,1.7847370980936839,0.0037334211377955356,4,0.5428842375346338,2000,PRUNED
57,0.09928834438323975,2026-05-19 09:37:34.518723,2026-05-19 09:37:34.781836,0 days 00:00:00.263113,48,1.0082266715657486,0.457376694401574,0.0018688844998229908,5,0.5156428556473345,3000,PRUNED
58,0.13711999356746674,2026-05-19 09:37:34.788444,2026-05-19 09:37:34.985065,0 days 00:00:00.196621,96,3.004898827214399,1.1102730604545183,0.0011066795625981599,3,0.5978317932752558,3000,PRUNED
59,0.09508944302797318,2026-05-19 09:37:34.991984,2026-05-19 09:37:35.217778,0 days 00:00:00.225794,64,1.5180132757051992,0.005655910657509179,0.0021609609708765666,4,0.649287818978939,4000,PRUNED
60,0.09960193186998367,2026-05-19 09:37:35.225605,2026-05-19 09:37:35.405764,0 days 00:00:00.180159,80,79.6930450353803,2.869707196168541,0.006333545207994019,3,0.8897687304120707,5000,PRUNED
61,0.09744355827569962,2026-05-19 09:37:35.414363,2026-05-19 09:37:35.615755,0 days 00:00:00.201392,48,1.5589846922488817,0.5849863053134599,0.005808452138448799,3,0.5885617489750562,4000,PRUNED
62,0.09402722120285034,2026-05-19 09:37:35.623646,2026-05-19 09:37:35.843972,0 days 00:00:00.220326,48,1.2358467755613447,0.23016169087070176,0.004368484631848566,3,0.5681158734152643,4000,PRUNED
63,0.21152417361736298,2026-05-19 09:37:35.851816,2026-05-19 09:37:36.064259,0 days 00:00:00.212443,64,2.4509340426990858,0.3610876895111602,0.00019569524800225723,3,0.6114971707468981,4000,PRUNED
64,0.06714287400245667,2026-05-19 09:37:36.072389,2026-05-19 09:37:36.463635,0 days 00:00:00.391246,48,1.9061527848219015,0.6013573693125439,0.0028353292693097175,4,0.7068151526398249,4000,PRUNED
65,0.2566998302936554,2026-05-19 09:37:36.470846,2026-05-19 09:37:36.663046,0 days 00:00:00.192200,32,3.719100837298919,0.13096023131758514,0.0032602081031525613,2,0.45073759826959636,4000,PRUNED
66,5.000128658139147e-05,2026-05-19 09:37:36.670795,2026-05-19 09:37:52.154208,0 days 00:00:15.483413,64,1.5168730257058265,0.9086844359724805,0.00989670783320152,4,0.8108616147013324,5000,COMPLETE
67,8.340013300767168e-05,2026-05-19 09:37:52.164469,2026-05-19 09:38:05.681424,0 days 00:00:13.516955,64,1.2414497489260734,0.9523791363220887,0.009184374369929693,4,0.8065477109648651,5000,COMPLETE
68,0.09905065596103668,2026-05-19 09:38:05.692240,2026-05-19 09:38:05.955433,0 days 00:00:00.263193,80,1.2331040480797826,1.4164416881576782,0.009838651498123296,4,0.7819458499536234,5000,PRUNED
69,6.354934157570824e-05,2026-05-19 09:38:05.962935,2026-05-19 09:38:21.092180,0 days 00:00:15.129245,64,1.1650445657234192,0.9494386915798098,0.008295652619818931,4,0.8544588320907119,5000,COMPLETE
70,0.10052766650915146,2026-05-19 09:38:21.103557,2026-05-19 09:38:21.337579,0 days 00:00:00.234022,64,1.182291101352288,1.8947731391820382,0.008213233682295384,4,0.8575967977371792,5000,PRUNED
71,0.001837564050219953,2026-05-19 09:38:21.344628,2026-05-19 09:38:25.627177,0 days 00:00:04.282549,64,1.3865902004316466,0.8934192630529328,0.008782294079838056,4,0.8010207386551518,5000,PRUNED
72,0.10354505479335785,2026-05-19 09:38:25.636215,2026-05-19 09:38:25.871930,0 days 00:00:00.235715,96,1.786140142642835,0.868969255992109,0.007053017436673455,4,0.8442558610398514,5000,PRUNED
73,0.13220882415771484,2026-05-19 09:38:25.880795,2026-05-19 09:38:26.118336,0 days 00:00:00.237541,80,99.03907648466542,0.7186480910796049,0.00981799045212261,4,0.8057103044930316,5000,PRUNED
74,0.1239396259188652,2026-05-19 09:38:26.126408,2026-05-19 09:38:26.381912,0 days 00:00:00.255504,64,1.0113503484740576,2.3980199663015718,0.007032327026846276,4,0.7332116765879215,5000,PRUNED
75,8.865343261277303e-05,2026-05-19 09:38:26.391530,2026-05-19 09:38:46.056164,0 days 00:00:19.664634,64,1.4380114206403187,0.41777660564705765,0.005056476617591897,4,0.7627853113981102,5000,COMPLETE
76,0.006208666600286961,2026-05-19 09:38:46.068531,2026-05-19 09:38:48.256809,0 days 00:00:02.188278,64,1.4270594953759632,0.35710642440575924,0.005011516520417803,4,0.7693423372950409,5000,PRUNED
77,0.009577427990734577,2026-05-19 09:38:48.264974,2026-05-19 09:38:49.805869,0 days 00:00:01.540895,112,1.157260344326896,0.0012205945242266213,0.0064608397755704485,4,0.8764955760256812,5000,PRUNED
78,0.061357736587524414,2026-05-19 09:38:49.813159,2026-05-19 09:38:50.240004,0 days 00:00:00.426845,80,1.995403708088669,0.16585104268201414,0.007708994757492588,4,0.7583051668866467,5000,PRUNED
79,0.010042158886790276,2026-05-19 09:38:50.247749,2026-05-19 09:38:51.864940,0 days 00:00:01.617191,64,9.432130818831691,1.4636167397390636,0.008857015539813304,4,0.3011511604460077,5000,PRUNED
80,0.09467373788356781,2026-05-19 09:38:51.873934,2026-05-19 09:38:52.103575,0 days 00:00:00.229641,96,28.834006918763862,0.9335085818810979,0.004581379175797381,4,0.81189754595493,5000,PRUNED
81,0.0012098641600459814,2026-05-19 09:38:52.112374,2026-05-19 09:38:57.481244,0 days 00:00:05.368870,48,1.572297423951026,0.463705727981394,0.005637218194530082,4,0.8352633647972181,5000,PRUNED
82,0.0696781650185585,2026-05-19 09:38:57.488444,2026-05-19 09:38:57.961308,0 days 00:00:00.472864,64,1.696972595117542,0.2510620199293855,0.00251742838154027,4,0.7887784142094403,5000,PRUNED
83,0.00835536327213049,2026-05-19 09:38:57.968579,2026-05-19 09:38:59.791127,0 days 00:00:01.822548,48,2.69493965531408,0.6861631698522925,0.0077356070126113905,4,0.8660689132574687,5000,PRUNED
84,0.00963942613452673,2026-05-19 09:38:59.799117,2026-05-19 09:39:01.473546,0 days 00:00:01.674429,64,2.4018872846260106,1.1305752031264384,0.005535171649975573,4,0.3361517346575549,5000,PRUNED
85,0.09655360877513885,2026-05-19 09:39:01.482810,2026-05-19 09:39:01.711165,0 days 00:00:00.228355,80,1.3746953129921389,0.40599027495563694,0.004030452327868841,4,0.49494872167434895,5000,PRUNED
86,0.004379152785986662,2026-05-19 09:39:01.718394,2026-05-19 09:39:03.746786,0 days 00:00:02.028392,64,1.7419346906025257,0.5329093152283501,0.006545467329086197,3,0.5483885824893608,5000,PRUNED
87,0.10332763195037842,2026-05-19 09:39:03.753827,2026-05-19 09:39:03.994023,0 days 00:00:00.240196,48,1.0964651675480845,0.21874640655941233,0.0049951655323504165,4,0.6879111043520905,4000,PRUNED
88,0.10845722258090973,2026-05-19 09:39:04.001451,2026-05-19 09:39:04.200602,0 days 00:00:00.199151,80,6.427224841963096,0.0797967340917047,0.0032331282076106293,3,0.7242317099507362,5000,PRUNED
89,0.06203116104006767,2026-05-19 09:39:04.208156,2026-05-19 09:39:04.711567,0 days 00:00:00.503411,96,1.9758083665282153,0.3177091755923044,0.00365330257122865,5,0.5236078566325483,4000,PRUNED
90,0.009694887325167656,2026-05-19 09:39:04.720402,2026-05-19 09:39:06.272637,0 days 00:00:01.552235,64,12.350903137086352,4.059106774639402,0.008347579144386576,4,0.7577478504573675,5000,PRUNED
91,0.10002092272043228,2026-05-19 09:39:06.282401,2026-05-19 09:39:06.532886,0 days 00:00:00.250485,64,2.266641227099977,0.1525702341353015,0.0039043834555348533,5,0.8236894412701778,2000,PRUNED
92,0.10105352848768234,2026-05-19 09:39:06.542135,2026-05-19 09:39:06.764672,0 days 00:00:00.222537,64,1.4748850849609163,0.11543264342999124,0.0015849803897821082,5,0.8536426904909524,2000,PRUNED
93,0.11225568503141403,2026-05-19 09:39:06.772363,2026-05-19 09:39:07.050586,0 days 00:00:00.278223,48,3.0635870193473718,0.7111641593364216,0.0027106818678554988,6,0.39645099048908006,3000,PRUNED
94,0.050999805331230164,2026-05-19 09:39:07.057589,2026-05-19 09:39:07.656876,0 days 00:00:00.599287,64,1.2959160585613188,0.26638466862337296,0.0042154550887350635,5,0.7718149572608926,2000,PRUNED
95,0.0979573205113411,2026-05-19 09:39:07.664808,2026-05-19 09:39:07.838705,0 days 00:00:00.173897,80,3.347396571103387,0.1867187290784537,0.004726781077492216,3,0.7952170829152654,5000,PRUNED
96,0.0713028833270073,2026-05-19 09:39:07.846422,2026-05-19 09:39:08.236209,0 days 00:00:00.389787,64,2.6666542822349113,0.3871887846254174,0.0020854106862834877,4,0.8345307005179634,1000,PRUNED
97,0.07010137289762497,2026-05-19 09:39:08.245706,2026-05-19 09:39:08.685014,0 days 00:00:00.439308,48,2.1174966171662315,0.9685462650313768,0.0031310525630291216,5,0.8100611112164213,3000,PRUNED
98,8.618267020210624e-05,2026-05-19 09:39:08.694401,2026-05-19 09:39:18.164926,0 days 00:00:09.470525,64,1.578521707587353,0.5555757701166606,0.007276745732891435,3,0.5729105717694102,4000,COMPLETE
99,0.10825211554765701,2026-05-19 09:39:18.174284,2026-05-19 09:39:18.375269,0 days 00:00:00.200985,32,1.6346033639341397,1.6560818284171352,0.009359038557821275,3,0.5293473351308033,4000,PRUNED
100,0.09266524016857147,2026-05-19 09:39:18.381792,2026-05-19 09:39:18.562238,0 days 00:00:00.180446,80,1.850960442207669,0.4957207345360211,0.007320163373767806,3,0.5832034145764513,4000,PRUNED
101,9.96067319647409e-05,2026-05-19 09:39:18.568598,2026-05-19 09:39:30.887996,0 days 00:00:12.319398,64,1.126358213707789,0.3157692782203527,0.006176646656775261,3,0.5766630005394348,4000,COMPLETE
102,0.10497362911701202,2026-05-19 09:39:30.905951,2026-05-19 09:39:31.124535,0 days 00:00:00.218584,64,1.2926702440984164,1.208691051444647,0.00613153804509353,3,0.5644488675375331,4000,PRUNED
103,0.008924157358705997,2026-05-19 09:39:31.131852,2026-05-19 09:39:32.507131,0 days 00:00:01.375279,64,1.1304868469251388,0.6000538145229477,0.005397507605092565,3,0.6345415042760307,4000,PRUNED
104,0.0006559129687957466,2026-05-19 09:39:32.515799,2026-05-19 09:39:38.384894,0 days 00:00:05.869095,64,1.4789624094621205,0.40850535520728243,0.006643166465858274,3,0.5747642947818336,4000,PRUNED
105,0.09519056230783463,2026-05-19 09:39:38.393548,2026-05-19 09:39:38.597544,0 days 00:00:00.203996,64,1.1394150769903248,0.741847493546341,0.008462545152274578,3,0.61999831917365,4000,PRUNED
106,0.09236098825931549,2026-05-19 09:39:38.605050,2026-05-19 09:39:38.776827,0 days 00:00:00.171777,48,1.6531729128590125,0.336931967552285,0.00786924656319017,2,0.6636141281443847,4000,PRUNED
107,0.09369136393070221,2026-05-19 09:39:38.784401,2026-05-19 09:39:39.040795,0 days 00:00:00.256394,64,19.898219354960904,0.30468372349747996,0.006057967518993964,4,0.5547120321503453,4000,PRUNED
108,0.1022617444396019,2026-05-19 09:39:39.048351,2026-05-19 09:39:39.277326,0 days 00:00:00.228975,96,1.3705614571150309,0.5259105305653184,0.005280103643298474,4,0.5045349984011709,5000,PRUNED
109,0.10849884897470474,2026-05-19 09:39:39.285267,2026-05-19 09:39:39.478892,0 days 00:00:00.193625,128,1.1886873415609744,0.2248013254299868,0.0008239272476380342,3,0.5997555164008281,4000,PRUNED
110,0.10671981424093246,2026-05-19 09:39:39.487453,2026-05-19 09:39:39.743250,0 days 00:00:00.255797,80,1.5057100225307998,2.246316399424978,0.009297865634593306,4,0.6141602931813841,5000,PRUNED
111,0.06971301883459091,2026-05-19 09:39:39.752957,2026-05-19 09:39:40.144986,0 days 00:00:00.392029,64,2.3259671186606403,0.6274379586328974,0.0035932561831132945,3,0.5393255758755886,3000,PRUNED
112,0.021264705806970596,2026-05-19 09:39:40.153659,2026-05-19 09:39:41.379821,0 days 00:00:01.226162,64,1.8037322737598587,0.99024576736465,0.004279723463262088,4,0.7845295592358943,4000,PRUNED
113,0.00014717686281073838,2026-05-19 09:39:41.386921,2026-05-19 09:39:59.045303,0 days 00:00:17.658382,64,2.0722932971958636,0.2637474643663436,0.00727629742379316,6,0.8831169369359005,5000,COMPLETE
114,0.1140231117606163,2026-05-19 09:39:59.058610,2026-05-19 09:39:59.250962,0 days 00:00:00.192352,48,1.2854861520781835,1.3508553713711602,0.004457806732283669,3,0.5807619622667173,5000,PRUNED
115,0.09849566221237183,2026-05-19 09:39:59.257372,2026-05-19 09:39:59.408378,0 days 00:00:00.151006,64,4.033074149748923,0.7956500651303134,0.0099787179321329,2,0.8205490876270383,2000,PRUNED
116,0.13263534009456635,2026-05-19 09:39:59.415099,2026-05-19 09:39:59.657110,0 days 00:00:00.242011,112,1.0743771045579493,0.18341336380194392,0.0004543316750931285,4,0.8436168755562795,4000,PRUNED
117,0.21403293311595917,2026-05-19 09:39:59.664567,2026-05-19 09:39:59.861356,0 days 00:00:00.196789,16,1.5792981041721255,0.09080309298359836,0.002954568707011886,3,0.6443974463354311,5000,PRUNED
118,0.02680831216275692,2026-05-19 09:39:59.869091,2026-05-19 09:40:00.916737,0 days 00:00:01.047646,48,1.945170909894837,0.4680671797764342,0.0057855459791631165,4,0.8670378247017073,1000,PRUNED
119,0.09922569245100021,2026-05-19 09:40:00.923749,2026-05-19 09:40:01.155531,0 days 00:00:00.231782,64,1.002874584276841,0.06360659296767648,0.006658277340108107,4,0.47981237501228025,4000,PRUNED
120,0.078926682472229,2026-05-19 09:40:01.163339,2026-05-19 09:40:01.519840,0 days 00:00:00.356501,80,4.921550887102245,0.13786387550804755,0.004761375676150131,3,0.5637045307703927,3000,PRUNED
121,0.09180889278650284,2026-05-19 09:40:01.527192,2026-05-19 09:40:01.737124,0 days 00:00:00.209932,48,1.4127050420153475,0.5572279551890512,0.008291613706358536,3,0.6001475536093727,4000,PRUNED
122,0.011292045004665852,2026-05-19 09:40:01.744320,2026-05-19 09:40:03.146668,0 days 00:00:01.402348,48,1.7720311662437032,0.3130112047095347,0.006164919952431926,4,0.5873077304639355,4000,PRUNED
123,0.12285198271274567,2026-05-19 09:40:03.154627,2026-05-19 09:40:03.361543,0 days 00:00:00.206916,48,1.595947051008583,0.002457863509349204,0.003822872900885161,3,0.7437489611264307,4000,PRUNED
124,0.12233787029981613,2026-05-19 09:40:03.369485,2026-05-19 09:40:03.593837,0 days 00:00:00.224352,64,50.65520577199631,0.38550152189359815,0.005329639611397272,4,0.5483114061178499,4000,PRUNED
125,0.13716833293437958,2026-05-19 09:40:03.600908,2026-05-19 09:40:03.812635,0 days 00:00:00.211727,32,1.2608888931891091,0.6961223958941828,0.0033487070023602594,3,0.5931179229705585,5000,PRUNED
126,0.0002140431315638125,2026-05-19 09:40:03.819587,2026-05-19 09:40:17.432378,0 days 00:00:13.612791,64,2.7173424141396927,0.43902181810532054,0.007278822114827058,4,0.8009820153937132,4000,COMPLETE
127,0.10962241888046265,2026-05-19 09:40:17.446242,2026-05-19 09:40:17.692417,0 days 00:00:00.246175,48,2.161606745089717,0.22962647284029328,0.005054340831724144,4,0.8986832111708526,5000,PRUNED
128,0.10024833679199219,2026-05-19 09:40:17.699383,2026-05-19 09:40:17.930222,0 days 00:00:00.230839,64,8.199847214825745,0.5326650372654237,0.008871260465861314,3,0.605541191667673,2000,PRUNED
129,0.0681658461689949,2026-05-19 09:40:17.937782,2026-05-19 09:40:18.386768,0 days 00:00:00.448986,64,2.4340054818207664,0.8487013930337808,0.0023748524670286655,4,0.6241595946508854,5000,PRUNED
130,0.12150119245052338,2026-05-19 09:40:18.394031,2026-05-19 09:40:18.613863,0 days 00:00:00.219832,48,1.4503963674817872,1.0241934189273771,0.0026091023571575343,3,0.5731142731175533,4000,PRUNED
131,0.021300697699189186,2026-05-19 09:40:18.620640,2026-05-19 09:40:19.729786,0 days 00:00:01.109146,96,2.9131396087557078,0.030209029191337403,0.009048207768557798,3,0.3549318859659787,2000,PRUNED
132,0.0602651871740818,2026-05-19 09:40:19.737235,2026-05-19 09:40:20.145996,0 days 00:00:00.408761,80,5.9820230939226064,0.010117362675128805,0.00797006788063276,3,0.33376316820640495,2000,PRUNED
133,0.007693003863096237,2026-05-19 09:40:20.153309,2026-05-19 09:40:22.564652,0 days 00:00:02.411343,96,1.9190165929644085,0.03102621107601494,0.006906354221103509,3,0.3373752011379987,2000,PRUNED
134,0.07333078980445862,2026-05-19 09:40:22.574022,2026-05-19 09:40:22.931137,0 days 00:00:00.357115,64,3.4528236104877443,0.050624810986483394,0.005995670101563278,3,0.37243039024881386,2000,PRUNED
135,0.148356631398201,2026-05-19 09:40:22.940469,2026-05-19 09:40:23.167674,0 days 00:00:00.227205,80,1.1680251616241488,0.304311279557464,0.00028659881405531523,3,0.8533873449769039,2000,PRUNED
136,0.1764223873615265,2026-05-19 09:40:23.176790,2026-05-19 09:40:23.398013,0 days 00:00:00.221223,64,1.7101976892673376,0.013459168397000306,0.001367388996871702,3,0.8315330590760671,4000,PRUNED
137,0.06502074748277664,2026-05-19 09:40:23.407643,2026-05-19 09:40:23.837672,0 days 00:00:00.430029,64,2.5588786997685427,0.038938710335507366,0.007503382891592745,4,0.399611555902737,5000,PRUNED
138,0.11300911754369736,2026-05-19 09:40:23.846258,2026-05-19 09:40:24.018179,0 days 00:00:00.171921,96,2.266040261230516,0.02044422515869864,0.009564637121055484,2,0.813360428795833,3000,PRUNED
139,0.00019650696776807308,2026-05-19 09:40:24.029879,2026-05-19 09:40:35.762586,0 days 00:00:11.732707,80,1.315396086581606,0.37189478643399804,0.004194641828607691,5,0.3204405392343187,5000,COMPLETE
140,0.09527585655450821,2026-05-19 09:40:35.772962,2026-05-19 09:40:36.010912,0 days 00:00:00.237950,64,3.172952033926534,0.5998896100158112,0.007950425123389457,3,0.34696660526221795,2000,PRUNED
141,0.0007369380327872932,2026-05-19 09:40:36.017831,2026-05-19 09:40:43.940640,0 days 00:00:07.922809,80,1.9985136489753608,0.007492210885392807,0.004558715616649473,5,0.7682612173265121,3000,PRUNED
142,0.00011256244033575058,2026-05-19 09:40:43.948851,2026-05-19 09:41:01.028949,0 days 00:00:17.080098,80,1.6528859411385157,0.19309706495176177,0.005642690267680822,5,0.7814590534513975,2000,COMPLETE
143,0.000152498425450176,2026-05-19 09:41:01.039520,2026-05-19 09:41:19.510235,0 days 00:00:18.470715,80,1.5812275718399496,0.1746841775833473,0.006532398892690161,5,0.789149129742568,2000,COMPLETE
144,0.002056451980024576,2026-05-19 09:41:19.525364,2026-05-19 09:41:22.310936,0 days 00:00:02.785572,96,1.4737450454021597,0.25016451334033835,0.005797685680806318,5,0.7313503029848192,2000,PRUNED
145,0.10106229782104492,2026-05-19 09:41:22.317161,2026-05-19 09:41:22.571921,0 days 00:00:00.254760,64,1.8655815581602921,0.1266206763423385,0.00531876636592903,6,0.6996356375982468,2000,PRUNED
146,0.06261908262968063,2026-05-19 09:41:22.579082,2026-05-19 09:41:22.948771,0 days 00:00:00.369689,64,1.668701550262666,0.19634403466373174,0.0037054664738197835,4,0.7535182003578152,2000,PRUNED
147,0.0021148102823644876,2026-05-19 09:41:22.956002,2026-05-19 09:41:25.821762,0 days 00:00:02.865760,48,1.3531575063291956,0.46931371087844226,0.008597159166809558,5,0.7808267715490539,2000,PRUNED
148,0.0947662740945816,2026-05-19 09:41:25.828971,2026-05-19 09:41:26.032706,0 days 00:00:00.203735,80,1.0991929014022768,0.7222949235259352,0.004707384953953407,3,0.5614781899046214,4000,PRUNED
149,0.0926733985543251,2026-05-19 09:41:26.039076,2026-05-19 09:41:26.258765,0 days 00:00:00.219689,64,1.2399362663709874,1.2584925277292873,0.009877663063271008,4,0.8007479420534863,5000,PRUNED
150,0.09018762409687042,2026-05-19 09:41:26.264859,2026-05-19 09:41:26.485000,0 days 00:00:00.220141,96,2.1365563183194607,0.3202530362276556,0.006868462951595957,4,0.4252621115797081,4000,PRUNED
151,0.0022826017811894417,2026-05-19 09:41:26.491732,2026-05-19 09:41:29.220562,0 days 00:00:02.728830,80,1.7467692599977949,0.280828512797558,0.005054689900114968,5,0.7725631720377153,2000,PRUNED
152,0.04459914192557335,2026-05-19 09:41:29.226921,2026-05-19 09:41:29.909400,0 days 00:00:00.682479,80,1.4886310280308677,0.2175377393175815,0.0039394124282457225,5,0.7590136967489061,3000,PRUNED
153,0.09800117462873459,2026-05-19 09:41:29.916769,2026-05-19 09:41:30.187203,0 days 00:00:00.270434,80,1.6420148150340386,0.15724593402532758,0.0034116852414640144,5,0.5252524325271093,4000,PRUNED
154,0.034057289361953735,2026-05-19 09:41:30.194999,2026-05-19 09:41:30.936673,0 days 00:00:00.741674,112,1.9794489290798516,0.3803669903132037,0.006279606869143985,4,0.8190664622713124,5000,PRUNED
155,0.060984447598457336,2026-05-19 09:41:30.945097,2026-05-19 09:41:31.328565,0 days 00:00:00.383468,64,1.3794045775647097,0.11110444222612417,0.005730598167080663,4,0.7793827746248867,2000,PRUNED
156,0.09894821792840958,2026-05-19 09:41:31.336675,2026-05-19 09:41:31.593463,0 days 00:00:00.256788,48,1.8413016123656791,0.26326067266718206,0.004537375624878898,5,0.8434230350605032,4000,PRUNED
157,0.060201749205589294,2026-05-19 09:41:31.603223,2026-05-19 09:41:32.051701,0 days 00:00:00.448478,64,1.194787705280554,0.4356836162266558,0.003045773773339085,4,0.8072653836851384,5000,PRUNED
158,0.0959053784608841,2026-05-19 09:41:32.060008,2026-05-19 09:41:32.265963,0 days 00:00:00.205955,80,1.5440378200111367,0.8848160030000123,0.007820742311931387,4,0.5790343974831753,4000,PRUNED
159,0.009883447550237179,2026-05-19 09:41:32.274603,2026-05-19 09:41:33.711176,0 days 00:00:01.436573,64,2.392283587559959,0.6114679656179999,0.004911785702482713,5,0.5371117414290885,1000,PRUNED
160,0.09770658612251282,2026-05-19 09:41:33.718040,2026-05-19 09:41:33.906925,0 days 00:00:00.188885,96,7.474091971487523,0.5111385603157035,0.005541211215479766,3,0.7949426880129807,5000,PRUNED
161,0.00033324025571346283,2026-05-19 09:41:33.913147,2026-05-19 09:41:43.003854,0 days 00:00:09.090707,64,1.6521891847381527,0.19356084750134192,0.007230345064133898,4,0.60968398016731,3000,COMPLETE
162,0.09013929963111877,2026-05-19 09:41:43.018100,2026-05-19 09:41:43.225579,0 days 00:00:00.207479,64,1.8664162876461527,0.16554041529943767,0.004204502838087604,4,0.5928085912228287,3000,PRUNED
163,0.00605397904291749,2026-05-19 09:41:43.233206,2026-05-19 09:41:45.022580,0 days 00:00:01.789374,64,2.167728934967834,0.3522401166587577,0.006133831820714701,4,0.5519349777257442,3000,PRUNED
164,0.00011003673716913909,2026-05-19 09:41:45.029457,2026-05-19 09:42:01.731765,0 days 00:00:16.702308,64,1.7419082937645118,0.24658955755259743,0.008956486281407635,4,0.4651538631574761,3000,COMPLETE
165,5.663335105055012e-05,2026-05-19 09:42:01.744949,2026-05-19 09:42:15.908804,0 days 00:00:14.163855,64,1.3666084240794134,0.26546650536394356,0.008752125251906169,4,0.3861392633624787,3000,COMPLETE
166,6.812177161918953e-05,2026-05-19 09:42:15.923600,2026-05-19 09:42:28.059401,0 days 00:00:12.135801,64,1.3289969476889159,0.2598100377733491,0.009132759782977966,4,0.4614516944088678,3000,COMPLETE
167,7.211905904114246e-05,2026-05-19 09:42:28.072488,2026-05-19 09:42:42.330011,0 days 00:00:14.257523,64,1.006780013522659,0.25959227846419863,0.008771135931217382,4,0.4427548770186932,3000,COMPLETE
168,6.849853525636718e-05,2026-05-19 09:42:42.344988,2026-05-19 09:42:58.483458,0 days 00:00:16.138470,64,1.0459473071775909,0.23475345349974824,0.00880853690969486,4,0.4591767328540477,3000,COMPLETE
169,0.0001020341514959,2026-05-19 09:42:58.493975,2026-05-19 09:43:12.197785,0 days 00:00:13.703810,64,1.0437039345153432,0.26711297937354317,0.008629159445963092,4,0.45268868882276286,3000,COMPLETE
170,0.005611061118543148,2026-05-19 09:43:12.211218,2026-05-19 09:43:13.965332,0 days 00:00:01.754114,64,1.0296272388298355,0.30092464908451644,0.008601605838755771,4,0.4460382264815125,3000,PRUNED
171,0.00016076739120762795,2026-05-19 09:43:13.972360,2026-05-19 09:43:28.115120,0 days 00:00:14.142760,64,1.136339866063056,0.2492088420603597,0.008956151867027149,4,0.4516393332261805,3000,COMPLETE
172,0.0001644583826418966,2026-05-19 09:43:28.129445,2026-05-19 09:43:43.273514,0 days 00:00:15.144069,64,1.0419545861488417,0.22587488530768085,0.009950566605050719,4,0.4653237119438607,3000,COMPLETE
173,0.0002724781516008079,2026-05-19 09:43:43.286963,2026-05-19 09:43:51.401836,0 days 00:00:08.114873,64,1.2143018684542808,0.3361344068927337,0.008142790025402061,4,0.4349693063763256,3000,COMPLETE
174,0.00011074160283897072,2026-05-19 09:43:51.411252,2026-05-19 09:44:06.842139,0 days 00:00:15.430887,64,1.0246993778128017,0.1403467121956985,0.009175062437002893,4,0.41021416292739643,3000,COMPLETE
175,0.00018497343990020454,2026-05-19 09:44:06.852902,2026-05-19 09:44:18.165135,0 days 00:00:11.312233,64,1.2931298260189132,0.43482664447429653,0.00829342072950091,4,0.46158411517130316,3000,COMPLETE
176,0.006753766909241676,2026-05-19 09:44:18.176089,2026-05-19 09:44:19.536075,0 days 00:00:01.359986,64,1.1140069254258025,0.32174684296202727,0.007375706501642846,4,0.4312315620317523,3000,PRUNED
177,5.208231232245453e-05,2026-05-19 09:44:19.543295,2026-05-19 09:44:35.208199,0 days 00:00:15.664904,64,1.3861484370634176,0.21687328502133751,0.008975813520408386,4,0.4772635774985592,3000,COMPLETE
178,0.00014000179362483323,2026-05-19 09:44:35.221724,2026-05-19 09:44:46.274148,0 days 00:00:11.052424,64,1.3784832714382467,0.20757819892303023,0.007751350236101672,4,0.4967569261715852,3000,COMPLETE
179,0.00023310289543587714,2026-05-19 09:44:46.286306,2026-05-19 09:44:56.177591,0 days 00:00:09.891285,64,1.0003646379250501,0.2834249453252387,0.009395610875646101,4,0.4867143330260565,3000,COMPLETE
180,0.005107083357870579,2026-05-19 09:44:56.187212,2026-05-19 09:44:57.784561,0 days 00:00:01.597349,64,1.1832644460004667,0.4072059479397253,0.008310881218374576,4,0.4717444250236075,3000,PRUNED
181,0.004235764499753714,2026-05-19 09:44:57.791303,2026-05-19 09:44:59.708862,0 days 00:00:01.917559,64,1.2641939023650877,0.2560765661101269,0.00902396831599943,4,0.44584223940658896,3000,PRUNED
182,8.482635166728869e-05,2026-05-19 09:44:59.715465,2026-05-19 09:45:10.028454,0 days 00:00:10.312989,64,1.1129836134579105,0.23627104981887764,0.009829261118494206,4,0.4767077822872878,3000,COMPLETE
183,0.0004582813417073339,2026-05-19 09:45:10.039859,2026-05-19 09:45:18.016600,0 days 00:00:07.976741,64,1.1115049331202382,0.15762052573294189,0.009583577474846307,4,0.509516075028517,3000,COMPLETE
184,0.0005224461201578379,2026-05-19 09:45:18.027848,2026-05-19 09:45:24.651896,0 days 00:00:06.624048,64,1.3920509609767924,0.21853204389346015,0.009971403769839746,4,0.47867423954087146,3000,PRUNED
185,0.04572981595993042,2026-05-19 09:45:24.658794,2026-05-19 09:45:25.040887,0 days 00:00:00.382093,64,1.2225923416686193,0.3572830231547574,0.007545397092819476,4,0.4161824830130723,3000,PRUNED
186,0.00021770081366412342,2026-05-19 09:45:25.047931,2026-05-19 09:45:35.914400,0 days 00:00:10.866469,64,1.1010228125761368,0.18408218928105977,0.008441593614038439,4,0.3814311885652539,3000,COMPLETE
187,0.034081365913152695,2026-05-19 09:45:35.927814,2026-05-19 09:45:36.496134,0 days 00:00:00.568320,64,1.3187724141945658,0.30596753901517015,0.006777683216874848,4,0.45600642630519367,3000,PRUNED
188,0.007102577947080135,2026-05-19 09:45:36.503793,2026-05-19 09:45:37.714884,0 days 00:00:01.211091,64,1.4750201720388587,0.49535735645805284,0.007974947926315366,4,0.445224868272273,3000,PRUNED
189,0.0022970379795879126,2026-05-19 09:45:37.721514,2026-05-19 09:45:39.761708,0 days 00:00:02.040194,64,1.0034526496086078,0.7758626682815468,0.008859494994700302,4,0.4990010609391408,3000,PRUNED
190,6.096837023505941e-05,2026-05-19 09:45:39.768542,2026-05-19 09:45:52.319383,0 days 00:00:12.550841,64,1.171734775448941,0.2598450090948472,0.007039324599843272,4,0.4756340621500909,3000,COMPLETE
191,0.08252085745334625,2026-05-19 09:45:52.331067,2026-05-19 09:45:52.560419,0 days 00:00:00.229352,64,1.1651061099727293,0.25513460218121303,0.007152314804179261,4,0.4762950441625226,3000,PRUNED
192,8.343385707121342e-05,2026-05-19 09:45:52.568512,2026-05-19 09:46:08.582136,0 days 00:00:16.013624,64,1.2647752502325555,0.21641904587303065,0.007748702852046486,4,0.49022038663971296,3000,COMPLETE
193,0.08329536020755768,2026-05-19 09:46:08.592483,2026-05-19 09:46:08.818213,0 days 00:00:00.225730,64,1.3044713975797455,0.14459855926093493,0.007596942374658148,4,0.49475072651407104,3000,PRUNED
194,0.08127089589834213,2026-05-19 09:46:08.824622,2026-05-19 09:46:09.047152,0 days 00:00:00.222530,64,1.4594576335676261,0.20326045041770863,0.006938063286911908,4,0.5184547370239565,3000,PRUNED
195,0.03343630209565163,2026-05-19 09:46:09.054473,2026-05-19 09:46:09.693011,0 days 00:00:00.638538,64,1.3088921890283838,0.3611587044703696,0.006528906678471179,4,0.4893026771030561,3000,PRUNED
196,0.0074582635425031185,2026-05-19 09:46:09.699550,2026-05-19 09:46:11.205263,0 days 00:00:01.505713,64,1.1985649511919336,0.17805456225119906,0.008137575158181493,4,0.4839208073530604,3000,PRUNED
197,0.08882562071084976,2026-05-19 09:46:11.211436,2026-05-19 09:46:11.418916,0 days 00:00:00.207480,64,1.4678557777462335,1.1050981387267338,0.009958295925406353,4,0.4753114531405524,3000,PRUNED
198,0.0007300800061784685,2026-05-19 09:46:11.425228,2026-05-19 09:46:22.676225,0 days 00:00:11.250997,64,1.1983609766514032,0.22475228087042226,0.009070238565596246,4,0.3645632733451156,5000,PRUNED
199,0.00706922821700573,2026-05-19 09:46:22.683831,2026-05-19 09:46:23.974042,0 days 00:00:01.290211,64,1.1050507488438932,0.29200048851966404,0.007358237515633857,4,0.40341621965784324,3000,PRUNED
200,0.010574362240731716,2026-05-19 09:46:23.980997,2026-05-19 09:46:24.852427,0 days 00:00:00.871430,64,1.3992039039347508,0.6252288895466638,0.0082323064951672,4,0.3875581746833052,5000,PRUNED
201,0.11574841290712357,2026-05-19 09:46:24.859854,2026-05-19 09:46:25.068941,0 days 00:00:00.209087,64,1.1045631536546576,0.24455437233345925,0.0011423097815238597,4,0.3162093971648777,3000,PRUNED
202,0.0061100805178284645,2026-05-19 09:46:25.077490,2026-05-19 09:46:26.284385,0 days 00:00:01.206895,64,1.0014397934506258,0.2736620923430671,0.008740109594479508,4,0.46260096490979474,3000,PRUNED
203,0.010511216707527637,2026-05-19 09:46:26.291770,2026-05-19 09:46:27.235135,0 days 00:00:00.943365,64,1.29004373342127,0.38056716723620326,0.00924141750934723,4,0.437662222648639,3000,PRUNED
204,0.00021277106134220958,2026-05-19 09:46:27.243637,2026-05-19 09:46:44.360299,0 days 00:00:17.116662,64,1.0982309376411703,0.20269205707784285,0.007762781113399051,4,0.45320716901886066,5000,COMPLETE
205,0.04797421395778656,2026-05-19 09:46:44.375890,2026-05-19 09:46:44.762714,0 days 00:00:00.386824,64,1.2645063136135235,0.3174730035326997,0.009994397247239897,4,0.47138210830021565,4000,PRUNED
206,0.10455656051635742,2026-05-19 09:46:44.769545,2026-05-19 09:46:44.965378,0 days 00:00:00.195833,64,1.5447810336361016,0.11793722078312184,0.001715576530460657,4,0.42642479923760074,3000,PRUNED
207,0.08569131791591644,2026-05-19 09:46:44.971841,2026-05-19 09:46:45.217813,0 days 00:00:00.245972,48,1.166412981763095,0.43396096990424643,0.0066841239502743255,4,0.5726445109006121,3000,PRUNED
208,0.09656897932291031,2026-05-19 09:46:45.224716,2026-05-19 09:46:45.476341,0 days 00:00:00.251625,64,11.226987599717583,0.1635276982758828,0.008438512009504991,4,0.8321832494690148,5000,PRUNED
209,9.644543752074242e-05,2026-05-19 09:46:45.482994,2026-05-19 09:46:59.967453,0 days 00:00:14.484459,64,1.538439149305132,0.27216141728008486,0.007539300838851316,4,0.541896961748447,3000,COMPLETE
210,0.024240927770733833,2026-05-19 09:46:59.982537,2026-05-19 09:47:00.771689,0 days 00:00:00.789152,64,1.5444467498472452,0.22310801184136406,0.007137420503330952,4,0.5419118357968111,4000,PRUNED
211,0.00017584513989277184,2026-05-19 09:47:00.778926,2026-05-19 09:47:11.342317,0 days 00:00:10.563391,64,1.384495203381913,0.2883965268616977,0.008637296538302884,4,0.529961210643719,3000,COMPLETE
212,0.00012975241406820714,2026-05-19 09:47:11.355295,2026-05-19 09:47:25.204149,0 days 00:00:13.848854,64,1.2312525479849123,0.25489317402964135,0.007897654046295317,4,0.5547024943201393,3000,COMPLETE
213,0.04468991234898567,2026-05-19 09:47:25.217719,2026-05-19 09:47:25.601994,0 days 00:00:00.384275,64,1.1068050231467568,0.33066464004103296,0.006283601933661462,4,0.5580880860630573,3000,PRUNED
214,0.009745863266289234,2026-05-19 09:47:25.610657,2026-05-19 09:47:26.500998,0 days 00:00:00.890341,64,1.4400397279732213,0.38760186157980847,0.009103095189970803,4,0.5113653130620353,3000,PRUNED
215,0.08068609982728958,2026-05-19 09:47:26.507950,2026-05-19 09:47:26.732890,0 days 00:00:00.224940,64,1.6196629808660052,0.514827301372343,0.0033942864485197546,4,0.5681539490812256,3000,PRUNED
216,0.00016167595458682626,2026-05-19 09:47:26.739973,2026-05-19 09:47:37.198753,0 days 00:00:10.458780,64,1.2625137919427931,0.20268203648469135,0.007653772440291223,4,0.4628721437370262,5000,COMPLETE
217,0.006173873785883188,2026-05-19 09:47:37.210408,2026-05-19 09:47:38.524641,0 days 00:00:01.314233,64,1.0756538345996618,0.2877773025835552,0.009169495547943204,4,0.4845080852523302,3000,PRUNED
218,0.08313081413507462,2026-05-19 09:47:38.531161,2026-05-19 09:47:38.743337,0 days 00:00:00.212176,64,1.7351564118519873,0.23852194558349515,0.002216425472130604,4,0.4397805967957782,4000,PRUNED
219,0.12649798393249512,2026-05-19 09:47:38.749707,2026-05-19 09:47:38.955734,0 days 00:00:00.206027,48,1.4054676228487828,1.4673243637475675,0.0006718955805449319,4,0.5847344293797853,3000,PRUNED
220,0.08944539725780487,2026-05-19 09:47:38.962081,2026-05-19 09:47:39.158009,0 days 00:00:00.195928,64,1.003001334726634,0.879159239734174,0.009935354814962275,4,0.8556835279982707,5000,PRUNED
221,0.0035006587859243155,2026-05-19 09:47:39.164354,2026-05-19 09:47:41.142836,0 days 00:00:01.978482,64,1.846235484856668,0.26999626381942027,0.00868851749777219,4,0.4600867411090257,3000,PRUNED
222,0.00030502935987897217,2026-05-19 09:47:41.149358,2026-05-19 09:47:50.576680,0 days 00:00:09.427322,64,1.5722209817545696,0.23353595348416695,0.008403583766722204,4,0.4638913238477664,3000,COMPLETE
223,0.0806364119052887,2026-05-19 09:47:50.586426,2026-05-19 09:47:50.799109,0 days 00:00:00.212683,64,1.334131023156317,0.3580576921557717,0.001944821613678334,4,0.4703229332982371,3000,PRUNED
224,0.08469755202531815,2026-05-19 09:47:50.805578,2026-05-19 09:47:51.011937,0 days 00:00:00.206359,64,1.7505417118206588,0.1763599801607939,0.007061543449957276,4,0.4484592487690313,3000,PRUNED
225,0.00017354919691570103,2026-05-19 09:47:51.018597,2026-05-19 09:48:01.164631,0 days 00:00:10.146034,64,2.013348597663915,0.25259525149132883,0.00914038771550469,4,0.5011183313521793,3000,COMPLETE
226,0.09208998829126358,2026-05-19 09:48:01.179003,2026-05-19 09:48:01.401245,0 days 00:00:00.222242,128,1.1499152746046903,0.3275471027058445,0.0036904787738268564,4,0.5409051000460173,4000,PRUNED
227,0.045251090079545975,2026-05-19 09:48:01.408830,2026-05-19 09:48:01.780260,0 days 00:00:00.371430,64,1.4959204265720432,0.6724870765271098,0.0078015170952442925,4,0.8760062076479527,3000,PRUNED
228,0.00699613569304347,2026-05-19 09:48:01.789145,2026-05-19 09:48:03.127334,0 days 00:00:01.338189,64,1.2089589394545528,0.4401937903299752,0.00840074881830953,4,0.4876384155220407,3000,PRUNED
229,0.0796925351023674,2026-05-19 09:48:03.134372,2026-05-19 09:48:03.352900,0 days 00:00:00.218528,64,1.3422553564960311,0.14816597257050337,0.006571741902091053,4,0.4726535375770245,5000,PRUNED
230,0.0006097067380324006,2026-05-19 09:48:03.359401,2026-05-19 09:48:14.928670,0 days 00:00:11.569269,64,1.7393548828945815,0.19495630525632768,0.009980368642128687,4,0.821685867766379,3000,PRUNED
231,0.000300795363727957,2026-05-19 09:48:14.936782,2026-05-19 09:48:25.622788,0 days 00:00:10.686006,64,1.0460902177251052,0.13620882275484675,0.009090956004666806,4,0.43336708914593364,3000,PRUNED
232,0.006150876171886921,2026-05-19 09:48:25.630534,2026-05-19 09:48:26.913864,0 days 00:00:01.283330,64,1.004533667673478,0.2247452714276651,0.00899370536097286,4,0.40810785218859225,3000,PRUNED
233,0.09673814475536346,2026-05-19 09:48:26.922359,2026-05-19 09:48:27.130114,0 days 00:00:00.207755,64,1.1658070657399184,0.09863923438815606,0.00772784475097253,4,0.41439254876914716,3000,PRUNED
234,0.07974366098642349,2026-05-19 09:48:27.138494,2026-05-19 09:48:27.333891,0 days 00:00:00.195397,64,1.1025082447495882,0.16461751895334525,0.0091501242884129,4,0.4584682733936591,3000,PRUNED
235,0.1810663342475891,2026-05-19 09:48:27.341443,2026-05-19 09:48:27.535087,0 days 00:00:00.193644,64,1.2316885075399056,0.2642323741934719,0.00013122040607041957,4,0.3794447632486441,3000,PRUNED
236,0.0859222412109375,2026-05-19 09:48:27.548166,2026-05-19 09:48:27.742315,0 days 00:00:00.194149,64,1.349683768676017,0.13015279045361944,0.008194897196486856,4,0.3944537872921539,3000,PRUNED
237,0.03514751046895981,2026-05-19 09:48:27.749279,2026-05-19 09:48:28.253537,0 days 00:00:00.504258,64,1.5758462827103161,0.29959112139579164,0.007233702318270779,4,0.42318486831734514,4000,PRUNED
238,0.10220636427402496,2026-05-19 09:48:28.261923,2026-05-19 09:48:28.457538,0 days 00:00:00.195615,64,1.0922305652217683,0.19993010478939835,0.002926711486123679,4,0.44317485231750076,3000,PRUNED
239,0.0444195531308651,2026-05-19 09:48:28.465474,2026-05-19 09:48:28.998713,0 days 00:00:00.533239,64,1.2355486922419816,1.0794511621687666,0.008579976132009282,6,0.5740960016503622,5000,PRUNED
240,0.09665453433990479,2026-05-19 09:48:29.006879,2026-05-19 09:48:29.199064,0 days 00:00:00.192185,48,4.841881034646189,0.3741741262771821,0.00925457106571871,3,0.47818832127413957,4000,PRUNED
241,0.09672313183546066,2026-05-19 09:48:29.206673,2026-05-19 09:48:29.415809,0 days 00:00:00.209136,96,1.9492700155715672,0.1824285921697553,0.0057599217828420935,4,0.8090597597862561,2000,PRUNED
242,0.09182284772396088,2026-05-19 09:48:29.422665,2026-05-19 09:48:29.661208,0 days 00:00:00.238543,96,1.7098474383405937,0.22337998814589213,0.005419553650249506,4,0.3565654784671503,2000,PRUNED
243,0.04431639239192009,2026-05-19 09:48:29.667645,2026-05-19 09:48:30.025818,0 days 00:00:00.358173,64,1.5912952179971096,0.2798836858133948,0.006193965766908219,4,0.4520226926325135,1000,PRUNED
244,0.019413862377405167,2026-05-19 09:48:30.032370,2026-05-19 09:48:30.711112,0 days 00:00:00.678742,64,1.436261563616096,0.18234406823790222,0.007781963333252279,4,0.7963965516917442,2000,PRUNED
245,0.04706238582730293,2026-05-19 09:48:30.719457,2026-05-19 09:48:31.085265,0 days 00:00:00.365808,64,1.000662866568042,0.23714627253564782,0.007020421292326975,4,0.5638795328121622,3000,PRUNED
246,0.09045565128326416,2026-05-19 09:48:31.092189,2026-05-19 09:48:31.274529,0 days 00:00:00.182340,64,1.3279031997375776,0.1457194691405266,0.0038850717264429487,3,0.7633969539664772,3000,PRUNED
247,0.004883251618593931,2026-05-19 09:48:31.281956,2026-05-19 09:48:32.916625,0 days 00:00:01.634669,64,2.1272288427608523,0.33435513312043,0.008295172144171525,4,0.594586093002108,5000,PRUNED
248,0.004547600634396076,2026-05-19 09:48:32.923177,2026-05-19 09:48:34.857032,0 days 00:00:01.933855,64,1.5010769156197712,0.2063259332386845,0.009054604619033414,4,0.7455436744341173,3000,PRUNED
249,0.09565041959285736,2026-05-19 09:48:34.863602,2026-05-19 09:48:35.103445,0 days 00:00:00.239843,64,16.18103200979449,0.2818214130637542,0.009957346642241528,4,0.7850177221566822,2000,PRUNED
250,0.10442478954792023,2026-05-19 09:48:35.109970,2026-05-19 09:48:35.306406,0 days 00:00:00.196436,112,1.660685318458101,0.7751578307049585,0.004501000918411296,3,0.466711454121686,3000,PRUNED
251,0.0019856079015880823,2026-05-19 09:48:35.313415,2026-05-19 09:48:37.875188,0 days 00:00:02.561773,64,1.1389891276019377,0.545395419164213,0.007488910717334396,5,0.8401616229112138,4000,PRUNED
252,0.09410842508077621,2026-05-19 09:48:37.882434,2026-05-19 09:48:38.099862,0 days 00:00:00.217428,96,9.244505280429806,0.41898885570397065,0.005249332072478352,4,0.5478790910459459,5000,PRUNED
253,0.08747661113739014,2026-05-19 09:48:38.106656,2026-05-19 09:48:38.317469,0 days 00:00:00.210813,64,5.68577371113908,0.24260750087366034,0.006527446944960228,4,0.8222092313806839,3000,PRUNED
254,0.19117097556591034,2026-05-19 09:48:38.325789,2026-05-19 09:48:38.540314,0 days 00:00:00.214525,32,32.45910015245457,0.17069304855690112,0.008319268731631371,4,0.4878941118208689,3000,PRUNED
255,0.12382182478904724,2026-05-19 09:48:38.547071,2026-05-19 09:48:38.775792,0 days 00:00:00.228721,64,1.234886741923829,0.3389594318345352,0.000972129405615736,4,0.45928661832439255,4000,PRUNED
256,0.04965881258249283,2026-05-19 09:48:38.783657,2026-05-19 09:48:39.235428,0 days 00:00:00.451771,64,1.8858553464051033,0.11723098216206286,0.009292403802820216,5,0.5224321525645322,5000,PRUNED
257,0.1016298159956932,2026-05-19 09:48:39.241728,2026-05-19 09:48:39.441148,0 days 00:00:00.199420,64,1.4332294752315569,0.21202976264658144,0.00610537165321284,3,0.5829018491332373,3000,PRUNED
258,0.10597314685583115,2026-05-19 09:48:39.448480,2026-05-19 09:48:39.639563,0 days 00:00:00.191083,64,1.085011842717546,0.28264752978396646,0.00412156448425774,2,0.47582939539580094,2000,PRUNED
259,0.08590883016586304,2026-05-19 09:48:39.646823,2026-05-19 09:48:39.882763,0 days 00:00:00.235940,48,1.6410968088431517,0.9195430883192064,0.0031826515204116425,4,0.5058819014685737,3000,PRUNED
260,0.04366689547896385,2026-05-19 09:48:39.889404,2026-05-19 09:48:40.316678,0 days 00:00:00.427274,64,1.2949985332825062,0.43757054304734794,0.007527273296650439,4,0.4370894478865741,5000,PRUNED
261,0.08025351166725159,2026-05-19 09:48:40.324665,2026-05-19 09:48:40.570286,0 days 00:00:00.245621,64,1.1726918235911385,0.32236539691443666,0.009975464052918269,4,0.8038113925788258,4000,PRUNED
262,0.02026662789285183,2026-05-19 09:48:40.576791,2026-05-19 09:48:41.385686,0 days 00:00:00.808895,64,1.8395136768583968,0.25419735890102446,0.00798569734697117,4,0.5328078129698662,3000,PRUNED
263,0.08451209217309952,2026-05-19 09:48:41.392756,2026-05-19 09:48:41.612399,0 days 00:00:00.219643,64,1.4171913194127952,0.14842553639720465,0.006916824017258122,4,0.4552923443647027,4000,PRUNED
264,0.062428735196590424,2026-05-19 09:48:41.618691,2026-05-19 09:48:42.007012,0 days 00:00:00.388321,64,2.350076940511479,0.5647468186925255,0.004923255560507408,4,0.7780798841355162,3000,PRUNED
265,0.09588704258203506,2026-05-19 09:48:42.014176,2026-05-19 09:48:42.195878,0 days 00:00:00.181702,96,1.0534463260322957,0.1931288674669965,0.008550232529053712,3,0.3727669250146823,5000,PRUNED
266,0.0797712504863739,2026-05-19 09:48:42.202249,2026-05-19 09:48:42.429764,0 days 00:00:00.227515,64,1.5826190309161048,1.222868721835064,0.008990086598797159,4,0.562064946232658,2000,PRUNED
267,0.09792263060808182,2026-05-19 09:48:42.436676,2026-05-19 09:48:42.679657,0 days 00:00:00.242981,16,1.2975146094780614,0.3707654626348157,0.0057496950955860686,5,0.4714832704129392,3000,PRUNED
268,0.08474311977624893,2026-05-19 09:48:42.685960,2026-05-19 09:48:42.901675,0 days 00:00:00.215715,48,1.1772309497390918,0.23708418032781758,0.003565272026226732,4,0.8651431295280354,3000,PRUNED
269,3.4710541513049975e-05,2026-05-19 09:48:42.908693,2026-05-19 09:49:03.438628,0 days 00:00:20.529935,64,2.050797284034048,0.3014754369031972,0.008141175872802262,4,0.4466377687880353,5000,COMPLETE
270,0.006336876191198826,2026-05-19 09:49:03.454499,2026-05-19 09:49:04.802198,0 days 00:00:01.347699,64,2.0428522549246915,0.30760568339013367,0.007974743338737685,4,0.4178930874185455,5000,PRUNED
271,0.047504276037216187,2026-05-19 09:49:04.809147,2026-05-19 09:49:05.176951,0 days 00:00:00.367804,64,2.1650082108404782,0.08582103067962407,0.009162602892330283,4,0.4406867866370187,5000,PRUNED
272,0.03349597007036209,2026-05-19 09:49:05.183664,2026-05-19 09:49:05.737816,0 days 00:00:00.554152,64,2.5341074193964523,0.4903248848024249,0.007233641636337253,4,0.42847753783160936,5000,PRUNED
273,0.09247136861085892,2026-05-19 09:49:05.744190,2026-05-19 09:49:05.983184,0 days 00:00:00.238994,48,1.0804129641744469,0.7083426068317809,0.0026639009537814855,4,0.45551942571153303,5000,PRUNED
274,0.005924616474658251,2026-05-19 09:49:05.990140,2026-05-19 09:49:07.338363,0 days 00:00:01.348223,64,1.2013023316225682,0.39716046703572927,0.008493217024041336,4,0.49571051979053254,5000,PRUNED
275,0.047420434653759,2026-05-19 09:49:07.344859,2026-05-19 09:49:07.773583,0 days 00:00:00.428724,64,4.039407453276253,0.2605000084131619,0.009911193648751693,4,0.4830447328861054,5000,PRUNED
276,0.08497638255357742,2026-05-19 09:49:07.782569,2026-05-19 09:49:07.995523,0 days 00:00:00.212954,64,2.2742169716112346,0.31383544139367914,0.00780912599513759,4,0.4477372018264316,3000,PRUNED
277,0.004710435401648283,2026-05-19 09:49:08.003443,2026-05-19 09:49:09.790531,0 days 00:00:01.787088,64,1.8221482598074532,0.28374210664676225,0.008407993674584694,4,0.5553877259965494,4000,PRUNED
278,0.08034499734640121,2026-05-19 09:49:09.797040,2026-05-19 09:49:10.050836,0 days 00:00:00.253796,64,1.3881451275602468,0.474058337407407,0.00712544755118311,4,0.4653830472175491,3000,PRUNED
279,0.17313924431800842,2026-05-19 09:49:10.057590,2026-05-19 09:49:10.257338,0 days 00:00:00.199748,64,1.0290764967235821,0.37075666455001327,0.0002173134887195952,4,0.7244310212050166,5000,PRUNED
280,9.382951975567266e-05,2026-05-19 09:49:10.263642,2026-05-19 09:49:25.190017,0 days 00:00:14.926375,64,1.3009818359040617,0.22185309296309907,0.009197613272478629,4,0.5758157090433201,3000,COMPLETE
281,0.09235528856515884,2026-05-19 09:49:25.203580,2026-05-19 09:49:25.414829,0 days 00:00:00.211249,48,1.5252755232389554,0.2255919110535252,0.009181831663181286,3,0.5745878650378025,4000,PRUNED
282,0.08813624829053879,2026-05-19 09:49:25.421847,2026-05-19 09:49:25.665373,0 days 00:00:00.243526,64,1.3417696440042615,0.9912258315712498,0.006543588515918478,4,0.5892470626430077,3000,PRUNED
283,0.14192959666252136,2026-05-19 09:49:25.672278,2026-05-19 09:49:25.914955,0 days 00:00:00.242677,64,1.7278034336078878,7.285267861937305,0.007679058236189167,4,0.5977479429628411,5000,PRUNED
284,0.043745286762714386,2026-05-19 09:49:25.921493,2026-05-19 09:49:26.348375,0 days 00:00:00.426882,64,1.4945810073400176,0.5980403043237306,0.008513692424826321,4,0.55015154108876,3000,PRUNED
285,0.0067062401212751865,2026-05-19 09:49:26.355322,2026-05-19 09:49:27.566748,0 days 00:00:01.211426,64,2.7707339868861895,0.2612679375112305,0.009350711781707833,4,0.6098290669456414,3000,PRUNED
286,0.04768993332982063,2026-05-19 09:49:27.575157,2026-05-19 09:49:27.955058,0 days 00:00:00.379901,64,1.260686440273862,0.3234363902155688,0.009937240306187306,4,0.5685881594264052,4000,PRUNED
287,0.00019990980217698961,2026-05-19 09:49:27.962390,2026-05-19 09:49:37.074752,0 days 00:00:09.112362,64,1.377075329138129,0.22574809992634026,0.007350850531367458,4,0.5129472963764705,3000,COMPLETE
288,0.13372285664081573,2026-05-19 09:49:37.089526,2026-05-19 09:49:37.310458,0 days 00:00:00.220932,64,1.9363922790135781,0.19959186042110422,0.001340004762077703,3,0.584566244093929,5000,PRUNED
289,0.08521059155464172,2026-05-19 09:49:37.320237,2026-05-19 09:49:37.543669,0 days 00:00:00.223432,48,1.1763044275086607,0.4005300387278572,0.0082418263021568,4,0.3405827982552569,3000,PRUNED
290,0.09582432359457016,2026-05-19 09:49:37.551679,2026-05-19 09:49:37.802382,0 days 00:00:00.250703,64,1.2889072908043164,0.28543947532679004,0.0014828633312601984,4,0.5414278573999681,4000,PRUNED
291,0.08671216666698456,2026-05-19 09:49:37.809994,2026-05-19 09:49:38.050812,0 days 00:00:00.240818,64,1.5003089966137741,0.6679200582036424,0.006728171265791012,4,0.31131948282847555,3000,PRUNED
292,0.00019396614516153932,2026-05-19 09:49:38.057620,2026-05-19 09:49:50.235740,0 days 00:00:12.178120,64,2.0528340856112903,0.3334297143077769,0.008593941571941608,4,0.6952695905378249,5000,COMPLETE
293,0.08653419464826584,2026-05-19 09:49:50.249227,2026-05-19 09:49:50.489463,0 days 00:00:00.240236,64,1.7459100217783408,0.8065363095547973,0.004189353445547194,4,0.8479009048331662,3000,PRUNED
294,0.10256132483482361,2026-05-19 09:49:50.496114,2026-05-19 09:49:50.707893,0 days 00:00:00.211779,64,1.149995639974564,1.6002307366850361,0.0076029593466957245,4,0.4764222453942533,3000,PRUNED
295,0.12714171409606934,2026-05-19 09:49:50.714728,2026-05-19 09:49:50.950721,0 days 00:00:00.235993,64,1.4070986618708614,0.2437709090589068,0.0008466152983864574,4,0.3290247828070687,4000,PRUNED
296,0.023142868652939796,2026-05-19 09:49:50.957102,2026-05-19 09:49:51.666938,0 days 00:00:00.709836,64,1.6199918131986033,0.17506421958792212,0.009078213765870265,3,0.5715160061443438,5000,PRUNED
297,0.08708051592111588,2026-05-19 09:49:51.674009,2026-05-19 09:49:51.895723,0 days 00:00:00.221714,64,1.2747598964889386,0.47565915754781946,0.0038677676381802116,4,0.829093588844325,1000,PRUNED
298,0.09210879355669022,2026-05-19 09:49:51.902354,2026-05-19 09:49:52.127364,0 days 00:00:00.225010,64,7.171544586425211,0.28961063207170273,0.00338061787267037,4,0.48798716386496066,3000,PRUNED
299,0.00014706874208059162,2026-05-19 09:49:52.134184,2026-05-19 09:50:02.566092,0 days 00:00:10.431908,64,1.1237182493517328,0.21415665790873603,0.00802013995239345,4,0.6738958261360621,3000,COMPLETE
300,0.09272915869951248,2026-05-19 09:50:02.574579,2026-05-19 09:50:02.798599,0 days 00:00:00.224020,48,2.3293320072927433,0.3551492683100384,0.006206094400795031,3,0.4655101869040299,5000,PRUNED
301,0.08083932846784592,2026-05-19 09:50:02.804851,2026-05-19 09:50:03.017031,0 days 00:00:00.212180,64,1.5261617586205438,0.26612698887518804,0.009901055167953796,4,0.4490503472896014,4000,PRUNED
302,0.0025679811369627714,2026-05-19 09:50:03.023370,2026-05-19 09:50:04.941054,0 days 00:00:01.917684,64,1.0000254688047543,0.17171252711644472,0.008843449121963025,4,0.5242543072502138,3000,PRUNED
303,0.04209379106760025,2026-05-19 09:50:04.947730,2026-05-19 09:50:05.362315,0 days 00:00:00.414585,64,1.8507047629056068,0.4162858945471217,0.007236074861070273,4,0.50119467175947,5000,PRUNED
304,0.08908183872699738,2026-05-19 09:50:05.368905,2026-05-19 09:50:05.595021,0 days 00:00:00.226116,80,1.2160480342426518,0.2310003551963659,0.0047943482958060606,4,0.8920311132996047,3000,PRUNED
305,0.009883970953524113,2026-05-19 09:50:05.601983,2026-05-19 09:50:06.652926,0 days 00:00:01.050943,64,1.3623917370193472,0.322047257931677,0.00812013695074247,4,0.5606437732348549,3000,PRUNED
306,0.0475585013628006,2026-05-19 09:50:06.660087,2026-05-19 09:50:07.042412,0 days 00:00:00.382325,64,1.702169841693591,0.6050217371252055,0.0068784504885214615,4,0.5800908849557936,4000,PRUNED
307,0.04523024335503578,2026-05-19 09:50:07.048817,2026-05-19 09:50:07.425060,0 days 00:00:00.376243,64,6.434177035622109,1.2136367807452955,0.00882781178567375,4,0.6021407955702399,5000,PRUNED
308,0.27583590149879456,2026-05-19 09:50:07.431677,2026-05-19 09:50:07.632972,0 days 00:00:00.201295,64,57.58718953338697,0.20795639419055273,0.002438160069999025,3,0.8126825168466482,3000,PRUNED
309,0.1749356985092163,2026-05-19 09:50:07.639721,2026-05-19 09:50:07.857932,0 days 00:00:00.218211,48,2.045448632631932,0.26664044292461153,0.0005273682269063338,4,0.46834038806682415,4000,PRUNED
310,0.009278513491153717,2026-05-19 09:50:07.865082,2026-05-19 09:50:09.149715,0 days 00:00:01.284633,64,1.1238162852187137,0.8954720393352459,0.0077560853740784325,6,0.4547463680982192,5000,PRUNED
311,0.08038166910409927,2026-05-19 09:50:09.157945,2026-05-19 09:50:09.391889,0 days 00:00:00.233944,64,1.4648664879952475,0.465866001834915,0.0030932595627533306,4,0.4350614457879419,3000,PRUNED
312,0.09216462075710297,2026-05-19 09:50:09.399544,2026-05-19 09:50:09.582753,0 days 00:00:00.183209,64,1.3167346631761154,0.36351381035566893,0.00916400213150391,3,0.8387671614463309,3000,PRUNED
313,0.08945904672145844,2026-05-19 09:50:09.590158,2026-05-19 09:50:09.824405,0 days 00:00:00.234247,48,1.2180173672906387,0.18975752155725886,0.006084491457530975,4,0.5339935365754537,5000,PRUNED
314,0.08411800861358643,2026-05-19 09:50:09.831070,2026-05-19 09:50:10.039026,0 days 00:00:00.207956,64,1.5979105024695723,0.5254435992868719,0.009948198404742878,4,0.4816139407625584,3000,PRUNED
315,0.0543055385351181,2026-05-19 09:50:10.046368,2026-05-19 09:50:10.469697,0 days 00:00:00.423329,64,1.0967074696342953,0.29492773342708944,0.004424685669420504,4,0.6230880800212434,4000,PRUNED
316,0.08817484974861145,2026-05-19 09:50:10.477175,2026-05-19 09:50:10.700249,0 days 00:00:00.223074,96,1.3781609603522753,0.23010213057412754,0.00835831906753997,4,0.5525105012051102,3000,PRUNED
317,0.08099998533725739,2026-05-19 09:50:10.706409,2026-05-19 09:50:10.905433,0 days 00:00:00.199024,64,1.9008590547865698,0.17137927337156122,0.00696338738098023,4,0.30245691754051507,3000,PRUNED
318,0.08437913656234741,2026-05-19 09:50:10.911726,2026-05-19 09:50:11.105921,0 days 00:00:00.194195,64,1.185198398814788,0.39308413883606863,0.005269597400537825,3,0.7138748893112759,5000,PRUNED
319,0.08557017892599106,2026-05-19 09:50:11.112828,2026-05-19 09:50:11.339791,0 days 00:00:00.226963,64,1.5114181602434804,0.7546793295127869,0.007515301473057639,4,0.589188936115081,4000,PRUNED
320,0.08641631156206131,2026-05-19 09:50:11.346346,2026-05-19 09:50:11.567867,0 days 00:00:00.221521,80,2.2040697428373055,0.25766885872621836,0.00867832014805964,4,0.860461852705527,3000,PRUNED
321,0.00011014151823474094,2026-05-19 09:50:11.575160,2026-05-19 09:50:21.779862,0 days 00:00:10.204702,64,2.5399779135316973,0.3220082846466122,0.009260527307816766,4,0.4926628861139414,5000,COMPLETE
322,0.08009257912635803,2026-05-19 09:50:21.789993,2026-05-19 09:50:22.022193,0 days 00:00:00.232200,64,1.28547833065355,0.1539811035802785,0.00641537016420962,4,0.6509382830584992,3000,PRUNED
323,0.09570649266242981,2026-05-19 09:50:22.030482,2026-05-19 09:50:22.237373,0 days 00:00:00.206891,112,13.279029032712316,0.9964833432899762,0.0028058185977664625,4,0.4463791876206088,4000,PRUNED
324,0.0855202004313469,2026-05-19 09:50:22.244857,2026-05-19 09:50:22.461906,0 days 00:00:00.217049,48,1.7166740242960334,0.2116609399242642,0.0036777600977623615,4,0.4752684728904589,3000,PRUNED
325,0.0804445892572403,2026-05-19 09:50:22.469848,2026-05-19 09:50:22.702296,0 days 00:00:00.232448,64,1.0872290093436927,0.2911709576981128,0.007897663652535261,4,0.4611569430651628,5000,PRUNED
326,0.08833494782447815,2026-05-19 09:50:22.710041,2026-05-19 09:50:22.915896,0 days 00:00:00.205855,64,8.469042575827894,0.24690599304778563,0.008306294666868965,4,0.35654202719190964,3000,PRUNED
327,0.09425515681505203,2026-05-19 09:50:22.923831,2026-05-19 09:50:23.117170,0 days 00:00:00.193339,128,1.3564309071395648,0.3853976701492798,0.009913467426645091,3,0.5676352219269702,3000,PRUNED
328,0.09222207963466644,2026-05-19 09:50:23.123510,2026-05-19 09:50:23.319816,0 days 00:00:00.196306,64,3.6428342440646344,0.6400735629439259,0.005646794809974884,3,0.5459299874512914,5000,PRUNED
329,0.10617589950561523,2026-05-19 09:50:23.326734,2026-05-19 09:50:23.549836,0 days 00:00:00.223102,32,1.2220847509177004,1.9459625014966504,0.007179025887915795,4,0.4295652460557,4000,PRUNED
330,0.04261213168501854,2026-05-19 09:50:23.556129,2026-05-19 09:50:23.935572,0 days 00:00:00.379443,64,1.6016189462639632,0.318739384567249,0.009173729579148086,4,0.881699459836135,3000,PRUNED
331,0.00013201915135141462,2026-05-19 09:50:23.941966,2026-05-19 09:50:34.438381,0 days 00:00:10.496415,64,1.0052982067010154,0.1912905624692286,0.008167153593469416,4,0.814318726552774,3000,COMPLETE
332,0.053337402641773224,2026-05-19 09:50:34.448094,2026-05-19 09:50:34.863179,0 days 00:00:00.415085,64,1.4215347030141323,0.4887636847391733,0.006591914488586543,4,0.5784299402606417,3000,PRUNED
333,0.09010949730873108,2026-05-19 09:50:34.870912,2026-05-19 09:50:35.112363,0 days 00:00:00.241451,64,4.5514129261910785,0.24814136199462963,0.0039895911760159525,4,0.5091522276059749,2000,PRUNED
334,0.08967973291873932,2026-05-19 09:50:35.119426,2026-05-19 09:50:35.368468,0 days 00:00:00.249042,64,1.861110239202623,0.1321742104172926,0.00751524098796204,4,0.7962965519896399,4000,PRUNED
335,0.14643630385398865,2026-05-19 09:50:35.374970,2026-05-19 09:50:35.574731,0 days 00:00:00.199761,48,2.9400240142692664,0.3290870907026997,0.002046106937919791,3,0.8273821240484457,1000,PRUNED
336,0.0004143349069636315,2026-05-19 09:50:35.581206,2026-05-19 09:50:41.690911,0 days 00:00:06.109705,64,1.1775388130183426,0.2077906058934645,0.0087686228968589,4,0.4660924303077152,5000,COMPLETE
337,0.08999672532081604,2026-05-19 09:50:41.699591,2026-05-19 09:50:41.915980,0 days 00:00:00.216389,80,1.2916289245631436,0.4204051081202038,0.009364218032398253,4,0.44581935716196747,3000,PRUNED
338,0.09573612362146378,2026-05-19 09:50:41.922822,2026-05-19 09:50:42.163620,0 days 00:00:00.240798,64,20.452994912279767,0.2738564409171678,0.004889972400541142,4,0.4886587853922948,4000,PRUNED
339,0.10836425423622131,2026-05-19 09:50:42.170645,2026-05-19 09:50:42.411787,0 days 00:00:00.241142,64,2.0569492398099136,0.16198888460220986,0.007966585635509501,4,0.5588784670959215,5000,PRUNED
340,0.07926204800605774,2026-05-19 09:50:42.419242,2026-05-19 09:50:42.642584,0 days 00:00:00.223342,64,1.0935828543690749,0.8270125207245458,0.00339731420050916,4,0.47690082625659014,3000,PRUNED
341,0.0949014201760292,2026-05-19 09:50:42.649200,2026-05-19 09:50:42.897903,0 days 00:00:00.248703,96,1.513193220851677,0.5510984796587745,0.009955053884037177,4,0.4566667822483747,3000,PRUNED
342,0.08915538340806961,2026-05-19 09:50:42.904678,2026-05-19 09:50:43.127374,0 days 00:00:00.222696,64,1.7206460091293188,0.0031177120401586294,0.006816322078231404,4,0.5346199239196193,5000,PRUNED
343,0.11704816669225693,2026-05-19 09:50:43.134308,2026-05-19 09:50:43.324537,0 days 00:00:00.190229,80,15.750847599884578,1.3751157142436983,0.001793938432519079,3,0.6013771696857305,3000,PRUNED
344,0.10009929537773132,2026-05-19 09:50:43.332157,2026-05-19 09:50:43.585557,0 days 00:00:00.253400,32,1.4142813607743314,0.23672021077384997,0.008652662235403433,4,0.394892076957305,2000,PRUNED
345,0.10240346938371658,2026-05-19 09:50:43.592470,2026-05-19 09:50:43.759506,0 days 00:00:00.167036,48,1.0011261404016143,0.3405519096795307,0.005997190548963948,2,0.5775540947692319,4000,PRUNED
346,0.08332889527082443,2026-05-19 09:50:43.766242,2026-05-19 09:50:43.972554,0 days 00:00:00.206312,64,1.133878966581775,0.2817129942639711,0.007569576289902076,4,0.4714744464898534,5000,PRUNED
347,0.11050307005643845,2026-05-19 09:50:43.979169,2026-05-19 09:50:44.191881,0 days 00:00:00.212712,64,1.6219383350424954,0.19302407863407947,0.004365998540342516,4,0.7348096374012238,3000,PRUNED
348,0.0041958121582865715,2026-05-19 09:50:44.198182,2026-05-19 09:50:46.057806,0 days 00:00:01.859624,64,1.2340049274183746,0.41861528582962804,0.008563748591647052,4,0.5199640759920028,3000,PRUNED
349,0.0745571181178093,2026-05-19 09:50:46.064811,2026-05-19 09:50:46.518327,0 days 00:00:00.453516,64,1.9606344171526309,1.1144602044284728,0.009967187069746522,6,0.4437045311100126,2000,PRUNED
350,0.08400136977434158,2026-05-19 09:50:46.525273,2026-05-19 09:50:46.738893,0 days 00:00:00.213620,64,1.2982476853331906,0.6903417616351175,0.007420289837977172,4,0.8470436048107481,3000,PRUNED
351,0.09428700059652328,2026-05-19 09:50:46.747314,2026-05-19 09:50:46.934255,0 days 00:00:00.186941,96,2.3640658692889325,0.2342035440495192,0.008999618807310122,3,0.8707985883508388,5000,PRUNED
352,0.12290317565202713,2026-05-19 09:50:46.942416,2026-05-19 09:50:47.163534,0 days 00:00:00.221118,64,1.489656623437742,0.3548950517851918,0.0010636559823319063,4,0.590883630915594,3000,PRUNED
353,0.009540903382003307,2026-05-19 09:50:47.171621,2026-05-19 09:50:48.254537,0 days 00:00:01.082916,64,1.1128205327983902,0.28430604502356854,0.008042695869387963,4,0.5643495243284978,5000,PRUNED
354,0.08058300614356995,2026-05-19 09:50:48.261331,2026-05-19 09:50:48.492558,0 days 00:00:00.231227,64,1.712412945504719,0.17449927835573031,0.00689834436041702,4,0.4572780659157048,4000,PRUNED
355,0.09403368085622787,2026-05-19 09:50:48.499097,2026-05-19 09:50:48.711238,0 days 00:00:00.212141,48,10.514121835982193,0.5495905036146487,0.005460590310535162,4,0.49868838783182134,3000,PRUNED
356,0.08676627278327942,2026-05-19 09:50:48.718155,2026-05-19 09:50:48.909983,0 days 00:00:00.191828,64,1.357857253150589,0.2199630614474508,0.009146239117145849,3,0.3669097268227135,4000,PRUNED
357,0.049440979957580566,2026-05-19 09:50:48.916604,2026-05-19 09:50:49.338339,0 days 00:00:00.421735,64,1.8265554306316816,0.301398933471966,0.006350522645790364,4,0.4245696471977312,5000,PRUNED
358,0.08084553480148315,2026-05-19 09:50:49.345001,2026-05-19 09:50:49.588107,0 days 00:00:00.243106,64,2.1724804623463583,0.4043893103025551,0.008171669378466575,4,0.5459019077799164,3000,PRUNED
359,0.0937146469950676,2026-05-19 09:50:49.596027,2026-05-19 09:50:49.812459,0 days 00:00:00.216432,64,1.184199853518655,0.10787697428810297,0.007376313735783072,4,0.48585352832822093,4000,PRUNED
360,0.08596103638410568,2026-05-19 09:50:49.819766,2026-05-19 09:50:50.032288,0 days 00:00:00.212522,48,1.5109554846275428,0.23829553549861893,0.003665804517775914,4,0.6131107717572648,3000,PRUNED
361,0.08790313452482224,2026-05-19 09:50:50.041177,2026-05-19 09:50:50.226862,0 days 00:00:00.185685,64,1.2912471989740248,0.1530947909361998,0.008539382707916359,3,0.3437681772957088,2000,PRUNED
362,0.0011471648467704654,2026-05-19 09:50:50.235029,2026-05-19 09:50:53.167507,0 days 00:00:02.932478,64,1.000474775479067,0.33184445775025767,0.00909697816637638,4,0.8322397964166278,3000,PRUNED
363,0.09459313005208969,2026-05-19 09:50:53.174547,2026-05-19 09:50:53.379879,0 days 00:00:00.205332,64,1.4290360108041138,0.2694331338366885,0.00309247795353975,4,0.7483547096369999,5000,PRUNED
364,0.1621508151292801,2026-05-19 09:50:53.386436,2026-05-19 09:50:53.588062,0 days 00:00:00.201626,64,1.093957510875849,0.48144389954387784,0.00010448622230718482,4,0.4379101952734056,3000,PRUNED
365,0.044174108654260635,2026-05-19 09:50:53.594711,2026-05-19 09:50:53.926193,0 days 00:00:00.331482,64,1.6128941341346115,0.20339991218639586,0.009988848557358461,3,0.4689416509824527,5000,PRUNED
366,0.08627353608608246,2026-05-19 09:50:53.932835,2026-05-19 09:50:54.136358,0 days 00:00:00.203523,64,1.2089383105890228,0.9804274192997658,0.00787579697415932,4,0.8017571231965872,3000,PRUNED
367,0.10306569188833237,2026-05-19 09:50:54.143705,2026-05-19 09:50:54.356905,0 days 00:00:00.213200,80,2.0023598305578756,0.3688969925284566,0.0050206758803805675,4,0.4565451780918149,4000,PRUNED
368,0.08663754910230637,2026-05-19 09:50:54.364036,2026-05-19 09:50:54.606645,0 days 00:00:00.242609,64,1.3700448242587089,0.7755869093500023,0.006665741420208123,4,0.8191600640087074,3000,PRUNED
369,0.08201003819704056,2026-05-19 09:50:54.613586,2026-05-19 09:50:54.826453,0 days 00:00:00.212867,64,1.0880896596846206,0.2563929136304113,0.004069840168474941,4,0.5545759977382987,4000,PRUNED
370,0.1071905717253685,2026-05-19 09:50:54.834244,2026-05-19 09:50:55.057836,0 days 00:00:00.223592,48,2.626957114569727,0.18707150852680138,0.00223503824010244,4,0.4757024190672889,3000,PRUNED
371,0.09254977852106094,2026-05-19 09:50:55.066179,2026-05-19 09:50:55.277852,0 days 00:00:00.211673,96,1.251673340753651,0.3060083231728821,0.005938230234999974,4,0.7907659836005357,5000,PRUNED
372,0.040912970900535583,2026-05-19 09:50:55.287497,2026-05-19 09:50:55.689340,0 days 00:00:00.401843,64,1.822223855927862,0.6244241542771499,0.008503270281137426,4,0.5746947086161021,3000,PRUNED
373,0.09572532773017883,2026-05-19 09:50:55.698053,2026-05-19 09:50:55.914899,0 days 00:00:00.216846,64,1.5761792336299125,0.12909099563538362,0.007384679172174112,4,0.32590623948868985,2000,PRUNED
374,0.08280621469020844,2026-05-19 09:50:55.924214,2026-05-19 09:50:56.146316,0 days 00:00:00.222102,64,5.336930244829721,0.4581593766961201,0.00924890037912477,4,0.7632395115800868,4000,PRUNED
375,0.08471548557281494,2026-05-19 09:50:56.154500,2026-05-19 09:50:56.390736,0 days 00:00:00.236236,64,1.1506242523641153,0.2220344267421976,0.004624572625486334,4,0.5898525966939718,5000,PRUNED
376,0.18859876692295074,2026-05-19 09:50:56.398131,2026-05-19 09:50:56.588121,0 days 00:00:00.189990,48,1.4617776487422867,0.28807498697711303,0.0003558062106338083,3,0.40812401588247055,2000,PRUNED
377,0.04264502599835396,2026-05-19 09:50:56.595323,2026-05-19 09:50:57.045057,0 days 00:00:00.449734,64,1.3205374535993126,0.35209440026956335,0.00813330228137703,4,0.38736077516020423,3000,PRUNED
378,0.09126483649015427,2026-05-19 09:50:57.051624,2026-05-19 09:50:57.260069,0 days 00:00:00.208445,80,3.167705604207053,0.16590794367118944,0.0069852698946330965,3,0.4501658300439398,4000,PRUNED
379,0.10321130603551865,2026-05-19 09:50:57.266484,2026-05-19 09:50:57.492589,0 days 00:00:00.226105,112,1.6786467021692373,0.2392705484127556,0.00912503005446644,4,0.4984762060390295,3000,PRUNED
380,0.028883930295705795,2026-05-19 09:50:57.498979,2026-05-19 09:50:58.095385,0 days 00:00:00.596406,64,2.2535322971827134,0.4278745448723932,0.007813966350191435,4,0.8522397077995154,3000,PRUNED
381,0.0002017875376623124,2026-05-19 09:50:58.102167,2026-05-19 09:51:09.352773,0 days 00:00:11.250606,64,1.2280399748962443,0.1930555522985292,0.00864025712175346,4,0.5141263348473711,5000,COMPLETE
382,0.04421568661928177,2026-05-19 09:51:09.363458,2026-05-19 09:51:09.796804,0 days 00:00:00.433346,64,1.0810738518389567,0.25900552292496326,0.005514166256608798,4,0.5301388269051102,1000,PRUNED
383,0.08797720074653625,2026-05-19 09:51:09.803693,2026-05-19 09:51:10.052677,0 days 00:00:00.248984,96,1.41248300589929,0.33967761596549856,0.009887810515985999,4,0.4831483941988927,3000,PRUNED
384,0.08676619082689285,2026-05-19 09:51:10.059214,2026-05-19 09:51:10.299297,0 days 00:00:00.240083,64,1.8202457588404215,0.836059781758571,0.00637702442577607,4,0.567342311388828,5000,PRUNED
385,0.08014228940010071,2026-05-19 09:51:10.306146,2026-05-19 09:51:10.538170,0 days 00:00:00.232024,64,1.1719854567917258,0.5113560245851961,0.007220386906762774,4,0.4685551412941804,3000,PRUNED
386,0.09146630764007568,2026-05-19 09:51:10.546014,2026-05-19 09:51:10.735223,0 days 00:00:00.189209,64,1.5402301067868995,0.20265624381304082,0.008385068288081225,3,0.419156832501808,3000,PRUNED
387,0.10062814503908157,2026-05-19 09:51:10.742346,2026-05-19 09:51:10.991485,0 days 00:00:00.249139,48,1.3020717183868376,1.2791323964480386,0.009005780694204612,4,0.4377079265770929,5000,PRUNED
388,0.08012194186449051,2026-05-19 09:51:10.998143,2026-05-19 09:51:11.245885,0 days 00:00:00.247742,64,1.0051483931335936,0.29044396464586403,0.007716021694586759,4,0.5832256051498267,3000,PRUNED
389,0.08890701085329056,2026-05-19 09:51:11.252416,2026-05-19 09:51:11.560425,0 days 00:00:00.308009,64,1.655470660173537,0.710300214365482,0.0033975681219767166,6,0.5411198758361705,4000,PRUNED
390,0.09462691098451614,2026-05-19 09:51:11.567104,2026-05-19 09:51:11.770390,0 days 00:00:00.203286,64,2.006454009813362,0.14412316044564016,0.002587871873260439,4,0.8078686274643252,3000,PRUNED
391,0.18148571252822876,2026-05-19 09:51:11.777099,2026-05-19 09:51:11.973331,0 days 00:00:00.196232,64,24.384664552418112,0.3815385451947698,0.0038442068796371172,2,0.4572258608125354,5000,PRUNED
392,0.00022021910990588367,2026-05-19 09:51:11.980375,2026-05-19 09:51:25.281385,0 days 00:00:13.301010,64,2.4789291009217753,0.23950403173292564,0.00943724030588386,4,0.5991408112865939,4000,COMPLETE
393,0.08497388660907745,2026-05-19 09:51:25.294173,2026-05-19 09:51:25.494958,0 days 00:00:00.200785,48,1.4408722096217654,0.30263370854353494,0.009971940531383948,3,0.47901486607769506,4000,PRUNED
394,0.22890806198120117,2026-05-19 09:51:25.503061,2026-05-19 09:51:25.719458,0 days 00:00:00.216397,64,94.02425451339428,0.5876104863767194,0.0028859581187733806,4,0.46219229751968355,2000,PRUNED
395,0.08164247125387192,2026-05-19 09:51:25.727067,2026-05-19 09:51:25.931425,0 days 00:00:00.204358,64,1.1021305448687009,0.21059721062991935,0.004426446583833828,4,0.5645603955574381,3000,PRUNED
396,0.1021546721458435,2026-05-19 09:51:25.940411,2026-05-19 09:51:26.140473,0 days 00:00:00.200062,64,1.170879517790603,0.18157879460391652,0.006747076374627755,3,0.8407437823357302,3000,PRUNED
397,0.08635467290878296,2026-05-19 09:51:26.147949,2026-05-19 09:51:26.353349,0 days 00:00:00.205400,64,1.3138384165981625,1.0592187264716213,0.008212591869677838,4,0.43070134000907434,5000,PRUNED
398,0.09614509344100952,2026-05-19 09:51:26.359498,2026-05-19 09:51:26.572542,0 days 00:00:00.213044,64,32.73546893340058,0.26064228214571283,0.0076929389851438336,4,0.4901403807510148,3000,PRUNED
399,0.09403649717569351,2026-05-19 09:51:26.580791,2026-05-19 09:51:26.789439,0 days 00:00:00.208648,80,1.2403447376204955,0.3946552753750444,0.005717309096702578,4,0.6317954530184975,5000,PRUNED
400,0.005367187317460775,2026-05-19 09:51:26.798002,2026-05-19 09:51:28.105821,0 days 00:00:01.307819,64,2.1578219158111605,0.3481255187880828,0.008759290137546533,4,0.8228815419586895,3000,PRUNED
401,0.08426319807767868,2026-05-19 09:51:28.113473,2026-05-19 09:51:28.363371,0 days 00:00:00.249898,64,1.7645159975478406,0.2762116081238885,0.004991499470893776,4,0.7734593562971315,3000,PRUNED
402,0.125810444355011,2026-05-19 09:51:28.370244,2026-05-19 09:51:28.615318,0 days 00:00:00.245074,16,1.553215935148583,0.4675599362076487,0.006357052779883925,4,0.4514798868720928,4000,PRUNED
403,0.029842015355825424,2026-05-19 09:51:28.622900,2026-05-19 09:51:29.155637,0 days 00:00:00.532737,64,1.0887421681280085,0.15642320347782324,0.007169266575843128,4,0.5546446216866929,3000,PRUNED
404,0.11726758629083633,2026-05-19 09:51:29.162432,2026-05-19 09:51:29.353924,0 days 00:00:00.191492,64,1.3953215955385296,0.2357224534000653,0.0015327500214044733,3,0.5060908438645723,5000,PRUNED
405,0.0022274476941674948,2026-05-19 09:51:29.360428,2026-05-19 09:51:31.704052,0 days 00:00:02.343624,64,1.9338223864211035,0.32540528986011974,0.009210263008913918,4,0.5739359683647587,3000,PRUNED
406,0.08228939771652222,2026-05-19 09:51:31.711786,2026-05-19 09:51:31.929102,0 days 00:00:00.217316,96,1.230900751614523,0.061170530861755903,0.008299095415585302,4,0.3507564850835632,4000,PRUNED
407,0.012547435238957405,2026-05-19 09:51:31.935784,2026-05-19 09:51:33.036596,0 days 00:00:01.100812,64,1.4690861513567988,0.21541024033844236,0.009988220090150251,4,0.44526045973396394,2000,PRUNED
408,0.04243501275777817,2026-05-19 09:51:33.044488,2026-05-19 09:51:33.463865,0 days 00:00:00.419377,64,1.6694381038994721,0.6572490500087907,0.007718326460604761,4,0.4674244388975958,5000,PRUNED
409,0.0834653228521347,2026-05-19 09:51:33.473126,2026-05-19 09:51:33.704450,0 days 00:00:00.231324,64,1.0119166775704136,0.8614814059544542,0.008662634372853669,4,0.5281884118062459,3000,PRUNED
410,0.09297842532396317,2026-05-19 09:51:33.711477,2026-05-19 09:51:33.898805,0 days 00:00:00.187328,64,1.3427349656104908,0.2780055033856655,0.007074381948385427,3,0.47982565158734447,5000,PRUNED
411,0.10846635699272156,2026-05-19 09:51:33.906045,2026-05-19 09:51:34.123849,0 days 00:00:00.217804,80,1.153162338978946,1.6434762207795113,0.005924398851052448,4,0.37767188101075194,4000,PRUNED
412,0.10235947370529175,2026-05-19 09:51:34.130342,2026-05-19 09:51:34.360191,0 days 00:00:00.229849,32,1.2562687054868988,0.1791157764443438,0.00926511400614363,4,0.8625429945049083,3000,PRUNED
413,0.041593991219997406,2026-05-19 09:51:34.367943,2026-05-19 09:51:34.757523,0 days 00:00:00.389580,64,1.5375464622283999,0.4377726737516319,0.008130650605385705,4,0.5448183754837226,2000,PRUNED
414,0.08808325231075287,2026-05-19 09:51:34.764558,2026-05-19 09:51:35.009941,0 days 00:00:00.245383,48,1.8267511705961463,0.12307987343420332,0.0032135627787178035,4,0.5796431680505333,5000,PRUNED
415,0.08161168545484543,2026-05-19 09:51:35.017022,2026-05-19 09:51:35.252667,0 days 00:00:00.235645,64,1.0845862425857733,0.5636743296523931,0.0036251382264443867,4,0.49450273752946444,3000,PRUNED
416,0.08341247588396072,2026-05-19 09:51:35.259527,2026-05-19 09:51:35.509012,0 days 00:00:00.249485,64,2.3393401332805026,0.340475434863315,0.005229578908917647,4,0.7895219167207318,3000,PRUNED
417,0.10531409829854965,2026-05-19 09:51:35.516409,2026-05-19 09:51:35.719154,0 days 00:00:00.202745,128,2.0808010726472435,0.24033440382921653,0.007446065923600164,3,0.4020867907457115,3000,PRUNED
418,0.08350594341754913,2026-05-19 09:51:35.727023,2026-05-19 09:51:35.935510,0 days 00:00:00.208487,64,1.3990387642098627,0.20000084955002542,0.006579036006416226,4,0.46466032679030994,3000,PRUNED
419,0.00877168495208025,2026-05-19 09:51:35.942149,2026-05-19 09:51:36.861552,0 days 00:00:00.919403,64,1.1520167634122809,0.30151268655585955,0.008776563144920346,4,0.5535744135994805,4000,PRUNED
420,0.08748228847980499,2026-05-19 09:51:36.869385,2026-05-19 09:51:37.104418,0 days 00:00:00.235033,64,1.6704256299468723,0.256084324948192,0.004347755315580815,4,0.5973743634909952,5000,PRUNED
421,0.0779864490032196,2026-05-19 09:51:37.112035,2026-05-19 09:51:37.320049,0 days 00:00:00.208014,64,1.2996568548885221,0.4000252249873437,0.008017623581010087,4,0.43622880649041706,3000,PRUNED
422,0.00019440826145000756,2026-05-19 09:51:37.328035,2026-05-19 09:51:52.245250,0 days 00:00:14.917215,64,1.0039121380227902,0.1581780491820991,0.009206650351058413,4,0.4510529108678849,2000,COMPLETE
423,0.09917010366916656,2026-05-19 09:51:52.258757,2026-05-19 09:51:52.464751,0 days 00:00:00.205994,48,1.5192631573710875,0.9405929515372508,0.008357972110251967,3,0.8168727146255387,3000,PRUNED
424,0.03039732202887535,2026-05-19 09:51:52.471646,2026-05-19 09:51:53.107784,0 days 00:00:00.636138,64,1.1868303156796378,0.20620590721851112,0.007094286852687052,4,0.4769720226494782,4000,PRUNED
425,0.08514564484357834,2026-05-19 09:51:53.117093,2026-05-19 09:51:53.352390,0 days 00:00:00.235297,80,1.9372563909787133,0.3118204234095064,0.004003916909618788,4,0.8310002033327768,5000,PRUNED
426,0.08381732553243637,2026-05-19 09:51:53.362269,2026-05-19 09:51:53.583149,0 days 00:00:00.220880,64,1.3853221074695097,0.02333974377748569,0.008853486907194308,4,0.6070422542997378,3000,PRUNED
427,0.08169253170490265,2026-05-19 09:51:53.591637,2026-05-19 09:51:53.842741,0 days 00:00:00.251104,48,2.8425513286913917,0.38142684665323195,0.00951583626436281,5,0.7078042413361135,5000,PRUNED
428,0.10873685777187347,2026-05-19 09:51:53.849398,2026-05-19 09:51:54.067008,0 days 00:00:00.217610,64,1.0824322700608255,0.5128693588946183,0.0011929288195006071,4,0.5681260491818334,1000,PRUNED
429,0.07981141656637192,2026-05-19 09:51:54.073956,2026-05-19 09:51:54.320784,0 days 00:00:00.246828,64,1.7512915353851592,0.24924551809186943,0.0061904869879807955,4,0.5219478673255015,3000,PRUNED
430,0.08722129464149475,2026-05-19 09:51:54.328006,2026-05-19 09:51:54.528838,0 days 00:00:00.200832,96,1.264974174344355,0.09509591169967471,0.007822289842803256,3,0.5856756937066139,3000,PRUNED
431,0.08377110958099365,2026-05-19 09:51:54.535289,2026-05-19 09:51:54.771499,0 days 00:00:00.236210,64,6.031847745360242,0.6975299746673422,0.0074958296948151705,4,0.42073888383352176,5000,PRUNED
432,0.05553874745965004,2026-05-19 09:51:54.778949,2026-05-19 09:51:55.224988,0 days 00:00:00.446039,64,1.5476960037399774,0.29942478269731265,0.004647233151073895,4,0.804340429598735,3000,PRUNED
433,0.0895753875374794,2026-05-19 09:51:55.231993,2026-05-19 09:51:55.417709,0 days 00:00:00.185716,64,1.1817009836959864,0.18348368072149857,0.008520793515102529,2,0.6805388867498927,4000,PRUNED
434,0.00036493269726634026,2026-05-19 09:51:55.424304,2026-05-19 09:52:03.633186,0 days 00:00:08.208882,64,1.403458284121967,0.21713245222989344,0.009809164854768395,6,0.4626517740380092,3000,COMPLETE
435,0.07937730103731155,2026-05-19 09:52:03.643930,2026-05-19 09:52:03.884138,0 days 00:00:00.240208,64,4.222640672956988,0.3500064623050843,0.006572417779616794,4,0.4884586113716982,4000,PRUNED
436,0.08852243423461914,2026-05-19 09:52:03.893095,2026-05-19 09:52:04.120055,0 days 00:00:00.226960,64,2.1782134599167304,1.1486883502908207,0.005478914932699695,4,0.507173035255671,5000,PRUNED
437,0.010494147427380085,2026-05-19 09:52:04.127696,2026-05-19 09:52:05.076630,0 days 00:00:00.948934,64,1.0898190298861643,0.26199709458872467,0.008066116001235173,4,0.44108539791627777,3000,PRUNED
438,0.08968013525009155,2026-05-19 09:52:05.084159,2026-05-19 09:52:05.334808,0 days 00:00:00.250649,48,1.2917294052555217,0.5197344590838998,0.009125936478352917,4,0.5580415593555349,3000,PRUNED
439,0.34463760256767273,2026-05-19 09:52:05.342178,2026-05-19 09:52:05.561601,0 days 00:00:00.219423,64,17.931756941204345,0.1490670768612948,0.00020972848227363057,3,0.47649409901876333,4000,PRUNED
440,0.04819193854928017,2026-05-19 09:52:05.570802,2026-05-19 09:52:06.009175,0 days 00:00:00.438373,64,1.649894998305942,0.42084278236703004,0.00697678601960311,4,0.4542998937783405,5000,PRUNED
441,0.001826713909395039,2026-05-19 09:52:06.017377,2026-05-19 09:52:08.527892,0 days 00:00:02.510515,64,1.9027705239304173,0.21108128069420856,0.009948278395607265,4,0.7537694612617798,2000,PRUNED
442,0.015303144231438637,2026-05-19 09:52:08.534942,2026-05-19 09:52:09.379111,0 days 00:00:00.844169,64,1.4687140933990146,0.29524382962151746,0.008566045022270008,4,0.5391071013622686,3000,PRUNED
443,0.09214172512292862,2026-05-19 09:52:09.387124,2026-05-19 09:52:09.607350,0 days 00:00:00.220226,48,2.5409036084692946,0.24191434263357645,0.007577335417749617,4,0.8815344532156776,3000,PRUNED
444,0.1422617882490158,2026-05-19 09:52:09.614003,2026-05-19 09:52:09.809227,0 days 00:00:00.195224,80,11.781701800292469,0.17435529781174472,0.0023866616168077607,3,0.8438712385149925,5000,PRUNED
445,0.12321784347295761,2026-05-19 09:52:09.816558,2026-05-19 09:52:10.035763,0 days 00:00:00.219205,64,1.0005884130654445,0.7983719541275802,0.0006584022592698775,4,0.46691738040344644,4000,PRUNED
446,0.020417945459485054,2026-05-19 09:52:10.042372,2026-05-19 09:52:10.927796,0 days 00:00:00.885424,64,1.1718315555985586,0.005191698018504444,0.00999812496116891,4,0.7287144611189298,3000,PRUNED
447,0.07940742373466492,2026-05-19 09:52:10.934081,2026-05-19 09:52:11.133919,0 days 00:00:00.199838,64,1.3540512919254555,0.34747022518146414,0.008755878976155741,4,0.5749042675962815,5000,PRUNED
448,0.12458918988704681,2026-05-19 09:52:11.140335,2026-05-19 09:52:11.352646,0 days 00:00:00.212311,96,1.6076235046598466,2.6846320523611333,0.0035446574617892432,4,0.6217356221584921,3000,PRUNED
449,0.014815493486821651,2026-05-19 09:52:11.358878,2026-05-19 09:52:12.071124,0 days 00:00:00.712246,64,1.252932122177069,0.2610631053663639,0.0077477535487546585,4,0.5890405051164631,2000,PRUNED
450,0.047742392867803574,2026-05-19 09:52:12.077564,2026-05-19 09:52:12.497854,0 days 00:00:00.420290,64,1.0952549432417609,0.44125942940212637,0.005917532547233523,5,0.43267083970233816,4000,PRUNED
451,0.09641675651073456,2026-05-19 09:52:12.506332,2026-05-19 09:52:12.707097,0 days 00:00:00.200765,112,1.787637337123504,0.3036010438535465,0.00286214903328124,4,0.35981315015976817,5000,PRUNED
452,0.08812066912651062,2026-05-19 09:52:12.715911,2026-05-19 09:52:12.903357,0 days 00:00:00.187446,64,1.4423592186320995,0.6104220665578611,0.0040868160735735275,3,0.44903012362162886,3000,PRUNED
453,0.07787599414587021,2026-05-19 09:52:12.910983,2026-05-19 09:52:13.116525,0 days 00:00:00.205542,80,1.2280019482654423,0.21706320700330928,0.006969478344001967,4,0.4921748325269888,3000,PRUNED
454,0.001407427480444312,2026-05-19 09:52:13.122743,2026-05-19 09:52:16.233299,0 days 00:00:03.110556,64,2.279814850551651,0.3807889577130019,0.009054724938306337,4,0.8600109738226999,4000,PRUNED
455,0.11490169167518616,2026-05-19 09:52:16.240733,2026-05-19 09:52:16.498261,0 days 00:00:00.257528,64,1.9717532487980383,0.1785579410492974,0.004991867081532718,4,0.3213792631503558,3000,PRUNED
456,0.0981433093547821,2026-05-19 09:52:16.505786,2026-05-19 09:52:16.703956,0 days 00:00:00.198170,64,3.7505767469115665,0.25780884306921353,0.0083223689493643,3,0.46856726995180525,5000,PRUNED
457,0.08714880049228668,2026-05-19 09:52:16.712098,2026-05-19 09:52:16.911747,0 days 00:00:00.199649,64,1.342707639713369,0.9663383962146014,0.006351936216817728,4,0.7896966026256469,2000,PRUNED
458,0.10719898343086243,2026-05-19 09:52:16.920009,2026-05-19 09:52:17.131279,0 days 00:00:00.211270,48,1.5552999361259017,0.11812493949452232,0.0074440566481368126,4,0.5576143611299784,3000,PRUNED
459,0.09598272293806076,2026-05-19 09:52:17.139685,2026-05-19 09:52:17.362146,0 days 00:00:00.222461,32,1.142204381172182,1.3673710668043038,0.009001858605918588,4,0.8154458419753401,5000,PRUNED
460,0.08169184625148773,2026-05-19 09:52:17.371269,2026-05-19 09:52:17.609360,0 days 00:00:00.238091,64,1.000870222365363,0.3207088764920198,0.0031312237624912887,4,0.5156803466163478,3000,PRUNED
461,0.05040981248021126,2026-05-19 09:52:17.616545,2026-05-19 09:52:18.007304,0 days 00:00:00.390759,64,1.758230241161607,0.0012544897987182065,0.008133957530706032,3,0.7753596042291868,3000,PRUNED
462,0.0890713483095169,2026-05-19 09:52:18.015793,2026-05-19 09:52:18.262752,0 days 00:00:00.246959,64,1.3215542240864648,0.13559836395764516,0.0019632440430890773,4,0.8977164645721235,3000,PRUNED
463,0.08784592151641846,2026-05-19 09:52:18.269784,2026-05-19 09:52:18.505321,0 days 00:00:00.235537,96,2.099812403460568,0.21411557470564427,0.0099852558319263,4,0.5470253345694007,5000,PRUNED
464,0.07928530871868134,2026-05-19 09:52:18.512206,2026-05-19 09:52:18.745175,0 days 00:00:00.232969,64,1.4560659308530393,0.5033156319267721,0.006906859047356924,4,0.8338478082562262,4000,PRUNED
465,0.0944700688123703,2026-05-19 09:52:18.752975,2026-05-19 09:52:18.980891,0 days 00:00:00.227916,48,1.1040179789054543,0.2833518985258737,0.008052794983650968,4,0.41394819900108626,3000,PRUNED
466,0.08408144861459732,2026-05-19 09:52:18.987254,2026-05-19 09:52:19.211704,0 days 00:00:00.224450,80,1.2040028035924388,0.36314659028576823,0.009199879149674947,4,0.33755182553334256,4000,PRUNED
467,0.08408010005950928,2026-05-19 09:52:19.217840,2026-05-19 09:52:19.479510,0 days 00:00:00.261670,64,1.6647254108333924,0.67489436404013,0.005725115005727524,4,0.48354612754869813,3000,PRUNED
468,0.005536201409995556,2026-05-19 09:52:19.486974,2026-05-19 09:52:20.903157,0 days 00:00:01.416183,64,1.3017131099443067,0.2296743485673086,0.00740752760804231,4,0.4574084706130538,5000,PRUNED
469,0.09763361513614655,2026-05-19 09:52:20.910377,2026-05-19 09:52:21.124188,0 days 00:00:00.213811,64,1.4857764773632782,0.19438917796159283,0.004678279960172389,4,0.5662850909385131,2000,PRUNED
470,0.08883485943078995,2026-05-19 09:52:21.133119,2026-05-19 09:52:21.340892,0 days 00:00:00.207773,64,1.104344001488495,0.43272670941504787,0.0037771668327025304,4,0.8015018281444743,4000,PRUNED
471,0.09143418073654175,2026-05-19 09:52:21.348164,2026-05-19 09:52:21.560695,0 days 00:00:00.212531,64,9.1567361198948,0.15721619463177908,0.008517196573994749,3,0.4979544415914172,3000,PRUNED
472,0.09817832708358765,2026-05-19 09:52:21.568454,2026-05-19 09:52:21.763278,0 days 00:00:00.194824,64,1.8774938664708942,0.27630296885540356,0.006367378122573113,3,0.6027152208388548,5000,PRUNED
473,0.041521843522787094,2026-05-19 09:52:21.770175,2026-05-19 09:52:22.218012,0 days 00:00:00.447837,64,1.2142873114709878,0.3397706689359074,0.007953864134513223,4,0.5330874918635875,1000,PRUNED
474,0.13480298221111298,2026-05-19 09:52:22.224832,2026-05-19 09:52:22.474317,0 days 00:00:00.249485,48,1.5838811570511595,5.57124055991167,0.00916741299062489,4,0.5815528458178946,3000,PRUNED
475,0.08691377192735672,2026-05-19 09:52:22.482535,2026-05-19 09:52:22.689447,0 days 00:00:00.206912,64,1.063364939111249,0.8084414515503978,0.006985979225564637,4,0.4762592153329932,3000,PRUNED
476,0.09269177913665771,2026-05-19 09:52:22.696182,2026-05-19 09:52:22.922088,0 days 00:00:00.225906,64,4.753953398821186,0.24635570334369067,0.005419133712105874,4,0.46246222962682565,3000,PRUNED
477,0.07856712490320206,2026-05-19 09:52:22.928662,2026-05-19 09:52:23.173028,0 days 00:00:00.244366,64,1.3823650570667243,0.5962578415547761,0.009183060744535525,4,0.44003804115004486,5000,PRUNED
478,0.08347368240356445,2026-05-19 09:52:23.180227,2026-05-19 09:52:23.431107,0 days 00:00:00.250880,64,1.756634068260646,0.18882463115080048,0.008411192860077367,4,0.38447024897629073,3000,PRUNED
479,0.08549962937831879,2026-05-19 09:52:23.437981,2026-05-19 09:52:23.651470,0 days 00:00:00.213489,64,1.1988848739239868,1.165676471359709,0.0033874253615845985,4,0.4252858082387547,4000,PRUNED
480,0.08871926367282867,2026-05-19 09:52:23.658007,2026-05-19 09:52:23.896725,0 days 00:00:00.238718,64,2.714094050691349,0.3857299964128068,0.0042952881330256135,5,0.7427540627155751,5000,PRUNED
481,0.04949679225683212,2026-05-19 09:52:23.905059,2026-05-19 09:52:24.272347,0 days 00:00:00.367288,64,2.37694253497619,0.3162490063390591,0.009972632715505553,3,0.6552638062460168,4000,PRUNED
482,0.09099441021680832,2026-05-19 09:52:24.279917,2026-05-19 09:52:24.575934,0 days 00:00:00.296017,96,7.611995077008016,0.23400939835919707,0.007522290752749304,6,0.4510514330205919,3000,PRUNED
483,0.07878267765045166,2026-05-19 09:52:24.584546,2026-05-19 09:52:24.831675,0 days 00:00:00.247129,64,3.4260032103074325,0.2815265566067273,0.008768041029926817,4,0.8714654739958195,4000,PRUNED
484,0.08716097474098206,2026-05-19 09:52:24.840250,2026-05-19 09:52:25.066099,0 days 00:00:00.225849,48,1.3375328422675745,0.48354517678684417,0.006098445644246745,4,0.5918664252167407,3000,PRUNED
485,0.08268550038337708,2026-05-19 09:52:25.073737,2026-05-19 09:52:25.275989,0 days 00:00:00.202252,64,1.5252747058443423,0.20744644078510824,0.007775222833151354,4,0.5684926586562141,3000,PRUNED
486,0.08270511776208878,2026-05-19 09:52:25.283737,2026-05-19 09:52:25.503144,0 days 00:00:00.219407,64,2.0600045845169,0.14689073065458916,0.006735479122261416,4,0.47215598013610666,2000,PRUNED
487,0.049387283623218536,2026-05-19 09:52:25.510404,2026-05-19 09:52:25.942818,0 days 00:00:00.432414,80,1.0690383505090322,0.07737720156274207,0.00922888996991866,4,0.8237656240134296,5000,PRUNED
488,0.04107219725847244,2026-05-19 09:52:25.950297,2026-05-19 09:52:26.399108,0 days 00:00:00.448811,64,1.2450418502132419,0.2936496115463233,0.008396197945469261,4,0.5407704806526408,2000,PRUNED
489,0.096269890666008,2026-05-19 09:52:26.407471,2026-05-19 09:52:26.628518,0 days 00:00:00.221047,64,1.4293082627673068,0.16874013414882597,0.007353527534125326,3,0.5052301434646644,5000,PRUNED
490,0.08154651522636414,2026-05-19 09:52:26.635847,2026-05-19 09:52:26.875555,0 days 00:00:00.239708,64,1.1650928451731986,0.3638148234095672,0.004982112125463033,4,0.8483217387530273,3000,PRUNED
491,0.10293371230363846,2026-05-19 09:52:26.882555,2026-05-19 09:52:27.119886,0 days 00:00:00.237331,112,1.723361555740287,0.24100199717313953,0.009332108676668898,4,0.6159926813541561,3000,PRUNED
492,0.07767698913812637,2026-05-19 09:52:27.126485,2026-05-19 09:52:27.377919,0 days 00:00:00.251434,64,1.5952148601407965,0.5535414708224596,0.008292784071054637,4,0.4435850949620752,3000,PRUNED
493,0.09278631210327148,2026-05-19 09:52:27.384380,2026-05-19 09:52:27.604292,0 days 00:00:00.219912,48,1.0052734799888599,0.436228402831733,0.006658296113245871,4,0.4819090797080806,4000,PRUNED
494,0.10016612708568573,2026-05-19 09:52:27.611377,2026-05-19 09:52:27.811685,0 days 00:00:00.200308,64,1.3412470623210428,0.9706548276302166,0.0025768588802813964,3,0.5580728526175867,3000,PRUNED
495,0.1103881448507309,2026-05-19 09:52:27.818906,2026-05-19 09:52:27.979645,0 days 00:00:00.160739,64,1.1434164447495447,2.121639602565884,0.009977214086305423,2,0.6925683769217387,5000,PRUNED
496,0.12318434566259384,2026-05-19 09:52:27.986779,2026-05-19 09:52:28.220200,0 days 00:00:00.233421,64,68.93632144144874,0.3216512742659281,0.007752308593450676,4,0.3958906665914504,4000,PRUNED
497,0.09951106458902359,2026-05-19 09:52:28.227178,2026-05-19 09:52:28.451895,0 days 00:00:00.224717,80,1.987305046910626,0.6936422028092114,0.00371718714399199,4,0.6410369059677428,5000,PRUNED
498,0.09915287047624588,2026-05-19 09:52:28.458788,2026-05-19 09:52:28.710232,0 days 00:00:00.251444,32,1.4631095452100853,0.2595982427973165,0.008654958696928687,4,0.4609118410004514,3000,PRUNED
499,0.08359017968177795,2026-05-19 09:52:28.716718,2026-05-19 09:52:28.960232,0 days 00:00:00.243514,64,1.2511229793752527,0.18736219497024828,0.005745024135141994,4,0.3660783344800821,3000,PRUNED
500,0.23037303984165192,2026-05-19 09:52:28.967318,2026-05-19 09:52:29.194841,0 days 00:00:00.227523,64,2.2667183128653727,0.22727137623896657,0.00017979972712537019,4,0.577372709169441,3000,PRUNED
501,0.090506412088871,2026-05-19 09:52:29.201750,2026-05-19 09:52:29.395185,0 days 00:00:00.193435,64,1.0011197141660866,0.3860534086142312,0.007180076004193633,3,0.7633246259018907,5000,PRUNED
502,0.16303934156894684,2026-05-19 09:52:29.401476,2026-05-19 09:52:29.611174,0 days 00:00:00.209698,48,1.6118360057933752,0.014096835022972034,0.0017192011789222963,4,0.8093782237579575,4000,PRUNED
503,0.09936552494764328,2026-05-19 09:52:29.617955,2026-05-19 09:52:29.855150,0 days 00:00:00.237195,64,40.50916038523899,0.290234831317138,0.008031604134444596,4,0.4818328994872571,3000,PRUNED
504,0.10036739706993103,2026-05-19 09:52:29.861512,2026-05-19 09:52:30.071189,0 days 00:00:00.209677,96,1.8305562138118554,1.4882664984930973,0.004226165602175485,4,0.5198155701330639,4000,PRUNED
505,0.12723229825496674,2026-05-19 09:52:30.077732,2026-05-19 09:52:30.332493,0 days 00:00:00.254761,64,1.3690839287642493,0.20967062479668955,0.000895492905116575,4,0.4903345787859276,5000,PRUNED
506,0.097294382750988,2026-05-19 09:52:30.339174,2026-05-19 09:52:30.583494,0 days 00:00:00.244320,64,6.69579442218091,9.851557649727672,0.009078469319650336,4,0.7844368600332478,3000,PRUNED
507,4.7852594434516504e-05,2026-05-19 09:52:30.591441,2026-05-19 09:52:45.047721,0 days 00:00:14.456280,64,1.1345167248871162,0.3405685756246826,0.009935742100561574,5,0.45587493658965156,3000,COMPLETE
508,0.01868097297847271,2026-05-19 09:52:45.060590,2026-05-19 09:52:45.984566,0 days 00:00:00.923976,64,1.1042223975809053,0.4581888158955488,0.009144189013855325,5,0.4316982482026241,3000,PRUNED
509,0.015351967886090279,2026-05-19 09:52:45.991359,2026-05-19 09:52:46.900801,0 days 00:00:00.909442,64,1.1542233620161795,0.346925453194154,0.009459358663290137,5,0.45241038699888764,4000,PRUNED
510,0.044515982270240784,2026-05-19 09:52:46.908296,2026-05-19 09:52:47.376121,0 days 00:00:00.467825,64,1.233714702323295,0.5732453479205611,0.0081644319524365,5,0.5528368392387154,5000,PRUNED
511,0.09409686923027039,2026-05-19 09:52:47.383157,2026-05-19 09:52:47.664396,0 days 00:00:00.281239,48,1.0768220323389497,0.7972078661640019,0.005258185307348958,5,0.4426086778122014,1000,PRUNED
512,0.08411191403865814,2026-05-19 09:52:47.671177,2026-05-19 09:52:47.905335,0 days 00:00:00.234158,64,1.2343817614134531,0.41089505774899476,0.0062221801906805225,5,0.7181173556890103,2000,PRUNED
513,0.07859689742326736,2026-05-19 09:52:47.912432,2026-05-19 09:52:48.147473,0 days 00:00:00.235041,64,1.0801074282616192,0.31016734574543453,0.003049094463929874,5,0.31108634405739505,3000,PRUNED
514,0.04021678864955902,2026-05-19 09:52:48.154403,2026-05-19 09:52:48.582610,0 days 00:00:00.428207,64,1.2846513026635389,0.4740298407649599,0.009997942070323812,5,0.41138430919361196,3000,PRUNED
515,0.07889652997255325,2026-05-19 09:52:48.589334,2026-05-19 09:52:48.853986,0 days 00:00:00.264652,80,1.0021829616970008,0.3320092115283775,0.0073704350558359815,5,0.5711535265258889,5000,PRUNED
516,0.0018951613456010818,2026-05-19 09:52:48.861208,2026-05-19 09:52:51.412210,0 days 00:00:02.551002,64,1.1561682714604675,0.2686309195338439,0.008652656672769805,5,0.5941043540853486,3000,PRUNED
517,0.09574189782142639,2026-05-19 09:52:51.419381,2026-05-19 09:52:51.655774,0 days 00:00:00.236393,64,1.3724233784958155,0.11021444977302892,0.004621845897131832,5,0.42771293930061405,5000,PRUNED
518,0.05586479976773262,2026-05-19 09:52:51.662564,2026-05-19 09:52:52.114945,0 days 00:00:00.452381,64,1.1628467531509068,0.3984194550889184,0.003912962770757164,5,0.8317247820625584,4000,PRUNED
519,0.09496870636940002,2026-05-19 09:52:52.121661,2026-05-19 09:52:52.312617,0 days 00:00:00.190956,64,1.3082173270119097,1.0474130414616787,0.006886140401330325,3,0.5288975736861492,3000,PRUNED
520,0.09147365391254425,2026-05-19 09:52:52.319209,2026-05-19 09:52:52.549858,0 days 00:00:00.230649,96,3.051807956042272,0.5231380249915246,0.009437615916842161,5,0.4683747306925097,3000,PRUNED
521,0.09268166124820709,2026-05-19 09:52:52.556364,2026-05-19 09:52:52.750889,0 days 00:00:00.194525,64,1.4554650587629647,0.6983559331569729,0.007903073562295693,3,0.8006183887213049,4000,PRUNED
522,0.15287646651268005,2026-05-19 09:52:52.759550,2026-05-19 09:52:52.936219,0 days 00:00:00.176669,64,1.2269353592131111,0.2555068557619066,0.0007385423693327829,2,0.4557169348214523,5000,PRUNED
523,0.0001465340901631862,2026-05-19 09:52:52.944863,2026-05-19 09:53:14.098276,0 days 00:00:21.153413,48,1.1034091119075522,0.3372556467710956,0.008348876466367018,6,0.8551489175875678,2000,COMPLETE
524,0.044202618300914764,2026-05-19 09:53:14.108822,2026-05-19 09:53:14.477148,0 days 00:00:00.368326,64,1.3215408736148493,0.16615305766193744,0.009235220237567598,3,0.5804202776346309,3000,PRUNED
525,0.0826558843255043,2026-05-19 09:53:14.483956,2026-05-19 09:53:14.761832,0 days 00:00:00.277876,64,1.186140769257187,0.28222710165428333,0.0033960279168745553,5,0.5430737424446038,5000,PRUNED
526,0.0791950523853302,2026-05-19 09:53:14.769018,2026-05-19 09:53:14.978062,0 days 00:00:00.209044,80,1.0037517917034595,0.22412813690622407,0.008671929460385511,3,0.565029946376138,3000,PRUNED
527,0.08958990126848221,2026-05-19 09:53:14.984634,2026-05-19 09:53:15.171044,0 days 00:00:00.186410,64,1.4734639134320389,0.3931267255624345,0.009851051579796629,3,0.44286164191983013,3000,PRUNED
528,0.27425625920295715,2026-05-19 09:53:15.177452,2026-05-19 09:53:15.359617,0 days 00:00:00.182165,64,13.850450672884342,0.19124380260950227,0.0004167291342185104,3,0.4692339462624122,2000,PRUNED
529,0.1092236340045929,2026-05-19 09:53:15.366509,2026-05-19 09:53:15.596488,0 days 00:00:00.229979,64,2.62053602469556,0.1402512437766894,0.0059731366986175965,5,0.4993431292323605,4000,PRUNED
530,0.08943906426429749,2026-05-19 09:53:15.604444,2026-05-19 09:53:15.805998,0 days 00:00:00.201554,64,1.0939576249630356,0.9147317701530183,0.007279637516251508,4,0.35000816780962274,3000,PRUNED
531,0.1044485941529274,2026-05-19 09:53:15.814569,2026-05-19 09:53:16.017591,0 days 00:00:00.203022,96,1.300449494008323,0.5976492663559315,0.0027340999370871915,4,0.8164809339734285,3000,PRUNED
532,0.08984066545963287,2026-05-19 09:53:16.026480,2026-05-19 09:53:16.229863,0 days 00:00:00.203383,64,1.428311456975951,1.2717157008227968,0.009980999565407666,4,0.8401621140033393,5000,PRUNED
533,0.0878148227930069,2026-05-19 09:53:16.237311,2026-05-19 09:53:16.422360,0 days 00:00:00.185049,64,1.2262144504719774,0.29388588837409363,0.006475234266048692,3,0.45997059206591184,4000,PRUNED
534,0.09466763585805893,2026-05-19 09:53:16.430199,2026-05-19 09:53:16.668023,0 days 00:00:00.237824,64,1.5492056626433843,0.22693663777748888,0.0014191385188514192,5,0.5533952332331786,3000,PRUNED
535,0.03987419605255127,2026-05-19 09:53:16.674582,2026-05-19 09:53:17.055824,0 days 00:00:00.381242,64,1.1489761593936714,0.44569130163966886,0.007995042935130026,4,0.5983614656768482,5000,PRUNED
536,0.08930497616529465,2026-05-19 09:53:17.062678,2026-05-19 09:53:17.301997,0 days 00:00:00.239319,128,2.1485678413136307,0.3502943982422587,0.0012072740001210043,4,0.4755595242564065,3000,PRUNED
537,0.08406823128461838,2026-05-19 09:53:17.309436,2026-05-19 09:53:17.555621,0 days 00:00:00.246185,48,1.3657579774934667,0.2703609392009483,0.008701294784548107,4,0.584915673265568,4000,PRUNED
538,0.0895131304860115,2026-05-19 09:53:17.562956,2026-05-19 09:53:17.762595,0 days 00:00:00.199639,64,1.0805209283239023,0.1852394725313543,0.009997347414873556,3,0.4499601991715939,2000,PRUNED
539,0.04644351080060005,2026-05-19 09:53:17.769599,2026-05-19 09:53:18.149388,0 days 00:00:00.379789,64,1.2522285943226787,0.001873338297997379,0.007553319956290086,4,0.3003511472102896,3000,PRUNED
540,0.08232921361923218,2026-05-19 09:53:18.155974,2026-05-19 09:53:18.377208,0 days 00:00:00.221234,64,1.6461944437568377,0.2339349059835912,0.002164601677440134,4,0.669917514915668,5000,PRUNED
541,0.045255906879901886,2026-05-19 09:53:18.383729,2026-05-19 09:53:18.771588,0 days 00:00:00.387859,64,1.4197879223697236,0.3416487040623259,0.006678267945985074,4,0.6080944967720137,3000,PRUNED
542,0.08723718672990799,2026-05-19 09:53:18.778294,2026-05-19 09:53:19.027575,0 days 00:00:00.249281,48,1.1522745271610866,0.5213142216795924,0.005182251098643803,4,0.5123637490229384,5000,PRUNED
543,0.08972951769828796,2026-05-19 09:53:19.034352,2026-05-19 09:53:19.237090,0 days 00:00:00.202738,64,2.496233029710363,0.2944501457710267,0.008598350652514138,3,0.422028321597704,3000,PRUNED
544,0.08229241520166397,2026-05-19 09:53:19.243906,2026-05-19 09:53:19.492120,0 days 00:00:00.248214,64,1.0047116474829811,0.7453378026299796,0.007689093199961589,4,0.7945205920935305,2000,PRUNED
545,0.09647566825151443,2026-05-19 09:53:19.498498,2026-05-19 09:53:19.715411,0 days 00:00:00.216913,64,1.5739342385652728,1.7118710290144734,0.009226738339132304,4,0.37246126782707256,3000,PRUNED
546,0.17194506525993347,2026-05-19 09:53:19.721806,2026-05-19 09:53:19.969894,0 days 00:00:00.248088,64,1.2911841327473053,0.2086898312877305,0.00025751298638965284,5,0.4888909134457736,4000,PRUNED
547,0.08096086978912354,2026-05-19 09:53:19.976516,2026-05-19 09:53:20.199273,0 days 00:00:00.222757,64,1.8089342764951823,0.412463636106316,0.004325176402755679,4,0.3341448191648374,3000,PRUNED
548,0.0875210091471672,2026-05-19 09:53:20.206174,2026-05-19 09:53:20.453979,0 days 00:00:00.247805,80,1.0961754351637607,0.16188164570243196,0.005710333264287377,4,0.43854087607655007,5000,PRUNED
549,0.04232577234506607,2026-05-19 09:53:20.461437,2026-05-19 09:53:20.903060,0 days 00:00:00.441623,48,1.9623189384827997,0.2627234977189867,0.008629999671730611,4,0.5358841471632475,4000,PRUNED
550,0.07801734656095505,2026-05-19 09:53:20.910083,2026-05-19 09:53:21.213610,0 days 00:00:00.303527,96,1.203672422727877,0.3398740633647609,0.007066102808404102,6,0.4034028932090511,3000,PRUNED
551,0.04775382950901985,2026-05-19 09:53:21.219862,2026-05-19 09:53:21.542160,0 days 00:00:00.322298,64,1.4572211814907146,0.21663629616936464,0.0077881828646220825,3,0.5625178620894435,4000,PRUNED
552,0.08797817677259445,2026-05-19 09:53:21.549893,2026-05-19 09:53:21.806774,0 days 00:00:00.256881,64,1.293417491005783,0.4920348981503583,0.003974967790745278,4,0.7727180926875337,5000,PRUNED
553,0.04814266040921211,2026-05-19 09:53:21.813845,2026-05-19 09:53:22.223484,0 days 00:00:00.409639,64,1.0005590798415613,0.25443456220781446,0.004722485377174927,4,0.4686546426481528,3000,PRUNED
554,0.10178373008966446,2026-05-19 09:53:22.230566,2026-05-19 09:53:22.448008,0 days 00:00:00.217442,64,5.500065227517121,0.13515907590977821,0.009176244736739055,4,0.4582341477723658,3000,PRUNED
555,0.10594689846038818,2026-05-19 09:53:22.454790,2026-05-19 09:53:22.676314,0 days 00:00:00.221524,112,1.6773079796872519,0.3127439578636791,0.0031721265625949133,4,0.5762292262908537,5000,PRUNED
556,0.0439118817448616,2026-05-19 09:53:22.682735,2026-05-19 09:53:23.057882,0 days 00:00:00.375147,64,1.3837742375327309,0.1827593529887296,0.009987654216602034,3,0.8745927352110061,3000,PRUNED
557,0.0848526731133461,2026-05-19 09:53:23.064748,2026-05-19 09:53:23.282033,0 days 00:00:00.217285,64,1.155267535400171,0.6345331843160561,0.008209522888732054,4,0.48411265711089374,3000,PRUNED
558,0.0803200900554657,2026-05-19 09:53:23.289330,2026-05-19 09:53:23.514096,0 days 00:00:00.224766,64,1.5186075436308162,0.8793390982315958,0.0035125238103823897,4,0.4351574922841481,5000,PRUNED
559,0.08929262310266495,2026-05-19 09:53:23.521307,2026-05-19 09:53:23.722982,0 days 00:00:00.201675,48,2.1449317214616466,0.2614498575114311,0.006564975364989038,4,0.8322286618295741,3000,PRUNED
560,0.1091635674238205,2026-05-19 09:53:23.729555,2026-05-19 09:53:23.991363,0 days 00:00:00.261808,64,27.395163995911044,0.38819733944264145,0.007168671678565905,5,0.49905059046669087,2000,PRUNED
561,0.09855469316244125,2026-05-19 09:53:23.999279,2026-05-19 09:53:24.222436,0 days 00:00:00.223157,32,1.2553291239723303,1.1789742434182564,0.00869093207652349,4,0.547290908021962,4000,PRUNED
562,0.09743095934391022,2026-05-19 09:53:24.230786,2026-05-19 09:53:24.411853,0 days 00:00:00.181067,80,1.079499602436918,0.3074970309326672,0.006116969045883185,2,0.45002792426881155,3000,PRUNED
563,0.00846039317548275,2026-05-19 09:53:24.420515,2026-05-19 09:53:25.480563,0 days 00:00:01.060048,64,1.3535198605286083,0.21597166128141665,0.008023425998792015,4,0.7400061712557466,5000,PRUNED
564,0.09252563118934631,2026-05-19 09:53:25.488014,2026-05-19 09:53:25.686818,0 days 00:00:00.198804,64,2.3998049080378308,0.45117681495018896,0.009095910291726614,3,0.4728319985355208,3000,PRUNED
565,0.02851029485464096,2026-05-19 09:53:25.694038,2026-05-19 09:53:26.348503,0 days 00:00:00.654465,64,1.6759689493162055,0.3423540894573683,0.007442356612645561,4,0.8201319800980631,5000,PRUNED
566,0.11319184303283691,2026-05-19 09:53:26.355209,2026-05-19 09:53:26.609178,0 days 00:00:00.253969,64,1.925054743645739,0.1663674597760181,0.00522493008997927,4,0.5917220969997805,4000,PRUNED
567,8.271483238786459e-05,2026-05-19 09:53:26.616073,2026-05-19 09:53:44.318519,0 days 00:00:17.702446,64,1.1794456622011764,0.2728357812607288,0.008396427651975619,5,0.5670818423224454,3000,COMPLETE
568,0.1005469486117363,2026-05-19 09:53:44.332723,2026-05-19 09:53:44.613457,0 days 00:00:00.280734,16,1.4748840216622374,0.5984818138498865,0.007815729144309095,5,0.5665459300729133,4000,PRUNED
569,7.551043381681666e-05,2026-05-19 09:53:44.619870,2026-05-19 09:54:03.846184,0 days 00:00:19.226314,64,1.3351189987804002,0.24910415121992838,0.006948248903751404,5,0.5730891423806487,1000,COMPLETE
570,0.04045117646455765,2026-05-19 09:54:03.860453,2026-05-19 09:54:04.361779,0 days 00:00:00.501326,64,1.3444739753354475,0.21429955134187192,0.00632870576009801,5,0.5744688179570775,3000,PRUNED
571,0.05190739408135414,2026-05-19 09:54:04.368126,2026-05-19 09:54:04.862532,0 days 00:00:00.494406,48,1.2257984029634414,0.18913593501996911,0.0070244696614314905,5,0.560879663483758,1000,PRUNED
572,0.0492815300822258,2026-05-19 09:54:04.870882,2026-05-19 09:54:05.343656,0 days 00:00:00.472774,64,1.413230867866519,0.25054736269187944,0.005676234500327117,5,0.586253779265141,1000,PRUNED
573,0.08230319619178772,2026-05-19 09:54:05.352133,2026-05-19 09:54:05.589882,0 days 00:00:00.237749,64,1.531614639502389,0.13646329802755458,0.006966383304111978,5,0.5510037252619074,1000,PRUNED
574,0.04599934443831444,2026-05-19 09:54:05.598384,2026-05-19 09:54:06.095448,0 days 00:00:00.497064,64,1.26677726291675,0.2880033258897402,0.006149831681375723,5,0.5761279536194746,1000,PRUNED
575,0.04725169390439987,2026-05-19 09:54:06.103002,2026-05-19 09:54:06.585433,0 days 00:00:00.482431,64,1.1661054406645246,0.7307620783883453,0.008108431602528858,5,0.5597926881188972,3000,PRUNED
576,0.07714208960533142,2026-05-19 09:54:06.594655,2026-05-19 09:54:06.848624,0 days 00:00:00.253969,96,1.4323649880249005,0.09920953471340468,0.00690096319561436,5,0.5867562549398562,1000,PRUNED
577,0.010346939787268639,2026-05-19 09:54:06.856358,2026-05-19 09:54:08.052765,0 days 00:00:01.196407,64,1.2934201982860727,0.2343203174733909,0.007413819978837671,5,0.5705815312970324,3000,PRUNED
578,0.00011219320731470361,2026-05-19 09:54:08.060436,2026-05-19 09:54:21.151768,0 days 00:00:13.091332,64,1.174516241822108,0.16045803467035022,0.008465794398585826,4,0.5504373147377825,1000,COMPLETE
579,0.08592952787876129,2026-05-19 09:54:21.166895,2026-05-19 09:54:21.383129,0 days 00:00:00.216234,64,1.5637637368156112,1.0208579028388276,0.006523755529892227,4,0.5975989903030042,3000,PRUNED
580,0.08928485959768295,2026-05-19 09:54:21.389745,2026-05-19 09:54:21.620059,0 days 00:00:00.230314,80,1.4286600365439432,0.19884691956650716,0.007777890967252417,4,0.5581273523013526,3000,PRUNED
581,0.07909788936376572,2026-05-19 09:54:21.627007,2026-05-19 09:54:21.841958,0 days 00:00:00.214951,64,1.309975059839296,0.37704155480116436,0.009318507379357285,4,0.538416989810396,3000,PRUNED
582,0.09713964909315109,2026-05-19 09:54:21.848954,2026-05-19 09:54:22.060860,0 days 00:00:00.211906,64,8.516869813292947,0.28560137610559894,0.009206497733913568,4,0.5766364883859714,3000,PRUNED
583,0.01118389330804348,2026-05-19 09:54:22.067722,2026-05-19 09:54:22.954726,0 days 00:00:00.887004,64,1.172710949643005,0.5226763068106107,0.00854681682636819,4,0.566321894100311,3000,PRUNED
584,0.09663984179496765,2026-05-19 09:54:22.962616,2026-05-19 09:54:23.201636,0 days 00:00:00.239020,48,1.5995591076257114,0.2423900946556169,0.005758760015432816,5,0.7551855696585237,3000,PRUNED
585,0.08707412332296371,2026-05-19 09:54:23.209179,2026-05-19 09:54:23.466749,0 days 00:00:00.257570,64,1.3256662767814291,0.4146187543363386,0.0016356812850705394,4,0.5260983745807816,1000,PRUNED
586,0.08862969279289246,2026-05-19 09:54:23.473378,2026-05-19 09:54:23.691551,0 days 00:00:00.218173,64,1.0910301133214384,0.8224085282946598,0.009972734223118321,4,0.6026146084932277,3000,PRUNED
587,0.07758400589227676,2026-05-19 09:54:23.700387,2026-05-19 09:54:23.944753,0 days 00:00:00.244366,48,1.2266650279688305,0.18334923795329605,0.007828258846008348,4,0.5418246821795367,3000,PRUNED
588,0.18287518620491028,2026-05-19 09:54:23.952658,2026-05-19 09:54:24.168402,0 days 00:00:00.215744,64,1.399462029943027,0.32156455396963934,0.00013437598713921504,4,0.5800012883477461,5000,PRUNED
589,0.04247226193547249,2026-05-19 09:54:24.175565,2026-05-19 09:54:24.528831,0 days 00:00:00.353266,64,1.5347772814883298,0.2457972715561728,0.0068556694311976175,4,0.6102043252241391,3000,PRUNED
590,0.03976767510175705,2026-05-19 09:54:24.536009,2026-05-19 09:54:24.895280,0 days 00:00:00.359271,64,1.118696996858488,0.11981603573974126,0.008540754560536809,4,0.5631942693810087,3000,PRUNED
591,0.09088853001594543,2026-05-19 09:54:24.903260,2026-05-19 09:54:25.084145,0 days 00:00:00.180885,64,1.2531192677124938,0.36851638538369313,0.007604083020630444,3,0.5496066291962349,5000,PRUNED
592,0.07802939414978027,2026-05-19 09:54:25.091844,2026-05-19 09:54:25.327720,0 days 00:00:00.235876,80,1.7051070865497386,0.29521060011068273,0.009162584040636107,5,0.5869330350824952,3000,PRUNED
593,0.043582867830991745,2026-05-19 09:54:25.336640,2026-05-19 09:54:25.786737,0 days 00:00:00.450097,64,1.409038163244445,0.21775522419328466,0.006559069015841785,4,0.5681679627756628,3000,PRUNED
594,0.04146420210599899,2026-05-19 09:54:25.794829,2026-05-19 09:54:26.217405,0 days 00:00:00.422576,64,1.0825528740562387,0.4462318516899347,0.008354107475328314,4,0.8875012588491562,5000,PRUNED
595,0.08417410403490067,2026-05-19 09:54:26.226877,2026-05-19 09:54:26.481600,0 days 00:00:00.254723,64,1.2108165101196262,0.2682687672231416,0.007214611391472124,4,0.5834209637450282,3000,PRUNED
596,0.10512998700141907,2026-05-19 09:54:26.489661,2026-05-19 09:54:26.704835,0 days 00:00:00.215174,96,1.3177035585611703,0.6143075717820186,0.00539207078665587,4,0.5325913048025518,3000,PRUNED
597,0.10349901020526886,2026-05-19 09:54:26.713300,2026-05-19 09:54:26.974069,0 days 00:00:00.260769,48,1.6730460263481137,0.16149135648645602,0.0023621205806377333,5,0.38752779706608176,5000,PRUNED
598,0.0038306936621665955,2026-05-19 09:54:26.982339,2026-05-19 09:54:28.900952,0 days 00:00:01.918613,64,1.501440088218971,0.20240286313842112,0.009325714752621473,4,0.624053799228198,5000,PRUNED
599,0.08984707295894623,2026-05-19 09:54:28.907659,2026-05-19 09:54:29.092730,0 days 00:00:00.185071,64,1.164244594390856,0.34438149208156354,0.009989655089036042,3,0.5115788544039622,3000,PRUNED
600,0.07850223034620285,2026-05-19 09:54:29.099066,2026-05-19 09:54:29.311958,0 days 00:00:00.212892,64,1.0771990376617127,0.3022633609340399,0.006228788858998919,4,0.7640433302397392,3000,PRUNED
601,0.12285230308771133,2026-05-19 09:54:29.319622,2026-05-19 09:54:29.537547,0 days 00:00:00.217925,64,1.0009610484489708,0.24248924009219602,0.0010223713486224853,4,0.5558771115917754,4000,PRUNED
602,0.09044335782527924,2026-05-19 09:54:29.544430,2026-05-19 09:54:29.784432,0 days 00:00:00.240002,64,1.3394018281497966,1.2642223395585217,0.008394079063687908,4,0.5743637668495749,3000,PRUNED
603,0.1009783148765564,2026-05-19 09:54:29.790897,2026-05-19 09:54:29.974994,0 days 00:00:00.184097,80,3.3239516712592323,0.5047596077941608,0.0074390603311639235,3,0.5948495289788764,3000,PRUNED
604,0.08033393323421478,2026-05-19 09:54:29.981448,2026-05-19 09:54:30.187486,0 days 00:00:00.206038,64,1.5362066013689244,1.0105467962268149,0.008850247571334778,4,0.7270945915154822,4000,PRUNED
605,0.09443170577287674,2026-05-19 09:54:30.193878,2026-05-19 09:54:30.376874,0 days 00:00:00.182996,64,1.7940462239192252,0.1886646483121937,0.008002059700713018,3,0.4951266051212326,4000,PRUNED
606,0.08123979717493057,2026-05-19 09:54:30.383312,2026-05-19 09:54:30.601642,0 days 00:00:00.218330,48,1.2783098581096461,0.38835948535708203,0.009179882962029737,4,0.48209267201792055,5000,PRUNED
607,0.09757522493600845,2026-05-19 09:54:30.607944,2026-05-19 09:54:30.822556,0 days 00:00:00.214612,64,10.286174295078828,0.26729461936492327,0.007205045206377833,4,0.3251578900977625,3000,PRUNED
608,0.0860261619091034,2026-05-19 09:54:30.829141,2026-05-19 09:54:31.034433,0 days 00:00:00.205292,64,1.1795797371618537,0.6902691670256644,0.006053379991412935,4,0.549008335398181,3000,PRUNED
609,0.12088149040937424,2026-05-19 09:54:31.040988,2026-05-19 09:54:31.254338,0 days 00:00:00.213350,64,1.3636423526356252,3.3818980115245636,0.008013398821119257,4,0.7801138436613,5000,PRUNED
610,0.09433004260063171,2026-05-19 09:54:31.260745,2026-05-19 09:54:31.472225,0 days 00:00:00.211480,64,1.4691265392434312,0.21183598424829944,0.0018373091784332695,4,0.5235735040386058,3000,PRUNED
611,0.044482067227363586,2026-05-19 09:54:31.478893,2026-05-19 09:54:31.938806,0 days 00:00:00.459913,64,1.1021402550989818,0.3306433964262895,0.00872129285106298,5,0.5888135313039655,5000,PRUNED
612,0.08212722837924957,2026-05-19 09:54:31.948210,2026-05-19 09:54:32.202638,0 days 00:00:00.254428,64,1.6392386442346774,0.16076214260605026,0.006766315896667569,4,0.5684549147808619,3000,PRUNED
613,0.0393434539437294,2026-05-19 09:54:32.209861,2026-05-19 09:54:32.620361,0 days 00:00:00.410500,64,1.2301245448848885,0.4547451145766563,0.009275802181184782,4,0.7001388257351595,3000,PRUNED
614,0.09637048840522766,2026-05-19 09:54:32.627166,2026-05-19 09:54:32.808508,0 days 00:00:00.181342,96,1.3801821553236309,0.8212704864675265,0.007962182594796708,3,0.46163857512714834,1000,PRUNED
615,0.08433205634355545,2026-05-19 09:54:32.815046,2026-05-19 09:54:33.018375,0 days 00:00:00.203329,64,1.2349431603898022,0.2379663460074288,0.004891488951441317,4,0.47425547788271744,5000,PRUNED
616,0.09169040620326996,2026-05-19 09:54:33.025336,2026-05-19 09:54:33.286832,0 days 00:00:00.261496,48,3.8663544325836248,0.3035959102531041,0.009862855755553008,5,0.34736352405340315,3000,PRUNED
617,0.10150552541017532,2026-05-19 09:54:33.295511,2026-05-19 09:54:33.531870,0 days 00:00:00.236359,64,1.0794955602890965,0.003675198230277278,0.007407683155884018,4,0.5572348221393865,4000,PRUNED
618,0.10551726073026657,2026-05-19 09:54:33.540208,2026-05-19 09:54:33.765283,0 days 00:00:00.225075,32,1.5176833483311927,0.1345075781163881,0.009955910239680585,4,0.5425015814843969,3000,PRUNED
619,0.10206036269664764,2026-05-19 09:54:33.773468,2026-05-19 09:54:34.003637,0 days 00:00:00.230169,112,1.1640726915648587,0.5569698285371062,0.008490075191076498,4,0.6059999861364784,4000,PRUNED
620,0.08613207936286926,2026-05-19 09:54:34.012157,2026-05-19 09:54:34.200237,0 days 00:00:00.188080,64,1.0010823682415158,0.38901975099975256,0.005410980931291781,3,0.41629271373640253,5000,PRUNED
621,0.08692197501659393,2026-05-19 09:54:34.207307,2026-05-19 09:54:34.431952,0 days 00:00:00.224645,80,1.8371226196444437,0.25954173364471744,0.006571374296827065,4,0.48939517636266217,3000,PRUNED
622,0.07991631329059601,2026-05-19 09:54:34.439182,2026-05-19 09:54:34.683019,0 days 00:00:00.243837,64,5.1085630473525,1.5224954883158508,0.00747413493487545,4,0.5833395566379559,3000,PRUNED
623,0.0030298226047307253,2026-05-19 09:54:34.690409,2026-05-19 09:54:36.604969,0 days 00:00:01.914560,64,1.342292764885231,0.18659203320252954,0.008727524906292122,4,0.3623746587777745,3000,PRUNED
624,0.07768341153860092,2026-05-19 09:54:36.612268,2026-05-19 09:54:36.898940,0 days 00:00:00.286672,128,1.5924319718096713,0.31572453135289663,0.005722822711265993,6,0.5041285394691544,5000,PRUNED
625,0.00783995259553194,2026-05-19 09:54:36.905983,2026-05-19 09:54:38.108215,0 days 00:00:01.202232,64,1.4340754256035866,0.22495338265238027,0.008017464485821564,4,0.5716878879915835,3000,PRUNED
626,0.08891279250383377,2026-05-19 09:54:38.116445,2026-05-19 09:54:38.319174,0 days 00:00:00.202729,64,1.153889979050381,0.36285738807956186,0.009990610603274726,3,0.463007389838642,5000,PRUNED
627,0.014578687027096748,2026-05-19 09:54:38.326544,2026-05-19 09:54:39.162823,0 days 00:00:00.836279,64,1.2777720281167968,0.2853823519080288,0.008980320206435851,4,0.7489302328744653,4000,PRUNED
628,0.1824037879705429,2026-05-19 09:54:39.171535,2026-05-19 09:54:39.414346,0 days 00:00:00.242811,48,1.7400873089972684,0.2046126501133737,0.00015954152534032075,5,0.44653997269315326,3000,PRUNED
629,0.09908315539360046,2026-05-19 09:54:39.421208,2026-05-19 09:54:39.623660,0 days 00:00:00.202452,64,17.4776487489506,0.46959355868556485,0.006968321682247111,4,0.42987888476197395,3000,PRUNED
630,0.060439299792051315,2026-05-19 09:54:39.631757,2026-05-19 09:54:40.018302,0 days 00:00:00.386545,64,1.0733123948833694,0.6669794954331091,0.0028787827733336812,4,0.4805362539632091,5000,PRUNED
631,0.015076455660164356,2026-05-19 09:54:40.025243,2026-05-19 09:54:40.824149,0 days 00:00:00.798906,64,1.266521267072062,0.16154081023209924,0.008312059745931667,4,0.5607832989493502,4000,PRUNED
632,0.09525450319051743,2026-05-19 09:54:40.831399,2026-05-19 09:54:41.038550,0 days 00:00:00.207151,64,1.3792513961381687,0.891730039635624,0.006108577940634198,3,0.46889870665977634,3000,PRUNED
633,0.10031171888113022,2026-05-19 09:54:41.045190,2026-05-19 09:54:41.274987,0 days 00:00:00.229797,96,1.4961506469202455,0.25526934602509394,0.009150100875184312,4,0.5781696570430924,3000,PRUNED
634,0.07985548675060272,2026-05-19 09:54:41.281801,2026-05-19 09:54:41.486972,0 days 00:00:00.205171,64,1.1681030961767056,0.3686136951920429,0.007605228677490668,4,0.5355296389380118,5000,PRUNED
635,0.08571767807006836,2026-05-19 09:54:41.494138,2026-05-19 09:54:41.740401,0 days 00:00:00.246263,64,2.8967576278300338,0.22241880013847523,0.006922176164858525,4,0.5903023053432626,4000,PRUNED
636,9.607309038983658e-05,2026-05-19 09:54:41.750666,2026-05-19 09:54:55.898220,0 days 00:00:14.147554,64,1.6721563787723472,0.2754461393635055,0.00826024011549512,4,0.5482736422800887,3000,COMPLETE
637,0.07925895601511002,2026-05-19 09:54:55.911341,2026-05-19 09:54:56.124308,0 days 00:00:00.212967,64,1.9218446773476652,0.17404610529058578,0.008399778903679257,4,0.5216255077578517,3000,PRUNED
638,0.07878783345222473,2026-05-19 09:54:56.130747,2026-05-19 09:54:56.346912,0 days 00:00:00.216165,64,4.34030040898906,0.2798900986732745,0.00906026372034647,4,0.5504112452634957,3000,PRUNED
639,0.08261755108833313,2026-05-19 09:54:56.353745,2026-05-19 09:54:56.580376,0 days 00:00:00.226631,80,1.7197866672100528,0.20638270248515386,0.007823018062632912,4,0.5330546211691565,3000,PRUNED
640,0.04193967580795288,2026-05-19 09:54:56.586954,2026-05-19 09:54:56.972327,0 days 00:00:00.385373,48,1.6588335882633507,0.24761420626219627,0.00907967452055824,4,0.5413115061877257,3000,PRUNED
641,0.08375850319862366,2026-05-19 09:54:56.978813,2026-05-19 09:54:57.188782,0 days 00:00:00.209969,64,1.5892796792769375,1.0645113357578873,0.008358915490583652,4,0.5095400624904126,3000,PRUNED
642,0.07730266451835632,2026-05-19 09:54:57.195238,2026-05-19 09:54:57.401656,0 days 00:00:00.206418,64,1.9137187246048049,0.14034900713614493,0.009342819340182171,4,0.4574601004376353,3000,PRUNED
643,0.01748066581785679,2026-05-19 09:54:57.408200,2026-05-19 09:54:58.084804,0 days 00:00:00.676604,64,1.79828349146644,0.3312774658832787,0.0079559107950517,4,0.5430871236650548,3000,PRUNED
644,0.08347538858652115,2026-05-19 09:54:58.091955,2026-05-19 09:54:58.297021,0 days 00:00:00.205066,48,2.0511319014749665,0.19750553583442948,0.00999097854418826,4,0.3783877012688614,3000,PRUNED
645,0.07711057364940643,2026-05-19 09:54:58.303553,2026-05-19 09:54:58.514894,0 days 00:00:00.211341,64,1.6205390530388317,0.27672361124676687,0.00855035712296593,4,0.5212098260967437,3000,PRUNED
646,0.08512312918901443,2026-05-19 09:54:58.522017,2026-05-19 09:54:58.747938,0 days 00:00:00.225921,64,1.4919837991470999,0.7431235057185264,0.007442434469322622,4,0.5607372544721388,3000,PRUNED
647,0.08116382360458374,2026-05-19 09:54:58.754768,2026-05-19 09:54:58.980386,0 days 00:00:00.225618,64,1.7638344523141258,0.5825166920654218,0.009961388709406816,4,0.4953861723837566,3000,PRUNED
648,0.0950639545917511,2026-05-19 09:54:58.987416,2026-05-19 09:54:59.243322,0 days 00:00:00.255906,96,1.4448066208885322,0.4192592187842818,0.00864325664590139,4,0.44188374832890037,3000,PRUNED
649,0.04203372076153755,2026-05-19 09:54:59.250725,2026-05-19 09:54:59.659488,0 days 00:00:00.408763,64,1.6004010508279647,0.22753317141196827,0.00788525798787351,5,0.4759186687718933,3000,PRUNED
650,0.004371336195617914,2026-05-19 09:54:59.665866,2026-05-19 09:55:01.639307,0 days 00:00:01.973441,64,1.8920994737482575,0.30760510357214443,0.009091876716629806,4,0.8686045800263514,1000,PRUNED
651,0.11690406501293182,2026-05-19 09:55:01.645769,2026-05-19 09:55:01.847851,0 days 00:00:00.202082,64,21.809864149501234,0.008336890005897978,0.007433549725391482,4,0.5519908032114526,3000,PRUNED
652,0.013896701857447624,2026-05-19 09:55:01.854272,2026-05-19 09:55:02.665925,0 days 00:00:00.811653,64,1.4509928360530804,0.18376757972171565,0.00854892211310809,4,0.44881992177344987,3000,PRUNED
653,0.09609632939100266,2026-05-19 09:55:02.673013,2026-05-19 09:55:02.841279,0 days 00:00:00.168266,64,1.71750853785006,0.12190413682072315,0.004436055401688987,2,0.7140684480400237,5000,PRUNED
654,0.08312048017978668,2026-05-19 09:55:02.847692,2026-05-19 09:55:03.101102,0 days 00:00:00.253410,80,1.3367030818271275,0.2466050832012896,0.002079236850915798,4,0.7690802937399589,5000,PRUNED
655,0.10552600771188736,2026-05-19 09:55:03.107956,2026-05-19 09:55:03.343219,0 days 00:00:00.235263,48,2.1090451565259074,1.3262492871414808,0.009198606183483341,4,0.48776734555273393,3000,PRUNED
656,0.04077358543872833,2026-05-19 09:55:03.350230,2026-05-19 09:55:03.796925,0 days 00:00:00.446695,64,1.5870641768623859,0.3384612318560866,0.008129627669581533,4,0.5287750511350193,3000,PRUNED
657,0.04201202467083931,2026-05-19 09:55:03.803310,2026-05-19 09:55:04.307308,0 days 00:00:00.503998,64,1.347162189552668,0.4778414808329109,0.007257825967671441,5,0.4059147847119483,3000,PRUNED
658,0.10496364533901215,2026-05-19 09:55:04.314202,2026-05-19 09:55:04.589287,0 days 00:00:00.275085,96,1.2474174410237284,0.2684046767092089,0.009162229048075036,5,0.46983528582706896,5000,PRUNED
659,0.09044526517391205,2026-05-19 09:55:04.596001,2026-05-19 09:55:04.835115,0 days 00:00:00.239114,64,1.5167235309203753,0.16000332282545257,0.007882431897782788,4,0.45805639077134985,3000,PRUNED
660,0.08502186834812164,2026-05-19 09:55:04.841961,2026-05-19 09:55:05.054404,0 days 00:00:00.212443,64,1.3988802645103695,0.39612614658239803,0.009952172479115942,4,0.7878673144251475,3000,PRUNED
661,0.04004717618227005,2026-05-19 09:55:05.063297,2026-05-19 09:55:05.491520,0 days 00:00:00.428223,64,1.7490378324320424,0.21924002655931138,0.008397218453581374,4,0.31562798540031467,1000,PRUNED
662,0.09739828109741211,2026-05-19 09:55:05.498590,2026-05-19 09:55:05.747112,0 days 00:00:00.248522,64,12.877873770818692,0.31202034240962084,0.006745779132735505,4,0.566792696140062,5000,PRUNED
663,0.08272969722747803,2026-05-19 09:55:05.755746,2026-05-19 09:55:05.998128,0 days 00:00:00.242382,64,5.832742211206614,0.5486280873612052,0.009228173709912631,4,0.5468873222406364,3000,PRUNED
664,0.09830939769744873,2026-05-19 09:55:06.006339,2026-05-19 09:55:06.250318,0 days 00:00:00.243979,32,1.2229716441825595,0.04513998842459835,0.0075949931841975665,4,0.433975149880731,3000,PRUNED
665,0.08523080497980118,2026-05-19 09:55:06.257318,2026-05-19 09:55:06.488874,0 days 00:00:00.231556,64,1.0786167369554784,0.923874578966656,0.00861920095786021,4,0.6337256660193511,5000,PRUNED
666,0.026324186474084854,2026-05-19 09:55:06.496527,2026-05-19 09:55:07.203806,0 days 00:00:00.707279,48,1.3643194615666674,0.1846623656381333,0.009954430335734317,5,0.7377789353260826,3000,PRUNED
667,0.027985503897070885,2026-05-19 09:55:07.210629,2026-05-19 09:55:07.862800,0 days 00:00:00.652171,64,1.5211499966687614,0.2615778643795985,0.007085474822558681,4,0.5364856990881293,3000,PRUNED
668,0.08704277873039246,2026-05-19 09:55:07.870067,2026-05-19 09:55:08.093810,0 days 00:00:00.223743,64,1.1655970722434785,0.09078911775975554,0.004078450169924461,4,0.8578001371587862,5000,PRUNED
669,0.08913470804691315,2026-05-19 09:55:08.100415,2026-05-19 09:55:08.322340,0 days 00:00:00.221925,80,1.9816998246590594,0.3726823236449936,0.008136091560890187,4,0.4820719636251254,3000,PRUNED
670,0.09744779020547867,2026-05-19 09:55:08.329010,2026-05-19 09:55:08.568016,0 days 00:00:00.239006,112,1.2793907517744227,0.21553726821031993,0.00864667842743242,4,0.5648131452757587,3000,PRUNED
671,0.16729344427585602,2026-05-19 09:55:08.576013,2026-05-19 09:55:08.779846,0 days 00:00:00.203833,64,1.6724748119059123,0.7699194161260953,0.00011907043436703814,4,0.4999680308741163,5000,PRUNED
672,0.08326814323663712,2026-05-19 09:55:08.787655,2026-05-19 09:55:09.003989,0 days 00:00:00.216334,64,1.4342051343505942,0.29833414425890903,0.0025320883337225848,4,0.46342676964824564,3000,PRUNED
673,0.09959454089403152,2026-05-19 09:55:09.013303,2026-05-19 09:55:09.228318,0 days 00:00:00.215015,64,7.094380040260114,0.14987786201515438,0.007738164727311319,4,0.8967851560376876,3000,PRUNED
674,0.009019019082188606,2026-05-19 09:55:09.235906,2026-05-19 09:55:10.495975,0 days 00:00:01.260069,64,2.221278111658979,0.24604598794553317,0.009170299753844266,4,0.6833510216790271,5000,PRUNED
675,0.05098162591457367,2026-05-19 09:55:10.503518,2026-05-19 09:55:10.917801,0 days 00:00:00.414283,64,1.8507884956103926,0.4609043788948557,0.007158240400948071,4,0.5562490181012374,3000,PRUNED
676,0.08109935373067856,2026-05-19 09:55:10.924994,2026-05-19 09:55:11.142341,0 days 00:00:00.217347,64,1.1120297900175617,0.3425556348489561,0.009972849484315816,4,0.42319766963316724,3000,PRUNED
677,0.08472021669149399,2026-05-19 09:55:11.149149,2026-05-19 09:55:11.384907,0 days 00:00:00.235758,48,1.2773198453417998,0.19322232066889183,0.00653683449886062,4,0.448476958203637,3000,PRUNED
678,0.08824814856052399,2026-05-19 09:55:11.391467,2026-05-19 09:55:11.663452,0 days 00:00:00.271985,64,1.0079040910335937,0.6317448467237184,0.004594847238525674,5,0.3956982948368196,3000,PRUNED
679,0.08569756150245667,2026-05-19 09:55:11.670223,2026-05-19 09:55:11.921463,0 days 00:00:00.251240,64,1.5445526413084016,0.30408787330339115,0.0032165026060826814,4,0.3396548202742362,5000,PRUNED
680,0.11740288138389587,2026-05-19 09:55:11.928345,2026-05-19 09:55:12.157083,0 days 00:00:00.228738,64,1.1967936954733458,1.1210422307710688,0.000809095479892508,4,0.5143081990066312,3000,PRUNED
681,0.08050644397735596,2026-05-19 09:55:12.164881,2026-05-19 09:55:12.377027,0 days 00:00:00.212146,64,1.4031108102374557,0.24474257979228808,0.008326108694317347,4,0.5997791685852001,3000,PRUNED
682,0.08774516731500626,2026-05-19 09:55:12.386216,2026-05-19 09:55:12.631161,0 days 00:00:00.244945,64,1.6623539157511373,1.903167280332589,0.009129023710722198,5,0.5718312914809001,5000,PRUNED
683,0.09813623130321503,2026-05-19 09:55:12.638736,2026-05-19 09:55:12.853599,0 days 00:00:00.214863,80,1.3139627787192198,0.4109160883711331,0.003798886204593295,4,0.45833910605917993,3000,PRUNED
684,0.04019303619861603,2026-05-19 09:55:12.861887,2026-05-19 09:55:13.287262,0 days 00:00:00.425375,64,1.0872385909091766,0.2841678066274117,0.007707835401313642,4,0.47464841763401694,3000,PRUNED
685,0.24553534388542175,2026-05-19 09:55:13.296668,2026-05-19 09:55:13.460314,0 days 00:00:00.163646,64,48.130107805386466,0.2125052789484073,0.00837070534439697,2,0.369431911746521,5000,PRUNED
686,0.08650301396846771,2026-05-19 09:55:13.468444,2026-05-19 09:55:13.720435,0 days 00:00:00.251991,48,1.5084483198142862,0.5262317662415662,0.009986762583794719,4,0.5477457039278848,3000,PRUNED
687,0.044681232422590256,2026-05-19 09:55:13.728424,2026-05-19 09:55:14.133195,0 days 00:00:00.404771,64,1.1862993760105958,0.3438458759142377,0.006905873190097201,4,0.5792281867401134,5000,PRUNED
688,0.0858234167098999,2026-05-19 09:55:14.141178,2026-05-19 09:55:14.391638,0 days 00:00:00.250460,64,1.8048176360132122,0.16063854757879156,0.0027174732020556285,4,0.7569427158860864,3000,PRUNED
689,0.3101799786090851,2026-05-19 09:55:14.401398,2026-05-19 09:55:14.606926,0 days 00:00:00.205528,96,39.04855780873016,0.23738543556088817,0.0005504485363565338,4,0.48524153998647324,3000,PRUNED
690,0.0052839769050478935,2026-05-19 09:55:14.615889,2026-05-19 09:55:16.871328,0 days 00:00:02.255439,64,1.3186359187506214,0.1800797005832267,0.00907303220569528,4,0.5335086509195165,1000,PRUNED
691,0.04176013916730881,2026-05-19 09:55:16.881024,2026-05-19 09:55:17.328017,0 days 00:00:00.446993,64,2.0121133289447863,0.2768225124955556,0.007510236974232683,4,0.43691910321285254,5000,PRUNED
692,0.0869138240814209,2026-05-19 09:55:17.336822,2026-05-19 09:55:17.569641,0 days 00:00:00.232819,64,1.0948055272276431,0.11041944653171747,0.005046282493683737,4,0.5567915464871408,3000,PRUNED
693,0.10360746830701828,2026-05-19 09:55:17.579385,2026-05-19 09:55:17.834104,0 days 00:00:00.254719,16,1.4075004059659677,0.39275762989482965,0.008209278314650124,4,0.8027745052780868,3000,PRUNED
694,0.04021573066711426,2026-05-19 09:55:17.843936,2026-05-19 09:55:18.395798,0 days 00:00:00.551862,64,1.598202180517189,0.8618010642422468,0.009021870276052937,6,0.6201414788465808,3000,PRUNED
695,0.08392185717821121,2026-05-19 09:55:18.404372,2026-05-19 09:55:18.615123,0 days 00:00:00.210751,64,2.350080576680937,0.22007498180319054,0.006330268254659206,4,0.7804558808022608,5000,PRUNED
696,0.08092115074396133,2026-05-19 09:55:18.623169,2026-05-19 09:55:18.845079,0 days 00:00:00.221910,64,1.2823619337460732,0.45666555369241957,0.007401103833769671,4,0.47129268133682384,3000,PRUNED
697,0.002380852587521076,2026-05-19 09:55:18.853464,2026-05-19 09:55:21.250537,0 days 00:00:02.397073,64,1.1613676148222496,0.30604644757201716,0.00833500450784202,5,0.8496215149484708,3000,PRUNED
698,0.1252676397562027,2026-05-19 09:55:21.257698,2026-05-19 09:55:21.479428,0 days 00:00:00.221730,48,1.4806493858638752,0.6813467947456582,0.001339193754730895,4,0.44852267896069814,5000,PRUNED
699,0.09472877532243729,2026-05-19 09:55:21.486867,2026-05-19 09:55:21.722347,0 days 00:00:00.235480,64,1.2479580410796192,0.2616473081289392,0.0034831769222523072,4,0.3552800826396505,1000,PRUNED
700,0.07727612555027008,2026-05-19 09:55:21.729304,2026-05-19 09:55:21.992189,0 days 00:00:00.262885,80,1.0620550216173021,0.19505955331593244,0.00999636621629771,5,0.4964988414241204,3000,PRUNED
701,0.014256926253437996,2026-05-19 09:55:21.999764,2026-05-19 09:55:22.802764,0 days 00:00:00.803000,64,1.779920697912051,0.3223035483740958,0.009028606442421275,4,0.4643310080597147,3000,PRUNED
702,0.10652556270360947,2026-05-19 09:55:22.810415,2026-05-19 09:55:23.024400,0 days 00:00:00.213985,64,1.6144850231677987,0.13651290419249607,0.0077706167826197825,4,0.519014039516947,5000,PRUNED
703,0.05615641549229622,2026-05-19 09:55:23.031075,2026-05-19 09:55:23.412469,0 days 00:00:00.381394,48,1.3742555074777167,0.3779948871561246,0.006717417082422049,4,0.6612953312561127,3000,PRUNED
704,0.008531429804861546,2026-05-19 09:55:23.420577,2026-05-19 09:55:24.284741,0 days 00:00:00.864164,64,1.0085676020557874,0.23331345444305765,0.009125254506990923,4,0.8828573380071306,3000,PRUNED
705,0.08512642979621887,2026-05-19 09:55:24.291790,2026-05-19 09:55:24.514354,0 days 00:00:00.222564,96,2.6971703026443103,0.5578104296883392,0.008165807682944863,4,0.5678401781711369,5000,PRUNED
706,0.08996613323688507,2026-05-19 09:55:24.522753,2026-05-19 09:55:24.738186,0 days 00:00:00.215433,64,1.1640517305027083,0.9969061295813758,0.007306652336286397,4,0.41112277909920397,3000,PRUNED
707,0.0865364819765091,2026-05-19 09:55:24.744923,2026-05-19 09:55:24.991008,0 days 00:00:00.246085,64,1.4770139002428289,0.1696951906368795,0.005892079660010076,4,0.5855253616405216,5000,PRUNED
708,0.0901944637298584,2026-05-19 09:55:24.997940,2026-05-19 09:55:25.223595,0 days 00:00:00.225655,80,1.9412791565742693,0.27495367784118885,0.008609666293343506,4,0.5417749720550002,3000,PRUNED
709,0.08164077252149582,2026-05-19 09:55:25.230770,2026-05-19 09:55:25.486039,0 days 00:00:00.255269,64,1.2434158719310322,0.3599747091825109,0.002252166564714389,4,0.4550182873005634,3000,PRUNED
710,0.0869734063744545,2026-05-19 09:55:25.493210,2026-05-19 09:55:25.737466,0 days 00:00:00.244256,48,1.3565413722339585,0.4678794801565911,0.0030006764229162553,5,0.4840529299486305,3000,PRUNED
711,0.08741174638271332,2026-05-19 09:55:25.745921,2026-05-19 09:55:25.971914,0 days 00:00:00.225993,64,1.665765669873294,1.5235787307097852,0.004151275791940326,4,0.4297833793290847,5000,PRUNED
712,0.044064078480005264,2026-05-19 09:55:25.979290,2026-05-19 09:55:26.372711,0 days 00:00:00.393421,64,1.1526441053669918,0.2132289189202009,0.00913849657997303,4,0.5067785262969062,3000,PRUNED
713,0.0808175578713417,2026-05-19 09:55:26.379888,2026-05-19 09:55:26.618763,0 days 00:00:00.238875,64,2.16916969559717,0.7539063219061418,0.007850357268612223,4,0.5740744147323091,3000,PRUNED
714,0.03174544870853424,2026-05-19 09:55:26.627597,2026-05-19 09:55:27.241533,0 days 00:00:00.613936,64,1.471661049562369,0.3245562183453614,0.006878112510361683,4,0.5573566895639924,5000,PRUNED
715,0.053907137364149094,2026-05-19 09:55:27.249490,2026-05-19 09:55:27.723101,0 days 00:00:00.473611,64,1.2638750038953164,0.25645579556168674,0.004635415230747785,5,0.6112849064670727,3000,PRUNED
716,0.014136160723865032,2026-05-19 09:55:27.730237,2026-05-19 09:55:28.537222,0 days 00:00:00.806985,64,1.0685565282248402,0.18682080706711468,0.008383161985132982,4,0.5287083646657812,4000,PRUNED
717,0.08156289905309677,2026-05-19 09:55:28.545170,2026-05-19 09:55:28.760656,0 days 00:00:00.215486,64,1.7651931372099194,0.4205017193935845,0.009069538239407704,4,0.4696389997526249,3000,PRUNED
718,0.04255228862166405,2026-05-19 09:55:28.767221,2026-05-19 09:55:29.148702,0 days 00:00:00.381481,64,1.387213828992734,0.28433531065598333,0.00646035108825489,4,0.5943204831428098,3000,PRUNED
719,0.09217008203268051,2026-05-19 09:55:29.155996,2026-05-19 09:55:29.369655,0 days 00:00:00.213659,64,1.1924469041886787,1.182003476360108,0.007343700894378826,4,0.44261089345630744,4000,PRUNED
720,0.17539329826831818,2026-05-19 09:55:29.377212,2026-05-19 09:55:29.591002,0 days 00:00:00.213790,64,1.5786214551317648,0.1443863033496891,0.00044195451160345333,4,0.5598553213398832,5000,PRUNED
721,0.13043290376663208,2026-05-19 09:55:29.597777,2026-05-19 09:55:29.834716,0 days 00:00:00.236939,48,1.0073970576385696,0.5868189404723242,0.0006476345037255332,4,0.49326173150112906,1000,PRUNED
722,0.08124624937772751,2026-05-19 09:55:29.842296,2026-05-19 09:55:30.017466,0 days 00:00:00.175170,128,1.3326724183922976,0.22718617587658055,0.008027486361526504,2,0.544761866791035,3000,PRUNED
723,0.08537698537111282,2026-05-19 09:55:30.025014,2026-05-19 09:55:30.259294,0 days 00:00:00.234280,64,1.1210654230302695,0.3151708103484533,0.009936766538117871,4,0.4209437763048539,3000,PRUNED
724,0.10787487030029297,2026-05-19 09:55:30.267522,2026-05-19 09:55:30.482633,0 days 00:00:00.215111,32,1.5507828404223631,0.24186190042545422,0.009995821740907835,4,0.7924419075844009,3000,PRUNED
725,0.002982333768159151,2026-05-19 09:55:30.491393,2026-05-19 09:55:32.419868,0 days 00:00:01.928475,64,1.250988891282332,0.17899772703547662,0.008586758996215266,4,0.5769124749612666,5000,PRUNED
726,0.08400290459394455,2026-05-19 09:55:32.427269,2026-05-19 09:55:32.667526,0 days 00:00:00.240257,96,1.8647366426919352,0.37686526111043583,0.007498893591881903,4,0.46051738267382364,3000,PRUNED
727,0.09180596470832825,2026-05-19 09:55:32.674753,2026-05-19 09:55:32.918098,0 days 00:00:00.243345,64,3.1169365528382182,0.2753972357227619,0.005308795987008959,5,0.7702974812650171,4000,PRUNED
728,0.1722356528043747,2026-05-19 09:55:32.924691,2026-05-19 09:55:33.157279,0 days 00:00:00.232588,64,1.422656091029538,0.19886389502012683,0.00032838354033373215,4,0.47471107690255065,5000,PRUNED
729,0.08036558330059052,2026-05-19 09:55:33.164907,2026-05-19 09:55:33.395783,0 days 00:00:00.230876,64,1.1612649677197262,0.8535191258594128,0.00916345407216629,4,0.3949114157760801,3000,PRUNED
730,0.09073727577924728,2026-05-19 09:55:33.402893,2026-05-19 09:55:33.624696,0 days 00:00:00.221803,80,1.0021281920593108,0.5333322282259134,0.008010709518512097,4,0.5535194429282562,5000,PRUNED
731,0.05571746081113815,2026-05-19 09:55:33.631180,2026-05-19 09:55:34.014455,0 days 00:00:00.383275,64,3.648381376727126,0.3420858576461773,0.006403910826379815,4,0.4501720130890677,3000,PRUNED
732,0.03194617107510567,2026-05-19 09:55:34.021496,2026-05-19 09:55:34.579752,0 days 00:00:00.558256,64,1.9963524084953603,0.43014692917045777,0.00705573423724699,4,0.8110992007441856,3000,PRUNED
733,0.08456538617610931,2026-05-19 09:55:34.586748,2026-05-19 09:55:34.810301,0 days 00:00:00.223553,64,1.6912981776545026,0.6412506657025138,0.0036142686441827995,4,0.5950217275118682,2000,PRUNED
734,0.04472348093986511,2026-05-19 09:55:34.817087,2026-05-19 09:55:35.201615,0 days 00:00:00.384528,48,1.284531836639881,0.22941284383152372,0.009188416918406325,4,0.3246366954039474,4000,PRUNED
735,0.009209586307406425,2026-05-19 09:55:35.208291,2026-05-19 09:55:36.096729,0 days 00:00:00.888438,64,1.4718373664358781,0.2814492831960295,0.008644258177924491,4,0.8397475706319661,5000,PRUNED
736,0.039563391357660294,2026-05-19 09:55:36.105415,2026-05-19 09:55:36.540630,0 days 00:00:00.435215,64,1.1264915461434568,0.16236219055711157,0.007961916778317188,5,0.5666108845541964,3000,PRUNED
737,0.09550432115793228,2026-05-19 09:55:36.549280,2026-05-19 09:55:36.808858,0 days 00:00:00.259578,64,9.571088978873066,0.11915241135969665,0.005993925126185727,6,0.4798550298151922,3000,PRUNED
738,0.04286958649754524,2026-05-19 09:55:36.817116,2026-05-19 09:55:37.211640,0 days 00:00:00.394524,64,1.3415494901739913,0.34921412711372135,0.007214781437656808,4,0.5239367227627405,3000,PRUNED
739,0.0771358534693718,2026-05-19 09:55:37.220570,2026-05-19 09:55:37.434908,0 days 00:00:00.214338,48,2.296585873226341,0.0010491313825496307,0.00928069377263103,4,0.5079909747162603,5000,PRUNED
740,0.07879173755645752,2026-05-19 09:55:37.442963,2026-05-19 09:55:37.700652,0 days 00:00:00.257689,64,1.6235166430057046,0.2048326565467233,0.00488564323746813,5,0.5830150930242206,4000,PRUNED
741,0.09503620117902756,2026-05-19 09:55:37.708543,2026-05-19 09:55:37.932149,0 days 00:00:00.223606,96,1.2663851891222833,0.27016274820467057,0.008442700448799273,4,0.4408719985128936,3000,PRUNED
742,0.08206095546483994,2026-05-19 09:55:37.939213,2026-05-19 09:55:38.160159,0 days 00:00:00.220946,64,1.4521935491391926,0.4466239766183938,0.009961359406453367,4,0.5403446120821757,3000,PRUNED
743,0.08348812162876129,2026-05-19 09:55:38.167633,2026-05-19 09:55:38.390242,0 days 00:00:00.222609,64,1.0814363957849575,0.23579698884741052,0.00561475667860855,4,0.7479521021354215,3000,PRUNED
744,0.09115798771381378,2026-05-19 09:55:38.396688,2026-05-19 09:55:38.641100,0 days 00:00:00.244412,64,7.7719648639416485,0.6967603232435514,0.00790229294916833,4,0.46483855723415163,2000,PRUNED
745,0.08649703860282898,2026-05-19 09:55:38.647808,2026-05-19 09:55:38.838430,0 days 00:00:00.190622,64,1.1991978249664295,0.30664355652671704,0.0066792549180596655,3,0.5689756415191577,5000,PRUNED
746,0.0916614904999733,2026-05-19 09:55:38.845746,2026-05-19 09:55:39.058417,0 days 00:00:00.212671,80,1.8158542541105793,0.5037986693225566,0.008564840283327695,4,0.37889127461013516,4000,PRUNED
747,0.08465860038995743,2026-05-19 09:55:39.066070,2026-05-19 09:55:39.278267,0 days 00:00:00.212197,64,1.5434162623285372,0.9488524090516179,0.004305731837630637,4,0.7290372915575093,5000,PRUNED
748,0.08378611505031586,2026-05-19 09:55:39.285077,2026-05-19 09:55:39.493093,0 days 00:00:00.208016,64,1.3849489921371123,0.17336570632988701,0.007487741754660306,4,0.48869801558090614,3000,PRUNED
749,0.0396932028234005,2026-05-19 09:55:39.499528,2026-05-19 09:55:39.934535,0 days 00:00:00.435007,64,1.190079402242756,0.3733442608719849,0.009028039167094189,5,0.6042386545917094,3000,PRUNED
750,0.09964769333600998,2026-05-19 09:55:39.941117,2026-05-19 09:55:40.169456,0 days 00:00:00.228339,64,2.0685596550256022,0.22108503118303235,0.003275482247486951,4,0.45666277737718963,3000,PRUNED
751,0.08692418783903122,2026-05-19 09:55:40.176712,2026-05-19 09:55:40.421277,0 days 00:00:00.244565,48,2.462965361342432,1.185490635714396,0.009253317240086118,4,0.8625488071063715,3000,PRUNED
752,0.04573466256260872,2026-05-19 09:55:40.428516,2026-05-19 09:55:40.810811,0 days 00:00:00.382295,64,1.084502412091468,0.2659980504664863,0.006959004955958777,4,0.5491247385950492,5000,PRUNED
753,0.10246006399393082,2026-05-19 09:55:40.817961,2026-05-19 09:55:41.024235,0 days 00:00:00.206274,112,1.6342604668883491,0.32957236468118095,0.0016242811082127504,3,0.8270585362310893,3000,PRUNED
754,0.09298662841320038,2026-05-19 09:55:41.031163,2026-05-19 09:55:41.247811,0 days 00:00:00.216648,64,14.988877514557453,0.1539473780328782,0.00820802569907362,4,0.4746327290734759,4000,PRUNED
755,0.1311861127614975,2026-05-19 09:55:41.255095,2026-05-19 09:55:41.474307,0 days 00:00:00.219212,64,58.51999016631074,0.19596466180750033,0.0076777554583137494,4,0.43099009447480596,5000,PRUNED
756,0.0814855620265007,2026-05-19 09:55:41.481187,2026-05-19 09:55:41.690288,0 days 00:00:00.209101,64,1.3324942985515136,0.24725929451540798,0.0019867411365133538,4,0.5320448484315978,3000,PRUNED
757,0.09293458610773087,2026-05-19 09:55:41.696905,2026-05-19 09:55:41.890588,0 days 00:00:00.193683,64,1.2501030026397009,0.3008964866692984,0.003943637456117403,3,0.5787568673702927,3000,PRUNED
758,0.08443941920995712,2026-05-19 09:55:41.898382,2026-05-19 09:55:42.152570,0 days 00:00:00.254188,48,1.7828126222554135,0.7503514085217574,0.006225016301211699,5,0.563112247158463,3000,PRUNED
759,0.07778831571340561,2026-05-19 09:55:42.159527,2026-05-19 09:55:42.410863,0 days 00:00:00.251336,64,1.4501779110132256,0.39986535624726105,0.008606336545603182,4,0.33380626476421266,4000,PRUNED
760,0.07813713699579239,2026-05-19 09:55:42.418062,2026-05-19 09:55:42.642525,0 days 00:00:00.224463,64,1.0847645335167444,0.21589535467675555,0.00918159123740592,4,0.44987928718306475,5000,PRUNED
761,0.08590347319841385,2026-05-19 09:55:42.651293,2026-05-19 09:55:42.866176,0 days 00:00:00.214883,80,4.127647477677953,0.4804219347887256,0.00997566988841998,4,0.5033928711618941,1000,PRUNED
762,0.22718839347362518,2026-05-19 09:55:42.875239,2026-05-19 09:55:43.086913,0 days 00:00:00.211674,32,6.3254492723777025,0.13668893413741245,0.00024827802248485523,4,0.5872347480931648,3000,PRUNED
763,0.0002187767531722784,2026-05-19 09:55:43.095044,2026-05-19 09:55:52.564344,0 days 00:00:09.469300,64,1.1969700547010949,0.26796703388050336,0.007218877639955047,4,0.46701297050330787,3000,COMPLETE
764,0.04188074171543121,2026-05-19 09:55:52.580576,2026-05-19 09:55:52.993983,0 days 00:00:00.413407,64,1.5697235796019782,0.6096041224144451,0.008073655650156083,4,0.7959782801667987,5000,PRUNED
765,0.08406047523021698,2026-05-19 09:55:53.002597,2026-05-19 09:55:53.224842,0 days 00:00:00.222245,64,1.0044836082869468,0.33474304669891325,0.005146014947277578,3,0.35293277324504163,2000,PRUNED
766,0.09047111123800278,2026-05-19 09:55:53.233675,2026-05-19 09:55:53.495531,0 days 00:00:00.261856,96,1.3433577563483268,0.1996284540579058,0.008671515584642004,4,0.551753121275953,3000,PRUNED
767,0.028728501871228218,2026-05-19 09:55:53.501973,2026-05-19 09:55:54.055190,0 days 00:00:00.553217,64,1.1497338807171897,0.24709303548781994,0.006712166242540764,4,0.49144651838754694,3000,PRUNED
768,0.08110643178224564,2026-05-19 09:55:54.061699,2026-05-19 09:55:54.288797,0 days 00:00:00.227098,64,1.9087998022143167,0.41072919029300514,0.007716990154865347,5,0.5165014859599726,3000,PRUNED
769,0.0401730053126812,2026-05-19 09:55:54.295280,2026-05-19 09:55:54.676926,0 days 00:00:00.381646,64,1.673713758994534,0.3037048934157759,0.009227966191948695,4,0.5666509635801871,5000,PRUNED
770,0.08153947442770004,2026-05-19 09:55:54.683506,2026-05-19 09:55:54.908643,0 days 00:00:00.225137,64,1.4845783388052964,0.011494599557640943,0.0027663976517332315,4,0.44351724765050127,5000,PRUNED
771,0.004274432081729174,2026-05-19 09:55:54.915515,2026-05-19 09:55:56.787721,0 days 00:00:01.872206,64,1.2996041343144702,0.17656798191076967,0.00849169264647925,4,0.45661518744842533,3000,PRUNED
772,0.10293330252170563,2026-05-19 09:55:56.796780,2026-05-19 09:55:57.025339,0 days 00:00:00.228559,80,1.223823839290344,1.3322577419650936,0.005934473648383243,4,0.4157528575402929,4000,PRUNED
773,0.030117236077785492,2026-05-19 09:55:57.032872,2026-05-19 09:55:57.733990,0 days 00:00:00.701118,48,1.397722287616026,0.23020819687360516,0.009972245749161196,5,0.48152752779607516,3000,PRUNED
774,0.08322446048259735,2026-05-19 09:55:57.743208,2026-05-19 09:55:57.967857,0 days 00:00:00.224649,64,2.1592644243406465,0.9642315315259063,0.007286176944910049,4,0.8766216135318894,3000,PRUNED
775,0.07742027193307877,2026-05-19 09:55:57.975993,2026-05-19 09:55:58.218153,0 days 00:00:00.242160,64,1.144874897503487,0.36150636286012,0.007913514161684945,4,0.707471850631034,5000,PRUNED
776,0.0912778228521347,2026-05-19 09:55:58.225818,2026-05-19 09:55:58.429466,0 days 00:00:00.203648,64,1.7552149990940615,0.07482698897715927,0.009208187406160556,3,0.7606571046568503,4000,PRUNED
777,0.08071490377187729,2026-05-19 09:55:58.436259,2026-05-19 09:55:58.734059,0 days 00:00:00.297800,64,1.5248988938333217,0.509960425139668,0.0037212455442778973,6,0.5959352749843839,3000,PRUNED
778,0.02866269461810589,2026-05-19 09:55:58.742570,2026-05-19 09:55:59.321739,0 days 00:00:00.579169,64,1.2955860430015265,0.2834402599700208,0.006673769106325552,4,0.5430150537798986,3000,PRUNED
779,0.09493061155080795,2026-05-19 09:55:59.330285,2026-05-19 09:55:59.561631,0 days 00:00:00.231346,48,1.0003957914993749,0.023278140463095686,0.00244878091023521,4,0.5790767105952701,5000,PRUNED
780,0.0546078197658062,2026-05-19 09:55:59.569010,2026-05-19 09:55:59.996650,0 days 00:00:00.427640,96,4.58586268902847,0.15265976871162676,0.008531596336526448,4,0.8095451506464817,3000,PRUNED
781,0.10672008991241455,2026-05-19 09:56:00.005293,2026-05-19 09:56:00.249538,0 days 00:00:00.244245,64,1.0933237590227263,0.10250105646866692,0.004649563934339271,4,0.7792628497837392,2000,PRUNED
782,0.00293631199747324,2026-05-19 09:56:00.256533,2026-05-19 09:56:02.360121,0 days 00:00:02.103588,64,1.41369599473756,0.20125290926375455,0.007552117795745825,5,0.38508926141036554,1000,PRUNED
783,0.09401270747184753,2026-05-19 09:56:02.367615,2026-05-19 09:56:02.553212,0 days 00:00:00.185597,64,1.9254769257354807,0.8290005514721969,0.008459343484544487,3,0.47485422260062204,3000,PRUNED
784,0.09922777116298676,2026-05-19 09:56:02.559794,2026-05-19 09:56:02.724556,0 days 00:00:00.164762,80,1.22339867024023,0.3120040423823647,0.0054869823102134665,2,0.5596008103845093,3000,PRUNED
785,0.003584491554647684,2026-05-19 09:56:02.730898,2026-05-19 09:56:04.878240,0 days 00:00:02.147342,64,1.673054317208195,0.24631609818865294,0.00923170034818071,4,0.5315311965431655,5000,PRUNED
786,0.08208366483449936,2026-05-19 09:56:04.885440,2026-05-19 09:56:05.107379,0 days 00:00:00.221939,64,1.370757802102092,0.4254862705153764,0.009955790286561086,4,0.43774167883074233,4000,PRUNED
787,0.10060441493988037,2026-05-19 09:56:05.113885,2026-05-19 09:56:05.378374,0 days 00:00:00.264489,64,11.744947513590528,0.6557919714919994,0.007957100060940015,4,0.8493441783656166,3000,PRUNED
788,0.09836981445550919,2026-05-19 09:56:05.385093,2026-05-19 09:56:05.614966,0 days 00:00:00.229873,64,2.8611845886766614,0.3637700991294622,0.007020638905070723,3,0.6164463026802238,5000,PRUNED
789,0.04405602812767029,2026-05-19 09:56:05.622026,2026-05-19 09:56:05.988181,0 days 00:00:00.366155,64,1.5455358034831428,0.2804561862514178,0.006310734305123608,4,0.46661585701918035,3000,PRUNED
790,5.096614404465072e-05,2026-05-19 09:56:05.994647,2026-05-19 09:56:22.949157,0 days 00:00:16.954510,48,1.1007930235614043,0.1910236194649656,0.009228687771218057,4,0.36609260350483397,3000,COMPLETE
791,0.08261003345251083,2026-05-19 09:56:22.960231,2026-05-19 09:56:23.190771,0 days 00:00:00.230540,48,1.081024733362306,0.12203881160977921,0.009958865355866757,4,0.35279732507444506,3000,PRUNED
792,0.0002807928540278226,2026-05-19 09:56:23.198053,2026-05-19 09:56:32.259280,0 days 00:00:09.061227,64,1.0765044154024328,0.1829220782243547,0.009027618690747297,4,0.39800500210249073,3000,COMPLETE
793,0.0010308377677574754,2026-05-19 09:56:32.271923,2026-05-19 09:56:38.722576,0 days 00:00:06.450653,64,1.1502724455966835,0.15031236919130506,0.009333416211221973,4,0.3624350150465422,3000,PRUNED
794,0.09567064791917801,2026-05-19 09:56:38.730404,2026-05-19 09:56:38.956802,0 days 00:00:00.226398,64,1.0048782354512222,0.17725558810486483,0.003069340348196464,4,0.37002774439649216,3000,PRUNED
795,0.07893247157335281,2026-05-19 09:56:38.963545,2026-05-19 09:56:39.222892,0 days 00:00:00.259347,64,1.1410098810965899,0.20722922643674319,0.008420854128271728,4,0.3414474729872801,3000,PRUNED
796,0.07790827751159668,2026-05-19 09:56:39.230137,2026-05-19 09:56:39.470699,0 days 00:00:00.240562,64,1.1647630937631757,0.232091641279263,0.009152160287242524,4,0.3637108480183223,3000,PRUNED
797,0.18340818583965302,2026-05-19 09:56:39.479798,2026-05-19 09:56:39.702378,0 days 00:00:00.222580,64,88.71680542238323,0.13665404907537304,0.008545725649136091,4,0.34736314711267935,3000,PRUNED
798,0.0006924202316440642,2026-05-19 09:56:39.711065,2026-05-19 09:56:46.233048,0 days 00:00:06.521983,64,1.2304257143603146,0.16716674140717788,0.009148975202689487,4,0.33532044914194375,3000,PRUNED
799,0.07912226766347885,2026-05-19 09:56:46.239946,2026-05-19 09:56:46.494654,0 days 00:00:00.254708,48,1.0859976773920712,0.22234115107504607,0.007966205040917055,4,0.3512001349459176,3000,PRUNED
800,0.04220651462674141,2026-05-19 09:56:46.501505,2026-05-19 09:56:46.884149,0 days 00:00:00.382644,64,1.0066311990075862,0.1780155524313704,0.009291517592114515,4,0.3726236410165023,3000,PRUNED
801,0.09276958554983139,2026-05-19 09:56:46.891930,2026-05-19 09:56:47.116268,0 days 00:00:00.224338,96,1.2698513803113047,0.24829261269097574,0.008386401263102274,4,0.3579705573685986,3000,PRUNED
802,0.07938667386770248,2026-05-19 09:56:47.123538,2026-05-19 09:56:47.353890,0 days 00:00:00.230352,64,1.2512207611490462,0.19399903273788932,0.009981230598107342,4,0.32624906283843086,3000,PRUNED
803,0.08219511061906815,2026-05-19 09:56:47.361014,2026-05-19 09:56:47.610102,0 days 00:00:00.249088,64,1.1051823335901758,0.26733937645888994,0.007619684737812407,4,0.35730732854947783,3000,PRUNED
804,0.08214647322893143,2026-05-19 09:56:47.617008,2026-05-19 09:56:47.851594,0 days 00:00:00.234586,64,1.1830471239026927,0.21284845093425167,0.009998445366434135,4,0.34022200835142047,3000,PRUNED
805,0.04071762412786484,2026-05-19 09:56:47.859482,2026-05-19 09:56:48.286438,0 days 00:00:00.426956,64,1.2571895676094607,0.1482368776076561,0.00862270824225628,4,0.36428166840158704,3000,PRUNED
806,0.08703206479549408,2026-05-19 09:56:48.293343,2026-05-19 09:56:48.539318,0 days 00:00:00.245975,48,1.0022431428033456,0.29899891544022844,0.00783364510613266,4,0.3719518458170613,3000,PRUNED
807,0.08808661252260208,2026-05-19 09:56:48.546740,2026-05-19 09:56:48.772353,0 days 00:00:00.225613,80,1.109883961790142,0.2616688587317293,0.0033901732047732923,4,0.4963653661821084,3000,PRUNED
808,0.0002016730431932956,2026-05-19 09:56:48.780155,2026-05-19 09:57:03.517518,0 days 00:00:14.737363,64,1.3515399158548298,0.21056668209235344,0.008733482624653371,4,0.45466208682429865,5000,COMPLETE
809,0.07724256813526154,2026-05-19 09:57:03.528538,2026-05-19 09:57:03.784179,0 days 00:00:00.255641,64,1.3087081672817005,0.3162550410702547,0.009975182286785171,4,0.4259212579822065,3000,PRUNED
810,0.03982962667942047,2026-05-19 09:57:03.791010,2026-05-19 09:57:04.278713,0 days 00:00:00.487703,64,1.183083605265601,0.16881487351936403,0.008013620535005317,5,0.3899458811570594,5000,PRUNED
811,0.027172045782208443,2026-05-19 09:57:04.286795,2026-05-19 09:57:04.885233,0 days 00:00:00.598438,64,1.4066378815940246,0.23798181559965342,0.007300981553218525,4,0.4651213737122118,3000,PRUNED
812,0.07885050773620605,2026-05-19 09:57:04.892246,2026-05-19 09:57:05.133265,0 days 00:00:00.241019,64,1.0943832466728962,0.26508442316982866,0.009143613964453253,4,0.8210995061494502,3000,PRUNED
813,0.040353596210479736,2026-05-19 09:57:05.140417,2026-05-19 09:57:05.541941,0 days 00:00:00.401524,64,1.2207459654625943,0.1232338607943095,0.00844022995192491,4,0.4852718368524254,5000,PRUNED
814,0.09859099984169006,2026-05-19 09:57:05.548785,2026-05-19 09:57:05.767650,0 days 00:00:00.218865,16,2.636225470640748,1.6868436059318832,0.009166093371700337,4,0.5135523949073484,3000,PRUNED
815,0.03971458971500397,2026-05-19 09:57:05.774174,2026-05-19 09:57:06.204233,0 days 00:00:00.430059,48,1.3440053387116502,0.21016381411441126,0.007938766205902694,4,0.839405889149094,1000,PRUNED
816,0.09808230400085449,2026-05-19 09:57:06.211977,2026-05-19 09:57:06.496756,0 days 00:00:00.284779,112,1.0962583267882422,0.3203820503418741,0.007202239270213196,5,0.4475317961653098,3000,PRUNED
817,0.07787413150072098,2026-05-19 09:57:06.504186,2026-05-19 09:57:06.758001,0 days 00:00:00.253815,64,2.3279958744989298,0.19580869629178224,0.008569152684000532,4,0.3798620248314581,3000,PRUNED
818,0.08051465451717377,2026-05-19 09:57:06.764792,2026-05-19 09:57:07.006041,0 days 00:00:00.241249,64,1.0024664225207292,0.24584307237065217,0.0018088926722101806,4,0.5390797118248586,5000,PRUNED
819,0.08118782937526703,2026-05-19 09:57:07.013331,2026-05-19 09:57:07.245295,0 days 00:00:00.231964,64,1.4903574001081275,1.0882215789599134,0.009122389371251741,4,0.34237630800748603,3000,PRUNED
820,0.10384351760149002,2026-05-19 09:57:07.253465,2026-05-19 09:57:07.468118,0 days 00:00:00.214653,64,1.1765413511119798,0.3561034589576932,0.0012763828495802824,4,0.4771333652786944,3000,PRUNED
821,0.10246571898460388,2026-05-19 09:57:07.475673,2026-05-19 09:57:07.718310,0 days 00:00:00.242637,96,1.3075502058122852,0.29562865735878535,0.00771136050631451,5,0.553805642008777,3000,PRUNED
822,0.04535101354122162,2026-05-19 09:57:07.726771,2026-05-19 09:57:08.117522,0 days 00:00:00.390751,64,3.3048529828324624,0.16403358955730613,0.009987131029178017,4,0.736752368069788,5000,PRUNED
823,0.15649160742759705,2026-05-19 09:57:08.125319,2026-05-19 09:57:08.346939,0 days 00:00:00.221620,64,1.4524821595185067,0.2332553536367432,0.0004907984325192898,4,0.4568066135859341,3000,PRUNED
824,0.0874233990907669,2026-05-19 09:57:08.356113,2026-05-19 09:57:08.582148,0 days 00:00:00.226035,80,1.2109010506630844,0.28101060064176026,0.008407256157316495,4,0.5234856833211924,2000,PRUNED
825,0.08430604636669159,2026-05-19 09:57:08.590175,2026-05-19 09:57:08.811561,0 days 00:00:00.221386,64,2.071253220815054,0.191260089600239,0.0071416246319255805,4,0.7872146360677273,3000,PRUNED
826,0.08548911660909653,2026-05-19 09:57:08.820249,2026-05-19 09:57:09.078664,0 days 00:00:00.258415,80,1.3250002549631792,0.357622754267251,0.009146998384931432,4,0.4860638745532331,5000,PRUNED
827,0.07782856374979019,2026-05-19 09:57:09.087341,2026-05-19 09:57:09.352274,0 days 00:00:00.264933,64,1.08445609809356,0.14568453600891093,0.00782293511804242,4,0.46872396650403136,3000,PRUNED
828,0.09560242295265198,2026-05-19 09:57:09.361433,2026-05-19 09:57:09.570213,0 days 00:00:00.208780,64,1.5587229106570477,0.2399730708159601,0.003813487892951662,4,0.5037095189616783,3000,PRUNED
829,0.040545426309108734,2026-05-19 09:57:09.578310,2026-05-19 09:57:09.953294,0 days 00:00:00.374984,64,1.1795978017647757,0.3006074520093264,0.008370103845149239,4,0.4404587002382497,2000,PRUNED
830,0.10935913026332855,2026-05-19 09:57:09.961466,2026-05-19 09:57:10.169308,0 days 00:00:00.207842,32,1.4515819188313706,0.2030816733792934,0.009355260295241653,4,0.5393530412353996,5000,PRUNED
831,0.16429397463798523,2026-05-19 09:57:10.177264,2026-05-19 09:57:10.411337,0 days 00:00:00.234073,48,5.001611422526155,0.372914827248662,0.0014971896860084704,4,0.31609848135506213,3000,PRUNED
832,0.039247091859579086,2026-05-19 09:57:10.418388,2026-05-19 09:57:10.792386,0 days 00:00:00.373998,64,1.3105776486390859,0.2669958210884176,0.007530869630709798,4,0.5502002539329008,3000,PRUNED
833,0.1308896541595459,2026-05-19 09:57:10.800463,2026-05-19 09:57:11.041691,0 days 00:00:00.241228,96,1.809506417852768,6.660863191274697,0.00037953956271034634,5,0.4076903335561014,3000,PRUNED
834,0.09524278342723846,2026-05-19 09:57:11.048054,2026-05-19 09:57:11.290402,0 days 00:00:00.242348,64,8.621781199820578,0.21963711391298976,0.006750733510157705,4,0.43318370051342314,5000,PRUNED
835,0.00037254064227454364,2026-05-19 09:57:11.298002,2026-05-19 09:57:22.965524,0 days 00:00:11.667522,64,1.0983979896718592,0.1656796464630738,0.008594578701771242,4,0.8684727699031501,3000,COMPLETE
836,0.07890474051237106,2026-05-19 09:57:22.976403,2026-05-19 09:57:23.199195,0 days 00:00:00.222792,64,1.2395272558651989,0.00563935039057806,0.002974082150921155,4,0.7179520082079971,3000,PRUNED
837,0.09563031047582626,2026-05-19 09:57:23.206266,2026-05-19 09:57:23.427930,0 days 00:00:00.221664,64,1.6905770516349738,0.42175899803559547,0.009375001168114799,2,0.8052185698172792,5000,PRUNED
838,0.025549478828907013,2026-05-19 09:57:23.435713,2026-05-19 09:57:24.089318,0 days 00:00:00.653605,48,1.3752267089741672,0.3116144719602982,0.009975138802694784,4,0.38392979071947747,3000,PRUNED
839,0.03907162696123123,2026-05-19 09:57:24.095965,2026-05-19 09:57:24.502726,0 days 00:00:00.406761,64,1.0825864060379675,0.11405455751083274,0.007979446619003969,4,0.46334316153198063,5000,PRUNED
840,0.10269881784915924,2026-05-19 09:57:24.509377,2026-05-19 09:57:24.749671,0 days 00:00:00.240294,128,1.003898398773844,1.087283117691066,0.0071638297777365705,4,0.7750591274692914,3000,PRUNED
841,0.04165762662887573,2026-05-19 09:57:24.756676,2026-05-19 09:57:25.195385,0 days 00:00:00.438709,64,1.5772419392581714,0.1812360730600965,0.008575662685156485,4,0.4787475127657788,3000,PRUNED
842,0.08563410490751266,2026-05-19 09:57:25.202327,2026-05-19 09:57:25.426915,0 days 00:00:00.224588,64,1.1973880863532302,0.25044328628640217,0.0033155244233649362,4,0.49438597822790614,3000,PRUNED
843,0.03947209194302559,2026-05-19 09:57:25.433529,2026-05-19 09:57:25.949205,0 days 00:00:00.515676,64,1.4150707947508803,0.3527480525318345,0.007750951822731558,5,0.8915896909768256,5000,PRUNED
844,0.08650140464305878,2026-05-19 09:57:25.956762,2026-05-19 09:57:26.212139,0 days 00:00:00.255377,64,1.9519993444091157,0.2704447308628941,0.002714675417234147,4,0.5635982471548541,3000,PRUNED
845,0.0003647293779067695,2026-05-19 09:57:26.219429,2026-05-19 09:57:36.410476,0 days 00:00:10.191047,64,1.2652243287163043,0.2086620526555806,0.009170361290797424,4,0.4511003065181784,3000,COMPLETE
846,0.09865327924489975,2026-05-19 09:57:36.420443,2026-05-19 09:57:36.682963,0 days 00:00:00.262520,64,1.1460773578244834,1.2958921614594374,0.009999297404360043,4,0.7500090543358021,5000,PRUNED
847,0.01578196883201599,2026-05-19 09:57:36.689697,2026-05-19 09:57:37.613996,0 days 00:00:00.924299,64,1.5124631090013114,0.1390447866642887,0.008469989267834514,5,0.5340192896326196,1000,PRUNED
848,0.08796676248311996,2026-05-19 09:57:37.621058,2026-05-19 09:57:37.859136,0 days 00:00:00.238078,48,2.2038492825825764,0.3028451882620846,0.006714105304973017,4,0.8299404524644434,3000,PRUNED
849,0.09850741177797318,2026-05-19 09:57:37.866076,2026-05-19 09:57:38.118986,0 days 00:00:00.252910,80,2.484376348886458,0.09147116378047865,0.0041166404873871,4,0.8567148699776869,3000,PRUNED
850,0.009751745499670506,2026-05-19 09:57:38.126148,2026-05-19 09:57:39.323910,0 days 00:00:01.197762,64,1.3099377789311817,0.4193169368881547,0.007512775094521672,5,0.5544336745868975,5000,PRUNED
851,0.094378262758255,2026-05-19 09:57:39.332432,2026-05-19 09:57:39.574864,0 days 00:00:00.242432,64,1.6873540510538907,2.4260988382904163,0.00865800265824353,4,0.3313031427503562,2000,PRUNED
852,0.08092428743839264,2026-05-19 09:57:39.582374,2026-05-19 09:57:39.824203,0 days 00:00:00.241829,64,1.418728207558532,0.22455157473888032,0.002207596841009522,4,0.35091043035690594,3000,PRUNED
853,0.0803029015660286,2026-05-19 09:57:39.830785,2026-05-19 09:57:40.049166,0 days 00:00:00.218381,64,1.0901557277980511,0.8772294908449658,0.009132817200322338,4,0.5716198649106495,3000,PRUNED
854,0.08425872027873993,2026-05-19 09:57:40.055443,2026-05-19 09:57:40.265354,0 days 00:00:00.209911,48,1.1826877221976877,0.3408092958307399,0.00803881333419912,4,0.4724513043743442,3000,PRUNED
855,0.001126334653235972,2026-05-19 09:57:40.271786,2026-05-19 09:57:46.588203,0 days 00:00:06.316417,64,1.2777288620175005,0.18620672074990943,0.00718335171729967,6,0.4553106091836074,5000,PRUNED
856,0.0037928372621536255,2026-05-19 09:57:46.596038,2026-05-19 09:57:48.764061,0 days 00:00:02.168023,64,1.6055631502494538,0.24719674325412727,0.009239912940630354,4,0.4201147028624726,3000,PRUNED
857,0.00015591167903039604,2026-05-19 09:57:48.771173,2026-05-19 09:57:59.409107,0 days 00:00:10.637934,64,1.8762017642179853,0.2921843433312915,0.00807471481940066,4,0.5182854326580175,3000,COMPLETE
858,0.10618323087692261,2026-05-19 09:57:59.420157,2026-05-19 09:57:59.663689,0 days 00:00:00.243532,64,1.4105676410105532,0.1657418334810497,0.003587091506200571,4,0.44177490824307797,1000,PRUNED
859,0.08509298413991928,2026-05-19 09:57:59.670359,2026-05-19 09:57:59.883255,0 days 00:00:00.212896,64,1.072357689382489,0.4953047444624742,0.006783319262929465,4,0.5484228774620512,3000,PRUNED
860,0.008958622813224792,2026-05-19 09:57:59.890210,2026-05-19 09:58:00.795044,0 days 00:00:00.904834,64,1.203630777607281,0.3918446238503335,0.008589745828450816,4,0.6934127786337361,5000,PRUNED
861,0.18125200271606445,2026-05-19 09:58:00.802012,2026-05-19 09:58:01.024866,0 days 00:00:00.222854,32,19.138296784303233,0.23090471387723757,0.007368572062428845,4,0.3675071594074871,3000,PRUNED
862,0.09471011906862259,2026-05-19 09:58:01.032238,2026-05-19 09:58:01.291366,0 days 00:00:00.259128,96,2.0801445431250825,0.329237897153573,0.009083763518568657,4,0.4877460260651632,5000,PRUNED
863,0.22273856401443481,2026-05-19 09:58:01.299001,2026-05-19 09:58:01.542762,0 days 00:00:00.243761,64,1.5402844369699062,0.03485680444732541,0.00015498197818340447,4,0.7623873645235824,3000,PRUNED
864,0.048296969383955,2026-05-19 09:58:01.549475,2026-05-19 09:58:01.940355,0 days 00:00:00.390880,112,1.3294991599453327,0.2644304219248239,0.009937484499283219,4,0.4638612965714618,3000,PRUNED
865,0.10097724944353104,2026-05-19 09:58:01.946950,2026-05-19 09:58:02.181571,0 days 00:00:00.234621,64,1.001491454612991,1.4297702678225537,0.0009171852023621703,5,0.5581537502959696,3000,PRUNED
866,0.09584566205739975,2026-05-19 09:58:02.187861,2026-05-19 09:58:02.413910,0 days 00:00:00.226049,64,1.1775569965031818,0.060465923362738004,0.007897184341311727,4,0.5685484852990057,2000,PRUNED
867,0.09077237546443939,2026-05-19 09:58:02.422127,2026-05-19 09:58:02.647730,0 days 00:00:00.225603,80,1.7672788042551164,0.19755202067477157,0.006316042401331377,4,0.6445032057305554,5000,PRUNED
868,0.0962938442826271,2026-05-19 09:58:02.655792,2026-05-19 09:58:02.912466,0 days 00:00:00.256674,48,33.38773865080714,0.28496547499537045,0.008570507079402044,4,0.5032648253471109,3000,PRUNED
869,0.09673888981342316,2026-05-19 09:58:02.921040,2026-05-19 09:58:03.166718,0 days 00:00:00.245678,96,1.4057266565799897,0.7639857167328401,0.009968003417722016,4,0.5416192702382295,3000,PRUNED
870,0.07779113948345184,2026-05-19 09:58:03.176386,2026-05-19 09:58:03.410153,0 days 00:00:00.233767,64,1.2745905950185337,0.1371422435015202,0.007516553901858517,4,0.7992349204388828,5000,PRUNED
871,0.07872780412435532,2026-05-19 09:58:03.418306,2026-05-19 09:58:03.643512,0 days 00:00:00.225206,64,1.1197286872075498,0.23065149307202065,0.009243185234720943,4,0.4786313045663193,3000,PRUNED
872,0.08272001147270203,2026-05-19 09:58:03.652695,2026-05-19 09:58:03.902513,0 days 00:00:00.249818,64,6.7892614466228896,0.3524193780536432,0.008231286546071009,5,0.5249720329229846,3000,PRUNED
873,0.046647701412439346,2026-05-19 09:58:03.910890,2026-05-19 09:58:04.330585,0 days 00:00:00.419695,64,1.6028377365728173,0.426925777035563,0.006779215183649781,4,0.4617948037695077,3000,PRUNED
874,0.013538157567381859,2026-05-19 09:58:04.340140,2026-05-19 09:58:05.193728,0 days 00:00:00.853588,64,1.4356494165979359,0.1768554174884428,0.008609061580928295,4,0.5771600061727369,5000,PRUNED
875,0.07929914444684982,2026-05-19 09:58:05.200683,2026-05-19 09:58:05.448400,0 days 00:00:00.247717,64,1.08023189218395,0.27476756195365243,0.009219306307893277,4,0.4293264341357874,3000,PRUNED
876,0.04390948265790939,2026-05-19 09:58:05.455191,2026-05-19 09:58:05.891904,0 days 00:00:00.436713,64,1.2932535115800776,0.5348175080767623,0.007895891651327355,4,0.447131464043442,3000,PRUNED
877,0.09381400793790817,2026-05-19 09:58:05.898856,2026-05-19 09:58:06.129153,0 days 00:00:00.230297,64,1.0027573293514684,0.20585996727074046,0.0024483595120126586,4,0.8469724911524301,5000,PRUNED
878,0.10278856009244919,2026-05-19 09:58:06.136171,2026-05-19 09:58:06.355970,0 days 00:00:00.219799,48,1.1817638284027072,1.0848340475112335,0.007653278842746804,4,0.37915465034261214,3000,PRUNED
879,0.1216937005519867,2026-05-19 09:58:06.364014,2026-05-19 09:58:06.585505,0 days 00:00:00.221491,64,1.671953399018252,0.333058218579331,0.0011064775231640026,4,0.40613948017756996,3000,PRUNED
880,0.09140819311141968,2026-05-19 09:58:06.596420,2026-05-19 09:58:06.841960,0 days 00:00:00.245540,80,1.4894888602101308,0.24229731076107452,0.004188624927048312,4,0.8163527063808371,3000,PRUNED
881,0.017056364566087723,2026-05-19 09:58:06.850386,2026-05-19 09:58:07.727236,0 days 00:00:00.876850,64,1.2884824465017772,0.1652397215224567,0.007107502011892865,5,0.4752993854140582,5000,PRUNED
882,0.0003722959663718939,2026-05-19 09:58:07.733805,2026-05-19 09:58:21.915185,0 days 00:00:14.181380,64,1.8492364010640767,0.30998601899728134,0.009228660278536978,6,0.49588809582765647,3000,COMPLETE
883,0.0507822223007679,2026-05-19 09:58:21.926290,2026-05-19 09:58:22.342873,0 days 00:00:00.416583,64,2.2564435121348643,0.40459389388081074,0.006179793355278489,4,0.5584190113166416,5000,PRUNED
884,0.10713590681552887,2026-05-19 09:58:22.349465,2026-05-19 09:58:22.560202,0 days 00:00:00.210737,64,1.1885221739459724,0.898353102390397,0.008474999290866803,2,0.5309462559412145,2000,PRUNED
885,0.09495832026004791,2026-05-19 09:58:22.567532,2026-05-19 09:58:22.802814,0 days 00:00:00.235282,64,10.808270717708817,0.21188191861773742,0.00992486112345164,4,0.4687511134577474,3000,PRUNED
886,0.08297355473041534,2026-05-19 09:58:22.809815,2026-05-19 09:58:23.031565,0 days 00:00:00.221750,48,1.3397070456427222,0.26390625786616967,0.008114002023672144,4,0.5462054416749144,3000,PRUNED
887,0.07771680504083633,2026-05-19 09:58:23.038316,2026-05-19 09:58:23.272846,0 days 00:00:00.234530,64,1.1089497048939676,0.6251433531822747,0.0032192515974980725,4,0.5703386519845912,5000,PRUNED
888,0.04003816470503807,2026-05-19 09:58:23.279597,2026-05-19 09:58:23.783392,0 days 00:00:00.503795,64,1.5036671498294918,0.45997187420079033,0.007179984222509702,5,0.6708346399423327,1000,PRUNED
889,0.011087678372859955,2026-05-19 09:58:23.790960,2026-05-19 09:58:25.003317,0 days 00:00:01.212357,64,1.687517417457476,0.18593541020084473,0.009157899698912161,4,0.45449940486144064,3000,PRUNED
890,0.0763770192861557,2026-05-19 09:58:25.010370,2026-05-19 09:58:25.246204,0 days 00:00:00.235834,64,1.4011629699855472,0.23806257247018342,0.008543376963837845,4,0.484110303500422,3000,PRUNED
891,0.09379170835018158,2026-05-19 09:58:25.253705,2026-05-19 09:58:25.477408,0 days 00:00:00.223703,64,2.0392486905904295,0.14509630857833675,0.007613056082069745,4,0.348320791587829,3000,PRUNED
892,0.042495496571063995,2026-05-19 09:58:25.485532,2026-05-19 09:58:25.914638,0 days 00:00:00.429106,64,1.1895998608894685,0.318501672299028,0.006589899034907723,4,0.5603050312354111,3000,PRUNED
893,0.0027451126370579004,2026-05-19 09:58:25.923036,2026-05-19 09:58:27.827798,0 days 00:00:01.904762,64,1.0895064748322998,0.3659349960434239,0.009247946849894806,4,0.4347918417142413,5000,PRUNED
894,0.08546363562345505,2026-05-19 09:58:27.835424,2026-05-19 09:58:28.052909,0 days 00:00:00.217485,48,1.240742502721407,0.27934141656958994,0.003696385757466323,4,0.7905644642995326,3000,PRUNED
895,0.08507398515939713,2026-05-19 09:58:28.060722,2026-05-19 09:58:28.278893,0 days 00:00:00.218171,80,1.0001183473972854,0.1195883978470052,0.008170379933331081,4,0.7711529583834668,5000,PRUNED
896,0.10884100943803787,2026-05-19 09:58:28.285697,2026-05-19 09:58:28.532017,0 days 00:00:00.246320,96,1.5348706270387997,0.20690222887732293,0.0044672102571582965,4,0.5131570452582208,3000,PRUNED
897,0.09232813864946365,2026-05-19 09:58:28.539248,2026-05-19 09:58:28.769464,0 days 00:00:00.230216,64,5.550936743268029,0.2382804285496868,0.008715709103700947,4,0.8305637535123936,3000,PRUNED
898,0.02497282437980175,2026-05-19 09:58:28.776141,2026-05-19 09:58:29.371170,0 days 00:00:00.595029,64,1.3473057549244452,0.2954620520685619,0.007309622039868577,4,0.44791324727116505,5000,PRUNED
899,0.07776716351509094,2026-05-19 09:58:29.378085,2026-05-19 09:58:29.596342,0 days 00:00:00.218257,64,1.833582881039821,0.7165642545999499,0.009319617731007184,4,0.5915809617437071,3000,PRUNED
900,0.09435644000768661,2026-05-19 09:58:29.603573,2026-05-19 09:58:29.886311,0 days 00:00:00.282738,64,1.1608360377397615,0.017318239562049614,0.007989548342545186,5,0.5818840205166728,2000,PRUNED
901,0.05874911695718765,2026-05-19 09:58:29.893150,2026-05-19 09:58:30.404775,0 days 00:00:00.511625,64,1.4323287411201189,0.0023292983971933186,0.005882742942476391,5,0.46140063781018115,3000,PRUNED
902,0.09086769074201584,2026-05-19 09:58:30.412171,2026-05-19 09:58:30.643905,0 days 00:00:00.231734,48,1.6319815659576564,0.1570284370256872,0.006651177567202667,4,0.5485041796000646,5000,PRUNED
903,0.07944180071353912,2026-05-19 09:58:30.651636,2026-05-19 09:58:30.878447,0 days 00:00:00.226811,64,1.3103965985570551,0.5374154702370729,0.002971496984571629,4,0.3597253563561638,3000,PRUNED
904,0.00856277346611023,2026-05-19 09:58:30.885479,2026-05-19 09:58:31.916367,0 days 00:00:01.030888,64,2.407123458103469,0.37217513908646155,0.00865241878914135,4,0.8803094985347439,3000,PRUNED
905,0.09818878769874573,2026-05-19 09:58:31.924567,2026-05-19 09:58:32.144927,0 days 00:00:00.220360,32,1.0834364998703607,0.19388412293870333,0.009355326071900096,4,0.5351021812866861,2000,PRUNED
906,0.10262973606586456,2026-05-19 09:58:32.153474,2026-05-19 09:58:32.380370,0 days 00:00:00.226896,64,3.740008450991282,4.606552697507087,0.007567424479638789,4,0.39392283522243526,1000,PRUNED
907,0.039516497403383255,2026-05-19 09:58:32.389265,2026-05-19 09:58:32.773503,0 days 00:00:00.384238,64,1.2652836409926789,0.2602134074652554,0.008156165925751154,4,0.4864508331335421,3000,PRUNED
908,0.08242086321115494,2026-05-19 09:58:32.780017,2026-05-19 09:58:33.020676,0 days 00:00:00.240659,64,1.528881231964048,0.4698928910369606,0.009910131193426304,4,0.3389029655104038,3000,PRUNED
909,0.09715529531240463,2026-05-19 09:58:33.027746,2026-05-19 09:58:33.247561,0 days 00:00:00.219815,80,2.0295311451560334,0.33146329616706854,0.009999086698315946,4,0.50176486148445,5000,PRUNED
910,0.04245288297533989,2026-05-19 09:58:33.254625,2026-05-19 09:58:33.673901,0 days 00:00:00.419276,64,1.0008126245831763,0.24250122754130796,0.007114991336107383,4,0.4186463983881313,3000,PRUNED
911,0.08509847521781921,2026-05-19 09:58:33.680516,2026-05-19 09:58:33.888935,0 days 00:00:00.208419,64,3.030358548651257,0.17997381217043032,0.008552854106852633,4,0.4734932670175559,5000,PRUNED
912,0.08273588120937347,2026-05-19 09:58:33.895920,2026-05-19 09:58:34.142835,0 days 00:00:00.246915,64,1.1612145280446013,0.9693404797872082,0.008766023982001424,4,0.737569807186888,3000,PRUNED
913,0.04842343181371689,2026-05-19 09:58:34.151071,2026-05-19 09:58:34.569094,0 days 00:00:00.418023,112,1.3890378114612518,0.4036882536921816,0.009995241028727416,4,0.5682515470955661,3000,PRUNED
914,0.08417488634586334,2026-05-19 09:58:34.577112,2026-05-19 09:58:34.852886,0 days 00:00:00.275774,64,2.7617019572369252,0.2914526730039096,0.006319515186652124,5,0.8115829951819357,5000,PRUNED
915,0.08103937655687332,2026-05-19 09:58:34.861448,2026-05-19 09:58:35.117099,0 days 00:00:00.255651,64,1.7775383613467242,0.2184428387195572,0.007812344017027345,4,0.4501000186526634,3000,PRUNED
916,0.09195730090141296,2026-05-19 09:58:35.125367,2026-05-19 09:58:35.362038,0 days 00:00:00.236671,48,1.2425224563221353,0.3286032083854082,0.0026277377842988895,4,0.5804093037668911,3000,PRUNED
917,0.09077832847833633,2026-05-19 09:58:35.370174,2026-05-19 09:58:35.597064,0 days 00:00:00.226890,64,1.5142984977097194,1.3045744800293988,0.00705162152886488,4,0.46626381529819777,3000,PRUNED
918,0.10569930821657181,2026-05-19 09:58:35.605115,2026-05-19 09:58:35.860245,0 days 00:00:00.255130,64,1.1015758877320763,0.21241567452728344,0.003936256449343588,4,0.36970672298561136,3000,PRUNED
919,0.043766088783741,2026-05-19 09:58:35.867113,2026-05-19 09:58:36.309727,0 days 00:00:00.442614,64,1.6780125933666166,0.5952465331379625,0.008937775658825347,5,0.4336116917259848,5000,PRUNED
920,0.13305062055587769,2026-05-19 09:58:36.317211,2026-05-19 09:58:36.538185,0 days 00:00:00.220974,64,71.22872121551012,0.26152597293403684,0.0076170241717523875,4,0.5616072530328553,3000,PRUNED
921,0.10830225795507431,2026-05-19 09:58:36.545812,2026-05-19 09:58:36.758397,0 days 00:00:00.212585,48,1.3046940085995131,0.7983270092333457,0.008329425654617457,4,0.8613219189332165,1000,PRUNED
922,0.08843094855546951,2026-05-19 09:58:36.765010,2026-05-19 09:58:37.059252,0 days 00:00:00.294242,96,1.1957237704461936,0.16494060533117774,0.005006877814161705,6,0.5494179968963618,4000,PRUNED
923,0.07899820059537888,2026-05-19 09:58:37.066233,2026-05-19 09:58:37.291190,0 days 00:00:00.224957,64,1.421856103794338,0.39024399852400027,0.009172101827166513,4,0.5212584588884275,5000,PRUNED
924,0.05439392849802971,2026-05-19 09:58:37.298263,2026-05-19 09:58:37.711226,0 days 00:00:00.412963,64,1.106795168111388,0.004035146503032477,0.008017806426106156,4,0.4926759010700447,3000,PRUNED
925,0.08752967417240143,2026-05-19 09:58:37.718329,2026-05-19 09:58:37.937686,0 days 00:00:00.219357,64,1.8390484648609395,0.10860107742744476,0.006711944556570129,4,0.8377599360574131,5000,PRUNED
926,0.07887090742588043,2026-05-19 09:58:37.944870,2026-05-19 09:58:38.178799,0 days 00:00:00.233929,64,1.2387628875359005,0.2723916594296948,0.009035408786125292,4,0.45866428258513103,3000,PRUNED
927,0.11425871402025223,2026-05-19 09:58:38.186194,2026-05-19 09:58:38.360182,0 days 00:00:00.173988,96,2.1859150166338117,1.8257080047976473,0.007359684049757631,2,0.47871658673460127,3000,PRUNED
928,0.08709945529699326,2026-05-19 09:58:38.367618,2026-05-19 09:58:38.613070,0 days 00:00:00.245452,64,1.5924862917356093,0.20202237269929565,0.005957168469000572,4,0.541567891483189,3000,PRUNED
929,0.09078937023878098,2026-05-19 09:58:38.619734,2026-05-19 09:58:38.882190,0 days 00:00:00.262456,80,1.3501352536823124,0.32742998791428013,0.008296445332553032,4,0.7227055616816523,3000,PRUNED
930,0.00026735186111181974,2026-05-19 09:58:38.889869,2026-05-19 09:58:47.421320,0 days 00:00:08.531451,64,1.0867211106312282,0.1484919703315632,0.009194832172334164,4,0.43762606328721904,5000,COMPLETE
931,0.08591752499341965,2026-05-19 09:58:47.433196,2026-05-19 09:58:47.666929,0 days 00:00:00.233733,48,1.4641529518198269,0.24304075059171662,0.0035347022816387018,4,0.7572509183531976,3000,PRUNED
932,0.08029912412166595,2026-05-19 09:58:47.673993,2026-05-19 09:58:47.895537,0 days 00:00:00.221544,64,1.1796619613553951,0.3030521840107617,0.0019086118005596855,4,0.5752730386186625,5000,PRUNED
933,0.042061496526002884,2026-05-19 09:58:47.903402,2026-05-19 09:58:48.288836,0 days 00:00:00.385434,64,2.0016836848997976,0.4418924459114661,0.008001096580325296,4,0.5296311803348224,3000,PRUNED
934,0.0449732206761837,2026-05-19 09:58:48.296086,2026-05-19 09:58:48.742997,0 days 00:00:00.446911,64,1.3261078438995844,0.1792094253300938,0.009223998639695571,5,0.3183169269003045,4000,PRUNED
935,0.04008482024073601,2026-05-19 09:58:48.749785,2026-05-19 09:58:49.140821,0 days 00:00:00.391036,64,1.0047503519572178,0.2278887364581141,0.006892109979832653,4,0.786842154354707,3000,PRUNED
936,0.08764912188053131,2026-05-19 09:58:49.147882,2026-05-19 09:58:49.381988,0 days 00:00:00.234106,64,1.2369948872971748,0.13071362377234752,0.007594166781706962,4,0.5556754447445281,4000,PRUNED
937,0.046321067959070206,2026-05-19 09:58:49.390185,2026-05-19 09:58:49.832400,0 days 00:00:00.442215,64,1.7409029034137582,0.36951689372365776,0.008478102128585461,5,0.4689394312542054,3000,PRUNED
938,0.08572105318307877,2026-05-19 09:58:49.839517,2026-05-19 09:58:50.074631,0 days 00:00:00.235114,128,1.583474031902021,0.2868615399029744,0.005617443623415431,4,0.5874178020069146,3000,PRUNED
939,0.009828856214880943,2026-05-19 09:58:50.082173,2026-05-19 09:58:51.079663,0 days 00:00:00.997490,64,1.3740337727418503,0.5110776528056066,0.009389795057848786,4,0.8209373479974117,5000,PRUNED
940,0.08107662945985794,2026-05-19 09:58:51.086379,2026-05-19 09:58:51.354327,0 days 00:00:00.267948,64,1.1242211679604979,0.18987485371375723,0.009999302723901872,4,0.45154312958227105,3000,PRUNED
941,0.09088645875453949,2026-05-19 09:58:51.362114,2026-05-19 09:58:51.592660,0 days 00:00:00.230546,48,2.5448343682780497,0.7084204096279033,0.004615510492492753,4,0.5099600882562045,3000,PRUNED
942,0.08922845870256424,2026-05-19 09:58:51.599623,2026-05-19 09:58:51.836011,0 days 00:00:00.236388,64,1.4751377604007612,1.1037599171220145,0.009967831309540001,4,0.48181487505333,5000,PRUNED
943,0.08146723359823227,2026-05-19 09:58:51.843583,2026-05-19 09:58:52.098018,0 days 00:00:00.254435,80,1.2295719123729283,0.23758926926163818,0.00850857586402178,4,0.38313219935763176,3000,PRUNED
944,0.044195882976055145,2026-05-19 09:58:52.105106,2026-05-19 09:58:52.569872,0 days 00:00:00.464766,64,1.1061438089907496,0.34204876718865074,0.007407078203206946,4,0.5688545495664297,3000,PRUNED
945,0.025396086275577545,2026-05-19 09:58:52.576547,2026-05-19 09:58:53.175359,0 days 00:00:00.598812,64,1.389431873445912,0.2651466155110183,0.007992440419613528,4,0.6041091709909466,5000,PRUNED
946,0.08560243248939514,2026-05-19 09:58:53.181659,2026-05-19 09:58:53.446165,0 days 00:00:00.264506,64,3.4522643746430295,0.2110774254757415,0.006456580990101442,4,0.35796014236833407,3000,PRUNED
947,0.09959191828966141,2026-05-19 09:58:53.452593,2026-05-19 09:58:53.711736,0 days 00:00:00.259143,96,1.5985618716725305,0.4326048464534292,0.008700541850737846,4,0.4407796766823174,4000,PRUNED
948,0.08656343072652817,2026-05-19 09:58:53.718485,2026-05-19 09:58:53.964976,0 days 00:00:00.246491,64,1.2561427551920394,0.908756602994955,0.0071946792920809625,4,0.5449156518654157,3000,PRUNED
949,0.10046139359474182,2026-05-19 09:58:53.971691,2026-05-19 09:58:54.255291,0 days 00:00:00.283600,64,1.9170531026958606,0.16056006098087758,0.0032606635817612494,5,0.3286107407414435,1000,PRUNED
950,0.08448636531829834,2026-05-19 09:58:54.262625,2026-05-19 09:58:54.537514,0 days 00:00:00.274889,48,1.086702780990113,0.290496824195305,0.002864636180481527,4,0.4678771316606968,2000,PRUNED
951,0.09584652632474899,2026-05-19 09:58:54.544810,2026-05-19 09:58:54.784276,0 days 00:00:00.239466,64,1.4716939587882614,0.23793175709369402,0.004246006375687705,4,0.48907067391826337,3000,PRUNED
952,0.07626459747552872,2026-05-19 09:58:54.791201,2026-05-19 09:58:55.026144,0 days 00:00:00.234943,64,1.7364988209340497,0.5628599222667112,0.00880589657612991,4,0.4571604676938153,2000,PRUNED
953,0.04312838613986969,2026-05-19 09:58:55.033297,2026-05-19 09:58:55.495527,0 days 00:00:00.462230,64,1.3178003471413278,0.3485896264894558,0.007900772807157981,4,0.42175652784514006,5000,PRUNED
954,0.0003681736998260021,2026-05-19 09:58:55.502665,2026-05-19 09:59:03.061134,0 days 00:00:07.558469,64,1.1677573693008485,0.18922257066310744,0.009256571087505291,4,0.34568929998000864,3000,COMPLETE
955,0.10467185825109482,2026-05-19 09:59:03.075497,2026-05-19 09:59:03.302081,0 days 00:00:00.226584,64,1.0094128136904927,1.4728646690415705,0.006343150026340775,4,0.7051282196692585,3000,PRUNED
956,0.01554421242326498,2026-05-19 09:59:03.310598,2026-05-19 09:59:04.184310,0 days 00:00:00.873712,64,1.3729616111858394,0.28254313242169793,0.008170034962953899,4,0.7970327926548738,5000,PRUNED
957,0.08555392175912857,2026-05-19 09:59:04.191592,2026-05-19 09:59:04.462124,0 days 00:00:00.270532,64,2.237410105408561,0.22115499758848353,0.006936061501672032,4,0.4069481635364764,3000,PRUNED
958,0.03944625332951546,2026-05-19 09:59:04.468924,2026-05-19 09:59:04.966867,0 days 00:00:00.497943,48,1.2177173581590908,0.3936517402111777,0.009956133307200039,5,0.55842022119469,3000,PRUNED
959,0.08714268356561661,2026-05-19 09:59:04.973850,2026-05-19 09:59:05.225306,0 days 00:00:00.251456,80,1.587195800772795,0.6503506309898587,0.00869027043945027,4,0.5340970906639935,5000,PRUNED
960,0.0826263576745987,2026-05-19 09:59:05.232410,2026-05-19 09:59:05.477106,0 days 00:00:00.244696,64,1.1486875022726235,0.31045547490311404,0.007472689091618689,4,0.5008297706665071,3000,PRUNED
961,0.07846120744943619,2026-05-19 09:59:05.485111,2026-05-19 09:59:05.729482,0 days 00:00:00.244371,64,1.4861345458955189,0.4807629183346873,0.009227658936738804,4,0.5745382980751172,4000,PRUNED
962,0.1193031296133995,2026-05-19 09:59:05.737868,2026-05-19 09:59:05.974018,0 days 00:00:00.236150,64,1.8669079513137512,0.14052147101840973,0.0038028696804827903,5,0.4760365503064615,3000,PRUNED
963,0.08370359987020493,2026-05-19 09:59:05.982747,2026-05-19 09:59:06.221337,0 days 00:00:00.238590,64,1.298689878766447,0.2445217563490604,0.005430093804835355,4,0.8534884776638638,4000,PRUNED
964,0.027380086481571198,2026-05-19 09:59:06.228986,2026-05-19 09:59:06.902393,0 days 00:00:00.673407,64,1.0729294690247697,0.1899499825435757,0.007977163369346608,4,0.3059612595200719,5000,PRUNED
965,0.08202515542507172,2026-05-19 09:59:06.910964,2026-05-19 09:59:07.142160,0 days 00:00:00.231196,96,1.000282016817332,0.29936620558655713,0.009968003780419123,4,0.777747550437654,3000,PRUNED
966,0.08223864436149597,2026-05-19 09:59:07.151067,2026-05-19 09:59:07.425818,0 days 00:00:00.274751,64,4.059480213732481,0.3808819542241558,0.008807229602702197,4,0.5871319381476835,3000,PRUNED
967,0.12248607724905014,2026-05-19 09:59:07.432876,2026-05-19 09:59:07.695693,0 days 00:00:00.262817,16,6.2185769994422735,0.7804782514271809,0.006839981102185871,4,0.44538687040375,3000,PRUNED
968,0.09787189215421677,2026-05-19 09:59:07.703304,2026-05-19 09:59:07.961948,0 days 00:00:00.258644,48,1.689459274885264,0.25592458154697967,0.0022816053391910784,4,0.56400298613571,5000,PRUNED
969,0.07934284955263138,2026-05-19 09:59:07.971630,2026-05-19 09:59:08.187896,0 days 00:00:00.216266,64,1.1846759409303043,0.16642716071910676,0.007659097029332447,4,0.46148497223279616,3000,PRUNED
970,0.0001638614194234833,2026-05-19 09:59:08.196318,2026-05-19 09:59:22.026211,0 days 00:00:13.829893,64,1.3832797675681194,0.3365445390817914,0.008568304536082013,6,0.5195445440712172,3000,COMPLETE
971,0.08388886600732803,2026-05-19 09:59:22.041741,2026-05-19 09:59:22.296402,0 days 00:00:00.254661,64,1.2716298296639843,0.2252339949966541,0.005966875251152063,4,0.3731839557874856,5000,PRUNED
972,0.10186023265123367,2026-05-19 09:59:22.305734,2026-05-19 09:59:22.524469,0 days 00:00:00.218735,64,2.047779745714339,0.20113972336579267,0.0016755298683610968,4,0.8718757221826061,3000,PRUNED
973,0.08332154899835587,2026-05-19 09:59:22.531830,2026-05-19 09:59:22.791960,0 days 00:00:00.260130,64,1.5158665122863546,1.100532467805642,0.009187900902143385,4,0.548073792390534,1000,PRUNED
974,0.09508735686540604,2026-05-19 09:59:22.799778,2026-05-19 09:59:22.982293,0 days 00:00:00.182515,64,1.0897142378102969,0.2743801719413303,0.008265311132639978,2,0.4786633105386853,3000,PRUNED
975,0.07690107077360153,2026-05-19 09:59:22.989475,2026-05-19 09:59:23.207419,0 days 00:00:00.217944,64,1.1702979161115177,0.42756504956848645,0.007280670356922111,4,0.7502569385070822,3000,PRUNED
976,0.11197711527347565,2026-05-19 09:59:23.214091,2026-05-19 09:59:23.480312,0 days 00:00:00.266221,80,25.62844052212206,0.16563740434666044,0.008085203832991926,5,0.4962108744778259,5000,PRUNED
977,0.0440916009247303,2026-05-19 09:59:23.487359,2026-05-19 09:59:23.978469,0 days 00:00:00.491110,48,1.6990981132243614,0.5490786774926804,0.009922307658546504,5,0.4252035839763392,3000,PRUNED
978,0.14138957858085632,2026-05-19 09:59:23.986338,2026-05-19 09:59:24.236250,0 days 00:00:00.249912,64,1.3809553239642296,0.3215887972966524,0.0006139424300705747,4,0.45942727975249303,2000,PRUNED
979,0.007016268093138933,2026-05-19 09:59:24.243452,2026-05-19 09:59:25.369097,0 days 00:00:01.125645,64,1.2687905633670928,0.12594781428052731,0.009106659271952247,4,0.8118504909160144,4000,PRUNED
980,0.08515716344118118,2026-05-19 09:59:25.378083,2026-05-19 09:59:25.628728,0 days 00:00:00.250645,64,1.4870094867147263,0.918337363076336,0.0068002988701379745,4,0.8871675636005469,3000,PRUNED
981,0.10182905197143555,2026-05-19 09:59:25.638589,2026-05-19 09:59:25.862983,0 days 00:00:00.224394,64,1.155533393595665,0.24531008504510204,0.0047413647662606475,3,0.5919791777357045,5000,PRUNED
982,0.07799676060676575,2026-05-19 09:59:25.870070,2026-05-19 09:59:26.127868,0 days 00:00:00.257798,64,1.071645535600908,0.1942542949038472,0.002068391793727895,4,0.5614592696846794,3000,PRUNED
983,0.08358680456876755,2026-05-19 09:59:26.134499,2026-05-19 09:59:26.348068,0 days 00:00:00.213569,64,1.8552074895939037,0.0805029781825247,0.007658759939921258,4,0.4446243342234925,5000,PRUNED
984,0.12969054281711578,2026-05-19 09:59:26.355596,2026-05-19 09:59:26.609737,0 days 00:00:00.254141,64,1.315826097420427,0.26416201218142615,0.0007591753573490523,4,0.5365422635605116,3000,PRUNED
985,0.09968631714582443,2026-05-19 09:59:26.618577,2026-05-19 09:59:26.859816,0 days 00:00:00.241239,96,1.635208813968378,0.39120322130025487,0.008517477979974875,4,0.7670052925993082,4000,PRUNED
986,0.0800810232758522,2026-05-19 09:59:26.867155,2026-05-19 09:59:27.062022,0 days 00:00:00.194867,64,1.4410357082109364,0.22746635736674742,0.009107744301254298,3,0.39657477835747834,3000,PRUNED
987,0.09784038364887238,2026-05-19 09:59:27.068766,2026-05-19 09:59:27.316418,0 days 00:00:00.247652,80,7.285133822263814,0.3336624084992488,0.0035729174708625626,4,0.824662421294906,3000,PRUNED
988,0.0869700014591217,2026-05-19 09:59:27.323298,2026-05-19 09:59:27.581975,0 days 00:00:00.258677,48,2.3541678957318513,0.47970024297477976,0.00620308341680086,4,0.6828767954686685,3000,PRUNED
989,0.08133664727210999,2026-05-19 09:59:27.588923,2026-05-19 09:59:27.807417,0 days 00:00:00.218494,64,1.2357263369631832,0.21130536496451394,0.009980671234619754,4,0.5715041566504423,5000,PRUNED
990,0.0017682267352938652,2026-05-19 09:59:27.814553,2026-05-19 09:59:30.453328,0 days 00:00:02.638775,64,1.0046849676933232,0.2761260338757473,0.007673599840065676,5,0.4716953128272577,3000,PRUNED
991,0.09001225233078003,2026-05-19 09:59:30.460506,2026-05-19 09:59:30.685836,0 days 00:00:00.225330,64,1.5816656093370633,0.15231476460296206,0.004014155459556959,4,0.4844523915037862,2000,PRUNED
992,0.09106616675853729,2026-05-19 09:59:30.693034,2026-05-19 09:59:30.928116,0 days 00:00:00.235082,32,4.834969877929719,0.3408723473008267,0.008598547911901467,4,0.5105980863352609,5000,PRUNED
993,0.0849270448088646,2026-05-19 09:59:30.934730,2026-05-19 09:59:31.160844,0 days 00:00:00.226114,64,1.1643478007997994,0.6180744067224183,0.007169996883202117,4,0.8387684623558636,3000,PRUNED
994,0.0922076553106308,2026-05-19 09:59:31.167343,2026-05-19 09:59:31.411799,0 days 00:00:00.244456,64,2.016533804212125,0.1944216630523451,0.00309905447924079,3,0.5481893894676686,4000,PRUNED
995,0.07936946302652359,2026-05-19 09:59:31.418885,2026-05-19 09:59:31.633685,0 days 00:00:00.214800,64,1.3650443996894555,0.2821575901597279,0.009257945431512603,4,0.5802401118562325,3000,PRUNED
996,0.04523180052638054,2026-05-19 09:59:31.640203,2026-05-19 09:59:32.008060,0 days 00:00:00.367857,48,1.27806596404017,0.23295675671115237,0.008047676987604791,4,0.6251498408476749,5000,PRUNED
997,0.008089950308203697,2026-05-19 09:59:32.014471,2026-05-19 09:59:32.869158,0 days 00:00:00.854687,64,1.1127839850036823,0.373017483019961,0.008561766687135349,4,0.3559693762502146,3000,PRUNED
998,0.08563093096017838,2026-05-19 09:59:32.875543,2026-05-19 09:59:33.088703,0 days 00:00:00.213160,64,1.491072103817296,0.7735818713988175,0.006685766943844743,4,0.4317090012014043,3000,PRUNED
999,0.0009226765250787139,2026-05-19 09:59:33.095116,2026-05-19 09:59:37.529796,0 days 00:00:04.434680,64,1.8094594077488533,0.17126924903302096,0.009267053110415124,4,0.45350246399359795,3000,PRUNED
