run,nu_true,nu_pred,abs_error,rel_error_pct,best_val_loss,ic,nu_class
1,0.2650867948685271,0.3703089952468872,0.10522220037836011,39.69348998713659,0.000422616460127756,Step_down,high
2,0.026334458341392555,0.03854776918888092,0.012213310847488366,46.37768010702335,1.705413160379976e-05,Gauss,low
3,0.031532013836616184,0.03837648406624794,0.006844470229631756,21.706416422041826,7.777459541102871e-05,Step_up,low
4,0.04022522242459197,0.04152124747633934,0.0012960250517473695,3.221921405598085,6.702388054691255e-05,Step_down,low
5,0.040572182908978384,0.06901711225509644,0.02844492934611805,70.10943781342206,8.94472686923109e-05,Gauss,low
6,0.1183208038040753,0.12213094532489777,0.0038101415208224715,3.2201788682331784,5.992608748783823e-06,Gauss,high
7,0.0211523932616442,0.02375936321914196,0.002606969957497759,12.324704468430046,7.540431397501379e-05,Step_down,low
8,0.04878377862126381,0.06201116368174553,0.013227385060481718,27.11431019555378,0.0010259844129905105,N_wave,low
9,0.33379673836968765,0.42855304479599,0.09475630642630234,28.38742729755421,0.0007624641293659806,Step_down,high
10,0.4485874627205429,0.22809471189975739,0.2204927508207855,49.15267793789105,0.0015139516908675432,N_wave,high
11,0.4212768059146528,0.3614547550678253,0.05982205084682746,14.200176702570925,1.2919386790599674e-05,Gauss,high
12,0.06083479820912788,0.05758464336395264,0.0032501548451752404,5.342591643030346,0.00025067897513508797,Step_down,high
13,0.017734582518841035,0.047187384217977524,0.02945280169913649,166.07552880281304,0.00011611396621447057,Gauss,low
14,0.4105783018030081,0.3735598623752594,0.037018439427748684,9.016170427220922,0.0011758088367059827,N_wave,high
15,0.16462010962966467,0.10179030150175095,0.06282980812791372,38.16654494354179,0.00012909351789858192,Step_up,high
16,0.21245930796729545,0.20722214877605438,0.00523715919124107,2.465017532697246,7.80928439780837e-06,Gauss,high
17,0.01861643299578759,0.03767905384302139,0.019062620847233803,102.39674190832999,3.187832044204697e-05,Gauss,low
18,0.03669237812156236,0.04883226752281189,0.012139889401249528,33.08558894991735,2.136775219696574e-05,Gauss,low
19,0.2848078016771354,0.26457029581069946,0.020237505866435912,7.10567117447773,6.97989753462025e-06,Gauss,high
20,0.04656890265592424,0.026946142315864563,0.019622760340059678,42.13704687233676,8.69183786562644e-05,Step_up,low
21,0.027698676321521284,0.018983548507094383,0.0087151278144269,31.46405883538713,4.110796726308763e-05,Step_up,low
22,0.02117845666285744,0.0232233963906765,0.0020449397278190576,9.655754242968289,5.9240959672024474e-05,Step_down,low
23,0.037782044805408775,0.050366584211587906,0.01258453940617913,33.30825388354196,2.6979800168192014e-05,Step_up,low
24,0.033014478797713756,0.0812021866440773,0.048187707846363545,145.9593172487113,0.0003756530350074172,Gauss,low
25,0.035826793276394014,0.03631436824798584,0.0004875749715918254,1.3609227257106613,0.001762205851264298,N_wave,low
26,0.018239176655749253,0.017570417374372482,0.0006687592813767705,3.6666089374487627,0.00010574206680757925,Step_up,low
27,0.08291007495873245,0.08596795797348022,0.00305788301474777,3.6881923171216484,7.371034826064715e-06,Gauss,high
28,0.3326301922081779,0.3099778890609741,0.02265230314720379,6.81005623597354,2.0763047359650955e-05,Gauss,high
29,0.04566325673075235,0.0564412921667099,0.010778035435957553,23.60329991246328,7.454842125298455e-05,Step_up,low
30,0.4779141054755809,0.43125373125076294,0.046660374224817946,9.763338995484423,4.684621217165841e-06,Gauss,high
31,0.43351163376652596,0.41271069645881653,0.020800937307709433,4.79824200494515,4.344927674537757e-06,Gauss,high
32,0.055294261854673954,0.06536828726530075,0.010074025410626797,18.21893461043689,0.00010457652388140559,Step_up,high
33,0.32876800776665127,0.3150390386581421,0.013728969108509181,4.175883536166193,6.0868401305924635e-06,Gauss,high
34,0.030782517054468373,0.04923120513558388,0.018448688081115504,59.932357215855106,4.204582000966184e-05,Gauss,low
35,0.04311668698857465,0.03733550384640694,0.00578118314216771,13.408226712083996,0.00010841171751962975,Step_down,low
36,0.3540505813919776,0.3491310477256775,0.004919533666300102,1.3895002366493991,6.238711648620665e-06,Gauss,high
37,0.09459205931684236,0.05068802461028099,0.04390403470656137,46.41408065713201,0.0001443747169105336,Step_up,high
38,0.24900116248321036,0.34988144040107727,0.10088027791786691,40.513978694645274,0.0004442814097274095,Step_down,high
39,0.32653928829283807,0.25030043721199036,0.07623885108084771,23.347527790431535,0.0011499904794618487,N_wave,high
40,0.2065098071706784,0.20616766810417175,0.0003421390665066526,0.1656769095832228,2.478951500961557e-06,Gauss,high
41,0.018299470942795302,0.039862602949142456,0.021563132006347154,117.83472906814714,3.7743924622191116e-05,Step_up,low
42,0.3894463801523985,0.21337465941905975,0.17607172073333877,45.210773473985874,0.0001945511467056349,Step_up,high
43,0.42015375093039664,0.054809726774692535,0.3653440241557041,86.95484054270113,0.00039576966082677245,Step_up,high
44,0.24193536340596128,0.2924128472805023,0.05047748387454104,20.86403705680725,0.00031740451231598854,Step_down,high
45,0.013478472357471443,0.044408801943063736,0.030930329585592293,229.47948970230937,0.0034312193747609854,N_wave,low
46,0.293327794274307,0.19873085618019104,0.09459693809411596,32.249565142010766,0.00017138058319687843,Step_up,high
47,0.033213913574681696,0.045927148312330246,0.01271323473764855,38.276834523166805,1.720073851174675e-05,Gauss,low
48,0.047195336962573484,0.1144770085811615,0.06728167161858802,142.55999839972168,0.0006252836901694536,Gauss,low
49,0.048410079841975706,0.05321685969829559,0.004806779856319887,9.929295452539193,1.6253439753199928e-05,Gauss,low
50,0.035783519033226276,0.05368778854608536,0.017904269512859082,50.03496021795488,3.460358493612148e-05,Gauss,low
51,0.15337518571234723,0.14835669100284576,0.00501849470950147,3.2720382284743104,6.474539532064227e-06,Gauss,high
52,0.20973450115680636,0.07535122334957123,0.13438327780723514,64.07304333146625,0.00016821677854750305,Step_up,high
53,0.02230161074825602,0.038694437593221664,0.016392826844965645,73.5051249437109,3.174187440890819e-05,Gauss,low
54,0.45078176321777963,0.5029942989349365,0.052212535717156894,11.58266371391165,0.0005594168324023485,Step_up,high
55,0.2554154643809376,0.029729312285780907,0.2256861520951567,88.3604102211128,0.0005194314289838076,Step_up,high
56,0.0492180516370559,0.05133410170674324,0.0021160500696873405,4.2993373351946795,6.90742235747166e-05,Step_down,low
57,0.4084078206163678,0.5911922454833984,0.18278442486703061,44.7553684430364,0.00033042763243429363,Step_down,high
58,0.06334752601218947,0.04881792888045311,0.014529597131736363,22.936329240293528,9.481664892518893e-05,Step_down,high
59,0.0076974093413185295,0.03446571156382561,0.026768302222507076,347.7572912592666,0.00013941062206868082,Gauss,low
60,0.2541163817021866,0.128235325217247,0.12588105648493958,49.536773521538144,0.0013627924490720034,N_wave,high
61,0.43947748908645434,0.4071730971336365,0.03230439195281787,7.350636324961555,6.551842034241417e-06,Gauss,high
62,0.04244383212891476,0.059107717126607895,0.016663884997693133,39.26102842712192,0.0015293019823729992,N_wave,low
63,0.03817028162267205,0.037057481706142426,0.0011127999165296276,2.9153568410369193,0.001324892626143992,N_wave,low
64,0.027142864963872988,0.03683410584926605,0.009691240885393065,35.70456139501875,4.854803773923777e-05,Step_up,low
65,0.012083520045627951,0.027718642726540565,0.015635122680912612,129.3921193648344,0.0001312369859078899,Step_up,low
66,0.019000131467629595,0.024600716307759285,0.00560058484012969,29.47655835787964,9.055146074388176e-05,Step_down,low
67,0.14699012875528955,0.14517314732074738,0.0018169814345421753,1.2361247996231788,2.6967777557729278e-06,Gauss,high
68,0.015099618664576552,0.03506292402744293,0.01996330536286638,132.21065913207434,7.888874097261578e-05,Gauss,low
69,0.1452440706524679,0.14267244935035706,0.0025716213021108325,1.7705516587069967,7.395190550596453e-06,Gauss,high
70,0.14120300819070725,0.20323964953422546,0.06203664134351822,43.9343624037614,0.0003541729529388249,Step_down,high
71,0.37790223144595925,0.4486272931098938,0.07072506166393455,18.71517439664771,0.0010828101076185703,Step_down,high
72,0.0457819844873289,0.05765519291162491,0.011873208424296011,25.93423713989979,1.0705922250053845e-05,Gauss,low
73,0.013308120824734569,0.02279738523066044,0.00948926440592587,71.30431509375128,8.208803774323314e-05,Step_up,low
74,0.013671234472711118,0.040467798709869385,0.026796564237158267,196.00690991472908,4.5802480599377304e-05,Step_up,low
75,0.009416772616383415,0.0319925956428051,0.022575823026421686,239.74055598564627,0.00010344600741518661,Gauss,low
76,0.020349788892849403,0.02756655029952526,0.007216761406675858,35.463568908136025,0.0001547341962577775,Step_down,low
77,0.385706755044238,0.16331128776073456,0.22239546728350346,57.65920984660903,0.002430796856060624,N_wave,high
78,0.2989295991113286,0.04549216851592064,0.25343743059540796,84.78164469120428,0.0006932789110578597,Step_up,high
79,0.04074822128619747,0.05727164074778557,0.0165234194615881,40.55003860299794,2.0336285160738043e-05,Gauss,low
80,0.03483425476673191,0.03015175089240074,0.0046825038743311675,13.442239271911005,9.955684072338045e-05,Step_down,low
81,0.032698034103002836,0.04832207038998604,0.015624036286983202,47.78280014561598,0.001973825041204691,N_wave,low
82,0.044854617400280676,0.04469681903719902,0.00015779836308165568,0.3517995966245122,0.001055537024512887,N_wave,low
83,0.1635082801857295,0.08514974266290665,0.07835853752282285,47.923284028071954,0.0005897898809053004,N_wave,high
84,0.047672765602892145,0.04810823127627373,0.0004354656733815826,0.9134474744111853,0.00014945241855457425,Step_down,low
85,0.024528176369507635,0.06038637459278107,0.035858198223273435,146.19186393265988,9.679934737505391e-05,Step_up,low
86,0.027853116170411463,0.040760088711977005,0.012906972541565542,46.33942020202644,2.2449974494520575e-05,Gauss,low
87,0.19427215621137778,0.06959930807352066,0.12467284813785712,64.17432666069082,0.0006567883538082242,N_wave,high
88,0.43369077737481954,0.5039010047912598,0.07021022741644023,16.18900633336749,0.0009061404271051288,Step_down,high
89,0.013793517867490248,0.022676246240735054,0.008882728373244806,64.39784584743524,0.00022453365090768784,Step_down,low
90,0.21482529776414505,0.2696596086025238,0.05483431083837875,25.52507149254875,0.00024760616361163557,Step_up,high
91,0.013787983076771145,0.018167197704315186,0.00437921462754404,31.7610966242175,6.460463191615418e-05,Step_down,low
92,0.022465783726413373,0.026098020374774933,0.0036322366483615594,16.167860834924184,3.5672710509970784e-05,Step_up,low
93,0.05444012457423799,0.05793681740760803,0.0034966928333700423,6.4230066714886584,1.2906597476103343e-05,Gauss,high
94,0.046959558262892435,0.06137949973344803,0.014419941470555593,30.7071488829363,2.3376287572318688e-05,Gauss,low
95,0.06436914791797248,0.07012493163347244,0.005755783715499965,8.941836115082232,0.00010905222734436393,Step_up,high
96,0.2017772380898395,0.19029541313648224,0.011481824953357256,5.690346969783121,4.296487986721331e-06,Gauss,high
97,0.45959953370427953,0.48426389694213867,0.024664363237859144,5.366490048209873,0.0008623712346889079,Step_down,high
98,0.407866157033557,0.3832964301109314,0.0245697269226256,6.023968034348125,0.0011559351114556193,N_wave,high
99,0.469658018878467,0.2615971565246582,0.20806086235380877,44.30050249129218,0.0013814084231853485,N_wave,high
100,0.006467351246003951,0.026424027979373932,0.019956676733369982,308.5757364067835,6.509327795356512e-05,Step_up,low
101,0.48305763108611616,0.4267757833003998,0.05628184778571638,11.651166271645721,1.2222531040606555e-05,Gauss,high
102,0.0445577280373522,0.05617104098200798,0.011613312944655778,26.06352131536078,2.1529409423237666e-05,Gauss,low
103,0.06186577852727834,0.10713103413581848,0.04526525560854014,73.16687300488982,0.00010160581587115303,Step_up,high
104,0.02137542468075786,0.04024801030755043,0.01887258562679257,88.29104407821032,0.0030622989870607853,N_wave,low
105,0.37579754568050794,0.3458206057548523,0.029976939925655643,7.976885498645901,9.639114978199359e-06,Gauss,high
106,0.07182723417330476,0.05728685110807419,0.014540383065230575,20.24355139465281,0.0006953131523914635,N_wave,high
107,0.19744731724744108,0.08047717064619064,0.11697014660125044,59.241193160737346,0.0003580300835892558,Step_up,high
108,0.018435139757815102,0.06759139895439148,0.049156259196576374,266.6443533509848,0.0005718427710235119,Gauss,low
109,0.045721398215180994,0.06746993958950043,0.021748541374319433,47.567533416111075,3.757362355827354e-05,Gauss,low
110,0.18924481775527624,0.03780176118016243,0.1514430565751138,80.02494249060699,0.000219637862755917,Step_up,high
111,0.03398464179855406,0.05054778978228569,0.01656314798373163,48.73715627756401,2.950032830995042e-05,Gauss,low
112,0.21217789159382222,0.2093372493982315,0.0028406421955907146,1.3388021599482343,2.9233585792098893e-06,Gauss,high
113,0.04999084227482868,0.062190815806388855,0.012199973531560174,24.404416841968448,1.9053642972721718e-05,Gauss,low
114,0.15871493217046545,0.1532984972000122,0.005416434970453243,3.412681400787042,3.400753257665201e-06,Gauss,high
115,0.39181241441029324,0.37524810433387756,0.016564310076415678,4.227612364285648,3.437684426899068e-06,Gauss,high
116,0.4513400514148685,0.4144423305988312,0.036897720816037316,8.17514880418206,8.011027603060938e-06,Gauss,high
117,0.24477278945379072,0.23931258916854858,0.005460200285242134,2.2307219268230525,2.1841383386345115e-06,Gauss,high
118,0.05070633303887211,0.055470094084739685,0.004763761045867572,9.39480487026268,5.132162641530158e-06,Gauss,high
119,0.47896231729927713,0.44165098667144775,0.037311330627829375,7.7900346812702566,7.117554559954442e-06,Gauss,high
120,0.381389550659845,0.42006179690361023,0.03867224624376525,10.13982847114141,0.0005939126713201404,Step_down,high
121,0.015557514528489792,0.03711458668112755,0.021557072152637757,138.56372824310233,8.214440458687022e-05,Gauss,low
122,0.04444457663294828,0.04742726311087608,0.0029826864779278067,6.711024615130746,7.257313700392842e-05,Step_down,low
123,0.022650408277208427,0.04564283788204193,0.022992429604833504,101.51000071804106,4.31644766649697e-05,Gauss,low
124,0.3938106924836851,0.4073394536972046,0.01352876121351948,3.4353463406989517,0.0009558865567669272,Step_down,high
125,0.05276208780909126,0.05927816778421402,0.006516079975122761,12.349928226304945,1.270546272280626e-05,Gauss,high
126,0.19810006167634547,0.18880154192447662,0.00929851975186885,4.693850003469816,2.565480599514558e-06,Gauss,high
128,0.009553325357897291,0.03428085520863533,0.02472752985073804,258.83688584202713,0.00013475236482918262,Gauss,low
129,0.4439827768221535,0.38218259811401367,0.06180017870813981,13.919499118970363,1.3417498848866671e-05,Gauss,high
130,0.19950979183803458,0.09197499603033066,0.10753479580770392,53.89950779709223,0.0006005577743053436,N_wave,high
131,0.4440082207443784,0.5339477062225342,0.08993948547815578,20.25626582484723,0.0006662962259724736,Step_down,high
132,0.4164036768545557,0.4015788733959198,0.014824803458635905,3.560199941225306,2.350375098103541e-06,Gauss,high
133,0.04137997904544368,0.04877731204032898,0.007397332994885299,17.876599180394738,0.0017808692064136267,N_wave,low
134,0.04640281869830302,0.0404631569981575,0.005939661700145517,12.80021745826129,0.0006304080598056316,N_wave,low
135,0.2099031237100995,0.17422108352184296,0.03568204018825655,16.999289747368206,0.00026898589567281306,Step_down,high
136,0.47320964974566887,0.2640269994735718,0.2091826502720971,44.20506859581675,0.0015138868475332856,N_wave,high
137,0.3110448243548653,0.3009065091609955,0.010138315193869818,3.2594386403623945,4.368031113699544e-06,Gauss,high
138,0.4635977754639543,0.4689939022064209,0.005396126742466589,1.1639673501595889,0.0016259102849289775,Step_down,high
139,0.0861771240720924,0.09221486002206802,0.006037735949975628,7.0061933662635285,1.2898507520731073e-05,Gauss,high
140,0.03832870610167927,0.046586230397224426,0.008257524295545153,21.54396830834676,0.0021352064795792103,N_wave,low
141,0.18980513638332175,0.1702880710363388,0.019517065346982942,10.28268555786982,0.00023031834280118346,Step_down,high
142,0.04092968186166733,0.05102792754769325,0.010098245686025922,24.672182207903816,2.1607753296848387e-05,Gauss,low
143,0.1884316946291496,0.17488688230514526,0.01354481232400434,7.1881815586606805,6.919051429576939e-06,Gauss,high
144,0.1928183909510024,0.25857964158058167,0.06576125062957927,34.10527922426759,0.00032473227474838495,Step_down,high
145,0.01681567718641125,0.0386403426527977,0.02182466546638645,129.78760964811437,9.286092245019972e-05,Gauss,low
146,0.02418483150736069,0.03424786776304245,0.010063036255681761,41.60887477185467,0.00021386095613706857,Step_down,low
147,0.04090585991186704,0.04964474216103554,0.008738882249168495,21.36339944447248,0.0016742318402975798,N_wave,low
148,0.015013949796066708,0.0439324714243412,0.028918521628274494,192.6110185598892,7.664274744456634e-05,Gauss,low
149,0.0350083347262242,0.034417133778333664,0.000591200947890537,1.6887434164289954,0.0001654560473980382,Step_down,low
150,0.027093367067411347,0.04388592019677162,0.016792553129360274,61.98031085460332,3.078560621361248e-05,Gauss,low
151,0.04464072649598484,0.05422571673989296,0.009584990243908117,21.471402901048727,1.3968452549306676e-05,Gauss,low
152,0.013771644779983022,0.03804012015461922,0.024268475374636195,176.22060227628174,0.00012876982509624213,Step_up,low
153,0.2999609218194916,0.09235450625419617,0.2076064155652954,69.21115400833024,0.0003034399705938995,Step_up,high
154,0.026447444157147757,0.059473831206560135,0.03302638704941238,124.87553373087124,0.0001228208711836487,Gauss,low
155,0.16637760696365436,0.16330456733703613,0.003073039626618229,1.847027182744336,7.309854026971152e-06,Gauss,high
156,0.04089879205715966,0.019519086927175522,0.02137970512998414,52.274661559940746,0.00013290780771058053,Step_up,low
157,0.30412709233536633,0.28294509649276733,0.021181995842599,6.964850017124169,4.913519205729244e-06,Gauss,high
158,0.13956904491737523,0.13910862803459167,0.00046041688278355974,0.32988466966735075,5.357589998311596e-06,Gauss,high
159,0.38853899947556986,0.37616264820098877,0.012376351274581088,3.1853562425615074,4.865252776653506e-06,Gauss,high
160,0.04042586105688622,0.03994610533118248,0.00047975572570373853,1.186754501106702,0.00011830495350295678,Step_down,low
161,0.0235347804258215,0.024933837354183197,0.0013990569283616958,5.94463556934953,5.5332944612018764e-05,Step_down,low
162,0.02487402038212402,0.039063598960638046,0.014189578578514026,57.04577852927836,2.177084570575971e-05,Gauss,low
163,0.18361018350122793,0.2730419635772705,0.08943178007604258,48.707418276418466,0.0003836002724710852,Step_down,high
164,0.24529357796435947,0.2406458705663681,0.004647707397991363,1.894752988056892,9.514600606053136e-06,Gauss,high
165,0.022496329108306772,0.04378276690840721,0.02128643780010044,94.62182784408333,0.002221466740593314,N_wave,low
166,0.020156155454546118,0.05088721215724945,0.030731056702703333,152.46487244060276,0.0038128176238387823,N_wave,low
167,0.045391676699082256,0.042820073664188385,0.002571603034893871,5.6653625111536465,9.441834117751569e-05,Step_down,low
168,0.025795034982408375,0.046009548008441925,0.02021451302603355,78.36590661660038,0.008713860996067524,N_wave,low
169,0.145370021130015,0.14502091705799103,0.0003491040720239591,0.24014860100469404,8.559477464586962e-06,Gauss,high
170,0.4370189941563981,0.48314350843429565,0.046124514277897544,10.554350015594686,0.0007988194120116532,Step_down,high
171,0.05871875963554098,0.05186368152499199,0.006855078110548994,11.674425946831118,0.0009441628935746849,N_wave,high
172,0.03656291960903341,0.039914410561323166,0.0033514909522897526,9.166365782949446,0.0032632530201226473,N_wave,low
173,0.4159491100021847,0.6452944874763489,0.22934537747416417,55.13784546214309,0.0003299026284366846,Step_up,high
174,0.023263471749899723,0.03844403848052025,0.015180566730620525,65.25494944960639,2.6602461730362847e-05,Gauss,low
175,0.012949996518716034,0.03970656171441078,0.026756565195694748,206.61445859869318,0.004227357916533947,N_wave,low
176,0.1128621543863002,0.04252607747912407,0.07033607690717614,62.32033872615309,8.031001925701275e-05,Step_up,high
177,0.20018219765660727,0.09207005053758621,0.10811214711902106,54.00687393015674,0.0001999997766688466,Step_up,high
178,0.049590281573246485,0.05540477856993675,0.005814496996690267,11.725073567291734,1.3654568647325505e-05,Gauss,low
179,0.15488911421616283,0.1484464854001999,0.006442628815962942,4.159510401080626,0.00013377451978158206,Step_up,high
180,0.4609305145149072,0.4154950678348541,0.04543544668005306,9.857331039987722,7.653383363503963e-06,Gauss,high
181,0.013812469066293243,0.042679402977228165,0.028866933910934922,208.99184477726212,0.00012989825336262584,Gauss,low
182,0.041818343318898964,0.04306468367576599,0.0012463403568670275,2.9803676041460228,4.9545164074515924e-05,Step_up,low
183,0.46689077186379935,0.4491818845272064,0.017708887336592927,3.7929401058624768,5.753193818236468e-06,Gauss,high
184,0.23160502611863126,0.10569655150175095,0.12590847461688032,54.363446565442096,0.0010067372350022197,N_wave,high
185,0.028800736054712117,0.04374407231807709,0.01494333626336497,51.88525819262899,3.300344542367384e-05,Gauss,low
186,0.01973222998243489,0.02800471894443035,0.00827248896199546,41.92374085118312,8.54536410770379e-05,Step_up,low
187,0.38304191140963323,0.3393166661262512,0.04372524528338201,11.415263964840989,0.0011287886882200837,N_wave,high
188,0.25585137192278373,0.18354101479053497,0.07231035713224876,28.262641934971573,0.000845134723931551,N_wave,high
189,0.00887661776023472,0.042283352464437485,0.033406734704202766,376.3453108666854,0.0001796726428437978,Step_up,low
190,0.3928384152319663,0.20218686759471893,0.19065154763724734,48.53179837941,0.0006696285563521087,N_wave,high
191,0.13367020250564904,0.18021389842033386,0.046543695914684824,34.819799059343715,0.00033562598400749266,Step_down,high
192,0.3884955174283592,0.129509836435318,0.2589856809930412,66.66375012700105,0.00033657587482593954,Step_up,high
193,0.03121847248535704,0.044229257851839066,0.013010785366482026,41.67655983996241,2.291375676577445e-05,Gauss,low
194,0.18955714409747998,0.15338507294654846,0.03617207115093152,19.08240985754142,0.0010879399487748742,N_wave,high
195,0.048070392079303574,0.06217649579048157,0.014106103711177993,29.344682040260068,2.071989183605183e-05,Gauss,low
196,0.21077012431113268,0.13827364146709442,0.07249648284403826,34.39599567584876,0.0006033072713762522,N_wave,high
197,0.04132154562926178,0.04567514359951019,0.00435359797024841,10.53590301124994,5.824894833494909e-05,Step_down,low
198,0.4885162035897459,0.5083038806915283,0.01978767710178242,4.050567198462886,0.0002790716534946114,Step_up,high
199,0.24920140784243394,0.3868831992149353,0.13768179137250136,55.24920286949396,0.00025099440244957805,Step_down,high
200,0.0270671439987086,0.047402940690517426,0.020335796691808825,75.1309288219661,0.0021242708899080753,N_wave,low
201,0.26722813781526655,0.09313642233610153,0.17409171547916502,65.14722472807625,0.0003395390813238919,Step_up,high
202,0.45272240845484146,0.4281570017337799,0.024565406721061556,5.42615215467337,4.0762865864962805e-06,Gauss,high
203,0.2425995434194076,0.2346416860818863,0.007957857337521301,3.2802441527120716,4.27578834205633e-06,Gauss,high
204,0.010548145400341713,0.03559575602412224,0.025047610623780525,237.45985358685985,0.00013197911903262138,Gauss,low
206,0.4174163035957336,0.44985562562942505,0.03243932203369143,7.771455440108735,0.00035950884921476245,Step_up,high
207,0.04666147904573377,0.0509355291724205,0.004274050126686732,9.159697065105153,0.0011708816746249795,N_wave,low
208,0.2866952958207467,0.036423150449991226,0.2502721453707555,87.2955186286822,0.0004884321242570877,Step_up,high
209,0.027485052031982548,0.033230770379304886,0.005745718347322338,20.904884373645803,7.869189721532166e-05,Step_down,low
210,0.20795036205916573,0.11576434969902039,0.09218601236014534,44.330777521761036,0.00018391862977296114,Step_up,high
211,0.34586023517798703,0.18573880195617676,0.16012143322181027,46.29657212238012,0.0003228518762625754,Step_up,high
212,0.26760892519615875,0.20750606060028076,0.06010286459587799,22.459215271621556,0.0011073396308347583,N_wave,high
213,0.2632241794091002,0.40756556391716003,0.14434138450805983,54.83591394684376,0.00040415924740955234,Step_down,high
214,0.4581178184782061,0.34954601526260376,0.10857180321560234,23.699537288521206,0.0013406384969130158,N_wave,high
215,0.24954894331483313,0.07789234071969986,0.17165660259513327,68.78674792806868,0.0011909789172932506,N_wave,high
216,0.03859606442324159,0.05030161887407303,0.011705554450831442,30.32836281562078,2.1220219423412345e-05,Gauss,low
217,0.025364851441483396,0.08543496578931808,0.060070114347834686,236.82423091030586,0.0004588270967360586,Gauss,low
218,0.39735658007960944,0.5251615047454834,0.12780492466587395,32.163787155674775,0.00045541819417849183,Step_down,high
219,0.4074252757357205,0.2584812045097351,0.1489440712259854,36.55739594383906,0.0009600308258086443,N_wave,high
220,0.021940245811593553,0.06082113832235336,0.03888089251075981,177.21265679810463,0.002724055666476488,N_wave,low
221,0.037035642701632385,0.04185863584280014,0.004822993141167756,13.022571742639629,0.0013433363055810332,N_wave,low
222,0.012089131329403053,0.022716641426086426,0.010627510096683373,87.90962565552795,7.881569763412699e-05,Step_up,low
223,0.364775009809477,0.49890583753585815,0.13413082772638113,36.770837946502425,0.0006332785706035793,Step_down,high
224,0.4660231046361351,0.4204850196838379,0.04553808495229722,9.771636749180661,6.153013600851409e-06,Gauss,high
225,0.005964739900395907,0.04335860162973404,0.03739386172933813,626.9152109525535,0.010541587136685848,N_wave,low
226,0.03855807081318282,0.07354997098445892,0.034991900171276104,90.75116942653817,0.00018925970653072,Step_up,low
227,0.2558837853897828,0.3625323474407196,0.10664856205093681,41.67851506826864,0.0005796740297228098,Step_down,high
228,0.04009281447445419,0.046342633664608,0.006249819190153813,15.588377299219017,5.503359261638252e-06,Gauss,low
229,0.4219181852347418,0.03946851193904877,0.382449673295693,90.64545845136071,0.0008508119499310851,Step_up,high
230,0.32553657017164656,0.05643606558442116,0.2691005045872254,82.66367875207877,0.00030599735327996314,Step_up,high
231,0.22680514644201166,0.04948870465159416,0.1773164417904175,78.1800786146415,0.0012599816545844078,N_wave,high
232,0.1987475581230026,0.04876764118671417,0.14997991693628843,75.46252057268929,0.0013450933620333672,N_wave,high
233,0.0315993268448318,0.03729715943336487,0.005697832588533069,18.03149990033719,0.00010731355723692104,Step_up,low
234,0.13973873473859388,0.13542474806308746,0.0043139866755064205,3.0871802893997136,7.4334725468361285e-06,Gauss,high
235,0.02407087902175347,0.025457436218857765,0.0013865571971042948,5.76030977452559,4.300221553421579e-05,Step_down,low
236,0.04224967058870742,0.03686313331127167,0.005386537277435752,12.749300059336976,4.874870501225814e-05,Step_down,low
237,0.4781668689571787,0.12069552391767502,0.3574713450395037,74.7587020863874,0.0005968190380372107,Step_up,high
238,0.0385011053147337,0.04781799763441086,0.00931689231967716,24.19902556956397,0.0009198798215948045,N_wave,low
239,0.016530779627023623,0.02135913074016571,0.0048283511131420875,29.208248020250423,8.641124441055581e-05,Step_down,low
240,0.15317546057376835,0.18560756742954254,0.03243210685577419,21.173174041252572,0.0004131165042053908,Step_down,high
241,0.033904975175409295,0.04535488784313202,0.011449912667722724,33.77059740786111,2.099454650306143e-05,Gauss,low
242,0.3902381595882542,0.05411342903971672,0.3361247305485375,86.13322974441748,0.0008242389303632081,Step_up,high
243,0.20857732521635208,0.30716052651405334,0.09858320129770126,47.26458218574015,0.00027475907700136304,Step_down,high
244,0.022862379908775873,0.03785644844174385,0.014994068532967978,65.58402315417918,2.7826630685012788e-05,Gauss,low
245,0.32932367123308426,0.17071007192134857,0.1586135993117357,48.16343711881989,0.000201064336579293,Step_up,high
246,0.1196230633459808,0.11993203312158585,0.0003089697756050447,0.25828612557047154,9.228731869370677e-06,Gauss,high
247,0.04434208134548829,0.050247061997652054,0.005904980652163765,13.316877496470028,1.6764079191489145e-05,Gauss,low
248,0.10566322077108486,0.0602116622030735,0.04545155856801136,43.015496060337156,0.00017454454791732132,Step_up,high
249,0.03774984359458504,0.046333298087120056,0.008583454492535017,22.737722001492624,5.9241556300548837e-05,Step_up,low
250,0.455989934605745,0.4081704020500183,0.047819532555726685,10.486971076910304,7.434506642312044e-06,Gauss,high
251,0.23696258633691436,0.2288583368062973,0.008104249530617058,3.4200544718457806,2.4947630663518794e-06,Gauss,high
252,0.3099703254870012,0.03273112326860428,0.27723920221839693,89.44056234506328,0.0007131535094231367,Step_up,high
253,0.04685463052376482,0.0572238564491272,0.01036922592536238,22.130632147665906,9.371850865136366e-06,Gauss,low
254,0.017712440164843073,0.023429837077856064,0.005717396913012991,32.2789906969526,0.0001595339854247868,Step_down,low
255,0.006226649588203326,0.029871787875890732,0.023645138287687405,379.74094981166445,9.407786274095997e-05,Gauss,low
256,0.04731034230804007,0.09735380858182907,0.050043466273789,105.77701160552468,6.79988443152979e-05,Step_up,low
257,0.2036855235496528,0.20024150609970093,0.003444017449951875,1.690850380494675,1.2096906175429467e-05,Gauss,high
258,0.029376592818286612,0.023736367002129555,0.005640225816157057,19.199727657477275,7.218879909487441e-05,Step_down,low
259,0.04975675674809853,0.06063251942396164,0.010875762675863113,21.857860895000425,1.635442822589539e-05,Gauss,low
260,0.3092443872879428,0.37812796235084534,0.06888357506290255,22.274802031819533,0.000496799242682755,Step_down,high
261,0.015590297218483064,0.024690885096788406,0.009100587878305342,58.37340847816645,0.00018492988601792604,Step_down,low
262,0.47810962032234383,0.4481651782989502,0.029944442023393636,6.263091297599272,1.1243339940847363e-05,Gauss,high
263,0.3784809290381374,0.3453287184238434,0.03315221061429402,8.759281662763371,7.802581421856303e-06,Gauss,high
264,0.019919614580905534,0.02055765688419342,0.0006380423032878862,3.203085585297912,4.8459307436132804e-05,Step_down,low
265,0.009669615554847497,0.048891618847846985,0.03922200329299949,405.621123927073,0.005573965609073639,N_wave,low
266,0.037795642808164324,0.07818864285945892,0.0403930000512946,106.87210760328495,0.00012415517994668335,Gauss,low
267,0.16398917991330117,0.1639644205570221,2.4759356279074884e-05,0.015098164581446664,4.168934992776485e-06,Gauss,high
268,0.33223680767969666,0.3023418188095093,0.029894988870187378,8.998096592298282,1.0221175216429401e-05,Gauss,high
269,0.15273806157843905,0.13827840983867645,0.014459651739762602,9.466960357053377,6.437655429181177e-06,Gauss,high
270,0.48713745780906187,0.29945236444473267,0.1876850933643292,38.528158809313766,0.002159589435905218,N_wave,high
271,0.09577312183863715,0.06591571122407913,0.029857410614558016,31.175146054926685,0.0003187250404153019,N_wave,high
272,0.33622073821309056,0.128358855843544,0.20786188236954656,61.82304026642387,0.00018656908650882542,Step_up,high
273,0.04860760182166843,0.0413813441991806,0.007226257622487825,14.866517482182148,7.236967940116301e-05,Step_down,low
274,0.01081984978398233,0.047369349747896194,0.036549499963913865,337.8004380247647,0.00021775475761387497,Gauss,low
275,0.19617449806969606,0.18921951949596405,0.006954978573732007,3.5453020867478258,4.983253802492982e-06,Gauss,high
276,0.28441953965287003,0.26957476139068604,0.014844778262184,5.219324340480207,6.690713689749828e-06,Gauss,high
277,0.035522749874751416,0.05168549716472626,0.01616274728997484,45.49970750283291,2.9635344617418014e-05,Gauss,low
278,0.3096400116993464,0.17210347950458527,0.13753653219476114,44.4182040427986,0.00011467860895209014,Step_up,high
279,0.022877411533672547,0.040020328015089035,0.017142916481416488,74.93381170410981,4.057514524902217e-05,Gauss,low
280,0.015345185408960224,0.047690778970718384,0.03234559356175816,210.7865933172186,0.0002990146167576313,Step_up,low
281,0.03954199404378372,0.0447525754570961,0.005210581413312383,13.177335992572491,3.479900988168083e-05,Step_down,low
282,0.014410936957351989,0.023051608353853226,0.008640671396501237,59.95912286669917,7.624005229445174e-05,Step_up,low
283,0.02361585751410822,0.02162148803472519,0.001994369479383029,8.44504366691569,8.625590999145061e-05,Step_down,low
284,0.20782077555418949,0.20060350000858307,0.007217275545606416,3.472836402597537,3.920459221262718e-06,Gauss,high
285,0.12662859691685907,0.1236523762345314,0.0029762206823276682,2.3503543076306648,4.3387308323872276e-06,Gauss,high
286,0.3586961694444128,0.33000046014785767,0.028695709296555127,8.000004388394258,6.8359709075593855e-06,Gauss,high
287,0.20516816430770685,0.20771828293800354,0.002550118630296694,1.242940706177046,4.685263775172643e-06,Gauss,high
288,0.36240582232067137,0.34092459082603455,0.02148123149463682,5.927396904685862,3.94513017454301e-06,Gauss,high
289,0.4106453340792512,0.2617856562137604,0.1488596778654908,36.250181241986816,0.00034334493102505803,Step_down,high
290,0.0791319951660809,0.040988415479660034,0.03814357968642086,48.202474367499214,0.00012472664820961654,Step_up,high
291,0.08171029221465054,0.09651017189025879,0.014799879675608252,18.11262605294496,0.00019523865194059908,Step_down,high
292,0.008957782569057176,0.03609096631407738,0.027133183745020203,302.90067364155755,0.00020981335546821356,Gauss,low
293,0.443855769132149,0.43215686082839966,0.011698908303749367,2.635745464483589,0.0009494213736616075,N_wave,high
294,0.47664567811425296,0.4859611392021179,0.009315461087864962,1.954378590973404,0.001170921023003757,Step_down,high
295,0.3222533754185638,0.3085440695285797,0.013709305889984091,4.254200866686825,3.786816705542151e-06,Gauss,high
296,0.342074201107983,0.3121190369129181,0.029955164195064887,8.756920018533904,1.3817863873555325e-05,Gauss,high
297,0.03636128946333765,0.0485970675945282,0.012235778131190547,33.650561659887316,3.5341559851076454e-05,Gauss,low
298,0.38831761900390094,0.3782166540622711,0.01010096494162982,2.601212112790676,2.5233812266378663e-06,Gauss,high
299,0.45598271760400855,0.4351799488067627,0.020802768797245852,4.56218360786904,3.819315224973252e-06,Gauss,high
300,0.19137330249138468,0.2670280933380127,0.07565479084662802,39.53257317594437,0.0003963718772865832,Step_down,high
301,0.030064163305962958,0.04349921643733978,0.013435053131376825,44.68793292082771,0.0016986369155347347,N_wave,low
302,0.04427715038046202,0.04832254722714424,0.004045396846682224,9.136533882422837,0.0006577760796062648,N_wave,low
303,0.2540895067949448,0.24465465545654297,0.009434851338401828,3.713199910304024,3.7149891340959584e-06,Gauss,high
304,0.3781142634852384,0.05203396454453468,0.32608029894070373,86.23856078188754,0.0006640336941927671,Step_up,high
305,0.021423040148694214,0.07178596407175064,0.05036292392305643,235.08766063777443,0.0005787901463918388,Gauss,low
306,0.02069281548270478,0.03546854481101036,0.014775729328305582,71.40511807421883,6.228554411791265e-05,Step_up,low
307,0.00970571875255254,0.04902919381856918,0.03932347506601665,405.1577844832443,0.004090764094144106,N_wave,low
308,0.02729797125169672,0.04388986900448799,0.01659189775279127,60.780699048322106,3.171485150232911e-05,Gauss,low
309,0.42727438907549464,0.05433250963687897,0.3729418794386157,87.28393018021985,0.0004965467378497124,Step_up,high
310,0.020443148590365615,0.051452457904815674,0.03100930931445006,151.68558393722202,0.00012001978029729798,Gauss,low
311,0.1257415928213002,0.030301131308078766,0.09544046151322144,75.90206181725267,0.0005350640276446939,Step_up,high
312,0.21171732846301755,0.08877626061439514,0.12294106784862241,58.06849573491457,0.0009428064222447574,N_wave,high
313,0.3417445584050545,0.30863094329833984,0.03311361510671468,9.689580797206606,5.402845999924466e-06,Gauss,high
314,0.25056237326243097,0.31802868843078613,0.06746631516835516,26.925956315752607,0.0004577974323183298,Step_down,high
315,0.22791077797692116,0.3429068624973297,0.11499608452040855,50.45662409701982,0.00039351292070932686,Step_down,high
316,0.009761146423480156,0.021687142550945282,0.011925996127465126,122.17823204431693,7.809568342054263e-05,Step_up,low
317,0.027796903549703097,0.04023066908121109,0.012433765531507993,44.7307575438229,9.386075544171035e-05,Step_up,low
318,0.4473871128633082,0.5895076990127563,0.14212058614944817,31.766803750753276,0.0004816112050320953,Step_down,high
319,0.16000614070671268,0.19395126402378082,0.03394512331706814,21.214887858140845,0.0003302103141322732,Step_down,high
320,0.03420071365735952,0.04634454846382141,0.01214383480646189,35.507547965592536,2.497170862625353e-05,Gauss,low
321,0.031034785410249316,0.05059085413813591,0.019556068727886594,63.013384720965895,0.0015921264421194792,N_wave,low
322,0.032476177639652985,0.020486261695623398,0.011989915944029587,36.91911060798626,5.218427031650208e-05,Step_up,low
323,0.008206202786254824,0.030655190348625183,0.02244898756237036,273.5612090889568,0.00010972710879286751,Gauss,low
324,0.20263557288852296,0.19560407102108002,0.007031501867442946,3.470023435278674,3.883234967361204e-06,Gauss,high
325,0.013294498700201888,0.03908642381429672,0.025791925114094835,194.00449536095078,9.729607700137421e-05,Gauss,low
326,0.2507429529117091,0.06820491701364517,0.18253803589806394,72.79886982998829,0.0001653901708777994,Step_up,high
327,0.03947246886031243,0.049930401146411896,0.010457932286099467,26.494244186013884,9.115807915804908e-05,Step_up,low
328,0.046732023552554604,0.06242562457919121,0.015693601026636604,33.582113149856774,3.92791407648474e-05,Gauss,low
329,0.4865935871396564,0.43275582790374756,0.05383775923590883,11.06421470788043,7.7077793321223e-06,Gauss,high
330,0.2594484631147501,0.09617817401885986,0.16327028909589025,62.9297576619979,0.0002680599573068321,Step_up,high
331,0.01907177777410653,0.025114811956882477,0.006043034182775946,31.685741383692527,0.00010725249740062281,Step_down,low
332,0.005539422234061968,0.032915323972702026,0.02737590173864006,494.20139108200385,0.00018360439571551979,Gauss,low
333,0.02802402976001622,0.05077492445707321,0.022750894697056993,81.18352318308352,0.0024118584115058184,N_wave,low
334,0.01848172696050169,0.04026797413825989,0.0217862471777582,117.8799320232291,7.750099757686257e-05,Gauss,low
335,0.017888548909179767,0.046438489109277725,0.02854994020009796,159.59897219749973,0.00011581087164813653,Gauss,low
336,0.055596836071163745,0.04908943176269531,0.006507404308468433,11.704630637863959,0.00010383834887761623,Step_down,high
337,0.027079854227686335,0.040810491889715195,0.01373063766202886,50.704252491842105,1.8034121239907108e-05,Gauss,low
338,0.09475186053764101,0.13469228148460388,0.039940420946962873,42.15265085068825,0.00011315091251162812,Gauss,high
339,0.006729298372914882,0.037880439311265945,0.031151140938351064,462.9181113997409,0.0002069225301966071,Gauss,low
340,0.037463026544485675,0.0525764524936676,0.015113425949181927,40.34224498983126,2.7406060326029547e-05,Gauss,low
341,0.03717910460378423,0.0333360992372036,0.0038430053665806305,10.336465623729612,0.00012878225243184716,Step_down,low
342,0.029946954291480213,0.04268186539411545,0.012734911102635235,42.5248957830021,3.7646830605808645e-05,Gauss,low
343,0.15116075976876756,0.10386543720960617,0.047295322559161385,31.288095291072636,8.615025581093505e-05,Step_up,high
344,0.22057655485887945,0.031080933287739754,0.1894956215711397,85.90923078491967,0.00043238094076514244,Step_up,high
345,0.4004225405499072,0.254801481962204,0.14562105858770324,36.366848476541634,0.0009826881578192115,N_wave,high
346,0.04965684638949344,0.03224882856011391,0.017408017829379535,35.05663185462132,7.693404768360779e-05,Step_up,low
347,0.4229230938100777,0.36866772174835205,0.05425537206172565,12.82866148853298,1.963257818715647e-05,Gauss,high
348,0.005111966366504371,0.021776653826236725,0.016664687459732354,325.99368354467254,0.00043933981214649975,Step_up,low
349,0.029465104946841694,0.04018651694059372,0.010721411993752025,36.38681081603014,2.734721238084603e-05,Gauss,low
350,0.20826274748957313,0.2051261067390442,0.0031366407505289406,1.5060978443521107,7.11926668373053e-06,Gauss,high
351,0.15351773200188146,0.06136669963598251,0.09215103236589894,60.02631172584648,0.0006772993947379291,N_wave,high
352,0.04615163253756877,0.06421642750501633,0.018064794967447555,39.14226642522837,5.108450568513945e-05,Step_up,low
353,0.2994284253003844,0.23717577755451202,0.06225264774587236,20.79049364916539,0.00023504524142481387,N_wave,high
354,0.21267126534840775,0.20117338001728058,0.011497885331127167,5.406412244875117,7.1295967245532665e-06,Gauss,high
355,0.016279688671392883,0.04266350716352463,0.026383818492131745,162.06586639764257,0.003391988342627883,N_wave,low
356,0.03195363698815255,0.04333978146314621,0.011386144474993656,35.633328623014954,3.909391671186313e-05,Gauss,low
357,0.02301374086659125,0.04450496658682823,0.02149122572023698,93.3843213270708,7.092767191352323e-05,Step_up,low
358,0.147150798539475,0.1509794294834137,0.0038286309439387045,2.6018417718009377,6.997434411459835e-06,Gauss,high
359,0.2479883195627569,0.1830691546201706,0.06491916494258632,26.17831559851254,0.00029368384275585413,Step_down,high
360,0.039495388658635874,0.04537857323884964,0.0058831845802137656,14.895877164453164,0.0010055981110781431,N_wave,low
361,0.3148721131675097,0.07987499237060547,0.2349971207969042,74.6325606395913,0.0005464557325467467,Step_up,high
362,0.03533036398321058,0.04754207283258438,0.012211708849373802,34.56434486544479,1.748821341607254e-05,Gauss,low
363,0.43791397585791014,0.3503616750240326,0.08755230083387755,19.99303645478664,0.0007403478375636041,N_wave,high
364,0.4187598459519397,0.24637803435325623,0.1723818115986835,41.164837857559874,0.0008964984444901347,N_wave,high
365,0.25439600933238943,0.09967470169067383,0.1547213076417156,60.81907811673233,0.0010368608636781573,N_wave,high
366,0.254785965928059,0.24453489482402802,0.010251071104031007,4.023404926048982,2.3791695639374666e-05,Gauss,high
367,0.01371623175156415,0.04032120108604431,0.02660496933448016,193.96704442126554,0.0001104501134250313,Gauss,low
368,0.0464625782164611,0.05039624497294426,0.003933666756483156,8.466311830903752,6.099849633756094e-05,Step_up,low
369,0.011439945622710468,0.03564322739839554,0.024203281775685072,211.56815402720932,0.00010610023309709504,Gauss,low
370,0.019631682544177225,0.04357074946165085,0.023939066917473623,121.94098424117993,0.0020421133376657963,N_wave,low
371,0.30278668177314016,0.2600829303264618,0.04270375144667837,14.10357654986745,0.0007159473607316613,N_wave,high
372,0.1786951629485165,0.17752137780189514,0.0011737851466213645,0.656864532454939,2.546946234360803e-06,Gauss,high
373,0.0407075178473666,0.05367068573832512,0.01296316789095852,31.844653215074665,1.3491970094037242e-05,Gauss,low
374,0.009076771804345109,0.01692545786499977,0.007848686060654662,86.47001632119303,7.648529572179541e-05,Step_up,low
375,0.026966956414639132,0.04470965266227722,0.01774269624763809,65.79421116283774,0.0017505891155451536,N_wave,low
376,0.2651207476347671,0.2599616050720215,0.005159142562745633,1.945959570788823,2.4215480607381323e-06,Gauss,high
377,0.09247120238930348,0.05095886066555977,0.04151234172374371,44.892183351284736,0.00011019594239769503,Step_up,high
378,0.3658115327604189,0.10257110744714737,0.2632404253132715,71.96066874296051,0.00028325343737378716,Step_up,high
379,0.007846003496020024,0.033432867377996445,0.02558686388197642,326.1133377643236,0.00019924534717574716,Step_up,low
380,0.05355545371096266,0.04643122851848602,0.007124225192476637,13.302520469578855,0.00015438573609571904,Step_up,high
381,0.04416869954857257,0.04321889951825142,0.000949800030321149,2.150391657505444,0.0013210959732532501,N_wave,low
382,0.10658837821731039,0.05523766204714775,0.05135071617016264,48.17665586905709,0.0007535191252827644,N_wave,high
383,0.35380537111655835,0.3449852168560028,0.008820154260555546,2.4929396161286133,3.854634542221902e-06,Gauss,high
384,0.18015278429224124,0.17647698521614075,0.0036757990761004944,2.040378721062488,5.5786813391023315e-06,Gauss,high
385,0.4082267494762014,0.41271674633026123,0.004489996854059819,1.0998781583570811,0.0007528315181843936,N_wave,high
386,0.028241259860872232,0.0598747693002224,0.031633509439350165,112.01167934854716,0.00032568335882388055,Gauss,low
387,0.20509234322178427,0.13361315429210663,0.07147918892967764,34.8521977011989,0.001354357460513711,N_wave,high
388,0.06854346343196743,0.0735284686088562,0.004985005176888768,7.272765231416438,9.209849849867169e-06,Gauss,high
389,0.1767875526795109,0.12689317762851715,0.049894375050993756,28.222787348295224,0.0001866194506874308,Step_down,high
390,0.11239445371273152,0.020215746015310287,0.09217870769742123,82.0135733147655,0.00027052758377976716,Step_up,high
391,0.36004600063911024,0.35117948055267334,0.008866520086436902,2.4626075753370746,5.653837888530688e-06,Gauss,high
392,0.012704042208699758,0.0343145951628685,0.021610552954168742,170.1076917028014,0.00010696377285057679,Gauss,low
393,0.25413489824962704,0.246898353099823,0.007236545149804041,2.847521217922561,2.962034386655432e-06,Gauss,high
394,0.12403353917872477,0.10098455101251602,0.023048988166208748,18.58286743958548,0.00012933032121509314,Step_down,high
395,0.035199597562156425,0.03361291438341141,0.0015866831787450172,4.507674202647369,7.462603389285505e-05,Step_down,low
396,0.02096555189110929,0.0431952103972435,0.02222965850613421,106.02944592916242,5.896873335586861e-05,Gauss,low
397,0.04683111818980564,0.05076223239302635,0.0039311142032207105,8.394235190558504,0.000531934667378664,N_wave,low
398,0.43821297215888155,0.22121138870716095,0.2170015834517206,49.51966218221468,0.0002945912128780037,Step_up,high
399,0.26447908213256394,0.23871734738349915,0.02576173474906479,9.740556622225544,1.1777678082580678e-05,Gauss,high
400,0.008032811144035593,0.03642570972442627,0.028392898580390676,353.46154753647556,0.005607764236629009,N_wave,low
401,0.030579963826774578,0.039208825677633286,0.008628861850858708,28.217371020248315,0.0013200227404013276,N_wave,low
402,0.21148887487549461,0.07748441398143768,0.13400446089405693,63.362416095384,0.0010490241693332791,N_wave,high
403,0.2776319890252422,0.04218968376517296,0.23544230526006926,84.80373824597818,0.0005507309106178582,Step_up,high
404,0.009024127324843912,0.03350850194692612,0.024484374622082205,271.3212451543696,8.949146285885945e-05,Gauss,low
405,0.031025604674669877,0.041915472596883774,0.010889867922213897,35.09961541895321,0.0016597831854596734,N_wave,low
406,0.46754707021425135,0.4264266788959503,0.04112039131830103,8.794920113488851,1.2358161256997846e-05,Gauss,high
407,0.017729104525960136,0.029674716293811798,0.011945611767851663,67.37853990516048,0.002027803333476186,N_wave,low
408,0.1935538674994292,0.18724475800991058,0.006309109489518627,3.2596142722579455,5.488755505211884e-06,Gauss,high
409,0.39223284210725057,0.5106290578842163,0.11839621577696574,30.185186722480513,0.0006695667398162186,Step_down,high
410,0.03846991845753812,0.08806297928094864,0.04959306082341052,128.91387040019276,0.00032661095610819757,Gauss,low
411,0.008371673162108942,0.009001661092042923,0.0006299879299339808,7.525233220825811,9.292051254305989e-05,Step_up,low
412,0.46516373106835596,0.42962920665740967,0.03553452441094629,7.639143389217608,1.1346247447363567e-05,Gauss,high
413,0.42541016837206375,0.3540988862514496,0.07131128212061416,16.762947250063217,0.0008673619013279676,N_wave,high
414,0.21498955936654762,0.2090682089328766,0.005921350433671035,2.754250230159036,3.863544861815171e-06,Gauss,high
415,0.023767960293300607,0.04165042191743851,0.0178824616241379,75.23767880569191,0.0026287485379725695,N_wave,low
416,0.2540289715357743,0.1772146373987198,0.07681433413705452,30.238414804681813,0.0001609736355021596,Step_up,high
417,0.017999555329636308,0.04658527672290802,0.028585721393271712,158.81348660989005,0.002401931444182992,N_wave,low
418,0.007604851013779849,0.03284667432308197,0.025241823309302122,331.9173940891729,0.00013732352817896754,Gauss,low
419,0.07160016193336789,0.07282008230686188,0.001219920373493985,1.7037955509503735,3.154905698465882e-06,Gauss,high
420,0.34475355726322177,0.298107385635376,0.04664617162784579,13.530294508964591,0.001320522278547287,N_wave,high
421,0.021225585965730324,0.037878021597862244,0.01665243563213192,78.45453905968974,3.7977781175868586e-05,Gauss,low
422,0.4130744562006262,0.0325491763651371,0.3805252798354891,92.12026406461496,0.0009949550731107593,Step_up,high
423,0.3467306776382886,0.35805749893188477,0.01132682129359619,3.266749100698956,0.00018400151748210192,Step_down,high
424,0.022095104302925543,0.03696424141526222,0.01486913711233668,67.29607114987868,3.962144910474308e-05,Gauss,low
425,0.18565877658077184,0.06573531031608582,0.11992346626468603,64.59348083257065,0.0007156666833907366,N_wave,high
426,0.032801298497329164,0.0552518330514431,0.022450534554113936,68.44404210382697,0.001911324099637568,N_wave,low
427,0.045920485613317776,0.055696360766887665,0.00977587515356989,21.288701595818292,1.5058690223668236e-05,Gauss,low
428,0.49398624059801477,0.09492615610361099,0.3990600844944038,80.78364369244488,0.00035548367304727435,Step_up,high
429,0.42416276719048024,0.38959014415740967,0.03457262303307057,8.150791561001139,8.686548426339868e-06,Gauss,high
430,0.008155137600117072,0.03659658879041672,0.028441451190299644,348.75501291224504,0.00014970367192290723,Gauss,low
431,0.0321878557692073,0.04309595748782158,0.010908101718614276,33.88887348330166,0.0012909932993352413,N_wave,low
432,0.138854222960701,0.21430346369743347,0.07544924073673248,54.33701556061884,0.0002664206549525261,Step_down,high
433,0.24931413369577787,0.24298526346683502,0.006328870228942851,2.538512412082328,6.034533271304099e-06,Gauss,high
435,0.0396302887855623,0.05796279013156891,0.018332501346006606,46.258813417189415,4.0345210436498746e-05,Gauss,low
436,0.4502944295197944,0.4267975687980652,0.02349686072172924,5.218110458702964,2.829928462233511e-06,Gauss,high
437,0.1800136163073469,0.20000214874744415,0.01998853244009724,11.103900277171114,0.0002903735439758748,Step_down,high
438,0.019814308762880643,0.008855708874762058,0.010958599888118585,55.30649602396426,0.00012474322284106165,Step_up,low
439,0.32702548459100295,0.1356225609779358,0.19140292361306716,58.52844277639303,0.00022302121215034276,Step_up,high
440,0.03244670376937855,0.046004682779312134,0.013557979009933586,41.78538167173972,2.9687451387871988e-05,Gauss,low
441,0.042546142851869556,0.05388724058866501,0.011341097736795452,26.655995059954307,9.86272789305076e-06,Gauss,low
442,0.020171397761622828,0.0479324534535408,0.027761055691917974,137.62584041020142,0.0030365402344614267,N_wave,low
443,0.011715794392926158,0.0343695692718029,0.022653774878876744,193.36098022132236,7.818938320269808e-05,Step_up,low
444,0.17623683862644623,0.17406190931797028,0.002174929308475959,1.2340945998730526,1.0220691365248058e-05,Gauss,high
445,0.4742828509475247,0.07806901633739471,0.39621383461013,83.53956585581199,0.000745381519664079,Step_up,high
446,0.04495249616140343,0.062450263649225235,0.017497767487821808,38.925018590726296,3.166940587107092e-05,Step_up,low
447,0.008238402458632365,0.05158529803156853,0.04334689557293616,526.1565672543273,0.010137142613530159,N_wave,low
448,0.04234660335851539,0.05937043949961662,0.017023836141101235,40.20118448928194,3.880961594404653e-05,Gauss,low
449,0.06683700082779488,0.0547337606549263,0.012103240172868582,18.108592580406928,0.0005123456940054893,N_wave,high
450,0.03994859526273436,0.061539337038993835,0.021590741776259477,54.046310350241974,4.164090205449611e-05,Gauss,low
451,0.3969256489059889,0.3610420525074005,0.0358835963985884,9.040382373245768,1.1555047422007192e-05,Gauss,high
452,0.4953328425328747,0.4513074457645416,0.04402539676833306,8.8880431475551,6.943811968085356e-06,Gauss,high
453,0.20038708865381571,0.1558617800474167,0.04452530860639903,22.21964943226455,0.00018813772476278245,Step_up,high
454,0.00730423770764973,0.029259391129016876,0.021955153421367148,300.58103665456434,0.00010526883124839514,Gauss,low
455,0.4346428591194144,0.5956094264984131,0.16096656737899867,37.03421418336807,0.000461759977042675,Step_down,high
456,0.04748694866747592,0.04408583790063858,0.0034011107668373425,7.162201114780791,0.0015243218513205647,N_wave,low
457,0.329519423393866,0.3307896554470062,0.0012702320531402522,0.38548017596582673,4.963197625329485e-06,Gauss,high
458,0.16356659325126183,0.08040821552276611,0.08315837772849571,50.84068578768556,0.0006451276130974293,N_wave,high
459,0.016469529466916613,0.07945834845304489,0.06298881898612828,382.45670049443675,8.278158929897472e-05,Step_up,low
460,0.04775442365993803,0.05649426206946373,0.008739838409525698,18.3016310106946,2.0591114662238397e-05,Gauss,low
461,0.22465687849000604,0.14217664301395416,0.08248023547605188,36.71387051686514,0.0010898985201492906,N_wave,high
462,0.17442682501501738,0.0463654100894928,0.12806141492552459,73.41841767428781,0.00018503976752981544,Step_up,high
463,0.31475452728671166,0.4286070764064789,0.11385254911976722,36.17185433398335,0.0007749582291580737,Step_down,high
464,0.02749929510470045,0.049199994653463364,0.021700699548762914,78.9136574815462,4.132637332077138e-05,Gauss,low
465,0.4385004626504844,0.13061796128749847,0.30788250136298595,70.21258301576522,0.00039696702151559293,Step_up,high
466,0.0612729420700884,0.06896928697824478,0.007696344908156384,12.56075626228744,8.355787031177897e-06,Gauss,high
467,0.1145090145158793,0.11601901799440384,0.0015100034785245353,1.3186765119833763,0.00015640616766177118,Step_down,high
468,0.007559013801436492,0.039126455783843994,0.031567441982407504,417.6132338375745,0.005871396977454424,N_wave,low
469,0.04895537869536294,0.03568420559167862,0.013271173103684322,27.10871298998116,5.261490878183395e-05,Step_up,low
470,0.3195037118550608,0.18786895275115967,0.13163475910390116,41.19975894477738,0.00022922508651390672,Step_up,high
471,0.028553334284941636,0.04653625935316086,0.017982925068219222,62.98012305239952,0.0011494546197354794,N_wave,low
472,0.04014302775020864,0.0574779212474823,0.017334893497273657,43.18282518483813,0.0020160258281975985,N_wave,low
473,0.030370094539935652,0.051544126123189926,0.021174031583254274,69.7200054988671,0.0016853198176249862,N_wave,low
474,0.04987315707608164,0.04282691329717636,0.007046243778905281,14.128329129347508,0.0009070828091353178,N_wave,low
475,0.08367715569255904,0.08453423529863358,0.0008570796060745345,1.0242695261100396,9.327344741905108e-05,Step_up,high
476,0.39857374123738426,0.06952480226755142,0.32904893896983284,82.55660243655049,0.0004985072300769389,Step_up,high
477,0.0315019838609195,0.0331481397151947,0.0016461558542752025,5.225562496454004,9.538968879496679e-05,Step_down,low
479,0.040735184117494154,0.04906201735138893,0.008326833233894777,20.44137866144744,1.300779877055902e-05,Gauss,low
480,0.4157040284009558,0.26103970408439636,0.15466432431655947,37.205394643754154,0.0013946336694061756,N_wave,high
481,0.044621504363554755,0.04893363639712334,0.004312132033568582,9.663797971568561,8.161646292137448e-06,Gauss,low
482,0.16523208653558816,0.053316958248615265,0.11191512828697289,67.73207954549935,0.0007999655790627003,N_wave,high
483,0.3973996410074974,0.2302136868238449,0.1671859541836525,42.06998118060664,0.00025531157734803855,Step_up,high
484,0.010454295908004483,0.028415171429514885,0.017960875521510402,171.80377980078407,6.217560439836234e-05,Gauss,low
485,0.0410637676642262,0.046597592532634735,0.005533824868408532,13.476174211918385,0.0017134005902335048,N_wave,low
486,0.024566412906306748,0.04839986935257912,0.02383345644627237,97.01642863844313,5.3376708819996566e-05,Gauss,low
487,0.02176551340579551,0.053322456777095795,0.031556943371300286,144.98598210367788,9.113019041251391e-05,Gauss,low
488,0.07773503002269817,0.03837161883711815,0.039363411185580024,50.63793141147066,0.00010582754475763068,Step_up,high
489,0.011046560000972021,0.03989383950829506,0.028847279507323038,261.1426498818155,0.005100741516798735,N_wave,low
490,0.012352888883238659,0.01613408327102661,0.0037811943877879527,30.6097984328068,7.983566320035607e-05,Step_up,low
491,0.4323914197659633,0.04508596286177635,0.38730545690418694,89.57288216168128,0.0008700485923327506,Step_up,high
492,0.04523536457304313,0.05686340853571892,0.011628043962675791,25.705648826814652,0.001439303974620998,N_wave,low
493,0.26778213495228864,0.39740219712257385,0.1296200621702852,48.405044717930835,0.00025115543394349515,Step_down,high
494,0.04000725149970881,0.06160774081945419,0.021600489319745383,53.99143532742458,0.00011179596913279966,Gauss,low
495,0.0533638898502922,0.014366207644343376,0.038997682205948826,73.07878476504143,0.00019710962078534067,Step_up,high
496,0.029301938239738364,0.05885281041264534,0.029550872172906976,100.8495476685942,0.00010079327330458909,Gauss,low
497,0.016908193158251802,0.022985903546214104,0.006077710387962301,35.94535697030502,6.300130189629272e-05,Step_up,low
498,0.011022626322773944,0.008144921623170376,0.002877704699603568,26.107250806987054,9.558775491314009e-05,Step_up,low
499,0.21680674525891197,0.20611362159252167,0.010693123666390303,4.932099162145766,3.6585008729161927e-06,Gauss,high
500,0.4772462313462275,0.44332635402679443,0.03391987731943308,7.107416484725522,4.710651410277933e-06,Gauss,high
501,0.028435185812891586,0.026194985955953598,0.0022401998569379876,7.878266988226798,0.00010375351848779246,Step_down,low
502,0.2772651367926448,0.33376699686050415,0.056501860067859344,20.37827789005971,0.0007095241453498602,Step_down,high
503,0.015236964438786877,0.03267611935734749,0.01743915491856061,114.45294755803124,0.0002103522710967809,Gauss,low
504,0.019448848610773936,0.02890150621533394,0.009452657604560002,48.60265917913302,0.0002909802133217454,Step_down,low
505,0.04077628144124938,0.05655193701386452,0.015775655572615135,38.68831343864633,2.6143537979805842e-05,Gauss,low
506,0.04132800711205387,0.04581607133150101,0.004488064219447134,10.859619258384539,1.7509892131784e-05,Gauss,low
507,0.3644646682795658,0.2924066483974457,0.07205801988212013,19.770920518102837,0.0009006377658806741,N_wave,high
508,0.35276413426371256,0.2825533151626587,0.07021081910105387,19.903049171253624,0.001348433899693191,N_wave,high
509,0.47917380065755344,0.4515379071235657,0.027635893533987765,5.767404957463032,6.443932306865463e-06,Gauss,high
510,0.09622446839736895,0.05631834268569946,0.03990612571166949,41.471910810536244,0.0006376490346156061,N_wave,high
511,0.2369583534922614,0.03173869475722313,0.20521965873503828,86.60579199278592,0.0002690990804694593,Step_up,high
513,0.03635682806411184,0.04512434080243111,0.008767512738319265,24.115175072089848,8.559451998735312e-06,Gauss,low
514,0.47030496758050716,0.45180565118789673,0.018499316392610432,3.933472463150988,4.744208581541898e-06,Gauss,high
515,0.040527119447205696,0.03835657611489296,0.002170543332312737,5.355779936790928,7.821431063348427e-05,Step_down,low
516,0.03653128849655008,0.045482877641916275,0.008951589145366194,24.503896560373335,5.110086567583494e-05,Step_up,low
517,0.03778059102157823,0.059628456830978394,0.021847865809400166,57.828279597113365,0.0015986573416739702,N_wave,low
518,0.03298418803648716,0.03122534230351448,0.0017588457329726775,5.332390571588543,9.134416177403182e-05,Step_up,low
519,0.30711940687708944,0.43034258484840393,0.12322317797131449,40.122237544118775,0.0006388879846781492,Step_down,high
520,0.48911178806437744,0.43897685408592224,0.0501349339784552,10.25019948442878,1.0591847058094572e-05,Gauss,high
521,0.411184135285364,0.026004478335380554,0.38517965694998346,93.6757097115789,0.000984004233032465,Step_up,high
522,0.12977008176589577,0.1308082491159439,0.0010381673500481359,0.8000051598341301,3.995271981693804e-06,Gauss,high
523,0.05952168267178093,0.06403470039367676,0.004513017721895829,7.582140691119001,0.00016452421550638974,Step_down,high
524,0.44932808739791935,0.3357852101325989,0.11354287726532047,25.26948135444921,0.0013081831857562065,N_wave,high
525,0.32768445387007594,0.3083588778972626,0.01932557597281337,5.897617584408137,7.450154043908697e-06,Gauss,high
526,0.04434528087544876,0.0484810546040535,0.004135773728604734,9.32629954520021,8.129480556817725e-05,Step_down,low
527,0.15616513480416255,0.022079549729824066,0.1340855850743385,85.86140897741822,0.0005081808194518089,Step_up,high
528,0.1342336262539678,0.13422787189483643,5.754359131387998e-06,0.004286823869676921,5.542667622648878e-06,Gauss,high
529,0.04188465319962306,0.05856983736157417,0.01668518416195111,39.836032740749225,3.132854544674046e-05,Gauss,low
530,0.01732107247634426,0.038425564765930176,0.021104492289585917,121.84287271131018,8.007467840798199e-05,Gauss,low
531,0.03182625335230161,0.048381466418504715,0.016555213066203105,52.01747401098302,3.6579298466676846e-05,Gauss,low
532,0.006767036299079902,0.019626231864094734,0.012859195565014832,190.02699256635088,8.089834591373801e-05,Step_up,low
533,0.02391688341534171,0.04347728192806244,0.01956039851272073,81.78489719180355,4.112650640308857e-05,Gauss,low
534,0.2800469654042299,0.200262188911438,0.07978477649279192,28.4897843394331,0.001189013826660812,N_wave,high
535,0.037652900738007596,0.03535992652177811,0.002292974216229489,6.08976777694823,0.00010597235814202577,Step_down,low
536,0.023387781578321803,0.03887956961989403,0.015491788041572224,66.2388093102922,5.843652252224274e-05,Step_up,low
537,0.030535094335518643,0.0425109937787056,0.011975899443186954,39.22011607888338,1.280003743886482e-05,Gauss,low
538,0.04356211225932143,0.04107008874416351,0.0024920235151579193,5.720621397610662,4.0858481952454895e-05,Step_down,low
539,0.010123558992200212,0.053060490638017654,0.04293693164581744,424.12882345920633,0.000692491012159735,Gauss,low
540,0.047228203778691136,0.0560179129242897,0.008789709145598568,18.611144278928496,2.54979186138371e-05,Gauss,low
541,0.012419993664320094,0.06420791149139404,0.05178791782707395,416.9721758864437,0.007571670226752758,N_wave,low
542,0.05065266931160831,0.06040318310260773,0.009750513790999414,19.249753119654137,1.2627768228412606e-05,Gauss,high
543,0.03436060516661857,0.03777323663234711,0.0034126314657285384,9.931814207521352,9.33406554395333e-05,Step_down,low
544,0.1335132232971537,0.13829679787158966,0.004783574574435956,3.582847044138387,6.634513738390524e-06,Gauss,high
545,0.18045614490466833,0.18206839263439178,0.0016122477297234594,0.8934291102002541,5.136757863510866e-06,Gauss,high
546,0.03611921972287572,0.05505911633372307,0.01893989661084735,52.43716989504059,0.00010264678712701425,Step_up,low
547,0.020723314621123413,0.03867625445127487,0.01795293983015146,86.63160386443155,3.999561522505246e-05,Gauss,low
548,0.022395823655964656,0.044418931007385254,0.022023107351420598,98.33577764198552,4.9285539716947824e-05,Step_up,low
549,0.3847605442623883,0.425152987241745,0.04039244297935668,10.498073043531969,0.0009118933230638504,Step_down,high
550,0.006160925368138217,0.031042469665408134,0.024881544297269916,403.8605048836831,0.00017009653674904257,Gauss,low
551,0.2053097179421149,0.2543392777442932,0.049029559802178324,23.880778900101426,0.00011862344399560243,Step_up,high
552,0.31417336935044327,0.2991484999656677,0.015024869384775541,4.78234976307496,8.394584256166127e-06,Gauss,high
553,0.0422893489475964,0.05294354259967804,0.010654193652081638,25.193562722575773,2.360317375860177e-05,Gauss,low
554,0.021166825161385714,0.04312244802713394,0.021955622865748228,103.72657542332566,0.001713037840090692,N_wave,low
555,0.30009556070233906,0.029638508334755898,0.27045705236758316,90.12364319372456,0.0005854875198565423,Step_up,high
556,0.027117771730335343,0.04877850413322449,0.021660732402889144,79.8765201591336,0.0020361498463898897,N_wave,low
557,0.03405102187646796,0.04645867273211479,0.01240765085564683,36.438409691961496,2.2367526980815455e-05,Gauss,low
558,0.2663982974315493,0.351009726524353,0.08461142909280372,31.761249943627934,0.00040617361082695425,Step_down,high
559,0.35114382990445636,0.48507869243621826,0.1339348625317619,38.1424507923732,0.0005514720687642694,Step_down,high
560,0.03922285939813608,0.0460343211889267,0.006811461790790618,17.366051061321418,8.087179594440386e-05,Step_up,low
561,0.2503420909249738,0.2479480803012848,0.0023940106236889913,0.9562956891681726,4.370440365164541e-06,Gauss,high
562,0.028107854948891276,0.050889723002910614,0.022781868054019338,81.05160673215292,6.694831245113164e-05,Step_up,low
563,0.46416612098256665,0.42508751153945923,0.039078609443107426,8.419099903367389,0.0006764930440112948,N_wave,high
564,0.19520914106739862,0.19605714082717896,0.0008479997597803379,0.43440576355364136,8.887804870028049e-05,Step_up,high
565,0.04240758140323669,0.020231707021594048,0.02217587438164264,52.29224032085475,0.00012476323172450066,Step_up,low
566,0.09773243785320404,0.11558116972446442,0.017848731871260376,18.262853422391352,2.9499929951271042e-05,Gauss,high
567,0.05161010765867728,0.06283677369356155,0.011226666034884272,21.752843666073453,5.854195114807226e-05,Step_up,high
568,0.015940425281359746,0.03556995093822479,0.019629525656865047,123.1430486350902,6.175513408379629e-05,Gauss,low
569,0.01423791150466501,0.023189887404441833,0.008951975899776823,62.87422068077706,0.0001898330810945481,Step_down,low
570,0.019974938424638804,0.03631778806447983,0.016342849639841023,81.81677105788897,3.813146395259537e-05,Gauss,low
571,0.19141698144652225,0.1841953694820404,0.007221611964481844,3.772712279709314,6.100376594986301e-06,Gauss,high
572,0.04957561726006996,0.05575265362858772,0.006177036368517762,12.459827451292222,7.499757430196041e-06,Gauss,low
573,0.38559680634195465,0.44819802045822144,0.06260121411626679,16.234889160557735,0.0004419435281306505,Step_down,high
574,0.24674877491473457,0.23436878621578217,0.012379988698952404,5.017244240920904,4.752480163006112e-05,Gauss,high
575,0.010057383934682413,0.02886224538087845,0.018804861446196038,186.9756744728454,0.00011771484423661605,Step_up,low
576,0.02396370181398763,0.05129315331578255,0.027329451501794916,114.04519933494872,0.00011664776684483513,Gauss,low
577,0.03380634436679101,0.04633476585149765,0.01252842148470664,37.05937959093171,1.0974392353091389e-05,Gauss,low
578,0.043027369835254674,0.04297494515776634,5.242467748833163e-05,0.12184030232165674,6.080099046812393e-05,Step_down,low
579,0.4417070039523521,0.4276128113269806,0.014094192625371482,3.1908465338466434,3.126514229734312e-06,Gauss,high
580,0.3927296938166285,0.0659303218126297,0.3267993720039988,83.2122900685443,0.0006348539027385414,Step_up,high
581,0.015030896184847955,0.030911633744835854,0.0158807375599879,105.65396344095991,4.535861444310285e-05,Gauss,low
582,0.22715461381662416,0.21658140420913696,0.0105732096074872,4.65463123545563,3.6630049180530477e-06,Gauss,high
583,0.02248986064848082,0.04006897658109665,0.017579115932615828,78.16462808453768,4.958659701514989e-05,Gauss,low
584,0.20902576704889236,0.19124549627304077,0.017780270775851592,8.506257877619786,0.00024551551905460656,Step_down,high
585,0.17499899458782975,0.11400219798088074,0.06099679660694901,34.855512599151254,8.606556366430596e-05,Step_up,high
586,0.040597705679195836,0.04182373732328415,0.0012260316440883129,3.0199530332488442,0.0001207733221235685,Step_down,low
587,0.02679160721066453,0.03990834578871727,0.01311673857805274,48.95838638912099,1.7340345948468894e-05,Gauss,low
588,0.017128603866468924,0.04200712963938713,0.024878525772918207,145.24549675423683,9.361640695715323e-05,Step_up,low
589,0.03706083537140892,0.04324369505047798,0.006182859679069064,16.683001387062404,0.0005411061574704945,Gauss,low
590,0.1629000178888461,0.23917683959007263,0.07627682170122654,46.82431757206657,0.00029787435778416693,Step_down,high
591,0.4139601739849764,0.3922085165977478,0.021751657387228618,5.2545289992118995,4.7642283789173234e-06,Gauss,high
592,0.10898976796117202,0.11309252679347992,0.004102758832307901,3.764352295684787,0.00021569206728599966,Step_down,high
593,0.01985626456056527,0.044228486716747284,0.024372222156182014,122.74323844669898,0.00318647688254714,N_wave,low
594,0.032772734606257965,0.04767289012670517,0.014900155520447204,45.46509682351016,1.9857348888763227e-05,Gauss,low
595,0.010538631633432608,0.01873854547739029,0.008199913843957681,77.80814558452151,5.248960223980248e-05,Step_up,low
596,0.03176409958172874,0.04564838111400604,0.013884281532277304,43.71060950918245,0.0013322985032573342,N_wave,low
597,0.020561870268581067,0.04154939949512482,0.02098752922654375,102.07013735814246,6.258159555727616e-05,Gauss,low
598,0.26074982154230425,0.24351394176483154,0.017235879777472707,6.610121408913925,3.900283445545938e-06,Gauss,high
599,0.03841137922753033,0.024578576907515526,0.013832802320014805,36.0122510521583,0.00015373789938166738,Step_down,low
600,0.25252899755052843,0.34817612171173096,0.09564712416120252,37.875699459847,0.0005964357405900955,Step_down,high
602,0.02484818648463975,0.031190937384963036,0.006342750900323286,25.526011341890666,0.00011555141827557236,Step_down,low
603,0.022537742754409805,0.025663454085588455,0.0031257113311786502,13.868786085807391,0.00021096317504998296,Step_down,low
604,0.022641241624244263,0.03307440131902695,0.010433159694782684,46.080333702242044,9.348884486826137e-05,Step_up,low
605,0.38978009741071157,0.4739605188369751,0.08418042142626353,21.59690091553406,0.0005110548227094114,Step_down,high
606,0.021352564642894808,0.037048060446977615,0.015695495804082808,73.5063729653926,0.0015927706845104694,N_wave,low
607,0.09146033922960084,0.09566653519868851,0.004206195969087667,4.598928895866532,5.5957880249479786e-06,Gauss,high
608,0.29452840181580553,0.4315549433231354,0.13702654150732985,46.52405019772068,0.00044855516171082854,Step_down,high
609,0.20016559279775675,0.019272692501544952,0.1808929002962118,90.37162569642142,0.0003036875568795949,Step_up,high
610,0.028882570853237744,0.05035035312175751,0.021467782268519763,74.32780959009824,4.383520354167558e-05,Gauss,low
611,0.016948964564561485,0.023546919226646423,0.006597954662084939,38.92836424875519,0.0001500534563092515,Step_down,low
612,0.40330509460916747,0.29853400588035583,0.10477108872881163,25.978121806356697,0.00026962466654367745,Step_up,high
613,0.32409882952827923,0.32971858978271484,0.005619760254435613,1.7339649953735055,0.00088531244546175,Step_down,high
614,0.022982357823699357,0.05743169039487839,0.034449332571179034,149.89468371976594,9.422851144336164e-05,Step_up,low
615,0.14281762963225964,0.1421121507883072,0.0007054788439524451,0.49397181970389714,1.673853716965823e-06,Gauss,high
616,0.14244004799858104,0.07079542428255081,0.07164462371603023,50.29809012472668,0.0001846938976086676,Step_up,high
617,0.060647146651199545,0.01938234269618988,0.041264803955009664,68.04080032377497,0.0001173108394141309,Step_up,high
618,0.03735707856109913,0.05535347759723663,0.017996399036137506,48.174000027072815,3.461738015175797e-05,Gauss,low
619,0.29595507275445093,0.27858468890190125,0.017370383852549687,5.869263767261597,3.462477707216749e-06,Gauss,high
620,0.04625243784251282,0.055323366075754166,0.009070928233241349,19.611784062339364,0.00037973359576426446,Gauss,low
621,0.4893976247753276,0.45802533626556396,0.031372288509763646,6.410388388003725,7.013930826360593e-06,Gauss,high
622,0.30724883726092855,0.43820875883102417,0.13095992157009562,42.62340672712749,0.0004474162415135652,Step_down,high
623,0.028971178213529722,0.06036216765642166,0.03139098944289194,108.35247780234272,0.0023641546722501516,N_wave,low
624,0.10149887363247256,0.11308380216360092,0.011584928531128358,11.413849352730146,0.0001727054623188451,Step_down,high
625,0.01367641275231241,0.022269798442721367,0.008593385690408958,62.83362345112016,0.00021273425954859704,Step_down,low
626,0.1531726341093335,0.1537364274263382,0.0005637933170047071,0.3680770525903966,7.669678780075628e-06,Gauss,high
627,0.01804841608101691,0.037714485079050064,0.019666068998033154,108.96285252819315,5.778939521405846e-05,Gauss,low
628,0.018489763344969434,0.029704343527555466,0.011214580182586031,60.65291357900055,0.0003089719684794545,Step_down,low
629,0.02575279409144666,0.02793334424495697,0.0021805501535103085,8.467237169556448,6.923070031916723e-05,Step_down,low
630,0.44827661408067027,0.3022363781929016,0.14604023588776865,32.57815181531816,0.0010015820153057575,N_wave,high
631,0.03699486059551705,0.039634667336940765,0.0026398067414237156,7.1356039702001235,0.0002044962311629206,Step_down,low
632,0.4768491830811467,0.41860663890838623,0.05824254417276048,12.214038786105919,0.0008126792963594198,N_wave,high
633,0.007502168921726057,0.029190322384238243,0.021688153462512186,289.09177717531713,9.222386870533228e-05,Gauss,low
634,0.14428661472639437,0.030140884220600128,0.11414573050579424,79.11040862816331,0.00035071783349849284,Step_up,high
635,0.0066821621857521265,0.041013289242982864,0.03433112705723074,513.7727295879233,0.00016756646800786257,Step_up,low
636,0.02254455177836932,0.037114087492227554,0.014569535713858234,64.6255284074318,3.1858664442552254e-05,Gauss,low
637,0.029532734943910947,0.05551372095942497,0.025980986015514025,87.97351841899349,0.0005377008928917348,Gauss,low
638,0.364316881544601,0.33469459414482117,0.029622287399779845,8.130912647854716,5.6017079259618185e-06,Gauss,high
639,0.42408002415449486,0.3143256604671478,0.10975436368734703,25.880578531414834,0.00046968116657808423,N_wave,high
640,0.4499830093223656,0.40826356410980225,0.04171944521256338,9.2713378834879,1.0882341484830249e-05,Gauss,high
641,0.03941380327430611,0.038800567388534546,0.0006132358857715639,1.5558911721958404,9.42341866903007e-05,Step_down,low
642,0.027282460605931987,0.05112135410308838,0.023838893497156392,87.37809188652557,8.426582644460723e-05,Gauss,low
644,0.1995115559198411,0.04075663164258003,0.15875492427726107,79.57179399725845,0.0003285306447651237,Step_up,high
645,0.03828254662449297,0.050484951585531235,0.012202404961038263,31.87459047782163,0.0014119301922619343,N_wave,low
646,0.009630805101942946,0.0379643552005291,0.028333550098586152,294.1971081199645,0.003369936952367425,N_wave,low
647,0.024674340565727364,0.04853162541985512,0.023857284854127754,96.68864215672495,0.0028656846843659878,N_wave,low
648,0.1622307807577846,0.07391702383756638,0.08831375692021823,54.43711514405722,0.000206869124667719,Step_up,high
650,0.048619789502696395,0.04193064942955971,0.006689140073136687,13.758060537809847,0.00012092301767552271,Step_down,low
651,0.4300023260103641,0.39967483282089233,0.030327493189471755,7.052867241639244,5.6140806918847375e-06,Gauss,high
652,0.032524362574907636,0.04684579372406006,0.014321431149152422,44.03293413104836,3.561324410839006e-05,Gauss,low
653,0.005348630004067026,0.030825521796941757,0.025476891792874733,476.32555950780755,0.00017765485972631723,Gauss,low
654,0.043349747951212665,0.04293380305171013,0.0004159448995025364,0.9595093839314947,8.734114089747891e-05,Step_down,low
655,0.0406157768547112,0.047140639275312424,0.006524862420601227,16.06484702715807,0.000638626457657665,N_wave,low
656,0.03358467550065877,0.03107786364853382,0.0025068118521249516,7.46415385813622,7.652228669030592e-05,Step_down,low
657,0.2259951386164767,0.09108144789934158,0.1349136907171351,59.697607454330836,0.00019130410510115325,Step_up,high
658,0.13591415690550054,0.13603602349758148,0.00012186659208093809,0.08966438438467483,4.726552106149029e-06,Gauss,high
659,0.0826304946363026,0.07552780956029892,0.007102685076003687,8.595718937985417,8.950939809437841e-05,Gauss,high
660,0.47129077357125926,0.4126681685447693,0.05862260502648997,12.438733858986998,2.3145603336161003e-05,Gauss,high
661,0.038512141659646726,0.04398764297366142,0.005475501314014697,14.217597562879664,6.853730155853555e-05,Step_up,low
662,0.0494212511641142,0.05942447483539581,0.010003223671281612,20.24073335995419,0.00011532250209711492,Step_up,low
663,0.04795974604174519,0.0537758469581604,0.005816100916415212,12.127046943394475,0.0008020090172067285,N_wave,low
664,0.47928432653132064,0.4613695740699768,0.01791475246134383,3.7378131246219928,4.2507303987804335e-06,Gauss,high
665,0.01668936181700783,0.06058343127369881,0.04389406945669098,263.0062787179754,0.00014693841512780637,Step_up,low
666,0.4277226227274773,0.2228245735168457,0.2048980492106316,47.90442177316911,0.0002433685294818133,Step_up,high
667,0.3623291669605499,0.3342858850955963,0.028043281864953584,7.7397252062809825,1.604704448254779e-05,Gauss,high
668,0.2688441348939553,0.10878945142030716,0.16005468347364815,59.53437799071987,0.00030253894510678947,Step_up,high
669,0.02348589424499552,0.034772615879774094,0.011286721634778573,48.05744893952079,0.00019121554214507341,Step_down,low
670,0.24148556696975526,0.2883150577545166,0.04682949078476134,19.392252453177246,0.00030110255465842783,Step_down,high
671,0.0321005330560107,0.04861922189593315,0.016518688839922455,51.459235306466034,3.162660505040549e-05,Gauss,low
672,0.160860791073847,0.06843642890453339,0.0924243621693136,57.45611565896378,0.0006424278835766017,N_wave,high
673,0.032633218897819255,0.04745311290025711,0.014819894002437856,45.41352187426478,3.3929205528693274e-05,Gauss,low
674,0.3705373011427807,0.3266877830028534,0.043849518139927324,11.834036142836426,9.028287422552239e-06,Gauss,high
675,0.16470173846528915,0.08052384853363037,0.08417788993165878,51.109290476250344,0.0006434674141928554,N_wave,high
676,0.09407912458658022,0.07311992347240448,0.020959201114175735,22.278269707842743,0.00010464499064255506,Step_up,high
677,0.0064997978033863625,0.030466409400105476,0.023966611596719114,368.7285715908367,0.00013838600716553628,Gauss,low
678,0.031001574053739146,0.04628100246191025,0.015279428408171102,49.28597619490301,0.0019254093058407307,N_wave,low
679,0.040398876432259985,0.04273452237248421,0.002335645940224222,5.781462620973101,0.00011970927153015509,Step_down,low
680,0.4734764890515771,0.5290666818618774,0.055590192810300365,11.740856007793193,0.001291289459913969,Step_down,high
681,0.021637573587923994,0.03113311529159546,0.009495541703671465,43.88450333900174,7.834299321984872e-05,Step_up,low
682,0.011168594950038961,0.05207956209778786,0.040910967147748896,366.3036159047578,0.000184124568477273,Step_up,low
683,0.2016971791865812,0.29674190282821655,0.09504472364163535,47.122485314340295,0.0002678344608284533,Step_down,high
684,0.21090905060803367,0.21205390989780426,0.0011448592897705945,0.5428213187011455,3.2543014185648644e-06,Gauss,high
685,0.3698390090623003,0.45012372732162476,0.08028471825932448,21.708017892131096,0.00036365867708809674,Step_down,high
686,0.017232131457205205,0.03812821954488754,0.020896088087682337,121.26235306164135,3.896138150594197e-05,Gauss,low
687,0.04730849004141088,0.06448902189731598,0.017180531855905096,36.31595901891254,3.587224273360334e-05,Gauss,low
688,0.021949383640212226,0.02888927049934864,0.006939886859136414,31.61768445480282,0.0002820249937940389,Step_down,low
690,0.04877000315776373,0.057368118315935135,0.008598115158171403,17.62992536694692,1.1118269867438357e-05,Gauss,low
691,0.031438845392694946,0.060423705726861954,0.028984860334167008,92.19441735892076,8.824448013911024e-05,Gauss,low
692,0.012453654731300817,0.037683382630348206,0.02522972789904739,202.588946324611,0.00011915244976989925,Gauss,low
693,0.032492965430677416,0.03455929830670357,0.0020663328760261515,6.359323775586439,0.00011729793186532333,Step_down,low
694,0.11741635224260615,0.022460540756583214,0.09495581148602293,80.87102832987424,0.00027839813265018165,Step_up,high
695,0.12537968854710665,0.04524024948477745,0.0801394390623292,63.91740160705523,0.000684775528497994,N_wave,high
696,0.3363056217540901,0.30764859914779663,0.028657022606293492,8.521125057864118,4.947533852828201e-06,Gauss,high
697,0.15720664505624965,0.19904296100139618,0.04183631594514653,26.61230759690673,0.0003772656200453639,Step_down,high
698,0.011351058462209618,0.04598953574895859,0.03463847728674897,305.1563640700885,0.0044316877610981464,N_wave,low
699,0.030863190619077205,0.04744650423526764,0.016583313616190434,53.731689055958874,2.578772182459943e-05,Gauss,low
700,0.02269015225162916,0.037448979914188385,0.014758827662559225,65.0450799046513,0.0020299856550991535,N_wave,low
701,0.022200225594867114,0.06235111877322197,0.04015089317835485,180.85804131485082,0.0002851670724339783,Gauss,low
702,0.0427982909720395,0.03563769906759262,0.007160591904446879,16.731022996046637,0.00014745831140317023,Step_down,low
703,0.4684626900049345,0.43487468361854553,0.03358800638638898,7.169835955566746,6.334780664474238e-06,Gauss,high
704,0.379580785493395,0.505089282989502,0.12550849749610693,33.06502918290917,0.0005824716645292938,Step_down,high
705,0.04021927772441098,0.0417584627866745,0.0015391850622635192,3.826983350646586,0.0008525603334419429,N_wave,low
706,0.0307848321178999,0.05156461149454117,0.02077977937664127,67.50005748629316,2.896493060688954e-05,Step_up,low
707,0.3920854740158344,0.07380863279104233,0.31827684122479205,81.17537177925098,0.00047031487338244915,Step_down,high
708,0.025880051244555502,0.04621957242488861,0.02033952118033311,78.59150272977926,0.001523171435110271,N_wave,low
709,0.024039765443801982,0.012146797962486744,0.011892967481315238,49.47206123586171,0.00016869492537807673,Step_up,low
710,0.01648147137784871,0.017242686823010445,0.000761215445161733,4.618613397495659,3.720586028066464e-05,Step_up,low
711,0.022134280914674804,0.03915318474173546,0.017018903827060654,76.88934595466029,4.079570499015972e-05,Gauss,low
712,0.01501170150001422,0.008699849247932434,0.006311852252081786,42.04621476170311,6.536857836181298e-05,Step_up,low
713,0.012188723465091773,0.03763386979699135,0.025445146331899576,208.7597311135485,0.00012990385584998876,Gauss,low
714,0.3572320089647388,0.32844188809394836,0.028790120870790414,8.059222059698518,0.000613427662756294,N_wave,high
715,0.26569432712598,0.1453743278980255,0.1203199992279545,45.28512163938837,0.0002722279750742018,Step_down,high
716,0.10358213835711297,0.1126478835940361,0.009065745236923134,8.752228309544828,2.2621312382398173e-05,Gauss,high
717,0.041675063132341955,0.05308037996292114,0.011405316830579187,27.36724547809523,1.5013886695669498e-05,Gauss,low
718,0.023742494798084903,0.03552618995308876,0.011783695155003857,49.63124244194567,2.3008022253634408e-05,Gauss,low
719,0.035468465961471775,0.0544145368039608,0.018946070842489025,53.41666274224974,3.144573565805331e-05,Gauss,low
720,0.03065756498623762,0.021649343892931938,0.009008221093305683,29.383354801170714,6.644846871495247e-05,Step_up,low
721,0.03440817121698738,0.05361946299672127,0.019211291779733887,55.833515994157914,0.0018209374975413084,N_wave,low
722,0.02835013116179374,0.03370870277285576,0.00535857161106202,18.90139971656829,0.00014812042354606092,Step_up,low
723,0.08633227404148786,0.11466392129659653,0.028331647255108672,32.81698248964647,0.00011086569429608062,Step_up,high
724,0.3710175194062812,0.36295557022094727,0.008061949185333928,2.1729295150900203,6.673828465864062e-06,Gauss,high
725,0.011766275052570581,0.05521829426288605,0.04345201921031547,369.2929071959991,0.0006826264434494078,Gauss,low
726,0.1818478778118584,0.1807081699371338,0.0011397078747246159,0.6267369674249202,3.737991846719524e-06,Gauss,high
727,0.23125364026416695,0.22591625154018402,0.005337388723982928,2.308023656572883,2.064962245640345e-06,Gauss,high
728,0.3967124918988895,0.3615878224372864,0.03512466946160314,8.85393582981889,1.2940604392497335e-05,Gauss,high
729,0.36190278178937674,0.4157562851905823,0.05385350340120554,14.880654725817404,0.0008071879274211824,Step_down,high
730,0.027463292902863284,0.028400568291544914,0.0009372753886816299,3.412829597662379,9.904146281769499e-05,Step_down,low
731,0.022652422107141502,0.026770323514938354,0.004117901407796852,18.178636210821026,6.62560123600997e-05,Step_up,low
732,0.15527015757994034,0.2146630883216858,0.05939293074174545,38.251349562241025,0.00030610180692747235,Step_down,high
733,0.2786424137037841,0.26364922523498535,0.014993188468798768,5.380799092824953,9.91264187177876e-06,Gauss,high
734,0.46522718205845237,0.09800641238689423,0.36722076967155814,78.9336444286739,0.0009514898993074894,Step_up,high
735,0.261177913735853,0.17254456877708435,0.08863334495876862,33.936003121768394,0.0007788150687702,N_wave,high
736,0.07034705518611314,0.04795226454734802,0.022394790638765122,31.83472368461838,0.00039448117604479194,N_wave,high
737,0.12598543390533745,0.12582574784755707,0.0001596860577803838,0.1267496192459584,4.799891030415893e-06,Gauss,high
739,0.0802595195818335,0.02580972947180271,0.05444979011003079,67.84215803150076,0.00021267187548801303,Step_up,high
740,0.24885470917778507,0.1295899897813797,0.11926471939640537,47.92544203421165,0.0010226041777059436,N_wave,high
741,0.0299396747147079,0.049093689769506454,0.019154015054798555,63.975361246624104,4.039548002765514e-05,Gauss,low
742,0.019510533880350425,0.04231377691030502,0.0228032430299546,116.87657123991029,6.76046111038886e-05,Gauss,low
743,0.4047593494987934,0.10300951451063156,0.3017498349881618,74.5504298694554,0.0013227063464000821,N_wave,high
744,0.01802489740667731,0.022014599293470383,0.003989701886793071,22.134394425541025,0.00015488037024624646,Step_down,low
745,0.17776373279307844,0.17928579449653625,0.001522061703457811,0.8562273527579047,7.921212272776756e-06,Gauss,high
746,0.044595247018813546,0.043504513800144196,0.00109073321866935,2.4458508284732647,0.00019784706819336861,Step_down,low
747,0.1998681528720203,0.15038372576236725,0.04948442710965306,24.758535263664022,0.0001628643658477813,Step_down,high
748,0.013780263784275354,0.03983277454972267,0.026052510765447318,189.05669131802696,0.0009618683834560215,Gauss,low
749,0.2652761796823392,0.2548821270465851,0.010394052635754103,3.9182005139702674,8.180441909644287e-06,Gauss,high
750,0.040911711486977906,0.051617179065942764,0.010705467578964858,26.167244512301522,0.0005984004819765687,N_wave,low
751,0.34091038704430826,0.30644166469573975,0.034468722348568515,10.11078678106942,1.2875219908892177e-05,Gauss,high
752,0.028684370830922297,0.017947832122445107,0.01073653870847719,37.4299257660656,0.00010284429299645126,Step_up,low
753,0.021806448342575252,0.03600864112377167,0.014202192781196415,65.1284086160323,3.8844595110276714e-05,Gauss,low
754,0.030787480137721663,0.03145300969481468,0.0006655295570930191,2.1616889531585732,4.5233282435219735e-05,Step_down,low
755,0.3936447921553134,0.3699624240398407,0.023682368115472696,6.01617716972838,5.5973500820982736e-06,Gauss,high
756,0.18631386522869547,0.10711462050676346,0.07919924472193202,42.508508223323574,0.00016173056792467833,Step_up,high
757,0.008406567520335983,0.022376470267772675,0.013969902747436692,166.1784398167584,0.0001122203902923502,Step_up,low
758,0.4077432754463185,0.37335553765296936,0.03438773779334914,8.433673800189124,2.353433501411928e-06,Gauss,high
759,0.02865234132728882,0.04872603714466095,0.02007369581737213,70.05953052169497,0.0023251925595104694,N_wave,low
760,0.2105818497155702,0.15959948301315308,0.050982366702417126,24.21023785823814,0.0007063873927108943,N_wave,high
761,0.3677122323743084,0.35490158200263977,0.01281065037166862,3.4838793066389386,3.618779601310962e-06,Gauss,high
762,0.3565212972985626,0.432333767414093,0.07581247011553044,21.264499677853074,0.0003540340985637158,Step_down,high
764,0.03552743066587703,0.04508865252137184,0.009561221855494809,26.912224375060305,2.6487967261346057e-05,Gauss,low
765,0.04402969100640041,0.07863591611385345,0.034606225107453044,78.59747437796572,9.076562128029764e-05,Gauss,low
766,0.4372852385550895,0.30257824063301086,0.13470699792207863,30.805292757465935,0.0017094264039769769,N_wave,high
767,0.28803247692158496,0.2772884666919708,0.010744010229614132,3.730138470648614,1.5084928236319683e-05,Gauss,high
768,0.04350593732561542,0.0335346981883049,0.009971239137310517,22.919260565935794,0.0018271516310051084,N_wave,low
769,0.023383503879822968,0.04379405453801155,0.020410550658188583,87.28610888721569,0.002175940666347742,N_wave,low
770,0.025749270479961138,0.06647203117609024,0.0407227606961291,158.15112403988604,0.0002205711352871731,Gauss,low
771,0.2772890388218421,0.15970896184444427,0.11758007697739781,42.403434869613754,0.001299263327382505,N_wave,high
772,0.13108883352743633,0.15669016540050507,0.025601331873068733,19.529757939077612,0.00020558270625770092,Step_down,high
773,0.2732899320423882,0.26533687114715576,0.007953060895232456,2.9101185088658545,1.1982466503468459e-06,Gauss,high
774,0.04033164534847487,0.057711731642484665,0.01738008629400979,43.09292651921778,3.059415757888928e-05,Gauss,low
775,0.3129472623761781,0.2983836531639099,0.01456360921226818,4.653694396202131,1.044087275658967e-05,Gauss,high
776,0.03753470332372304,0.04647624120116234,0.008941537877439301,23.82205555302201,0.0007239803089760244,N_wave,low
777,0.04736999383884224,0.06133304908871651,0.013963055249874269,29.476582364308655,1.7047825167537667e-05,Gauss,low
778,0.021747398359738185,0.02221708931028843,0.00046969095055024446,2.159756963940118,3.198279591742903e-05,Step_down,low
779,0.024564730973149665,0.04029153287410736,0.015726801900957696,64.0218772114695,0.001533846720121801,N_wave,low
780,0.4827478249431739,0.42057207226753235,0.06217575267564157,12.879551074717016,0.0015292658936232328,N_wave,high
781,0.26836074320668535,0.245125874876976,0.023234868329709335,8.658072731530025,0.00033870243350975215,Step_down,high
782,0.00835880693993423,0.04343706741929054,0.03507826047935631,419.65630659286796,0.006542835850268602,N_wave,low
783,0.08086654743516153,0.09126110374927521,0.010394556314113679,12.853963281229476,0.00015181489288806915,Step_down,high
784,0.2822063225323331,0.26873672008514404,0.013469602447189033,4.772962677207839,3.8553833292098716e-05,Gauss,high
785,0.024843670344115373,0.04531831294298172,0.020474642598866347,82.413919985523,4.913162047159858e-05,Gauss,low
786,0.2860712772484456,0.07965454459190369,0.20641673265654192,72.15570002061908,0.0018035427201539278,N_wave,high
787,0.08067159114462025,0.06115872040390968,0.019512870740710564,24.18803256989164,0.00011324672232149169,Step_up,high
788,0.43614882950719047,0.4230566620826721,0.013092167424518353,3.001766034615143,5.857155883859377e-06,Gauss,high
789,0.013930728239624615,0.042936600744724274,0.02900587250509966,208.21504810204573,0.0034211052116006613,N_wave,low
790,0.02505482076208635,0.041714247316122055,0.016659426554035704,66.491900749277,0.0013031571870669723,N_wave,low
791,0.1138924104491208,0.11339826136827469,0.0004941490808461069,0.43387358200383186,4.973115665052319e-06,Gauss,high
792,0.18782040387009724,0.18496975302696228,0.002850650843134961,1.5177535477490318,5.460776264953893e-06,Gauss,high
793,0.3127547902279581,0.29927191138267517,0.01348287884528293,4.311006343166045,6.446612587751588e-06,Gauss,high
794,0.3019246846144254,0.2777950167655945,0.024129667848830916,7.991949343143586,8.071899173955899e-06,Gauss,high
795,0.01863981620664948,0.04048045352101326,0.02184063731436378,117.17195637676114,0.0001100090448744595,Step_up,low
796,0.018969077085931298,0.04361946880817413,0.024650391722242836,129.95040091078113,7.074765744619071e-05,Gauss,low
797,0.026261174471879374,0.045360345393419266,0.01909917092153989,72.72778657326008,0.0023151421919465065,N_wave,low
798,0.015591695103310245,0.029016545042395592,0.013424849939085347,86.1025683874176,8.846569107845426e-05,Step_up,low
799,0.27445323171723707,0.3426925539970398,0.06823932227980273,24.863734288291475,0.0002418343792669475,Step_down,high
800,0.4711366552775836,0.24967794120311737,0.2214587140744662,47.00519723815323,0.0009548698435537517,N_wave,high
801,0.33042291258219203,0.1506158858537674,0.17980702672842463,54.41723920513473,0.0008076906087808311,N_wave,high
802,0.31166903439552907,0.1592390239238739,0.15243001047165516,48.90765319926239,0.0010420577600598335,N_wave,high
803,0.4579241733546329,0.5637208223342896,0.10579664897965663,23.10353004616856,0.000568163173738867,Step_down,high
804,0.04662509490903307,0.06029529869556427,0.0136702037865312,29.319412246135197,1.8199118130723946e-05,Gauss,low
805,0.01118642865223192,0.02907046675682068,0.01788403810458876,159.87263371156916,5.986779069644399e-05,Step_up,low
806,0.4093970916155636,0.11756739765405655,0.29182969396150704,71.28279607700391,0.0003803218714892864,Step_up,high
807,0.2779265003593611,0.2623850107192993,0.0155414896400618,5.591942337260583,5.031009095546324e-06,Gauss,high
808,0.029786860358050074,0.04663465917110443,0.016847798813054357,56.56117701072561,0.002757500857114792,N_wave,low
809,0.025543279933463323,0.036131005734205246,0.010587725800741923,41.4501419877223,0.0031324413139373064,N_wave,low
810,0.4308915652521215,0.3841298520565033,0.046761713195618226,10.85231574868661,1.3265710549603682e-05,Gauss,high
811,0.3453529808581518,0.4854867458343506,0.14013376497619878,40.576966971006534,0.0002784716198220849,Step_down,high
812,0.0055507680774790945,0.04651045426726341,0.040959686189784315,737.9102426557575,0.0005157715640962124,Gauss,low
813,0.029914186955500473,0.03261661157011986,0.002702424614619385,9.033922996601707,6.815968663431704e-05,Step_up,low
814,0.03608161744081378,0.04125538840889931,0.0051737709680855296,14.339077167403284,0.0013361712917685509,N_wave,low
815,0.027946465957352336,0.06312371045351028,0.035177244496157944,125.87367773027232,0.00016026508819777519,Step_up,low
816,0.028373962988257687,0.027851726859807968,0.0005222361284497185,1.8405470137035185,0.00010559870861470699,Step_down,low
817,0.24387823483848609,0.2311682254076004,0.012710009430885683,5.211621053146943,5.499531653185841e-06,Gauss,high
818,0.04155975919255222,0.03962642699480057,0.0019333321977516513,4.6519331086454345,8.952910138759762e-05,Step_down,low
819,0.023507373190505308,0.03909693658351898,0.015589563393013674,66.31776024770961,3.193291195202619e-05,Gauss,low
820,0.4119797765018002,0.07913637906312943,0.33284339743867075,80.79119811775915,0.0004338322614785284,Step_up,high
821,0.28128646679056113,0.2512753903865814,0.03001107640397971,10.66922157557093,9.128450983553194e-06,Gauss,high
822,0.05923969919098748,0.06250617653131485,0.0032664773403273673,5.514000551887201,0.00021990026289131492,Step_down,high
823,0.042123197934977354,0.0776982307434082,0.03557503280843085,84.45472934734336,0.00029885064577683806,Gauss,low
824,0.02525891435846936,0.04901392385363579,0.02375500949516643,94.04604314358164,0.001981693785637617,N_wave,low
825,0.20716709568550717,0.23888848721981049,0.03172139153430331,15.311983512313365,0.00017405983817297965,Step_down,high
826,0.00789881548953052,0.03742573782801628,0.02952692233848576,373.8145596339375,0.005421079229563475,N_wave,low
827,0.019058027919654875,0.03462238609790802,0.015564358178253145,81.66825153090133,3.727600415004417e-05,Gauss,low
828,0.28298946983347106,0.27312472462654114,0.009864745206929926,3.485905398789208,1.9038787968383986e-06,Gauss,high
829,0.03821968409038397,0.043939009308815,0.0057193252184310345,14.964344563669513,0.0009226960828527808,N_wave,low
830,0.16543522306432526,0.16214127838611603,0.003293944678209232,1.991078210066828,7.450920747942291e-06,Gauss,high
831,0.21280596441490346,0.20639409124851227,0.006411873166391191,3.0130138429250475,2.2078688743931707e-06,Gauss,high
833,0.41968052853907706,0.3598387837409973,0.05984174479807974,14.258880440889406,1.247266754944576e-05,Gauss,high
834,0.41497320946392857,0.05922149494290352,0.35575171452102505,85.72883897266352,0.000498143257573247,Step_up,high
835,0.020208683958455927,0.05861372873187065,0.03840504477341472,190.0422850511494,0.002941669663414359,N_wave,low
836,0.031523918676379915,0.029764868319034576,0.001759050357345339,5.580049788236992,7.408802775898948e-05,Step_up,low
837,0.18054212845305556,0.18720181286334991,0.006659684410294353,3.6887149095652765,0.0003489507071208209,Step_down,high
838,0.03395654969177155,0.03376484662294388,0.00019170306882767413,0.5645540273313697,1.9874709323630668e-05,Step_down,low
839,0.02267155159283269,0.023804983124136925,0.001133431531304234,4.99935580793047,9.915409464156255e-05,Step_down,low
840,0.029586997102358566,0.0422905832529068,0.012703586150548233,42.936382176937954,3.7231970054563135e-05,Gauss,low
841,0.3277896451079365,0.2975766062736511,0.03021303883428539,9.217203558805727,1.3460808986565098e-05,Gauss,high
842,0.30643739700179384,0.29431214928627014,0.012125247715523702,3.9568433337960776,5.39893380846479e-06,Gauss,high
843,0.3983258946500108,0.08024013042449951,0.31808576422551127,79.85565801716142,0.0019495593151077628,N_wave,high
844,0.23961578798639716,0.31110528111457825,0.07148949312818109,29.835051241381265,0.00040138119948096573,Step_down,high
845,0.007728573641003975,0.04089256748557091,0.03316399384456693,429.1088548165634,0.0002141260338248685,Gauss,low
846,0.033088155381855264,0.04501141980290413,0.011923264421048865,36.03484172341409,0.002329882699996233,N_wave,low
847,0.09869163848167661,0.09922414273023605,0.00053250424855944,0.5395636922760243,9.075763955479488e-05,Step_down,high
848,0.27291233101583073,0.1816045492887497,0.09130778172708104,33.456817941210794,0.0013565071858465672,N_wave,high
849,0.029501817218186427,0.04365887492895126,0.014157057710764837,47.98707010508391,3.318725066492334e-05,Gauss,low
850,0.4834805889494507,0.47655749320983887,0.0069230957396118065,1.4319283747574894,4.588143838191172e-06,Gauss,high
851,0.4334939329692559,0.49477317929267883,0.06127924632342291,14.136125482468731,0.0008213486289605498,Step_down,high
852,0.012785414319892148,0.013541903346776962,0.0007564890268848146,5.916812767716362,8.271655678981915e-05,Step_up,low
853,0.3192144956152207,0.315146803855896,0.004067691759324699,1.2742816555009677,2.883329216274433e-06,Gauss,high
854,0.13334513237308898,0.05378561094403267,0.07955952142905631,59.66436120551829,0.000539508240763098,N_wave,high
855,0.28464833660342215,0.3484385311603546,0.06379019455693247,22.41017647182188,0.0002995793183799833,Step_down,high
856,0.04236458207150684,0.0569477304816246,0.014583148410117763,34.42297243839909,0.00091975973919034,N_wave,low
857,0.011326028534132053,0.03418184444308281,0.022855815908950756,201.79903167357037,8.392915333388373e-05,Gauss,low
858,0.4775914704213751,0.48095399141311646,0.0033625209917413357,0.7040580077308772,0.0014876206405460835,Step_down,high
859,0.028251180009964547,0.05024424567818642,0.02199306566822187,77.84830814310992,8.004678238648921e-05,Step_up,low
860,0.023427828992557697,0.04119344800710678,0.017765619014549084,75.83126469035042,0.0018645164091140032,N_wave,low
861,0.02363563622584752,0.08498825132846832,0.0613526151026208,259.5767446933654,0.0008614322287030518,Gauss,low
862,0.1548432422176402,0.15012763440608978,0.004715607811550421,3.0454075644595386,7.503065262426389e-06,Gauss,high
863,0.16509112483894262,0.10321568697690964,0.06187543786203298,37.47956646512439,0.0001231626229127869,Step_up,high
864,0.03752300653106168,0.035036150366067886,0.002486856164993792,6.627550388146972,0.00012780998076777905,Step_down,low
865,0.4967844100071468,0.33981168270111084,0.15697272730603595,31.597756319240723,0.0023636703845113516,N_wave,high
866,0.33874778820695356,0.47929733991622925,0.1405495517092757,41.490913476727634,0.00028041520272381604,Step_down,high
867,0.3582128867620321,0.3377678692340851,0.02044501752794703,5.707504750248993,8.361826985492371e-06,Gauss,high
868,0.31353534785275244,0.37645310163497925,0.0629177537822268,20.067196318730627,0.0008550806087441742,Step_down,high
869,0.008684910911895263,0.041459836065769196,0.03277492515387393,377.37779335172974,0.0001945631520356983,Gauss,low
870,0.36456159602722643,0.3490148186683655,0.015546777358860953,4.264513192909074,5.441165285446914e-06,Gauss,high
871,0.03393090261043718,0.05256165191531181,0.018630749304874634,54.90790952063798,5.4597425332758576e-05,Step_up,low
872,0.008801631799876652,0.032154783606529236,0.023353151806652584,265.32752491395814,0.0001061170914908871,Gauss,low
873,0.2614851382709642,0.23924683034420013,0.022238307926764067,8.50461638998374,5.8656987675931305e-06,Gauss,high
874,0.19109422628714545,0.02510029450058937,0.16599393178655608,86.86496447942247,0.00033672794234007597,Step_up,high
875,0.14326564706157247,0.1534833014011383,0.01021765433956584,7.131963976803535,0.00019201182294636965,Step_down,high
876,0.14155287586801138,0.1412188857793808,0.00033399008863058133,0.23594722931804282,1.2483313184930012e-05,Gauss,high
877,0.04685510109927037,0.04465993866324425,0.0021951624360261254,4.685002026514266,6.11341602052562e-05,Step_down,low
878,0.44215600090671464,0.39468976855278015,0.04746623235393449,10.735177687648038,0.00018174487922806293,Step_up,high
879,0.03883349064981721,0.08117213845252991,0.042338647802712695,109.02611919310421,0.001479118480347097,Gauss,low
880,0.014474165612513936,0.02266761288046837,0.008193447267954432,56.60738924301529,4.350104063632898e-05,Step_up,low
881,0.03795708583835134,0.0560612827539444,0.018104196915593056,47.69648806205458,4.3680578528437763e-05,Gauss,low
882,0.3681865937555249,0.33917710185050964,0.029009491905015283,7.8790190618068845,4.819382411369588e-06,Gauss,high
883,0.2619010216474139,0.2597862184047699,0.0021148032426440144,0.8074818606439357,9.247646084986627e-05,Gauss,high
884,0.03251696363943389,0.05541752651333809,0.0229005628739042,70.42651069096834,7.975271728355438e-05,Gauss,low
885,0.03136541672195053,0.046368129551410675,0.015002712829460148,47.83202137072442,0.003958518151193857,N_wave,low
886,0.028412216439492988,0.04216049611568451,0.013748279676191522,48.388620808482266,2.6308738597435877e-05,Gauss,low
887,0.35586312172666357,0.048663124442100525,0.30719999728456304,86.32532525259012,0.0005989378551021218,Step_up,high
888,0.31877861213962727,0.3059461712837219,0.012832440855905347,4.025502454438395,1.5427581274707336e-06,Gauss,high
889,0.08481794572552727,0.09456776082515717,0.009749815099629897,11.494990849201315,5.192055687075481e-05,Gauss,high
890,0.2740422579023209,0.2741956412792206,0.00015338337689968506,0.055970702501785964,3.6223902952770004e-06,Gauss,high
891,0.27749261465840724,0.260701447725296,0.016791166933111223,6.051032008106273,6.027204108249862e-06,Gauss,high
892,0.010281745568353127,0.03637797757983208,0.02609623201147895,253.8112992389375,0.00012887192133348435,Gauss,low
893,0.4567193689778929,0.03481987491250038,0.4218994940653925,92.37608972213619,0.0011442339746281505,Step_up,high
894,0.03907754266331009,0.0486769862473011,0.009599443583991014,24.565115741026197,0.0017486091237515211,N_wave,low
895,0.041938334837718354,0.02575843036174774,0.016179904475970612,38.58022627407416,7.620461110491306e-05,Step_up,low
896,0.087719551948395,0.044779423624277115,0.04294012832411788,48.951604711090354,8.336158498423174e-05,Step_up,high
897,0.31628765405960685,0.2644711136817932,0.051816540377813636,16.382726202790202,1.713419442239683e-05,Gauss,high
898,0.0242966167607658,0.058888278901576996,0.03459166214081119,142.37234130749363,0.00014919233217369765,Step_up,low
899,0.23225307570701298,0.23164084553718567,0.0006122301698273103,0.26360476302136815,4.180722953606164e-06,Gauss,high
900,0.04556418002599665,0.07259543985128403,0.027031259825287375,59.32568041357199,0.00023380291531793773,Gauss,low
901,0.27538759028579257,0.40990301966667175,0.13451542938087918,48.84585730289493,0.00039025425212457776,Step_down,high
902,0.2526212019776241,0.3381279706954956,0.0855067687178715,33.84781960044876,0.0005600354052148759,Step_down,high
903,0.4197155252851564,0.34609463810920715,0.07362088717594922,17.54066331616656,1.5675928807468154e-05,Gauss,high
904,0.16546487010159272,0.16380703449249268,0.0016578356091000446,1.0019260330498918,8.594648534199223e-06,Gauss,high
905,0.009080978100998074,0.040052011609077454,0.03097103350807938,341.0539389438172,0.0070207309909164906,N_wave,low
906,0.02011000497205998,0.03939521685242653,0.01928521188036655,95.89859329801578,0.0006804318400099874,Step_down,low
907,0.10695587950085761,0.05614770948886871,0.050808170011988896,47.503858833287886,0.0006394819356501102,N_wave,high
908,0.04898283327354477,0.041541121900081635,0.007441711373463132,15.192488625361614,5.318846524460241e-05,Step_up,low
909,0.4452999521920464,0.05241402983665466,0.3928859223553917,88.22950023267691,0.0006731945322826505,Step_up,high
910,0.02803123847215175,0.0555240623652935,0.02749282389314175,98.0792337108298,0.002390677109360695,N_wave,low
911,0.16760766711001202,0.16690991818904877,0.0006977489209632481,0.41629892772463045,1.452493393117038e-06,Gauss,high
912,0.21171093188324253,0.15169450640678406,0.06001642547645847,28.34828836781901,0.0010058797197416425,N_wave,high
913,0.4906320591246542,0.34745433926582336,0.14317771985883082,29.182300095569957,0.00037295237416401505,Step_down,high
914,0.4281158836697758,0.2889261543750763,0.13918972929469953,32.51216191783777,0.0010815501445904374,N_wave,high
915,0.018438191813736585,0.04097880423069,0.022540612416953418,122.24958197994502,0.00012190310371806845,Step_up,low
916,0.13158534848203174,0.13595490157604218,0.004369553094010437,3.3206988045535395,7.720574103586841e-06,Gauss,high
917,0.02177768028042289,0.05372864753007889,0.031950967249656,146.71428195398028,0.0003257610951550305,Gauss,low
918,0.030695947136305832,0.027624154463410378,0.003071792672895455,10.007160421716625,0.00012700796651188284,Step_down,low
919,0.4978527907230824,0.4656553566455841,0.03219743407749831,6.467259936563716,5.411890924733598e-06,Gauss,high
920,0.19967386094157913,0.20445330440998077,0.004779443468401645,2.3936250072311775,1.0349762305850163e-05,Gauss,high
922,0.014311864143410236,0.011186881922185421,0.0031249822212248146,21.834906968870882,4.149820961174555e-05,Step_up,low
923,0.3871389214293768,0.44100257754325867,0.053863656113881886,13.9132629483517,0.0004676893004216254,Step_down,high
924,0.013092463293213015,0.0377175472676754,0.024625083974462385,188.08595008418126,9.838124242378399e-05,Gauss,low
925,0.4763351815987641,0.4440915584564209,0.03224362314234319,6.7691038554240714,8.280831025331281e-06,Gauss,high
926,0.008949722285041244,0.03191389888525009,0.022964176600208847,256.5909406886475,0.0001016939349938184,Gauss,low
927,0.026346359017873817,0.03965875878930092,0.013312399771427102,50.528423158569055,0.001959207933396101,N_wave,low
928,0.03877860094723871,0.03930655121803284,0.0005279502707941294,1.3614474423985712,5.1829207222908735e-05,Step_up,low
929,0.01184197905588156,0.06611937284469604,0.054277393788814486,458.3473212769829,0.006027360446751118,N_wave,low
930,0.30601302327015256,0.23245234787464142,0.07356067539551114,24.03841333594837,0.0009505779016762972,N_wave,high
931,0.04356398965359057,0.04893551394343376,0.005371524289843194,12.330193658928273,5.713291102438234e-05,Step_down,low
932,0.2778741693858705,0.21129539608955383,0.06657877329631667,23.960044016852077,0.0009286387939937413,N_wave,high
933,0.02475064693618411,0.025288542732596397,0.0005378957964122869,2.1732595426663868,3.880299846059643e-05,Step_down,low
934,0.04646597558693927,0.08305562287569046,0.03658964728875119,78.745031878844,7.295711111510172e-05,Step_up,low
935,0.34156318533945595,0.3224024176597595,0.019160767679696433,5.609728595502433,1.9393426100577926e-06,Gauss,high
936,0.03585346226456537,0.04732980951666832,0.011476347252102947,32.00903490831129,1.2921750567329582e-05,Gauss,low
937,0.3987984676651995,0.4902968406677246,0.09149837300252511,22.943511678520316,0.00099616264924407,Step_down,high
938,0.487883751588359,0.34040525555610657,0.14747849603225244,30.22820406543978,0.0011827984126284719,N_wave,high
939,0.23976656057993923,0.23508389294147491,0.004682667638464311,1.9530111401431596,2.194485659856582e-06,Gauss,high
940,0.11768580924276807,0.11898521333932877,0.001299404096560694,1.1041298053873423,2.2656411147181643e-06,Gauss,high
941,0.04213767072681029,0.043069660663604736,0.0009319899367944487,2.2117737423997332,9.106397192226723e-05,Step_down,low
942,0.2915384723992203,0.029076894745230675,0.26246157765398964,90.02639531381847,0.0006738379597663879,Step_up,high
943,0.09805222671930858,0.09667415171861649,0.0013780750006920917,1.4054499798735516,0.00032259520958177745,Step_down,high
944,0.030665537071433123,0.045692700892686844,0.015027163821253721,49.003426179196026,2.51014789682813e-05,Gauss,low
945,0.10795179302283316,0.10479667782783508,0.0031551151949980732,2.9227075406989553,8.143697414197959e-06,Gauss,high
946,0.2543006040295061,0.23658962547779083,0.017710978551715273,6.964583752880231,7.327631465159357e-06,Gauss,high
947,0.2863671731722026,0.2550715506076813,0.03129562256452134,10.928495126675077,1.5917854398139752e-05,Gauss,high
948,0.1865181302978059,0.1784454584121704,0.008072671885635485,4.328089646162643,5.271816917229444e-06,Gauss,high
949,0.031266287493047364,0.04653874412178993,0.015272456628742569,48.84640247787232,0.0021276080515235662,N_wave,low
950,0.49256823016153956,0.6769272089004517,0.1843589787389121,37.42810994498181,0.0006246971897780895,Step_up,high
951,0.012105528183457576,0.035295747220516205,0.02319021903705863,191.56718059397426,0.00012191601854283363,Gauss,low
952,0.01622398868239353,0.04428451135754585,0.028060522675152324,172.9569911843192,0.00017470738384872675,Step_up,low
953,0.019927761920110285,0.042389385402202606,0.02246162348209232,112.71523401443775,0.002022898755967617,N_wave,low
954,0.37713937635581063,0.23550906777381897,0.14163030858199166,37.553837509762204,0.00014698592713102698,Step_up,high
955,0.1869155179317346,0.032677095383405685,0.15423842254832892,82.5177193713044,0.00039565141196362674,Step_up,high
956,0.19700054734518746,0.07994559407234192,0.11705495327284554,59.41859291778515,0.00029364204965531826,Step_down,high
957,0.03562572213680049,0.05109579488635063,0.015470072749550139,43.423885388613456,3.898937575286254e-05,Gauss,low
958,0.025852484730482413,0.043485838919878006,0.017633354189395593,68.20757994145251,0.0026173836085945368,N_wave,low
959,0.007112933069824223,0.0416468121111393,0.03453387904131507,485.50828051259145,0.006622724700719118,N_wave,low
960,0.020018102923690835,0.03974338620901108,0.019725283285320243,98.5372258326035,4.458974945009686e-05,Gauss,low
961,0.12318211224028519,0.12992897629737854,0.006746864057093349,5.477145938147722,1.006154252536362e-05,Gauss,high
962,0.018353376158226763,0.054507799446582794,0.03615442328835603,196.99058623690922,0.00011160712892888114,Step_up,low
963,0.44978883414747367,0.4192435145378113,0.03054531960966239,6.791035546170851,4.557492502499372e-06,Gauss,high
964,0.023861211565594603,0.04808265343308449,0.024221441867489885,101.50968990365392,6.222969386726618e-05,Gauss,low
965,0.2606386772559866,0.25423288345336914,0.0064057938026174654,2.4577295549754528,2.1572823243332095e-06,Gauss,high
966,0.01550687507645919,0.037897851318120956,0.022390976241661767,144.3938648583895,2.394069088040851e-05,Step_up,low
967,0.024957649584535203,0.039472371339797974,0.01451472175526277,58.15740663438393,3.0251645512180403e-05,Gauss,low
968,0.18894168001029138,0.12951309978961945,0.059428580220671934,31.45339885695678,0.00021447018662001938,Step_up,high
969,0.009518726606983849,0.059267304837703705,0.049748578230719855,522.6390071358866,0.00030579997110180557,Step_up,low
970,0.03533745914229844,0.030133722350001335,0.005203736792297103,14.725837450119055,7.505446410505101e-05,Step_up,low
971,0.16131838886953942,0.15336288511753082,0.007955503752008597,4.931554181614305,6.368065805872902e-05,Step_up,high
972,0.031289609891734245,0.04933827370405197,0.018048663812317726,57.68261053675082,7.639444811502472e-05,Step_up,low
973,0.4592043239712999,0.3014060854911804,0.15779823848011948,34.36340431541359,0.0012698657810688019,N_wave,high
974,0.11843845802456085,0.11814726144075394,0.00029119658380691305,0.24586320074052886,6.043888788553886e-06,Gauss,high
975,0.03411043075368112,0.04914317652583122,0.015032745772150101,44.070817752800735,0.00016804396000225097,Step_down,low
976,0.1207633419895402,0.11477133631706238,0.005992005672477818,4.961775298498123,6.361321993608726e-06,Gauss,high
977,0.25269556758864464,0.2507140338420868,0.001981533746557851,0.7841584897854357,4.325772351876367e-06,Gauss,high
978,0.483561693869721,0.5834484696388245,0.09988677576910349,20.65646990557828,0.00048174121184274554,Step_down,high
979,0.3450287218211438,0.15228413045406342,0.1927445913670804,55.86334678160372,0.00047413568245247006,Step_up,high
980,0.13094776657400636,0.13067187368869781,0.0002758928853085485,0.21068926376275765,8.905934009817429e-06,Gauss,high
981,0.24408207877345856,0.3354112207889557,0.09132914201549713,37.41738945949532,0.00019502945360727608,Step_down,high
982,0.11817570826815217,0.11938797682523727,0.0012122685570851027,1.0258187362282167,9.065650374395773e-06,Gauss,high
983,0.4316602910529106,0.4055141508579254,0.02614614019498518,6.0571103566670965,4.081976840097923e-06,Gauss,high
984,0.04503924760058265,0.04561104252934456,0.0005717949287619081,1.2695481368443444,0.0009038354619406164,N_wave,low
985,0.45712128287341885,0.10539764165878296,0.3517236412146359,76.94317775005707,0.0004397123702801764,Step_up,high
986,0.2529698939233793,0.2372758537530899,0.015694040170289414,6.203916176303136,2.0557195057335775e-06,Gauss,high
987,0.23683887276523086,0.22397078573703766,0.012868087028193198,5.433266455776806,4.495021585171344e-06,Gauss,high
988,0.0275215480240121,0.06417480856180191,0.036653260537789806,133.18022847337815,0.004771705716848373,N_wave,low
989,0.41361627284700964,0.47551077604293823,0.061894503195928596,14.964233096994818,0.0008231594110839069,Step_down,high
990,0.03440878342871034,0.05732090771198273,0.022912124283272384,66.58801038619325,0.00012730644084513187,Step_up,low
991,0.41077261176746965,0.03833528980612755,0.3724373219613421,90.66751562593748,0.0005593420937657356,Step_up,high
992,0.20360433954681184,0.2008601874113083,0.0027441521355035525,1.3477866638852405,7.218776318040909e-06,Gauss,high
993,0.0325069191696332,0.03946202993392944,0.006955110764296245,21.395785703351,0.0018079280853271484,N_wave,low
994,0.15835123238005655,0.054834987968206406,0.10351624441185014,65.37129067830824,0.0006945326458662748,N_wave,high
995,0.12703023073704278,0.12475912272930145,0.0022711080077413293,1.7878484472271847,3.237210421502823e-06,Gauss,high
996,0.3905472536159452,0.3666914403438568,0.02385581327208841,6.10830393792697,4.16090915678069e-06,Gauss,high
997,0.2728428213826813,0.2532399594783783,0.019602861904302993,7.184672041200087,6.100896825955715e-06,Gauss,high
998,0.3574841308905818,0.3279929459095001,0.029491184981081664,8.249648706814424,7.40132918508607e-06,Gauss,high
999,0.013571247413429861,0.04233274608850479,0.02876149867507493,211.92966128237464,0.00012134824646636844,Gauss,low
1000,0.4147906224750789,0.3793521523475647,0.03543847012751422,8.54370089565933,6.134636350907385e-06,Gauss,high
1001,0.037968418840391954,0.05752268806099892,0.019554269220606962,51.501405162030444,4.108824941795319e-05,Gauss,low
