run,zeta_true,zeta_pred,omega_0_true,omega_0_pred,abs_error_zeta,rel_error_zeta_pct,abs_error_omega_0,rel_error_omega_0_pct,best_val_loss,damped_case
1,1.7487955000405213,2.3451902866363525,0.3514865140714423,0.43249812722206116,0.5963947865958312,34.10317481844002,0.08101161315061883,23.04828490066979,2.0305387806729414e-05,overdamped
2,0.262358980346843,0.2827153205871582,1.276584699838308,1.2816450595855713,0.020356340240315185,7.75896453531103,0.0050603597472633766,0.3963982764249267,0.00010858586756512523,underdamped
3,0.08431153109987083,0.08640832453966141,2.940038768049127,2.9479386806488037,0.0020967934397905785,2.486959271688272,0.007899912599676817,0.2687009669916302,3.9391074096783996e-05,underdamped
4,1.3048077949501433,1.231805443763733,1.4444226602416625,1.3882195949554443,0.07300235118641041,5.594873932309687,0.05620306528621821,3.8910401251123425,3.605606980272569e-05,overdamped
5,0.24410469719127004,0.24991898238658905,3.1940440800141237,3.1669692993164062,0.005814285195319013,2.38188173444413,0.027074780697717404,0.8476645913289237,3.813298462773673e-05,underdamped
6,0.6835222224538805,0.682177722454071,1.2727890940276387,1.2453553676605225,0.0013444999998094564,0.19670172463195582,0.027433726367116273,2.1554023754481153,3.0029512345208786e-05,underdamped
7,0.2515966537325071,0.2621663808822632,1.0587970559199535,1.0683436393737793,0.01056972714975607,4.201060305433795,0.009546583453825752,0.9016443142195029,8.295521547552198e-05,underdamped
8,1.2147537944235933,1.1396623849868774,1.2413946863216967,1.1978455781936646,0.07509140943671588,6.18161554888142,0.043549108128032143,3.508079147420063,1.2603324648807757e-05,overdamped
9,1.0,1.6277610063552856,1.0781296633167976,2.1141197681427,0.6277610063552856,62.776100635528564,1.0359901048259026,96.09142017656251,0.005509467795491219,critically_damped
10,0.5767574409179989,0.5802767872810364,0.6747035353742632,0.6978253126144409,0.0035193463630375232,0.6101952247787108,0.02312177724017772,3.4269536215416294,6.29523565294221e-05,underdamped
11,0.3267098021453698,0.3482286334037781,2.6390079953938486,2.5737478733062744,0.021518831258408255,6.586527590266003,0.06526012208757415,2.472903538052171,6.758718518540263e-05,underdamped
12,1.0,0.9277298450469971,3.860118749389948,3.1461002826690674,0.07227015495300293,7.227015495300293,0.7140184667208804,18.497318685693898,0.0009760187822394073,critically_damped
13,0.10368158900280822,0.10956644266843796,2.243728838084362,2.231390953063965,0.005884853665629741,5.675890697884993,0.01233788502039701,0.5498830701365313,0.00015318786608986557,underdamped
14,1.0,1.3278515338897705,2.410879193618948,3.286630868911743,0.3278515338897705,32.78515338897705,0.8757516752927952,36.3249920448404,0.00034439071896485984,critically_damped
15,0.5950950371059706,0.5719545483589172,0.5818966315335925,0.5881216526031494,0.023140488747053323,3.888536671317025,0.006225021069556913,1.0697812518953458,1.1587500921450555e-05,underdamped
1,1.9551845714796179,1.5041038990020752,3.420122129382097,2.6762962341308594,0.4510806724775427,23.071002045406896,0.7438258952512378,21.74851853567061,0.00010827906953636557,overdamped
2,1.2857651944222837,1.38303804397583,1.271180271152171,1.383923053741455,0.09727284955354643,7.565366520692978,0.11274278258928416,8.869141942165015,9.967692676582374e-06,overdamped
3,1.930417730884482,2.706068754196167,1.7442131039920752,2.44881010055542,0.7756510233116849,40.180475495130054,0.7045969965633447,40.39626780412871,2.9806044040014967e-05,overdamped
4,1.4871596484000624,5.127257823944092,0.3748867296695362,1.1007016897201538,3.640098175544029,244.7684873281878,0.7258149600506176,193.60913646914784,0.0004769130318891257,overdamped
5,1.2276943139053198,1.0536787509918213,3.8321998919284566,3.3301541805267334,0.1740155629134985,14.174176824192628,0.5020457114017232,13.100718270441824,0.00010076366015709937,overdamped
6,0.8136039985049643,2.875779390335083,1.0048512666342375,3.503936529159546,2.0621753918301184,253.4618064340223,2.499085262525308,248.70200650649795,0.004414136987179518,underdamped
7,1.1801864878418098,1.0274908542633057,3.4937423756602097,3.075110673904419,0.15269563357850413,12.938263160234657,0.4186317017557908,11.982328882411723,0.00010216084046987817,overdamped
8,1.4867209679075952,1.1617099046707153,3.5719243745835345,2.797818422317505,0.3250110632368799,21.860932229556102,0.7741059522660296,21.671958056398825,0.00017238434520550072,overdamped
9,1.1117698862075238,1.645251750946045,0.3893774358309202,0.5042365789413452,0.5334818647385211,47.98491768457029,0.114859143110425,29.498150776333226,4.477092079469003e-05,overdamped
10,1.4036921918709209,1.124859094619751,3.968063952347733,3.197636365890503,0.2788330972511699,19.864262184113546,0.7704275864572301,19.41570488049723,0.0001673142978688702,overdamped
11,0.8510651323369203,0.8357788920402527,1.1741914822073862,1.1317538022994995,0.015286240296667586,1.7961304858881304,0.042437679907886716,3.614204373898818,2.5812531021074392e-05,underdamped
12,1.8328564694399483,1.4160246849060059,3.1283169945918945,2.4371378421783447,0.41683178453394243,22.742194573550567,0.6911791524135498,22.09428116167357,0.000127971448819153,overdamped
13,1.1405957457139702,1.1872937679290771,2.732925779040673,2.851912021636963,0.046698022215106993,4.094178186319271,0.11898624259628976,4.353804391938407,2.4447372197755612e-06,overdamped
14,1.0261030588848263,0.9350717067718506,3.5525664851504635,3.274362087249756,0.09103135211297575,8.871560349104607,0.2782043979007076,7.831082094130737,0.0001014188674162142,overdamped
15,0.7046652468884359,0.6941506862640381,0.9744661508999595,0.9524352550506592,0.010514560624397817,1.492135545328306,0.02203089584930029,2.2608169436110077,1.777666693669744e-05,underdamped
16,0.8454350213440762,0.5557001829147339,3.1216184553962316,1.6189467906951904,0.28973483842934233,34.270503482186086,1.5026716647010412,48.137582672969714,0.0001881234929896891,underdamped
17,1.6505935692470275,2.632376194000244,0.9618025915708297,1.5029104948043823,0.9817826247532166,59.48057977719428,0.5411079032335526,56.25976764627006,0.00014818301133345813,overdamped
18,1.097294151807247,1.2226258516311646,2.184377701245988,2.4449737071990967,0.12533169982391756,11.421887159199368,0.2605960059531087,11.929988380876736,3.411725629121065e-05,overdamped
19,1.5363509963262167,1.3756612539291382,2.9830780846941263,2.65924072265625,0.16068974239707856,10.45918170921399,0.3238373620378763,10.855812447533749,4.746600825455971e-05,overdamped
20,0.7529851960643693,0.7821853756904602,0.8129056985964187,0.845029354095459,0.029200179626090894,3.877922139600033,0.03212365549904028,3.951707504881035,4.0717153751756996e-05,underdamped
21,0.8765462525334742,0.8579634428024292,1.401384555638377,1.3888109922409058,0.01858280973104498,2.1200033286703635,0.012573563397471288,0.8972243448011751,1.3725964890909381e-05,underdamped
22,1.0,1.1863692998886108,3.7150149262817385,4.641211032867432,0.18636929988861084,18.636929988861084,0.9261961065856932,24.93115438200133,6.640377978328615e-05,critically_damped
23,1.6404016515120028,1.7798957824707031,3.67050555452869,4.0207648277282715,0.13949413095870034,8.503657066555913,0.3502592731995815,9.54253489052563,2.060098722722614e-06,overdamped
24,1.2868530890890504,1.92380690574646,1.7908591904879836,2.691976308822632,0.6369538166574096,49.49701112411382,0.9011171183346482,50.317586280421445,0.00023403238446917385,overdamped
25,0.04014421909765556,-0.2719574570655823,3.613163358442164,0.5003482103347778,0.3121016761632378,777.4511079765024,3.1128151481073862,86.15207338561892,0.019433673471212387,underdamped
26,0.07665918028466916,0.07929074764251709,2.8089227051626886,2.804283857345581,0.002631567357847933,3.4328143714500587,0.00463884781710755,0.16514686604161558,6.006583498674445e-05,underdamped
27,1.218612839399366,2.1529154777526855,1.7901044893115634,3.1758227348327637,0.9343026383533195,76.66935782605259,1.3857182455212003,77.40990840451545,0.0005102624418213964,overdamped
28,1.8793664619115429,1.7723625898361206,2.859838911470207,2.708857774734497,0.10700387207542228,5.693614004720846,0.15098113673571012,5.279358083077925,7.316173650906421e-06,overdamped
29,1.0,1.150415062904358,3.1519785292227165,3.8316657543182373,0.1504150629043579,15.041506290435791,0.6796872250955208,21.563827887594556,0.00013985743862576783,critically_damped
30,1.34207590871949,4.3040666580200195,0.5873400832199716,1.7263169288635254,2.9619907493005293,220.70217713144427,1.1389768456435538,193.9211843672148,0.0009891270892694592,overdamped
31,0.7367191153359913,0.7292622923851013,1.148915534742094,1.1434282064437866,0.0074568229508900075,1.0121663461235448,0.005487328298307448,0.4776093744384116,4.7900790377752855e-05,underdamped
32,0.5856317724658645,0.5909440517425537,2.646530151106229,2.6980679035186768,0.005312279276689202,0.9071022998498337,0.051537752412447624,1.9473706880273116,2.0754276192747056e-05,underdamped
33,1.0,1.4323303699493408,2.1686243640289833,3.3136119842529297,0.4323303699493408,43.23303699493408,1.1449876202239464,52.7978768114884,0.0002731718122959137,critically_damped
34,1.7311652134745872,1.3411803245544434,3.6910845411847255,2.8927650451660156,0.3899848889201438,22.5273062261581,0.7983194960187099,21.6283178320937,0.00016677255916874856,overdamped
35,1.0,1.352901577949524,0.8386006906660572,4.642318248748779,0.3529015779495239,35.29015779495239,3.803717558082722,453.5791110619794,0.12255901098251343,critically_damped
36,1.2902030854717779,1.086856484413147,3.5609975568288403,3.010972499847412,0.2033466010586309,15.760821172139334,0.5500250569814282,15.445813938475139,0.00016595023043919355,overdamped
37,0.6403481527728082,0.6434410214424133,3.7561419838746457,3.0070722103118896,0.00309286866960512,0.4829979841766564,0.7490697735627561,19.942530840914955,0.00018186015950050205,underdamped
38,1.970509174535667,1.6356853246688843,3.498616241078992,2.952387571334839,0.3348238498667828,16.99174275327498,0.5462286697441532,15.612706055914646,5.726812742068432e-05,overdamped
39,0.497949561711115,0.497199684381485,1.9076384204605012,1.9282578229904175,0.0007498773296299999,0.15059302935284852,0.02061940252991623,1.080886309940158,5.436052379081957e-05,underdamped
40,0.18953651463922155,0.2031508833169937,1.0734724690959692,1.0592031478881836,0.01361436867777216,7.1829793344500406,0.014269321207785568,1.3292675516683308,6.331498298095539e-05,underdamped
41,1.229395550545782,2.0673558712005615,2.0333925346325623,3.4480414390563965,0.8379603206547794,68.16035085557066,1.4146489044238342,69.57087135561181,0.00035804713843390346,overdamped
42,1.0,0.8833653330802917,3.6860911477272262,3.2324514389038086,0.11663466691970825,11.663466691970825,0.45363970882341764,12.306795753087203,0.00011703177005983889,critically_damped
43,0.7403949511646737,0.8547257781028748,3.546556716794013,4.232976913452148,0.11433082693820107,15.44187014759537,0.6864201966581356,19.3545529219293,9.67556843534112e-05,underdamped
44,0.3934773709986963,0.38940125703811646,2.28849075217891,2.3019940853118896,0.00407611396057983,1.0359208079067235,0.013503333132979467,0.5900540834662634,5.1819912187056616e-05,underdamped
45,1.0,1.332290768623352,1.6760864029462645,2.363861560821533,0.33229076862335205,33.229076862335205,0.6877751578752687,41.03458847147027,0.00015487780910916626,critically_damped
46,0.20430886776996252,0.2123245894908905,1.8530126748965674,1.8395771980285645,0.008015721720927987,3.923335197546652,0.013435476868002949,0.7250612502557705,0.0001306995254708454,underdamped
47,0.8650909264113744,0.8211351037025452,3.4317150261143556,3.2418642044067383,0.04395582270882925,5.081063893615161,0.18985082170761736,5.53224321550326,9.331659384770319e-05,underdamped
48,0.44309106402280024,0.45226794481277466,2.81741272908043,2.816131830215454,0.009176880789974418,2.071104911631032,0.0012808988649757325,0.04546365719706969,2.1650357666658238e-05,underdamped
49,0.39244379587064143,0.40573805570602417,3.0790415180175628,2.9450933933258057,0.013294259835382738,3.387557651634996,0.1339481246917571,4.3503188868333105,7.689718768233433e-05,underdamped
50,0.2842572161144645,1.1749014854431152,0.7019199488129882,1.4733396768569946,0.8906442693286507,313.3233630804316,0.7714197280440064,109.90138253636313,0.07417099922895432,underdamped
51,1.19285214620841,1.114898920059204,3.0581568378536184,2.8818485736846924,0.07795322614920597,6.535028368518884,0.17630826416892598,5.765180581538413,3.89742199331522e-05,overdamped
52,0.8575225262048032,4.586825370788574,0.3520445026787757,1.6111282110214233,3.729302844583771,434.8926973485822,1.2590837083426476,357.64901845136984,0.0013108153361827135,underdamped
53,1.194714887596229,1.4696036577224731,2.916632839771185,3.677196502685547,0.27488877012624413,23.00873396491454,0.760563662914362,26.07677087576198,5.222223626333289e-05,overdamped
54,1.4188925707417885,1.1640554666519165,3.3884676379237653,2.818462610244751,0.25483710408987204,17.960281796150692,0.5700050276790143,16.821911512434472,0.00015407726459670812,overdamped
55,1.789244998915768,1.803911566734314,2.7994749604937126,2.8562629222869873,0.014666567818546028,0.8197070735105341,0.05678796179327472,2.0285218690886113,3.429728394621634e-06,overdamped
56,1.0,1.0167664289474487,2.5912026076911823,3.775904893875122,0.01676642894744873,1.676642894744873,1.1847022861839398,45.7201718872742,0.00041506841080263257,critically_damped
57,1.9541160899868215,1.9471384286880493,3.4389833322306638,3.475902557373047,0.0069776612987721975,0.35707506501413916,0.036919225142383105,1.0735505693316578,5.6256808420585e-06,overdamped
58,0.4696946003664265,0.2373676896095276,2.172079425414958,0.5449891090393066,0.23232691075689893,49.46339825402547,1.6270903163756514,74.90933790622361,0.004534316249191761,underdamped
59,0.4922827605922943,0.48290953040122986,2.1054347951931707,2.101834297180176,0.009373230191064452,1.9040338076813756,0.0036004980129948905,0.17100971358576555,1.5160249859036412e-05,underdamped
60,1.3055800417353591,1.4380933046340942,0.8818924179757117,0.9580174088478088,0.1325132628987351,10.149761689264206,0.07612499087209712,8.632004235486429,9.637156836106442e-06,overdamped
61,1.3224913547361288,1.087798833847046,3.4561891562172304,2.879483222961426,0.23469252088908288,17.746242351498026,0.5767059332558047,16.686179696455167,0.0001596960937604308,overdamped
62,0.6081539424899397,0.6361312866210938,3.250380616208024,3.423997402191162,0.027977344131154047,4.6003720729997335,0.17361678598313812,5.341429404218015,2.4945180484792218e-05,underdamped
63,1.3525482485744866,1.9821796417236328,2.24086636686638,3.3187291622161865,0.6296313931491462,46.55149225269737,1.0778627953498066,48.100271006212935,0.00016334389511030167,overdamped
64,0.6086358172396261,0.6306632161140442,2.3708214723370213,2.452141761779785,0.02202739887441807,3.6191427205713818,0.08132028944276382,3.430046943290204,1.4813136658631265e-05,underdamped
65,0.4825903042308103,1.1462974548339844,3.962793251223884,1.4874935150146484,0.6637071506031741,137.53014612695998,2.4752997362092355,62.46350943099932,0.0002736260066740215,underdamped
66,1.6350925556510747,2.220905303955078,1.5660695589883111,2.1112406253814697,0.5858127483040034,35.82749773273475,0.5451710663931586,34.811420940034225,5.763189619756304e-05,overdamped
67,1.3852404052437837,1.458963394165039,2.240598937803536,2.379547357559204,0.0737229889212554,5.322035701686102,0.13894841975566807,6.201396305752047,1.768410356817185e-06,overdamped
68,0.9295986644370139,2.093212604522705,1.2593483621399488,3.2014811038970947,1.1636139400856913,125.17379645660338,1.942132741757146,154.21727618376977,0.000978864380158484,underdamped
69,1.1435968600030528,1.2507356405258179,0.6211930646859132,0.668494462966919,0.10713878052276504,9.368579459240474,0.04730139828100577,7.614605018960126,2.3005013645160943e-05,overdamped
70,0.9011356942778797,1.0364742279052734,2.843941553783071,3.407047986984253,0.1353385336273938,15.018663058935491,0.5631064332011819,19.80021117002654,5.994124512653798e-05,underdamped
71,0.47943037008203915,0.4901605546474457,3.703848178299081,3.6482772827148438,0.010730184565406531,2.2381111491894856,0.055570895584237334,1.500355654689852,1.598740891495254e-05,underdamped
72,1.0,1.2642991542816162,2.204601635053418,3.2146687507629395,0.2642991542816162,26.42991542816162,1.0100671157095213,45.81630983345647,0.0005484570865519345,critically_damped
73,1.1065128098572197,1.0142544507980347,2.8859623513728536,2.6599280834198,0.092258359059185,8.337757885612701,0.2260342679530538,7.832197389738268,7.782591274008155e-05,overdamped
74,0.09147193804939122,0.12398175895214081,0.5369692310277294,0.5328103303909302,0.03250982090274959,35.54075883381368,0.004158900636799245,0.7745137703401254,0.0001045682147378102,underdamped
75,1.0,2.935861825942993,1.0858622425973274,3.204002857208252,1.9358618259429932,193.58618259429932,2.1181406146109243,195.06531597824412,0.0022073269356042147,critically_damped
76,0.9047644081491013,0.9051421284675598,1.2779712239519363,1.2579210996627808,0.0003777203184585076,0.041747919685658205,0.020050124289155535,1.5689026414189127,1.3313661838765256e-05,underdamped
77,1.9545011884249635,2.174318790435791,1.8060091158587663,2.0051205158233643,0.21981760201082756,11.246736676991626,0.19911139996459792,11.024938812112223,1.8223652205051621e-06,overdamped
78,0.36372580950607175,0.3716772198677063,2.8340366742748833,2.845944404602051,0.007951410361634548,2.186100120976379,0.01190773032716752,0.42016853328880205,5.103173680254258e-05,underdamped
79,0.6804161873354988,0.6712896227836609,1.32485019461479,1.3110522031784058,0.009126564551837912,1.341320903545435,0.01379799143638416,1.0414755941818787,1.034525666909758e-05,underdamped
80,1.0,1.1766129732131958,3.059705775602718,3.7775392532348633,0.1766129732131958,17.66129732131958,0.7178334776321451,23.460866183799723,5.960510316072032e-05,critically_damped
81,0.835843717356781,0.8908921480178833,2.0467564202342885,2.2590315341949463,0.05504843066110232,6.5859716975781035,0.2122751139606578,10.37129342124448,2.62627345364308e-05,underdamped
82,1.8431934233524967,3.0224390029907227,0.986072821483696,1.591603398323059,1.179245579638226,63.97839557681105,0.6055305768393631,61.4083020692377,0.00011550517228897661,overdamped
83,0.14723033256603069,0.16335909068584442,1.9529653122330204,1.9453999996185303,0.016128758119813735,10.954779384594692,0.007565312614490116,0.38737567775025855,0.00019298508414067328,underdamped
84,1.8734495315614863,5.3099517822265625,0.7159266480569303,1.9509825706481934,3.436502250665076,183.43180281994645,1.235055922591263,172.51151719848423,0.0002987882762681693,overdamped
85,1.0,2.203423500061035,0.35197903084130744,4.128106117248535,1.2034235000610352,120.34235000610352,3.776127086407228,1072.827286722579,0.2977033853530884,critically_damped
86,0.1869886833596834,0.21831126511096954,3.701500817213534,3.636549472808838,0.03132258175128613,16.751057437543082,0.06495134440469608,1.7547299760855122,0.0006322109838947654,underdamped
87,0.84714351820039,0.9081588983535767,3.327334330802437,3.5822978019714355,0.06101538015318664,7.202484448302606,0.25496347116899853,7.662694692526141,2.899577157222666e-05,underdamped
88,1.6332459266306611,1.5530142784118652,2.6698389813156926,2.5631959438323975,0.08023164821879591,4.912404611613603,0.10664303748329518,3.994362140549077,1.0302111149940174e-05,overdamped
89,1.0,1.5759233236312866,2.7610189407732357,4.613621711730957,0.5759233236312866,57.59233236312866,1.8526027709577213,67.09851727561463,0.00037856725975871086,critically_damped
90,0.369004821293443,0.3613015413284302,1.6391172147910422,1.641614556312561,0.007703279965012799,2.0875824706059696,0.0024973415215188144,0.15235893436926537,7.748560892650858e-05,underdamped
91,0.8784745375027305,4.5810394287109375,0.30692268786164995,1.106745719909668,3.702564891208207,421.47663172271496,0.799823032048018,260.59430067566404,0.0014905267162248492,underdamped
92,1.9186288600311396,2.069784164428711,2.606706786867375,2.8478949069976807,0.1511553043975713,7.8782982757341635,0.24118812013030588,9.252598771193407,4.82525081224594e-07,overdamped
93,1.9124841274312565,2.2616374492645264,1.3670727233444666,1.622252106666565,0.34915332183326986,18.25653435891431,0.25517938332209833,18.666116217856814,6.082025265641278e-06,overdamped
94,1.6269152624407104,1.487828016281128,3.808792251358308,3.5242257118225098,0.13908724615958246,8.549138936155945,0.28456653953579814,7.471306407807219,3.419994391151704e-05,overdamped
95,0.27245098150782765,0.28296077251434326,1.9372768393536623,1.9385284185409546,0.010509791006515612,3.857497942694569,0.00125157918729224,0.06460507666574938,2.480121111148037e-05,underdamped
96,0.8868229652986375,1.0976511240005493,0.8134014387676198,0.11793483048677444,0.21082815870191185,23.773421184567038,0.6954666082808454,85.50103001225854,0.00016120770305860788,underdamped
97,1.5289994161561697,1.2041549682617188,3.489304360371729,2.7520196437835693,0.324844447894451,21.245557353520393,0.7372847165881597,21.129848257479438,0.00017693638801574707,overdamped
98,0.23025369714793795,0.24415412545204163,1.2441193408763698,1.234636902809143,0.01390042830410368,6.037005475387723,0.009482438067226706,0.76218074550205,3.815528907580301e-05,underdamped
99,0.9036971530615625,1.0789871215820312,3.421784129354841,4.27756404876709,0.17528996852046874,19.396981381054264,0.8557799194122486,25.00975768958287,8.359917410416529e-05,underdamped
100,1.212334887071336,2.4410078525543213,1.5756395190945602,3.1499834060668945,1.2286729654829853,101.34765390205982,1.5743438869723343,99.91777103160179,0.0007479095947928727,overdamped
101,0.6466464121725716,0.6094369888305664,2.636063075691032,2.4820826053619385,0.037209423342005166,5.754214767385894,0.15398047032909368,5.841304472152222,6.233408203115687e-05,underdamped
102,1.4875327949411157,1.468430757522583,3.1992946482294675,3.2025437355041504,0.01910203741853267,1.284142271249141,0.0032490872746828714,0.10155636263389994,5.17725538884406e-06,overdamped
103,1.4300344119839814,1.1713205575942993,3.620377938110114,3.002551317214966,0.2587138543896821,18.091442571004375,0.6178266208951482,17.065252066408902,0.00010725568427005783,overdamped
104,0.8936109006612875,0.9411644339561462,2.353608259730663,2.520509958267212,0.047553533294858785,5.3215032694507585,0.1669016985365488,7.091311727281596,2.6970361432177015e-05,underdamped
105,0.6118762887127923,0.6286114454269409,2.2567762226632486,2.261678695678711,0.016735156714148602,2.735055602392184,0.004902473015462316,0.21723345745272207,2.8258393285796046e-05,underdamped
106,1.62984774816722,1.679477572441101,3.32726565519772,3.4855430126190186,0.049629824273881074,3.0450589222024145,0.15827735742129834,4.756979869462597,3.2275768262479687e-06,overdamped
107,0.6340675323383239,0.6360489130020142,0.8926366635973901,0.8851132392883301,0.0019813806636902465,0.312487323926409,0.007523424309060056,0.8428316487404981,1.5381023331428878e-05,underdamped
108,1.0,1.058941125869751,3.917155992975085,4.573740482330322,0.05894112586975098,5.894112586975098,0.6565844893552373,16.76176518200289,8.272888226201758e-05,critically_damped
109,0.05849742234216705,0.06203232333064079,2.840904523109389,2.841021776199341,0.003534900988473741,6.042832054713728,0.00011725308995202965,0.004127315402479467,3.7261092074913904e-05,underdamped
110,0.9318185577209648,1.2512658834457397,1.893083412579974,2.7923495769500732,0.31944732572477497,34.28213819931607,0.8992661643700992,47.50272272179181,0.00018210802227258682,underdamped
111,0.03397448650962175,0.03815612196922302,2.8675408799508957,2.8580241203308105,0.00418163545960127,12.308163828810212,0.009516759620085136,0.33187877761826723,0.00036900347913615406,underdamped
112,1.2696645987491015,1.5920683145523071,2.557683138656701,3.223484516143799,0.3224037158032056,25.39282548484411,0.6658013774870977,26.031425371822152,7.708094199188054e-05,overdamped
113,1.8429723593809186,3.8426103591918945,0.959289779257728,1.9575684070587158,1.999637999810976,108.50070483328808,0.9982786278009879,104.06434524648311,0.0001751112868078053,overdamped
114,1.3455404609592483,1.320632815361023,2.947128424552117,2.9694697856903076,0.024907645598225336,1.8511257238945045,0.022341361138190408,0.7580721950244053,8.163423444784712e-06,overdamped
115,0.8023027539912958,2.215376615524292,1.5504541048641363,4.239587306976318,1.4130738615329963,176.12726050150474,2.689133202112182,173.44165129917383,0.0027902009896934032,underdamped
116,1.6714518672074257,1.231694221496582,3.9620974158631292,2.9408698081970215,0.43975764571084364,26.309919797186126,1.0212276076661078,25.774924250408336,0.00023705167404841632,overdamped
117,0.4311003245744095,1.4233205318450928,1.4214692637187545,3.8946776390075684,0.9922202072706833,230.15993046403344,2.473208375288814,173.9895781368194,0.018259180709719658,underdamped
118,1.6603992749888365,3.0627121925354004,1.234456653796943,2.2640414237976074,1.4023129175465638,84.45636773456144,1.0295847700006644,83.40388192925742,0.0002027080045081675,overdamped
119,0.346036174123217,4.490396976470947,0.3740516558216954,3.9563699829159304e-05,4.14436080234773,1197.6669239418884,0.37401209212186626,99.98942293150868,2.497874083928764e-05,underdamped
120,1.0,2.7079224586486816,1.2161834468924322,3.0641934871673584,1.7079224586486816,170.79224586486816,1.8480100402749262,151.95158633320696,0.002946080407127738,critically_damped
121,0.06043443936553029,0.06594603508710861,2.765956696892735,2.75478458404541,0.005511595721578319,9.119958387041715,0.011172112847325,0.4039149586063913,0.00018202919454779476,underdamped
122,1.0890511012630975,3.6830873489379883,0.47823081412936913,1.40450119972229,2.594036247674891,238.19233502140435,0.9262703855929209,193.6868888884165,0.0018548587104305625,overdamped
123,1.1440182716710112,2.471287488937378,1.2943132519309097,2.7663936614990234,1.3272692172663667,116.01818346202546,1.4720804095681137,113.73447713465063,0.0011156213004142046,overdamped
124,0.27415612186338095,0.2839546203613281,2.2582859852415917,2.2484185695648193,0.009798498497947172,3.5740578876549822,0.009867415676772406,0.4369426964192398,3.678964276332408e-05,underdamped
125,1.801158324436205,2.649902105331421,1.901860929310594,2.816701889038086,0.8487437808952158,47.12210855538687,0.914840959727492,48.10241094016864,5.643223266815767e-05,overdamped
126,1.6776462553620437,1.2987955808639526,3.4754542605570156,2.6910557746887207,0.37885067449809107,22.58227402154773,0.7843984858682949,22.56966793579894,0.00019473872089292854,overdamped
127,1.9573444122905077,3.992049217224121,0.8058417874334156,1.5852375030517578,2.0347048049336136,103.95231376539287,0.7793957156183422,96.7182054557752,0.00012632631114684045,overdamped
128,0.1797085730447198,0.1921149641275406,3.489188952872255,3.4612622261047363,0.012406391082820795,6.90361671267264,0.027926726767518506,0.8003787454539998,9.685665281722322e-05,underdamped
129,0.2171679804693379,0.23074378073215485,1.778783176653159,1.7636868953704834,0.013575800262816934,6.251290007614041,0.015096281282675594,0.8486858590083902,7.316189294215292e-05,underdamped
130,0.28745008906398356,0.30184289813041687,2.910334803713745,2.883941888809204,0.01439280906643331,5.007063700449789,0.026392914904540987,0.9068686829729073,4.148242805968039e-05,underdamped
131,0.10961328863875519,0.13813838362693787,0.48205858409721564,0.4742085039615631,0.028525094988182675,26.023391271646656,0.007850080135652526,1.6284494031682712,5.34318205609452e-05,underdamped
132,1.4468652804241524,1.5416789054870605,2.5247297433920157,2.731948137283325,0.09481362506290814,6.55303754577021,0.20721839389130947,8.20754753785679,2.720843212955515e-06,overdamped
133,1.1523345212110963,1.1044561862945557,2.22089289410899,2.1736085414886475,0.04787833491654059,4.154898949501293,0.047284352620342585,2.1290694722724486,2.2026979422662407e-06,overdamped
134,0.7788297294593953,0.8464958071708679,3.5559583240955215,3.918492078781128,0.0676660777114726,8.68817344176644,0.36253375468560645,10.19510696256034,5.368085112422705e-05,underdamped
135,1.0,1.105010986328125,3.8571000821764394,4.606825828552246,0.105010986328125,10.5010986328125,0.7497257463758067,19.43754972395635,7.516923506045714e-05,critically_damped
136,1.5946717389514489,1.5347681045532227,2.9688988268871084,2.891709566116333,0.05990363439822621,3.756486864037291,0.07718926077077537,2.5999289727130357,7.19061881682137e-06,overdamped
137,1.7641367724466468,1.4324175119400024,3.391047178613411,2.794914960861206,0.33171926050664435,18.80348880470245,0.596132217752205,17.579590797553035,8.25841270852834e-05,overdamped
138,0.9195291087738682,1.345927119255066,1.6980843039216191,2.73994517326355,0.42639801048119774,46.37134446453485,1.0418608693419307,61.35507329852932,0.000327229528920725,underdamped
139,1.5594773110184041,1.6188757419586182,2.6411013437780806,2.7332749366760254,0.05939843094021402,3.8088679149441647,0.0921735928979448,3.4899680436378486,9.819353863349534e-07,overdamped
140,0.19728581644656393,0.2098080813884735,3.177032911492759,3.1698532104492188,0.012522264941909583,6.347270760491449,0.007179701043540376,0.2259876193780733,7.24728888599202e-05,underdamped
141,1.968090091476164,1.976456880569458,1.683083020071205,1.7000705003738403,0.008366789093293914,0.42512226089296606,0.016987480302635305,1.0093073306577964,3.5410921555012465e-06,overdamped
142,0.40646545288037866,0.4408525228500366,3.5441575389418345,3.3902487754821777,0.03438706996965796,8.460022795535824,0.15390876345965676,4.342605027247426,7.386721699731424e-05,underdamped
143,1.3219745775394331,1.1474623680114746,3.3041869927387646,2.893724203109741,0.17451220952795854,13.200874849860947,0.4104627896290234,12.422504856143151,7.413797720801085e-05,overdamped
144,1.1064947566163503,0.970352828502655,3.8258306981558263,3.3364648818969727,0.1361419281136953,12.303892747762847,0.48936581625885367,12.791099629545648,0.00010481486970093101,overdamped
145,0.5138236876407704,1.973875880241394,1.1007201692985444,3.716473340988159,1.4600521926006236,284.15431746723795,2.6157531716896147,237.64016001964922,0.015694307163357735,underdamped
146,1.434375804921752,2.3747222423553467,0.45912710056786277,0.6932837963104248,0.9403464374335946,65.55788477517524,0.23415669574256204,51.000408264497935,0.00010356475104345009,overdamped
147,1.9627184033964378,1.651706337928772,3.461823287657001,2.9405598640441895,0.3110120654676658,15.845985085250474,0.5212634236128117,15.057482150269097,6.929056689841673e-05,overdamped
148,1.6021345798631144,1.6411082744598389,2.482074601867081,2.5708565711975098,0.038973694596724506,2.432610536379185,0.08878196933042881,3.5769259015681767,1.8801692931447178e-06,overdamped
149,0.2851212896163848,0.22405864298343658,1.3963774942113072,0.6535465717315674,0.06106264663294819,21.4163757168413,0.7428309224797398,53.196999060723236,0.03722507506608963,underdamped
150,1.2287604255122,1.4680447578430176,0.5995740210967773,0.6923003196716309,0.23928433233081758,19.473635980022195,0.0927262985748536,15.465362959728143,1.1699072274495848e-05,overdamped
151,1.5143880136746746,1.1840875148773193,3.966444634574564,3.129805326461792,0.33030049879735524,21.810823634022196,0.8366393081127721,21.09292792895643,0.0001808044034987688,overdamped
152,1.6100045411542743,1.281564712524414,3.629524218747534,2.885420083999634,0.3284398286298602,20.399931815992833,0.7441041347479,20.50142359994152,0.00013564272376243025,overdamped
153,1.0,2.1858863830566406,1.8775201857035557,4.461909294128418,1.1858863830566406,118.58863830566406,2.5843891084248622,137.64907179713884,0.001153974561020732,critically_damped
154,1.2213708549930136,1.0357346534729004,3.333616578103716,2.858750343322754,0.18563620152011318,15.19900370646842,0.47486623478096224,14.24477661588435,0.00014417691272683442,overdamped
155,0.669800500794715,1.0602893829345703,1.451632004652874,2.48922061920166,0.39048888213985533,58.299281902080125,1.0375886145487863,71.47738622619462,0.001741031534038484,underdamped
156,1.513674130077701,2.595167875289917,1.795894640150295,3.1006152629852295,1.081493745212216,71.4482545299694,1.3047206228349344,72.65017633360411,0.00019236290245316923,overdamped
157,1.7558574929257451,1.2965048551559448,3.954837845526372,2.963646650314331,0.4593526377698003,26.161157133794017,0.9911911952120409,25.062751847923554,0.00019364217587281018,overdamped
158,1.0,1.2774033546447754,2.411632283193814,3.2024033069610596,0.2774033546447754,27.74033546447754,0.7907710237672454,32.789867231334206,0.00016960050561465323,critically_damped
159,1.3724247017799602,1.713363766670227,1.944539480315602,2.4324421882629395,0.3409390648902668,24.842096214683938,0.4879027079473375,25.09091293266774,6.01597894274164e-05,overdamped
160,0.647856657886931,0.6680363416671753,2.437136062501413,2.481767177581787,0.020179683780244262,3.114837755324292,0.044631115080373984,1.8312935320716466,6.5162021201103926e-06,underdamped
161,0.047564011642754096,0.05763066187500954,0.8954095149401744,0.8931532502174377,0.01006665023225544,21.164426389986797,0.002256264722736656,0.2519813208470769,0.0004270056961104274,underdamped
162,0.9422707302609262,1.6453709602355957,2.1212599197685846,3.772268772125244,0.7031002299746695,74.61764516233805,1.6510088523566595,77.831520643485,0.0006123468047007918,underdamped
163,0.6672965953269934,0.7483108639717102,2.969636938040133,3.521801233291626,0.08101426864471684,12.14066866398706,0.5521642952514929,18.593663359262493,0.000140466247103177,underdamped
164,0.06872597348092992,0.07162091881036758,2.262593406020069,2.2503252029418945,0.0028949453294376676,4.21230167113014,0.012268203078174444,0.5422186348432073,0.00010884750372497365,underdamped
165,0.04411904720770572,0.046350885182619095,1.1963588934650728,1.1954396963119507,0.0022318379749133727,5.058672197534595,0.0009191971531221643,0.07683289338534932,0.00016105695976875722,underdamped
166,1.872401285494187,2.2118890285491943,2.1359160638264307,2.535252094268799,0.3394877430550074,18.131142383049884,0.3993360304423681,18.696241729975537,5.6479216254956555e-06,overdamped
167,0.7168783968705971,0.7008867263793945,2.0274765474392384,2.0998177528381348,0.015991670491202536,2.230736839192153,0.07234120539889632,3.568041538643954,3.464426481514238e-05,underdamped
168,1.6537357397097945,3.4672751426696777,1.4060355479214528,2.9484429359436035,1.8135394029598833,109.66319221462383,1.5424073880221507,109.69903216901571,0.0002439343516016379,overdamped
169,1.8264892913519466,1.5872926712036133,3.6521007747390386,3.2160732746124268,0.23919662014833332,13.095977144836294,0.43602750012661184,11.939087309488832,5.375327600631863e-05,overdamped
170,1.2112814784581456,1.1845766305923462,2.514387939981347,2.4996256828308105,0.026704847865799408,2.2046773058721514,0.014762257150536584,0.5871113568356559,4.4736543713952415e-06,overdamped
171,1.476208212515392,3.8456623554229736,0.5952565216036529,1.4448553323745728,2.369454142907582,160.50948117069063,0.8495988107709198,142.7281818739348,0.0006257916684262455,overdamped
172,1.0,2.4411818981170654,1.519648243709853,3.797055959701538,1.4411818981170654,144.11818981170654,2.277407715991685,149.86413634986644,0.0016811736859381199,critically_damped
173,1.420702913127914,1.5490291118621826,1.6556111889492466,1.8179177045822144,0.12832619873426854,9.032585035793094,0.16230651563296772,9.803419831680255,9.409396625414956e-06,overdamped
174,1.449644976223513,1.1018699407577515,3.164290977711888,2.425063133239746,0.3477750354657616,23.990359099629647,0.7392278444721421,23.361563449094707,0.0002567205810919404,overdamped
175,1.5311942545959312,1.3244411945343018,2.5902498796616267,2.2507903575897217,0.2067530600616294,13.502732226237994,0.339459522071905,13.105280874146775,4.4763968617189676e-05,overdamped
176,0.5042206645339803,0.513145387172699,0.962467003206207,0.9652846455574036,0.008924722638718685,1.770003347039981,0.0028176423511965254,0.2927520987015957,4.676835669670254e-05,underdamped
177,0.4118676619104885,0.8709096908569336,3.68088717496231,3.1695642471313477,0.4590420289464451,111.45376813929349,0.5113229278309626,13.891295862286194,0.000934296753257513,underdamped
178,1.7623040059784434,2.0590994358062744,2.312409034052663,2.7207767963409424,0.296795429827831,16.841329805809988,0.4083677622882793,17.659841155895567,6.140259756648447e-06,overdamped
179,0.3245029514423773,-0.483977347612381,3.645958316741692,0.4201210141181946,0.8084802990547583,249.1442051485692,3.225837302623497,88.47707577486386,0.00025711534544825554,underdamped
180,0.5302226027213909,0.9407390356063843,3.7077664845033045,2.1974306106567383,0.4105164328849934,77.42341250222071,1.5103358738465662,40.734384977021875,6.96679562679492e-05,underdamped
181,0.4954794096803369,0.5167931914329529,3.5862010013869794,3.83650803565979,0.021313781752616,4.3016483301226955,0.25030703427281065,6.979726852343281,5.4998927225824445e-05,underdamped
182,0.6546149802539047,1.7177120447158813,1.2458084145938133,3.635693073272705,1.0630970644619766,162.40035693189213,2.3898846586788918,191.83404371675368,0.0043916646391153336,underdamped
183,0.8934304729201596,2.3344309329986572,0.8569102125326165,2.4751460552215576,1.4410004600784976,161.28848340807275,1.6182358426889412,188.8454378325368,0.0016492655267938972,underdamped
184,0.854515761707673,1.609099268913269,1.2152477312544616,0.3301132321357727,0.7545835072055961,88.30539365331644,0.8851344991186889,72.83572528911391,0.001855327282100916,underdamped
185,0.5599886524684232,0.5779010057449341,2.829491355764883,2.989685535430908,0.01791235327651086,3.1986993303441817,0.16019417966602534,5.661589293766222,2.9462149541359395e-05,underdamped
186,0.6976131177628512,1.5665096044540405,1.88371842958446,4.083834648132324,0.8688964866911894,124.55277353121173,2.200116218547864,116.79644813122098,0.003096351632848382,underdamped
187,0.2592984163340901,0.26923826336860657,3.6598774673058267,3.5737247467041016,0.009939847034516447,3.833362029372969,0.08615272060172519,2.3539782785445396,4.857687235926278e-05,underdamped
188,0.09997662637073117,0.11314708739519119,2.039481071041021,2.0308310985565186,0.013170461024460026,13.173540158898348,0.008649972484502388,0.42412614695595807,0.00011561768042156473,underdamped
189,1.10110296360797,1.433923602104187,2.53580373438135,3.3338499069213867,0.3328206384962169,30.22611413247565,0.7980461725400367,31.47113326318738,0.00015658984193578362,overdamped
190,1.0,1.6180633306503296,2.154828243014763,3.581178903579712,0.6180633306503296,61.80633306503296,1.4263506605649487,66.19324139586082,0.0006500587332993746,critically_damped
191,1.5772270168465532,2.492368221282959,1.8866029616632543,3.014361619949341,0.9151412044364058,58.022161341498176,1.1277586582860866,59.77721233363482,0.0001183044514618814,overdamped
192,0.04102251663263381,0.058622807264328,0.8964586111312107,0.8927205801010132,0.017600290631694195,42.903975856256935,0.0037380310301975417,0.4169775362501842,0.0003211441508028656,underdamped
193,1.7639483952734247,3.7880351543426514,0.8523982055628827,1.782589077949524,2.0240867590692266,114.74750420663405,0.9301908723866412,109.12632925739068,0.00024890745407901704,overdamped
194,1.2160275168691308,1.2779463529586792,1.7308389546880834,1.8302628993988037,0.0619188360895484,5.0918943223397575,0.09942394471072036,5.74426317604099,8.949171387939714e-06,overdamped
195,1.0,0.7780258655548096,3.830782698484244,2.972846031188965,0.22197413444519043,22.197413444519043,0.8579366672952791,22.39585836165402,0.0004989703884348273,critically_damped
196,0.4942961721431249,0.48872846364974976,2.251853348097177,2.2578084468841553,0.005567708493375123,1.1263911814722645,0.005955098786978308,0.26445322436340646,1.4562398973794188e-05,underdamped
197,1.0,1.6273281574249268,2.4861346196254726,4.202667236328125,0.6273281574249268,62.732815742492676,1.7165326167026524,69.04423449769756,0.0005339785129763186,critically_damped
198,0.15384049411521727,0.16520985960960388,2.158043313575958,2.153369188308716,0.011369365494386607,7.3903594497503615,0.00467412526724198,0.21659089221415026,0.00012337911175563931,underdamped
199,0.9441213011129802,2.02250337600708,1.5775677748716357,3.6388111114501953,1.0783820748940998,114.2207122774209,2.06124333657856,130.65957415023138,0.0008284233044832945,underdamped
200,1.3471572546625215,1.3483248949050903,2.6291845047955507,2.6635048389434814,0.0011676402425688792,0.08667438330066274,0.03432033414793079,1.3053604296439283,4.37953030996141e-06,overdamped
201,1.9286563342872953,1.4551129341125488,2.726028676777517,2.056701421737671,0.4735434001747465,24.55302127995432,0.6693272550398461,24.55319933871968,0.00011818109487649053,overdamped
202,1.4477933347307552,2.1720240116119385,0.8046595377131376,1.1709338426589966,0.7242306768811833,50.023070248204164,0.366274304945859,45.51916528409266,0.00018742724205367267,overdamped
203,1.2353802464608372,1.1318705081939697,2.626468498660194,2.4646389484405518,0.10350973826686749,8.378775568364963,0.1618295502196423,6.161488336989166,2.4870494598872028e-05,overdamped
204,1.4298356429767098,2.1497902870178223,0.5623577272058535,0.7897090911865234,0.7199546440411124,50.35226584100754,0.2273513639806699,40.42824575564993,8.016351785045117e-05,overdamped
205,0.5218280830648914,0.5177744030952454,1.1563447184476183,1.151455283164978,0.004053679969646007,0.7768228850078803,0.004889435282640298,0.42283544038704285,3.839831697405316e-05,underdamped
206,0.8390708642903607,5.455453395843506,0.31347180779486916,1.3781522512435913,4.616382531553145,550.1779084484626,1.0646804434487223,339.64152978804134,0.002002592198550701,underdamped
207,1.1151724081765784,0.9958100318908691,3.1297492763593544,2.795161724090576,0.11936237628570923,10.703490815458661,0.33458755226877823,10.690554505311155,7.219660619739443e-05,overdamped
208,0.03394286471624031,0.0382181815803051,2.5188289697958512,2.5152523517608643,0.004275316864064786,12.595627681417287,0.003576618034986989,0.14199527152797797,0.00011038215598091483,underdamped
209,0.4036609739878649,0.4030953645706177,0.942873656877798,0.9477053880691528,0.0005656094172472037,0.14011991589362993,0.004831731191354827,0.512447363027881,2.9710461603826843e-05,underdamped
210,0.9125427518125035,3.5774290561676025,0.38214121463897516,1.3532246351242065,2.664886304355099,292.0286528014243,0.9710834204852314,254.11637983164277,0.0011187815107405186,underdamped
211,0.4542151718222521,1.2041306495666504,1.1462555186734924,1.8400574922561646,0.7499154777443984,165.10137139097208,0.6938019735826721,60.527688833775606,0.019932305440306664,underdamped
212,0.3967765424004287,0.4756411612033844,0.34531586339627723,0.36653247475624084,0.0788646188029557,19.876330976080023,0.02121661135996361,6.144117200783178,6.129241228336468e-05,underdamped
213,1.71416636235471,1.1499541997909546,3.5218041246866503,2.4023423194885254,0.5642121625637555,32.91466773322459,1.1194618051981249,31.78660043445,0.0003636909241322428,overdamped
214,1.2463562552730831,1.3440991640090942,2.121493785690986,2.309677839279175,0.0977429087360111,7.84229294974695,0.18818405358818868,8.870356107448872,1.0886131349252537e-05,overdamped
215,1.070470618338372,1.048195242881775,3.293670175500137,3.2560572624206543,0.02227537545659719,2.080895549583036,0.03761291307948289,1.1419757011271308,1.0822196600202005e-05,overdamped
216,0.43419323728004267,0.44949743151664734,1.7042412846063208,1.7008529901504517,0.015304194236604673,3.524742654325104,0.0033882944558691896,0.19881541929973162,2.4676490284036845e-05,underdamped
217,0.6451901435557724,1.5447216033935547,1.208883252192707,2.748511552810669,0.8995314598377823,139.42114101128138,1.5396283006179619,127.3595525312589,0.005706949159502983,underdamped
218,1.0247755191899595,1.039283037185669,1.4000473032511929,1.4188532829284668,0.014507517995709485,1.4156776507675601,0.018805979677273932,1.3432388772581216,3.371528237039456e-06,overdamped
219,0.6323111647183525,0.6445199251174927,2.0165561077982326,2.0084969997406006,0.012208760399140206,1.9308152505227865,0.008059108057631992,0.39964710262544056,8.501310730935074e-06,underdamped
220,1.9181396756446691,2.259458541870117,1.0553992487790669,1.2440370321273804,0.34131886622544805,17.794265483337853,0.1886377833483135,17.873594619906935,1.897056063171476e-05,overdamped
221,1.2798010297795326,1.2177995443344116,2.4277299358644546,2.341447114944458,0.06200148544512096,4.8446191245682755,0.08628282091999662,3.5540535067494416,1.947943565028254e-05,overdamped
222,1.2002654689557715,1.2841500043869019,1.865304575788091,1.988266944885254,0.08388453543113039,6.9888318543488355,0.12296236909716285,6.592079958052493,4.913372777082259e-06,overdamped
223,0.1928652288937215,0.748278796672821,3.56128878994534,1.0287903547286987,0.5554135677790996,287.9801460143759,2.5324984352166413,71.11185260703081,0.0020612888038158417,underdamped
224,0.47783872956072576,0.7306828498840332,3.76438807120097,1.9823484420776367,0.25284412032330744,52.9141119548316,1.7820396291233331,47.33942397588145,0.0005048494203947484,underdamped
225,1.9456650378686078,3.0168821811676025,0.9496526741417732,1.4457659721374512,1.0712171432989948,55.056606479009716,0.49611329799567794,52.24155225425221,9.603871876606718e-05,overdamped
226,0.30651867526970017,0.32382944226264954,3.0876421036215973,3.0970091819763184,0.017310766992949367,5.647540717614658,0.009367078354721059,0.3033731902973503,5.630148370983079e-05,underdamped
227,0.8947153691439511,0.842609703540802,2.9103245061410368,2.7628140449523926,0.05210566560314911,5.82371415537468,0.1475104611886442,5.068522801405285,6.717234646202996e-05,underdamped
228,1.1701615491125046,1.2800545692443848,0.8279647533861114,0.8952163457870483,0.10989302013188018,9.391269112818419,0.06725159240093692,8.12251875770066,3.827022010227665e-05,overdamped
229,1.0453447436644312,3.402089834213257,0.6445248771713808,1.946807861328125,2.3567450905488254,225.45146994161098,1.302282984156744,202.0531759568473,0.002594208577647805,overdamped
230,0.5688448723478551,0.8697813153266907,2.7734278767095346,0.7186803221702576,0.3009364429788356,52.90307737797618,2.054747554539277,74.08692945630452,0.0016680381959304214,underdamped
231,0.20011305358044632,0.21302618086338043,3.467782660580917,3.4422924518585205,0.012913127282934117,6.452916015167888,0.025490208722396712,0.7350578515819279,0.00010480236232979223,underdamped
232,0.6826585970311342,0.6661712527275085,3.827518078693694,2.988032817840576,0.01648734430362564,2.415166874822745,0.839485260853118,21.93288819525651,0.000129865191411227,underdamped
233,1.0,1.2936770915985107,2.523384217111862,3.374659299850464,0.29367709159851074,29.367709159851074,0.851275082738602,33.735452451744685,0.00021047399786766618,critically_damped
234,1.6511217573192813,2.3066351413726807,1.9634420928011005,2.7492058277130127,0.6555133840533993,39.70109297800508,0.7857637349119122,40.01970507777594,5.1545914175221696e-05,overdamped
235,0.7784614117223724,0.7295899987220764,3.810677451103347,3.7121288776397705,0.04887141300029596,6.277949332410233,0.0985485734635767,2.5861168972735507,6.321017281152308e-05,underdamped
236,0.10572136283602397,1.0612717866897583,3.773109895874103,1.6394503116607666,0.9555504238537343,903.8385414457937,2.1336595842133366,56.549097245921566,0.005351085681468248,underdamped
237,0.34494576458394577,0.34034574031829834,2.3318545522208627,2.3219361305236816,0.004600024265647429,1.3335500063888943,0.009918421697181046,0.4253447835215418,4.167167207924649e-05,underdamped
238,0.20086564893632944,0.20616061985492706,2.6212464523194794,2.6080386638641357,0.005294970918597625,2.6360758778998736,0.01320778845534365,0.5038743473989784,0.0001077755878213793,underdamped
239,0.7975464683237253,0.9688886404037476,1.6375940395299233,2.057180166244507,0.17134217208002223,21.48366006060404,0.4195861267145835,25.6221088124519,0.00014343700604513288,underdamped
240,1.0,1.0670443773269653,3.111985417983689,3.347771406173706,0.06704437732696533,6.704437732696533,0.23578598819001684,7.576706074117364,1.1261151485086884e-05,critically_damped
241,1.5130652044071577,1.2052572965621948,3.2394907872930663,2.6300387382507324,0.3078079078449629,20.34333397849611,0.6094520490423339,18.813205193634612,0.00017333702999167144,overdamped
242,0.05348077862011526,0.08826622366905212,1.0901532182800229,1.0244333744049072,0.03478544504893687,65.04289194445894,0.06571984387511565,6.028496065791963,0.00016585347475484014,underdamped
243,0.29788508591422336,0.31177952885627747,3.3271780570463436,3.266005277633667,0.013894442942054108,4.6643634069196205,0.061172779412676626,1.8385784699175949,4.838952736463398e-05,underdamped
244,0.3237918013612974,-0.06118454039096832,3.538212909705576,0.37044212222099304,0.38497634175226575,118.89625992188006,3.167770787484583,89.53024784899621,0.00037058154703117907,underdamped
245,1.486924276891477,1.6326875686645508,0.893943148981388,0.9911013841629028,0.1457632917730738,9.803007055463679,0.09715823518151478,10.868502688590729,1.5060654732224066e-05,overdamped
246,1.515315887625922,1.5613774061203003,2.22409513839086,2.3161966800689697,0.04606151849437823,3.0397304529383504,0.09210154167810991,4.141079223110288,1.0275419981553569e-06,overdamped
247,1.6673025829967558,1.3666142225265503,2.761564923408628,2.27445650100708,0.30068836047020553,18.034420598674895,0.48710842240154806,17.638854631753688,7.360359450103715e-05,overdamped
248,1.4597699582947543,1.22811758518219,2.982283621065415,2.545046091079712,0.23165237311256437,15.869101278339192,0.437237529985703,14.66116525260266,0.00010588881559669971,overdamped
249,1.657815032499015,3.0526363849639893,1.3658577778678882,2.5017926692962646,1.3948213524649742,84.13612647500244,1.1359348914283764,83.16641086904212,0.00020082571427337825,overdamped
250,0.7693196480254534,0.9826782941818237,2.0058191064418334,2.5868072509765625,0.21335864615637035,27.733419613548104,0.5809881445347291,28.96513163469446,0.00036767113488167524,underdamped
251,0.3525803906202483,0.3516670763492584,1.9973662084426487,1.9756568670272827,0.0009133142709898956,0.25903717146130045,0.021709341415365957,1.086898402686645,2.2692251150147058e-05,underdamped
252,0.6407266325734317,0.6246777176856995,3.679692039734833,3.523975372314453,0.01604891488773219,2.504799094002523,0.15571666742037982,4.231785316240789,6.602556095458567e-05,underdamped
253,1.0,3.0506770610809326,1.0661819909850823,3.2500953674316406,2.0506770610809326,205.06770610809326,2.1839133764465584,204.8349526546369,0.0023208202328532934,critically_damped
254,0.33280674373886693,0.32915782928466797,1.4811796826533832,1.479109764099121,0.0036489144541989593,1.0964064048720235,0.0020699185542620846,0.13974797106006986,5.876130671822466e-05,underdamped
255,0.35787454990900874,0.38795173168182373,3.884358161506831,3.722698450088501,0.030077181772814987,8.40439248347284,0.16165971141833024,4.161812703584953,0.00010781396122183651,underdamped
256,1.401373277464573,1.4906115531921387,1.3712116942274095,1.459593653678894,0.0892382757275656,6.367916183546718,0.08838195945148453,6.445537171507433,6.2179301494325045e-06,overdamped
257,1.9279820948171884,1.982532024383545,1.8026925867691115,1.868779182434082,0.054549929566356514,2.829379469498079,0.06608659566497055,3.6659936447297827,2.552639898567577e-06,overdamped
258,0.08164034187200812,0.10313914716243744,0.8324147553928514,0.8353828191757202,0.021498805290429315,26.333556177574717,0.002968063782868846,0.3565606884837226,7.930787251098081e-05,underdamped
259,1.114260948604583,1.1570004224777222,1.1488206656593278,1.1946227550506592,0.042739473873139255,3.83567905943962,0.045802089391331346,3.986878958609675,7.961290975799784e-06,overdamped
260,0.5217480918051176,0.5353237986564636,3.495361410561423,3.051546096801758,0.013575706851346014,2.601965788581511,0.4438153137596652,12.697265364853354,0.00013095226313453168,underdamped
261,0.6580551221965187,0.6698637008666992,3.879421751454332,3.294879913330078,0.01180857867018048,1.7944664925279643,0.5845418381242538,15.06775688683806,9.496376878814772e-05,underdamped
262,0.6905290918678351,1.1352970600128174,2.725699940307515,4.547605037689209,0.4447679681449823,64.40973644454496,1.821905097381694,66.84173376678231,0.0014016209170222282,underdamped
263,1.0,2.8731088638305664,1.2705478880583523,3.7742698192596436,1.8731088638305664,187.31088638305664,2.5037219312012913,197.05844657515996,0.001793800387531519,critically_damped
264,0.8629690297136771,0.9402533769607544,1.6561700643081294,1.8468225002288818,0.07728434724707733,8.955633931929095,0.19065243592075243,11.511646057942613,3.3118543797172606e-05,underdamped
265,1.6901984408954775,3.2373576164245605,0.8528152297420197,1.5937358140945435,1.547159175529083,91.53713185946312,0.7409205843525237,86.8793800242821,0.0002253934508189559,overdamped
266,1.3754185027323569,1.6804962158203125,1.944678103839527,2.4194388389587402,0.3050777130879556,22.180718994393285,0.47476073511921313,24.413332683792582,7.099226786522195e-05,overdamped
267,0.07622355151043204,0.10471440106630325,0.47364188766849113,0.47338569164276123,0.02849084955587121,37.37801373893201,0.0002561960257299045,0.054090660560245855,0.0001226399326696992,underdamped
268,1.0286270232293941,1.028689980506897,1.5918267034443718,1.6021342277526855,6.295727750282865e-05,0.006120515607802434,0.01030752430831372,0.6475280434742329,3.4372776553937e-06,overdamped
269,1.7466658552307692,3.1813197135925293,0.3011708800156017,0.475668728351593,1.43465385836176,82.13670943789153,0.1744978483359913,57.93981421010945,4.356699719210155e-05,overdamped
270,1.3199765938003982,1.4840633869171143,1.5726134399300307,1.7777011394500732,0.16408679311671603,12.431038087144188,0.20508769952004258,13.041202263231796,3.630488208727911e-05,overdamped
271,1.6844629610528306,2.187274217605591,1.871576797348213,2.4284510612487793,0.5028112565527603,29.84994435487563,0.5568742639005664,29.754283376967837,3.770878538489342e-05,overdamped
272,1.0,1.8062294721603394,0.6087028104205476,4.398297309875488,0.8062294721603394,80.62294721603394,3.7895944994549406,622.5689178002549,0.1467438042163849,critically_damped
273,0.40737668702601515,0.4236060380935669,2.5357119533146872,2.518146276473999,0.016229351067551745,3.9838683912011232,0.017565676840688216,0.6927315548489776,3.6365872801980004e-05,underdamped
274,0.41578265509133144,0.43846800923347473,3.8780282081303645,3.7280051708221436,0.022685354142143288,5.456060724120439,0.15002303730822097,3.868539094009029,3.567673047655262e-05,underdamped
275,1.8338712490576379,2.329030990600586,0.46690437701394605,0.5697277784347534,0.49515974154294806,27.000790911433576,0.10282340142080737,22.022368279862178,2.4535922420909628e-05,overdamped
276,1.910739470675464,3.78560733795166,1.1808818560933978,2.3148601055145264,1.8748678672761963,98.12263241798283,1.1339782494211286,96.0280864313187,0.0001506350381532684,overdamped
277,1.0987291016824783,1.0085148811340332,3.1653922056787636,2.914280891418457,0.09021422054844508,8.210779200286995,0.25111131426030653,7.933023712189878,6.323587149381638e-05,overdamped
278,1.0,4.821465969085693,0.5527556864094314,2.511394500732422,3.8214659690856934,382.14659690856934,1.9586388143229905,354.3407806522696,0.0027908547781407833,critically_damped
279,0.28899191277567904,0.2893674969673157,2.3645603731210127,2.355919361114502,0.00037558419163663537,0.12996356473413528,0.008641012006510795,0.36543841742156136,7.833208655938506e-05,underdamped
280,0.30231599606607107,1.0751910209655762,2.726455381320398,0.8840654492378235,0.7728750248995051,255.65138297564428,1.8423899320825745,67.57454916391559,0.00015298435755539685,underdamped
281,0.9284380261190684,0.851093053817749,3.4142909406091992,2.986750364303589,0.07734497230131943,8.330655372295173,0.4275405763056104,12.522089761610236,2.2715430532116443e-05,underdamped
282,1.3484144647317438,2.155914783477783,1.5036720656613787,2.4135007858276367,0.8075003187460394,59.885171797432854,0.909828720166258,60.50712392306609,0.00026462861569598317,overdamped
283,1.803209409520253,3.4922807216644287,0.9622545145720267,1.826406478881836,1.6890713121441756,93.67028051354035,0.8641519643098092,89.80492699420073,0.00014175300020724535,overdamped
284,1.7329651672890807,1.291577696800232,3.7420605087604475,2.8162124156951904,0.44138747048884874,25.470071691015107,0.9258480930652571,24.74166547809092,0.00018626257951837033,overdamped
285,0.8960304676718862,1.2493677139282227,2.338562352877822,3.6046974658966064,0.35333724625633645,39.433619615011075,1.2661351130187843,54.1416016323313,0.0002315443125553429,underdamped
286,1.0,1.456632375717163,2.3659923384016,3.5612497329711914,0.4566323757171631,45.66323757171631,1.1952573945695915,50.51822760242219,0.0003900792798958719,critically_damped
287,0.10369974735055142,0.12180124223232269,0.7031656040620331,0.4592161476612091,0.018101494881771277,17.455678865426883,0.243949456400824,34.69303034613491,0.004305001813918352,underdamped
288,1.1656826477363234,1.3310151100158691,2.328865155225815,2.690335988998413,0.1653324622795458,14.183316754402256,0.36147083377259825,15.52132947506567,4.012031786260195e-05,overdamped
289,0.5368755604122188,0.5381595492362976,2.387667517861407,2.4318835735321045,0.0012839888240787634,0.2391594847589827,0.04421605567069742,1.8518514550259066,1.2700706065515988e-05,underdamped
290,0.9600630198535709,4.492633819580078,0.47410631641311873,2.1884381771087646,3.532570799726507,367.951970513904,1.714331860695646,361.59228454611866,0.0012065302580595016,underdamped
291,1.0745328051962106,1.2568947076797485,1.4041454878600652,1.6340324878692627,0.1823619024835379,16.97127361786209,0.22988700000919748,16.372021417776878,0.00010630945325829089,overdamped
292,0.4826293561785502,0.4841225743293762,1.1924342404984727,1.182586669921875,0.0014932181508260367,0.30939231766780806,0.009847570576597686,0.8258376220797812,7.666893361601979e-05,underdamped
293,0.20654201910717998,0.21466200053691864,1.1991594057122816,1.177605152130127,0.00811998142973866,3.931394427554711,0.02155425358215468,1.7974469015111294,0.0001011364147416316,underdamped
294,1.1354022367257168,1.2040574550628662,0.7440524499751319,0.7759039402008057,0.06865521833714938,6.0467749768696875,0.031851490225673795,4.280812492014287,5.045759280619677e-06,overdamped
295,0.8839131927822489,0.8143125772476196,3.680324889266246,3.4757049083709717,0.06960061553462926,7.874146025080915,0.20461998089527444,5.559834717093956,9.242056694347411e-05,underdamped
296,1.8644033663286017,1.4797841310501099,3.8119553227068623,3.07709002494812,0.38461923527849184,20.629614933376097,0.7348652977587422,19.277909512247792,0.00012019093992421404,overdamped
297,1.9351933914800408,3.194559097290039,1.2616979616779638,2.066589593887329,1.2593657058099983,65.07699495846418,0.8048916322093653,63.79431977039257,0.00010185881546931341,overdamped
298,1.275201071969061,1.0580830574035645,3.8764392054696835,3.267854690551758,0.2171180145654965,17.026178799414016,0.6085845149179256,15.69957589065781,0.00014939917309675366,overdamped
299,0.6830729082507363,0.686599850654602,3.5050988100771185,3.12911057472229,0.0035269424038657515,0.5163346930121716,0.3759882353548285,10.72689404001584,3.9951592043507844e-05,underdamped
300,1.952590494966918,1.8508472442626953,2.354479675646833,2.241255521774292,0.10174325070422263,5.210680425131662,0.11322415387254114,4.808882193533299,1.979711441890686e-06,overdamped
301,1.3309476596994165,1.0822280645370483,3.842380649453662,3.147761821746826,0.2487195951623682,18.687406176328487,0.6946188277068357,18.077824429123172,0.0001760262530297041,overdamped
302,1.6064640338925207,1.2781273126602173,3.2161978839459646,2.5583221912384033,0.3283367212323034,20.438473212296675,0.6578756927075613,20.455075105652742,0.0001303068856941536,overdamped
303,1.6899964849620024,1.203619360923767,3.508352808743449,2.51604962348938,0.4863771240382353,28.779771340717964,0.9923031852540691,28.284019291932967,0.0003078732988797128,overdamped
304,1.4908091779663497,2.1948139667510986,1.2737367319573243,1.8745644092559814,0.7040047887847489,47.22299803286022,0.6008276772986572,47.170475831012425,0.00014539821131620556,overdamped
305,0.6033229405253053,2.779696226119995,0.48676289078673957,1.7366911172866821,2.17637328559469,360.7310677926071,1.2499282264999425,256.7837955929062,0.009634200483560562,underdamped
306,0.0882558242718087,0.1101406142115593,1.380459812108083,1.3648812770843506,0.0218847899397506,24.796992289540253,0.01557853502373252,1.1285033354171126,0.000230310412007384,underdamped
307,1.6374605013347674,1.8458412885665894,1.7787811639513793,2.0045347213745117,0.20838078723182196,12.725851222790501,0.2257535574231324,12.691474476919023,1.1720922884705942e-05,overdamped
308,1.5345079330322866,2.479588270187378,1.174569448625161,1.8903026580810547,0.9450803371550913,61.58849470967228,0.7157332094558937,60.935793136256244,0.00020418445637915283,overdamped
309,1.0,2.1999032497406006,1.8937286401067983,4.258829116821289,1.1999032497406006,119.99032497406006,2.365100476714491,124.89120281674091,0.0009991215774789453,critically_damped
310,0.2101759252655961,0.22265984117984772,2.8507780967745027,2.838430166244507,0.012483915914251631,5.939745904996444,0.012347930529995832,0.43314246534891054,8.899503882275894e-05,underdamped
311,1.679604518046228,1.583694338798523,2.662285012835656,2.550537586212158,0.09591017924770506,5.710283475497612,0.11174742662349768,4.197425372742987,9.125673386733979e-06,overdamped
312,1.9347024475360364,1.948693871498108,2.4595438035583213,2.489374876022339,0.013991423962071536,0.723182212328851,0.029831072464017616,1.2128701436770428,3.0399469324038364e-06,overdamped
313,1.2193208551111228,1.0408629179000854,3.7481799396618998,3.2485837936401367,0.1784579372110373,14.63584719829741,0.49959614602176305,13.329033132460244,0.00012474172399379313,overdamped
314,0.30628539984476033,-0.17032121121883392,3.670842163631458,1.8875685930252075,0.47660661106359425,155.60866149844577,1.7832735706062506,48.5794128735328,0.0007415675790980458,underdamped
315,1.9689333557054813,3.157625198364258,1.5182175447219857,2.427248954772949,1.1886918426587765,60.37237569337945,0.9090314100509636,59.874911419063096,7.233161886688322e-05,overdamped
316,0.8205126232948594,0.8014566898345947,0.7333264453989379,0.7114651799201965,0.019055933460264685,2.322442448690609,0.021861265478741343,2.981109656675284,1.2507317478593905e-05,underdamped
317,1.0,1.5098204612731934,2.9684342768170735,4.648997783660889,0.5098204612731934,50.982046127319336,1.6805635068438152,56.61447585242858,0.0002997613337356597,critically_damped
318,0.6188497016197907,1.3532564640045166,1.9976315602619696,4.245560646057129,0.7344067623847259,118.67287977395378,2.2479290857951595,112.52971421318382,0.004110442940145731,underdamped
319,1.0,2.1277008056640625,1.8986735006099447,4.2407684326171875,1.1277008056640625,112.77008056640625,2.342094932007243,123.35427503753805,0.0009028236963786185,critically_damped
320,1.973169288894435,1.6258710622787476,3.615249545958846,3.0258169174194336,0.34729822661568743,17.601035479843613,0.5894326285394125,16.304064796807314,6.38641940895468e-05,overdamped
321,1.8272499970578144,4.575446605682373,1.11502953132773,2.7597246170043945,2.748196608624559,150.40069027498296,1.6446950856766644,147.50237903728262,0.00028085598023608327,overdamped
322,0.6790048301744005,1.8563348054885864,1.2298501109328583,1.813128113746643,1.177329975314186,173.39051550072065,0.5832780028137847,47.426755311780255,0.005978044122457504,underdamped
323,1.7748664542669286,2.1536953449249268,2.1732871602746253,2.640139102935791,0.3788288906579982,21.34407857826495,0.4668519426611657,21.481373984750935,1.3699659575650003e-05,overdamped
324,0.8584769184533327,1.1206884384155273,2.014109263341228,2.898146867752075,0.2622115199621946,30.543805468247843,0.8840376044108473,43.89223665772272,0.00021594592544715852,underdamped
325,1.0,2.0520856380462646,1.0551761523835534,2.1555399894714355,1.0520856380462646,105.20856380462646,1.100363837087882,104.2824778215707,0.0012159061152487993,critically_damped
326,1.2071607105857434,1.0461682081222534,3.3805807620326647,2.9648962020874023,0.16099250246348995,13.336459764779168,0.4156845599452623,12.296246982584165,9.026316547533497e-05,overdamped
327,0.3043742890286587,0.3320319950580597,0.5366661856705996,0.5581874847412109,0.027657706029400986,9.086741891920063,0.02152129907061129,4.0101835452366,3.229024150641635e-05,underdamped
328,1.647723750098159,2.8131418228149414,1.5710888467111186,2.6847410202026367,1.1654180727167824,70.72897217433174,1.1136521734915181,70.88409900069064,0.0001564046397106722,overdamped
329,0.3671866331675319,0.35850489139556885,1.3736329417787854,1.376077651977539,0.00868174177196307,2.364394830244802,0.0024447101987536968,0.17797405146588288,7.800363528076559e-05,underdamped
330,1.7352257167505847,2.374957799911499,0.8395597447096568,1.1230549812316895,0.6397320831609143,36.86736987502054,0.2834952365220327,33.767130726363405,4.84448901261203e-05,overdamped
331,0.26921850125568625,0.2773999273777008,1.006806021089785,1.0009790658950806,0.008181426122014557,3.0389538920448746,0.005826955194704331,0.5787564905896302,4.866856033913791e-05,underdamped
332,0.7365198755470875,1.9958462715148926,1.084432170251118,0.598493754863739,1.259326395967805,170.98335534154816,0.4859384153873789,44.81040204431154,0.004449778236448765,underdamped
333,1.0,1.3151935338974,2.0716649764601103,2.8040573596954346,0.3151935338973999,31.51935338973999,0.7323923832353243,35.35283897528527,0.000259207037743181,critically_damped
334,0.8696580571246187,0.8888930082321167,1.9992673941883015,2.0794856548309326,0.019234951107497955,2.2117832347917474,0.08021826064263116,4.012382779603106,1.243954375240719e-05,underdamped
335,1.9526338780772892,2.904956579208374,0.5114250269626813,0.7224494814872742,0.9523227011310849,48.77118602842299,0.21102445452459284,41.262050818641555,4.035951860714704e-05,overdamped
336,1.2351124152977333,1.168988823890686,3.3488047911879235,3.2073678970336914,0.06612359140704727,5.353649642579916,0.1414368941542321,4.223503696793868,2.6716868887888268e-05,overdamped
337,0.19165335156690616,0.1954977661371231,0.406993699370406,0.3651752471923828,0.0038444145702169474,2.0059208663903085,0.04181845217802321,10.274963038178173,5.479632818605751e-05,underdamped
338,1.0823408650644457,1.107442855834961,1.4035319082239706,1.4390900135040283,0.025101990770515226,2.3192315453247327,0.03555810528005776,2.53347323788691,7.793511031195521e-06,overdamped
339,1.1388808359575207,8.298221588134766,0.345552356073472,1.9614084959030151,7.159340752177245,628.6294866098074,1.615856139829543,467.6154311869245,0.001450390089303255,overdamped
340,0.7281379871584144,0.7131913900375366,3.424556898222401,3.1360881328582764,0.014946597120877758,2.052714922786464,0.28846876536412447,8.423535480279542,2.303097971889656e-05,underdamped
341,1.0,1.6698310375213623,1.6569440308388441,2.799874782562256,0.6698310375213623,66.98310375213623,1.1429307517234117,68.97823526029373,0.0008573643863201141,critically_damped
342,0.7231072112277195,0.836505651473999,2.9891871774197973,3.5072860717773438,0.11339844024627954,15.682106122790184,0.5180988943575464,17.33243398978977,0.00013905494415666908,underdamped
343,1.3385265491117821,2.776258945465088,0.7950907011077271,1.5727412700653076,1.4377323963533057,107.4115711270243,0.7776505689575806,97.80652293809389,0.0007159286760725081,overdamped
344,1.688585317304017,1.5860049724578857,2.3091352870351067,2.197173595428467,0.10258034484613132,6.0749281540544455,0.11196169160663993,4.84864149083257,9.356398550153244e-06,overdamped
345,1.9418897283231005,3.139989137649536,1.0260241157511725,1.6446400880813599,1.1980994093264357,61.697602693487774,0.6186159723301874,60.29253726432019,9.434430830879137e-05,overdamped
346,0.7324074880888078,0.9125750064849854,1.3780369789382059,1.3597195148468018,0.1801675183961775,24.599355048419625,0.018317464091404112,1.329243291099339,0.004462219774723053,underdamped
347,1.1819829483986335,1.9437092542648315,1.5264077160774336,2.484761953353882,0.761726305866198,64.44477958825,0.9583542372764482,62.784944493023744,0.000576688558794558,overdamped
348,1.0,1.3160523176193237,3.381525476129548,4.602619647979736,0.31605231761932373,31.605231761932373,1.2210941718501882,36.11074884604558,0.00016434666758868843,critically_damped
349,1.9330820097479997,1.390027642250061,3.867630011607303,2.809415817260742,0.5430543674979387,28.09267091408772,1.0582141943465606,27.36079178129011,0.00018065492622554302,overdamped
350,1.2517413943896074,1.3685553073883057,2.2474761764845255,2.5071234703063965,0.11681391299869825,9.332112329452904,0.259647293821871,11.55283853678076,8.486971637466922e-06,overdamped
351,0.5785271724064937,0.5565800666809082,2.8442679919495752,2.691483497619629,0.021947105725585447,3.7936170974117416,0.15278449432994634,5.371663104967184,6.98871081112884e-05,underdamped
352,1.364920005059297,1.2146153450012207,3.9230720055282613,3.535922050476074,0.1503046600580762,11.01197575689034,0.3871499550521871,9.868540636180736,5.5263455578824505e-05,overdamped
353,1.6665958042362052,1.3055942058563232,3.6543238960396653,2.8945107460021973,0.361001598379882,21.661016874174102,0.7598131500374681,20.792167625341243,0.00010790891974465922,overdamped
354,0.12369941529603797,0.13037234544754028,3.5884525038625172,3.579503297805786,0.006672930151502318,5.394471861918372,0.008949206056731107,0.24938900674032646,6.876934639876708e-05,underdamped
355,1.0,0.8412222266197205,3.7038127550893556,3.1408534049987793,0.15877777338027954,15.877777338027954,0.5629593500905763,15.199454921608064,0.00025428211665712297,critically_damped
356,0.7891462271635087,0.8665998578071594,2.1623502419453113,2.495765209197998,0.07745363064365074,9.814864213702004,0.3334149672526867,15.419100975646627,7.494749297620729e-05,underdamped
357,1.7363818525364336,2.904953718185425,1.31653198618557,2.184170722961426,1.1685718656489912,67.29924434202019,0.8676387367758558,65.90335410609302,0.00013720996503252536,overdamped
358,0.845510218220644,0.9494836926460266,3.6941083523986498,4.192319869995117,0.10397347442538263,12.297128075423183,0.4982115175964674,13.486651447918952,4.28071798523888e-05,underdamped
359,0.0407736070232885,0.06114457920193672,3.8632885524720675,3.8420937061309814,0.020370972178648222,49.961172596314604,0.021194846341086038,0.5486218814156073,0.0023929171729832888,underdamped
360,1.65369771872568,2.7239179611206055,1.710411322318656,2.8264126777648926,1.0702202423949254,64.71679982842477,1.1160013554462367,65.24754255797201,0.00014402407396119088,overdamped
361,0.9459789382414496,1.2193444967269897,2.6911639547116297,3.650207757949829,0.2733655584855401,28.897636874846246,0.9590438032381994,35.636766075107644,0.0001837878517108038,underdamped
362,0.18289740278009917,0.19138020277023315,2.903656227163052,2.9023921489715576,0.008482799990133988,4.638010087181507,0.0012640781914945443,0.04353401686017017,0.0003781887062359601,underdamped
363,0.5020852187825537,-0.12664930522441864,3.59240187749694,0.4602002203464508,0.6287345240069724,125.22466316206547,3.1322016571504894,87.18962309787283,0.00028834756813012064,underdamped
364,1.0,1.8297230005264282,2.015337753436479,3.846268653869629,0.8297230005264282,82.97230005264282,1.8309309004331498,90.84982888407238,0.0006084360647946596,critically_damped
365,0.6409099978377696,0.6623284816741943,2.7702650308392744,2.93973970413208,0.02141848383642475,3.3418863660551454,0.16947467329280563,6.117633923331224,2.8094567824155092e-05,underdamped
366,0.4218230071398313,1.6244090795516968,1.448477421089852,4.536417484283447,1.2025860724118655,285.0925748611945,3.0879400631935954,213.18523977199396,0.01909136399626732,underdamped
367,0.11630704063658268,0.11950085312128067,2.174551690590363,2.159665584564209,0.0031938124846979943,2.746018183608936,0.014886106026153811,0.6845597688281406,8.348964183824137e-05,underdamped
368,0.036405882708753196,0.042072128504514694,1.414115274560756,1.4134467840194702,0.005666245795761499,15.564093970997558,0.0006684905412857045,0.0472727049422012,5.0261078285984695e-05,underdamped
369,1.339679090019173,1.1885462999343872,3.1176839595006682,2.799708843231201,0.15113279008478586,11.281268119413799,0.31797511626946706,10.199081125605634,5.803003296023235e-05,overdamped
370,0.3740549407529174,0.39009377360343933,2.8893172974501375,2.760556221008301,0.016038832850521934,4.287828097722257,0.12876107644183676,4.456453313572386,8.682816405780613e-05,underdamped
371,1.49043030620705,2.8203165531158447,0.6765027165485575,1.220361351966858,1.3298862469087946,89.22834173260881,0.5438586354183004,80.39267575938311,0.0002907070447690785,overdamped
372,0.6718429252815873,0.6749058365821838,3.2105240345623813,2.8646044731140137,0.003062911300596549,0.4558969344378824,0.34591956144836766,10.774551373060165,3.5415985621511936e-05,underdamped
373,0.07480567837157587,0.08626947551965714,1.8492464437743241,1.845948338508606,0.011463797148081267,15.32476865076756,0.0032981052657181653,0.1783486066349659,0.0002556460676714778,underdamped
374,0.5709278455786968,1.5924713611602783,1.7392136116783534,4.473201274871826,1.0215435155815815,178.92690354700377,2.7339876631934725,157.19677242838245,0.006834007333964109,underdamped
375,0.3415627532351871,0.3420974910259247,1.8609854090604243,1.8476475477218628,0.0005347377907375939,0.1565562362033643,0.013337861338561519,0.7167096138220421,6.375669181579724e-05,underdamped
376,1.527985456527539,2.3302533626556396,1.7823484759643171,2.750624179840088,0.8022679061281006,52.5049438593031,0.9682757038757708,54.32583565634646,0.0001489813148509711,overdamped
377,0.9250488247712081,1.3033936023712158,0.30668508749882056,0.3649470806121826,0.37834477760000773,40.89997927337333,0.058261993113362054,18.997334884626927,1.427958341082558e-05,underdamped
378,0.2823432382437883,0.929506242275238,3.649829002204039,1.7191718816757202,0.6471630040314498,229.21144067656368,1.930657120528319,52.89719379626947,0.0001906473480630666,underdamped
379,1.2340949279792721,1.7755820751190186,1.9561893947424382,2.833057403564453,0.5414871471397464,43.877268665740864,0.8768680088220149,44.8253124763243,0.0002343085507163778,overdamped
380,1.7699132886627962,1.7662601470947266,2.1342380727585577,2.1616671085357666,0.0036531415680696178,0.2064022905229237,0.0274290357772089,1.2851910069131212,4.4980592406318465e-07,overdamped
381,0.410946457798008,0.41895148158073425,0.8398972068271071,0.8486424684524536,0.008005023782726273,1.9479481160684375,0.008745261625346501,1.041229992701561,0.00012102055916329846,underdamped
382,1.4536134276072543,2.9736781120300293,0.48983590608407973,0.9103755354881287,1.520064684422775,104.57145314933585,0.42053962940404893,85.8531651478942,0.0002985553874168545,overdamped
383,1.1556009287574114,2.195915699005127,1.7884959896936,3.3839523792266846,1.0403147702477156,90.02370492781967,1.5954563895330847,89.2065958619462,0.0007300768047571182,overdamped
384,1.4493797196431824,1.4275659322738647,3.35331276743465,3.3839306831359863,0.021813787369317605,1.5050429555263727,0.03061791570133643,0.9130647161421729,1.0657602615538053e-05,overdamped
385,1.0,1.3933838605880737,2.1199305129629216,3.159108877182007,0.39338386058807373,39.33838605880737,1.0391783642190853,49.019454074778956,0.00017063613631762564,critically_damped
386,0.2035972070627823,0.212331622838974,1.8943501868301473,1.8827369213104248,0.00873441577619169,4.290046952116735,0.011613265519722527,0.6130474502792552,4.7055880713742226e-05,underdamped
387,0.025400602862570735,0.03117673099040985,3.9774571443407662,3.9693922996520996,0.005776128127839116,22.74012218958227,0.00806484468866664,0.2027638361897002,0.00022224693384487182,underdamped
388,0.4073451709829025,0.4082605242729187,3.1581078783098095,1.1491727828979492,0.0009153532900161854,0.2247119532085003,2.0089350954118603,63.611984543321675,6.68220964143984e-05,underdamped
389,0.5930699555280574,0.5633875727653503,1.358993238395439,1.236305832862854,0.02968238276270707,5.00487041807378,0.12268740553258506,9.027815743766457,5.622058597509749e-05,underdamped
390,1.0,1.693918228149414,1.7402007849377612,3.030435085296631,0.6939182281494141,69.3918228149414,1.2902343003588697,74.14284095987321,0.0006904455949552357,critically_damped
391,1.8136497609206192,1.7023595571517944,2.9451311241342175,2.798252582550049,0.11129020376882481,6.136256633824011,0.1468785415841687,4.987164760867708,1.97214449144667e-05,overdamped
392,0.1290776112091753,0.13447239995002747,1.7281081680021368,1.7262110710144043,0.005394788740852169,4.179492237511045,0.0018970969877325494,0.10977883345842755,0.00013406567450147122,underdamped
393,1.8613764465034197,2.789973497390747,1.310182156905569,1.9479643106460571,0.9285970508873274,49.88765451672547,0.6377821537404882,48.67889173875051,9.75451257545501e-05,overdamped
394,0.514323189417237,0.5373689532279968,0.8870475689303288,0.877418041229248,0.023045763810759845,4.480794233072061,0.00962952770108072,1.085570609555106,0.0005541786667890847,underdamped
395,0.978475840935259,1.1606742143630981,3.4537667799807585,4.2894415855407715,0.18219837342783918,18.62063076117322,0.835674805560013,24.196040404461492,5.4416497732745484e-05,underdamped
396,1.0,3.3392179012298584,1.094321906097562,3.88331937789917,2.3392179012298584,233.92179012298584,2.7889974718016077,254.86079153321458,0.0024833849165588617,critically_damped
397,0.5959411018591675,0.6105075478553772,3.940902312504141,3.9974398612976074,0.01456644599620971,2.4442761123148786,0.056537548793466286,1.4346346169017576,1.1292784620309249e-05,underdamped
398,1.7961379679253047,2.1376845836639404,1.9415403300767766,2.3270263671875,0.34154661573863576,19.01561137495199,0.3854860371107234,19.854649998204245,7.752129022264853e-06,overdamped
399,0.08404398869673166,0.10551484674215317,0.5634986878127399,0.562204122543335,0.02147085804542151,25.5471668805463,0.001294565269404968,0.22973705128399055,4.2185172787867486e-05,underdamped
400,1.2303432981267326,1.706052541732788,1.9688103007817666,2.757483720779419,0.4757092436060555,38.664756765883936,0.7886734199976524,40.05837533887797,0.00021176174050197005,overdamped
401,0.12679805859416152,3.8515207767486572,0.30363023260932026,2.2151029109954834,3.7247227181544957,2937.5234600997296,1.911472678386163,629.5396416751578,0.015312661416828632,underdamped
402,1.8127236151458856,2.9534425735473633,0.5356142204716912,0.8311474919319153,1.1407189584014776,62.92845466735281,0.2955332714602241,55.176517008820525,9.847955516306683e-05,overdamped
403,0.2494983315492922,0.28788766264915466,0.67860224363461,0.6874762773513794,0.03838933109986245,15.386608343822953,0.008874033716769425,1.3076929526846075,7.505268877139315e-05,underdamped
404,0.7863214132679682,0.8305109143257141,3.7871717975302115,4.0516462326049805,0.044189501057745884,5.619775871814732,0.264474435074769,6.983428511145042,3.0324636099976487e-05,underdamped
405,1.9856768596467367,4.18449068069458,0.467786332785808,0.9186013340950012,2.1988138210478434,110.7337183472554,0.4508150013091932,96.3719907386893,0.00013596560165751725,overdamped
406,1.2794461702801263,1.0896750688552856,3.238739978913271,2.7873575687408447,0.18977110142484066,14.832284923975466,0.4513824101724264,13.936975895295046,0.00012384283763822168,overdamped
407,1.5965485150739223,2.3523197174072266,1.2891050535034396,1.911906361579895,0.7557712023333043,47.33781624533415,0.6228013080764554,48.31268843325449,0.00014879652007948607,overdamped
408,1.432412543765365,2.167551040649414,2.4987772518233666,3.8263912200927734,0.7351384968840491,51.32170198339646,1.3276139682694068,53.130544841507664,0.00011886087304446846,overdamped
409,0.6184098629659625,0.716759443283081,2.5035989500082265,1.6819255352020264,0.0983495803171186,15.903624150724744,0.8216734148062002,32.81969002277702,0.001176091143861413,underdamped
410,0.18059416811195184,0.1885334849357605,1.3533120371251723,1.3489420413970947,0.007939316823808662,4.3962199371172455,0.004369995728077614,0.3229111696487052,9.576996671967208e-05,underdamped
411,1.2316285756283802,1.0441974401474,3.9500497945503796,3.392665147781372,0.18743113548098034,15.218154173254097,0.5573846467690076,14.110825831562781,0.0001282902667298913,overdamped
412,0.4591478415167936,0.47014468908309937,3.3303118977296076,3.4222567081451416,0.010996847566305756,2.39505592141688,0.09194481041553404,2.7608468287374555,1.804767089197412e-05,underdamped
413,1.0,2.7654335498809814,0.3115329889275546,3.4418632984161377,1.7654335498809814,176.54335498809814,3.130330309488583,1004.815034280856,0.23452502489089966,critically_damped
414,0.7188258186568011,0.18496456742286682,2.9710637637243904,0.748911440372467,0.5338612512339342,74.2685136479249,2.2221523233519234,74.79315491251303,0.000523611786775291,underdamped
415,0.45298072446554183,-0.3248884975910187,2.6410708264886305,0.8528003096580505,0.7778692220565605,171.72236698909092,1.78827051683058,67.7100552887531,0.0036715208552777767,underdamped
416,1.393193796104938,5.272401809692383,0.346202089791927,1.068543553352356,3.8792080135874447,278.4399431315911,0.7223414635604289,208.64734351966726,0.0006528202793560922,overdamped
417,0.8098938455157307,0.8266174793243408,3.1472906928123736,3.285169839859009,0.016723633808610083,2.0649167667104167,0.13787914704663518,4.380883766520733,1.0444658073538449e-05,underdamped
418,0.6126853601569543,0.619625449180603,3.5671643150012873,2.980609178543091,0.006940089023648732,1.1327329613149006,0.5865551364581965,16.44317683913545,0.00014198396820575,underdamped
419,0.5692395931227633,1.130135416984558,1.3852177873212375,2.5196073055267334,0.5608958238617948,98.53422541900225,1.134389518205496,81.89250301204994,0.008638428524136543,underdamped
420,1.7477990820957114,3.406291961669922,0.5826152198869968,1.0773224830627441,1.6584928795742104,94.89036220259266,0.4947072631757473,84.91148982886166,0.00020918090012855828,overdamped
421,1.2342633517317931,3.5669405460357666,1.3954624402915414,4.02567720413208,2.3326771943039732,188.99347461228572,2.630214763840539,188.48337926537326,0.0011040079407393932,overdamped
422,0.24835365760715317,0.26130643486976624,3.412822195203274,3.394350051879883,0.012952777262613069,5.215456614334155,0.018472143323390977,0.5412571258284009,7.155488128773868e-05,underdamped
423,0.5817456096846079,-0.09617466479539871,2.7349883076284267,0.683938205242157,0.6779202744800066,116.53208261383176,2.0510501023862697,74.99301173118302,0.0006772924680262804,underdamped
424,0.6875643673430119,3.596494436264038,0.3784803443728167,1.4006781578063965,2.908930068921026,423.07749020824696,1.0221978134335798,270.07949782107534,0.0045196921564638615,underdamped
425,0.9041111707052272,0.819975733757019,3.5034264996282176,2.6841776371002197,0.08413543694820813,9.305872958364244,0.8192488625279979,23.384217211776424,4.9442649469710886e-05,underdamped
426,1.9362032570411438,5.452669143676758,0.6099632647483328,1.6244115829467773,3.516465886635614,181.61656705450372,1.0144483181984445,166.3130186400651,0.0002672924310900271,overdamped
427,0.21967361734626503,0.22404436767101288,2.137022622852529,2.1257009506225586,0.004370750324747846,1.989656462868894,0.011321672229970492,0.529787195928612,0.0001339019217994064,underdamped
428,1.3205242389571152,1.5844717025756836,2.3329564547925075,2.806016445159912,0.26394746361856836,19.988081689967387,0.47305999036740465,20.2772747599131,4.543062095763162e-05,overdamped
429,0.7664714420327283,-0.14929324388504028,3.13840899293216,1.5743855237960815,0.9157646859177686,119.47799170300534,1.5640234691360786,49.83491548291923,0.00020431357552297413,underdamped
430,0.5950963861720244,0.5919709801673889,3.705229877555297,3.037285327911377,0.0031254060046355114,0.5251932421804442,0.66794454964392,18.0270744789694,0.00022466530208475888,underdamped
431,0.9118050166189682,0.8399458527565002,3.7592350947978845,3.4260053634643555,0.07185916386246793,7.880979217346966,0.33322973133352907,8.864296138186727,4.462569995666854e-05,underdamped
432,0.7687049765007224,3.2869272232055664,0.8767645574295504,3.5955772399902344,2.518222246704844,327.59281176612456,2.718812682560684,310.09609815108723,0.006962859537452459,underdamped
433,1.6493445468819203,4.905542850494385,0.30117218683726904,0.7374823689460754,3.2561983036124644,197.4237772070302,0.4363101821088064,144.87067570570713,0.00023439187498297542,overdamped
434,1.7313767879916593,1.4701753854751587,2.764324292955636,2.3741250038146973,0.2612014025165006,15.086340785444266,0.3901992891409387,14.11553956007581,4.692041329690255e-05,overdamped
435,1.2130652933989787,1.3874205350875854,1.9983647772817759,2.3083324432373047,0.17435524168860672,14.373112695365942,0.3099676659555288,15.511065320974799,4.5911347115179524e-05,overdamped
436,1.2230899454266448,1.3388562202453613,1.5414388004810422,1.7017614841461182,0.11576627481871649,9.46506634704893,0.16032268366507596,10.400846508797073,3.111418118351139e-05,overdamped
437,1.4930569358992662,2.422166347503662,0.47401955891481173,0.7061281800270081,0.9291094116043959,62.228665850897,0.23210862111219632,48.9660430138305,0.0001368176017422229,overdamped
438,0.21213794722464913,0.21557387709617615,2.7596083997463463,2.756247043609619,0.0034359298715270215,1.6196677287012926,0.003361356136727167,0.12180554810009027,4.503308082348667e-05,underdamped
439,0.8866074717734606,0.9052661657333374,1.5362504533036607,1.5877187252044678,0.01865869395987685,2.104504479592789,0.05146827190080705,3.3502526746290666,1.433363740943605e-05,underdamped
440,1.8238982349036985,1.3408048152923584,3.319574256537806,2.436124563217163,0.4830934196113401,26.48686260924242,0.8834496933206428,26.613343309935427,0.0001713965175440535,overdamped
441,1.5622402122015469,4.179890155792236,0.616940937310641,1.5451579093933105,2.6176499435906893,167.55745519453973,0.9282169720826695,150.45475440954493,0.0005137657863087952,overdamped
442,0.5442964193518488,0.5642722845077515,3.7582946166044633,3.6777093410491943,0.01997586515590266,3.670034276486704,0.08058527555526895,2.1441979348621683,3.47972490999382e-05,underdamped
443,1.8795384468921608,3.5180511474609375,0.7727703262536851,1.407036304473877,1.6385127005687767,87.1763332789535,0.6342659782201918,82.0769065105089,0.00013388021034188569,overdamped
444,1.657932680730665,2.092163562774658,0.7373141216231486,0.9113958477973938,0.4342308820439933,26.191104565996255,0.17408172617424522,23.610252546230328,5.6496395700378343e-05,overdamped
445,1.7874893900650028,3.784381866455078,0.5882735853076955,1.1757274866104126,1.9968924763900753,111.71492751167924,0.5874539013027171,99.86066278931263,0.00022633747721556574,overdamped
446,1.8731265609266887,1.7354323863983154,2.9686043062313385,2.77067232131958,0.1376941745283733,7.351034222709013,0.19793198491175845,6.667509863011495,2.1048141206847504e-05,overdamped
447,1.691825989765777,1.8472681045532227,2.8579810642737593,3.1562001705169678,0.15544211478744563,9.187831120206733,0.29821910624320846,10.434607491669608,1.034762931340083e-06,overdamped
448,0.3856359635180989,1.5703620910644531,1.3099851028290685,4.161345481872559,1.1847261275463543,307.21360029243016,2.85136037904349,217.6635728822899,0.025753753259778023,underdamped
449,1.2927925247406011,1.080259084701538,3.917680279240193,3.2792985439300537,0.21253344003906305,16.43987228977116,0.6383817353101393,16.29489110412933,0.00012029492791043594,overdamped
450,1.7771226023218463,1.6226189136505127,2.709972821297629,2.4856209754943848,0.15450368867133357,8.69403655490462,0.2243518458032443,8.278748924714929,3.2933887268882245e-05,overdamped
451,0.8136454776669148,0.9787966012954712,3.4786022047567604,4.331497669219971,0.16515112362855644,20.29767609624262,0.8528954644632103,24.518338523931586,8.730977424420416e-05,underdamped
452,0.5796020955741302,0.5980164408683777,3.8398129298610786,3.228707790374756,0.01841434529424746,3.177066721266243,0.6111051394863227,15.914971657445614,0.00013843386841472238,underdamped
453,1.1923567538043836,1.1486798524856567,2.8774112307888005,2.8102080821990967,0.04367690131872681,3.663073252142822,0.06720314858970378,2.335542027174232,1.590841930010356e-05,overdamped
454,1.6843171022425412,1.407800555229187,3.489828859657116,2.9554336071014404,0.27651654701335415,16.417131111783714,0.5343952525556754,15.312935792736296,7.057756010908633e-05,overdamped
455,1.5001805810063604,4.324281215667725,0.5243003350517894,1.3823927640914917,2.824100634661364,188.25071264199963,0.8580924290397023,163.66429156581438,0.0006236603949218988,overdamped
456,1.1096159619382993,1.7602465152740479,2.163017163520187,3.4408962726593018,0.6506305533357486,58.63565194206599,1.2778791091391146,59.07854688769271,0.0004391955444589257,overdamped
457,0.3698201004839018,1.7455412149429321,1.0133867328803785,3.5905685424804688,1.3757211144590302,371.99738809732844,2.5771818096000905,254.313750711428,0.03626212850213051,underdamped
458,1.0,1.2301422357559204,3.2869778243302488,4.102573394775391,0.2301422357559204,23.01422357559204,0.8155955704451419,24.812931940340267,8.05571471573785e-05,critically_damped
459,0.053802789930260955,0.07322613149881363,2.863204452262901,2.8420395851135254,0.019423341568552674,36.1009932639723,0.0211648671493756,0.7392020899048333,0.0024091408122330904,underdamped
460,0.2964660141670912,0.30436280369758606,1.2760391517795835,1.281232476234436,0.007896789530494885,2.6636407389496513,0.005193324454852544,0.4069878614311994,6.314304482657462e-05,underdamped
461,0.8002855840003238,0.6419753432273865,3.6249887376316656,2.6052324771881104,0.15831024077293732,19.781718418768026,1.0197562604435553,28.131294584650167,0.00045119895366951823,underdamped
462,1.8730026234174144,1.7321488857269287,2.8989708441829984,2.6857407093048096,0.1408537376904857,7.520210379283343,0.21323013487818887,7.355373556310546,7.81633298174711e-06,overdamped
463,1.855382605494536,1.9022678136825562,2.620881731888089,2.7228708267211914,0.04688520818802022,2.5269832782292028,0.10198909483310237,3.891403934493038,2.647521569087985e-06,overdamped
464,1.2616843149346086,1.3327045440673828,1.8114453316569157,1.9219934940338135,0.07102022913277417,5.6290015094984405,0.1105481623768978,6.1027600692635975,6.105683041823795e-06,overdamped
465,0.4049995154684202,0.9558553099632263,1.2903275050245155,2.4432125091552734,0.550855794494806,136.01393914204792,1.152885004130758,89.34824683202066,0.015870606526732445,underdamped
466,1.6467881494961714,1.2573482990264893,3.528068967029907,2.727506637573242,0.3894398504696821,23.648448684114577,0.8005623294566648,22.691232425952705,0.00015962496399879456,overdamped
467,1.9110966324344534,3.0788145065307617,0.7209458807912528,1.1290338039398193,1.1677178740963083,61.10197957958877,0.40808792314856657,56.604515542925604,5.53595345991198e-05,overdamped
468,0.6624812703568063,0.6691670417785645,2.3240102681682187,2.325178623199463,0.006685771421758191,1.0092015760924526,0.0011683550312442392,0.050273230168003294,6.023429250490153e-06,underdamped
469,1.1720498154209733,1.692542552947998,2.0509962868200278,2.978523015975952,0.5204927375270247,44.40875555618561,0.9275267291559244,45.223228102182986,0.0002897951053455472,overdamped
470,0.03343346507282899,0.054140206426382065,0.8688992425759277,0.8773837089538574,0.020706741353553076,61.93417675507771,0.008484466377929767,0.9764614770265911,5.807533671031706e-05,underdamped
471,0.47385730465847525,0.47528067231178284,2.567786445225508,2.572741985321045,0.0014233676533075834,0.30037896204500886,0.004955540095537003,0.19298879409349784,7.4179315561195835e-06,underdamped
472,0.6543496700786221,0.6806800365447998,2.105414210721528,2.224034070968628,0.0263303664661777,4.023898485807142,0.11861986024710003,5.634039118908049,3.270499291829765e-05,underdamped
473,1.4896901721239164,1.9676944017410278,2.5871782106716315,3.5005605220794678,0.4780042296171114,32.08749299430498,0.9133823114078363,35.304190010579994,3.579378972062841e-05,overdamped
474,1.413667888112922,4.789425849914551,0.4834705496062026,1.4714692831039429,3.3757579618016287,238.79427340659643,0.9879987334977403,204.3555154088469,0.0007914052112028003,overdamped
475,1.5500690802889272,1.9829261302947998,0.6668627205641607,0.8242682218551636,0.4328570500058726,27.925016730556912,0.15740550129100284,23.603883743544547,4.592871482600458e-05,overdamped
476,0.13628602960027925,0.14426325261592865,2.1339890153633294,2.124720335006714,0.007977223015649404,5.8532947500534265,0.009268680356615544,0.4343358981647557,0.0002089931513182819,underdamped
477,1.1403824719461346,1.2036733627319336,0.9067351519975824,0.9492984414100647,0.06329089078579897,5.549970500492617,0.04256328941248233,4.6941258777398565,2.896045771194622e-06,overdamped
478,1.369022266365518,1.9217170476913452,0.5241959947105285,0.6915395259857178,0.5526947813258272,40.37149686346022,0.1673435312751893,31.923847752327784,4.768752842210233e-05,overdamped
479,0.46573644723625357,0.46079325675964355,0.6174700589077637,0.6023697853088379,0.004943190476610015,1.0613707614990435,0.01510027359892585,2.4455070138358717,6.774391658836976e-05,underdamped
480,0.46557188075659317,0.4599483907222748,2.000033914565488,1.9837514162063599,0.00562349003431839,1.2078671987620364,0.016282498359128095,0.8141111128440792,9.650112588133197e-06,underdamped
481,0.6534083927428297,2.5193090438842773,0.6892119183983683,0.011381151154637337,1.8659006511414478,285.5642308646981,0.6778307672437309,98.348671743651,6.787636812077835e-05,underdamped
482,1.0,0.905705988407135,3.3749653914487965,2.8378236293792725,0.09429401159286499,9.429401159286499,0.537141762069524,15.915474672140007,4.5582110033137724e-05,critically_damped
483,0.7171652100545666,0.7912524938583374,0.4792257171647716,0.5126321315765381,0.07408728380377083,10.330574150150673,0.033406414411766505,6.97091437609147,5.219246668275446e-05,underdamped
484,0.9725016764601473,0.867865264415741,3.4306793094203174,2.8139472007751465,0.10463641204440632,10.759509682829249,0.6167321086451709,17.976967621301224,3.0243976652855054e-05,underdamped
485,0.6698594455951958,0.6846736669540405,1.610031015740514,1.600215196609497,0.014814221358844692,2.2115417579402328,0.009815819131016923,0.6096664620154697,1.4885202290315647e-05,underdamped
486,0.7876527181579194,0.7413707375526428,3.710653317759236,2.854316234588623,0.04628198060527655,5.875937394530429,0.856337083170613,23.077798162177327,7.920865755295381e-05,underdamped
487,1.209285160027289,1.9820364713668823,1.7394841099302696,2.86083984375,0.7727513113395934,63.901496262647875,1.1213557338197304,64.46484491684618,0.00042639090679585934,overdamped
488,1.0,0.9907028675079346,3.623709196340812,3.5512921810150146,0.00929713249206543,0.929713249206543,0.07241701532579725,1.9984223733770714,3.530046888045035e-05,critically_damped
489,1.2656395156885678,2.018385648727417,1.683833146583535,2.6777184009552,0.7527461330388492,59.47555553599475,0.9938852543716652,59.02516270024968,0.00034284061985090375,overdamped
490,0.18276701974866622,0.1865658164024353,1.499284128897147,1.4949826002120972,0.0037987966537690876,2.078491326823099,0.004301528685049849,0.2869055039096556,8.464123675366864e-05,underdamped
491,1.6384181508491498,1.2500828504562378,3.5872640408030367,2.7936716079711914,0.388335300392912,23.701843158393224,0.7935924328318453,22.122498478093448,0.00013261960702948272,overdamped
492,0.8872126980626989,-0.23956060409545898,2.9062962906351943,0.39662981033325195,1.1267733021581579,127.00148505747934,2.5096664803019424,86.35274002821765,0.00029779915348626673,underdamped
493,0.12567488829666149,0.13318170607089996,1.7913554997182435,1.7835333347320557,0.007506817774238478,5.97320425423278,0.007822164986187818,0.43666178976859377,8.384289685636759e-05,underdamped
494,1.728183960495969,1.395443081855774,3.3955223631837,2.789652109146118,0.3327408786401951,19.253788152547273,0.605870254037582,17.84321200787226,0.0001074670217349194,overdamped
495,1.085777042228937,0.9698988199234009,3.929594658497117,3.5628275871276855,0.11587822230553613,10.67237727440392,0.36676707136943154,9.333458110656698,8.172808156814426e-05,overdamped
496,0.9054495920829488,0.8911733031272888,3.3528956836946717,3.335833787918091,0.014276288955660021,1.576707204960799,0.017061895776580904,0.5088704626139698,3.6750872823176906e-05,underdamped
497,0.32407370201449526,0.3269427716732025,0.8922671127986475,0.9014529585838318,0.0028690696587072573,0.8853139396602223,0.009185845785184332,1.0294950529301024,3.0710885766893625e-05,underdamped
498,0.9050039934793275,0.9042479395866394,2.587149318316395,2.694343090057373,0.0007560538926880689,0.08354149795310699,0.10719377174097788,4.143316003528353,5.878839147044346e-06,underdamped
499,0.8426984378462917,0.8342570066452026,1.3909128850735608,1.3493520021438599,0.008441431201089089,1.001714352605553,0.04156088292970095,2.9880291839774658,1.2187382708361838e-05,underdamped
500,0.5408147611259347,0.5414943099021912,2.171979843057005,2.211423397064209,0.0006795487762564223,0.12565277893703458,0.03944355400720401,1.8160184190148025,1.6587220670771785e-05,underdamped
501,1.3388422683165928,3.405540943145752,1.3558386069617532,3.437377691268921,2.0666986748291594,154.3646121531362,2.0815390843071677,153.5241048321827,0.0007846190128475428,overdamped
502,1.2799966231129498,1.3527092933654785,1.2831298074168946,1.3711819648742676,0.0727126702525287,5.680692350241643,0.08805215745737294,6.862295377163225,1.3070837667328306e-05,overdamped
503,0.7297900429186812,0.7063109278678894,3.0161314205316803,2.9743874073028564,0.02347911505079181,3.2172424491968625,0.04174401322882382,1.3840250111338062,1.1772657671826892e-05,underdamped
504,0.1879324664939948,0.20103132724761963,1.3506994538246795,1.3435333967208862,0.01309886075362482,6.9699828869342175,0.007166057103793255,0.5305441623968709,0.00012183768558315933,underdamped
505,0.18024833935745593,0.19619444012641907,3.42901170803569,3.4084126949310303,0.015946100768963134,8.846739351833882,0.020599013104659836,0.6007274065698651,0.0001805231295293197,underdamped
506,1.4420076847891754,1.1568119525909424,3.6120511703751523,2.940011978149414,0.285195732198233,19.777684627244497,0.6720391922257383,18.605472639412785,0.00014823867240920663,overdamped
507,1.0396786421672712,0.9427126049995422,3.433751874627863,3.1358799934387207,0.096966037167729,9.326539301182295,0.2978718811891423,8.674822528387393,7.223025750136003e-05,overdamped
508,0.23124693019315642,0.23645612597465515,2.7158945246477617,2.7069222927093506,0.005209195781498727,2.252655106447285,0.008972231938411124,0.33036010261019905,6.346086593111977e-05,underdamped
509,1.3578876179442783,1.574306607246399,1.5679849458836297,1.804287075996399,0.21641898930212067,15.937916101610814,0.23630213011276924,15.07043359906765,3.925767305190675e-05,overdamped
510,1.5851918412834127,2.322906970977783,1.4470318403319473,2.106158494949341,0.7377151296943705,46.53790856613904,0.6591266546173935,45.550252333507096,9.461340960115194e-05,overdamped
511,1.0,0.9196821451187134,3.9573295504196566,3.8140156269073486,0.08031785488128662,8.031785488128662,0.14331392351230798,3.621480639566907,6.357557140290737e-05,critically_damped
512,0.7211421453972009,6.510079860687256,0.33899821384909495,1.850902795791626,5.788937715290055,802.745721109053,1.511904581942531,445.99190207401955,0.0049589285627007484,underdamped
513,1.9749869110520653,2.3343188762664795,1.246882199049071,1.4642850160598755,0.35933196521441424,18.194144133492003,0.21740281701080444,17.435714229989465,4.9527502596902195e-06,overdamped
514,0.5096943767832218,0.5096368193626404,0.9303561295487983,0.9403756856918335,5.755742058144442e-05,0.011292535920192068,0.01001955614303518,1.0769592229047211,2.3680386220803484e-05,underdamped
515,1.4291898900608024,2.471982002258301,1.1398436942891144,1.9413074254989624,1.0427921121974983,72.96386011750576,0.801463731209848,70.31347677101432,0.0003216493932995945,overdamped
516,0.9740072703983128,1.026257872581482,3.5405449312489887,3.8314902782440186,0.052250602183169126,5.364498168663736,0.29094534699502983,8.217530144219744,4.865002665610518e-06,underdamped
517,0.9503705919658113,7.012226104736328,0.30634240527053225,1.5904783010482788,6.061855512770517,637.8412341475931,1.2841358957777467,419.183199480242,0.0017180140130221844,underdamped
518,0.3627038804455148,0.3634220063686371,1.99905587904543,2.0025033950805664,0.0007181259231222592,0.197992346329511,0.0034475160351363776,0.1724572119906224,4.868870382779278e-05,underdamped
519,1.5000989289885494,2.686944007873535,0.878260098226493,1.5404808521270752,1.1868450788849858,79.1177872305544,0.6622207539005822,75.4014391907172,0.00032700589508749545,overdamped
520,1.4458196269138635,3.65556001663208,0.7924268425967163,1.9371191263198853,2.209740389718217,152.83651906392782,1.144692283723169,144.45400157976835,0.0006611869903281331,overdamped
521,0.88889102234012,2.1676478385925293,1.0032956486503264,2.730071544647217,1.2787568162524092,143.8597965458035,1.7267758959968904,172.11037427699588,0.0015183232026174664,underdamped
522,1.0,1.4431986808776855,2.9820949852576137,4.546337127685547,0.44319868087768555,44.319868087768555,1.5642421424279331,52.454470771755226,0.00035080232191830873,critically_damped
523,0.5167058716939319,1.190711259841919,1.9455899007675515,4.0175275802612305,0.674005388147987,130.4427576830849,2.0719376794936792,106.49406016531451,0.006997011601924896,underdamped
524,1.8820532646311667,3.287322759628296,0.8665905358470605,1.4876391887664795,1.4052694949971292,74.66682911721551,0.621048652919419,71.66575530534345,0.00014675797137897462,overdamped
525,1.0,1.3339157104492188,2.341904306118839,3.2230453491210938,0.33391571044921875,33.391571044921875,0.8811410430022546,37.62498069199679,0.000238812601310201,critically_damped
526,0.4160458367442623,0.4231800436973572,2.4991582140617012,2.5215914249420166,0.007134206953094857,1.714764654039828,0.022433210880315357,0.8976306803664215,2.4307681087520905e-05,underdamped
527,1.3569241925493607,1.7031936645507812,1.5941671289571482,2.0091850757598877,0.34626947200142055,25.518704280071592,0.4150179468027395,26.033528057640392,7.810398528818041e-05,overdamped
528,1.0,1.199630618095398,1.914738700217881,2.3594627380371094,0.19963061809539795,19.963061809539795,0.4447240378192283,23.226356565970203,0.00010816195572260767,critically_damped
529,0.6986821196959495,0.7145318984985352,2.9433873640502775,2.976259708404541,0.015849778802585646,2.2685250353169346,0.03287234435426356,1.1168201900897354,2.0616029360098764e-05,underdamped
530,1.3949253528481989,1.2956057786941528,2.6854335868337698,2.5046753883361816,0.09931957415404602,7.120063733249414,0.18075819849758812,6.731061955276616,2.628113543323707e-05,overdamped
531,1.0707254728751001,1.1068391799926758,0.8961240712702718,0.9193760752677917,0.036113707117575666,3.3728259981154216,0.02325200399751992,2.5947304333159797,6.879119609948248e-06,overdamped
532,1.4446691749437286,5.23854398727417,0.30228622921699905,0.8635483980178833,3.7938748123304413,262.61201374897587,0.5612621688008843,185.6724238661818,0.0005023393896408379,overdamped
533,0.443018569262195,1.7914543151855469,0.8766302167275417,3.3968234062194824,1.3484357459233518,304.374543073678,2.5201931894919407,287.4864613838906,0.022680196911096573,underdamped
534,0.5678756579120832,0.5747133493423462,2.712422439173902,2.8164212703704834,0.0068376914302630265,1.2040825020398422,0.1039988311965816,3.8341679265953714,2.2224829081096686e-05,underdamped
535,0.6042669290940532,0.6128688454627991,3.9325505021553555,3.5037503242492676,0.008601916368745854,1.4235292309711987,0.42880017790608793,10.903869579578718,7.612253102706745e-05,underdamped
536,1.8995211042003832,2.011457920074463,1.9658475899010108,2.0921823978424072,0.11193681587407966,5.8928966688790885,0.1263348079413964,6.426480292287456,2.1578721316473093e-06,overdamped
537,0.6816268671645411,0.7762993574142456,2.302554957144476,2.006007671356201,0.09467249024970448,13.88919580642807,0.2965472857882747,12.879053543027663,0.0007165737915784121,underdamped
538,1.5277846651391123,1.3470689058303833,3.180849519670667,2.8158533573150635,0.18071575930872896,11.828614557554411,0.3649961623556037,11.474801310103912,6.811484490754083e-05,overdamped
539,0.1270477569743627,0.13363084197044373,0.9554904663107564,0.9411386847496033,0.006583084996081012,5.181583014810273,0.014351781561153132,1.5020329419472689,3.945852586184628e-05,underdamped
540,0.08723996455193557,0.14689594507217407,0.7794446032663721,0.7622941732406616,0.0596559805202385,68.38148184336342,0.017150430025710484,2.2003398257989337,0.00021675496827811003,underdamped
541,1.2734039920994604,1.6241258382797241,1.4134060043466259,1.8109548091888428,0.3507218461802637,27.54207214334461,0.3975488048422169,28.12700693358038,0.00015446585894096643,overdamped
542,1.0578805802743276,1.1520955562591553,3.236203920192525,3.5382819175720215,0.09421497598482764,8.906012431043585,0.3020779973794965,9.334331359487555,1.4492025002255104e-05,overdamped
543,0.9054726218064756,0.9252756834030151,3.7694745693530893,3.9374513626098633,0.01980306159653955,2.187041454332565,0.16797679325677395,4.45623893108269,2.2547099433722906e-05,underdamped
544,0.1547670004948409,0.1652141809463501,2.565442236307513,2.552337169647217,0.010447180451509192,6.750263569175681,0.013105066660296316,0.5108307049297931,9.16013159439899e-05,underdamped
545,0.057315131403376546,0.06248797848820686,1.1743105522618553,1.1662089824676514,0.005172847084830318,9.025273009363763,0.008101569794203956,0.6899001102050402,0.00011305547377560288,underdamped
546,1.6538590310223669,1.9561097621917725,2.326128376760185,2.7923622131347656,0.3022507311694056,18.275483309031674,0.4662338363745806,20.043340730142663,9.626046448829584e-06,overdamped
547,1.3195331789042903,1.6014903783798218,1.9404245467855714,2.37226939201355,0.28195719947553144,21.367950725548422,0.4318448452279784,22.255173278618592,6.212511652847752e-05,overdamped
548,0.8471037014206251,0.8278711438179016,1.869011298845674,1.8990427255630493,0.019232557602723466,2.2703899853665774,0.030031426717375354,1.6068081951095299,1.5264593457686715e-05,underdamped
549,1.9796802291457682,1.4046839475631714,3.970459914711538,2.8575515747070312,0.5749962815825969,29.0449070065577,1.1129083400045068,28.029708495000932,0.00017641307204030454,overdamped
550,1.6112978921223453,2.187953233718872,2.4463662462406175,3.352553129196167,0.5766553415965268,35.78825147204633,0.9061868829555495,37.042159339310125,3.924143311451189e-05,overdamped
551,1.730318904242383,2.6874771118164062,1.0133744617070635,1.552616000175476,0.9571582075740233,55.31686703689533,0.5392415384684126,53.21246576117994,0.0001065150645445101,overdamped
552,1.7063719824414516,2.337543249130249,1.0608774101994392,1.4440991878509521,0.6311712666887974,36.989078183628344,0.383221777651513,36.12309716157208,6.701234087813646e-05,overdamped
553,1.1357960354707557,1.3105584383010864,2.471301624008205,2.8893661499023438,0.17476240283033073,15.386776971615031,0.41806452589413867,16.916774619201668,5.600003350991756e-05,overdamped
554,1.109573461276074,1.152635931968689,0.7486762182371318,0.7758893370628357,0.04306247069261504,3.880993210047643,0.027213118825703875,3.6348314749173096,1.267506831936771e-06,overdamped
555,0.11226647030334963,0.12297240644693375,2.3731205304082112,2.3628082275390625,0.010705936143584116,9.536183078221075,0.010312302869148748,0.43454610657196086,0.00024910454521887004,underdamped
556,1.816828326048634,4.6672868728637695,0.8154175648142439,2.0378005504608154,2.8504585468151356,156.89201373332358,1.2223829856465716,149.90883669829168,0.00028890985413454473,overdamped
557,1.8797804259352737,3.7988054752349854,0.5009876167608425,0.9458964467048645,1.9190250492997116,102.08772380130047,0.44490882994402203,88.80635270400488,0.00015960466407705098,overdamped
558,0.35620123737865683,0.35846808552742004,1.648999849652244,1.6501450538635254,0.002266848148763212,0.6363953605117484,0.001145204211281392,0.06944841211009832,5.338468326954171e-05,underdamped
559,1.0,1.3178504705429077,2.5084482487430266,3.3558411598205566,0.3178504705429077,31.78504705429077,0.84739291107753,33.78155843965109,0.00026704295305535197,critically_damped
560,0.6733082536371215,0.6773541569709778,1.1276269820226053,1.1291897296905518,0.004045903333856238,0.6008991144844589,0.0015627476679465069,0.13858728931294576,2.2050095140002668e-05,underdamped
561,0.7456328065708431,0.76718670129776,0.5396766462400456,0.551789402961731,0.021553894726916933,2.8906848702168904,0.012112756721685325,2.244447078834245,3.9364080294035375e-05,underdamped
562,0.7331616348979015,0.6911653876304626,0.7723112792901687,0.7173465490341187,0.04199624726743889,5.72810213579809,0.05496473025605009,7.116914090205722,1.801554208213929e-05,underdamped
563,0.2581296478861323,0.27078062295913696,2.5447277878223145,2.505739688873291,0.012650975073004667,4.901015895154106,0.03898809894902344,1.5321127523187084,9.382249845657498e-05,underdamped
564,0.08088010060019644,2.402860403060913,0.6610459305838183,4.396856784820557,2.321980302460717,2870.8919564017915,3.735810854236738,565.1363515599239,0.2442808598279953,underdamped
565,0.8214055186285585,4.835784435272217,0.6569226713528092,3.4923620223999023,4.0143789166436585,488.72071414204487,2.835439351047093,431.62452366091077,0.005957268178462982,underdamped
566,1.5147515764206934,1.9944493770599365,2.101733801012103,2.8028037548065186,0.47969780063924317,31.668414022895607,0.7010699537944154,33.356743535114234,5.002558100386523e-05,overdamped
567,1.593455041143826,1.4782612323760986,2.203785902211138,2.055232286453247,0.11519380876772733,7.229184745936607,0.14855361575789106,6.740837011836851,1.991208591789473e-05,overdamped
568,1.3806150936221877,1.923141360282898,0.4921072258699252,0.6460778713226318,0.5425262666607102,39.29598257812291,0.1539706454527066,31.288027762755195,5.873513873666525e-05,overdamped
569,1.241612302839057,1.3021856546401978,2.111921102371191,2.224008560180664,0.06057335180114065,4.87860434876767,0.11208745780947327,5.307369564309264,2.5938493308785837e-06,overdamped
570,1.977491932677299,1.7149600982666016,3.0678326024681084,2.6765432357788086,0.2625318344106975,13.276000274512334,0.3912893666892998,12.754586621659303,3.7433528632391244e-05,overdamped
571,0.5968452115856688,0.5927414894104004,1.3688778466752154,1.3640800714492798,0.004103722175268443,0.6875689199827668,0.004797775225935608,0.3504896538130582,1.3685887097381055e-05,underdamped
572,0.33124467464459634,0.9848390221595764,3.569747053596214,1.832576870918274,0.6535943475149801,197.31467327474584,1.7371701826779402,48.6636771904578,0.0010520051000639796,underdamped
573,0.248850600724882,0.261990487575531,3.7451668057084855,3.6912505626678467,0.013139886850649013,5.2802311155261705,0.0539162430406388,1.4396219404288801,9.028385829878971e-05,underdamped
574,1.0,1.8192037343978882,2.107968099507991,4.030087947845459,0.8192037343978882,81.92037343978882,1.9221198483374682,91.18353587922415,0.0009384361910633743,critically_damped
575,1.0990736230055533,1.1688897609710693,1.594884675787425,1.6951959133148193,0.069816137965516,6.3522712677422914,0.10031123752739424,6.289560558845339,1.1526800335559528e-05,overdamped
576,0.5816841074794784,0.5652482509613037,1.9149445107211487,1.9163187742233276,0.016435856518174696,2.825563962782763,0.0013742635021789518,0.07176518664039085,3.023997851414606e-05,underdamped
577,1.0,1.5078822374343872,0.4830849181848618,4.252808094024658,0.5078822374343872,50.78822374343872,3.7697231758397964,780.343793386081,0.2511084973812103,critically_damped
578,0.7157890754219094,0.7125090956687927,2.7732384718551013,2.7981956005096436,0.0032799797531166686,0.45823272046773583,0.02495712865454225,0.8999272477944418,2.3211512598209083e-05,underdamped
579,1.6385387399039313,2.206533908843994,0.6217945075889264,0.8134356737136841,0.5679951689400629,34.66473847138731,0.19164116612475768,30.82065920264662,3.119799657724798e-05,overdamped
580,1.5208388008930633,1.8220324516296387,0.8589749697246378,1.0160956382751465,0.30119365073657534,19.804442821928866,0.15712066855050866,18.291646915029077,3.087407094426453e-05,overdamped
581,1.5956344897112738,3.6009626388549805,0.31087144670393346,0.5948325395584106,2.0053281491437067,125.67590899257675,0.2839610928544772,91.34357492951578,0.00013308260531630367,overdamped
582,0.5449151852224814,7.008052349090576,0.32338226067207876,2.6734225749969482,6.463137163868095,1186.0813093746478,2.3500403143248696,726.7066256017966,0.004028975497931242,underdamped
583,1.0,0.9170032143592834,3.3742530597163043,3.0417368412017822,0.08299678564071655,8.299678564071655,0.33251621851452207,9.854513358357268,0.00010113618191098794,critically_damped
584,0.5305142883312457,0.540715754032135,3.8738475405746455,3.6562979221343994,0.010201465700889312,1.9229389151757699,0.21754961844024612,5.615853906526607,2.1078158169984818e-05,underdamped
585,1.105296993289968,1.3637248277664185,2.4183040580733004,2.9842841625213623,0.25842783447645035,23.38085021901922,0.5659801044480619,23.404009208791837,0.00011386118421796709,overdamped
586,0.3152474422548255,0.3213678002357483,1.8738326448602398,1.85637629032135,0.006120357980922808,1.9414457218579144,0.017456354538889718,0.931585570716306,6.306917930487543e-05,underdamped
587,1.4237445833242433,1.4287348985671997,2.218126008002721,2.251410484313965,0.004990315242956456,0.3505063549604362,0.03328447631124387,1.5005674245357408,2.1081502836750587e-06,overdamped
588,1.5336655102546772,1.220686435699463,3.7641444943800555,3.0368292331695557,0.31297907455521434,20.407257805728555,0.7273152612104998,19.322192925813457,0.00012273419997654855,overdamped
589,1.7640163489243594,2.4599125385284424,1.5267321611568474,2.1306228637695312,0.695896189604083,39.44953174773114,0.6038907026126838,39.554462660634535,5.135533137945458e-05,overdamped
590,1.4332616453909193,1.661916732788086,1.511571052997213,1.7596231698989868,0.22865508739716667,15.953478426808907,0.24805211690177376,16.410218785939605,1.909223647089675e-05,overdamped
591,1.2304755543864525,1.384049415588379,0.7513962006107151,0.8318114876747131,0.1535738612019264,12.480854305025375,0.08041528706399803,10.70211520881242,9.472481906414032e-06,overdamped
592,0.6281508115765252,2.7823474407196045,0.5263509420102317,0.0015643564984202385,2.154196629143079,342.9425847172756,0.5247865855118115,99.70279211576107,2.385900734225288e-05,underdamped
593,0.21384978914570454,1.1946396827697754,3.0727550285563026,1.2526471614837646,0.9807898936240709,458.6349593993843,1.820107867072538,59.23374464145598,0.0005964498850516975,underdamped
594,1.9078071701002468,2.6031672954559326,1.9590846457517594,2.684101104736328,0.6953601253556858,36.448134604670116,0.7250164589845687,37.00791900731569,2.4099144866340794e-05,overdamped
595,0.6939789449382389,0.6758859157562256,1.5918703117268955,1.5741560459136963,0.018093029182013276,2.60714382100216,0.017714265813199237,1.112795790128306,1.2247702215972822e-05,underdamped
596,0.165863528359437,0.1715257465839386,2.239455182402094,2.2326853275299072,0.005662218224501608,3.4137813662273095,0.00676985487218662,0.30229918979334564,8.72876844368875e-05,underdamped
597,1.9321557898216404,3.236643075942993,1.0189605696041122,1.6786390542984009,1.3044872861213528,67.51460172069103,0.6596784846942887,64.74033484441776,7.633822679053992e-05,overdamped
598,0.40189021758590365,0.4055193066596985,2.051721337426632,2.0768444538116455,0.0036290890737948334,0.9030050782510324,0.02512311638501341,1.224489696857373,2.8554582968354225e-05,underdamped
599,0.6478914418062951,0.7146686911582947,3.2138393670513508,3.593417167663574,0.06677724935199958,10.306857760896996,0.37957780061222346,11.810727210068386,7.883453508839011e-05,underdamped
600,0.9799850918299701,1.3940174579620361,2.6086011638041096,3.9814443588256836,0.41403236613206607,42.248843332802636,1.372843195021574,52.62756200796767,0.00019193846674170345,underdamped
601,0.31556233289274704,0.3500884175300598,0.3980906040313043,0.3948589563369751,0.03452608463731277,10.941129861987507,0.0032316476943292094,0.8117869805525691,3.845293031190522e-05,underdamped
602,1.8110017073782547,1.9576137065887451,2.825010304942286,3.073488473892212,0.1466119992104904,8.095630093178498,0.24847816894992603,8.795655311954778,7.420921974699013e-07,overdamped
603,0.6139502648978401,0.6294229626655579,3.213219634962317,3.3890700340270996,0.015472697767717758,2.5201874895016747,0.17585039906478261,5.4727164352973,1.8517364878789522e-05,underdamped
604,1.794353907744016,2.0758776664733887,1.7366086215249035,2.021162509918213,0.28152375872937263,15.689422109784545,0.2845538883933094,16.385608413221206,1.1765976523747668e-05,overdamped
605,1.517345112320561,4.09744119644165,0.46489987393304116,1.131919503211975,2.5800960841210894,170.04016180440345,0.6670196292789339,143.4759755118806,0.0005495977820828557,overdamped
606,1.0,1.0885508060455322,3.6693738054933847,4.422606945037842,0.08855080604553223,8.855080604553223,0.7532331395444571,20.527566268031862,0.0001075087275239639,critically_damped
607,0.5179431573405064,0.5310007333755493,3.3083913286928457,2.713458776473999,0.013057576035042873,2.5210442207770214,0.5949325522188467,17.98253269071123,0.0003602418291848153,underdamped
608,0.3548633620221977,0.3690425455570221,1.4140420108809286,1.4173833131790161,0.014179183534824391,3.995674124830459,0.0033413022980874896,0.2362944150439989,2.5483670469839126e-05,underdamped
609,0.8524556373576243,0.9379400014877319,3.133171798933093,3.5355336666107178,0.08548436413010763,10.028013234223591,0.40236186767762483,12.841998252845151,3.060244125663303e-05,underdamped
610,1.0,1.0073915719985962,3.370445580103168,3.461930990219116,0.007391571998596191,0.7391571998596191,0.09148541011594835,2.714341707696346,2.383253786319983e-06,critically_damped
611,0.6168603505883762,0.648056149482727,2.2160217102170767,2.2395668029785156,0.031195798894350868,5.057189826610767,0.0235450927614389,1.0624937767027778,1.946059455804061e-05,underdamped
612,1.1663889769869213,1.7452150583267212,2.0974053974073623,3.1414971351623535,0.5788260813397998,49.62547595700488,1.0440917377549912,49.780158811720916,0.00034435978159308434,overdamped
613,1.0803321680788136,1.0328290462493896,2.819494235081489,2.705526828765869,0.047503121829423955,4.397084825669881,0.11396740631561997,4.0421223387366165,3.780388942686841e-05,overdamped
614,1.788064357612747,2.7775261402130127,1.2649090427566703,1.958357334136963,0.9894617826002656,55.337034060748266,0.6934482913802926,54.821988612638194,0.00010093196760863066,overdamped
615,1.4586619697527938,2.2343010902404785,1.413851113360637,2.1471304893493652,0.7756391204876847,53.17469959260923,0.7332793759887282,51.863974152537764,0.00020205488544888794,overdamped
616,0.172030774547538,0.17777612805366516,3.0239473289664063,3.010016441345215,0.005745353506127149,3.3397242564524467,0.013930887621191435,0.46068552476914504,9.423978190170601e-05,underdamped
617,0.1771686276643163,3.4950735569000244,0.30136097424795,1.4974896907806396,3.3179049292357083,1872.7384035068478,1.1961287165326897,396.9089625880204,0.01474504079669714,underdamped
618,0.36827529342132065,0.3700144290924072,1.029932825909469,1.016221046447754,0.001739135671086578,0.47223794323257573,0.013711779461715201,1.3313275503775879,1.9386499843676575e-05,underdamped
619,1.9887438080298339,2.3753037452697754,1.8967243152540176,2.277391195297241,0.38655993723994153,19.437392371966226,0.3806668800432236,20.06970000762831,1.0465679224580526e-05,overdamped
620,1.099168913685632,1.2932946681976318,2.1818497353876225,2.5992257595062256,0.19412575451199987,17.66113943862143,0.4173760241186031,19.129457787543423,8.56321639730595e-05,overdamped
621,0.05521558412278474,0.16227789223194122,0.3292909029210287,0.3394511044025421,0.10706230810915648,193.89871502776907,0.01016020148151342,3.08547894624045,9.447972843190655e-05,underdamped
622,1.0,1.4818837642669678,2.3376973393070783,3.4294419288635254,0.4818837642669678,48.18837642669678,1.091744589556447,46.70170818092531,0.00047576328506693244,critically_damped
623,1.7929838073851154,2.6131718158721924,1.5405864636640745,2.2583537101745605,0.820188008487077,45.74430650788965,0.7177672465104861,46.590520132403,6.8926383391954e-05,overdamped
624,0.8556490668611244,1.1931990385055542,2.1457403083619386,3.28094482421875,0.3375499716444298,39.44958099267297,1.1352045158568114,52.90502822885534,0.00028398438007570803,underdamped
625,1.4647132841758521,1.145385980606079,3.71626247224992,2.9463396072387695,0.319327303569773,21.80135232059757,0.7699228650111505,20.71766649315864,0.0002013143093790859,overdamped
626,1.4537079080529904,1.779534101486206,2.1218413983178377,2.607863426208496,0.3258261934332156,22.413456763099525,0.4860220278906584,22.905671850684456,3.352504427311942e-05,overdamped
627,0.9108987973508755,0.8886483311653137,1.2189692872888094,1.1655806303024292,0.022250466185561812,2.442693551717469,0.05338865698638018,4.379819700390109,2.2573738533537835e-05,underdamped
628,0.1351249952044051,0.14026549458503723,0.7769990434434979,0.778253972530365,0.00514049938063213,3.8042549957955876,0.0012549290868670848,0.16150973382225808,4.5295226300368086e-05,underdamped
629,0.21759235829277881,0.22398808598518372,1.7308724261155815,1.7343004941940308,0.006395727692404901,2.9393163172574313,0.003428068078449309,0.1980543468557396,0.00012685121328104287,underdamped
630,1.2563993564179112,5.962885856628418,0.31651346505728295,1.1618056297302246,4.706486500210507,374.60115497265554,0.8452921646729417,267.06357169353277,0.000870805059093982,overdamped
631,0.41545766436853976,0.5005748867988586,0.3875324575607727,0.41828879714012146,0.08511722243031888,20.48758025915584,0.030756339579348757,7.936455122478499,7.623658166266978e-05,underdamped
632,0.3522392956948258,0.36396560072898865,3.614124786776026,3.5132246017456055,0.011726305034162832,3.3290734956279,0.10090018503042053,2.791829031460432,5.4994474339764565e-05,underdamped
633,1.2368024419172066,1.3903563022613525,2.1703310712498514,2.4527578353881836,0.15355386034414598,12.415391103701031,0.28242676413833223,13.01307288457554,2.0173503799014725e-05,overdamped
634,0.928759955519408,0.946472704410553,1.2491711588294503,1.2934341430664062,0.017712748891144936,1.9071395989762607,0.04426298423695596,3.5433882638175125,1.3780452718492597e-05,underdamped
635,1.0,1.028488278388977,3.407447423376249,3.6464812755584717,0.02848827838897705,2.848827838897705,0.23903385218222262,7.015041539375458,6.546109489136143e-06,critically_damped
636,0.04937058619557312,0.5004145503044128,3.8252423514401057,1.083459734916687,0.45104396410883973,913.5884316262851,2.7417826165234187,71.67604989762826,0.036871131509542465,underdamped
637,0.3289131291010605,0.5593927502632141,3.971423377885905,1.406180739402771,0.2304796211621536,70.07309856923874,2.565242638483134,64.59252500670631,0.0009275454794988036,underdamped
638,1.689562219331745,1.4718660116195679,2.577411594364226,2.276078224182129,0.21769620771217713,12.884770103244866,0.30133337018209705,11.691317399246334,2.2406842617783695e-05,overdamped
639,1.8589059613594157,3.333988666534424,1.1287388178069127,2.0019898414611816,1.4750827051750082,79.3521961754473,0.873251023654269,77.36519820864807,0.0001350028906017542,overdamped
640,0.6271139275922027,0.6297219395637512,3.7212863847793036,3.5167901515960693,0.002608011971548474,0.41587530698957814,0.2044962331832343,5.495310278178502,1.2633212463697419e-05,underdamped
641,0.7123056851287555,0.7631170749664307,2.661561319917369,2.941760301589966,0.05081138983767519,7.133368566122083,0.28019898167259694,10.527616988410998,4.078059282619506e-05,underdamped
642,0.34664509356571654,0.35070329904556274,1.3643609996646084,1.348677158355713,0.0040582054798462,1.1707090494494046,0.015683841308895552,1.14953749870826,3.256767013226636e-05,underdamped
643,0.6404272789759535,1.235679030418396,2.1700967650405625,4.1779303550720215,0.5952517514424425,92.94603321617608,2.007833590031459,92.5227677574981,0.003055885434150696,underdamped
644,0.9688902514102188,0.9889180064201355,1.658545698015674,1.7773023843765259,0.020027755009916715,2.0670818991899584,0.1187566863608518,7.160290277375854,2.8243612177902833e-05,underdamped
645,0.5025696674109255,0.5169507265090942,3.8163037184687396,3.433295249938965,0.01438105909816878,2.8615055843412303,0.38300846852977477,10.036110770645209,0.00011186188930878416,underdamped
646,0.31164370958188203,0.3252861201763153,3.122107645072202,3.0709376335144043,0.013642410594433274,4.377566488582961,0.05117001155779777,1.638957312652633,0.00012150598195148632,underdamped
647,1.0,3.917401075363159,0.9614601978502197,4.068795680999756,2.917401075363159,291.7401075363159,3.1073354831495363,323.18919598516857,0.0035080749075859785,critically_damped
648,1.2329133448663636,2.4546959400177,0.9891412499053716,1.9381718635559082,1.2217825951513366,99.09719934808285,0.9490306136505366,95.94490309056748,0.0009098085574805737,overdamped
649,1.0622171529682478,1.1019048690795898,1.9273712772956857,2.030674934387207,0.03968771611134203,3.7363090965382284,0.10330365709152134,5.3598213436317135,6.0651154853985645e-06,overdamped
650,1.7606635071591197,1.3040505647659302,3.9490291040952292,2.9240996837615967,0.4566129423931895,25.934140199790214,1.0249294203336325,25.953959652279046,0.0001372544647892937,overdamped
651,1.9342304689453034,2.7620723247528076,0.5663711833168941,0.7772535085678101,0.8278418558075042,42.79954581932057,0.210882325250916,37.233943297733745,5.28712262166664e-05,overdamped
652,1.0,1.4789670705795288,2.7736088308530467,4.292547702789307,0.4789670705795288,47.89670705795288,1.51893887193626,54.763990330572234,0.00036323285894468427,critically_damped
653,0.12661289550777258,0.7863280773162842,3.474487853892694,0.5005210638046265,0.6597151818085116,521.0489651648577,2.9739667900880677,85.59439304863707,0.00442091329023242,underdamped
654,0.1667643733143552,0.19205690920352936,0.5091052808826944,0.5120133757591248,0.025292535889174156,15.16663024991379,0.0029080948764304004,0.5712167965314172,9.081487951334566e-05,underdamped
655,0.9346606674729483,1.680105447769165,2.0587201352025497,3.754884719848633,0.7454447802962167,79.75565959266089,1.696164584646083,82.38927456155685,0.000761791889090091,underdamped
656,1.7205568238501878,2.1708791255950928,1.2532228088690087,1.5813806056976318,0.45032230174490495,26.17305604224062,0.3281577968286231,26.18511205719073,3.263212784077041e-05,overdamped
657,0.3790846524720517,0.38184043765068054,1.8736753008938654,1.853293538093567,0.0027557851786288445,0.7269577284804525,0.020381762800298464,1.0877958838745985,3.6121869925409555e-05,underdamped
658,0.634359842989709,1.3498451709747314,2.0118383355149114,4.077811241149902,0.7154853279850224,112.7885593471637,2.065972905634991,102.69080120228568,0.003741870168596506,underdamped
659,1.9255220969328088,4.852345943450928,0.43517004964509953,0.9986075162887573,2.926823846518119,152.00157147925216,0.5634374666436578,129.4752401051419,0.00021745527919847518,overdamped
660,1.382876510016518,3.0448362827301025,0.9087549371812025,1.9472750425338745,1.6619597727135846,120.18135825401599,1.038520105352672,114.27944574078224,0.0006510386010631919,overdamped
661,0.7504844000679879,0.7438640594482422,3.876167532278362,3.8693857192993164,0.0066203406197457015,0.882142336222572,0.006781812979045565,0.17496181273308642,4.723935853689909e-05,underdamped
662,0.7132206983863837,1.675955891609192,1.8251413963814598,4.247290134429932,0.9627351932228082,134.98419148531934,2.422148738048472,132.7101967469832,0.0030883485451340675,underdamped
663,0.06794601007634761,0.13030019402503967,0.7594129916514567,0.723308265209198,0.06235418394869206,91.77019206665368,0.036104726442258706,4.754294019087506,0.00028511681011877954,underdamped
664,0.03788319096930064,0.066814124584198,3.61780230396343,3.6029772758483887,0.02893093361489736,76.3687875140774,0.014825028115041494,0.4097799401255329,0.006507888436317444,underdamped
665,0.47802776101539907,0.5483355522155762,0.3749622368240103,0.39533713459968567,0.0703077912001771,14.707888732410298,0.02037489777567536,5.43385327233323,5.679609239450656e-05,underdamped
666,0.028021963877360036,0.05370068922638893,1.0442279605826386,0.9694772958755493,0.025678725349028896,91.63785044265107,0.07475066470708924,7.158462283023074,0.00021185452351346612,underdamped
667,1.0779275124746936,3.7003371715545654,0.5410468468474589,1.6476601362228394,2.622409659079872,243.2825610934982,1.1066132893753804,204.53188033962903,0.002238709945231676,overdamped
668,0.8071211593769883,0.9177970290184021,3.440333908962228,3.9718785285949707,0.11067586964141385,13.712423265776339,0.5315446196327427,15.450378762597564,5.451721153804101e-05,underdamped
669,0.536180304627229,0.5259047746658325,3.31317353642129,3.1962854862213135,0.010275529961396468,1.916431818311635,0.1168880501999765,3.527978505050859,2.4842698621796444e-05,underdamped
670,0.198287656944471,0.20634245872497559,0.9815833670046461,0.9825950264930725,0.008054801780504578,4.0621801198449115,0.0010116594884264085,0.10306404146940074,0.00013210361066740006,underdamped
671,0.12577728913954184,0.1342208981513977,2.1677940778546527,2.1612331867218018,0.008443609011855868,6.713142785648866,0.006560891132850966,0.3026528764828032,0.00012552221596706659,underdamped
672,1.1560039915000861,1.6515722274780273,1.3336744145253048,1.9185914993286133,0.4955682359779412,42.869076544871454,0.5849170848033085,43.857562118074995,0.0003267404390498996,overdamped
673,1.980242012514045,3.5148751735687256,0.3724932767932089,0.6026198863983154,1.5346331610546806,77.49725292952273,0.2301266096051065,61.7800706596007,6.541571201523766e-05,overdamped
674,1.3534052008599569,2.8534066677093506,0.9489319939331431,1.9546951055526733,1.5000014668493937,110.83166119771737,1.0057631116195302,105.98895579975473,0.000751381041482091,overdamped
675,0.021527239446271728,0.027681374922394753,1.705186373897799,1.7048802375793457,0.0061541354761230245,28.587666762766702,0.00030613631845333167,0.017953246820378358,0.00010087957343785092,underdamped
676,1.4904574828124788,1.1758588552474976,3.689860256297557,2.9486212730407715,0.31459862756498125,21.10752109287524,0.7412389832567854,20.088538095492865,0.00016045958909671754,overdamped
677,0.47575836164317975,0.5147669911384583,3.396777651177808,3.0957891941070557,0.0390086294952785,8.199252528226733,0.30098845707075217,8.860999687936202,0.00014218897558748722,underdamped
678,1.5447197178064072,1.259636402130127,2.888230993913171,2.344235897064209,0.2850833156762802,18.45534257056777,0.543995096848962,18.83488882971651,9.292278264183551e-05,overdamped
679,0.371528178730275,0.3864196538925171,2.9143290957673265,2.880336046218872,0.014891475162242096,4.008168428336933,0.03399304954845439,1.1664108078193622,7.692216604482383e-05,underdamped
680,1.3710106341670514,3.782080888748169,0.3215777996536174,0.7143025398254395,2.4110702545811176,175.86079892414165,0.3927247401718221,122.12433215067693,0.00039294210728257895,overdamped
681,0.4603372672884194,0.4645189642906189,2.552270433141634,2.560856342315674,0.004181697002199503,0.908398537192407,0.008585909174039674,0.3364027989569714,1.0239427865599282e-05,underdamped
682,1.0659954703910317,0.9553917050361633,3.8624644582553733,3.460529327392578,0.11060376535486838,10.375631832121798,0.4019351308627952,10.406183285485668,0.00011867645662277937,overdamped
683,0.4641843925244999,0.4733904302120209,2.992932102528232,2.9780595302581787,0.009206037687520985,1.9832716988723582,0.01487257227005312,0.4969231429436622,1.2760795470967423e-05,underdamped
684,1.3120719002918222,1.1573224067687988,2.693117053308011,2.4149723052978516,0.15474949352302336,11.794284557774999,0.2781447480101593,10.327985843337496,5.1006678404519334e-05,overdamped
685,0.9264768611532518,0.9902167916297913,1.789531996924252,1.9842547178268433,0.06373993047653947,6.879818930091555,0.19472272090259124,10.881209234440615,2.6730673198471777e-05,underdamped
686,1.0,2.3123629093170166,1.2604553103141047,2.93001127243042,1.3123629093170166,131.23629093170166,1.6695559621163152,132.4565772744662,0.001671781181357801,critically_damped
687,0.03807067700694226,0.04524725303053856,2.182264723648252,2.171783924102783,0.0071765760235962955,18.850665624589848,0.010480799545468766,0.4802716843604219,0.00018981879111379385,underdamped
688,1.2920883716030134,1.0427500009536743,3.8239939227363107,3.103785753250122,0.24933837064933906,19.297315580667327,0.7202081694861886,18.833925577236112,0.00019941027858294547,overdamped
689,1.3054962265500785,1.3304245471954346,2.666847265598651,2.754861831665039,0.024928320645356106,1.9094900573732039,0.08801456606638824,3.300322714455522,1.3894958783566835e-06,overdamped
690,1.700796807953194,2.0859217643737793,2.7285689950888554,3.3838469982147217,0.3851249564205852,22.643795814978024,0.6552780031258663,24.01544561655943,1.074071042239666e-05,overdamped
691,0.7967799394593887,5.849758148193359,0.4589528087344372,2.7079010009765625,5.052978208733971,634.174877967233,2.2489481922421253,490.01730666898015,0.004958977457135916,underdamped
692,1.5966041086893226,1.2379834651947021,3.4929214852804926,2.733952522277832,0.3586206434946204,22.461463148119904,0.7589689630026606,21.728772496061787,0.00015185511438176036,overdamped
693,1.4960058553949793,2.1657581329345703,2.323532231629784,3.3904881477355957,0.669752277539591,44.769362039880605,1.0669559161058118,45.91956597724586,9.58183009061031e-05,overdamped
694,0.7350500282285449,0.7225714325904846,1.3525953431581652,1.3302770853042603,0.012478595638060308,1.697652562252594,0.022318257853904955,1.650032137608445,8.003155016922392e-06,underdamped
695,0.8007675735318346,1.0076736211776733,2.4310519718535275,3.303938150405884,0.20690604764583875,25.83846480362172,0.8728861785523563,35.905697971846905,0.0002093640505336225,underdamped
696,1.6378911145731672,1.6940175294876099,3.644114378784393,3.8734824657440186,0.0561264149144427,3.426748848873827,0.22936808695962574,6.294206578558013,6.412751645257231e-06,overdamped
697,1.0,2.2820839881896973,1.6537175152175645,4.169398307800293,1.2820839881896973,128.20839881896973,2.5156807925827285,152.12276398074934,0.0014201437588781118,critically_damped
698,1.8815415403613223,4.216711521148682,1.6998155612832047,3.839474678039551,2.3351699807873594,124.10940341710047,2.139659116756346,125.87595769161565,0.00017033716721925884,overdamped
699,1.9102791605746985,2.443171977996826,1.7335581973954524,2.226945400238037,0.5328928174221277,27.896070292773828,0.49338720284258475,28.460954099139208,1.6585980119998567e-05,overdamped
700,1.77555239358208,2.6908087730407715,0.9818750110511469,1.4688040018081665,0.9152563794586914,51.54769764986836,0.48692899075701956,49.591748977880336,0.00011588921188376844,overdamped
701,1.4439761261289878,1.6610358953475952,0.9922341241945469,1.1284854412078857,0.21705976921860737,15.032088501386884,0.1362513170133388,13.731770928957094,3.0104782126727514e-05,overdamped
702,1.0,1.4432634115219116,3.0026966351421684,4.380580902099609,0.4432634115219116,44.32634115219116,1.377884266957441,45.88822762950218,0.00022751494543626904,critically_damped
703,0.5412135103531442,1.1275008916854858,1.1500767380049173,2.9854142665863037,0.5862873813323416,108.32829744951977,1.8353375285813864,159.58391887529328,0.011266102083027363,underdamped
704,0.46449948753805737,0.46803274750709534,1.6848062603485063,1.6753554344177246,0.003533259969037972,0.7606596054098951,0.009450825930781726,0.5609443740330594,2.5105415261350572e-05,underdamped
705,0.9586419742728731,0.9328219294548035,1.1466657298628402,1.109798550605774,0.025820044818069654,2.69339811013951,0.036867179257066285,3.2151636084455233,1.7499962268630043e-05,underdamped
706,0.9125836804417147,1.3859424591064453,1.6070442243851584,2.7037253379821777,0.47335877866473064,51.87017791460094,1.0966811135970194,68.2421240782344,0.00038807306555099785,underdamped
707,1.5297464824136586,3.4340872764587402,0.31235203408127693,0.5801427960395813,1.9043407940450816,124.48734584049393,0.26779076195830437,85.7336379274619,0.0001219305195263587,overdamped
708,0.6127135443776542,0.629178524017334,2.5607982830013,2.724459409713745,0.016464979639679744,2.687223057294019,0.16366112671244526,6.391019854973957,2.675505675142631e-05,underdamped
709,1.7131259587993943,2.6465742588043213,0.4390511022603686,0.6253222227096558,0.933448300004927,54.488013284155315,0.18627112044928718,42.425840520683536,4.6988159738248214e-05,overdamped
710,1.1244246661379373,1.8840879201889038,2.0652166451256058,3.483496904373169,0.7596632540509665,67.5601733871761,1.4182802592475632,68.67464789202799,0.00045386477722786367,overdamped
711,0.14847721827987814,0.15934327244758606,2.052482462219802,2.0330793857574463,0.010866054167707917,7.318330915403809,0.019403076462355617,0.9453467603017076,0.00013410822430159897,underdamped
712,0.7609514019763324,4.865516662597656,0.3286812246671876,1.4202444553375244,4.104565260621324,539.3991324493265,1.091563230670337,332.103919770781,0.0022243394050747156,underdamped
713,0.9180530072831853,1.0114264488220215,1.1800506880842514,1.335595726966858,0.0933734415388362,10.170811576028523,0.1555450388826065,13.181216743759158,3.972715057898313e-05,underdamped
714,1.115868155012501,1.301500678062439,3.2765816834194417,3.855759620666504,0.18563252304993805,16.63570397775698,0.5791779372470622,17.67628562955989,3.761254629353061e-05,overdamped
715,1.4704102285001364,1.4045255184173584,3.8125923959373123,3.676795244216919,0.06588471008277796,4.480702650578158,0.1357971517203933,3.561806183768775,1.3512979421648197e-05,overdamped
716,1.4834623628800085,3.513277530670166,1.5216786872638408,3.6062657833099365,2.0298151677901575,136.82956969999927,2.0845870960460955,136.99259334402788,0.00047702022129669785,overdamped
717,1.9758140862288969,3.36743426322937,0.7468063346074506,1.2340070009231567,1.3916201770004732,70.43274904758701,0.48720066631570613,65.23788614779185,9.960850729839876e-05,overdamped
718,1.2758175421070508,1.4459925889968872,2.470777190112066,2.8082399368286133,0.17017504688983642,13.338509722071015,0.3374627467165472,13.658161815118627,2.2775519028073177e-05,overdamped
719,1.990414147696122,4.114789009094238,0.7065564136329907,1.412824273109436,2.1243748613981164,106.73029348475302,0.7062678594764453,99.95916049292346,0.00011779039778048173,overdamped
720,1.347240128941843,1.4724669456481934,2.2231723134282935,2.443392753601074,0.12522681670635039,9.295062848573753,0.22022044017278075,9.905684721000542,5.38634003532934e-06,overdamped
721,0.9497729832650317,0.43301641941070557,3.1018436691650306,1.0576763153076172,0.5167565638543261,54.40842948363025,2.0441673538574134,65.90168854021171,1.8351824110141024e-05,underdamped
722,0.46453055313291564,0.4631692171096802,1.4887358889298392,1.4780094623565674,0.0013613360232354599,0.29305629394110966,0.01072642657327183,0.7205056755219624,6.417159602278844e-05,underdamped
723,1.1321062708239147,1.1862908601760864,1.6632141007865104,1.740061640739441,0.05418458935217174,4.78617518059835,0.07684753995293048,4.62042378768857,6.8003114392922726e-06,overdamped
724,0.589762488245999,0.6209782361984253,3.7625969344557246,3.978180170059204,0.03121574795242632,5.292935473950617,0.21558323560347947,5.729639378305199,3.1044550269143656e-05,underdamped
725,1.303097600918671,2.2601473331451416,1.1163835098545025,1.9049530029296875,0.9570497322264706,73.44420951675147,0.788569493075185,70.6360749791045,0.0005437367944978178,overdamped
726,1.2466068851081002,3.2902352809906006,0.5096201518937525,1.2058526277542114,2.0436283958825,163.93527264252882,0.6962324758604589,136.61792479619447,0.0009267051354981959,overdamped
727,0.021559124359961962,0.05264449864625931,1.7092916700557146,1.6451853513717651,0.031085374286297346,144.1866272826314,0.06410631868394945,3.750461071506883,0.0011752492282539606,underdamped
728,0.5207243302374831,0.5308704972267151,2.141404650081239,2.151838779449463,0.010146166989231986,1.948471849703027,0.010434129368223743,0.48725631411269704,1.6889720427570865e-05,underdamped
729,1.0,1.1301615238189697,3.8856532532989188,4.654603958129883,0.13016152381896973,13.016152381896973,0.7689507048309641,19.78948338167141,4.064169115736149e-05,critically_damped
730,0.9465109837690026,0.9372044205665588,0.7636795228758604,0.7659549117088318,0.009306563202443718,0.983249361289504,0.0022753888329714034,0.2979507456744101,1.6649404642521404e-05,underdamped
731,1.8853822573509067,1.5435017347335815,3.8445793410699176,3.1930339336395264,0.34188052261732516,18.13322053309715,0.6515454074303912,16.947118257392265,7.763072790112346e-05,overdamped
732,1.0,2.461151361465454,1.3144494271375775,3.279850482940674,1.461151361465454,146.1151361465454,1.9654010558030963,149.5227595087526,0.001466087531298399,critically_damped
733,0.48161028026111385,0.4731196165084839,1.3035677335747224,1.2885149717330933,0.008490663752629968,1.7629739440002397,0.01505276184162918,1.1547356883673843,2.0401090296218172e-05,underdamped
734,1.4266901011938127,1.4005253314971924,3.030993546932576,3.0116641521453857,0.026164769696620294,1.8339490597661243,0.019329394787190424,0.6377247093367171,7.353512046393007e-06,overdamped
735,1.233389962563833,3.438032865524292,0.3852279913213056,0.896060049533844,2.204642902960459,178.74662271271401,0.5108320582125384,132.6051246848443,0.0006697410135529935,overdamped
736,1.974522414885755,1.3562911748886108,3.880470719633791,2.6779887676239014,0.6182312399971441,31.310418931502216,1.2024819520098897,30.98804343312686,0.00023784025688655674,overdamped
737,1.0235526160209703,4.782810688018799,0.37112061617438186,1.3496981859207153,3.7592580719978286,367.2755081816732,0.9785775697463335,263.681813161929,0.0019610747694969177,overdamped
738,0.4715538259572032,0.4767600893974304,0.9610260460652875,0.9683753848075867,0.005206263440227232,1.1040655708092455,0.00734933874229915,0.7647387677357363,4.138227814109996e-05,underdamped
739,1.076337174572891,3.4025471210479736,0.5145417041437494,1.4218189716339111,2.3262099464750827,216.12279139184824,0.9072772674901617,176.32725592184306,0.0019323283340781927,overdamped
740,1.1669248679482782,6.100454330444336,0.3607973774792949,1.4941266775131226,4.9335294624960575,422.7803861246298,1.1333293000338276,314.1179428608419,0.001419444801285863,overdamped
741,1.4213852386968493,1.2849913835525513,2.2671532880476066,2.0708072185516357,0.13639385514429803,9.595840130529727,0.1963460694959709,8.66046731516144,2.3371991119347513e-05,overdamped
742,1.1248812425479824,1.169460415840149,0.749974927259706,0.7738547921180725,0.04457917329216654,3.9630115256602294,0.023879864858366462,3.184088426211773,5.297930783854099e-06,overdamped
743,0.9681699904384855,1.0595033168792725,2.3820971138593894,2.683149814605713,0.09133332644078695,9.433604361091792,0.3010527007463235,12.638137168915359,4.793929838342592e-05,underdamped
744,0.6490984908509022,0.6405825018882751,1.046851140522376,1.0273109674453735,0.008515988962627064,1.3119717704879372,0.0195401730770024,1.8665665365996453,5.724957009078935e-05,underdamped
745,1.8878028845293744,1.544098973274231,2.5743202959761287,2.1317107677459717,0.34370391125514343,18.206557160803797,0.442609528230157,17.193257922178198,6.871693767607212e-05,overdamped
746,0.914263884620196,1.0953574180603027,2.2515385599516615,2.938962936401367,0.1810935334401067,19.80757814964294,0.6874243764497057,30.53131705923189,9.109148231800646e-05,underdamped
747,0.33582022618489094,0.355426162481308,0.9011400183285709,0.9199370741844177,0.019605936296417048,5.838223777987304,0.01879705585584679,2.08591955451179,5.9383048210293055e-05,underdamped
748,1.80089723865359,1.2692475318908691,3.805378480568268,2.667163848876953,0.5316497067627208,29.521379418639103,1.1382146316913149,29.910681355441472,0.00022639274538960308,overdamped
749,0.7525419340138143,0.7906387448310852,3.2712356434612078,3.468378782272339,0.0380968108172709,5.062417002342299,0.1971431388111311,6.026564891624229,1.5238490959745832e-05,underdamped
750,1.104062444391186,1.1193509101867676,2.03408410674918,2.0958588123321533,0.01528846579558163,1.3847464763654886,0.061774705582973155,3.0369789222580312,1.865986519078433e-06,overdamped
751,0.3868203291822462,0.38348785042762756,1.2807831051729204,1.2770261764526367,0.0033324787546186174,0.8615055888255957,0.0037569287202836588,0.2933305963445255,4.632092532119714e-05,underdamped
752,1.3951893713629009,1.1627657413482666,3.3668306969665522,2.8051509857177734,0.23242363001463429,16.65893066455843,0.5616797112487788,16.682742965211798,0.00012025579781038687,overdamped
753,0.5789599645131803,0.5803876519203186,2.625740156908666,2.6237924098968506,0.0014276874071382784,0.24659518699859537,0.0019477470118154372,0.07417897032540177,1.6695030353730544e-05,underdamped
754,0.37453252990379615,-0.018466074019670486,3.5133118008715645,0.3876696228981018,0.39299860392346664,104.93043261807293,3.1256421779734627,88.96569263217883,0.00013988524733576924,underdamped
755,0.28315163077659905,3.8801140785217285,0.35566935629410196,2.0920181274414062,3.5969624477451294,1270.330825176515,1.7363487711473042,488.19183897066534,0.019696732982993126,underdamped
756,1.9484491305415639,3.8848977088928223,1.1946113718703182,2.3709805011749268,1.9364485783512584,99.38409722880628,1.1763691293046086,98.47295589216189,0.00011876507051056251,overdamped
757,0.10538480614515663,0.9854342341423035,3.9276030627229406,1.5877015590667725,0.8800494279971468,835.0818872171859,2.339901503656168,59.57581421259902,0.020990515127778053,underdamped
758,0.31463334573461965,0.3370225429534912,3.7776581735801535,3.7147889137268066,0.02238919721887156,7.115964509927035,0.0628692598533469,1.6642389799330255,9.375126683153212e-05,underdamped
759,0.8592446089951148,1.005387544631958,2.9453988951465817,3.6713004112243652,0.14614293563684322,17.008304050665753,0.7259015160777835,24.64527019664201,9.420191054232419e-05,underdamped
760,1.6118216770499456,2.164771795272827,0.9821537033179002,1.3000315427780151,0.5529501182228815,34.30591150969781,0.31787783946011494,32.36538623091923,7.748963253106922e-05,overdamped
761,0.8295288073042024,0.8017241358757019,1.1637788538451437,1.1337497234344482,0.027804671428500516,3.3518632727005544,0.030029130410695437,2.580312428901652,3.2044237741502e-05,underdamped
762,1.65391420312775,1.2758774757385254,3.6783473895936027,2.8757693767547607,0.37803672738922467,22.857094199584953,0.802578012838842,21.818983576956654,0.00014834378089290112,overdamped
763,1.6136591533051194,1.998717188835144,2.3934416060575963,2.989666700363159,0.3850580355300246,23.862414484579553,0.5962250943055629,24.910785071863383,1.6818021322251298e-05,overdamped
764,1.7485214086595706,1.7430771589279175,2.3427454418775637,2.346398115158081,0.005444249731653139,0.31136305822110244,0.0036526732805173268,0.15591421992437804,2.8482290872489102e-06,overdamped
765,1.6320674128318755,3.2307872772216797,1.0603649865429816,2.065239191055298,1.5987198643898042,97.95672971717458,1.0048742045123162,94.76682248707803,0.00026531636831350625,overdamped
766,1.0,1.2312676906585693,2.414692947626592,3.2454421520233154,0.23126769065856934,23.126769065856934,0.8307492043967235,34.40392722450567,0.000285071786493063,critically_damped
767,0.17441951257833416,0.188929483294487,1.8260369874686417,1.8116477727890015,0.014509970716152842,8.319006573095553,0.014389214679640272,0.7880023667859781,0.00010728432243922725,underdamped
768,1.0,1.5080097913742065,2.0834261099281766,3.329110860824585,0.5080097913742065,50.800979137420654,1.2456847508964084,59.790205419828965,0.0003109135141130537,critically_damped
769,1.9329639835659291,1.6781888008117676,2.6563752211282274,2.341003894805908,0.25477518275416156,13.180544744768222,0.31537132632231923,11.872243191169858,3.057440335396677e-05,overdamped
770,1.0,0.9232274293899536,3.592146805896253,3.304199457168579,0.07677257061004639,7.677257061004639,0.2879473487276738,8.016023962468037,4.8600093577988446e-05,critically_damped
771,0.8729722301205218,0.8559708595275879,1.335371946157814,1.2997101545333862,0.01700137059293394,1.9475270811978456,0.03566179162442773,2.6705512068779997,1.932718078023754e-05,underdamped
772,0.2698975211116594,0.9422009587287903,3.2049411130140544,1.3567748069763184,0.6723034376171309,249.09581786747572,1.848166306037736,57.666154879820766,0.00017964333528652787,underdamped
773,0.7531424458041318,0.7129079103469849,3.38482159971995,3.1345837116241455,0.04023453545714695,5.342221206798197,0.2502378880958043,7.3929417171205785,5.59146938030608e-05,underdamped
774,1.0,1.8684101104736328,0.34839476048269213,4.4104323387146,0.8684101104736328,86.84101104736328,4.062037578231908,1165.9295830408175,0.35897451639175415,critically_damped
775,0.20963675288802192,0.21790073812007904,1.9183670506331,1.9090877771377563,0.008263985232057125,3.942049816270221,0.009279273495343743,0.48370688457568084,4.2003819544333965e-05,underdamped
776,1.3407891092680784,1.4002043008804321,1.6257782592700631,1.7275865077972412,0.05941519161235376,4.431359950767189,0.10180824852717807,6.262123874930374,2.569512162153842e-06,overdamped
777,1.119390425814513,1.1337450742721558,1.2584044874413236,1.2797595262527466,0.014354648457642671,1.2823629831564494,0.021355038811422977,1.6969932183604608,1.933419298438821e-06,overdamped
778,0.7098955194166328,0.7058244347572327,2.218602713368715,2.2758889198303223,0.004071084659400093,0.5734765959285906,0.057286206461607314,2.582084936451927,6.936593308637384e-06,underdamped
779,0.2912209597259945,0.3156743049621582,3.1496216510550297,3.072742462158203,0.024453345236163715,8.396835605229619,0.07687918889682654,2.440902350003668,0.00010570994345471263,underdamped
780,1.8995426081853226,1.390195369720459,3.2663589751578996,2.3808553218841553,0.5093472384648636,26.814204444271716,0.8855036532737444,27.10980819953931,0.0001524384570075199,overdamped
781,1.1129244029583618,1.0110623836517334,3.731626462443098,3.3995187282562256,0.10186201930662842,9.152644962753989,0.33210773418687234,8.899811852267797,8.835847256705165e-05,overdamped
782,1.3361260784876836,1.4646590948104858,0.877705043298336,0.9576708078384399,0.12853301632280223,9.61982693042594,0.07996576454010396,9.110778746308654,6.4323630795115605e-06,overdamped
783,1.807502127039644,1.8378210067749023,2.73452029221156,2.8100459575653076,0.030318879735258264,1.6773910957944493,0.0755256653537475,2.761934719184901,3.885589023866487e-07,overdamped
784,0.8589002757131134,4.693472385406494,0.5736644799785977,3.1971678733825684,3.8345721096933807,446.4513771997193,2.6235033934039707,457.3236595547712,0.0024864831939339638,underdamped
785,0.7059188740172836,0.7103980183601379,0.8703544067102031,0.8658125400543213,0.0044791443428543465,0.6345126200358088,0.004541866655881854,0.5218410593277013,2.5175655537168495e-05,underdamped
786,0.05424199616187085,0.05859580263495445,3.5839695473532305,3.583228826522827,0.004353806473083602,8.02663393893326,0.0007407208304033297,0.020667609493232264,9.248423884855583e-05,underdamped
787,1.0,3.1175241470336914,0.9066991117501935,2.8123533725738525,2.1175241470336914,211.75241470336914,1.905654260823659,210.17493412397758,0.0013910047709941864,critically_damped
788,1.1365678076003265,1.0019564628601074,3.9358827635686344,3.5200748443603516,0.13461134474021907,11.843670376730843,0.41580791920828286,10.564540261643186,7.206956797745079e-05,overdamped
789,0.9174500660350738,1.2343298196792603,1.5931834761849182,2.346963882446289,0.3168797536441864,34.53918260790361,0.7537804062613709,47.31284359453656,0.00022648043523076922,underdamped
790,0.7027414882219333,0.7172470688819885,2.187649024724366,2.285881280899048,0.01450558066005525,2.0641417794695838,0.09823225617468179,4.4903115200144414,1.4128057955531403e-05,underdamped
791,1.24342096311283,1.0706744194030762,2.8627107665674782,2.483229160308838,0.17274654370975373,13.89284472712227,0.37948160625864036,13.256023301077539,0.0001305445475736633,overdamped
792,0.7235632861346858,0.7310352921485901,1.5436759597214542,1.5423579216003418,0.007472006013904298,1.0326679306547129,0.0013180381211124192,0.08538308268726619,1.2680111467489041e-05,underdamped
793,1.584192427646507,2.9398372173309326,1.4353066359962314,2.655651092529297,1.3556447896844257,85.57324009548424,1.2203444565330654,85.02325746484388,0.0002654803975019604,overdamped
794,0.16655842894543776,0.15002167224884033,1.6171034324423201,0.6364325284957886,0.016536756696597432,9.92850184845022,0.9806709039465316,60.643672153080466,0.08153608441352844,underdamped
795,1.4673250494038326,1.6136764287948608,2.1762922184959317,2.4141125679016113,0.14635137939102827,9.97402582682618,0.23782034940567964,10.927776489962403,7.527099569415441e-06,overdamped
796,1.0,3.572625160217285,1.0506927738078442,4.108267307281494,2.572625160217285,257.2625160217285,3.05757453347365,291.0055736266855,0.00343905808404088,critically_damped
797,1.6492385979068003,2.522531509399414,1.629715144504039,2.4950687885284424,0.8732929114926138,52.951277795765265,0.8653536440244034,53.09845999423114,0.00011965425073867664,overdamped
798,0.7935468913085577,0.8328867554664612,2.1035760501717933,2.310137987136841,0.03933986415790347,4.957471901002862,0.20656193696504754,9.819561168144038,4.133728361921385e-05,underdamped
799,0.30144587275213836,1.9140421152114868,1.0737187557845167,4.422433376312256,1.6125962424593485,534.9538302636819,3.348714620527739,311.8800526196441,0.052160732448101044,underdamped
800,0.630707315627113,0.6663791537284851,2.8653432932123444,3.1690921783447266,0.03567183810137209,5.655846573763544,0.3037488851323822,10.600785108434545,5.964700903859921e-05,underdamped
801,0.1203629604801796,0.13015973567962646,1.6553760029803124,1.6422253847122192,0.00979677519944687,8.139360448067514,0.013150618268093162,0.7944188054204604,0.00014458817895501852,underdamped
802,1.521029397678607,1.200933575630188,3.777039295671707,3.0324881076812744,0.3200958220484189,21.04468345825194,0.7445511879904325,19.712561339874064,0.00015928757784422487,overdamped
803,0.407255914997658,0.41789186000823975,1.1945760602383435,1.1989928483963013,0.010635945010581738,2.6116121629916416,0.004416788157957763,0.36973687193065957,5.573274029302411e-05,underdamped
804,0.047895475201764265,0.06065693125128746,1.4499552431306895,1.4510167837142944,0.012761456049523195,26.6443875872707,0.0010615405836049696,0.0732119552402825,0.000242911497480236,underdamped
805,0.6423852445867141,0.6647738814353943,2.7607747112416168,2.8807966709136963,0.0223886368486802,3.485235228758124,0.12002195967207951,4.3474014443612985,3.79683478968218e-05,underdamped
806,1.0,3.2358169555664062,1.0123195838804815,3.265928268432617,2.2358169555664062,223.58169555664062,2.2536086845521357,222.61830359079627,0.0021458864212036133,critically_damped
807,1.2007046457880757,1.0319546461105347,3.563074626562255,3.1403024196624756,0.168749999677541,14.054247251353216,0.42277220689977923,11.86537614867979,0.00010952231241390109,overdamped
808,0.1090274512003981,0.12862549722194672,0.5100328737676838,0.5107874274253845,0.019598046021548618,17.9753317222159,0.0007545536577007184,0.14794216147808778,3.27676025335677e-05,underdamped
809,1.9885109864382686,2.9500880241394043,1.4435619799436101,2.146663188934326,0.9615770377011357,48.35663691370743,0.703101208990716,48.70599383742299,3.6883982829749584e-05,overdamped
810,1.2117120834828035,1.2310512065887451,1.8706373542723538,1.9190078973770142,0.019339123105941658,1.5960163614408749,0.04837054310466038,2.585778745099191,3.948832272726577e-06,overdamped
811,0.709529018364174,0.7721055746078491,3.7131839603668975,4.258049488067627,0.06257655624367509,8.819449891978476,0.5448655277007295,14.673809149140343,5.0233320507686585e-05,underdamped
812,0.9683223063601565,4.117377281188965,0.9238247247845819,3.862755060195923,3.1490549748288084,325.2073151826736,2.938930335411341,318.1263995826311,0.0027703316882252693,underdamped
813,0.10026127363095241,0.10912366211414337,1.5544249405007189,1.543323278427124,0.008862388483190958,8.83929373948725,0.011101662073594865,0.7141973719244844,4.5636221329914406e-05,underdamped
814,0.4699029075119453,0.48727983236312866,3.6976193465154927,3.8126611709594727,0.017376924851183362,3.697981981680253,0.11504182444397992,3.1112403323070916,1.7810893041314557e-05,underdamped
815,1.5094353115941073,1.1879948377609253,3.709833409701495,2.9324936866760254,0.32144047383318197,21.295412354816996,0.7773397230254697,20.953494056974836,0.00014634151011705399,overdamped
816,0.7646460653624191,0.7571912407875061,1.857882395933796,1.885772466659546,0.007454824574912977,0.974937936989137,0.027890070725749894,1.5011752512855894,2.6867339329328388e-05,underdamped
817,1.066879857441311,1.1473100185394287,1.888329364192833,2.0236623287200928,0.08043016109811774,7.538820846333412,0.13533296452725985,7.166809302100112,1.5480838555959053e-05,overdamped
818,1.0,1.2826052904129028,2.7878878837763836,3.8273513317108154,0.28260529041290283,28.260529041290283,1.0394634479344318,37.284980288605,0.0001538560027256608,critically_damped
819,1.9214450083650463,1.7193734645843506,2.680341869696385,2.429684638977051,0.2020715437806957,10.516644655505283,0.2506572307193342,9.351688810790668,3.190353891113773e-05,overdamped
820,1.2985016075498221,1.4622637033462524,3.4458502055638505,3.9647185802459717,0.1637620957964303,12.6116205666805,0.5188683746821212,15.057775112926533,5.573247563006589e-06,overdamped
821,0.13540760767212856,0.1430906057357788,1.7536258623562866,1.740601897239685,0.007682998063650248,5.6739781432765595,0.013023965116601532,0.7426877874110319,8.189344953279942e-05,underdamped
822,0.5883512807070136,0.6184639930725098,1.2653653211017357,1.3590452671051025,0.030112712365496175,5.118151919259892,0.09367994600336682,7.403391292705969,3.6082667065784335e-05,underdamped
823,1.5882837928606302,2.063993453979492,1.0157653065155008,1.3192309141159058,0.47570966111886204,29.951175177709878,0.303465607600405,29.875563346558735,4.890007767244242e-05,overdamped
824,0.023374644684687917,0.028996121138334274,2.2517049347656153,2.246391534805298,0.005621476453646357,24.049462695485722,0.005313399960317433,0.2359723016226598,0.00015710186562500894,underdamped
825,0.6729327963790438,0.6339341402053833,3.202898314081484,3.0105998516082764,0.038998656173660495,5.795327019801494,0.1922984624732078,6.003889090945258,4.946778790326789e-05,underdamped
826,1.2859290726184747,1.1753515005111694,3.4253979614534362,3.177940845489502,0.11057757210730523,8.599041304987491,0.24745711596393427,7.22418588288455,5.506119487108663e-05,overdamped
827,1.0,1.1717582941055298,3.2349892775009708,4.03829288482666,0.17175829410552979,17.17582941055298,0.8033036073256894,24.831723953850055,7.69312318880111e-05,critically_damped
828,1.9751764751497474,1.6373863220214844,2.508472233278104,2.1011300086975098,0.337790153128263,17.101770772287754,0.40734222458059444,16.238657904069136,5.0054630264639854e-05,overdamped
829,0.04021360337539036,0.04584042355418205,1.9750165775378556,1.9743810892105103,0.005626820178791694,13.992330222849805,0.0006354883273453904,0.032176354091043566,0.00016307867190334946,underdamped
830,1.0,1.182812213897705,1.5587169627633266,1.9128482341766357,0.18281221389770508,18.281221389770508,0.35413127141330913,22.719408325774403,6.993747956585139e-05,critically_damped
831,0.31665176909512743,0.3326871395111084,2.2626961999179636,2.2578957080841064,0.016035370415980965,5.064039421539968,0.004800491833857112,0.21215803668345576,4.046116009703837e-05,underdamped
832,0.4492881872832591,0.45441898703575134,1.463119339027579,1.4537622928619385,0.005130799752492254,1.1419841201517014,0.009357046165640481,0.6395272016470904,1.520387831988046e-05,underdamped
833,0.9170560492568942,0.9455267786979675,2.729767789252317,2.921140670776367,0.028470729441073317,3.1045789910162656,0.19137288152405008,7.01059197333657,1.0884087714657653e-05,underdamped
834,1.4051115588667837,2.0353124141693115,0.45727668206738736,0.6110610961914062,0.6302008553025278,44.8505922057023,0.1537844141240189,33.63049553035293,4.233161962474696e-05,overdamped
835,1.7262088665814446,1.4133955240249634,3.8279517537361647,3.1650898456573486,0.3128133425564812,18.121407473475184,0.6628619080788161,17.316360046383767,8.065509609878063e-05,overdamped
836,1.9454853062584734,3.554455518722534,1.1045178825239421,2.0010342597961426,1.6089702124640608,82.70276867618223,0.8965163772722005,81.16811791435772,7.422867929562926e-05,overdamped
837,1.1984722180953922,1.23102867603302,1.7808910026298737,1.834726333618164,0.03255645793762785,2.716496673520431,0.05383533098829041,3.022943622534496,4.879434982285602e-06,overdamped
838,1.0,0.9104933738708496,3.6656455814678615,3.362175464630127,0.08950662612915039,8.950662612915039,0.3034701168377345,8.278763183543067,8.276783773908392e-05,critically_damped
839,0.3262987236855655,0.33006229996681213,2.716846346110897,2.6853349208831787,0.003763576281246628,1.1534143433773771,0.03151142522771844,1.159853050682322,1.9276852981420234e-05,underdamped
840,1.8836143117635626,1.6082721948623657,2.7530527315098876,2.3776674270629883,0.2753421169011969,14.617754557375584,0.3753853044468993,13.635238444598283,4.9706803110893816e-05,overdamped
841,0.2432714045316593,0.2672199308872223,0.4357152083343361,0.43957066535949707,0.023948526355562993,9.844365556103137,0.003855457025160991,0.8848571157063204,5.1865958084817976e-05,underdamped
842,1.0668880987059153,1.1127710342407227,2.1232476202549173,2.227695941925049,0.04588293553480738,4.300632427192806,0.10444832167013152,4.919271811433442,3.0708556550962385e-06,overdamped
843,1.2002071693478142,1.8314090967178345,1.9242445951872313,2.944030523300171,0.6312019273700202,52.59108123083549,1.0197859281129396,52.99668922877827,0.0003475226985756308,overdamped
844,1.0,2.5922248363494873,1.1156571555731927,0.4537699520587921,1.5922248363494873,159.22248363494873,0.6618872035144006,59.327114984024085,0.0025695033837109804,critically_damped
845,0.7953312876180053,0.8050490021705627,3.7710542291055003,3.8685452938079834,0.009717714552557433,1.2218448719227069,0.09749106470248314,2.5852469569393643,2.6843787054531276e-05,underdamped
846,1.1835532230297263,1.2735272645950317,1.793608800114285,1.9542418718338013,0.08997404156530542,7.602027506205829,0.16063307171951635,8.955858808748102,1.7580405256012455e-05,overdamped
847,1.8929529003713432,1.3874540328979492,3.073857351463703,2.2631821632385254,0.505498867473394,26.70424960780744,0.8106751882251775,26.373220860075108,0.0001609091996215284,overdamped
848,1.9046262088462185,1.7201555967330933,2.4743794087201105,2.244042158126831,0.1844706121131252,9.685397127075843,0.23033725059327947,9.308889727320475,2.0850660803262144e-05,overdamped
849,1.0,1.0808300971984863,3.7582960679929127,4.163673400878906,0.08083009719848633,8.083009719848633,0.40537733288599354,10.786200063862504,6.672022209386341e-06,critically_damped
850,1.452512705676908,1.6271672248840332,2.2880531666986568,2.578113555908203,0.17465451920712516,12.024302336531486,0.29006038920954635,12.6771699815028,6.327069968392607e-06,overdamped
851,1.4989707237050824,1.7778609991073608,0.6049057741619812,0.7008287906646729,0.2788902754022784,18.605451793810293,0.09592301650269164,15.85751378147788,9.044118087331299e-06,overdamped
852,0.8026745915786152,0.8767262101173401,1.914040257735247,2.136110782623291,0.07405161853872488,9.225608897509515,0.2220705248880439,11.602186735131934,5.28046912222635e-05,underdamped
853,0.5295012545524779,0.5275526642799377,0.7481015083076918,0.7454530000686646,0.0019485902725401294,0.36800484527407445,0.002648508239027292,0.35403059740095705,1.465176228521159e-05,underdamped
854,0.03483767462668286,0.5943100452423096,3.1964265232168256,1.8057613372802734,0.5594723706156267,1605.9406278142224,1.3906651859365522,43.5068716842273,0.007873850874602795,underdamped
855,0.7853532419748549,0.7639549374580383,3.7308080043060823,3.585204601287842,0.02139830451681657,2.7246725897518727,0.14560340301824048,3.902731066572862,2.3131882699090056e-05,underdamped
856,1.8827928651553336,2.4667582511901855,0.42668273445953964,0.5327255725860596,0.5839653860348519,31.015912416189966,0.10604283812651993,24.852854255009817,1.6735741155571304e-05,overdamped
857,1.0,4.435857772827148,0.7919954525828115,3.6172938346862793,3.4358577728271484,343.58577728271484,2.825298382103468,356.7316419418524,0.003387247445061803,critically_damped
858,1.6028217149620136,2.4103505611419678,1.631764898119636,2.456800937652588,0.8075288461799541,50.38170113630463,0.8250360395329519,50.56096258006788,0.00011649350199149922,overdamped
859,1.0,1.2678061723709106,2.507506032716947,3.279334783554077,0.26780617237091064,26.780617237091064,0.77182875083713,30.780733556235308,0.0001590995816513896,critically_damped
860,0.34045630947457006,0.17468780279159546,3.7114881937134307,0.34356796741485596,0.1657685066829746,48.69009681119053,3.367920226298575,90.74312110175114,0.00040629415889270604,underdamped
861,1.4044491829716432,5.236017227172852,0.4414862120515211,1.4300938844680786,3.8315680442012083,272.8164244500522,0.9886076724165576,223.92719080005782,0.0008873927290551364,overdamped
862,1.615612383709725,2.2462451457977295,0.7262917661844419,0.9773291349411011,0.6306327620880046,39.03366726120054,0.25103736875665916,34.56425921988329,8.091510972008109e-05,overdamped
863,0.5194356844359648,0.5285015106201172,3.2535501623654577,3.406642198562622,0.009065826184152415,1.7453221747744663,0.15309203619716438,4.705384228219814,3.300688695162535e-05,underdamped
864,0.5538795992972056,0.5616883635520935,1.9078839463532988,1.9258373975753784,0.007808764254887857,1.4098306319272396,0.017953451222079586,0.941013799942892,2.395919909758959e-05,underdamped
865,1.741975278640569,2.7414536476135254,1.74485588874152,2.766890048980713,0.9994783689729565,57.37615115599951,1.022034160239193,58.574130209477445,9.276269702240825e-05,overdamped
866,0.5764906898147288,0.5874500274658203,3.4256769121885435,2.9428088665008545,0.010959337651091472,1.9010433029913385,0.48286804568768904,14.09555127541791,0.00014288918464444578,underdamped
867,1.1970210904049656,1.2575106620788574,1.77095390126514,1.8812358379364014,0.060489571673891795,5.05334218074867,0.1102819366712613,6.227261849813127,8.592223821324296e-06,overdamped
868,0.33285691063261114,1.6207654476165771,1.1489132709442076,3.9696767330169678,1.287908536983966,386.92558148672106,2.82076346207276,245.51578725821327,0.03906404227018356,underdamped
869,1.9509704828750265,4.342961311340332,1.2588912214848114,2.790296792984009,2.3919908284653055,122.60517775442578,1.5314055714991974,121.64717215939964,0.0001759909646352753,overdamped
870,0.5824732323899731,0.5842309594154358,3.62719652955446,3.292269706726074,0.0017577270254627297,0.3017695797368264,0.3349268228283857,9.233765529366721,5.308015170157887e-05,underdamped
871,0.5421870048958711,0.553086519241333,2.5441967116451636,2.577880859375,0.01089951434546188,2.010286902312454,0.03368414772983641,1.323960037195988,2.4205461158999242e-05,underdamped
872,1.4115207992085657,1.1722121238708496,3.710616661308795,3.105440378189087,0.23930867533771605,16.95396025845992,0.6051762831197083,16.309318325171663,0.00011097983951913193,overdamped
873,0.8881813794162655,0.8012980818748474,3.441487286381225,3.069868326187134,0.0868832975414181,9.782157063292626,0.37161896019409113,10.798208137065473,0.00013732077786698937,underdamped
874,1.4454559492713515,1.5038621425628662,1.7417566320623314,1.8156914710998535,0.05840619329151475,4.040676114755145,0.07393483903752207,4.244843262056613,2.281896058775601e-06,overdamped
875,0.05096489535951307,1.462567687034607,0.9146796016816765,3.844789743423462,1.411602791675094,2769.7551063677506,2.9301101417417854,320.3427884862258,0.23191440105438232,underdamped
876,1.7301660449159695,2.965602159500122,1.4410760946082795,2.468334197998047,1.2354361145841526,71.40563867927227,1.0272581033897674,71.28409854505303,0.00017493760969955474,overdamped
877,1.6956231958937324,2.5287771224975586,0.8996276447239993,1.3192956447601318,0.8331539266038261,49.13555845552619,0.4196680000361326,46.64907781539821,9.587061504134908e-05,overdamped
878,1.9814013782996356,2.6792047023773193,1.0877753569125028,1.4574742317199707,0.6978033240776838,35.21766622957093,0.3696988748074679,33.986693342346534,5.083228461444378e-05,overdamped
879,0.7144020892637954,0.660994291305542,3.325812433059398,2.0404610633850098,0.053407797958253456,7.475873707661071,1.2853513696743883,38.647740831613895,6.660762301180512e-05,underdamped
880,0.12986398323177328,0.1364583820104599,2.7972085956987316,2.7910871505737305,0.0065943987786866165,5.077927393400014,0.006121445125001124,0.2188412095692138,0.00017546523304190487,underdamped
881,0.12835651129623227,0.13180910050868988,0.9550403642544103,0.9405807852745056,0.003452589212457613,2.6898434505511206,0.014459578979904686,1.5140280475153658,8.515059744240716e-05,underdamped
882,1.373713826400385,1.4690067768096924,3.0129358785655227,3.3079049587249756,0.09529295040930741,6.936885148707324,0.2949690801594529,9.790088207913985,1.399775896970823e-06,overdamped
883,0.37037771784355394,1.3449198007583618,1.5138770982671024,4.135713577270508,0.9745420829148079,263.1211425430432,2.6218364790034054,173.18687771976712,0.023481668904423714,underdamped
884,0.8336642932486455,2.8251566886901855,0.7597765788746917,2.791302442550659,1.99149239544154,238.8842141338498,2.0315258636759674,267.3846391375829,0.002769778948277235,underdamped
885,0.3321926071664264,0.3484681248664856,3.0089299210974705,2.9384584426879883,0.016275517700059194,4.89942200667496,0.0704714784094822,2.34207775712432,6.569064862560481e-05,underdamped
886,0.1426070890505198,0.1542540192604065,2.8697257862899055,2.853105306625366,0.011646930209886691,8.167146729823974,0.01662047966453928,0.5791661260439412,0.00032064662082120776,underdamped
887,1.7770306555800603,1.7206138372421265,1.8750836029647622,1.8222148418426514,0.05641681833793388,3.174780252708597,0.05286876112211081,2.819541541428772,1.0021309435614967e-06,overdamped
888,1.8614907021818663,2.107816457748413,2.0374753686482223,2.3170382976531982,0.2463257555665468,13.232714795611209,0.2795629290049759,13.721045824983591,2.8938982268300606e-06,overdamped
889,1.9950020271364153,3.65950870513916,0.34539577475230954,0.5686119794845581,1.6645066780027449,83.43383391905338,0.22321620473224857,64.62621173994428,4.5977205445524305e-05,overdamped
890,1.490487317352165,2.027578592300415,2.1383125367408105,2.9302690029144287,0.5370912749482499,36.034608862179844,0.7919564661736183,37.03651606423767,7.302446465473622e-05,overdamped
891,1.9457153551543902,2.6428165435791016,1.4063776480985772,1.9172337055206299,0.6971011884247114,35.8275010051199,0.5108560574220526,36.32424463747203,4.970685040461831e-05,overdamped
892,1.1226040552296597,6.474863052368164,0.4548521772637275,2.224748134613037,5.352258997138504,476.77174977276843,1.7698959573493096,389.11454002408954,0.001968391239643097,overdamped
893,0.8143492214747032,1.0115422010421753,2.0834844304225903,2.792975425720215,0.19719297956747206,24.214793158440763,0.7094909952976245,34.053098018770385,0.00021440887940116227,underdamped
894,1.6382597351710788,4.888327121734619,0.30323899571723084,0.761080265045166,3.2500673865635403,198.38535470226552,0.4578412693279352,150.98363858020105,0.00020992383360862732,overdamped
895,1.3533443674710726,1.4775786399841309,1.6084500424455863,1.7721498012542725,0.1242342725130583,9.17979750750422,0.16369975880868615,10.17748481387628,1.4100510270509403e-05,overdamped
896,0.16287328049119412,0.16849754750728607,1.5835185130031206,1.5536001920700073,0.0056242670160919495,3.453155114902981,0.029918320933113307,1.889357193328522,0.0001505520340288058,underdamped
897,0.40028689779124843,-0.1641494631767273,3.589104475535853,0.41082829236984253,0.5644363609679757,141.00795306628598,3.1782761831660107,88.55345963958027,0.00043945678044110537,underdamped
898,1.4476182849080041,1.1931331157684326,3.717013571948667,3.0727243423461914,0.25448516913957153,17.57957686723638,0.6442892296024758,17.33351835098905,0.00010968197602778673,overdamped
899,1.456939651895439,1.326650619506836,3.0024162241847776,2.7744319438934326,0.130289032388603,8.942651277223494,0.227984280291345,7.593360256146623,2.697765921766404e-05,overdamped
900,0.10174848632112372,0.10775106400251389,0.7044896953772047,0.40078073740005493,0.006002577681390162,5.899427007145543,0.3037089579771498,43.11048975876574,0.0043695843778550625,underdamped
901,0.584159148355896,0.609483003616333,2.169223716404726,2.202598810195923,0.02532385526043701,4.335095210219764,0.033375093791196964,1.5385731558620834,2.0326750018284656e-05,underdamped
902,1.821035176013182,2.1127660274505615,2.239329097421577,2.6164562702178955,0.29173085143737953,16.020055805625347,0.37712717279631836,16.84107857262037,4.839813300350215e-06,overdamped
903,1.0,3.6046929359436035,0.8726474561611983,2.8995065689086914,2.6046929359436035,260.46929359436035,2.026859112747493,232.2655155225806,0.0014283759519457817,critically_damped
904,0.48722493945902096,4.425808429718018,0.37832021810755156,0.1545589417219162,3.9385834902589965,808.3706664589281,0.22376127638563537,59.14600004856809,0.01041475497186184,underdamped
905,0.862984745165434,1.1655160188674927,2.6696618588910557,3.828855276107788,0.3025312737020587,35.05638719535691,1.1591934172167324,43.42098282432843,0.000254724727710709,underdamped
906,0.9449159585011004,1.8928289413452148,0.952367966027623,0.26134157180786133,0.9479129828441144,100.31717364026407,0.6910263942197616,72.55876078046485,0.001302151009440422,underdamped
907,1.6314303001802075,1.5411523580551147,2.445161562776606,2.3167362213134766,0.09027794212509277,5.533668347040059,0.12842534146312934,5.252223142150812,8.583389899285976e-06,overdamped
908,1.3149632029446545,1.1679089069366455,2.545341594100718,2.2878732681274414,0.147054296008009,11.183149131375227,0.2574683259732766,10.11527594449426,7.728605123702437e-05,overdamped
909,0.05785804726269536,0.07575252652168274,3.616705520053866,3.6035356521606445,0.017894479258987378,30.928246122341996,0.013169867893221276,0.36413990080743786,0.001377778360620141,underdamped
910,1.7060882523692542,3.2241878509521484,1.1841772086668212,2.221376895904541,1.5180995985828942,88.98130542043772,1.0371996872377198,87.58821565274233,0.00019654654897749424,overdamped
911,1.081635857940684,1.4934184551239014,0.4032535351615409,0.4954068958759308,0.4117825971832174,38.070353729508035,0.0921533607143899,22.852461957332583,2.3058242732076906e-05,overdamped
912,1.888558343828321,1.7986397743225098,3.9696232615406752,3.7923741340637207,0.08991856950581134,4.761228044643633,0.17724912747695454,4.465137263634466,1.317495116381906e-05,overdamped
913,1.153975041942328,1.0539731979370117,2.6776368776829433,2.433180332183838,0.10000184400531631,8.665858477926603,0.24445654549910545,9.12956299401742,3.930482125724666e-05,overdamped
914,1.407356713289125,1.2254602909088135,2.502903491282828,2.200748920440674,0.18189642238031145,12.924685025675005,0.30215457084215425,12.072162266523874,6.321667751763016e-05,overdamped
915,0.03305954623425947,0.04425045847892761,0.985415358134218,0.9346318244934082,0.011190912244668144,33.850773889543134,0.050783533640809786,5.15351554261983,0.00021874964295420796,underdamped
916,0.20461995141799746,0.21171705424785614,2.060503344601271,2.048572301864624,0.007097102829858676,3.468431490026464,0.011931042736646802,0.5790353491979207,0.00015925179468467832,underdamped
917,1.3409528219407112,1.125287413597107,3.384621352660382,2.8893792629241943,0.21566540834360426,16.08299746380933,0.49524208973618755,14.632126850671703,0.00013299757847562432,overdamped
918,0.13659170332953202,0.15481223165988922,0.47438054702590937,0.48119834065437317,0.0182205283303572,13.33941073009359,0.0068177936284637974,1.4371992425084472,1.2765340215992182e-05,underdamped
919,1.64457002774573,1.6203542947769165,2.0341866011305365,2.01564359664917,0.02421573296881352,1.472465906605806,0.018543004481366587,0.9115685095487784,6.153910362627357e-06,overdamped
920,1.7550747784702154,1.3532490730285645,3.3548120297318516,2.616929054260254,0.40182570544165097,22.895076060058038,0.7378829754715976,21.994763609172352,0.00011850933515233919,overdamped
921,0.5012960201975986,0.2478165626525879,3.909636755046993,2.497718095779419,0.25347945754501067,50.56482543888844,1.4119186592675739,36.11380667129529,0.00035920305526815355,underdamped
922,1.8665473746521695,3.1100146770477295,0.389251036224107,0.5992491841316223,1.24346730239556,66.6185771270488,0.2099981479075153,53.949284231734495,5.8889530919259414e-05,overdamped
923,1.0,0.9840108752250671,3.9147028868523006,3.869784355163574,0.01598912477493286,1.5989124774932861,0.04491853168872639,1.1474314395502971,3.1305666198022664e-05,critically_damped
924,0.4856730270717346,0.4598398804664612,0.5630011877452303,0.5299620628356934,0.025833146605273416,5.3190408289768625,0.03303912490953698,5.868393465004173,6.314418715192005e-05,underdamped
925,1.7421850552206017,1.295897364616394,2.99399281683841,2.2412731647491455,0.4462876906042077,25.616549129891208,0.7527196520892643,25.14099726144699,0.00014721346087753773,overdamped
926,1.0,2.8242900371551514,0.3639734058327562,3.44608473777771,1.8242900371551514,182.42900371551514,3.0821113319449536,846.7957500612467,0.16813704371452332,critically_damped
927,1.3969050342098528,1.1370676755905151,3.9842288444576557,3.2639548778533936,0.25983735861933765,18.6009322220184,0.7202739666042621,18.078127404910845,0.00011385791003704071,overdamped
928,0.218577873799682,0.22366681694984436,2.002963016272127,2.0057828426361084,0.005088943150162367,2.3282059897911638,0.0028198263639813703,0.14078274741335825,5.6467422837158665e-05,underdamped
929,1.0302033562165378,1.121409296989441,1.6975996371123616,1.8622559309005737,0.09120594077290312,8.853197790760506,0.16465629378821212,9.69935962452811,2.904977554862853e-05,overdamped
930,1.9545137434994404,3.6697301864624023,0.3824875622721978,0.6566122770309448,1.715216442962962,87.75668365943383,0.274124714758747,71.66892254751693,0.00010163435217691585,overdamped
931,1.9945675395867597,2.181410789489746,1.7413299134284128,1.8945204019546509,0.1868432499029864,9.367607072443239,0.15319048852623807,8.797327108717116,2.470905201334972e-06,overdamped
932,0.4139139737673794,0.431784451007843,3.5104951362567003,3.6741316318511963,0.017870477240463645,4.317437528820154,0.163636495594496,4.6613508705493985,6.352448690449819e-05,underdamped
933,1.0,1.1252634525299072,1.3284109716877774,1.5248366594314575,0.12526345252990723,12.526345252990723,0.19642568774368008,14.78651501154922,1.8633440049597993e-05,critically_damped
934,1.8060020101038115,3.2854833602905273,2.1121505595766368,3.867562770843506,1.479481350186716,81.92024936349176,1.755412211266869,83.11018375596895,6.612380821024999e-05,overdamped
935,0.3334759880190865,0.3382534682750702,1.2236708631401583,1.217462182044983,0.004777480255983679,1.4326309622359497,0.006208681095175361,0.5073816237842564,3.618107075453736e-05,underdamped
936,1.6758402433148332,2.8318631649017334,1.2212681756134367,2.042768955230713,1.1560229215869002,68.98169000287714,0.8215007796172762,67.26620704782064,0.00016854153363965452,overdamped
937,1.9619862736104279,2.0667333602905273,2.428274948870677,2.5725369453430176,0.10474708668009947,5.338828721127845,0.1442619964723404,5.9409251221503,1.1842842013720656e-06,overdamped
938,1.377258299854746,1.3998736143112183,2.6072028717573827,2.679736852645874,0.022615314456472246,1.6420532342304557,0.07253398088849128,2.7820612532387945,3.628109425335424e-06,overdamped
939,1.0,1.5227710008621216,2.6562723938014425,4.280837059020996,0.5227710008621216,52.27710008621216,1.6245646652195536,61.159565901846676,0.00028620788361877203,critically_damped
940,0.575203818530339,0.5940647125244141,3.713624601965519,3.196258306503296,0.01886089399407509,3.278993182323646,0.5173662954622231,13.931572275463584,0.00016967442934401333,underdamped
941,0.4780106406114799,2.3424360752105713,0.6484315825037903,0.45919424295425415,1.8644254345990914,390.0384795229839,0.18923733954953614,29.183856039034,0.023278402164578438,underdamped
942,0.19226141721903311,0.19615544378757477,1.5420996436319896,1.535754919052124,0.003894026568541653,2.0253811840497344,0.006344724579865568,0.4114341512278884,0.0001474624586990103,underdamped
943,0.9225439458420067,0.961661696434021,0.6297124689707134,0.6569697260856628,0.03911775059201428,4.240204574353525,0.027257257114949418,4.328524280216706,1.8806516891345382e-05,underdamped
944,1.0,1.6119866371154785,1.9297988269489306,3.143078327178955,0.6119866371154785,61.19866371154785,1.2132795002300245,62.870776128942694,0.0007376576540991664,critically_damped
945,1.504783810820527,1.8991297483444214,1.3976919673582477,1.756568193435669,0.39434593752389446,26.20615231824337,0.3588762260774212,25.676346037512587,8.052578050410375e-05,overdamped
946,1.3814809363151805,1.4128652811050415,2.8569429927137464,2.979193925857544,0.03138434478986096,2.2717899295499744,0.12225093314379754,4.279081992730772,2.9457942218868993e-06,overdamped
947,0.08832612485670283,0.09579344093799591,3.1763371193579544,3.17230224609375,0.007467316081293085,8.454255287897883,0.004034873264204375,0.12702912545441525,0.00016173171752598137,underdamped
948,1.884162464491605,3.255474090576172,0.677063469786134,1.1314796209335327,1.3713116260845668,72.78096511993628,0.45441615114739875,67.11573898543611,0.00011321438068989664,overdamped
949,1.5198673825612574,2.1837430000305176,1.5876867129985466,2.2935166358947754,0.6638756174692602,43.67983845738613,0.7058299228962288,44.45649869823373,0.0001447322138119489,overdamped
950,1.330219105630088,5.276153564453125,0.546477842477737,1.962611198425293,3.9459344588230367,296.6379329632284,1.416133355947556,259.13829360890287,0.0011712441919371486,overdamped
951,1.5867531290165884,1.2774564027786255,2.939188461349459,2.3890371322631836,0.3092967262379629,19.492428947006626,0.5501513290862756,18.717796981064854,0.00011599429853959009,overdamped
952,0.5163569964985155,0.5491179823875427,2.073135827404949,2.0857179164886475,0.032760985889027205,6.344638711430996,0.012582089083698289,0.6069109856370549,1.3095777831040323e-05,underdamped
953,0.24110000559648212,0.24807393550872803,1.2106019913990271,1.1953752040863037,0.0069739299122459075,2.8925465575964564,0.015226787312723422,1.2577864088201811,2.676687108760234e-05,underdamped
954,0.09174934589929709,0.9246091842651367,3.5527295573589526,1.155668020248413,0.8328598383658397,907.7556141707822,2.3970615371105395,67.47098247727249,0.004034447018057108,underdamped
955,0.4106335157180838,0.41450974345207214,2.8054724558026636,2.849231243133545,0.0038762277339883244,0.9439628246637102,0.043758787330881344,1.5597653521913362,3.1413830583915114e-05,underdamped
956,0.9459370622548829,0.8718949556350708,3.426782565931395,3.227165699005127,0.07404210661981214,7.82738192362543,0.1996168669262679,5.825197925039995,7.241011189762503e-05,underdamped
957,1.0,0.9559662342071533,1.6612963327103882,1.5942505598068237,0.04403376579284668,4.403376579284668,0.0670457729035645,4.03575037056634,1.956583400897216e-05,critically_damped
958,0.7022842379402661,0.699070155620575,1.3921521838173132,1.4027904272079468,0.003214082319691114,0.4576611784877469,0.010638243390633573,0.7641580794323265,1.297450580750592e-05,underdamped
959,1.1451595194483097,1.1192952394485474,2.943043800744982,2.9040231704711914,0.025864279999762374,2.2585744222099913,0.03902063027379077,1.3258596512873289,5.0997655307583045e-06,overdamped
960,0.562163579690715,0.5613163709640503,2.7318611790212772,2.7848429679870605,0.0008472087266646611,0.15070501848070078,0.052981788965783316,1.939402681682555,5.084606527816504e-06,underdamped
961,1.1510662155154172,1.0434794425964355,3.3187349338143024,3.0243184566497803,0.10758677291898167,9.346705816642107,0.29441647716452213,8.871346553312776,8.195164264179766e-05,overdamped
962,0.2484287765027313,0.9182089567184448,3.2378889445378194,0.8342058062553406,0.6697801802157135,269.60652048630516,2.403683138282479,74.2361204925632,0.0004870682896580547,underdamped
963,0.3759068103257267,2.188598155975342,0.38408425463856166,0.0016598909860476851,1.8126913456496152,482.2182774711907,0.382424363652514,99.56783154581285,5.696047082892619e-05,underdamped
964,0.30486138642712496,0.3084380328655243,1.5427360815249693,1.5487632751464844,0.0035766464383993335,1.1732041503571349,0.006027193621515048,0.3906820935669869,8.533171785529703e-05,underdamped
965,1.977147288711439,3.322479486465454,1.4556072368173585,2.447986364364624,1.3453321977540151,68.04410604284342,0.9923791275472655,68.17629800447219,6.817602115916088e-05,overdamped
966,1.118683524798139,1.0940459966659546,2.4316136675240525,2.428541660308838,0.02463752813218445,2.2023680143702995,0.0030720072152146116,0.12633615513202098,8.543544936401304e-06,overdamped
967,1.5913414497347935,2.0067739486694336,0.9328111605565097,1.1626158952713013,0.41543249893464007,26.105805200001193,0.22980473471479157,24.63571882841661,6.623280205531046e-05,overdamped
968,1.4605743258752968,2.592761993408203,2.116336980690098,3.7920761108398438,1.1321876675329063,77.51660750673581,1.6757391301497457,79.18111082684565,0.00019672747293952852,overdamped
969,0.348882599145297,0.35251715779304504,2.1037768015386007,2.095100164413452,0.003634558647748032,1.041771259630627,0.008676637125148545,0.4124314479940491,4.161844844929874e-05,underdamped
970,0.25091479354397134,0.6337356567382812,3.9958395145942838,0.4768708646297455,0.3828208631943099,152.57006483646123,3.5189686499645383,88.0658153840254,0.001938159461133182,underdamped
971,1.4527157359818927,2.4599900245666504,1.6136676946883999,2.737344264984131,1.0072742885847576,69.33732895127893,1.123676570295731,69.63494243545067,0.0002514854713808745,overdamped
972,1.241106785555936,1.0559003353118896,3.8852373943755083,3.316418409347534,0.18520645024404625,14.922684526383092,0.5688189850279741,14.640520701551699,0.00011180028377566487,overdamped
973,1.3071390482048795,1.6411932706832886,0.5932137625462779,0.7150377631187439,0.3340542224784091,25.556135205139235,0.121824000572466,20.536273475779694,5.033006164012477e-05,overdamped
974,0.2832594066908242,0.9598054885864258,3.8420962850697773,1.5694167613983154,0.6765460818956015,238.8432884892847,2.272679523671462,59.152071032238254,0.0001871513231890276,underdamped
975,1.2822980503213242,1.0728330612182617,2.823946891764641,2.371598720550537,0.20946498910306244,16.335124977424222,0.452348171214104,16.018295971969877,0.0001596552465343848,overdamped
976,1.8402740774875324,2.2808382511138916,0.5481768002986231,0.6531726717948914,0.44056417362635925,23.940139081231177,0.10499587149626821,19.153651055475347,2.292335375386756e-05,overdamped
977,1.0,1.2575628757476807,3.3117328873705247,4.445472717285156,0.25756287574768066,25.756287574768066,1.1337398299146315,34.23403603105222,0.00010538048081798479,critically_damped
978,0.8744744089120067,0.833629846572876,1.4235213476519162,1.383360505104065,0.0408445623391307,4.6707555902005415,0.04016084254785124,2.8212321939601495,2.1325768102542497e-05,underdamped
979,0.49512682533132296,0.4978782534599304,2.160824799450354,2.2074623107910156,0.0027514281286074582,0.5557016885050191,0.04663751134066141,2.1583198856531323,3.5066812415607274e-05,underdamped
980,1.5754133426625752,1.4251277446746826,3.4040237137396003,3.1375885009765625,0.15028559798789254,9.5394392010098,0.26643521276303783,7.827066882279055,4.658281250158325e-05,overdamped
981,1.0,3.181880474090576,0.4544118416814331,3.115236520767212,2.181880474090576,218.18804740905762,2.6608246790857786,585.5535518704986,0.07873541116714478,critically_damped
982,0.8095269263988694,6.139665603637695,0.34695696001800874,1.8465944528579712,5.330138677238826,658.4263603126358,1.4996374928399625,432.2257990622595,0.0032509146258234978,underdamped
983,0.212219095801252,0.22001411020755768,1.514045656710039,1.523579716682434,0.0077950144063056725,3.6730975489622666,0.009534059972394981,0.629707560676348,0.00011551079660421237,underdamped
984,1.181413870508403,1.40506911277771,2.2527853381736684,2.6913068294525146,0.223655242269307,18.93115087374592,0.4385214912788462,19.46574686225343,5.525525557459332e-05,overdamped
985,0.07965168997559349,0.0799800381064415,1.859095468991838,1.8452540636062622,0.0003283481308480052,0.4122299614089998,0.013841405385575767,0.744523646926092,0.00011080383410444483,underdamped
986,0.5390836208525406,0.535664439201355,0.6383211502020527,0.6335164904594421,0.003419181651185599,0.6342581222887631,0.004804659742610573,0.7527025762956024,1.4617272427130956e-05,underdamped
987,1.721265610113692,1.4640659093856812,2.24557791628625,1.9243000745773315,0.2571997007280109,14.942476002354018,0.3212778417089184,14.307134006743777,2.768124068097677e-05,overdamped
988,1.9077302727166745,2.7398698329925537,1.792119526593818,2.604616403579712,0.8321395602758792,43.61935081581965,0.812496876985894,45.33720351399562,4.6447006752714515e-05,overdamped
989,0.08402062743884574,0.09573972225189209,2.5844070640961467,2.5797243118286133,0.011719094813046352,13.947878241656877,0.004682752267533452,0.18119251926635507,0.00031823976314626634,underdamped
990,1.4503202033253593,1.7404359579086304,2.7346853237310667,3.319267988204956,0.2901157545832711,20.003565689706363,0.5845826644738894,21.37659713170634,1.939398680406157e-05,overdamped
991,0.7048929516561623,0.7384093999862671,2.3528393995141452,2.572711706161499,0.03351644833010481,4.754828126931492,0.2198723066473538,9.344977251433177,3.3125423215096816e-05,underdamped
992,1.8756698184391356,2.0047309398651123,2.194624201054267,2.354517936706543,0.1290611214259767,6.880801735850113,0.15989373565227583,7.285700010756516,9.830987437453587e-07,overdamped
993,1.0,2.0290753841400146,1.3414585518277022,2.9912109375,1.0290753841400146,102.90753841400146,1.6497523856722978,122.98198728723695,0.0006299883825704455,critically_damped
994,0.5927797551937687,3.693732738494873,0.3608441948209055,1.7696784734725952,3.1009529833011045,523.1205951504637,1.4088342786516896,390.4273087588186,0.0032010881695896387,underdamped
995,1.3951094611023418,1.195395827293396,2.434315084363617,2.1215686798095703,0.1997136338089458,14.31526624807939,0.3127464045540469,12.847408561156149,0.00010709701746236533,overdamped
996,1.6798707725729234,2.000535488128662,1.6106466695514747,1.9207063913345337,0.3206647155557387,19.088653769754103,0.31005972178305896,19.25063563875266,1.777253237378318e-05,overdamped
997,1.6525803087469266,3.059122323989868,1.0974561553849564,2.0028481483459473,1.4065420152429415,85.11187067873608,0.9053919929609908,82.49914937543952,0.00023676003911532462,overdamped
998,1.0623336361413849,0.9820582866668701,3.2779714619878755,3.0365514755249023,0.08027534947451476,7.556510190724206,0.24141998646297314,7.364920325345594,4.407026062835939e-05,overdamped
999,1.2434671105833626,3.595730781555176,0.569987071452422,1.4905495643615723,2.352263670971813,189.16975374348803,0.9205624929091503,161.50585495972805,0.0011258156737312675,overdamped
1000,0.8599863151443987,0.8403488397598267,3.7893570470576727,3.7362728118896484,0.019637475384572056,2.283463706195693,0.053084235168024296,1.4008771015453054,2.7589110686676577e-05,underdamped
1001,0.0873606954317339,1.7682900428771973,0.8594964868619681,4.183924198150635,1.6809293474454634,1924.1254194902658,3.3244277112886667,386.78781846173587,0.1935022473335266,underdamped
1002,0.8760243654851263,2.5523080825805664,0.7117041485414384,0.5392259359359741,1.67628371709544,191.35126637341244,0.17247821260546425,24.234538039287802,0.004235240165144205,underdamped
1003,0.9125335397936605,0.9820639491081238,2.3441057267445986,2.613804817199707,0.0695304093144633,7.619490822242581,0.2696990904551084,11.505414938329418,2.2317070033750497e-05,underdamped
1004,1.0,1.5281245708465576,2.787772060973846,4.622215747833252,0.5281245708465576,52.81245708465576,1.834443686859406,65.80321657354527,0.0005577903939411044,critically_damped
1005,1.7377301936857315,1.4819750785827637,2.2305778380483097,1.925970196723938,0.2557551151029678,14.717768962770355,0.3046076413243717,13.65599694072521,4.4023610826116055e-05,overdamped
1006,1.4125154040487353,1.6133918762207031,2.4348376969545686,2.820061445236206,0.2008764721719678,14.221188073148763,0.3852237482816374,15.821331695474619,1.3416562069323845e-05,overdamped
1007,0.06349933510302218,0.0644732192158699,1.719207369075394,1.7162624597549438,0.0009738841128477255,1.533691827272967,0.0029449093204501064,0.1712945961855612,0.00011644575715763494,underdamped
1008,1.2178526958060023,1.4048939943313599,2.0260794947539313,2.3561203479766846,0.18704129852535756,15.358285872296683,0.3300408532227532,16.289630001059603,3.948279481846839e-05,overdamped
1009,1.0625425053113051,0.9487369060516357,3.1417585973223443,2.8122708797454834,0.11380559925966938,10.710686743428345,0.3294877175768609,10.487365829369462,9.449599019717425e-05,overdamped
1010,1.8731733480718966,1.9581899642944336,1.8438113178323594,1.938359260559082,0.08501661622253698,4.538641141250845,0.09454794272672262,5.127853474610192,1.4435140656132717e-06,overdamped
1011,1.2556742150546902,3.038102865219116,0.6162584562175917,1.3832076787948608,1.782428650164426,141.9499284762165,0.7669492225772692,124.4525271563123,0.0009802959393709898,overdamped
1012,0.1402017638848493,0.6593635678291321,3.3415812821624855,0.2977413535118103,0.5191618039442828,370.2961999612797,3.043839928650675,91.08980664031225,0.0010607297299429774,underdamped
1013,0.7783301060558199,0.8944349884986877,3.635547470381707,4.207981109619141,0.11610488244286787,14.91717736979599,0.5724336392374338,15.745459078748663,6.97667128406465e-05,underdamped
1014,0.06197055101860144,1.038663387298584,3.865127088331233,1.7094452381134033,0.9766928362799825,1576.0596286884922,2.15568185021783,55.77259947611566,0.03492537513375282,underdamped
1015,0.050744101019305425,0.05513116344809532,3.0012979020125146,2.990100860595703,0.0043870624287898966,8.645462902418654,0.011197041416811437,0.3730733096938922,8.348779374500737e-05,underdamped
1016,0.8235494464190236,2.4958982467651367,0.6094276667470498,0.0008092671632766724,1.672348800346113,203.0659856087401,0.6086183995837732,99.86720866028345,0.00012182621139800176,underdamped
1017,0.03019691299820309,0.03257294371724129,2.503302612835526,2.4981486797332764,0.0023760307190381982,7.868455690088544,0.005153933102249653,0.2058853402630264,0.00011871364404214546,underdamped
1018,0.6801689023633781,0.6733574271202087,0.7158612144507672,0.7119570970535278,0.006811475243169385,1.0014387925560253,0.0039041173972393928,0.5453735051471901,3.9871119952294976e-05,underdamped
1019,1.8492692528407368,1.6020934581756592,3.721488904383188,3.2769157886505127,0.24717579466507766,13.366133367836024,0.4445731157326751,11.946108860060143,5.249310561339371e-05,overdamped
1020,0.4648824778715839,0.47157540917396545,1.6353805973842048,0.9811736941337585,0.006692931302381577,1.4397039296951928,0.6542069032504463,40.003342603969486,0.0104395542293787,underdamped
1021,1.2667379125924083,1.8453614711761475,2.0338597950340844,2.9907898902893066,0.5786235585837392,45.67823800264829,0.9569300952552222,47.04995386563436,0.0002073895011562854,overdamped
1022,0.924628918084422,0.7961219549179077,3.5783478905393533,2.087092399597168,0.12850696316651433,13.898220210627372,1.4912554909421853,41.67441334826204,0.0002273230638820678,underdamped
1023,0.5140022382599904,0.521525502204895,3.459541434980273,3.178351640701294,0.007523263944904657,1.4636636545343742,0.28118979427897894,8.127949890577979,8.386304398300126e-05,underdamped
1024,1.7890253046027347,1.3196067810058594,3.8782124946934933,2.855370044708252,0.4694185235968753,26.23878613618117,1.0228424499852413,26.374069275079254,0.00014742001076228917,overdamped
1025,0.91357468738499,1.1017286777496338,3.189183074568359,4.021012306213379,0.18815399036464375,20.595359412071108,0.83182923164502,26.082831000776093,8.041461114771664e-05,underdamped
1026,1.103970957725645,3.342783212661743,0.30264760313419403,0.6848548054695129,2.2388122549360983,202.796299963217,0.3822072023353189,126.28786693739258,0.0005947173340246081,overdamped
1027,0.12353553604002482,0.13103120028972626,1.6136012806841364,1.594752311706543,0.007495664249701439,6.067617861206257,0.018848968977593472,1.1681305167037217,0.0002600759908091277,underdamped
1028,0.1284094098223859,0.13643571734428406,2.2652405988450646,2.2618045806884766,0.008026307521898146,6.250560245545884,0.0034360181565880055,0.1516844682344058,5.603178215096705e-05,underdamped
1029,1.659004544266741,2.1210052967071533,1.536297794394754,1.9772170782089233,0.4620007524404124,27.84807034055539,0.44091928381416934,28.700118259811447,5.4287225793814287e-05,overdamped
1030,0.21599005919569317,0.22388574481010437,2.7763004981467017,2.7586822509765625,0.007895685614411202,3.6555782445790643,0.017618247170139156,0.6345943885361143,8.762556535657495e-05,underdamped
1031,1.9497492616825003,1.2368303537368774,3.715201528779521,2.3735110759735107,0.7129189079456228,36.56464561655597,1.3416904528060103,36.113530919189955,0.00037926994264125824,overdamped
1032,0.8552167949202093,1.0290104150772095,2.473575195094789,3.0677132606506348,0.17379362015700017,20.321586431568488,0.5941380655558457,24.01940586783245,0.00013592431787401438,underdamped
1033,1.3142727552806455,1.1041113138198853,2.7677958559032465,2.36590576171875,0.2101614414607602,15.99070212909367,0.4018900941844965,14.520221689303133,0.0001098397551686503,overdamped
1034,0.4266918245578788,0.43147557973861694,1.3241501667032944,1.311948537826538,0.004783755180738147,1.1211265145974816,0.012201628876756354,0.9214686659848,6.267272692639381e-05,underdamped
1035,0.7763711554881565,1.1790428161621094,2.0789749237607125,3.329514741897583,0.4026716606739529,51.86587083091286,1.2505398181368705,60.15175093477011,0.0007606542203575373,underdamped
1036,0.2184974537626293,0.22772878408432007,1.7748177767557456,1.7590099573135376,0.009231330321690767,4.224914369812051,0.015807819442207993,0.8906728143721709,0.00010006362572312355,underdamped
1037,1.645961126644746,1.2119576930999756,3.3317419963318713,2.479816198348999,0.43400343354477044,26.367781505841297,0.8519257979828723,25.569981076590327,0.00020253151888027787,overdamped
1038,1.872660059240179,2.501244306564331,2.2537007105757065,3.0328893661499023,0.6285842473241521,33.566382976053674,0.7791886555741958,34.57374139865947,2.127464540535584e-05,overdamped
1039,0.7201187114024088,0.8586921095848083,3.615984431003875,4.340200424194336,0.13857339818239955,19.243132554149604,0.724215993190461,20.028183389866065,0.00016293121734634042,underdamped
1040,1.0,1.2122687101364136,2.1504017658678167,2.7050187587738037,0.21226871013641357,21.226871013641357,0.554616992905987,25.791319636596633,0.00010570235463092104,critically_damped
1041,1.3166943597770135,1.59019935131073,1.827527385038883,2.2201430797576904,0.27350499153371644,20.772094108463822,0.39261569471880753,21.483437016209425,6.708685396006331e-05,overdamped
1042,0.8772043709698218,0.9781235456466675,3.10093494159361,3.5587081909179688,0.10091917467684564,11.504636549550153,0.4577732493243589,14.762426750207904,3.99168384319637e-05,underdamped
1043,1.0,1.0487992763519287,3.8564307972643386,4.22576904296875,0.04879927635192871,4.879927635192871,0.3693382457044114,9.577204029342658,1.4719417777087074e-05,critically_damped
1044,1.5283482095671235,2.6729278564453125,0.4646453376046148,0.7484779953956604,1.144579646878189,74.8899785869066,0.2838326577910456,61.08587234605378,0.00012694652832578868,overdamped
1045,1.0509184440487442,1.0399678945541382,2.691988632631196,2.672116279602051,0.010950549494606054,1.04199803101925,0.019872353029145362,0.7382034525800275,6.272069185797591e-06,overdamped
1046,1.938807748180425,4.182870864868164,1.2045984980462143,2.5693464279174805,2.244063116687739,115.74448878666783,1.3647479298712661,113.29483907582522,0.00017372840375173837,overdamped
1047,1.9407390912430453,2.5690815448760986,0.526480723830742,0.6657871007919312,0.6283424536330533,32.3764516553639,0.1393063769611892,26.45991973791138,1.0569513506197836e-05,overdamped
1048,0.8751676460658838,0.9774983525276184,2.6500733976648725,3.099900960922241,0.10233070646173459,11.692697613050356,0.4498275632573687,16.974154891473457,3.97674557461869e-05,underdamped
1049,0.9353086984597376,1.144150733947754,2.5295998434318636,3.223346471786499,0.20884203548801628,22.32867456829349,0.6937466283546354,27.42515303975674,7.89686746429652e-05,underdamped
1050,0.1716045055121458,1.0077568292617798,3.6282732172775605,1.8677908182144165,0.836152323749634,487.2554606035405,1.760482399063144,48.521219148543196,0.0009334185742773116,underdamped
1051,0.16062995709135125,0.16846905648708344,1.4693027303752544,1.471312403678894,0.007839099395732185,4.880222554796576,0.0020096733036396586,0.13677734765567306,0.00016078019689302891,underdamped
1052,1.7763222106635768,1.756170392036438,2.703959534832719,2.7011897563934326,0.020151818627138773,1.1344686513608757,0.0027697784392861635,0.10243416750900144,6.740324351994786e-06,overdamped
1053,1.0,3.047476053237915,1.226902537140099,3.8892147541046143,2.047476053237915,204.7476053237915,2.6623122169645153,216.99459707454398,0.002215665066614747,critically_damped
1054,1.0,1.8140597343444824,1.8888758195706423,3.5963664054870605,0.8140597343444824,81.40597343444824,1.7074905859164182,90.39718589359387,0.0011299039470031857,critically_damped
1055,0.7489761261417349,0.8301808834075928,2.8085586551807555,3.2622947692871094,0.08120475726585785,10.842102228835369,0.45373611410635384,16.155479369084137,6.01080791966524e-05,underdamped
1056,1.0,2.5066123008728027,0.9899364371590655,2.414048433303833,1.5066123008728027,150.66123008728027,1.4241119961447675,143.85893302722602,0.0021932017989456654,critically_damped
1057,1.9468437461533052,1.936041235923767,2.4546019240787844,2.4533982276916504,0.010802510229538154,0.5548729964016077,0.0012036963871340234,0.04903835425720903,3.127265927105327e-06,overdamped
1058,1.9838623621466014,3.0164220333099365,0.4109644188193915,0.5822127461433411,1.0325596711633351,52.04794903443166,0.17124832732394957,41.66986714224739,2.667865737748798e-05,overdamped
1059,1.3252126140641516,1.1152377128601074,3.7904179886185747,3.2126402854919434,0.20997490120404416,15.844619872738367,0.5777777031266313,15.243113156953003,0.00013806982315145433,overdamped
1060,0.6234277966988091,1.487173318862915,1.3569504968340211,3.133837938308716,0.8637455221641059,138.54780405009745,1.7768874414746947,130.9471086543284,0.006127123720943928,underdamped
1061,0.18399676475151494,0.18420176208019257,1.3774076939529682,1.3686107397079468,0.0002049973286776252,0.11141355064284485,0.008796954245021471,0.6386601645715683,7.705012831138447e-05,underdamped
1062,0.027100505855153542,0.05360552668571472,0.8217420258970851,0.8212786316871643,0.02650502083056118,97.80267930135658,0.0004633942099208088,0.05639168927923911,0.00026741670444607735,underdamped
1063,0.17240048958882787,0.18377602100372314,1.5458262384425572,1.543717384338379,0.011375531414895279,6.598317349344959,0.0021088541041782705,0.13642245497805577,0.0001875579182524234,underdamped
1064,0.4840058716631941,0.4930080771446228,2.9260818046511097,3.0116093158721924,0.009002205481428716,1.8599372463177666,0.08552751122108271,2.9229364361971606,2.515478990972042e-05,underdamped
1065,0.7167737064106229,0.7430055141448975,1.3994764136247633,1.4624289274215698,0.02623180773427458,3.6597056364741976,0.06295251379680655,4.498290445192583,5.0396014557918534e-05,underdamped
1066,0.07074434154568848,0.26383817195892334,3.2806375796104246,2.6087286472320557,0.19309383041323486,272.9459716414633,0.6719089323783689,20.481047237718897,0.027295265346765518,underdamped
1067,0.8159713677259632,1.240267276763916,1.0883749720707432,1.7456380128860474,0.4242959090379528,51.998872242346714,0.6572630408153042,60.3893931486494,0.001144694397225976,underdamped
1068,0.3077028494905822,0.31864240765571594,1.9596995582937848,1.9460320472717285,0.010939558165133756,3.5552345983291196,0.013667511022056322,0.6974288974150691,5.744996451539919e-05,underdamped
1069,0.6020907679217148,0.5969740152359009,1.326432576449653,1.3404877185821533,0.005116752685813908,0.8498307827365988,0.014055142132500364,1.0596197938775407,1.9869363313773647e-05,underdamped
1070,1.3371993773121331,1.1512657403945923,3.8147112355362487,3.3140552043914795,0.18593363691754083,13.904705616247057,0.5006560311447692,13.124349399788581,0.00010156818461837247,overdamped
1071,0.8172837142846989,0.8340665102005005,0.47262245571668937,0.4745469391345978,0.016782795915801563,2.053484686219419,0.001924483417908407,0.40719254758856116,1.1216598977625836e-05,underdamped
1072,0.6979520620574895,0.6856986880302429,0.9738822878197031,0.9265420436859131,0.012253374027246577,1.755618285749442,0.04734024413379001,4.8609821459813025,2.5407634893781506e-05,underdamped
1073,1.8929368311161157,2.4827065467834473,1.7605258633266065,2.3189425468444824,0.5897697156673316,31.156333691261683,0.5584166835178759,31.718743538519682,1.4469541383732576e-05,overdamped
1074,0.7135244164030734,0.7028356194496155,1.9275461274117058,1.9548195600509644,0.010688796953457924,1.4980281974569136,0.02727343263925852,1.4149302188623147,2.1334559278329834e-05,underdamped
1075,0.8119727347281842,0.842453122138977,1.6720902234224162,1.7661080360412598,0.030480387410792842,3.7538683390639282,0.09401781261884357,5.622771504901746,1.5367944797617383e-05,underdamped
1076,1.0404816312378384,1.110426425933838,1.992087816730876,2.128002405166626,0.06994479469599946,6.722347862382505,0.13591458843575,6.82272073019317,1.914398671942763e-05,overdamped
1077,1.5760979021485637,1.2534352540969849,3.740342365063009,2.989773988723755,0.32266264805157885,20.472246528069075,0.7505683763392543,20.06683621665233,0.00012497066927608103,overdamped
1078,1.5711137770155286,2.0607376098632812,0.9685169053514169,1.2561287879943848,0.4896238328477527,31.164123185135388,0.2876118826429679,29.696113826594562,9.259186481358483e-05,overdamped
1079,1.061492488963,0.9748595952987671,3.225670473414344,2.9827957153320312,0.08663289366423288,8.16142314382901,0.24287475808231296,7.529434890639407,7.600584649480879e-05,overdamped
1080,1.3618333693233056,1.1417207717895508,2.7216295564730233,2.307795524597168,0.22011259753375478,16.162961085549597,0.4138340318758553,15.205376899718322,0.00010354125697631389,overdamped
1081,1.0,0.8131797313690186,3.4323330183158474,2.7257227897644043,0.18682026863098145,18.682026863098145,0.7066102285514431,20.5868785103538,0.00044990310561843216,critically_damped
1082,0.26137962636180917,0.2703380882740021,2.753868574344028,2.7447943687438965,0.008958461912192905,3.4273757434301118,0.009074205600131613,0.3295075765296131,3.98808297177311e-05,underdamped
1083,1.4399108707993207,1.5502641201019287,3.7013351431615296,4.084858417510986,0.11035324930260804,7.663894449338309,0.38352327434945677,10.361754867241414,1.0966709851345513e-06,overdamped
1084,1.0,2.1718263626098633,1.3922533475739804,3.3566741943359375,1.1718263626098633,117.18263626098633,1.964420846761957,141.0965073407786,0.0015639354242011905,critically_damped
1085,0.69633717979374,0.6665064692497253,3.6140904375133167,3.2392399311065674,0.02983071054401465,4.283946256158649,0.37485050640674933,10.371918270663588,3.108232340309769e-05,underdamped
1086,1.6875437068191705,1.2115710973739624,3.7650880071200596,2.6952641010284424,0.47597260944520814,28.20505374301462,1.0698239060916173,28.41431339900956,0.0002989189815707505,overdamped
1087,0.1914390429759419,0.19507382810115814,2.129354546783313,2.116453170776367,0.0036347851252162555,1.8986644880339476,0.012901376006945853,0.6058820043113619,4.152308247284964e-05,underdamped
1088,1.7060015292974953,1.3279706239700317,2.66147737093134,2.09545636177063,0.37803090532746353,22.158884317245057,0.5660210091607101,21.267173463234833,0.00012768639135174453,overdamped
1089,1.9663841679849128,2.3461856842041016,1.2522742245947103,1.4879847764968872,0.3798015162191888,19.314715934089175,0.23571055190217693,18.822598698656677,1.9338531274115667e-05,overdamped
1090,0.7183786670028008,0.8076943159103394,2.9273177957326477,3.4639570713043213,0.08931564890753851,12.432948389207985,0.5366392755716736,18.33211537039024,0.00011768443073378876,underdamped
1091,0.5909122296735837,0.5910912156105042,3.8499930830095157,3.632904052734375,0.0001789859369204505,0.030289766894708078,0.2170890302751407,5.638686241624194,2.0507095541688614e-05,underdamped
1092,1.6356019464553924,1.6760783195495605,3.1852919672006,3.312039613723755,0.04047637309416818,2.4747080536243473,0.12674764652315496,3.97915317742591,1.2780762972397497e-06,overdamped
1093,1.1515989362216956,1.1739555597305298,2.6697070823565197,2.7542269229888916,0.02235662350883416,1.9413549983108236,0.08451984063237195,3.1658844219631486,1.641919880057685e-06,overdamped
1094,1.0,2.2852485179901123,1.4927670993219393,3.5346288681030273,1.2852485179901123,128.52485179901123,2.041861768781088,136.78367976548816,0.0012845859164372087,critically_damped
1095,1.2256021418023497,3.668541431427002,0.6800576475293366,1.908454179763794,2.4429392896246522,199.3256380926446,1.2283965322344574,180.6312357043917,0.0014573527732864022,overdamped
1096,0.6991731562238839,0.7165130376815796,2.603568370540918,2.766489028930664,0.017339881457695716,2.4800553773181866,0.162920658389746,6.257590936853237,1.3868287169316318e-05,underdamped
1097,1.7056248374096774,3.741079092025757,0.9595447552237177,2.0530271530151367,2.0354542546160794,119.33774708084763,1.093482397791419,113.95845705357159,0.00031004645279608667,overdamped
1098,1.4356861247603248,1.2347954511642456,2.3650428539856296,2.060011863708496,0.20089067359607915,13.992659685947448,0.30503099027713354,12.897482587391076,7.444457878591493e-05,overdamped
1099,0.7631138017034,0.7596895694732666,1.1703160308501024,1.1765238046646118,0.0034242322301334394,0.44871842476049706,0.006207773814509432,0.530435681548358,3.026070771738887e-05,underdamped
1100,0.42715954691534336,0.4354972243309021,2.5813745501642154,2.5870625972747803,0.008337677415558742,1.9518883461151215,0.00568804711056492,0.22034954633774756,5.7378278143005446e-05,underdamped
1101,0.6360771251255274,0.6533852219581604,3.0435129461611288,3.076166868209839,0.017308096832633013,2.7210689001302044,0.03265392204871009,1.0729023541660119,8.470363354717847e-06,underdamped
1102,1.0,1.692894697189331,1.5984060352575304,2.917689085006714,0.692894697189331,69.2894697189331,1.3192830497491834,82.53741669191236,0.0003839432611130178,critically_damped
1103,1.145087064740231,1.0571538209915161,2.356084991912965,2.1939926147460938,0.0879332437487148,7.679175361976771,0.16209237716687142,6.87973386882213,4.395990981720388e-05,overdamped
1104,0.21773655177866147,0.2385452538728714,3.8332444223734714,3.799541711807251,0.02080870209420993,9.556825404015246,0.03370271056622043,0.8792215380138049,6.599060725420713e-05,underdamped
1105,1.724873413131887,1.7872583866119385,1.7337046334403639,1.8067266941070557,0.06238497348005145,3.616785614822471,0.07302206066669181,4.211908952552478,1.524359959148569e-06,overdamped
1106,1.8152567109127618,1.638013243675232,3.0192409802072007,2.753547191619873,0.17724346723752982,9.764099268825005,0.2656937885873276,8.80001928726782,1.9902192434528843e-05,overdamped
1107,0.24010474349236804,0.25761887431144714,3.400569883008884,3.362076997756958,0.0175141308190791,7.294371016720793,0.03849288525192618,1.1319539540786323,0.00010058646148536354,underdamped
1108,1.9859608405668507,8.734088897705078,0.5543307272215774,2.290691614151001,6.748128057138228,339.7915970594927,1.7363608869294236,313.2355472395389,0.00026814659941010177,overdamped
1109,1.8936560336191404,1.3152819871902466,3.844986072670116,2.6996004581451416,0.5783740464288938,30.54271927745557,1.1453856145249746,29.789070568195108,0.00018720084335654974,overdamped
1110,1.3220567176040365,1.104206919670105,3.447361394546185,2.919219493865967,0.21784979793393155,16.478097727058245,0.5281419006802182,15.320177963231599,0.00013891088019590825,overdamped
1111,0.7800977144809205,1.2407668828964233,1.421516739390971,0.3796504735946655,0.46066916841550287,59.052751964801445,1.0418662657963054,73.29257805593471,0.002074053045362234,underdamped
1112,1.4189092294378731,2.15816593170166,1.3964574744717684,2.1169607639312744,0.739256702263787,52.10035194123426,0.720503289459506,51.59507558452845,0.0002328587870579213,overdamped
1113,0.8324987099977565,1.0968098640441895,2.6527690046589645,3.5657031536102295,0.2643111540464329,31.749136770091233,0.912934148951265,34.41438539684047,0.00033638428431004286,underdamped
1114,1.0,1.931881308555603,1.4573981044483124,3.076659679412842,0.931881308555603,93.1881308555603,1.6192615749645294,111.10633189532584,0.00048482915735803545,critically_damped
1115,0.12724875952066078,0.13825686275959015,3.5463969796045727,3.529343366622925,0.011008103238929368,8.650853085245231,0.01705361298164787,0.4808715177608054,0.00016819369920995086,underdamped
1116,1.6288481296974795,1.899984359741211,1.7989507367708937,2.112447738647461,0.27113623004373144,16.645887673646325,0.31349700187656726,17.426658522027825,1.0578238288871944e-05,overdamped
1117,1.0974552132179696,1.1141520738601685,0.9358041127583292,0.9494401812553406,0.016696860642198885,1.521416130799559,0.013636068497011378,1.4571498790295319,1.5517522115260363e-05,overdamped
1118,0.8396564498670889,0.8488224744796753,1.0247047397188032,1.020603895187378,0.009166024612586421,1.0916398741458286,0.0041008445314252295,0.4001976737758208,1.3919380762672517e-05,underdamped
1119,0.2062101405361049,0.21253418922424316,2.9802711829273476,2.9612767696380615,0.006324048688138267,3.0667981078413566,0.018994413289286083,0.6373384206812003,9.900135773932561e-05,underdamped
1120,1.78272893027185,1.709180474281311,2.0279324365096962,1.961793303489685,0.07354845599053905,4.1256107275559595,0.06613913302001118,3.261407127243558,1.3063127880741376e-05,overdamped
1121,1.3702549350377917,3.96315598487854,0.7520774271748962,2.0790610313415527,2.5929010498407483,189.22763812335666,1.3269836041666565,176.44241885457697,0.0010392892872914672,overdamped
1122,1.0,1.8345645666122437,0.49260082026340724,4.606474876403809,0.8345645666122437,83.45645666122437,4.113874056140402,835.133415722004,0.23101238906383514,critically_damped
1123,1.8353820857726255,1.5166363716125488,3.473959439552117,2.9103336334228516,0.3187457141600767,17.36672252774533,0.5636258061292656,16.224305894657522,7.840462785679847e-05,overdamped
1124,0.10422718756705222,1.8588850498199463,0.652079651628166,3.2330729961395264,1.754657862252894,1683.4934369922187,2.58099334451136,395.8095208257035,0.20072555541992188,underdamped
1125,1.0,1.3405096530914307,2.8735250972889212,3.961390733718872,0.34050965309143066,34.050965309143066,1.0878656364299508,37.85822638042442,0.0002869039017241448,critically_damped
1126,0.453633508017042,0.5568932294845581,3.95877960316526,2.820749044418335,0.10325972146751611,22.762807341744445,1.1380305587469248,28.74700470410142,0.00011576661927392706,underdamped
1127,0.6809422540276885,0.6902229189872742,2.1441648024360918,2.1956138610839844,0.009280664959585683,1.3629151230800713,0.05144905864789262,2.399491801630117,1.1739397450583056e-05,underdamped
1128,0.16879495327729765,0.1786070466041565,1.7873398629921582,1.7899287939071655,0.00981209332685884,5.813025292728661,0.002588930915007337,0.14484827248653467,4.375011849333532e-05,underdamped
1129,0.4803905745232375,0.499255895614624,3.649687746222932,3.7883923053741455,0.0188653210913865,3.9270797746415704,0.1387045591512135,3.8004500328763484,3.2871554140001535e-05,underdamped
1130,0.25386073054203023,0.27073195576667786,1.325135296269153,1.3060475587844849,0.016871225224647624,6.645858612564874,0.019087737484668077,1.4404368775330771,7.30699030100368e-05,underdamped
1131,0.7620084713705048,0.9541393518447876,2.9657909391899784,4.111567497253418,0.19213088047428284,25.21374600058281,1.1457765580634396,38.63308579587124,0.00022818538127467036,underdamped
1132,1.8105117416374128,1.7316075563430786,2.6920678868915773,2.604454517364502,0.07890418529433418,4.358115083140739,0.08761336952707532,3.2545007484279664,8.038095984375104e-06,overdamped
1133,1.4488800734246001,1.4137943983078003,2.6091940528220827,2.585009813308716,0.03508567511679983,2.421572065234541,0.0241842395133669,0.9268854298977659,3.7134589092602255e-06,overdamped
1134,0.5375895827290462,0.529007077217102,0.6641821344991378,0.6517098546028137,0.008582505511944172,1.5964791334637696,0.012472279896324046,1.8778403164561839,6.427583139156923e-05,underdamped
1135,0.7254487950391498,0.7646775841712952,3.630316366987429,4.030949592590332,0.039228789132145336,5.407520062119381,0.40063322560290304,11.035766173055693,3.3802123653003946e-05,underdamped
1136,0.7563055069040566,3.6752631664276123,0.5272803824731327,2.1938936710357666,2.9189576595235556,385.9495445791919,1.666613288562634,316.07724162723906,0.006037009879946709,underdamped
1137,0.4399949360484532,0.4624151587486267,3.4892413438254763,3.2761003971099854,0.02242022270017352,5.095563803876269,0.213140946715491,6.108518319968406,6.520075839944184e-05,underdamped
1138,0.53098211189249,0.5426501631736755,0.831890867571434,0.8449623584747314,0.011668051281185532,2.1974471493209187,0.0130714909032974,1.5712987619947587,5.0153201300418004e-05,underdamped
1139,0.37678992237801207,0.38537999987602234,3.463663208835644,3.5294761657714844,0.008590077498010273,2.2798055329601765,0.06581295693584055,1.9000968907125482,1.999992127821315e-05,underdamped
1140,1.4123840344737377,1.8333628177642822,0.5319489182814471,0.6551109552383423,0.4209787832905445,29.806254744829623,0.1231620369568952,23.152981935707558,3.8148180465213954e-05,overdamped
1141,1.7636319141864507,1.9654523134231567,2.408885395070781,2.711517333984375,0.20182039923670603,11.443453569494071,0.30263193891359386,12.563152216907417,2.3847569536883384e-06,overdamped
1142,1.6293042306800571,2.2082345485687256,1.4746441899315197,2.0127172470092773,0.5789303178886684,35.53236448953601,0.5380730570777577,36.488331270117776,6.574463623110205e-05,overdamped
1143,1.4168512169620378,1.5305968523025513,2.715413386467185,2.9759347438812256,0.11374563534051352,8.028057849602789,0.26052135741404037,9.59416929710966,2.55853569797182e-06,overdamped
1144,1.2771646885500836,1.5062493085861206,1.8562950177529247,2.20552659034729,0.22908462003603702,17.93696788595902,0.3492315725943653,18.813365831101343,4.4769411033485085e-05,overdamped
1145,1.0,1.8030660152435303,2.015355114105471,3.7988314628601074,0.8030660152435303,80.30660152435303,1.7834763487546366,88.4943966585385,0.0007072455482557416,critically_damped
1146,1.9696483387917572,1.7506765127182007,2.337448451493201,2.074986696243286,0.21897182607355647,11.11730565101182,0.26246175524991466,11.228558006584048,2.33385380852269e-05,overdamped
1147,1.0,2.0529282093048096,0.3247740337925752,4.66885232925415,1.0529282093048096,105.29282093048096,4.344078295461575,1337.5694616756296,0.3654440939426422,critically_damped
1148,0.6746172444906732,6.867374897003174,0.3660774053294858,3.033925771713257,6.1927576525125,917.9661064234947,2.667848366383771,728.7661919430919,0.0031141566578298807,underdamped
1149,0.38120200426336687,0.386698454618454,0.9287072618451031,0.924205482006073,0.0054964503550871124,1.4418734145190106,0.004501779839030107,0.48473615142044063,9.099298040382564e-06,underdamped
1150,0.8684223578198158,0.8373439311981201,1.6515029503655956,1.639549732208252,0.031078426621695687,3.578722535393772,0.011953218157343626,0.723778189720916,1.5290848750737496e-05,underdamped
1151,1.3195047958136963,1.367061972618103,1.0705205149364594,1.1141475439071655,0.04755717680440674,3.60416854529731,0.04362702897070614,4.075309941472314,5.040424184699077e-06,overdamped
1152,1.0,1.1811503171920776,3.2247683202760635,3.9412245750427246,0.18115031719207764,18.115031719207764,0.7164562547666611,22.217293883156458,7.104861288098618e-05,critically_damped
1153,0.3092745775158153,0.3249788284301758,2.9774278283611317,2.9378232955932617,0.015704250914360507,5.077769741212384,0.039604532767870015,1.3301592868388543,3.358985122758895e-05,underdamped
1154,0.34294883280538374,0.34776613116264343,1.938237339754369,1.933653712272644,0.004817298357259692,1.4046697047642112,0.004583627481725028,0.23648432458255636,3.7779576814500615e-05,underdamped
1155,1.4737128000157893,2.305269718170166,2.3641191604536735,3.746394157409668,0.8315569181543767,56.4259819243931,1.3822749969559944,58.46892238252222,0.00012054787657689303,overdamped
1156,1.1839577816499802,2.2268245220184326,1.739747418486467,3.2751305103302,1.0428667403684524,88.08310199330745,1.5353830918437332,88.25321857235315,0.0005893760244362056,overdamped
1157,1.997331979847302,2.3746256828308105,1.4026996530097373,1.6692599058151245,0.3772937029835086,18.88988444536662,0.2665602528053872,19.003373404522883,8.052191333263181e-06,overdamped
1158,1.2462400342358018,1.1502128839492798,2.7831376191574413,2.5934855937957764,0.09602715028652198,7.705349503188294,0.18965202536166492,6.8143243818133445,3.5535096685634926e-05,overdamped
1159,1.9068208525967099,1.410178542137146,3.9139598650927505,2.9336962699890137,0.49664231045956386,26.045567405204118,0.9802635951037368,25.04531545778912,0.0001330448139924556,overdamped
1160,1.9641863957930437,3.330827236175537,0.9313685899562372,1.5595637559890747,1.3666408403824934,69.57796079382322,0.6281951660328375,67.44860979930137,0.0001135903294198215,overdamped
1161,1.0,0.9453699588775635,3.59459179244433,3.4715006351470947,0.05463004112243652,5.463004112243652,0.1230911572972353,3.4243431355951843,3.083200135733932e-05,critically_damped
1162,1.0,1.9161995649337769,1.6907379509680338,3.4117982387542725,0.9161995649337769,91.61995649337769,1.7210602877862387,101.79343799557132,0.0013837130973115563,critically_damped
1163,0.8095090088743999,0.8275155425071716,1.4659882106103537,1.513985276222229,0.018006533632771715,2.224377176210714,0.047997065611875334,3.274041719059398,3.291359462309629e-05,underdamped
1164,0.03588884336432478,0.08801653981208801,0.7094427515942117,0.6581352353096008,0.05212769644776323,145.2476356470731,0.05130751628461083,7.232086897683578,0.00017051701433956623,underdamped
1165,1.3223908285029933,3.042518138885498,0.814529571658398,1.807155728340149,1.7201273103825048,130.07707504518672,0.9926261566817509,121.86496245443179,0.000834922306239605,overdamped
1166,0.27119352121852014,0.29088103771209717,3.3740589270134995,3.3376808166503906,0.01968751649357703,7.259582162994735,0.036378110363108895,1.078170569928619,9.712054452393204e-05,underdamped
1167,1.1608802785614054,3.1024088859558105,1.026318835427997,2.6946585178375244,1.9415286073944051,167.24623919017733,1.6683396824095273,162.55569174210797,0.0015926777850836515,overdamped
1168,1.0,2.199183940887451,1.4121165716817008,2.960878849029541,1.1991839408874512,119.91839408874512,1.5487622773478402,109.67665902421973,0.0017849431606009603,critically_damped
1169,0.038068247278082445,0.04409896954894066,2.4361587286027664,2.445917844772339,0.006030722270858213,15.841870067735858,0.00975911616957248,0.4005944298699174,0.00017054425552487373,underdamped
1170,1.542701038335537,1.1913094520568848,3.8874014292155152,3.0537056922912598,0.3513915862786523,22.77768521228056,0.8336957369242555,21.446093286344674,0.00020483594562392682,overdamped
1171,1.9649366144311806,2.871412754058838,0.4517441341799344,0.6195411086082458,0.9064761396276573,46.132589365487924,0.16779697442831143,37.144250856277004,1.2723732652375475e-05,overdamped
1172,0.9283021048926451,1.3714874982833862,1.9757028750476877,3.201375961303711,0.44318539339074114,47.741504738050125,1.2256730862560232,62.037318553096654,0.0002861485700123012,underdamped
1173,0.6657591518862931,0.6725618243217468,1.025773880111883,1.0409326553344727,0.006802672435453738,1.021791802062315,0.015158775222589682,1.4777891615778214,4.872400313615799e-05,underdamped
1174,1.8607410286628552,2.8564648628234863,1.194060430108602,1.8348156213760376,0.9957238341606311,53.51222006837604,0.6407551912674356,53.6618729764923,6.170417327666655e-05,overdamped
1175,1.9707861219280076,1.3400331735610962,3.2720522763563995,2.2383127212524414,0.6307529483669114,32.00514461456882,1.033739555103958,31.593002427671507,0.0002354100433876738,overdamped
1176,1.0,1.820177435874939,2.1162358598544997,4.151974201202393,0.820177435874939,82.0177435874939,2.035738341347893,96.19619343790245,0.0008931392803788185,critically_damped
1177,0.7972048587809345,0.7822606563568115,0.8164723446780839,0.820033848285675,0.014944202424122977,1.8745749300845045,0.00356150360759111,0.43620627579190424,1.232828708452871e-05,underdamped
1178,0.40059681836225947,0.41522109508514404,2.714922743032501,2.699946641921997,0.014624276722884577,3.6506222846882057,0.014976101110503848,0.55162163081576,4.0828872442943975e-05,underdamped
1179,1.845523628108651,1.8704345226287842,3.2990571526662604,3.3980448246002197,0.024910894520133287,1.3498008988193086,0.0989876719339593,3.00048369437791,5.539369794860249e-06,overdamped
1180,1.280627858739203,1.1879279613494873,3.242422544926132,3.0244126319885254,0.09269989738971574,7.238628830156807,0.21800991293760674,6.723673732122208,3.064856355194934e-05,overdamped
1181,0.7105993440185974,1.4439728260040283,1.811227005439964,3.74987530708313,0.733373481985431,103.20491964403469,1.938648301643166,107.03508151217358,0.002780376933515072,underdamped
1182,1.0,0.9858406782150269,3.5463183068217954,3.5398359298706055,0.014159321784973145,1.4159321784973145,0.0064823769511899165,0.182791740344352,1.4240147720556706e-05,critically_damped
1183,1.4277788874884259,1.5291893482208252,2.700069033007146,2.92525053024292,0.10141046073239934,7.102672663187241,0.22518149723577396,8.339842221922108,3.2906041269598063e-06,overdamped
1184,1.5771297035231862,1.2178741693496704,3.169262880881085,2.4791500568389893,0.35925553417351574,22.77907348843704,0.690112824042096,21.775184009041183,0.00017315037257503718,overdamped
1185,1.7781916899282524,1.8167747259140015,2.957942449514393,3.071153163909912,0.03858303598574908,2.169790591435384,0.11321071439551922,3.8273467563273615,1.1709882983268471e-06,overdamped
1186,1.3759536725039019,1.4064466953277588,1.8707199663067313,1.9388114213943481,0.030493022823856908,2.216137318661827,0.06809145508761683,3.63985290765065,7.035567364255257e-07,overdamped
1187,1.2749120723895453,1.5705150365829468,1.3924988983324962,1.7212481498718262,0.2956029641934015,23.1861451934766,0.32874925153933,23.60858252261485,0.00010003541683545336,overdamped
1188,1.1199665733149875,1.1915866136550903,1.5309694986240563,1.628607153892517,0.07162004034010283,6.394837314484733,0.0976376552684608,6.377504931104877,1.4967401511967182e-05,overdamped
1189,0.9512978110035257,1.044403076171875,2.9937496290656385,3.410247325897217,0.09310526516834927,9.787183791596489,0.41649769683157833,13.912242118976694,1.9690363842528313e-05,underdamped
1190,0.3736479637780527,0.37268972396850586,2.028536641313504,2.0188021659851074,0.0009582398095468458,0.25645524730225516,0.009734475328396552,0.4798767313413354,6.99106531101279e-05,underdamped
1191,0.71798642529232,0.6975154876708984,3.3673913695707345,3.3960695266723633,0.020470937621421603,2.8511594231168216,0.0286781571016288,0.8516431253218009,4.056788748130202e-05,underdamped
1192,0.6058415336095858,2.672088861465454,0.9445203195503069,3.8312442302703857,2.0662473278558684,341.05408976258667,2.886723910720079,305.6285662646696,0.012262806296348572,underdamped
1193,0.8120467573434875,0.9296544790267944,3.1789610706308196,3.76572585105896,0.11760772168330691,14.482875600420634,0.5867647804281404,18.457752938500292,7.168411684688181e-05,underdamped
1194,1.5930741271598192,2.7100040912628174,1.9202247078461987,3.299100160598755,1.1169299641029982,70.11161282835562,1.3788754527525562,71.80802575440029,0.00016264354053419083,overdamped
1195,1.2967053734679514,1.0240126848220825,3.4875987770355694,2.7725086212158203,0.27269268864586893,21.029656715046276,0.7150901558197491,20.503796495409084,0.0002922133426181972,overdamped
1196,1.0,2.567225933074951,0.49460512392261524,3.319244146347046,1.5672259330749512,156.72259330749512,2.8246390224244307,571.0897210329683,0.1099715530872345,critically_damped
1197,0.7487959087603504,0.8480736613273621,3.76163327723699,4.299719333648682,0.09927775256701166,13.258319310447137,0.5380860564116916,14.304585714610882,7.30765241314657e-05,underdamped
1198,0.15659437167748744,0.16058817505836487,1.905417246058949,1.9056379795074463,0.003993803380877431,2.550413107504805,0.00022073344849737886,0.011584520343453945,0.00021941630984656513,underdamped
1199,0.9605999827924815,1.3549237251281738,2.22203528463149,3.2295241355895996,0.39432374233569234,41.04973447838153,1.0074888509581097,45.340812449123426,0.0002682368503883481,underdamped
1200,1.2909708994988816,3.193411111831665,0.9230443929811492,2.2361457347869873,1.9024402123327835,147.36507330035533,1.3131013418058382,142.25765865549815,0.0010813702829182148,overdamped
1201,0.22156919825540397,0.004107650835067034,3.8052009293722535,0.706369936466217,0.21746154742033694,98.14610926635564,3.0988309929060365,81.43672437863229,0.0010334120597690344,underdamped
1202,0.8749679750844488,1.654943585395813,1.2465171104249797,2.6516900062561035,0.7799756103113642,89.14333238723209,1.4051728958311238,112.72792680335154,0.0009571939590387046,underdamped
1203,1.336359837588208,1.2747336626052856,2.3678684602747584,2.262491226196289,0.06162617498292233,4.611495590449801,0.10537723407846933,4.450299323900862,1.0551813829806633e-05,overdamped
1204,0.37619957770204726,0.37814411520957947,3.0935074797140345,3.1382343769073486,0.0019445375075322069,0.516889869842516,0.04472689719331413,1.445831228358585,1.607300146133639e-05,underdamped
1205,1.565968614486302,1.983882188796997,2.4347566354768926,3.142455816268921,0.417913574310695,26.68722542998007,0.7076991807920283,29.06652642322144,2.090038287860807e-05,overdamped
1206,1.2828419812655834,1.6551425457000732,2.771873920261469,3.5936591625213623,0.3723005644344899,29.021545121808224,0.8217852422598932,29.64728071695176,7.863098289817572e-05,overdamped
1207,0.20108280658946923,0.20843391120433807,0.9543480972730576,0.9479866623878479,0.0073511046148688475,3.6557599028726844,0.0063614348852096825,0.6665738532288971,5.078832327853888e-05,underdamped
1208,1.1003944018183285,1.1712735891342163,0.6893143380804649,0.7232097387313843,0.07087918731588783,6.441252990633603,0.03389540065091934,4.9172632539906145,9.542630323267076e-06,overdamped
1209,1.0,1.0619968175888062,3.3979668208018783,3.6721928119659424,0.06199681758880615,6.199681758880615,0.2742259911640641,8.070296316176218,7.0153291744645685e-06,critically_damped
1210,1.5648797938410857,1.5277446508407593,2.2500447473830487,2.213247060775757,0.03713514300032639,2.3730348584267986,0.03679768660729188,1.6354202133130922,1.66101460763457e-06,overdamped
1211,0.5808911613337385,0.5885118842124939,0.7603173044857341,0.772011935710907,0.0076207228787553705,1.3119020198651374,0.011694631225172891,1.538125090166525,7.74614090914838e-05,underdamped
1212,1.7677138896174829,1.3160990476608276,3.1238768402266834,2.3153939247131348,0.45161484195665524,25.5479602558523,0.8084829155135487,25.880755127813593,0.00020575456437654793,overdamped
1213,0.7637461719885085,0.8450000286102295,3.320379193224636,3.818058490753174,0.08125385662172102,10.638856154285719,0.497679297528538,14.988628363413195,8.711736154509708e-05,underdamped
1214,1.1920859644011588,1.2197693586349487,1.0910628749086202,1.128174901008606,0.02768339423378996,2.3222649255581698,0.03711202609998576,3.401456227084439,4.127512966078939e-06,overdamped
1215,0.5670899315787201,0.5662363171577454,2.40331416985309,2.3848507404327393,0.0008536144209747576,0.15052540583790347,0.018463429420350952,0.7682486814231027,1.088695898943115e-05,underdamped
1216,1.0,1.1827555894851685,2.0728731924807304,2.503873586654663,0.18275558948516846,18.275558948516846,0.43100039417393265,20.79241488275165,0.0006653963355347514,critically_damped
1217,1.271116426223448,1.3500466346740723,3.269514850751536,3.5370843410491943,0.07893020845062426,6.209518406203745,0.2675694902976584,8.183767393995915,2.466907517373329e-06,overdamped
1218,1.7516054131969676,3.81937313079834,1.0426737884416521,2.238081693649292,2.067767717601372,118.04985883363743,1.1954079052076398,114.64831268025442,0.0002522067225072533,overdamped
1219,0.47442082513576067,0.46970298886299133,1.2273895012338714,1.2292969226837158,0.004717836272769338,0.9944412266091561,0.0019074214498444597,0.15540473891352055,2.420140299363993e-05,underdamped
1220,1.7256852449220537,2.8725225925445557,0.44739865942057877,0.6881609559059143,1.146837347622502,66.45692492284726,0.24076229648533554,53.81381714400848,8.522277494193986e-05,overdamped
1221,0.7795371394360248,0.8039256930351257,1.8922716193354343,1.9770201444625854,0.02438855359910097,3.128594183048863,0.08474852512715114,4.478665972748395,1.6560827134526335e-05,underdamped
1222,1.1617417356338433,1.2612802982330322,1.606328931783709,1.737497329711914,0.09953856259918892,8.568045680555752,0.131168397928205,8.165724673996392,1.691044781182427e-05,overdamped
1223,1.2605452350953823,1.08781898021698,3.326065664115965,2.882079601287842,0.17272625487840232,13.702503493683235,0.44398606282812336,13.348686035220847,7.74835716583766e-05,overdamped
1224,0.0969246821958334,0.10828900337219238,2.628103072566275,2.6357409954071045,0.01136432117635898,11.72489908545453,0.007637922840829425,0.29062493478884716,0.0003198929480277002,underdamped
1225,0.7308742444535937,0.7407532930374146,1.950570681102138,2.052593231201172,0.009879048583820826,1.3516755664589695,0.10202255009903394,5.230394934542324,1.005774083751021e-05,underdamped
1226,1.0,2.44590425491333,0.36906284177280685,4.051767349243164,1.44590425491333,144.590425491333,3.682704507470357,997.8529644925377,0.24851739406585693,critically_damped
1227,0.446750834783851,0.45947739481925964,2.963813717769668,2.8932909965515137,0.012726560035408618,2.84869306211057,0.0705227212181545,2.3794586277583036,4.5288223191164434e-05,underdamped
1228,1.726166799531323,1.2643314599990845,3.982852143471418,2.9164068698883057,0.46183533953223854,26.754965954485566,1.0664452735831125,26.77591924498629,0.00016754698299337178,overdamped
1229,1.3588498038210088,1.516339898109436,1.2107751016556632,1.3399624824523926,0.1574900942884272,11.589955994074838,0.12918738079672942,10.669808176603016,4.021176209789701e-06,overdamped
1230,1.4447850675397362,5.131142616271973,0.4243259989358543,1.3009568452835083,3.6863575487322366,255.1492004973155,0.876630846347654,206.59371533823335,0.0007501898799091578,overdamped
1231,1.8442235524844337,3.3855814933776855,1.1434862243518755,2.0827252864837646,1.5413579408932518,83.57760851805746,0.9392390621318891,82.13820526471554,0.00017178281268570572,overdamped
1232,1.5714975783711034,1.2631263732910156,3.932265669685069,3.144381284713745,0.30837120508008775,19.622760437195343,0.7878843849713237,20.03639761792658,0.00012289185542613268,overdamped
1233,1.3539017953845511,1.5248249769210815,1.036939941819216,1.1593451499938965,0.1709231815365304,12.624488874983935,0.12240520817468048,11.804464582580527,4.651118797482923e-05,overdamped
1234,0.07227783447459071,0.07091305404901505,2.095362029640243,2.101491689682007,0.001364780425575668,1.8882419976977267,0.006129660041763962,0.29253465296478515,5.076626985101029e-05,underdamped
1235,0.6168911040719326,0.5935883522033691,2.4822212777719392,2.528730630874634,0.023302751868563454,3.7774498148454803,0.04650935310269455,1.8736989131138904,1.2934867299918551e-05,underdamped
1236,0.5331060344618518,0.5341517329216003,2.4951504138097578,2.557929039001465,0.0010456984597485564,0.19615205834316715,0.06277862519170707,2.5160256810270845,2.352104456804227e-05,underdamped
1237,1.388266196986673,2.544384479522705,1.3466187512587293,2.4357569217681885,1.156118282536032,83.27785298276844,1.0891381705094592,80.87947457225036,0.00041157877421937883,overdamped
1238,1.7565261370384386,1.5001418590545654,2.4742797460553425,2.114206314086914,0.2563842779838732,14.596098092576385,0.36007343196842845,14.552656486902135,3.16301011480391e-05,overdamped
1239,0.8413059788099488,0.8099029660224915,3.734182685026824,3.5890066623687744,0.031403012787457385,3.7326506144503857,0.1451760226580494,3.887758979767391,2.8739494155161083e-05,underdamped
1240,0.16567810461980217,0.17512619495391846,2.466299739001467,2.442913055419922,0.009448090334116283,5.702678912097494,0.023386683581545054,0.948249850239762,0.00022084395459387451,underdamped
1241,1.0,1.509963870048523,0.4479302749909392,4.062127590179443,0.509963870048523,50.996387004852295,3.614197315188504,806.8660496907945,0.27800655364990234,critically_damped
1242,1.0,1.7625812292099,2.1475074132684413,4.462531566619873,0.7625812292098999,76.25812292098999,2.3150241533514317,107.80051975830132,0.0007770467200316489,critically_damped
1243,1.6045108604806277,1.253969430923462,3.536173972555986,2.78999400138855,0.35054142955716583,21.847245674121638,0.7461799711674364,21.101336556359787,0.00014082448615226895,overdamped
1244,0.49061428652954353,0.5027280449867249,1.577553430357058,1.6096744537353516,0.012113758457181323,2.469100225937237,0.03212102337829359,2.0361290312064693,2.576379665697459e-05,underdamped
1245,0.3987207642185678,0.39486047625541687,1.5276971358722111,1.5165811777114868,0.00386028796315091,0.9681682795518535,0.011115958160724304,0.7276283956883802,4.133901893510483e-05,underdamped
1246,0.30418739755211444,0.314007431268692,2.093264075406659,2.078057289123535,0.00982003371657758,3.2282842075649034,0.015206786283123996,0.7264628702028323,6.55975381960161e-05,underdamped
1247,1.615903286248809,2.3929994106292725,1.3032448000962213,1.9248416423797607,0.7770961243804635,48.090509561647735,0.6215968422835394,47.69609226429644,0.00016306989709846675,overdamped
1248,1.6395599881075351,1.5493288040161133,3.217150188362808,3.0900025367736816,0.09023118409142183,5.503378024952373,0.12714765158912655,3.952182650628175,1.2179131772427354e-05,overdamped
1249,1.939467821147263,4.680739879608154,0.7244109874787701,1.6851272583007812,2.7412720584608916,141.34145607217826,0.9607162708220112,132.62033395789243,0.00019004264322575182,overdamped
1250,0.8385100589821242,0.8355749845504761,1.0813856587234116,1.0460336208343506,0.002935074431648088,0.3500344927538502,0.03535203788906105,3.2691424751086995,1.514565428806236e-05,underdamped
1251,0.21927795774338008,0.2297397404909134,3.238473699805272,3.200248956680298,0.010461782747533316,4.771014312244138,0.03822474312497404,1.1803320535619133,3.972648482886143e-05,underdamped
1252,1.8968075805996087,3.904064178466797,0.806171247515802,1.6106681823730469,2.007256597867188,105.82288991235815,0.8044969348572448,99.7923130273231,0.0001799642777768895,overdamped
1253,1.0,0.9422594308853149,3.6689130582523695,3.4135682582855225,0.05774056911468506,5.774056911468506,0.255344799966847,6.959685223189142,4.633165735867806e-05,critically_damped
1254,0.3400546302511687,0.3878491222858429,0.4081384018965843,0.42823126912117004,0.047794492034674174,14.054945230233315,0.020092867224585753,4.92305235949764,2.3550364858238026e-05,underdamped
1255,1.6576110018928472,1.2036104202270508,3.4369543279266055,2.538437604904175,0.4540005816657964,27.388849443407853,0.8985167230224307,26.14281824234989,0.0002689958782866597,overdamped
1256,0.939481894257725,1.5154941082000732,2.0615827328381444,3.6362364292144775,0.5760122139423483,61.31168865126981,1.5746536963763331,76.3808151520815,0.00036190784885548055,underdamped
1257,0.07608752555983994,0.08601978421211243,2.0775079343606397,2.0653109550476074,0.009932258652272485,13.053728031227854,0.012196979313032319,0.5870966416687108,0.0001813177514122799,underdamped
1258,0.8147477857746277,1.3019403219223022,1.7492778999674246,1.8535188436508179,0.48719253614767455,59.79673030770775,0.10424094368339332,5.95908424186543,0.0014520614640787244,underdamped
1259,0.40001034802506735,0.3933446407318115,2.092736993458298,2.0797908306121826,0.006665707293255829,1.6663837138628501,0.012946162846115161,0.6186235005441997,4.4144948333268985e-05,underdamped
1260,0.5701878908790832,0.5759104490280151,3.333875922882171,2.91513729095459,0.005722558148931967,1.0036267413727873,0.4187386319275812,12.560114461775687,0.00013787786883767694,underdamped
1261,1.0,1.24253511428833,2.6131327280916894,3.3391239643096924,0.24253511428833008,24.253511428833008,0.725991236218003,27.7824095352469,0.00012797689123544842,critically_damped
1262,1.267133339623403,1.098906397819519,3.0574486970490202,2.6706666946411133,0.16822694180388398,13.276183061672237,0.38678200240790694,12.65048217427884,9.689392027212307e-05,overdamped
1263,1.6818051264351153,1.5939843654632568,3.079884165368886,2.958639144897461,0.08782076097185842,5.22181551188455,0.12124502047142505,3.936674691689361,2.1126474166521803e-05,overdamped
1264,1.0527419370607336,1.0855731964111328,1.4051808419988965,1.4520961046218872,0.03283125935039921,3.1186426791417112,0.04691526262299073,3.3387348603652236,4.882300345343538e-06,overdamped
1265,1.194040574237341,1.0526608228683472,3.424131710840897,3.020158290863037,0.14137975136899383,11.840447838993752,0.40397341997785974,11.797835308112377,7.169294985942543e-05,overdamped
1266,0.2365380365875261,0.24318362772464752,1.4670320030342408,1.4587244987487793,0.006645591137121432,2.8095232517339195,0.008307504285461453,0.5662796904415967,8.408389840042219e-05,underdamped
1267,0.7438256317578955,0.8881592750549316,3.916267291363858,4.694986343383789,0.14433364329703613,19.404230929220606,0.7787190520199312,19.88421611918983,0.00012356028310023248,underdamped
1268,0.9387850428953912,1.3340492248535156,0.6663559042645144,0.9649001955986023,0.3952641819581244,42.10380053979713,0.2985442913340879,44.80252811200105,6.60602017887868e-05,underdamped
1269,1.995076084889075,2.2106828689575195,2.078161136048303,2.3144783973693848,0.21560678406844458,10.806945444410566,0.23631726132108177,11.371459951871078,7.914010211607092e-07,overdamped
1270,0.8833468442991068,0.8571028113365173,1.2621747169291575,1.2130790948867798,0.02624403296258948,2.970977157156525,0.04909562204237772,3.8897643395857475,6.995912372076418e-06,underdamped
1271,0.22905908692984867,3.7198574542999268,0.5294157009498159,4.277239799499512,3.490798367370078,1523.972881477156,3.747824098549696,707.917066272456,0.0827019065618515,underdamped
1272,0.3355185213133946,0.3409069776535034,1.7920255574179818,1.782135009765625,0.005388456340108816,1.6060086099019468,0.009890547652356751,0.5519200109292765,6.497908907476813e-05,underdamped
1273,0.36670659292428676,0.37192243337631226,1.8551824139025888,1.8440454006195068,0.0052158404520255,1.4223470623835783,0.01113701328308192,0.6003190413849351,4.870077464147471e-05,underdamped
1274,1.3124680000253546,1.1514121294021606,2.9111658976062222,2.5770785808563232,0.16105587062319393,12.271222659911146,0.334087316749899,11.476065895956342,6.706151179969311e-05,overdamped
1275,1.899685962126419,1.7755285501480103,3.5054883291789585,3.3495166301727295,0.1241574119784088,6.5356808679805605,0.15597169900622898,4.449357246690935,2.4785109417280182e-05,overdamped
1276,0.6955974996968871,0.6893569231033325,2.9924848226984455,2.7423858642578125,0.006240576593554592,0.89715339636413,0.250098958440633,8.357568150173893,2.4499031496816315e-05,underdamped
1277,1.6055306523833681,1.4171593189239502,2.031921923780216,1.8072845935821533,0.18837133345941792,11.732652576877658,0.22463733019806265,11.055411508142212,4.236795211909339e-05,overdamped
1278,0.3589047255056913,0.3900117576122284,0.44457849801102955,0.4515678584575653,0.03110703210653709,8.667211629132984,0.006989360446535753,1.5721319132177989,5.938506546954159e-06,underdamped
1279,0.88556133563548,0.822278618812561,3.1918301912417038,2.7045037746429443,0.06328271682291897,7.1460568880310475,0.4873264165987594,15.26793054141696,2.5222270778613165e-05,underdamped
1280,1.4032919435053794,1.1624201536178589,3.3497008051811896,2.8176794052124023,0.24087178988752056,17.164766818644335,0.5320213999687873,15.882654329780047,0.00011642270692391321,overdamped
1281,0.13504424397746342,0.13587552309036255,2.453758000530969,2.44761323928833,0.0008312791128991248,0.6155605662377222,0.006144761242639074,0.25042246388231476,0.00010047191608464345,underdamped
1282,1.4477596614944583,1.130324363708496,3.6071872986146474,2.82417368888855,0.31743529778596224,21.925966458983105,0.7830136097260976,21.707040552810124,0.0002225718053523451,overdamped
1283,0.8691467212689756,0.9021528959274292,0.47716339658196893,0.48827725648880005,0.03300617465845357,3.7975377287581247,0.011113859906831114,2.3291518139157876,2.6830106435227208e-05,underdamped
1284,0.6154349980022122,0.6562965512275696,3.7441178451885255,3.9907243251800537,0.04086155322535734,6.639458814984464,0.24660647999152818,6.58650422310922,4.6250363084254786e-05,underdamped
1285,0.3423178024053636,0.36004698276519775,2.484722076927258,2.454376220703125,0.017729180359834174,5.1791581493152234,0.030345856224132994,1.2212978065402118,6.277566717471927e-05,underdamped
1286,1.5344637328926976,5.266202449798584,0.6564352420889434,2.1232924461364746,3.7317387169058867,243.1949766496593,1.4668572040475312,223.45802144620075,0.0006787566817365587,overdamped
1287,0.2925160626756139,-0.4579809904098511,3.449211350525183,0.42674630880355835,0.750497053085465,256.5660997282497,3.022465041721625,87.62771354273256,0.0007828965317457914,underdamped
1288,1.0550621993292464,1.7924861907958984,1.8428827105886896,3.120774745941162,0.737423991466652,69.89388795612884,1.2778920353524725,69.3420166139745,0.0006802133284509182,overdamped
1289,1.6374103931339834,3.471547842025757,1.1050242650011257,2.3043642044067383,1.8341374488917734,112.01452345622754,1.1993399394056126,108.5351677236147,0.0003219794307369739,overdamped
1290,1.3012319985482057,2.8816778659820557,0.5871648420446262,1.198980450630188,1.58044586743385,121.45765468395837,0.6118156085855618,104.19827019191013,0.000735216774046421,overdamped
1291,1.3659224527984908,1.9550611972808838,2.6496582503063575,3.844972610473633,0.589138744482393,43.13119996492995,1.1953143601672753,45.112020013489335,9.293881157645956e-05,overdamped
1292,0.5439586644563834,0.5418015718460083,0.6220202890469066,0.6175177097320557,0.002157092610375111,0.39655450888549537,0.004502579314850985,0.7238637379095917,7.180451939348131e-05,underdamped
1293,1.2878361495438924,3.325477123260498,1.0033408052080057,2.530665397644043,2.0376409737166057,158.2220668707171,1.5273245924360372,152.22390881624742,0.0010186019353568554,overdamped
1294,0.4703277894121254,0.5060076713562012,1.8179206942520272,1.8380926847457886,0.035679881944075786,7.5861734618473164,0.020171990493761394,1.1096188385743109,4.800742317456752e-05,underdamped
1295,1.407463490948461,1.345612645149231,1.945823599496289,1.8765544891357422,0.06185084579922995,4.39449024411638,0.06926911036054673,3.5598864346428045,1.536229501652997e-05,overdamped
1296,1.0,3.7171847820281982,0.8955587161134706,3.30318021774292,2.7171847820281982,271.7184782028198,2.4076215016294493,268.8401618241182,0.0028665969148278236,critically_damped
1297,1.702824872375169,1.4566638469696045,3.645084545709367,3.179870128631592,0.24616102540556462,14.456038868061002,0.465214417077775,12.762788112154475,4.8277299356414005e-05,overdamped
1298,0.032746467044977516,0.03838763386011124,0.9905841883157775,0.9238460063934326,0.0056411668151337205,17.226795206290607,0.06673818192234493,6.737254915790175,0.00013520644279196858,underdamped
1299,0.7742452114291923,1.0770595073699951,3.067077074349331,4.483205318450928,0.3028142959408028,39.11090329920579,1.4161282441015968,46.17191579386778,0.00047132305917330086,underdamped
1300,1.6042968341220383,1.1494007110595703,3.315636605064871,2.4134533405303955,0.45489612306246796,28.354860109875663,0.9021832645344756,27.209956095801523,0.00033085240283980966,overdamped
1301,1.8753130222667393,3.5895564556121826,1.7706489372979877,3.4166815280914307,1.7142434333454433,91.41105580728026,1.646032590793443,92.96210875687704,0.00011484671267680824,overdamped
1302,0.4001515159868518,0.4128338694572449,2.4105122830947785,2.3935041427612305,0.012682353470393093,3.1693878352843257,0.017008140333548027,0.7055819815907276,4.878957770415582e-05,underdamped
1303,1.5702200848863022,2.663727283477783,1.5291591428694469,2.6026315689086914,1.093507198591481,69.64037774810788,1.0734724260392445,70.20017707410673,0.0001846350496634841,overdamped
1304,1.2208684151304383,1.1197541952133179,3.258577972585819,3.015119791030884,0.10111421991712044,8.282155444763253,0.24345818155493504,7.471301395981042,5.424317714641802e-05,overdamped
1305,1.0,1.318445086479187,2.732480833056093,3.829418182373047,0.318445086479187,31.8445086479187,1.096937349316954,40.14437488624961,0.00011705685028573498,critically_damped
1306,0.6640834683086088,0.6654825210571289,2.6655504496506004,2.6006224155426025,0.0013990527485201465,0.21067423227436632,0.06492803410799786,2.4358208683129075,2.1262310838210396e-05,underdamped
1307,0.2972925684433628,4.539992332458496,0.3935886425961199,0.31156930327415466,4.242699764015133,1427.1126204836194,0.08201933932196526,20.838848087933577,0.026040105149149895,underdamped
1308,1.7409263441416134,3.4117207527160645,0.42705635048357415,0.7568042874336243,1.670794408574451,95.97157365082313,0.3297479369500501,77.21415138228537,0.00012056557170581073,overdamped
1309,0.7992864277810026,5.776132106781006,0.5269656741340263,3.236511707305908,4.976845679000004,622.6611019552574,2.7095460331718817,514.1788481051514,0.005340102128684521,underdamped
1310,1.3558410587999914,1.6412162780761719,1.9983434841550063,2.4239871501922607,0.2853752192761805,21.04783723903127,0.42564366603725445,21.29982505070877,4.9804173613665625e-05,overdamped
1311,1.629027497850726,1.411716341972351,3.7543294498736866,3.320538282394409,0.2173111558783749,13.339931717855382,0.4337911674792774,11.554424652153852,4.8382549721281976e-05,overdamped
1312,0.6362286540175729,0.6430912613868713,1.964538220317204,2.0363688468933105,0.006862607369298446,1.0786385249962192,0.07183062657610662,3.656361878493181,2.133888665412087e-05,underdamped
1313,0.32289742454563963,0.8057195544242859,3.5291528456455117,1.7693005800247192,0.48282212987864626,149.52802133929754,1.7598522656207924,49.866139059185485,0.00015237563638947904,underdamped
1314,0.6868514376570418,0.6978310346603394,3.5793050321700024,3.7434422969818115,0.010979597003297537,1.5985402958099157,0.16413726481180912,4.585730004472367,1.9181648895028047e-05,underdamped
1315,1.9506767287712228,1.4816770553588867,2.7925819307841198,2.141700029373169,0.46899967341233606,24.042921438231847,0.6508819014109508,23.30753107853104,0.00012675848847720772,overdamped
1316,1.420089792712893,1.0939933061599731,3.2892624818897596,2.555600166320801,0.3260964865529199,22.963089251557527,0.7336623155689588,22.304766482103684,0.0002639299491420388,overdamped
1317,1.0,0.980994462966919,3.2040476244192075,2.9550623893737793,0.019005537033081055,1.9005537033081055,0.24898523504542824,7.770959243795927,2.6681867893785238e-05,critically_damped
1318,1.5295767083830598,1.1949999332427979,3.9699362959280933,3.117103099822998,0.33457677514026196,21.873814716618458,0.8528331961050952,21.48228919894342,0.00015154886932577938,overdamped
1319,1.0,2.6480872631073,1.4036897314463743,3.853087902069092,1.6480872631072998,164.80872631072998,2.4493981706227173,174.49712110516302,0.0016877386951819062,critically_damped
1320,0.8630822483616158,0.8610627055168152,0.7542328214009141,0.749372124671936,0.002019542844800659,0.2339919339824618,0.004860696728978042,0.6444557424522803,1.1535554222064093e-05,underdamped
1321,0.02781767806835088,0.05605778470635414,0.7922168768587832,0.7888763546943665,0.028240106638003262,101.51856157301997,0.003340522164416715,0.42166763445664146,0.00014602985174860805,underdamped
1322,0.1597313465283379,0.16306591033935547,1.60477229992766,1.598093032836914,0.0033345638110175713,2.0876076509040056,0.006679267090745844,0.41621276059207485,0.00017306485096924007,underdamped
1323,0.5195636261820834,1.1574903726577759,1.3630385423951787,2.793887138366699,0.6379267464756925,122.7812561020444,1.4308485959715205,104.97491827759937,0.00851061288267374,underdamped
1324,1.6697624936104332,1.3591395616531372,3.439034158943143,2.8250768184661865,0.31062293195729596,18.602821248287444,0.6139573404769565,17.852609543885222,0.00011967154568992555,overdamped
1325,1.9676444703531175,2.0574231147766113,2.826576687814527,2.9917542934417725,0.08977864442349381,4.562747273514405,0.1651776056272456,5.843733387434071,9.767197752807988e-07,overdamped
1326,0.25011731270025234,0.25592103600502014,1.5444907860325998,1.545678734779358,0.005803723304767805,2.320400472126914,0.001187948746758094,0.0769152368859143,6.055498670320958e-05,underdamped
1327,1.1780421372817198,4.508872985839844,0.34649526964723487,1.0479421615600586,3.330830848558124,282.742929403516,0.7014468919128237,202.4405391239434,0.0010878123575821519,overdamped
1328,1.697485154692301,1.7186799049377441,1.9197369648770946,1.9677002429962158,0.02119475024544304,1.248597090045536,0.047963278119121266,2.4984296805574076,2.7123621748614823e-06,overdamped
1329,1.4355609564123746,3.8827555179595947,1.0091429338279587,2.6765286922454834,2.44719456154722,170.46956805394245,1.6673857584175247,165.22790801226427,0.000741159834433347,overdamped
1330,1.0,1.181976318359375,3.5069700574536182,4.538501262664795,0.181976318359375,18.1976318359375,1.0315312052111767,29.413744295272455,0.00011591095972107723,critically_damped
1331,0.6440753636890179,0.6267427802085876,2.3178655629277283,2.357595920562744,0.017332583480430208,2.691080028454401,0.03973035763501587,1.7140924077077144,1.993726982618682e-05,underdamped
1332,1.0,1.1241123676300049,2.88507172887484,3.3006393909454346,0.12411236763000488,12.411236763000488,0.4155676620705946,14.404066904522454,4.867016104981303e-05,critically_damped
1333,1.0,0.9139341115951538,3.5020498441900965,3.2572426795959473,0.08606588840484619,8.60658884048462,0.2448071645941492,6.9903963531611195,6.599615153390914e-05,critically_damped
1334,0.7676016130719765,0.7904161810874939,2.4001749075934358,2.527736186981201,0.0228145680155174,2.972188649293279,0.1275612793877654,5.314665984724682,1.2880018402938731e-05,underdamped
1335,1.7007338964320806,1.3045008182525635,2.904264120331983,2.242814540863037,0.39623307817951714,23.29777039257951,0.6614495794689459,22.775117966658502,0.00019032943237107247,overdamped
1336,0.299512092376202,0.2937912940979004,1.055330506521267,1.057042121887207,0.005720798278301631,1.9100391683404974,0.0017116153659400002,0.16218761377249238,6.670287984889e-05,underdamped
1337,1.4809081922338967,1.162890076637268,3.4543002313463087,2.7574479579925537,0.3180181155966286,21.474532807932526,0.696852273353755,20.173471519068215,0.00016307219630107284,overdamped
1338,0.11064811069619448,0.14165830612182617,3.9911662139106907,3.970104932785034,0.031010195425631687,28.025960163726698,0.021061281125656528,0.5276974196727305,0.001604009885340929,underdamped
1339,0.6990010367452109,0.7015302181243896,2.9157583927959005,2.993269443511963,0.002529181379178791,0.3618279868303957,0.07751105071606235,2.6583495706493547,2.344078711757902e-05,underdamped
1340,1.5324851410684839,1.9584064483642578,2.0377919359292314,2.6371777057647705,0.42592130729577393,27.792850702540044,0.5993857698355392,29.413492087562894,3.0446453820331953e-05,overdamped
1341,1.6024240972352772,1.524445652961731,3.367693270963314,3.2627604007720947,0.07797844427354628,4.866280057076365,0.10493287019121933,3.115867798767901,1.661455098656006e-05,overdamped
1342,0.9179708765413036,0.7905486226081848,3.745587700969636,2.740689277648926,0.1274222539331188,13.88086018733139,1.0048984233207103,26.828858474214023,4.263982191332616e-05,underdamped
1343,0.8321051235142833,0.8962220549583435,2.212628989281933,2.408945322036743,0.06411693144406017,7.705388373679396,0.1963163327548103,8.872537316729321,2.193417094531469e-05,underdamped
1344,1.6045917462302426,4.162174701690674,0.8028782750372945,2.0047359466552734,2.5575829554604312,159.39150637345008,1.201857671617979,149.6936346374737,0.0004855966835748404,overdamped
1345,1.9166534542232434,2.4958558082580566,2.3021645356765945,3.024822473526001,0.5792023540348132,30.21946157029962,0.7226579378494065,31.390368787738314,1.9210845493944362e-05,overdamped
1346,1.3623816721399116,2.5075066089630127,1.00985784192386,1.8318558931350708,1.1451249368231011,84.05316661552249,0.8219980512112108,81.39740239529544,0.0005943619762547314,overdamped
1347,0.08904506049813314,0.14763447642326355,0.7836927474553222,0.7600488662719727,0.05858941592513041,65.79749128965862,0.02364388118334959,3.0169835385260484,0.00019319317652843893,underdamped
1348,0.4553606723316544,0.45959457755088806,2.698728155523605,2.748279571533203,0.004233905219233669,0.9297915864262372,0.049551416009598004,1.8361025325273665,1.7199365174747072e-05,underdamped
1349,0.06857611958000827,0.0966935083270073,0.47041420987065624,0.45875900983810425,0.028117388746999025,41.001720306139894,0.011655200032551993,2.4776462504728913,8.48351774038747e-05,underdamped
1350,0.6903746402551358,8.038113594055176,0.32422400619090663,2.7942967414855957,7.3477389538000395,1064.3118280075582,2.470072735294689,761.8414084490348,0.00225519435480237,underdamped
1351,0.43365205743140234,0.4297809302806854,2.335052924952382,2.3081166744232178,0.003871127150716913,0.8926804529987203,0.026936250529164152,1.1535605999043237,2.9245453333714977e-05,underdamped
1352,1.0,1.0034120082855225,1.5593820425175082,1.620996117591858,0.003412008285522461,0.3412008285522461,0.06161407507434968,3.9511853666647507,1.596354559296742e-05,critically_damped
1353,1.5088238900865432,2.3883213996887207,1.0065447429482022,1.5767972469329834,0.8794975096021775,58.29026935355135,0.5702525039847812,56.65446151101968,0.00022132036974653602,overdamped
1354,0.2931372133082363,0.3105412423610687,2.7777630562652105,2.7838010787963867,0.017404029052832448,5.937161255105459,0.006038022531176246,0.21736996312761667,3.5105702409055084e-05,underdamped
1355,0.3838527604895848,0.392473429441452,1.6570799369987743,1.6502008438110352,0.00862066895186725,2.245827004310721,0.00687909318773916,0.41513345458748674,1.6650858015054837e-05,underdamped
1356,0.7339962441653572,0.743749737739563,2.422093813745922,2.512948513031006,0.00975349357420574,1.3288206379443597,0.09085469928508383,3.7510809354065136,1.0208687854174059e-05,underdamped
1357,1.0944950620230567,4.031881809234619,0.7655421094100798,2.685635566711426,2.9373867472115625,268.3782548805765,1.920093457301346,250.81487140935374,0.002473276574164629,overdamped
1358,1.1863132619163188,0.9885584115982056,3.9562062161285105,3.335576057434082,0.19775485031811324,16.66969903031082,0.6206301586944285,15.687507798867188,0.00021062191808596253,overdamped
1359,1.7274143968842435,3.903282642364502,1.7390255837726398,3.9687387943267822,2.1758682454802587,125.960988249542,2.2297132105541424,128.2162396781424,0.00022424600319936872,overdamped
1360,0.3898544834477396,0.3980613648891449,2.927863759524507,2.938359498977661,0.0082068814414053,2.105114033530268,0.010495739453153963,0.35847772694377344,1.3117417438479606e-05,underdamped
1361,1.7832926596801997,1.3745839595794678,2.8528734388117076,2.2257745265960693,0.4087087001007319,22.91876758882786,0.6270989122156383,21.981308518082756,0.00013972423039376736,overdamped
1362,0.179316139818008,0.2116975039243698,0.7571460728120794,0.7430494427680969,0.032381364106361804,18.058254064149708,0.014096630043982428,1.8618111550954521,0.0001543671969557181,underdamped
1363,0.22182159510861277,0.23154382407665253,2.939819212208656,2.920603036880493,0.009722228968039759,4.382904632562652,0.019216175328162777,0.6536516003555832,8.676412107888609e-05,underdamped
1364,1.2465146471438913,1.3115040063858032,2.9189329476315695,3.0960853099823,0.06498935924191196,5.21368596757531,0.17715236235073029,6.069079541360216,5.05189109389903e-06,overdamped
1365,0.09536522048784458,0.11005003750324249,3.572656347973062,3.560189723968506,0.014684817015397908,15.398503710553117,0.012466624004556337,0.3489455125352105,0.0007570281741209328,underdamped
1366,1.347547065321104,1.5883142948150635,1.5211155952643105,1.8035715818405151,0.24076722949395957,17.86707386258065,0.28245598657620463,18.569002083442896,6.512393883895129e-05,overdamped
1367,1.4463872354407876,1.2264362573623657,3.2234338543912884,2.761525869369507,0.2199509780784219,15.206921956234748,0.46190798502178154,14.32968709416896,8.36121616885066e-05,overdamped
1368,1.315219038970676,1.523239254951477,0.6551736727053448,0.7377052307128906,0.20802021598080112,15.816393301575307,0.08253155800754586,12.596897806768753,1.119861553888768e-05,overdamped
1369,0.6924510366162914,0.7143073678016663,1.3021464519293617,1.3035780191421509,0.02185633118537489,3.1563720797036168,0.0014315672127891421,0.10993903263861145,3.097545413766056e-05,underdamped
1370,1.7608606904122133,6.904451847076416,0.4801836264079796,1.7092311382293701,5.143591156664202,292.106649019469,1.2290475118213906,255.9536486104905,0.0003812400682363659,overdamped
1371,0.32513360456845897,0.32945677638053894,2.765970705474709,2.7630980014801025,0.004323171812079973,1.3296601001357589,0.0028727039946065958,0.10385880041753981,2.7225398298469372e-05,underdamped
1372,0.05901131626721931,0.13192753493785858,0.3870159278184363,0.41146624088287354,0.07291621867063927,123.56311176055586,0.024450313064437235,6.317650336062601,5.027181759942323e-05,underdamped
1373,1.8561576504399353,1.5075223445892334,3.616877457196974,2.965724229812622,0.3486353058507019,18.78263442591045,0.6511532273843521,18.003187420371884,8.327166142407805e-05,overdamped
1374,0.9708673274139339,1.2436941862106323,3.28936417688012,4.329339027404785,0.27282685879669843,28.10135340772235,1.0399748505246653,31.616287969398865,0.000107740139355883,underdamped
1375,1.5852497735846476,2.3235244750976562,1.2193956268129245,1.7788124084472656,0.7382747015130087,46.57150651052196,0.5594167816343412,45.8765612516146,0.00017384097736794502,overdamped
1376,1.0323771972712967,0.9372451305389404,3.616474198545485,3.2923924922943115,0.0951320667323563,9.21485547954782,0.3240817062511736,8.96126139601705,7.170697062974796e-05,overdamped
1377,0.8163968613436406,1.0862369537353516,1.6312635228045107,2.3005211353302,0.2698400923917109,33.05256366953729,0.6692576125256895,41.02694648471538,0.000464360840851441,underdamped
1378,0.6968660050056111,0.7805453538894653,1.8309539617040107,2.1259777545928955,0.0836793488838542,12.00795393702415,0.2950237928888848,16.113119120390966,0.000131049586343579,underdamped
1379,0.7180560433589773,0.7627786993980408,3.5200631105188043,3.779243230819702,0.044722656039063446,6.228296029632506,0.2591801203008979,7.36293958839558,2.768402009678539e-05,underdamped
1380,0.7706450554551963,0.8252549171447754,2.5618984359381405,2.7761573791503906,0.05460986168957904,7.08625343185037,0.21425894321225014,8.363287951100636,3.470140291028656e-05,underdamped
1381,1.0,5.7343926429748535,0.5403818186780198,3.211214065551758,4.7343926429748535,473.43926429748535,2.670832246873738,494.24909472483984,0.005086609162390232,critically_damped
1382,1.8776143992614163,3.5491771697998047,1.1041396764178248,2.0695877075195312,1.6715627705383884,89.02588152263421,0.9654480311017064,87.43894017412022,0.000162827069289051,overdamped
1383,0.2663871276228056,0.9195184707641602,3.9786756577911406,2.2058048248291016,0.6531313431413546,245.18127019491897,1.772870832962039,44.55932037310857,0.00040031387470662594,underdamped
1384,1.2219963352524523,1.3384073972702026,2.482258424361629,2.762979030609131,0.11641106201775031,9.526302056683415,0.28072060624750206,11.30908061354232,1.2710344890365377e-05,overdamped
1385,1.1369794491415661,1.1964014768600464,1.2701166926517289,1.33119797706604,0.059422027718480264,5.226306224210529,0.061081284414311154,4.80910807390356,9.328029591415543e-06,overdamped
1386,1.3838818014081278,2.604796886444092,1.4454926442345684,2.7067432403564453,1.220915085035964,88.22394252122243,1.261250596121877,87.2540307384094,0.0004340134037192911,overdamped
1387,1.743719242250738,6.64552640914917,0.8473701257403021,3.1353085041046143,4.901807166898432,281.11217953707575,2.287938378364312,270.0046070618152,0.00047441976494155824,overdamped
1388,1.3217546508532803,1.41336989402771,0.7273031523003164,0.7719573378562927,0.0916152431744297,6.93133503372097,0.04465418555597633,6.139693663466734,8.180975783034228e-06,overdamped
1389,1.3986093022000867,1.8621540069580078,1.3449301699533052,1.802509069442749,0.4635447047579211,33.1432590952127,0.45757889948944386,34.02250241031701,0.0001038319751387462,overdamped
1390,1.5089250607322267,1.966171145439148,0.9813505377028657,1.2596241235733032,0.4572460847069213,30.302769607725672,0.2782735858704375,28.356186212708167,9.104218770517036e-05,overdamped
1391,1.3607522268208754,3.2714147567749023,0.33749589475133646,0.665654718875885,1.910662529954027,140.41222878744847,0.32815882412454855,97.23342690326135,0.00024170767574105412,overdamped
1392,0.02333932157965517,0.052922602742910385,0.655147568069907,0.6137658357620239,0.029583281163255214,126.75296093029064,0.04138173230788311,6.316398674850535,0.00019467166566755623,underdamped
1393,1.9248249774963067,1.88399338722229,1.9901011206987487,1.9630043506622314,0.040831590274016616,2.1213144442425005,0.027096770036517226,1.361577547727988,1.5701288020864013e-06,overdamped
1394,0.585566750081999,0.5951154232025146,1.7758145234957015,1.7519892454147339,0.00954867312051566,1.6306720146214801,0.02382527808096757,1.341653521003273,1.7177846530103125e-05,underdamped
1395,0.2026306273669022,0.21259884536266327,2.3450656055963117,2.3376362323760986,0.009968217995761058,4.919403411662769,0.007429373220213087,0.31680875803574454,8.880521636456251e-05,underdamped
1396,1.882120206654623,2.2987780570983887,1.3852639837864824,1.6942243576049805,0.4166578504437657,22.137685413003176,0.30896037381849806,22.30335715319656,7.602645837323507e-06,overdamped
1397,1.0,1.8495676517486572,0.6170950570115459,4.300562381744385,0.8495676517486572,84.95676517486572,3.683467324732839,596.904363903197,0.14053282141685486,critically_damped
1398,0.8183955526992095,0.8157449960708618,1.0844344646206074,1.0923545360565186,0.002650556628347678,0.3238723157287067,0.007920071435911114,0.7303411772957598,1.4468978406512178e-05,underdamped
1399,1.7364934790089142,1.6738202571868896,2.7488952694435533,2.68692946434021,0.0626732218220245,3.60918267644717,0.061965805103343374,2.2542075644768684,7.775944141030777e-06,overdamped
1400,0.3767750034914442,0.37955671548843384,1.1822433682879954,1.1731597185134888,0.002781711996989622,0.73829526141927,0.009083649774506597,0.7683400912335516,0.00010760428267531097,underdamped
1401,1.9002819351701126,3.0089826583862305,0.7810461150783414,1.2034177780151367,1.108700723216118,58.344012154010585,0.4223716629367953,54.0776856555301,7.14637862984091e-05,overdamped
1402,1.0,2.7277865409851074,1.2033095320893705,3.3289639949798584,1.7277865409851074,172.77865409851074,2.1256544628904877,176.6506793309948,0.0019242551643401384,critically_damped
1403,1.7304649508715175,1.551889181137085,3.2502520324253226,2.9635536670684814,0.17857576973443257,10.319525376373333,0.2866983653568411,8.820804125239118,3.0788440199103206e-05,overdamped
1404,0.8677425472904147,0.85396808385849,1.3668335044109532,1.3371034860610962,0.013774463431924677,1.5873905774168133,0.029730018349857,2.175101667753555,4.587231160257943e-05,underdamped
1405,1.2500959867596533,1.3163089752197266,0.7160636393896631,0.7480422854423523,0.06621298846007329,5.296632351544663,0.031978646052689186,4.465894411276934,5.552896709559718e-06,overdamped
1406,0.5493952902791144,0.566310465335846,3.367634407346602,2.939673662185669,0.01691517505673157,3.0788715076421562,0.4279607451609331,12.70805240103626,0.00012898810382466763,underdamped
1407,1.347441170695777,1.1271657943725586,3.270407075803016,2.7517952919006348,0.22027537632321836,16.347680411863543,0.5186117839023812,15.857713485867542,0.00012968759983778,overdamped
1408,1.3629116425445957,3.5729074478149414,0.39426009736766954,0.8902581334114075,2.2099958052703457,162.15253698649306,0.49599803604373793,125.804776936681,0.0005370201542973518,overdamped
1409,1.1165174042970316,1.0188086032867432,2.945195002246379,2.7104246616363525,0.09770880101028845,8.75121163667007,0.23477034061002655,7.971300386934003,6.0790622228523716e-05,overdamped
1410,0.42498902845146663,1.6616199016571045,0.8150386510373471,2.552621364593506,1.236630873205638,290.9794819201692,1.7375827135561588,213.19022249369849,0.029008448123931885,underdamped
1411,1.5060597618810032,1.1774072647094727,3.653282500119026,2.8728458881378174,0.32865249717153056,21.822009025794426,0.7804366119812087,21.36261326507823,0.00015321500541176647,overdamped
1412,0.7670139079176358,0.7610296010971069,1.3144766536419663,1.3194915056228638,0.005984306820528862,0.78020838458792,0.005014851980897461,0.38150939896901304,1.3864958418707829e-05,underdamped
1413,1.0,1.4412662982940674,1.824164589846887,2.692932367324829,0.4412662982940674,44.12662982940674,0.8687677774779421,47.62551484188513,0.0003701829118654132,critically_damped
1414,1.4398873275129942,1.9647616147994995,1.5347643803521027,2.099952459335327,0.5248742872865053,36.45245549824235,0.5651880789832244,36.82572297211902,9.022418817039579e-05,overdamped
1415,1.3781282222025824,1.1647905111312866,3.441025030989107,2.9124884605407715,0.21333771107129573,15.480251230203418,0.5285365704483356,15.359858347104499,9.829920600168407e-05,overdamped
1416,0.4903950202388294,2.2938783168792725,0.7084164193532494,3.2733700275421143,1.803483296640443,367.7613397791276,2.5649536081888646,362.06862773318346,0.020122777670621872,underdamped
1417,0.8250296394345121,0.9627198576927185,2.712974060239808,3.3551528453826904,0.13769021825820638,16.689123841972677,0.6421787851428826,23.670657031129835,9.151159611064941e-05,underdamped
1418,1.3075688811703432,1.4390860795974731,1.0993624767873533,1.2173277139663696,0.13151719842712994,10.058146864845476,0.1179652371790163,10.730331412051095,3.265060513513163e-05,overdamped
1419,1.093564085928342,0.9750223755836487,3.7075306325072095,3.319766044616699,0.1185417103446933,10.839941789425314,0.38776458789051027,10.458837062346408,0.00011018571240128949,overdamped
1420,0.8528129206524343,0.8606264591217041,1.856904636020826,1.8688908815383911,0.007813538469269798,0.9162077965812414,0.01198624551756522,0.6454960198306484,2.202026007580571e-05,underdamped
1421,0.16662602221539444,0.177339568734169,3.6651971756880615,3.6412572860717773,0.01071354651877457,6.429695900034966,0.023939889616284127,0.6531678506979622,4.23075798607897e-05,underdamped
1422,1.0,1.3770354986190796,2.03675696049164,2.9835667610168457,0.3770354986190796,37.70354986190796,0.9468098005252057,46.48614532274195,0.00015515666746068746,critically_damped
1423,0.6893276675425637,0.7174109220504761,0.8296723201135121,0.8688445091247559,0.02808325450791238,4.074006576296074,0.03917218901124375,4.721404831956354,6.490952273452422e-06,underdamped
1424,1.3809310830419292,3.5351529121398926,0.4415635336564828,0.9922876358032227,2.1542218290979633,155.99777972645973,0.5507241021467398,124.72137306863277,0.0005315623711794615,overdamped
1425,1.3503856287877645,1.2403602600097656,3.3652517175687753,3.14528226852417,0.11002536877799884,8.147699918634958,0.21996944904460536,6.536493181066473,3.971809564973228e-05,overdamped
1426,0.6195858069308602,0.6095259785652161,0.6617612065823044,0.6540905237197876,0.010059828365644119,1.6236376387438294,0.00767068286251682,1.159131539627777,6.71974485157989e-05,underdamped
1427,0.27705555482928357,0.28067776560783386,2.368420097918511,2.3330118656158447,0.0036222107785502944,1.3073951109849549,0.03540823230266632,1.4950148554213372,0.00011114227527286857,underdamped
1428,1.029281564567049,1.1279979944229126,2.1616870716503604,2.4007017612457275,0.0987164298558636,9.590809089968214,0.2390146895953671,11.056858910336596,3.300909884274006e-05,overdamped
1429,1.8184649939590822,1.330045461654663,3.779531519566602,2.7976696491241455,0.48841953230441915,26.858891093694005,0.9818618704424567,25.978401433070903,0.00017558358376845717,overdamped
1430,1.9347573630345152,4.542595386505127,0.33295059719241066,0.6842916011810303,2.6078380234706118,134.78889256585757,0.3513410039886196,105.52346412689604,0.0001227341708727181,overdamped
1431,1.5452129768543283,1.4356157779693604,2.3854640180686086,2.222158670425415,0.109597198884968,7.092692109542129,0.1633053476431936,6.845852480114699,2.067497916868888e-05,overdamped
1432,0.5699291038744918,0.6045901775360107,0.4942516208848573,0.509922206401825,0.03466107366151894,6.081646546190752,0.01567058551696765,3.170568361295942,9.396742098033428e-05,underdamped
1433,1.8275311439545114,1.6142524480819702,3.3823018386978165,3.042201519012451,0.21327869587254122,11.670317990370176,0.34010031968536536,10.055291807318524,3.917011781595647e-05,overdamped
1434,1.5833476968126445,2.0658533573150635,0.9820674231663751,1.253106951713562,0.48250566050241894,30.47376526796522,0.27103952854718694,27.59887174276723,5.847233842359856e-05,overdamped
1435,1.1064515229820355,1.0691999197006226,2.063233969416811,2.024216651916504,0.03725160328141297,3.3667632524030418,0.039017317500307236,1.8910757615790796,2.3139002678362885e-06,overdamped
1436,0.6018616589522193,0.8226412534713745,3.6775877662503507,2.120908737182617,0.2207795945191552,36.68278104033247,1.5566790290677335,42.328807033609294,6.235647015273571e-05,underdamped
1437,0.4339448728012729,7.232100963592529,0.3550457909702867,3.2386879920959473,6.798156090791256,1566.5944033182536,2.8836422011256606,812.1888146441901,0.011445766314864159,underdamped
1438,1.0,1.4463481903076172,2.8295946358419415,4.352017402648926,0.4463481903076172,44.63481903076172,1.5224227668069843,53.80356421102663,0.0003732160257641226,critically_damped
1439,1.2156428262630221,3.19499135017395,0.4769738036160096,1.099698781967163,1.979348523910928,162.82319782987534,0.6227249783511535,130.5574800188569,0.000994557747617364,overdamped
1440,0.3706457857259365,0.39307132363319397,2.7235986990290084,2.726797342300415,0.022425537907257487,6.050396030629474,0.0031986432714066204,0.11744179759474002,6.70942390570417e-05,underdamped
1441,1.7451138134240658,3.6779420375823975,1.1519056517988748,2.403549909591675,1.9328282241583317,110.75657124998361,1.2516442577928,108.65857423636807,0.00024394970387220383,overdamped
1442,1.6641665110080037,1.8567830324172974,2.47878069406674,2.790886640548706,0.19261652140929364,11.574353896391276,0.312105946481966,12.591107685687126,2.7635094284050865e-06,overdamped
1443,0.5675468683566703,1.1249068975448608,2.3162359694385217,4.409235000610352,0.5573600291881905,98.2051104963409,2.09299903117183,90.36208135905916,0.0038418127223849297,underdamped
1444,0.3016531412050746,0.3289937973022461,3.3665540769081614,3.34366774559021,0.027340656097171512,9.063607290130738,0.02288633131795148,0.6798147540517232,9.06840868992731e-05,underdamped
1445,1.723631560962031,1.3130115270614624,3.780846786323172,2.9127285480499268,0.41062003390056856,23.82295864154311,0.8681182382732451,22.96094730454496,0.00014475123316515237,overdamped
1446,1.0711853387197494,1.1081844568252563,0.7896451252221128,0.8112006187438965,0.036999118105506934,3.454035148551159,0.021555493521783653,2.7297697197485373,7.079618171701441e-06,overdamped
1447,0.24051314512305674,0.26360517740249634,0.7989153280014566,0.7842288613319397,0.023092032279439595,9.601151848737718,0.014686466669516896,1.8383007754095964,0.00010076090256916359,underdamped
1448,0.024879367150318858,0.03048449009656906,1.413607841366359,1.4195133447647095,0.005605122946250204,22.529202259786448,0.005905503398350387,0.4177610809404021,0.00018710593576543033,underdamped
1449,0.2872993917953801,0.29097121953964233,3.220228915717569,3.1924822330474854,0.003671827744262224,1.2780492577155773,0.027746682670083622,0.8616369642125514,4.3493742850841954e-05,underdamped
1450,0.6831610106968914,0.6743276715278625,3.0071061503802503,3.0387721061706543,0.008833339169028842,1.2930098513698796,0.03166595579040399,1.053037512041263,8.422867722401861e-06,underdamped
1451,1.835304668605587,1.9290289878845215,2.546843343170185,2.710986852645874,0.09372431927893454,5.106744448601205,0.1641435094756889,6.444978640553963,1.2896073258161778e-06,overdamped
1452,0.819700368179145,0.8112422227859497,1.2925692776272202,1.2591578960418701,0.008458145393195338,1.0318581913027536,0.033411381585350064,2.5848813029722946,1.6751777366152965e-05,underdamped
1453,1.808555821123588,4.485076904296875,0.9402636612328983,2.288378953933716,2.676521083173287,147.99217430349842,1.3481152927008175,143.37630478382346,0.00028129026759415865,overdamped
1454,1.074607782667749,1.1134098768234253,1.4915690071732537,1.5549389123916626,0.03880209415567637,3.6108145484810192,0.0633699052184089,4.248539954480843,1.0280949936714023e-05,overdamped
1455,1.0,2.7881784439086914,1.3878577910036638,4.194490909576416,1.7881784439086914,178.81784439086914,2.806633118572752,202.22771646820283,0.0020529543980956078,critically_damped
1456,0.47321332932625104,0.47035181522369385,2.2186723211525745,2.2142269611358643,0.0028615141025571944,0.6046985419094902,0.004445360016710254,0.20036126895930897,6.593070338567486e-06,underdamped
1457,1.888745743572401,1.819154143333435,3.4976961916124902,3.397855520248413,0.06959160023896604,3.6845404139648505,0.09984067136407715,2.8544695106309135,2.3115220756153576e-05,overdamped
1458,1.3275232756848634,1.5027397871017456,1.0432043625200216,1.1739767789840698,0.17521651141688221,13.198752490911225,0.13077241646404825,12.535647008621325,3.1639556254958734e-05,overdamped
1459,0.8972997441891158,1.1583107709884644,2.1499331545121567,3.060640335083008,0.2610110267993485,29.088498964771524,0.9107071805708511,42.35979051997552,0.0001630360056878999,underdamped
1460,0.5538174794309837,0.5530328154563904,1.0167083894852524,1.0169639587402344,0.0007846639745933137,0.14168277523481415,0.0002555692549819355,0.025136927916108498,2.925077933468856e-05,underdamped
1461,1.3130287158076694,1.403626799583435,1.0039863100390325,1.0609185695648193,0.09059808377576561,6.899931637826898,0.056932259525786844,5.670621098765127,2.176625912397867e-06,overdamped
1462,1.0,1.7258747816085815,0.42213617168698836,4.6814866065979,0.7258747816085815,72.58747816085815,4.259350434910912,1008.9991620213956,0.28862014412879944,critically_damped
1463,0.7059651156605478,0.8355671763420105,2.904392927591511,3.7553341388702393,0.12960206068146274,18.35813948968264,0.8509412112787285,29.298419067022646,0.00023562593560200185,underdamped
1464,1.1409632380342993,1.163521647453308,3.0326925325160414,3.1231179237365723,0.022558409419008774,1.9771372702483712,0.09042539122053084,2.981686743743533,8.676913694216637e-07,overdamped
1465,1.0,2.3367254734039307,1.1916739173959383,2.7827413082122803,1.3367254734039307,133.67254734039307,1.591067390816342,133.51533230610298,0.0018133705016225576,critically_damped
1466,1.3274623712610178,1.4695411920547485,1.9662679580733053,2.1760268211364746,0.1420788207937307,10.703039413370599,0.20975886306316927,10.66786763227869,1.0074910278490279e-05,overdamped
1467,0.7202951467014417,4.585851669311523,0.45746737666544124,-0.0005024204147048295,3.8655565226100816,536.6628583174854,0.45796979708014607,100.10982650137088,2.2761476429877803e-05,underdamped
1468,0.05419454486101,0.5591840147972107,3.618154857742484,0.5243975520133972,0.5049894699362008,931.8086741595886,3.0937573057290866,85.50649232463779,0.011494793929159641,underdamped
1469,1.0,0.8997287750244141,3.600974209810926,3.162829637527466,0.10027122497558594,10.027122497558594,0.43814457228346004,12.167389899370189,0.00015214794257190078,critically_damped
1470,0.8737926426178307,0.8995181322097778,3.498679583989929,3.7036659717559814,0.025725489591947093,2.944118356830639,0.2049863877660525,5.858964299105207,5.9262988543196116e-06,underdamped
1471,1.5400313868939226,3.3046810626983643,1.0506600758668483,2.227586507797241,1.7646496758044417,114.58530591143014,1.176926431930393,112.01781232235064,0.00042663756175898015,overdamped
1472,1.9496633170651512,1.84319007396698,2.3419267278858604,2.218365430831909,0.10647324309817119,5.461109216459306,0.12356129705395125,5.27605307128863,9.19112153496826e-06,overdamped
1473,1.8626205161567093,3.753382921218872,1.0880490970232637,2.17645001411438,1.8907624050621628,101.51087613721343,1.0884009170911162,100.03233494415049,0.0001739658328006044,overdamped
1474,0.3038990861454299,1.2860838174819946,0.8609254286569166,2.8064098358154297,0.9821847313365648,323.19436816817,1.9454844071585131,225.97594894990598,0.04703149199485779,underdamped
1475,1.1863340433001957,3.99971079826355,0.7179941575608075,2.288377523422241,2.813376754963354,237.1487837554573,1.5703833658614337,218.71812595194226,0.0017570354975759983,overdamped
1476,1.587896451279085,2.0590150356292725,2.4686198358645637,3.2480995655059814,0.4711185843501875,29.669351800030242,0.7794797296414178,31.575527277104097,3.4530148695921525e-05,overdamped
1477,1.4652426034372605,1.4827239513397217,2.6791856475928064,2.733889102935791,0.017481347902461142,1.1930684967426057,0.0547034553429846,2.0417941321884334,1.4443218105952838e-06,overdamped
1478,1.679388202542888,2.480238676071167,1.3385239932151112,1.9745631217956543,0.8008504735282791,47.68703700047739,0.6360391285805431,47.51794751566524,0.00011371832806617022,overdamped
1479,1.6305977714647752,1.9548770189285278,1.9968911491699444,2.4166436195373535,0.3242792474637526,19.887139130114882,0.41975247036740915,21.02029800381905,1.550170054542832e-05,overdamped
1480,0.42525638962263496,0.4551105499267578,3.8981497147138247,3.8879554271698,0.029854160304122856,7.020273188749712,0.01019428754402485,0.26151605992827404,5.205682828091085e-05,underdamped
1481,1.3024182824408526,2.446716547012329,0.31000311194029523,0.47507444024086,1.1442982645714765,87.85950565949946,0.16507132830056476,53.24828104704849,4.603159686666913e-05,overdamped
1482,0.44089978516009204,0.4579155445098877,3.979083458406476,3.8278961181640625,0.017015759349795656,3.8593258428595476,0.15118734024241354,3.7995518772798076,4.4806663936469704e-05,underdamped
1483,0.8163571292798634,0.9232243895530701,2.8319739951445637,3.3180153369903564,0.1068672602732067,13.090748698119164,0.48604134184579273,17.162634356075074,9.959836461348459e-05,underdamped
1484,1.9129995823088661,3.5921759605407715,0.8841715518583486,1.6329569816589355,1.6791763782319054,87.77714296232352,0.7487854298005869,84.68779935599515,0.00013069441774860024,overdamped
1485,0.695400252774484,2.218003034591675,0.9549940862005097,2.9062697887420654,1.5226027818171908,218.95344094891573,1.9512757025415557,204.32332835743523,0.00793372094631195,underdamped
1486,0.5577588285126975,5.585629940032959,0.309125992039483,2.089876413345337,5.027871111520262,901.4417799405215,1.780750421305854,576.059751416312,0.0031222577672451735,underdamped
1487,0.35244945464483535,0.3558829128742218,2.978780964643363,3.009225845336914,0.0034334582293864546,0.9741703907149931,0.030444880693551113,1.0220583874718077,1.7333662981400266e-05,underdamped
1488,1.4052103915339371,2.257620334625244,1.2383926714347517,1.985285758972168,0.852409943091307,60.660663216474696,0.7468930875374162,60.311491239050696,0.0002981055877171457,overdamped
1489,1.5452946534587726,3.54058837890625,0.6370129769419984,1.3775213956832886,1.9952937254474774,129.1205998145072,0.7405084187412901,116.24699112035755,0.0004228542384225875,overdamped
1490,1.5851997058442568,2.162464141845703,1.835582071950488,2.5157339572906494,0.5772644360014463,36.41588084284956,0.6801518853401614,37.053744190115815,6.157993630040437e-05,overdamped
1491,1.4450828061288694,1.3984355926513672,3.251028604685755,3.194014072418213,0.046647213477502225,3.227995882288722,0.05701453226754216,1.753738253344381,1.4014920452609658e-05,overdamped
1492,1.0660070886655395,1.1476773023605347,1.7868211421879148,1.9529855251312256,0.08167021369499516,7.6613199446199225,0.16616438294331082,9.299441282625914,2.022597436734941e-05,overdamped
1493,1.0,2.533087968826294,1.1943656677392387,3.2169854640960693,1.533087968826294,153.3087968826294,2.022619796356831,169.34677971658022,0.0010061421198770404,critically_damped
1494,1.0399053935400626,1.0405354499816895,2.1987494298073416,2.2044191360473633,0.0006300564416268362,0.06058786169787887,0.005669706240021721,0.2578604984797431,1.9339793198014377e-06,overdamped
1495,1.076206773673639,0.9684838056564331,3.5625078476902075,3.2231009006500244,0.10772296801720582,10.009504739455668,0.33940694704018304,9.527191561423265,7.151813042582944e-05,overdamped
1496,1.0,1.2092074155807495,2.9450512433237357,3.6758790016174316,0.2092074155807495,20.92074155807495,0.730827758293696,24.815451342330327,0.00010539242066442966,critically_damped
1497,1.2459832014119268,3.365065813064575,0.9176789096023714,2.4182779788970947,2.119082611652648,170.07312853426438,1.5005990692947233,163.5211459686842,0.0012617260217666626,overdamped
1498,0.9043253485164869,0.9842701554298401,1.4507606457248046,1.6201671361923218,0.07994480691335315,8.840270489431676,0.1694064904675172,11.677080638128366,2.7351845346856862e-05,underdamped
1499,1.0972857518017038,1.129007339477539,1.1553259309413892,1.186611294746399,0.03172158767583522,2.890914023420928,0.03128536380500968,2.7079253539750088,8.576582331443205e-06,overdamped
1500,1.9541486581986667,1.4076789617538452,3.583024522596854,2.597686290740967,0.5464696964448215,27.964591851909415,0.985338231855887,27.50018108002642,0.0001601674739504233,overdamped
1501,0.9235379469058632,5.3599748611450195,0.458340703446828,2.533984661102295,4.436436914239156,480.3740798201727,2.075643957655467,452.86049047054837,0.001554821152240038,underdamped
1502,1.6758352565975705,2.8133230209350586,1.4594317311068732,2.439476490020752,1.137487764337488,67.8758702479453,0.9800447589138788,67.15249079657778,0.00015615351730957627,overdamped
1503,1.9191040867764695,1.5395339727401733,2.8881479923009246,2.324531078338623,0.37957011403629615,19.7785058482087,0.5636169139623015,19.514821105593004,6.780427065677941e-05,overdamped
1504,1.851162879257676,3.512422800064087,0.3920757112954336,0.6749594807624817,1.661259920806411,89.74142358951056,0.2828837694670481,72.15029172105278,0.00012172475544502959,overdamped
1505,1.0,1.538764476776123,2.733652870548873,4.497836112976074,0.538764476776123,53.876447677612305,1.764183242427201,64.53574487945069,0.0004088655114173889,critically_damped
1506,0.8981819721142635,3.071672201156616,0.5532466621410205,0.006707223132252693,2.173490229042353,241.9877370646946,0.5465394390087678,98.78766134687622,3.7818266719114035e-05,underdamped
1507,1.1388586954916238,1.0252166986465454,3.2482833491250545,2.942967176437378,0.11364199684507836,9.978586219251833,0.3053161726876765,9.399308492281481,7.535289478255436e-05,overdamped
1508,0.06827319627951726,0.07139190286397934,1.8053118896475209,1.793385624885559,0.003118706584462075,4.567980927235015,0.011926264761961791,0.6606207398484669,0.00019649777095764875,underdamped
1509,0.8916430707690747,0.882499635219574,2.9268499958968617,2.9280505180358887,0.0091434355495007,1.025459160649805,0.0012005221390269938,0.041017549266617714,8.517322385159787e-06,underdamped
1510,0.8683723438557673,0.9562227725982666,3.540048165060921,4.00287389755249,0.08785042874249926,10.116677409649382,0.4628257324915692,13.073995350105763,2.0837189367739484e-05,underdamped
1511,0.1396423838099539,0.14696398377418518,3.253668376475102,3.2485783100128174,0.00732159996423129,5.243107260468721,0.005090066462284604,0.1564408499368637,0.0001043196753016673,underdamped
1512,1.0,4.531249523162842,0.5826151043014067,2.566800355911255,3.531249523162842,353.1249523162842,1.9841852516098482,340.5653641590729,0.0016989035066217184,critically_damped
1513,0.10012036058846284,0.10560332238674164,3.0560922667776227,3.033557176589966,0.005482961798278799,5.4763704066309735,0.02253509018765687,0.7373825205682719,0.0002930535119958222,underdamped
1514,1.1405984624372418,1.0172672271728516,3.265683179909047,2.950010061264038,0.12333123526439027,10.812853017604013,0.3156731186450088,9.666373045219919,7.798262959113345e-05,overdamped
1515,1.9079834393141146,2.4091219902038574,0.9712378293695707,1.2128583192825317,0.5011385508897428,26.265351185117886,0.24162048991296103,24.877582257045795,2.2223788619157858e-05,overdamped
1516,0.3225272777289006,0.32289862632751465,2.569860294053988,2.530815839767456,0.0003713485986140408,0.11513711374396582,0.03904445428653203,1.5193220571900776,6.168576510390267e-05,underdamped
1517,0.28240766950996643,0.30506962537765503,0.7944849273581858,0.7870283722877502,0.0226619558676886,8.024553974405727,0.007456555070435522,0.9385395258825101,0.00011544865992618725,underdamped
1518,1.0,1.2343857288360596,2.888215119889648,3.744145154953003,0.23438572883605957,23.438572883605957,0.8559300350633547,29.635259131807945,0.0001274189562536776,critically_damped
1519,1.850542174429026,2.557028293609619,1.3324650531875502,1.834158182144165,0.7064861191805931,38.177250372506386,0.5016931289566149,37.65150371159486,4.4567677832674235e-05,overdamped
1520,1.0,2.396670341491699,1.6219347847128929,4.037885665893555,1.3966703414916992,139.66703414916992,2.415950881180662,148.9548719191149,0.0009858618723228574,critically_damped
1521,1.0833080920754259,1.1439162492752075,2.00484610634789,2.1284074783325195,0.06060815719978163,5.59472948121962,0.12356137198462935,6.163134995419365,1.5748455552966334e-05,overdamped
1522,1.9066735546682843,3.09804368019104,1.0061371298309125,1.6167373657226562,1.1913701255227558,62.4842214130371,0.6106002358917437,60.68757605579657,7.616417133249342e-05,overdamped
1523,0.02165788125524255,0.056523263454437256,3.1063331954992557,3.089139223098755,0.0348653821991947,160.98242384977118,0.0171939724005008,0.5535134616406581,0.0029342006891965866,underdamped
1524,1.0,1.277819037437439,2.9460866579542198,3.9486801624298096,0.27781903743743896,27.781903743743896,1.0025935044755898,34.03136502345103,0.00014007148274686188,critically_damped
1525,1.7586574662055996,1.33022141456604,3.6774946978378957,2.7904579639434814,0.42843605163955956,24.36154054285136,0.8870367338944143,24.120680158041523,0.0001298310817219317,overdamped
1526,1.847070550562496,1.9009851217269897,1.9666654907791747,2.0463595390319824,0.05391457116449372,2.9189232186109453,0.07969404825280768,4.052242164539819,5.332824457582319e-07,overdamped
1527,1.3853216921965548,1.2858864068984985,2.4338795275075893,2.2481417655944824,0.09943528529805623,7.177775808909226,0.18573776191310687,7.6313457512546385,2.1462054064613767e-05,overdamped
1528,1.5407769860762532,1.2610276937484741,3.3361490276785433,2.7765958309173584,0.2797492923277791,18.156377909056744,0.5595531967611849,16.77242809355401,0.00010921269131358713,overdamped
1529,1.0,1.0439612865447998,3.4529327733366952,3.774890661239624,0.043961286544799805,4.3961286544799805,0.3219578879029288,9.324186395665302,2.9343980713747442e-05,critically_damped
1530,0.4635997775983213,0.24767953157424927,3.7055249604980465,0.2201186716556549,0.21592024602407206,46.57470871592021,3.4854062888423916,94.05971693613772,0.00043538480531424284,underdamped
1531,0.1036162642814499,0.11512189358472824,2.9918771602175043,2.9878921508789062,0.011505629303278336,11.1040765492432,0.003985009338598022,0.1331942832274678,0.0002575949183665216,underdamped
1532,1.3864826347895436,1.607727289199829,0.8540136238702944,0.9806646108627319,0.2212446544102855,15.957261119528454,0.1266509869924375,14.83008976115268,3.9987429772736505e-05,overdamped
1533,1.0,0.9851733446121216,3.624973476849715,3.729461669921875,0.014826655387878418,1.4826655387878418,0.10448819307215995,2.882454002476329,1.6264431906165555e-05,critically_damped
1534,1.0,0.85761559009552,3.973740183563002,2.7664313316345215,0.14238440990447998,14.238440990447998,1.2073088519284805,30.382178908485223,5.498369500855915e-05,critically_damped
1535,0.8581688002659377,0.9616785645484924,3.1137367394841524,3.6348743438720703,0.10350976428255476,12.061702109244493,0.5211376043879179,16.736726576128394,4.748681385535747e-05,underdamped
1536,0.5956060795492145,0.5903326869010925,0.9378668736751612,0.9346153736114502,0.005273392648121988,0.8853826092764474,0.003251500063710999,0.34669100220690663,6.457504059653729e-05,underdamped
1537,0.1366551634331516,0.1431189328432083,2.841802675486337,2.835624933242798,0.006463769410056719,4.72998549609773,0.006177742243539175,0.21738814931905628,5.204959961702116e-05,underdamped
1538,0.859212659202841,0.8402412533760071,1.3394696896418792,1.2775614261627197,0.018971405826833876,2.207998872413628,0.06190826347915945,4.621848777758551,1.1654265108518302e-05,underdamped
1539,0.9287910681300566,1.8495546579360962,1.0270088431698348,2.28206467628479,0.9207635898060396,99.1357067698574,1.2550558331149553,122.20496848315928,0.0009557664743624628,underdamped
1540,1.1176571925532017,1.2434760332107544,2.8419579483388073,3.2233541011810303,0.12581884065755267,11.257373145886461,0.38139615284222295,13.420189875263924,2.100996789522469e-05,overdamped
1541,0.19900012159572797,0.7629964351654053,3.0522068365532484,1.359647512435913,0.5639963135696773,283.4150597734031,1.6925593241173353,55.453624696964646,0.0024061575531959534,underdamped
1542,1.2448442259503907,1.9193005561828613,2.4648675312058734,3.8452835083007812,0.6744563302324706,54.179978199083436,1.3804159770949078,56.00365778762863,0.00022108714620117098,overdamped
1543,0.07849857578438478,-0.6678890585899353,3.7578209177307356,0.4131874442100525,0.7463876343743201,950.8295238686281,3.344633473520683,89.00459991958407,0.012885856442153454,underdamped
1544,0.17293527324484445,0.18497024476528168,2.142816811716755,2.135345458984375,0.012034971520437227,6.959234686262025,0.007471352732379977,0.3486696898926312,8.895438077161089e-05,underdamped
1545,1.5089015285701626,2.002192974090576,1.2178342361014192,1.6198359727859497,0.4932914455204136,32.69208998600839,0.40200173668453054,33.00956113464464,6.577101157745346e-05,overdamped
1546,0.37139314629312314,0.3735813498497009,1.4360585436021,1.4311848878860474,0.0021882035565777835,0.5891879207837447,0.004873655716052694,0.3393772306683254,1.7261159882764332e-05,underdamped
1547,0.25673933484407463,0.2561224400997162,1.785948901258235,1.7989832162857056,0.0006168947443584427,0.24028057279695808,0.013034315027470544,0.7298257535972961,6.525873322971165e-05,underdamped
1548,0.525630952243112,0.912036120891571,2.7972830742296657,4.582728862762451,0.3864051686484591,73.51263600430842,1.7854457885327855,63.827855142063996,0.003086572512984276,underdamped
1549,0.9313758830360696,1.6334797143936157,1.8119640523465936,3.5541253089904785,0.7021038313575462,75.38350993895723,1.7421612566438849,96.14767215650276,0.0004702422011177987,underdamped
1550,0.4520660959357855,0.4436236321926117,2.2023316219885,2.190399646759033,0.008442463743173811,1.8675286244808404,0.011931975229466651,0.5417883079158257,1.4470608221017756e-05,underdamped
1551,0.596087380891054,0.5949462056159973,1.0456164554223513,1.0350260734558105,0.0011411752750566384,0.19144429351125777,0.010590381966540718,1.0128361993177502,1.4708713933941908e-05,underdamped
1552,1.261492260774642,1.053261160850525,3.8632534236953076,3.253272771835327,0.20823109992411704,16.506728293065308,0.6099806518599804,15.789299457256863,0.00014029679005034268,overdamped
1553,1.6178056463242694,1.1974211931228638,3.3685708014931515,2.5201449394226074,0.4203844532014056,25.98485511263599,0.848425862070544,25.18652307068835,0.0002876953221857548,overdamped
1554,1.6710425716338269,1.793268084526062,2.6208697350675414,2.853959083557129,0.12222551289223516,7.314326694425967,0.2330893484895875,8.893587703762035,1.0311308642485528e-06,overdamped
1555,1.1503389388236978,1.2416706085205078,3.0255377631457314,3.272859573364258,0.09133166969681006,7.9395443042381135,0.2473218102185264,8.174474410174918,6.835051863163244e-06,overdamped
1556,1.9225179040834324,1.5350184440612793,2.7963366077742267,2.2524771690368652,0.3874994600221531,20.15583101718342,0.5438594387373614,19.448997564361612,7.46230871300213e-05,overdamped
1557,1.6318529830576383,1.2998239994049072,3.2403041613466623,2.6049468517303467,0.33202898365273104,20.346746128477893,0.6353573096163156,19.607952771700997,0.00011917950178030878,overdamped
1558,0.3944385001767741,0.39705848693847656,0.677263427229073,0.676188051700592,0.002619986761702442,0.6642320058838708,0.0010753755284809152,0.1587824597115278,1.8001042917603627e-05,underdamped
1559,0.6112209859671475,0.6057398319244385,1.4343025557449471,1.4341262578964233,0.005481154042708991,0.8967548838389522,0.0001762978485237987,0.01229153833810421,6.19129350525327e-05,underdamped
1560,1.5418361697034642,1.3580771684646606,3.300474202483969,2.9538824558258057,0.1837590012388035,11.918192402643221,0.3465917466581634,10.50127119300963,4.49504514108412e-05,overdamped
1561,0.7801233442258411,0.8061664700508118,3.679324638850994,3.9857661724090576,0.026043125824970703,3.3383343823424125,0.3064415335580635,8.328744094018331,2.9237269700388424e-05,underdamped
1562,1.102670884142267,3.0219359397888184,0.9297056096429621,2.4696264266967773,1.9192650556465514,174.0560200915695,1.5399208170538152,165.6353152096389,0.00195927731692791,overdamped
1563,1.0,2.2960517406463623,0.3110793933886358,3.3717472553253174,1.2960517406463623,129.60517406463623,3.0606678619366816,983.8864055237972,0.27459704875946045,critically_damped
1564,1.7101625251698187,3.341085195541382,0.5190544393488415,0.9469540119171143,1.6309226703715631,95.36653074593673,0.4278995725682727,82.43828395053832,0.00017554318765178323,overdamped
1565,1.3471967029421021,2.1618380546569824,0.9052277718778037,1.4132643938064575,0.8146413517148803,60.469369464444924,0.5080366219286538,56.12251829998356,0.00033432888449169695,overdamped
1566,1.5837708068159588,2.3650293350219727,1.384900366750195,2.0566964149475098,0.7812585282060138,49.329014327311036,0.6717960481973149,48.508619415976504,0.00013366303755901754,overdamped
1567,1.6906111831642916,2.4988880157470703,1.22178472257886,1.7869842052459717,0.8082768325827787,47.809741271789,0.5651994826671116,46.26015305496102,0.0001245330204255879,overdamped
1568,1.3856231554283307,1.7644081115722656,0.6380635283258778,0.7838341593742371,0.3787849561439349,27.33679461547704,0.1457706310483593,22.84578644242928,7.45648067095317e-05,overdamped
1569,1.2534690942507605,1.4250895977020264,1.5129141812041973,1.735235571861267,0.1716205034512659,13.691642198314359,0.2223213906570698,14.694910882526996,4.4101165258325636e-05,overdamped
1570,0.13283608158100696,0.6224560737609863,3.7301691980191816,2.2917537689208984,0.48961999217997937,368.589607847922,1.4384154290982831,38.56166711853499,0.0035902010276913643,underdamped
1571,0.3775419865471365,0.9458435773849487,3.99610232865449,2.3865456581115723,0.5683015908378122,150.52672579155885,1.6095566705429176,40.27816452550314,0.00039901083800941706,underdamped
1572,0.4066870465956106,0.43198031187057495,0.44516606439007256,0.44777870178222656,0.02529326527496434,6.219343715688763,0.0026126373921540047,0.5868905114619667,1.3400064744928386e-05,underdamped
1573,0.5365593984091349,0.5358270406723022,3.3069438449684254,3.0780324935913086,0.0007323577368326672,0.13649145630550172,0.22891135137711682,6.9221420776590925,5.092070932732895e-05,underdamped
1574,0.6303429297044111,0.6155748963356018,1.3495764162890036,1.361398696899414,0.014768033368809275,2.34285698670952,0.011822280610410463,0.8759993482191076,9.552621122566052e-06,underdamped
1575,1.8978785015076702,1.5637825727462769,3.6861970816541856,3.077634811401367,0.3340959287613934,17.603652103967054,0.6085622702528184,16.50921686421946,6.893081445014104e-05,overdamped
1576,0.4678718043400417,0.4729499816894531,2.358349950762649,2.3839237689971924,0.005078177349411406,1.0853779394923033,0.0255738182345433,1.0843945456980706,4.0771294152364135e-05,underdamped
1577,1.8209179322437024,3.6210947036743164,1.6144224678035355,3.2320263385772705,1.800176771430614,98.86095026877288,1.617603870773735,100.19706136613225,0.00015852076467126608,overdamped
1578,1.0,0.9499830007553101,3.7878798816747357,3.5842936038970947,0.05001699924468994,5.001699924468994,0.20358627777764093,5.374676181326778,6.408746412489563e-05,critically_damped
1579,1.7725213441378118,1.318089246749878,3.92770988358619,2.925309419631958,0.4544320973879339,25.63760932362585,1.002400463954232,25.52124504264535,0.0001429990225005895,overdamped
1580,0.5667885734602193,0.5643634796142578,2.1663422658201554,2.204669713973999,0.002425093845961457,0.42786569093239935,0.03832744815384359,1.7692240399202666,2.819380461005494e-05,underdamped
1581,0.771699962650417,0.8519948720932007,3.5778924203529483,3.9667415618896484,0.08029490944278372,10.404938878966568,0.38884914153670014,10.868106020312968,6.25565808149986e-05,underdamped
1582,1.925705295931749,2.718667507171631,1.9140243831742458,2.7214996814727783,0.7929622112398818,41.177755127697694,0.8074752982985325,42.18730468623413,3.332277628942393e-05,overdamped
1583,0.5497412058026611,1.3360962867736816,0.9694912346174802,2.407686233520508,0.7863550809710206,143.04095684857506,1.4381949989030276,148.34533284568352,0.012376772239804268,underdamped
1584,0.9429939893353644,0.7724014520645142,1.0653580308625623,0.8076685667037964,0.17059253727085022,18.09052223027278,0.2576894641587659,24.18806229396223,2.757947368081659e-05,underdamped
1585,0.41725339006683376,-0.6115562319755554,3.4744122644116793,0.5518700480461121,1.0288096220423892,246.56710922770432,2.922542216365567,84.11616106416318,9.004246385302395e-05,underdamped
1586,1.0,1.9967888593673706,1.336061095446029,3.126586675643921,0.9967888593673706,99.67888593673706,1.7905255801978919,134.01524722940493,0.0018091772217303514,critically_damped
1587,0.4778542305790018,0.46457594633102417,3.069427319941186,3.090592861175537,0.013278284247977612,2.7787311272495607,0.021165541234350993,0.6895599415840395,1.8411648852634244e-05,underdamped
1588,1.8406114050538362,1.5670335292816162,3.1993215189465016,2.7588798999786377,0.27357787577222004,14.863423915610158,0.44044161896786393,13.766719485977017,6.372859206749126e-05,overdamped
1589,1.0,1.3316198587417603,3.1347094201554224,4.40247106552124,0.33161985874176025,33.161985874176025,1.2677616453658178,40.442716547008075,0.00023823264928068966,critically_damped
1590,1.3517624124165086,1.597546100616455,2.6175436258201126,3.135413646697998,0.24578368819994645,18.182462091142607,0.5178700208778855,19.784580312988275,3.357750392751768e-05,overdamped
1591,1.8783815397992494,2.4208927154541016,0.6479122857083001,0.8159286379814148,0.5425111756548522,28.88184131711775,0.16801635227311473,25.931959615403592,2.9667080525541678e-05,overdamped
1592,0.7472396580218905,0.7689340114593506,2.0187097436568537,2.104832172393799,0.021694353437460068,2.9032658002774965,0.08612242873694509,4.266211574376015,2.5314522645203397e-05,underdamped
1593,1.4495504516216071,1.1374415159225464,3.915898325411785,3.096013069152832,0.31210893569906073,21.531429647716337,0.8198852562589529,20.937347911675825,0.0001583402045071125,overdamped
1594,1.8909745859840232,1.7741442918777466,2.3544162186287454,2.2091567516326904,0.11683029410627666,6.178311172039398,0.14525946699605496,6.169659631407768,1.1374398127372842e-05,overdamped
1595,1.1065561640217636,1.0153697729110718,2.7791241457774003,2.5742506980895996,0.09118639111069182,8.240556970852351,0.2048734476878007,7.371871026311844,4.5604374463437125e-05,overdamped
1596,0.13138170033152669,0.14985767006874084,1.0975971082536926,1.0709184408187866,0.01847596973721416,14.062818254438907,0.02667866743490599,2.4306430141158524,5.277181844576262e-05,underdamped
1597,1.8697151365434732,2.519439935684204,1.2350626155282605,1.6576553583145142,0.6497247991407309,34.7499352410374,0.4225927427862537,34.21630105818582,3.46487904607784e-05,overdamped
1598,0.7317967499368613,0.730260968208313,0.7585523799596703,0.7387109398841858,0.001535781728548291,0.20986451889555358,0.019841440075484496,2.6156980848889297,1.5675463146180846e-05,underdamped
1599,1.425923317733571,2.2652037143707275,1.0424885011898537,1.6275638341903687,0.8392803966371565,58.858732878507645,0.585075333000515,56.12295313883404,0.00027245908859185874,overdamped
1600,1.9062251281662004,1.282773733139038,3.3947517414652055,2.2705230712890625,0.6234513950271623,32.70607368537451,1.124228670176143,33.116668192382036,0.0002617061254568398,overdamped
1601,0.1794981354035313,0.19627633690834045,3.343926329762409,3.3311169147491455,0.01677820150480916,9.347284564873021,0.012809415013263603,0.3830651082009253,0.00011268780508544296,underdamped
1602,1.4126036918842062,1.788658857345581,2.0574187164536792,2.6237099170684814,0.37605516546137485,26.6214202625913,0.5662912006148022,27.524353505974908,6.240054062800482e-05,overdamped
1603,1.8379051406437983,2.595993757247925,1.3637129872586182,1.9165083169937134,0.7580886166041265,41.247428925443685,0.5527953297350952,40.53604643351992,4.762358730658889e-05,overdamped
1604,0.18972378343393723,0.19534198939800262,2.556400174778581,2.5578882694244385,0.005618205964065398,2.961255495951927,0.0014880946458575295,0.05821055171796093,5.7545323215890676e-05,underdamped
1605,1.782892221527182,2.2533349990844727,1.448936064839081,1.8272123336791992,0.4704427775572906,26.386495598389047,0.3782762688401182,26.10717463797339,3.665885378723033e-05,overdamped
1606,0.4414380178493752,0.4412307143211365,1.1231763408772832,1.1205910444259644,0.00020730352823872256,0.04696095937741761,0.002585296451318886,0.23017725331532352,4.06882754759863e-05,underdamped
1607,1.0,3.3888676166534424,0.7904921988855567,2.370818853378296,2.3888676166534424,238.88676166534424,1.5803266544927392,199.91679319804783,0.0030157582368701696,critically_damped
1608,1.11038683625625,3.682291030883789,0.4837606811769165,1.3898910284042358,2.571904194627539,231.6223599424955,0.9061303472273193,187.30963108098024,0.0017286285292357206,overdamped
1609,1.8183053102499669,1.3222324848175049,3.0313776992873103,2.245509624481201,0.496072825432462,27.282152377604046,0.7858680748061091,25.924452600903873,0.00016237396630458534,overdamped
1610,0.5306958523811413,0.5468771457672119,1.6170197256872996,1.584803581237793,0.01618129338607066,3.049071009970772,0.0322161444495066,1.9923161070786208,1.3016569937462918e-05,underdamped
1611,0.6822218820895574,0.7667484283447266,3.7301164057089076,4.335652828216553,0.0845265462551692,12.389890807412293,0.6055364225076452,16.233713821393817,9.909136133501306e-05,underdamped
1612,0.7740163371222698,6.6110334396362305,0.40797016262579566,2.6172728538513184,5.83701710251396,754.1206590309861,2.2093026912255227,541.5353605778204,0.004553147125989199,underdamped
1613,1.2294803242271835,2.8828866481781006,0.9078088153861514,2.069530963897705,1.6534063239509171,134.48009629517264,1.1617221485115536,127.9699126976858,0.0010950311552733183,overdamped
1614,1.976883014792583,2.260225772857666,2.3364490783797054,2.703171491622925,0.2833427580650829,14.332803506575303,0.3667224132432194,15.69571606061007,1.0699054655560758e-06,overdamped
1615,0.3109240282364255,0.4008004665374756,3.7137765239736122,0.9025911688804626,0.08987643830105008,28.90623758184053,2.8111853550931496,75.6961367208299,0.0016603695694357157,underdamped
1616,1.800046648156433,2.114497423171997,1.9160693933084512,2.27254056930542,0.31445077501556407,17.469034779605153,0.35647117599696876,18.60429362537099,6.135124749562237e-06,overdamped
1617,1.0,3.4420502185821533,0.6398708287978745,1.9591456651687622,2.4420502185821533,244.20502185821533,1.3192748363708877,206.17830615116642,0.001513680792413652,critically_damped
1618,0.8019630508215233,0.8373883366584778,2.5652253482781164,2.811122417449951,0.03542528583695448,4.417321446501202,0.24589706917183474,9.585788216886709,2.791170118143782e-05,underdamped
1619,0.683661303501031,0.7198147177696228,1.176953514650577,1.2513915300369263,0.036153414268591755,5.288205443755562,0.07443801538634931,6.324635124476351,1.7073325579985976e-05,underdamped
1620,0.2772404014256611,0.6110970973968506,1.4715264261116916,1.0072191953659058,0.3338566959711895,120.42137230157972,0.46430723074578584,31.552761982851678,0.0381498858332634,underdamped
1621,1.7655237152052021,1.2918463945388794,3.547126797165653,2.5868823528289795,0.47367732066632273,26.829281112843535,0.9602444443366736,27.071049309654256,0.0002441999677103013,overdamped
1622,0.31040712624182565,0.3296526372432709,2.1203605628746285,2.1085095405578613,0.019245511001445226,6.200086716582604,0.011851022316767157,0.5589154280770255,3.1429954105988145e-05,underdamped
1623,0.5120278106047073,1.6138662099838257,1.0843813930971082,3.028561592102051,1.1018383993791185,215.1911237160814,1.9441801990049425,179.2893359643656,0.014168333262205124,underdamped
1624,1.6367050486939454,1.328384280204773,3.9313706789024714,3.1869704723358154,0.30832076848917245,18.837894386359082,0.744400206566656,18.934877104350576,0.00011227858340134844,overdamped
1625,1.2129484990535508,1.3188611268997192,3.1261053691373117,3.4367663860321045,0.1059126278461684,8.731832219489183,0.31066101689479275,9.93763741816942,6.578789907507598e-06,overdamped
1626,1.5367626588587293,1.2072287797927856,3.5574072052400063,2.8177802562713623,0.32953387906594367,21.44338145948124,0.739626948968644,20.791180382138567,0.00015953363617882133,overdamped
1627,1.0,1.3705171346664429,2.6451187642737013,3.739341974258423,0.37051713466644287,37.05171346664429,1.0942232099847216,41.36764007589558,0.00028882164042443037,critically_damped
1628,1.387817988769109,1.1677764654159546,3.175497715665183,2.712151527404785,0.2200415233531543,15.855214814466754,0.463346188260398,14.59129338921093,0.00011276124132564291,overdamped
1629,0.5694590719143829,-0.6176717281341553,3.9031704632651603,1.9848251342773438,1.1871308000485383,208.4663953210357,1.9183453289878165,49.14838711356314,5.154886093805544e-05,underdamped
1630,0.8540864887788647,0.9959333539009094,3.429565275484034,4.154521942138672,0.1418468651220447,16.608021199919822,0.7249566666546379,21.138442001291857,6.211538129718974e-05,underdamped
1631,1.3377118638194008,1.1745232343673706,3.0549057735036502,2.6859419345855713,0.16318862945203017,12.199086654288777,0.36896383891807893,12.077748587803965,7.262002327479422e-05,overdamped
1632,0.5258721061690468,0.5243040919303894,3.153761453814029,3.2864558696746826,0.001568014238657378,0.2981740655689626,0.13269441586065378,4.207496914523406,2.491650047886651e-05,underdamped
1633,1.9428303057849252,1.4164347648620605,3.3502828094755426,2.4675979614257812,0.5263955409228647,27.09426239417214,0.8826848480497613,26.34657723680163,0.00015582703053951263,overdamped
1634,1.4767476336707288,1.7611218690872192,1.9458674696548217,2.335343837738037,0.28437423541649043,19.25679303169938,0.3894763680832154,20.015564993863883,2.354586831643246e-05,overdamped
1635,1.09008234216216,1.226906657218933,2.172726197993316,2.4647367000579834,0.13682431505677317,12.551741255195864,0.2920105020646675,13.439820550530584,5.743028305005282e-05,overdamped
1636,0.33715585783651897,0.5298709273338318,3.4516533200551685,1.1756646633148193,0.19271506949731282,57.15904529553125,2.275988656740349,65.93908616245305,0.0002420424425508827,underdamped
1637,0.7970099386211061,0.7732973098754883,3.0186425350877073,2.9286623001098633,0.02371262874561786,2.9751986263361645,0.08998023497784402,2.9808178322521925,3.8203317672014236e-05,underdamped
1638,1.0,1.0831142663955688,3.6662717741803554,4.145798683166504,0.08311426639556885,8.311426639556885,0.47952690898614847,13.079415234931762,3.1287552701542154e-05,critically_damped
1639,1.0,0.890777051448822,3.654843996374717,3.319305896759033,0.10922294855117798,10.922294855117798,0.3355380996156838,9.180640813903631,0.00011332481517456472,critically_damped
1640,1.0,0.8312118053436279,3.858404386915998,3.216485023498535,0.16878819465637207,16.878819465637207,0.6419193634174629,16.636912543284392,0.00026180173153989017,critically_damped
1641,0.7075545751138035,0.8044870495796204,1.3199112471962278,0.24720491468906403,0.09693247446581688,13.699646341800022,1.0727063325071637,81.27109567297197,0.0025318958796560764,underdamped
1642,1.809455664714279,1.354319453239441,3.334063017670002,2.524629592895508,0.45513621147483807,25.15321156247871,0.8094334247744941,24.277688228585546,0.00014037419168744236,overdamped
1643,1.0,3.0600974559783936,1.2584441610882282,4.04379415512085,2.0600974559783936,206.00974559783936,2.7853499940326216,221.33282350994543,0.0014974774094298482,critically_damped
1644,0.4648200689738704,0.485476553440094,0.6303466964809998,0.6584227681159973,0.02065648446622359,4.443974312861432,0.02807607163499748,4.454068180532419,2.453043452987913e-05,underdamped
1645,0.8648465482697889,0.9103105068206787,2.8691833696071023,3.085117816925049,0.045463958550889805,5.256881540643823,0.21593444731794653,7.525989785292669,1.5019539205241017e-05,underdamped
1646,1.6505095093075255,3.148359537124634,1.0798490218338588,2.034907579421997,1.4978500278171083,90.75076631612588,0.9550585575881383,88.4437118779999,0.00023676178534515202,overdamped
1647,0.1491304163709104,0.16256800293922424,2.5617382426102235,2.544174909591675,0.013437586568313842,9.010627674298506,0.017563333018548732,0.6856021714635834,0.000547174597159028,underdamped
1648,1.5711185805313486,2.3782973289489746,1.6241345800937748,2.4759349822998047,0.807178748417626,51.376055150760166,0.8518004022060299,52.44641747341211,0.00015863838780205697,overdamped
1649,1.513497374640725,1.1816129684448242,3.791020529567148,3.0023984909057617,0.33188440619590076,21.92831066355062,0.7886220386613862,20.802367924697833,0.00017830861906986684,overdamped
1650,1.4833435415517335,4.773675918579102,0.43069824832566916,1.2148100137710571,3.290332377027368,221.81863370540137,0.784111765445388,182.05594485085714,0.0005928046884946525,overdamped
1651,0.35232958237245965,0.36171412467956543,1.9520758456141107,1.9463717937469482,0.009384542307105781,2.663569219454602,0.005704051867162496,0.29220441818273907,5.2184652304276824e-05,underdamped
1652,0.2638869875223038,0.28319448232650757,3.737477853344479,3.6900997161865234,0.019307494804203795,7.316577064100943,0.04737813715795536,1.2676499772583019,7.346628262894228e-05,underdamped
1653,1.8128791353042462,2.7409276962280273,1.4177028091999067,2.142082452774048,0.9280485609237812,51.1919709842119,0.7243796435741412,51.095309882538174,7.152908074203879e-05,overdamped
1654,1.33389463408713,2.4702444076538086,1.5540728145180083,2.881460666656494,1.1363497735666785,85.19036995334761,1.3273878521384859,85.41349155188534,0.00045994180254638195,overdamped
1655,1.0,2.3611338138580322,1.4407092828715393,3.4526538848876953,1.3611338138580322,136.11338138580322,2.0119446020161558,139.64958968030405,0.0017492404440417886,critically_damped
1656,1.0,2.378556489944458,0.32672552461373405,3.656170129776001,1.378556489944458,137.8556489944458,3.329444605162267,1019.034129365451,0.2796047329902649,critically_damped
1657,1.2299156704029803,1.3316643238067627,1.7455588947309932,1.9165139198303223,0.10174865340378236,8.272815433796737,0.17095502509932903,9.793712811143779,8.643918590678368e-06,overdamped
1658,1.2924256546047004,2.99145245552063,0.5536234417060408,1.1651499271392822,1.6990268009159295,131.46031223247357,0.6115264854332414,110.45892196124628,0.0008102038409560919,overdamped
1659,0.4336095883110219,0.5007582306861877,1.0824278421641835,0.9565885066986084,0.06714864237516582,15.485968065586473,0.12583933546557513,11.625655823299464,0.005763507913798094,underdamped
1660,1.7366962850829217,1.6931246519088745,3.2366632397599853,3.2180697917938232,0.04357163317404722,2.5088804270671203,0.018593447966162024,0.5744634702107848,1.0275723980157636e-05,overdamped
1661,1.2725570015561976,1.0799040794372559,3.8770026973476472,3.300426721572876,0.1926529221189417,15.139040678205246,0.5765759757747713,14.871693954951876,9.314173803431913e-05,overdamped
1662,1.0431321491669148,2.7856736183166504,0.8891624998839232,2.268676280975342,1.7425414691497356,167.04896599547774,1.3795137810914186,155.14754403964506,0.002241223817691207,overdamped
1663,1.9962487318165705,2.970341920852661,1.535248035922376,2.274653673171997,0.9740931890360907,48.796183236628714,0.7394056372496212,48.161966011269755,4.5492495701182634e-05,overdamped
1664,1.1353869962585061,1.1310033798217773,1.8733352383147301,1.897685170173645,0.004383616436728799,0.38609006895220177,0.024349931858914875,1.2998171048562723,4.268597422196763e-06,overdamped
1665,0.3277149674508228,0.32907864451408386,3.4063204269679264,3.3755414485931396,0.0013636770632610706,0.4161168084169684,0.030778978374786714,0.9035843525203545,1.757655081746634e-05,underdamped
1666,1.0,4.490512847900391,0.6107814269248951,2.518406391143799,3.4905128479003906,349.05128479003906,1.9076249642189036,312.32530658688074,0.0029440494254231453,critically_damped
1667,1.9020107342539356,2.0401816368103027,1.9509803084274953,2.0969607830047607,0.1381709025563671,7.264464919571796,0.14598047457726548,7.482416605984447,4.140185865253443e-06,overdamped
1668,0.8125887508141072,1.0501114130020142,2.5670947481913844,3.657716989517212,0.23752266218790696,29.230365538526154,1.0906222413258275,42.48468982666932,0.00023813395819161087,underdamped
1669,1.2084229431527045,5.009924411773682,0.5847523659740765,2.191324234008789,3.801501468620977,314.5836886134488,1.6065718680347125,274.74397052819035,0.0017362537328153849,overdamped
1670,0.13971051482842325,0.7528390288352966,3.6667411326123753,1.440675139427185,0.6131285140068734,438.85638440302716,2.2260659931851903,60.70965777721064,0.003520871512591839,underdamped
1671,1.0,1.2608327865600586,3.4558247311758015,4.613035678863525,0.2608327865600586,26.08327865600586,1.157210947687724,33.485811281117755,0.00014962581917643547,critically_damped
1672,1.3364992214119975,1.5294866561889648,2.0398796320892782,2.3647372722625732,0.19298743477696734,14.439771582738231,0.324857640173295,15.92533378259042,1.6150461306096986e-05,overdamped
1673,1.4154358976274504,2.601313829421997,0.9625616594181565,1.728834867477417,1.1858779317945467,83.78181829232338,0.7662732080592605,79.60770103002572,0.00048334847087971866,overdamped
1674,0.39401098257553246,0.3905619978904724,1.298687772741837,1.2882659435272217,0.0034489846850600525,0.8753524235581117,0.01042182921461543,0.8024892074414841,3.139208638458513e-05,underdamped
1675,1.4254563671892095,2.5098705291748047,1.9620799835387086,3.4910213947296143,1.0844141619855951,76.07487587458749,1.5289414111909057,77.92452010204926,0.00026171476929448545,overdamped
1676,1.598453034666694,1.3349494934082031,3.240721321079907,2.7371559143066406,0.26350354125849096,16.484909818663276,0.5035654067732662,15.538682807982482,8.90361043275334e-05,overdamped
1677,1.3749811967037464,0.9952365159988403,3.8724197456010248,2.7915902137756348,0.3797446807049061,27.61817264230748,1.08082953182539,27.910960144575913,0.0005113979568704963,overdamped
1678,0.4579532461906563,0.46232879161834717,3.3603964641240704,3.2931389808654785,0.004375545427690863,0.955456799157446,0.06725748325859193,2.0014746467162303,3.866975748678669e-05,underdamped
1679,0.6479930431174941,0.736547589302063,2.942029324461243,3.616168975830078,0.08855454618456893,13.665971745396071,0.6741396513688351,22.91410373662018,0.00022225860448088497,underdamped
1680,1.541529223192914,2.5762054920196533,1.4090383650622498,2.350428342819214,1.0346762688267392,67.12012028443102,0.9413899777569641,66.8108123312437,0.0002651949180290103,overdamped
1681,1.0,1.338706135749817,1.027003969814932,4.420264720916748,0.3387061357498169,33.87061357498169,3.393260751101816,330.40385926777753,0.07995918393135071,critically_damped
1682,1.2463863158898028,1.1241166591644287,2.355471001877361,2.1535301208496094,0.12226965672537404,9.809932535891571,0.20194088102775165,8.573269671619835,3.811367059824988e-05,overdamped
1683,1.1205826473554685,0.9724214673042297,3.8415241717892905,3.3465561866760254,0.1481611800512388,13.221798534975838,0.4949679851132651,12.884677096349515,0.00016891522682271898,overdamped
1684,1.9444518184616073,2.110405206680298,1.5806757587814608,1.7327789068222046,0.16595338821869055,8.534713313183968,0.15210314804074376,9.622665951301721,1.4943296946512419e-06,overdamped
1685,0.09162119614978628,0.11536769568920135,1.969655122786572,1.9620885848999023,0.023746499539415072,25.918128705276093,0.007566537886669611,0.38415546961159586,0.00023151456844061613,underdamped
1686,1.0,2.1544806957244873,1.768261506784638,3.929933547973633,1.1544806957244873,115.44806957244873,2.1616720411889947,122.24843626889354,0.00086041702888906,critically_damped
1687,0.21449448768206905,0.9099931120872498,3.983827323441514,1.7099288702011108,0.6954986244051807,324.25011566547676,2.273898453240403,57.07823830265936,0.0009485072223469615,underdamped
1688,1.0,1.0309518575668335,3.4660205542908975,3.624431848526001,0.030951857566833496,3.0951857566833496,0.15841129423510347,4.570408390654,6.824895081081195e-06,critically_damped
1689,0.6381450787637976,0.6342355608940125,3.475808039542959,3.4729461669921875,0.003909517869785106,0.6126377840848588,0.002861872550771416,0.08233689887971286,2.723593388509471e-05,underdamped
1690,0.1825926972017669,0.1888716220855713,1.4683221026880413,1.4619128704071045,0.006278924883804382,3.438760136647799,0.006409232280936816,0.4365004292452933,0.00011749428085749969,underdamped
1691,0.44146691912099967,0.44269096851348877,2.371418305792822,2.3765182495117188,0.0012240493924891016,0.277268655809204,0.005099943718896771,0.2150587986286012,2.377766759309452e-05,underdamped
1692,0.7043465969693383,0.7260425090789795,0.520194710348842,0.5358359217643738,0.02169591210964117,3.0802891932742082,0.015641211415531764,3.0067993972954445,3.907027712557465e-05,underdamped
1693,1.7973131284603037,1.361938714981079,3.9532210327194033,3.054523229598999,0.43537441347922456,24.223626177604057,0.8986978031204043,22.7333052131971,0.00016330010839737952,overdamped
1694,0.888463731533775,0.8769270777702332,1.3225901524820551,1.29938542842865,0.011536653763541849,1.298494621004491,0.023204724053405235,1.7544909138978393,2.356355071242433e-05,underdamped
1695,1.3734933526376762,1.1463181972503662,3.03119398875224,2.56308913230896,0.22717515538731003,16.53995302933499,0.46810485644328015,15.442919792671228,0.00010379410377936438,overdamped
1696,1.1066006244082527,1.1196223497390747,1.1342338081927668,1.147692084312439,0.01302172533082202,1.1767321510219915,0.013458276119672208,1.1865521925427327,4.096543761988869e-06,overdamped
1697,0.8963147509500136,0.8118373155593872,3.6254396271251,3.054985523223877,0.08447743539062635,9.424974352044057,0.570454103901223,15.734756679801107,2.792255145322997e-05,underdamped
1698,1.9765185464407207,1.6802064180374146,2.684591371538658,2.287951707839966,0.2963121284033061,14.99161892191195,0.39663966369869197,14.774675501968861,3.4050015528919175e-05,overdamped
1699,0.8369421948675525,0.9677159786224365,2.8464649236604065,3.4467709064483643,0.13077378375488402,15.625187086615844,0.6003059827879578,21.089526795081508,5.990247882436961e-05,underdamped
1700,1.4171771532610458,1.5705839395523071,1.374822781519993,1.527279257774353,0.15340678629126137,10.824813675429303,0.1524564762543601,11.08917296859203,7.697216460655909e-06,overdamped
1701,1.4677551079498514,1.3195204734802246,3.375502304817421,3.074596405029297,0.1482346344696268,10.099411929601782,0.3009058997881242,8.914403623978567,4.159070158493705e-05,overdamped
1702,0.5908506257690161,5.782492160797119,0.3057409749116896,9.959961607819423e-05,5.191641535028103,878.6724272773631,0.3056413752956114,99.96742353029163,3.0461444566753926e-06,underdamped
1703,0.22997572387754073,0.24239282310009003,1.1574819041321205,1.1507917642593384,0.0124170992225493,5.399308680581109,0.006690139872782108,0.5779908825268739,5.691126352758147e-05,underdamped
1704,1.1907283660895862,2.0710651874542236,1.612867859001455,2.7892954349517822,0.8803368213646374,73.9326320288908,1.1764275759503273,72.94010909726151,0.0006221308140084147,overdamped
1705,0.8575959629975977,0.8523575067520142,3.5687234388433087,3.603864908218384,0.0052384562455835,0.610830329386494,0.03514146937507512,0.9847069961371157,1.1670066669466905e-05,underdamped
1706,1.5313886672240773,2.698185443878174,0.7234157448693344,1.2251064777374268,1.1667967766540965,76.19207335320887,0.5016907328680924,69.35026455067126,0.0003486541681922972,overdamped
1707,1.0,0.7589130997657776,3.9761958871969867,2.7199289798736572,0.2410869002342224,24.10869002342224,1.2562669073233295,31.594693595665202,0.0014934322098270059,critically_damped
1708,1.8420575173759455,4.123948574066162,1.3251568734752446,2.9610183238983154,2.281891056690217,123.8772967274564,1.6358614504230709,123.44662606873091,0.00021635278244502842,overdamped
1709,1.062374878681026,0.9349719285964966,3.7840433236300064,3.359212636947632,0.1274029500845295,11.992278115866645,0.42483068668237456,11.226898065079165,9.632101864553988e-05,overdamped
1710,0.16116750927754436,0.1709013432264328,2.116881107552369,2.109480142593384,0.009733833948888437,6.039575837910316,0.007400964958985234,0.34961646795282497,0.0002384670515311882,underdamped
1711,0.8552188972099847,2.415489912033081,0.7861497784244429,2.4021832942962646,1.5602710148230963,182.4411293895904,1.6160335158718218,205.5630568402099,0.0020128183532506227,underdamped
1712,1.372141805582566,3.4098644256591797,0.6965622317938271,1.6404486894607544,2.0377226200766136,148.50670767307932,0.9438864576669272,135.5064076954297,0.0007859161123633385,overdamped
1713,1.9458390366426537,3.546430826187134,1.349721498615178,2.4531452655792236,1.6005917895444801,82.25715279646859,1.1034237669640456,81.75195905941817,0.00011585182073758915,overdamped
1714,1.2879816166541582,1.0690875053405762,3.876770061087926,3.2290542125701904,0.21889411131358205,16.99512698653356,0.6477158485177354,16.707615832546153,0.00015245309623423964,overdamped
1715,0.07024575885860472,0.08692442625761032,0.8568492955101916,0.8682774305343628,0.0166786673990056,23.743308734947995,0.011428135024171171,1.333739209923321,0.00016301228606607765,underdamped
1716,1.609857535159254,1.3374065160751343,2.6624118956825273,2.2308247089385986,0.2724510190841196,16.923921100705822,0.4315871867439287,16.210383804392084,7.829962123651057e-05,overdamped
1717,1.1579093493547754,2.09140682220459,1.5696832760865995,2.8226189613342285,0.9334974728498144,80.61921888531167,1.252935685247629,79.82092338852851,0.0006898528663441539,overdamped
1718,1.9878435916858592,2.47049617767334,2.543626668128886,3.1883468627929688,0.4826525859874806,24.280209368894585,0.6447201946640826,25.34649454427777,5.499918188434094e-06,overdamped
1719,0.2863075619981923,0.27564823627471924,1.4427984861480958,1.4432367086410522,0.010659325723473057,3.7230332475606627,0.00043822249295644156,0.030373090709734797,4.962675302522257e-05,underdamped
1720,0.5136961332970403,0.4999993145465851,2.0449434020495296,2.0782649517059326,0.013696818750455253,2.6663270098113014,0.03332154965640299,1.6294607284977527,3.025955993507523e-05,underdamped
1721,1.0,3.3412883281707764,1.097478253535177,3.666468620300293,2.3412883281707764,234.12883281707764,2.568990366765116,234.08120921666838,0.002635895274579525,critically_damped
1722,1.6721527176608335,1.8269610404968262,2.440598904318667,2.714576482772827,0.15480832283599266,9.258025370586562,0.27397757845416004,11.225833870913965,2.877386805266724e-06,overdamped
1723,1.0,2.2244462966918945,1.407031630709777,3.37300181388855,1.2244462966918945,122.44462966918945,1.9659701831787728,139.72466149798205,0.0014998875558376312,critically_damped
1724,1.5883704598677701,2.996448278427124,1.2530164344167587,2.355991840362549,1.4080778185593539,88.64920710478175,1.1029754059457901,88.02561368312713,0.00030394355417229235,overdamped
1725,0.7959419042517031,0.9587692618370056,2.6733183760438592,3.455143690109253,0.16282735758530253,20.457191249200914,0.7818253140653937,29.245499566063167,0.00014793632726650685,underdamped
1726,1.0,2.468515634536743,1.3235359758436234,3.319772958755493,1.4685156345367432,146.85156345367432,1.9962369829118698,150.82604623871038,0.001646075863391161,critically_damped
1727,1.0,3.5698440074920654,1.0208975381319847,3.6626954078674316,2.5698440074920654,256.98440074920654,2.6417978697354467,258.7720874094132,0.002707879990339279,critically_damped
1728,1.5340739769628473,2.796020746231079,1.6415659291852336,2.994594097137451,1.2619467692682318,82.26114178448084,1.3530281679522176,82.4230171872398,0.00025169551372528076,overdamped
1729,0.7479466025142353,0.8239197731018066,3.183729762964465,3.594774007797241,0.07597317058757136,10.157566105947437,0.41104424483277624,12.910776838359572,6.675892655039206e-05,underdamped
1730,0.07000433900157738,0.07897111028432846,1.450817025114592,1.452233076095581,0.008966771282751085,12.80887929325215,0.0014160509809890698,0.09760369202155067,0.00011687425285344943,underdamped
1731,1.0,1.1535285711288452,2.447989172556532,2.8463401794433594,0.15352857112884521,15.352857112884521,0.39835100688682745,16.272580424480136,8.056681690504774e-05,critically_damped
1732,0.485665102066186,0.48970505595207214,2.9755958809584,3.019925594329834,0.004039953885886127,0.8318394442381751,0.044329713371433765,1.4897760026860822,1.3026790838921443e-05,underdamped
1733,1.0,1.3848406076431274,3.1129511886426453,4.530652046203613,0.38484060764312744,38.484060764312744,1.417700857560968,45.54202014902568,0.00023197608243208379,critically_damped
1734,0.410973750792554,0.4434288740158081,3.7976947888113433,3.855740547180176,0.03245512322325411,7.897128018678836,0.05804575836883252,1.5284471658924574,6.390351336449385e-05,underdamped
1735,0.5054615259196096,0.5019053220748901,0.9258172408574523,0.9229910373687744,0.003556203844719441,0.7035557925500807,0.002826203488677903,0.30526580883937676,9.636604954721406e-05,underdamped
1736,1.8138991145379015,2.309373140335083,2.6349656573931277,3.405988931655884,0.49547402579718147,27.315412518044347,0.7710232742627561,29.26122669187115,7.767435818095692e-06,overdamped
1737,1.0617950730857866,1.1118055582046509,2.154196126482175,2.2704405784606934,0.0500104851188643,4.709994083276722,0.11624445197851818,5.396187030024355,1.1998282388958614e-05,overdamped
1738,0.5711445211976786,0.5802488327026367,1.1028844192394467,1.0957990884780884,0.009104311504958162,1.594046894797591,0.0070853307613583105,0.6424363820684293,1.473192787670996e-05,underdamped
1739,1.7188499511730582,1.3508049249649048,3.5679324550001272,2.8374810218811035,0.3680450262081534,21.41228360026277,0.7304514331190237,20.472681092809466,0.00011104845179943368,overdamped
1740,1.1555868692173707,1.009795069694519,3.557053556228599,3.1055917739868164,0.1457917995228517,12.61625615576527,0.45146178224178257,12.692015318443767,9.012337250169367e-05,overdamped
1741,1.816384001843672,2.3653910160064697,1.699506711021715,2.21813702583313,0.5490070141627976,30.225272497750627,0.5186303148114149,30.516520555521844,2.5970282877096906e-05,overdamped
1742,1.0,0.9745065569877625,2.928578699159315,2.8664636611938477,0.02549344301223755,2.549344301223755,0.062115037965467135,2.120996030712715,6.699158348055789e-06,critically_damped
1743,0.938205635198993,0.9010010957717896,1.348071564975559,1.3213478326797485,0.037204539427203476,3.965499463165387,0.026723732295810487,1.9823674788582162,7.094844477251172e-06,underdamped
1744,1.0,1.0086084604263306,3.47380081263269,3.700255870819092,0.008608460426330566,0.8608460426330566,0.226455058186402,6.518941942868005,3.5605262382887304e-05,critically_damped
1745,0.08294771315956798,1.0944992303848267,3.7971150948411476,1.5801259279251099,1.0115515172252587,1219.5050094742446,2.2169891669160378,58.386146101499335,0.00955981109291315,underdamped
1746,1.9041216163611463,2.1040430068969727,2.317695502572779,2.6014797687530518,0.19992139053582636,10.49940239205331,0.28378426618027275,12.24424286388162,4.086641183675965e-06,overdamped
1747,1.2106386149759656,1.015282392501831,2.6931254405787186,2.302935838699341,0.19535622247413453,16.1366257492136,0.3901896018793778,14.488356019373944,0.00018418974650558084,overdamped
1748,0.6934806889322921,0.6835782527923584,0.5237262779306248,0.5195924639701843,0.00990243613993369,1.427932500208454,0.004133813960440436,0.7893081051373214,2.4812761694192886e-05,underdamped
1749,1.19289528173202,1.0652778148651123,3.427681914602754,3.0853865146636963,0.12761746686690767,10.698128228121915,0.3422953999390579,9.986206668734244,8.66348491399549e-05,overdamped
1750,0.5875739391063705,0.6402150392532349,3.2586006605735816,3.54398250579834,0.052641100146864406,8.959059727346862,0.2853818452247583,8.757803577395862,8.867832366377115e-05,underdamped
1751,1.692362156092698,1.3412196636199951,3.5296767183018014,2.8364675045013428,0.3511424924727029,20.748661343468928,0.6932092138004586,19.639453386937248,0.0001258648990187794,overdamped
1752,0.10956638924556356,0.13154304027557373,0.6492116688193909,0.6295027732849121,0.021976651030010175,20.057839982985502,0.019708895534478743,3.035819668848514,4.878238178207539e-05,underdamped
1753,1.1127323324934315,1.0869492292404175,3.3926675875842287,3.301265239715576,0.025783103253014028,2.317098416223672,0.09140234786865253,2.694114454453116,2.4297540221596137e-05,overdamped
1754,0.09373703636266217,0.11693695932626724,0.44500755507502054,0.4444121718406677,0.02319992296360507,24.75000689572279,0.0005953832343528198,0.13379171377269058,2.0983488866477273e-05,underdamped
1755,0.5752136209503893,0.6627185344696045,3.8450344077302097,2.3507492542266846,0.08750491351921519,15.212594127141205,1.494285153503525,38.86272514231225,6.194366869749501e-05,underdamped
1756,0.0910855740893923,0.10028976947069168,1.1949202882974157,1.1879069805145264,0.00920419538129938,10.104997935530701,0.007013307782889333,0.5869268311514115,5.173793761059642e-05,underdamped
1757,1.4842495872930446,1.169053316116333,3.5292279037970693,2.7979423999786377,0.31519627117671156,21.236069315778792,0.7312855038184316,20.720835371148663,0.00015953191905282438,overdamped
1758,1.8897342438558375,1.3051602840423584,3.693867590681151,2.541027545928955,0.5845739598134791,30.934188852963107,1.152840044752196,31.20956602939879,0.00022872898261994123,overdamped
1759,1.0733748474265397,1.1025573015213013,2.9876084999673256,3.1158666610717773,0.029182454094761612,2.7187570274007955,0.12825816110445176,4.293004291086147,1.8861504713640898e-06,overdamped
1760,1.551693295224986,1.5956816673278809,2.2876660992701225,2.3865914344787598,0.04398837210289486,2.834862549078477,0.09892533520863722,4.324290823743869,2.18109812522016e-06,overdamped
